IMG_20241017_104444.jpg,br_down,300.53354,155.35626,-461.64014,305.51175,144.52519,-457.2301,308.70087,143.45609,-457.18246,311.4841,142.3405,-457.17645,295.30524,144.6244,-460.2606,291.19083,143.46005,-460.3631,287.27383,142.09703,-460.38547,314.69775,138.1129,-338.0562,279.4091,136.88818,-352.49774,304.72995,162.57692,-408.32034,293.2685,161.57147,-412.75452,344.21796,182.26993,-190.85834,240.44977,177.61055,-218.28287,363.05646,238.084,-73.1565,202.56642,231.20973,-140.03809,349.37415,284.66104,-142.55997,227.20395,278.07797,-210.44159,347.45642,297.88394,-162.2458,231.40268,292.93967,-234.52959,341.6047,292.72052,-199.4992,237.7511,288.06512,-262.4659,340.06528,287.67554,-156.71272,237.93823,283.12057,-220.01471,313.60938,320.1311,2.947238,253.76512,319.04868,-2.9602935,316.56332,417.47342,8.798178,241.02809,413.40576,-21.300255,313.38632,515.97864,133.98625,240.63852,512.1543,119.33753,305.2813,529.6401,137.81743,246.86617,527.8115,125.41326,332.01266,542.9115,12.222766,227.76085,538.70593,2.6377547
br_down
IMG_20241017_104445.jpg,br_down,301.26114,154.12163,-459.53058,306.3659,143.40613,-455.11176,309.48273,142.2964,-455.06586,312.22516,141.14124,-455.0622,295.9138,143.70071,-458.39948,291.68616,142.59734,-458.49802,287.77005,141.27837,-458.52344,315.07043,136.97653,-337.2733,280.3488,136.13152,-352.69186,305.6013,161.01663,-406.68558,294.09756,160.1318,-411.39444,344.72668,181.31519,-192.37553,241.57195,176.91322,-223.32814,363.3769,235.82506,-80.23618,202.38225,230.69781,-154.72159,349.8839,283.13312,-153.20332,227.10062,278.6005,-227.6534,348.41113,296.8811,-174.15657,231.9967,293.12772,-252.82217,342.44876,292.26556,-210.84273,238.83414,288.27112,-281.05228,340.75235,287.16837,-167.39096,238.64798,283.42407,-237.45134,313.58704,318.99506,3.0292294,254.0265,317.7896,-3.0261767,315.96365,414.26212,10.728971,241.1002,411.0667,-6.5381713,313.30432,513.5608,133.37144,238.55771,510.71176,130.66519,304.6119,528.3742,137.03345,245.14705,525.61743,136.54227,332.0216,539.24725,12.502048,226.24274,538.11523,13.995005
br_down
IMG_20241017_105314.jpg,br_down,287.0064,155.65343,-148.69691,289.30908,149.63293,-128.04608,291.7862,150.04654,-128.05849,294.45062,150.52405,-128.04303,281.25565,148.82108,-130.06677,277.1999,148.88101,-130.0798,272.98303,148.97595,-130.05106,295.48624,156.15276,-23.153372,265.16132,155.05052,-33.186745,290.44278,167.58766,-111.01379,279.7658,166.78065,-113.92198,320.01642,219.60725,-0.4556757,229.46776,213.90698,-1.6409574,317.34637,282.00485,-71.237946,224.27444,282.10464,-50.61164,291.0437,325.8882,-229.89555,244.38258,330.12808,-176.44087,283.37888,347.36115,-277.10657,248.05353,349.14413,-218.33022,275.72464,339.99667,-298.415,256.00317,345.3748,-233.0137,276.59085,333.25702,-241.97034,256.04016,338.33603,-185.19766,296.5104,348.85883,1.1284413,243.94545,343.84445,-1.0581642,297.04666,449.1726,-29.789093,220.1906,442.43335,-32.482395,295.46902,553.3389,58.58546,200.99217,547.4652,58.57365,288.9106,569.98694,59.648712,208.24005,565.9421,58.54321,318.67,580.26904,-60.3743,178.3089,574.00616,-63.127697
br_down
IMG_20241017_105315.jpg,br_down,1616.9775,923.1379,-971.6422,1602.3794,885.8076,-901.6963,1602.521,884.3425,-901.7265,1602.2913,882.81323,-901.7056,1584.2983,889.4154,-1007.014,1572.0325,891.1041,-1007.4038,1559.0271,893.2783,-1007.7189,1560.4468,895.8375,-521.0593,1510.4211,912.4554,-989.49115,1608.2794,959.40875,-817.9649,1586.5146,965.20416,-954.13025,1545.3073,1083.5157,30.376053,1475.439,1131.2689,-1190.8044,1563.795,1313.4557,256.12473,1552.2667,1416.4773,-1283.8071,1601.0403,1515.5487,25.03743,1651.4382,1604.7921,-1062.8411,1607.4902,1561.9473,3.6561508,1653.6335,1659.4452,-1162.2255,1614.0564,1568.67,-79.95342,1663.4264,1661.8324,-1154.6724,1606.8467,1556.3022,-24.960669,1660.4841,1640.2383,-1052.1472,1518.8193,1590.4126,386.81165,1453.8982,1608.4846,-387.3886,1525.5856,1902.9706,1015.43494,1492.1519,1983.4089,-144.9702,1502.3594,2170.4595,1713.9722,1487.4702,2331.7527,135.2235,1469.9028,2221.7998,1773.0509,1449.4529,2385.1116,142.4565,1642.0796,2225.9915,1645.1907,1641.2662,2397.8757,-190.41574
br_down
IMG_20241017_105316.jpg,br_down,272.3554,165.72241,-179.04091,277.11276,157.12924,-160.71367,279.19513,157.4135,-160.72342,281.6163,157.7613,-160.70596,266.86215,156.26755,-160.51369,262.89673,156.15643,-160.53114,259.42007,156.29308,-160.49066,286.12427,162.80428,-54.93093,252.76645,161.51776,-54.489697,277.66025,175.82945,-140.02971,265.22684,175.53825,-139.99388,312.58936,219.18063,-26.181602,223.38564,216.31618,1.5344477,309.72952,280.4021,-97.844986,216.5165,279.3034,-37.93613,287.2618,321.7338,-279.79803,237.74814,327.2858,-189.87917,281.90222,342.4632,-330.1621,241.07605,345.83844,-233.56697,274.11444,336.44778,-353.09094,248.11905,342.4159,-251.28949,273.9182,330.34174,-292.737,247.96503,335.0478,-200.39331,292.5457,346.4701,-6.9359813,238.58017,343.8914,6.97863,293.98984,450.7424,-31.13077,220.12732,444.34018,-22.768637,295.3225,550.8621,57.000256,200.56429,545.4146,70.99587,289.43512,566.4822,57.73058,206.73918,561.54596,71.362976,307.8628,577.63556,-73.36788,180.15805,570.1387,-54.108788
br_down
IMG_20241017_105317.jpg,br_down,275.25937,159.44391,-105.0811,277.89603,153.04329,-84.11611,280.13095,153.40356,-84.13911,282.6646,153.83229,-84.12618,268.3618,152.91716,-85.28038,264.51578,153.25919,-85.2873,261.23682,153.76527,-85.245094,285.48373,159.37077,16.292896,254.80779,160.32445,10.581101,279.36862,170.03244,-69.7502,268.3067,169.82498,-71.40353,312.35733,221.90585,25.175184,224.88568,220.68236,32.75858,309.59314,283.08798,-69.130295,219.29639,282.48984,-41.05799,286.97366,321.45422,-241.72052,237.28076,326.36453,-188.40828,280.0479,341.96307,-289.73788,241.23376,344.73807,-230.96535,272.4002,335.98688,-306.68338,248.57542,341.31586,-243.38666,272.81824,330.01163,-252.77608,248.13008,334.1699,-197.03894,292.84882,346.28717,-0.76523817,240.19868,342.92184,0.8126944,293.07928,450.8005,-37.622993,221.54129,442.27115,-35.10464,295.1127,551.953,41.527,200.9895,545.559,50.28274,290.36136,568.9431,41.805782,207.32286,562.4514,50.003506,315.3663,576.9328,-79.76381,181.54327,568.71387,-69.64165
br_down
IMG_20241017_105811.jpg,br_down,1485.6943,1136.4576,-2303.3008,1509.9181,1100.4626,-2312.6196,1525.078,1096.5786,-2312.3079,1540.1283,1090.9629,-2312.575,1467.2634,1096.2168,-2308.4177,1450.5773,1090.0886,-2308.9407,1434.5702,1083.3235,-2309.0342,1570.5542,1046.1864,-1975.5084,1395.1447,1043.9235,-1964.5212,1506.9581,1154.6383,-2142.6326,1454.0325,1146.7704,-2140.3052,1697.2451,1128.6716,-1427.9873,1264.2595,1116.984,-1471.8652,1696.0996,1458.9512,-1262.1296,1265.5769,1444.9615,-1337.9508,1680.6465,1767.3474,-1404.9169,1299.3906,1749.6876,-1482.1593,1688.9995,1846.2542,-1499.1477,1278.0073,1832.2549,-1580.0186,1657.1404,1839.4862,-1585.9612,1315.0315,1837.4235,-1666.1172,1644.6558,1815.9458,-1439.6023,1335.8405,1812.5931,-1514.8469,1574.5763,1411.4011,28.46188,1354.0929,1400.9169,-29.085907,1587.3125,1752.9475,-285.06393,1327.0122,1756.56,-300.60947,1582.478,2101.984,312.71396,1303.8405,2111.7969,297.1089,1552.9976,2145.8362,348.22446,1319.7179,2154.3457,334.4818,1612.3704,2257.9023,-88.137405,1287.8667,2260.8735,-107.71936
br_down
IMG_20241017_105812.jpg,br_down,194.13643,272.66565,94.495445,186.91774,263.92807,70.789696,187.0001,262.92938,70.75676,187.05167,261.89255,70.71354,187.63522,263.22498,99.33727,188.2593,261.88452,99.295876,188.86212,260.65088,99.26048,193.43149,251.35286,0.033450186,195.41736,252.39398,130.05798,201.64136,272.2903,73.30756,202.49118,271.59296,111.006096,222.71677,256.39297,-101.8421,250.11327,260.91547,222.80644,216.26949,337.44843,-118.65636,241.12726,331.18393,256.20068,197.6877,413.49393,-16.015575,206.2731,408.5457,224.74542,196.87149,429.7308,-31.702219,205.59395,422.40344,245.88518,195.74478,431.04385,-3.6661403,204.36856,424.6851,214.75278,197.11499,424.94785,-1.7160219,205.80296,420.6692,211.16493,353.13806,303.8119,-100.5236,365.13055,306.3242,100.568275,322.04248,414.7259,-46.379,330.4577,408.59424,148.20071,307.78906,515.0935,45.072052,326.24927,514.1439,228.10341,324.49557,535.62726,54.13437,335.99103,532.0135,237.05392,256.91443,544.9832,22.233095,286.0916,537.92126,209.15189
br_down
IMG_20241017_105813.jpg,br_down,195.94762,272.5849,118.240524,188.55692,263.47375,93.41805,188.6047,262.5979,93.38204,188.58739,261.76355,93.34586,189.16367,262.71942,121.48935,189.70993,261.4137,121.44718,190.19217,260.27292,121.40232,194.31253,253.18027,18.012573,196.31902,252.80852,146.29044,203.30806,272.19296,95.73398,204.16875,271.53452,132.77652,224.11945,259.73553,-90.48298,251.8442,259.05048,234.60954,217.29158,338.56238,-108.44628,251.59665,332.3872,269.66385,199.66049,416.57916,0.6255878,208.84238,402.15775,238.85657,200.4415,436.3407,-13.162412,222.95265,402.75974,260.35214,198.9435,437.1192,15.194205,218.1866,405.8639,228.24489,199.8651,429.50058,15.59389,208.42126,416.34485,225.12079,354.39697,306.63358,-102.26721,366.60123,304.81482,102.28478,320.0109,416.83554,-44.14057,333.1752,409.69232,147.72691,302.85617,516.71606,36.698456,332.24442,518.0254,218.47653,309.9431,536.9314,44.92909,342.17004,536.4424,226.80328,254.36824,546.96924,13.232518,290.129,540.4043,199.40033
br_down
IMG_20241017_105813~2.jpg,br_down,194.319,270.60654,108.03244,187.43262,261.68622,83.730316,187.5438,260.7338,83.69995,187.6437,259.83826,83.65491,188.03339,261.10538,112.49518,188.5758,259.914,112.45375,189.09787,258.8658,112.41395,193.56316,250.88945,10.871608,195.19513,251.39291,141.92052,201.46219,270.56006,86.00916,202.30847,270.092,123.98082,222.78471,257.2444,-96.5915,248.07068,260.66214,232.01062,215.27942,336.93527,-112.030106,247.68427,336.36838,266.64127,196.88834,414.3847,-2.5489817,204.46414,406.7512,238.29688,200.0598,430.83496,-15.902226,205.55302,420.85944,259.28375,198.51537,431.45093,10.901998,204.97359,425.67953,229.05524,198.43068,425.50665,11.653115,205.1807,419.6836,225.008,354.20026,305.28506,-102.53121,363.68152,306.91458,102.55061,317.24826,417.40094,-51.081154,327.69135,412.61386,141.22481,303.06268,517.63293,28.772102,310.83398,516.69293,211.20403,312.70108,535.32574,37.271633,319.51358,534.25934,219.10371,255.25578,545.07245,6.43107,274.6743,541.2939,189.87962
br_down
IMG_20241017_110313.jpg,br_down,1547.0122,867.573,-1317.3013,1564.4103,828.2526,-1283.6399,1574.293,826.5463,-1283.5624,1585.4894,825.00146,-1283.4489,1530.4088,826.1782,-1290.5356,1516.1782,823.53217,-1290.6608,1503.6863,821.2735,-1290.6798,1601.8967,823.531,-892.9901,1479.0005,817.7549,-929.8903,1560.8123,900.3163,-1153.0555,1519.4998,898.1889,-1163.9423,1699.2095,988.4481,-529.57654,1380.9973,978.5426,-598.5457,1715.1162,1230.14,-349.75244,1365.6584,1229.3926,-461.0998,1667.0469,1440.5797,-733.63275,1420.331,1435.9698,-755.7327,1658.5293,1517.8969,-860.60645,1425.5968,1517.9381,-873.2606,1630.918,1503.048,-975.3975,1458.234,1514.9534,-973.48145,1625.3867,1477.282,-784.04895,1461.6694,1486.7793,-796.4879,1623.6683,1472.492,11.818338,1433.1704,1461.3156,-11.932704,1640.1628,1810.3823,192.64273,1366.314,1784.371,195.04276,1691.5325,2078.6106,655.14844,1321.7506,2069.56,792.5415,1662.8115,2124.038,676.9676,1338.9165,2105.447,827.65814,1755.7312,2187.1816,275.00195,1254.4749,2188.4736,422.47717
br_down
IMG_20241017_110315.jpg,br_down,355.3877,147.40565,59.873558,357.19342,135.35988,40.345886,359.56415,133.8268,40.27689,362.29562,132.209,40.27949,354.188,136.49867,71.6147,354.3489,136.05777,71.66988,354.7569,135.59071,71.629654,377.43237,127.054344,-8.842014,368.5713,131.14264,132.88693,366.61823,152.09372,46.164417,362.82114,152.9963,87.05646,407.0669,157.1904,-107.58372,405.29108,173.98695,220.3855,372.72504,230.21889,-155.20729,385.4789,244.21477,265.7286,339.64032,305.738,-122.66053,364.60294,308.48193,229.43945,331.54572,324.98163,-140.89233,351.00964,327.49515,234.90796,325.50598,326.49454,-134.79626,347.34836,327.36978,206.7786,330.14127,320.87076,-116.697586,352.95258,318.5676,215.5264,398.00513,310.85095,-97.26292,392.82697,319.8651,97.223366,385.92288,418.84528,-195.15921,370.63394,426.83173,18.871199,428.56805,536.4051,-229.85153,380.82977,551.9395,-38.02388,447.16714,552.6723,-233.89322,391.88565,571.45026,-47.550842,393.3601,577.11285,-300.62534,329.39194,576.5457,-112.33452
br_down
IMG_20241017_110316.jpg,br_down,349.0516,146.52728,58.022804,351.53192,133.93939,39.401817,354.54736,131.85818,39.305202,357.93234,129.68207,39.26684,347.34836,136.255,70.34302,347.1461,136.14194,70.41092,347.16132,135.9331,70.381744,372.57632,125.41767,-3.606632,360.92023,131.09563,135.90828,361.974,151.00868,46.753235,357.26492,152.42857,87.08792,405.92926,156.37085,-105.35887,395.2657,175.14728,233.68698,369.61438,227.327,-148.10112,377.07562,251.03534,277.484,333.38007,305.74435,-119.36577,344.08115,314.89133,246.90297,325.1254,324.74225,-140.05922,337.0038,330.4857,253.93694,317.70276,326.65833,-133.74564,331.57635,331.0282,225.41145,322.26523,321.47046,-113.50755,338.73285,325.0504,232.64287,395.20966,313.93524,-98.92877,385.15903,320.67816,98.907715,385.00812,425.46082,-155.22388,368.1827,429.81168,56.27952,415.31964,556.9256,-185.04056,380.1645,552.44037,26.2539,433.08868,577.6199,-189.81187,391.1445,570.2227,20.178951,370.62875,589.82495,-261.22827,326.10327,578.8028,-37.875935
br_down
IMG_20241017_110318.jpg,br_down,1493.4957,942.16534,-970.7484,1512.9786,904.3717,-933.66064,1525.6062,902.796,-933.68567,1536.9258,901.0791,-933.7707,1477.5134,901.89264,-936.57654,1465.112,899.0913,-936.72034,1453.023,896.5612,-936.6842,1553.2046,902.67035,-547.83124,1437.2239,892.3029,-565.8199,1507.7179,966.22626,-810.9835,1475.9761,964.8863,-817.4263,1634.161,1018.9224,-253.78098,1341.5001,1023.3345,-266.1344,1825.9749,1158.855,-382.1115,1186.7408,1116.2133,-332.55194,1669.2837,1274.203,-825.78723,1374.601,1238.3481,-651.732,1622.26,1316.1437,-943.80743,1418.8765,1282.4893,-735.02075,1602.7354,1289.1664,-958.3949,1446.2168,1271.6012,-760.91016,1614.2267,1268.0519,-834.74805,1434.3043,1256.3987,-661.0999,1577.3838,1501.2598,-13.835545,1379.0732,1495.6698,14.09761,1605.0525,1856.9587,33.54745,1332.7195,1844.7611,34.28472,1663.9868,2155.079,368.09012,1285.5786,2142.9387,415.16516,1643.229,2200.017,376.86862,1308.4705,2187.6008,430.58344,1726.8914,2236.5786,-26.88107,1244.3912,2242.5833,40.231617
br_down
IMG_20241017_110637.jpg,br_down,1696.0769,1292.4169,-1205.0854,1694.8601,1257.6194,-1141.3782,1699.5428,1257.8383,-1141.3228,1704.1577,1258.1127,-1141.2773,1673.1387,1255.6869,-1192.9182,1660.8593,1254.6573,-1193.0612,1646.8093,1253.8683,-1193.0911,1683.3625,1270.9673,-721.69165,1599.5977,1266.5016,-967.5204,1698.758,1328.2567,-1042.1378,1667.7836,1324.6803,-1112.9236,1782.0099,1452.7078,-388.68817,1455.3337,1466.1754,-738.33167,1819.1306,1705.6038,-185.24098,1450.9437,1726.5085,-666.41144,1767.3157,1944.3121,-604.9226,1551.962,1940.5366,-908.1619,1773.6025,2005.9825,-738.6017,1561.5872,2009.5365,-1050.2643,1740.1562,1991.9749,-863.5526,1592.935,1997.0802,-1126.9823,1728.3984,1972.2195,-662.4037,1595.9905,1975.4535,-940.07025,1711.949,1937.0929,99.03994,1535.2664,1933.3163,-99.29766,1728.2397,2305.6216,263.78226,1497.2598,2296.9148,-14.645876,1730.0864,2606.5254,877.32715,1468.8522,2605.434,600.1478,1700.8679,2645.3345,913.31946,1479.6448,2635.885,632.82446,1796.358,2724.9192,487.8762,1459.4791,2732.224,154.15982
br_down
IMG_20241017_110638.jpg,br_down,312.73825,135.54048,66.08796,318.618,124.2893,45.11413,321.4872,123.1909,45.025272,324.71265,122.01004,44.99888,315.65778,124.617195,81.05505,316.07358,123.83203,81.120865,316.66388,122.99035,81.061485,340.50186,123.13411,-5.6182237,331.2656,124.07737,155.19157,320.83865,143.81323,52.46509,316.93182,144.18723,98.82536,360.9898,162.86446,-130.36731,357.92346,178.09418,269.7737,328.39023,236.05496,-196.27599,348.29285,262.11874,306.87692,302.18997,316.38635,-170.462,324.76517,330.6672,268.66406,297.1125,335.2635,-191.96638,317.70325,345.01294,275.8776,295.44772,336.76163,-186.57707,317.25262,345.377,250.15388,298.46497,331.20123,-165.27534,318.63397,339.03558,254.39714,347.21295,323.8205,-123.94065,345.68625,328.51245,123.78247,351.80197,448.1882,-186.2172,342.89185,448.01935,78.93002,381.56125,598.5858,-218.94081,370.2038,588.3594,56.036552,397.88998,620.3595,-226.05344,382.63733,611.36664,50.0223,327.79257,621.4003,-321.1602,319.69022,612.5646,-10.298029
br_down
IMG_20241017_111842.jpg,br_down,290.41125,338.46603,-258.8527,295.84332,330.78586,-241.70862,298.852,331.09824,-241.73529,301.0049,331.56155,-241.7732,286.6765,330.42242,-244.17365,283.56534,330.48526,-244.21767,280.64615,330.73703,-244.19818,304.78745,335.4145,-131.79509,275.57184,334.2842,-143.08014,295.74744,348.1412,-216.89995,283.58713,349.28867,-220.21835,329.43964,390.9412,-71.343956,246.77713,382.53802,-84.277306,318.1447,450.46283,-105.62633,255.62032,443.07626,-97.72963,315.9659,506.5198,-251.87854,262.26413,502.49683,-206.15807,315.79022,522.33575,-294.57242,262.22632,518.97705,-244.35916,311.17905,521.3342,-319.92264,267.25705,519.6682,-265.87903,309.46506,515.8896,-265.79416,269.43488,514.1269,-217.15338,303.98227,504.34586,-0.38445976,256.18158,498.59125,0.45232126,352.8676,575.11566,-94.714935,207.34256,575.0141,-97.60115,368.23392,676.08844,-7.098263,175.19907,678.456,6.7395296,361.22345,692.56213,-4.9770985,183.06209,695.2613,9.060257,404.9931,698.35803,-109.80705,135.46239,703.79755,-100.52595
br_down
IMG_20241017_111843.jpg,br_down,286.3905,330.34128,4.293432,288.9353,324.00995,21.352476,291.47028,324.33685,21.314358,294.13815,324.86356,21.314257,282.01117,323.77505,16.596115,279.05167,323.90466,16.577059,275.93268,324.2975,16.573849,296.6949,329.39545,116.72521,269.36887,329.6131,94.979805,290.44266,338.87854,40.896873,280.329,338.53784,34.31038,321.27435,377.2595,131.02754,245.11356,369.14377,78.05582,318.3443,417.19388,-3.922472,251.87967,409.76132,-83.56246,319.06915,454.4715,-195.27945,256.1402,454.60962,-264.26297,318.5932,469.38135,-232.77087,255.52916,468.4094,-306.44052,315.264,467.82144,-243.57455,259.46967,466.2764,-309.3608,313.79056,463.81558,-204.94916,261.12854,461.43106,-270.20132,302.15295,492.36688,7.2465057,253.25607,489.2747,-7.246789,329.90146,585.3682,-35.248505,221.4976,582.9499,-42.723316,366.93988,679.8189,23.158266,175.91539,676.9343,29.8039,362.12518,694.85583,23.362207,179.28976,692.0671,30.200544,405.43155,701.0008,-70.12908,135.2621,701.943,-70.56338
br_down
IMG_20241017_111844.jpg,br_down,287.59274,330.86118,24.104807,289.92978,325.81787,43.22626,292.49606,326.2207,43.182297,295.03738,326.6253,43.178837,283.13577,325.5801,39.547054,280.06128,325.81314,39.53452,277.06125,326.12305,39.537624,296.65628,330.5025,136.72177,270.32874,330.41415,119.314835,291.44373,339.20837,58.4663,281.99716,338.74942,53.093925,319.6246,382.01584,126.081726,244.80481,372.08313,100.61879,315.9191,418.35114,-34.716854,250.9502,407.99207,-78.23328,317.10217,450.57187,-225.79439,255.85979,450.09393,-265.0476,316.69882,462.469,-264.24963,253.468,462.06503,-305.86002,313.42188,460.37317,-273.3811,257.8716,461.64618,-306.7714,312.014,457.33353,-234.33316,260.0042,458.58423,-270.8526,301.41327,491.98517,0.27611482,254.02611,488.9049,-0.27507678,329.77872,585.02454,-35.703312,221.76004,582.1858,-33.167652,367.4976,679.09076,17.22738,176.66434,677.48706,26.706877,363.9953,694.13776,17.27964,181.94539,693.9841,26.179552,407.2549,700.8522,-70.99902,135.3448,703.153,-68.34344
br_down
IMG_20241017_112849.jpg,br_down,1549.3308,1125.1139,-1078.5933,1573.7451,1079.8854,-1041.7794,1588.6512,1078.7664,-1041.5864,1600.45,1078.6852,-1041.343,1532.2278,1084.5774,-1043.1227,1518.9065,1086.2854,-1043.2954,1506.0808,1088.3424,-1043.3629,1624.1814,1101.7448,-711.2942,1488.6831,1108.233,-724.01056,1578.5063,1163.276,-947.83466,1527.0574,1165.6642,-951.07544,1750.1006,1337.8641,-416.4975,1370.0386,1327.2296,-589.95306,1741.5502,1587.5204,-168.77386,1416.1782,1594.7667,-512.2578,1677.9224,1840.1963,-300.67175,1454.5396,1868.5743,-688.80524,1673.7183,1925.4314,-365.9365,1451.44,1950.7399,-800.44165,1653.8088,1916.2095,-464.21637,1480.1643,1950.0542,-865.5299,1646.9448,1887.2898,-342.57202,1486.9668,1924.389,-719.81177,1640.752,1881.8451,38.311905,1434.0809,1867.5474,-39.0463,1702.8704,2228.6,302.73795,1362.1052,2215.4448,171.19989,1795.0052,2503.354,853.0029,1273.971,2496.639,769.3756,1776.9386,2556.4294,888.7894,1293.768,2536.623,813.03186,1861.8973,2639.814,529.11487,1232.8616,2647.4675,447.99988
br_down
IMG_20241017_112850.jpg,br_down,284.30188,240.81535,-26.33989,290.20895,232.52322,-44.76829,291.49002,232.38696,-44.80547,292.88223,232.28989,-44.817738,289.9941,232.67255,-16.418816,291.0192,232.5985,-16.368837,292.19122,232.49817,-16.42388,302.8534,236.69142,-90.557495,302.01205,236.35526,35.09084,287.19205,248.05132,-40.149315,286.64603,248.29001,-3.737502,310.34335,272.41315,-180.22345,320.1799,280.47977,134.61711,295.1523,337.8938,-212.901,315.2123,345.8958,165.91374,275.72443,397.98157,-184.21124,292.0804,396.8853,117.7594,272.62207,417.32608,-210.37073,284.33798,414.30893,118.86768,268.7169,417.89035,-209.4893,283.9454,415.3574,91.26259,270.89386,412.53265,-181.79868,285.68008,410.57806,103.71495,317.91003,401.17883,-93.628296,311.22934,402.1788,93.55097,320.22446,499.30316,-71.68575,308.31613,497.76898,109.19394,328.85663,604.212,-33.75827,321.50156,597.00116,158.19748,341.42365,620.89813,-34.789246,331.9157,615.40906,158.64558,285.47946,623.792,-113.036064,281.33456,619.4827,102.27864
br_down
IMG_20241017_112852.jpg,br_down,282.21738,239.4129,-22.79571,288.19348,231.16583,-40.688824,289.55356,231.08609,-40.730736,291.08853,231.04791,-40.748577,287.8648,231.30975,-12.666034,288.89032,231.28268,-12.618928,290.1116,231.23041,-12.681002,300.98874,235.90703,-84.65413,299.8811,235.33563,39.541332,285.15512,246.96707,-35.975903,284.58868,247.24121,0.003496017,304.65076,272.62708,-173.45099,319.03253,280.00375,136.36313,289.30502,337.69574,-205.58069,319.44016,345.86514,164.05928,271.70435,396.9748,-169.99449,289.64514,393.59192,113.881386,270.9604,415.55472,-194.3451,281.41873,410.78458,114.40943,267.70276,416.56674,-194.39723,281.4938,412.04352,87.93822,270.1079,411.00854,-168.00368,285.9885,407.3389,100.05245,316.2873,401.88913,-92.16296,310.9004,402.88596,92.087746,320.84775,499.49222,-68.86871,308.37152,497.8312,109.85037,329.3477,603.98914,-27.585232,324.01318,599.5321,160.72635,339.70428,617.62427,-28.171856,335.20612,616.31305,161.19336,283.58987,622.0983,-105.63558,280.36093,620.51526,104.68484
br_down
IMG_20241017_112853.jpg,br_down,282.50525,236.40805,-31.932838,288.68396,228.5539,-50.096172,290.06967,228.52127,-50.140446,291.57938,228.56775,-50.16968,288.2199,228.56961,-22.667582,289.16977,228.49936,-22.616564,290.2801,228.4303,-22.678091,301.43588,233.28992,-93.2347,300.1596,232.4985,28.472227,285.1166,244.02676,-44.57071,284.36212,244.28828,-9.321018,304.15198,270.98727,-175.85727,315.9353,277.2851,122.98036,288.04004,336.6847,-203.46098,311.01443,343.18427,151.83835,270.31134,395.51892,-166.4157,287.40894,389.27777,101.969475,269.8248,413.16614,-190.10081,279.37476,407.31345,101.60143,266.8198,414.16263,-190.95985,279.2751,408.51736,75.25552,268.5001,408.94427,-164.84642,280.62943,404.40286,88.36374,315.66815,399.7576,-89.32748,307.02417,400.2367,89.290016,322.43903,497.2703,-63.603848,305.48553,495.2572,107.85209,328.12418,603.05835,-19.172901,323.1381,597.1785,163.30338,338.44443,614.54584,-19.512016,334.43918,612.7865,164.24411,283.21396,620.68304,-96.64896,279.4957,619.3303,106.448845
br_down
IMG_20241017_113840.jpg,br_down,492.5084,315.92557,18.64831,496.14362,307.4558,25.327085,495.67236,306.29556,25.267286,495.15686,305.139,25.190468,495.8456,307.54297,-4.2784395,495.22745,306.51245,-4.351489,494.54144,305.56842,-4.4570527,485.54022,296.4524,56.55475,486.16934,299.60904,-76.92234,484.51758,317.6176,33.668713,483.58908,317.2685,-5.745729,440.33307,307.47513,146.75919,448.43805,317.01392,-164.81581,398.03296,344.7171,226.5792,431.42194,379.35562,-204.25656,396.4142,374.2168,224.54248,424.8388,439.18625,-165.02322,387.8723,371.76465,243.74716,423.0087,449.6491,-184.42009,390.27634,374.5889,219.57773,424.05505,450.2724,-168.60243,400.7126,380.0385,214.60419,423.54166,446.96158,-156.04335,350.62753,369.97668,100.34122,351.7418,375.50787,-100.123955,363.28662,454.30872,202.54442,361.072,461.63455,-183.09718,380.17764,530.167,305.78903,383.47015,552.9722,-265.70895,370.87982,541.9749,313.43753,377.18167,573.29443,-277.8743,415.72797,539.861,282.2798,423.81744,568.5559,-359.4608
br_down
IMG_20241017_113841.jpg,br_down,483.3478,318.7842,14.315919,487.48672,310.94925,23.051134,487.2219,309.93546,22.988749,486.9311,308.88135,22.901726,486.9503,311.00107,-6.9097867,486.23257,310.05447,-6.9745607,485.4699,309.1344,-7.0582094,477.31958,299.31705,61.604065,477.42017,301.7496,-73.68376,475.14972,319.07382,31.767132,474.31293,318.48914,-8.106592,433.52094,308.2655,151.45284,438.27377,313.96545,-161.13705,407.47327,357.90286,198.54851,415.06006,379.11493,-188.75073,398.1118,396.39664,149.242,407.5704,439.6977,-112.69036,396.61658,409.80417,159.39482,407.39313,450.78552,-125.79675,396.33505,409.1147,135.95303,409.92264,450.4799,-109.25487,397.45422,409.3502,137.54227,408.77383,446.389,-102.723946,346.2991,369.2821,103.85353,346.18182,377.36276,-103.67208,362.29697,454.48816,204.2736,354.24377,462.62793,-140.27711,373.74527,534.7368,312.38907,371.2994,557.63934,-192.72559,367.05115,546.2193,320.9694,364.52798,577.13477,-201.42085,410.85727,538.8562,294.29935,412.9654,570.77106,-273.05988
br_down
IMG_20241017_113842.jpg,br_down,477.3756,352.45255,68.84553,483.0561,345.9108,72.821686,482.44537,344.7551,72.77797,481.71054,343.53625,72.67432,483.56796,346.56607,46.48573,483.312,345.95538,46.401745,482.9275,345.41428,46.29893,474.52905,335.42844,90.37213,476.9956,340.3074,-27.635044,469.7323,351.63412,78.30994,470.0661,351.92328,43.443478,433.00824,330.70395,164.76872,443.41257,346.04523,-122.677986,393.4425,363.3175,226.88046,422.29187,404.3573,-143.93074,392.73163,395.14948,212.7422,413.36893,462.96777,-59.517902,389.57782,402.76987,226.47618,410.93765,473.57504,-68.23647,396.2345,402.97693,206.63593,412.5852,474.1775,-53.398174,397.78696,401.99295,203.53256,412.2184,470.4914,-50.144794,335.95645,372.22733,98.784096,337.07666,383.28986,-98.63647,350.86526,456.43054,148.47081,345.91815,467.01575,-121.30316,366.50018,536.09076,211.23576,363.7046,558.4905,-174.13187,360.86774,547.19275,215.35632,355.37848,580.1917,-181.61241,402.22055,549.70807,184.17287,405.2658,580.0182,-248.322
br_down
IMG_20241017_113843.jpg,br_down,475.92865,354.39984,126.028046,481.36154,348.0807,122.16665,480.63055,346.55676,122.13385,479.7138,344.84552,122.048035,482.34015,349.77176,99.506,482.28018,349.54874,99.405464,482.09088,349.41904,99.285484,473.4335,336.792,106.836266,477.40173,346.07095,5.1315374,468.63144,352.5975,123.72964,469.78458,354.27197,93.569984,430.5276,325.5192,160.91734,442.67468,355.77267,-99.029884,391.89914,347.3782,222.6426,421.12192,413.93536,-96.862366,385.43185,382.18414,231.12878,411.06076,467.92007,17.744854,380.782,390.4489,246.38377,410.62302,476.64758,18.593306,385.84372,391.59607,229.54364,411.87747,477.17392,29.154427,387.78763,390.3536,223.87105,411.08392,473.63806,26.68247,331.26804,373.37854,93.85332,341.6289,390.61014,-93.77929,347.04492,459.30264,145.56006,349.7546,469.43018,-190.1593,366.90674,538.2174,190.79497,365.87216,558.39,-293.68265,354.50534,551.21436,193.055,356.96542,578.66986,-305.4841,402.02548,553.9851,158.59431,407.1292,578.1634,-379.708
br_down
IMG_20241017_113859~2.jpg,br_down,458.8815,310.04382,-53.71382,458.51608,300.4091,-44.966873,457.75876,299.71414,-45.02217,456.84842,298.9338,-45.083164,457.3635,300.7953,-74.770805,455.87866,300.49857,-74.85893,454.28586,300.17795,-74.950386,443.607,296.58484,-0.7471372,443.38477,299.8749,-136.03882,453.19662,315.6559,-33.79374,451.25876,315.78516,-73.59334,405.8209,317.4997,91.13201,418.02945,337.3711,-209.74806,374.43256,366.68085,138.01822,402.84903,396.6466,-223.98288,373.2119,412.527,94.77824,401.12003,454.0326,-120.3535,371.92886,423.9914,103.03132,399.2029,465.67374,-133.8795,373.54407,426.03595,76.65768,400.3417,465.59113,-118.29967,374.14914,422.74832,81.9764,399.85428,461.9139,-111.058975,328.96286,397.23657,103.449356,334.51718,409.40427,-103.43932,348.81912,478.79453,241.26367,343.01172,489.5941,-72.8994,371.35837,551.2481,382.61884,368.2262,582.29486,-47.00276,371.9878,560.6282,395.34256,366.14655,597.8179,-47.49316,404.59363,556.8598,375.28516,409.1689,591.4587,-110.93109
br_down
IMG_20241017_113928.jpg,br_down,297.99158,229.72112,-507.70798,301.9674,222.23901,-493.0198,304.86185,222.59378,-492.9755,307.4035,223.16985,-493.02225,292.37152,221.97737,-494.13345,288.89743,222.19405,-494.2548,285.45975,222.6777,-494.26767,312.2562,230.24573,-382.4326,278.78122,230.19214,-389.6102,303.441,240.86786,-464.9185,290.69296,240.50229,-467.2235,337.6875,289.71686,-284.93463,253.94765,285.80798,-291.7443,338.045,363.32843,-247.45528,246.63472,357.84592,-255.67374,326.11044,430.98334,-292.84045,259.3199,427.77457,-312.2814,330.02682,451.3493,-318.71918,257.91837,447.13202,-341.8219,319.74423,450.82254,-346.76764,265.82938,447.04858,-367.41946,315.54178,442.81525,-304.21338,268.22592,439.59116,-323.48807,315.3208,393.14957,-0.56326616,266.59857,390.10934,0.40659747,329.6017,487.35104,-13.9145775,248.5171,487.8756,-52.96631,352.53323,580.1569,87.64587,225.10535,582.98206,44.702217,345.68433,596.2907,89.53002,230.83577,599.2808,46.348736,371.89554,610.0735,-30.636292,207.54207,610.162,-82.40283
br_down
IMG_20241017_113929.jpg,br_down,297.03268,231.1094,-499.84528,300.23663,222.83868,-485.83444,303.26077,223.11845,-485.7928,305.65063,223.37265,-485.84247,290.66718,223.10062,-486.8675,287.17413,223.34995,-486.98978,283.69748,223.81694,-487.00766,310.0845,229.61035,-378.1842,277.19894,231.17278,-385.20447,302.7152,242.3388,-457.96548,290.5337,242.59653,-460.2085,337.4193,290.31967,-285.13086,251.85687,285.6449,-288.29025,336.71222,361.83905,-246.97566,246.25623,358.98355,-251.56268,325.20972,429.77948,-284.65833,262.43494,429.1848,-301.28815,328.44608,449.51935,-309.93674,262.087,447.409,-328.6779,318.65515,447.7095,-335.92783,270.76312,446.40588,-354.35458,315.25125,440.33884,-294.93503,272.55008,439.3034,-312.21207,315.28696,392.37698,-2.5565386,265.50223,390.51785,2.401318,329.12924,484.37567,-25.954086,250.17786,487.45117,-48.79994,351.141,579.354,66.330696,226.46391,582.2906,48.587418,344.44202,595.89154,67.345726,232.2069,597.85297,50.475307,374.0158,608.16095,-47.737865,206.8605,607.5576,-72.221245
br_down
IMG_20241017_113930.jpg,br_down,296.52243,228.0357,-501.31488,299.94565,220.9105,-486.54977,303.15558,221.1605,-486.52448,305.96652,221.48218,-486.5834,290.4295,221.14067,-486.4296,286.78253,221.67508,-486.54617,283.26367,222.30292,-486.56488,310.19504,228.11467,-377.05374,277.542,229.20671,-378.46353,303.07797,239.72118,-459.19223,290.64273,239.62715,-459.837,339.2308,288.8976,-286.17126,251.56656,285.21494,-279.32773,337.52734,361.41635,-249.97289,249.36107,358.46228,-235.94823,325.48288,429.7655,-287.36502,262.74515,427.9614,-286.35684,328.62982,449.28326,-313.22733,261.69116,446.89566,-313.30383,319.63882,447.98193,-339.80148,269.09402,446.4961,-340.75174,316.1227,440.61227,-297.75372,271.02646,439.3693,-298.0781,317.05466,394.7108,-2.102873,266.03168,393.91702,1.9895611,329.16824,486.9145,-10.7689085,248.5096,486.92618,-50.154644,352.27612,580.6847,97.711365,225.60484,581.5206,53.723774,344.79,598.56604,100.27196,231.55756,597.99664,56.027145,374.99442,606.9533,-17.721655,208.61504,606.9378,-70.42345
br_down
IMG_20241017_114427.jpg,br_down,426.6076,251.30298,-12.907289,425.7945,243.32039,-6.7812552,425.1601,242.78323,-6.845577,424.43738,242.15744,-6.901654,425.30127,243.6801,-33.483177,424.3769,243.44226,-33.558872,423.30347,243.177,-33.658745,413.61838,240.86406,20.861303,413.9896,243.31244,-98.38851,420.78577,256.70862,1.1057234,419.74347,257.05817,-34.087467,375.0838,260.7894,98.6641,393.0753,275.38397,-174.2839,359.3943,305.2997,169.0382,390.45325,330.13754,-188.00876,372.42862,339.1928,162.39442,409.18967,377.54892,-90.25417,374.51868,347.9037,174.33469,408.92825,388.54138,-103.71453,377.44568,348.8275,153.95866,411.4628,389.34573,-87.56412,377.81104,347.11612,152.51967,410.7461,386.28537,-81.31657,324.49722,350.88852,90.52946,329.21887,364.0678,-90.59339,344.53,400.90787,271.32437,349.56015,429.54144,45.50492,349.844,464.00403,454.79245,351.4286,503.7188,164.70654,345.97873,474.02264,473.60336,343.77905,517.2444,175.17207,375.63565,474.9126,468.23602,384.0069,516.2423,132.43782
br_down
IMG_20241017_114427~2.jpg,br_down,425.62738,249.63518,-31.40512,424.45044,241.48721,-24.476164,423.7432,240.97455,-24.540348,422.96613,240.44803,-24.600714,423.977,241.97047,-51.11358,423.0155,241.8133,-51.19473,421.96027,241.62386,-51.280243,412.04596,240.04028,7.6967216,412.38354,242.10812,-111.22489,420.187,255.05072,-16.155006,419.26016,255.46257,-51.0,374.33243,261.54388,89.85166,392.20544,275.9558,-183.81697,362.91287,307.94296,143.4671,390.21832,331.89944,-185.67476,375.83496,341.4571,121.39085,405.6928,377.5169,-71.21349,377.68146,350.47803,127.806175,406.19794,387.86514,-82.59577,380.29242,349.93967,109.10137,408.17325,388.3035,-69.02693,380.79163,347.95856,111.25889,406.88437,385.20294,-63.10276,323.03113,351.82846,89.84072,329.60904,363.98767,-89.81683,343.33813,407.1249,245.02353,348.43362,429.04376,30.98906,348.9623,475.6654,402.93375,349.72153,502.16583,143.8846,343.64835,489.14532,418.31128,341.21234,517.1427,152.97993,377.88882,481.80634,407.66718,384.07053,512.7625,111.02157
br_down
IMG_20241017_114428.jpg,br_down,258.79474,250.53882,-157.25732,263.84515,242.5673,-142.02783,267.37817,242.7915,-142.04239,270.07285,243.11995,-142.03722,253.62534,242.50572,-141.71214,250.18393,242.91904,-141.72173,246.63184,243.45474,-141.69653,274.65442,248.25008,-52.276108,242.52611,248.64597,-51.021038,265.5758,260.5213,-123.46527,251.85234,260.59085,-123.267784,303.2148,298.6999,-22.099882,215.37701,298.41925,-5.798734,306.85144,362.90558,-50.678238,210.8039,366.60394,-30.126308,298.58185,419.27127,-166.69846,218.87201,420.4355,-147.62805,297.41177,440.0394,-203.94249,216.62543,439.98508,-184.98378,289.19763,434.61362,-229.87204,224.94167,437.29724,-205.46942,286.443,428.44986,-179.11812,227.74847,430.36752,-158.81203,282.86484,426.3193,-6.541301,229.19788,426.1324,6.553018,301.4509,517.51306,-11.2153225,207.56567,518.6034,-7.35277,323.35452,612.1049,80.82625,179.79507,615.1798,88.23099,317.6287,626.69104,82.50362,185.98146,631.3241,89.967094,339.71616,637.6726,-29.943357,155.49985,642.97516,-18.855581
br_down
IMG_20241017_114429.jpg,br_down,257.87692,256.28528,-128.30203,263.20218,248.3061,-114.92334,266.8102,248.56908,-114.939064,269.6432,248.90826,-114.92452,252.70444,248.31102,-113.985664,249.30771,248.70145,-113.99022,245.71759,249.05748,-113.966774,274.6518,254.01468,-34.623543,242.1152,254.33803,-30.237467,264.8662,266.40402,-97.89812,251.21715,266.53223,-96.74864,303.2974,303.9066,-11.404563,215.2561,303.5451,5.161604,304.5808,366.76532,-37.945747,211.32849,367.9687,-25.567875,294.84412,420.13354,-139.22264,220.70877,420.88547,-139.6659,293.87323,441.98364,-173.36343,220.08861,441.26746,-175.04869,285.47372,436.88937,-197.53647,227.86952,438.14496,-193.53896,282.42914,430.4823,-150.64948,229.71133,430.82608,-150.14929,283.28036,430.4975,-5.9339795,229.52269,429.33002,5.9451213,299.70093,520.0817,-15.360416,207.3301,519.0213,-13.761052,323.45267,614.42633,61.19662,181.28929,614.19196,66.2743,319.1882,629.2856,61.699173,186.32013,629.55853,67.187965,336.5422,641.55884,-46.746742,160.70996,641.99725,-35.63144
br_down
IMG_20241017_114431.jpg,br_down,426.4315,233.06749,-53.94361,425.0709,224.54945,-47.752106,424.59192,224.20264,-47.798214,424.0603,223.82085,-47.809242,424.12024,224.38333,-72.67294,423.10153,224.00351,-72.75547,422.06845,223.65225,-72.80388,415.17026,223.83386,-7.045003,414.14053,224.22131,-118.96606,422.41998,239.18858,-35.294514,421.0112,238.89462,-67.89772,381.9065,250.82974,73.46204,392.3389,255.10512,-169.6455,377.95178,286.4142,160.03984,401.25067,300.4031,-138.8746,395.85422,294.0858,176.26186,414.4376,307.8331,8.287602,402.27466,302.32178,180.7207,418.58383,309.91724,6.3368025,399.67163,298.00845,166.45901,415.82608,306.35092,3.522262,398.42532,297.88696,168.6564,413.06082,305.1629,11.277403,340.17984,345.07483,81.66054,344.87585,355.12634,-81.609634,355.6563,402.90277,233.62575,358.2229,424.6573,-4.735441,356.58994,462.50516,379.16357,356.7728,500.1754,58.593204,354.03125,472.81888,392.2541,349.06012,514.7227,62.32924,387.16434,474.1973,385.0196,391.318,513.15344,20.221615
br_down
IMG_20241017_114432.jpg,br_down,425.31827,233.94188,-68.84491,423.4451,225.26505,-62.341446,423.0399,224.976,-62.392654,422.53903,224.6157,-62.40706,421.77625,224.96318,-86.02928,420.3042,224.58875,-86.09767,418.6718,224.19171,-86.12497,412.64713,225.03241,-19.109715,409.74176,225.73257,-125.15196,421.36887,240.86446,-49.156586,419.43964,240.36684,-79.95994,379.8839,253.23827,62.209396,393.05298,261.9889,-172.99084,375.25842,291.6505,146.17174,396.38525,311.99313,-140.48117,393.44263,306.05713,153.79156,412.1736,322.83722,3.682969,399.06583,315.2459,157.61513,415.93802,322.77454,0.7041477,400.61057,313.40067,142.35214,414.09616,320.00885,-0.68852794,398.73233,312.838,145.81664,411.8394,319.69046,6.724479,339.1683,350.11484,79.46469,346.1549,361.8876,-79.43856,353.73,409.9447,225.09744,356.89417,429.13852,20.539038,354.48273,469.54462,363.3652,354.8982,502.36438,117.65253,348.26315,480.58783,376.31235,345.6539,517.38824,125.6073,385.97107,479.58362,372.90277,389.6809,516.608,93.78791
br_down
IMG_20241017_114719.jpg,br_down,1766.068,938.37744,-1197.0505,1783.848,900.1487,-1121.3262,1796.7504,901.7904,-1121.4867,1809.7014,903.61194,-1121.4208,1738.0283,895.98285,-1136.3839,1719.6257,895.81934,-1136.4259,1701.5228,896.95374,-1136.6768,1819.4049,923.5552,-669.22797,1663.312,923.9268,-738.6583,1787.565,991.6237,-1024.5531,1728.9023,993.5161,-1044.8931,1946.2288,1202.5607,-414.58878,1510.2557,1209.8817,-477.66574,1980.0917,1549.2739,-284.80005,1486.2045,1549.3381,-380.5973,1916.3322,1854.4816,-783.5666,1538.0625,1854.2358,-753.28204,1910.9391,1953.4133,-948.3007,1544.4215,1955.4462,-898.3975,1865.4509,1929.8007,-1075.4678,1589.5613,1930.9907,-1021.8925,1852.1987,1902.7092,-840.5316,1595.5134,1898.0914,-805.76086,1856.1791,1845.464,-10.561023,1615.6357,1848.1877,10.602475,1839.6115,2307.474,18.448626,1607.1802,2311.822,73.02303,1839.5975,2710.4062,812.1781,1623.0626,2702.8674,828.70404,1797.9177,2758.3018,856.6757,1655.9144,2753.2275,873.8845,1908.3767,2898.9692,362.51224,1551.9407,2892.516,369.43655
br_down
IMG_20241017_114720.jpg,br_down,1752.8313,928.6298,-959.116,1773.3602,892.50574,-889.1544,1786.9778,895.4035,-889.193,1801.5935,898.82806,-889.0418,1725.5339,887.2887,-897.4015,1705.7085,887.9605,-897.3916,1686.7395,890.3954,-897.54816,1815.5758,924.95966,-502.70865,1649.2299,920.61523,-541.9495,1777.5725,984.17236,-813.7438,1714.8601,984.2844,-825.12213,1942.711,1210.0012,-331.59402,1508.0581,1215.5161,-345.56842,1971.6621,1553.6122,-213.53262,1482.4988,1557.0566,-265.3896,1880.0155,1856.6953,-595.18146,1545.4448,1847.0676,-564.1555,1881.0452,1945.3474,-731.5647,1550.3302,1943.2876,-690.12,1834.99,1919.8535,-834.7586,1599.3883,1922.5477,-788.0332,1821.0135,1893.1144,-638.7473,1607.449,1889.9736,-605.88074,1846.2175,1849.0432,-23.75883,1608.6207,1848.6854,23.35448,1843.8478,2299.1958,-32.269096,1613.5281,2298.5107,68.14812,1847.683,2701.462,747.88385,1620.0261,2696.6438,779.3277,1807.2592,2750.4614,795.87006,1651.1974,2743.6213,825.05695,1901.7489,2899.7314,363.8192,1550.6049,2892.0398,392.54468
br_down
IMG_20241017_114720_1.jpg,br_down,1736.4298,934.87494,-1045.7449,1759.1635,895.32574,-981.2557,1773.6028,897.9697,-981.2292,1788.6418,900.664,-981.06464,1708.7157,892.5924,-988.4289,1688.7361,893.918,-988.44257,1671.4375,895.865,-988.54675,1811.1205,929.82117,-597.5653,1640.3884,928.5212,-631.9498,1766.331,992.144,-899.5844,1699.0077,990.6346,-909.4751,1939.8329,1210.9824,-393.3253,1503.2452,1213.717,-424.85892,1969.1959,1557.1239,-241.80762,1473.1669,1557.9954,-335.4568,1883.9099,1868.4265,-573.69995,1540.9813,1851.9961,-626.3877,1885.6628,1961.1737,-696.0441,1551.4742,1948.6292,-746.5651,1838.4404,1935.4836,-799.0261,1602.8191,1923.3701,-844.2928,1825.2426,1908.6122,-616.0212,1608.7534,1889.3973,-667.77734,1847.522,1842.419,-18.340801,1605.7358,1845.7074,17.812971,1845.6497,2294.1536,-50.8116,1606.3824,2293.057,42.444866,1847.086,2708.267,675.8404,1622.5548,2699.525,718.0145,1803.0338,2760.0764,717.5897,1655.5847,2751.1519,759.3209,1903.0043,2903.9526,283.81845,1556.5812,2893.5986,333.52298
br_down
IMG_20241017_114722.jpg,br_down,1751.1526,939.33966,-1228.8037,1763.7119,899.42676,-1148.1832,1775.6703,900.042,-1148.2535,1789.6757,900.9174,-1148.0815,1721.3341,897.1415,-1167.2213,1703.0493,897.8247,-1167.2524,1684.715,899.4322,-1167.4495,1797.0477,921.94476,-673.2181,1641.3258,928.6615,-762.347,1769.6947,988.12836,-1047.4828,1714.1216,991.3145,-1073.3597,1940.984,1195.5566,-405.0594,1489.093,1213.0803,-512.1702,1969.3129,1543.8651,-293.23596,1474.8955,1558.8853,-440.70245,1893.593,1856.6514,-806.7264,1535.2378,1848.0122,-814.57776,1895.5844,1950.1896,-971.16675,1545.6766,1945.9926,-969.2921,1847.051,1927.3226,-1096.994,1591.8224,1921.2311,-1074.9713,1831.5309,1901.8619,-863.878,1599.1547,1887.7169,-860.14954,1853.4572,1840.1903,0.85147065,1608.3014,1844.1682,-0.92075807,1847.0137,2279.0532,27.4116,1617.9479,2277.585,44.76023,1849.7292,2704.0703,879.5129,1630.1395,2698.3137,863.7174,1809.0524,2753.4885,930.78485,1658.8406,2746.3965,914.1918,1913.9153,2895.1096,424.46524,1575.366,2887.8145,392.76404
br_down
IMG_20241017_114821.jpg,br_down,276.12445,207.08838,-477.14523,280.05005,197.30678,-458.52972,283.3579,198.04485,-458.53162,286.78857,198.97139,-458.56427,270.18414,196.53041,-461.63394,266.28308,196.68408,-461.74545,262.17508,197.1045,-461.80347,291.04056,205.80081,-335.577,254.10864,204.44098,-348.96857,281.54068,219.45462,-430.1089,269.07785,218.84222,-434.2816,317.88336,270.39322,-247.94734,221.94038,266.2375,-266.75607,300.0489,343.3365,-222.95717,234.67653,342.0549,-253.61035,277.87317,405.7074,-288.41034,245.39944,406.98758,-333.63773,270.99194,427.2076,-321.68304,249.59586,426.6433,-372.62775,266.35123,427.07162,-348.5223,256.68527,426.0684,-399.5067,267.5566,420.7279,-300.5647,255.90436,419.67578,-346.1404,291.21744,396.6282,-3.293327,237.28731,396.7749,3.1750333,318.1237,489.72644,10.14572,209.5193,486.00183,11.932436,351.18033,585.4323,152.15305,176.251,590.1152,157.94133,346.60083,601.06,157.26353,183.91222,606.7083,163.96848,369.30542,617.0082,20.636477,150.31474,619.761,31.612837
br_down
IMG_20241017_114822.jpg,br_down,270.74197,207.9861,-466.9162,276.65735,199.09239,-449.3952,280.2431,200.03925,-449.39734,283.7269,201.14111,-449.434,267.1603,197.92914,-449.64792,264.0274,198.00546,-449.7492,261.06766,198.21143,-449.821,289.82666,208.61427,-334.68082,257.8608,205.6592,-335.0828,277.71893,220.61955,-423.43472,264.988,219.29936,-423.8388,317.78665,274.1607,-257.79105,224.25374,267.16248,-256.45517,300.5435,345.70923,-244.50063,236.04326,344.33078,-245.96863,278.9197,407.30106,-303.13504,246.57104,407.5037,-317.99472,272.27353,428.8129,-336.17822,250.15132,427.21216,-355.13953,266.12912,428.95566,-361.18082,257.16687,427.20828,-380.29245,267.06137,422.76053,-314.21274,256.13028,420.69272,-329.9068,290.79413,397.8016,-4.1443453,237.65302,397.55582,4.0248756,315.6906,490.1464,8.594264,207.9015,487.72998,-4.5679975,351.69418,585.4326,149.6231,174.88792,591.62036,128.82936,346.6649,601.1344,154.61809,181.07256,607.6169,133.6013,368.09763,616.0712,16.333466,152.77126,620.5171,-0.79342514
br_down
IMG_20241017_114824.jpg,br_down,272.99136,213.1289,-481.16147,277.9991,203.76158,-464.04654,281.08972,204.36394,-464.04498,284.28638,205.10406,-464.08414,268.06686,203.3945,-465.27618,264.17343,203.61151,-465.39188,260.6487,203.91864,-465.4548,290.36716,212.71104,-346.8232,255.43346,210.83977,-352.0387,279.56744,225.95053,-436.25443,266.438,225.31021,-438.06253,318.4929,277.42627,-258.46164,223.86848,271.70758,-267.7388,299.0387,348.55923,-229.32529,235.8882,348.04257,-252.69691,276.8503,410.34088,-278.80844,246.9919,412.06158,-325.71246,271.93292,431.78336,-308.29022,250.91338,431.78217,-361.79504,267.93515,432.27893,-334.11356,258.2848,431.32394,-387.14413,268.6969,425.88892,-289.90747,257.60132,424.6817,-337.25317,290.194,398.4337,-3.020273,237.32251,397.03076,2.88139,316.75018,491.93506,-3.8341198,209.58171,486.72522,-1.0166094,353.03482,587.5947,124.29677,176.94077,589.9321,129.89615,348.39026,603.7082,128.10039,183.63737,605.7552,134.5659,369.09094,618.3085,-7.948721,152.28485,619.17755,2.29916
br_down
IMG_20241017_115202.jpg,br_down,1544.989,1363.9437,-2614.4482,1569.7283,1314.3157,-2546.446,1584.0211,1311.5314,-2546.2302,1599.6879,1308.4564,-2546.3044,1517.2334,1313.1198,-2566.1626,1494.4945,1309.335,-2566.734,1473.6803,1304.5282,-2566.756,1614.8433,1298.6631,-1889.8722,1436.1371,1292.2635,-1985.5007,1564.4784,1407.6975,-2343.416,1501.6144,1408.0898,-2372.0425,1750.9459,1522.599,-1277.9343,1280.1497,1501.3702,-1414.7559,1778.566,1881.9077,-1082.5558,1228.4856,1856.2902,-1257.9865,1737.442,2219.4758,-1582.5907,1252.208,2219.9045,-1710.6713,1736.1606,2322.77,-1767.0758,1229.9546,2322.0557,-1907.9427,1690.0334,2314.1865,-1916.112,1276.6963,2317.6467,-2052.2893,1679.5679,2282.2454,-1652.785,1297.9172,2287.6301,-1775.1632,1630.3315,2105.8562,25.742422,1375.2666,2098.5022,-25.825554,1733.4591,2481.622,-165.60443,1219.8433,2469.9766,-738.37885,1848.5116,2895.0664,900.4073,1084.6722,2901.5427,257.34106,1821.0529,2957.7947,968.3275,1116.0763,2968.133,319.70044,1959.7821,3073.2996,346.95728,993.9203,3080.4973,-364.16208
br_down
IMG_20241017_115202_1.jpg,br_down,1505.0023,1796.8647,-3009.5354,1531.9156,1756.3816,-2988.3167,1548.5468,1750.9998,-2988.1553,1562.6997,1744.3478,-2988.6418,1475.3505,1758.0181,-2989.7786,1453.8455,1753.9025,-2990.3013,1435.3446,1748.8723,-2990.386,1584.258,1706.8569,-2472.428,1398.4718,1718.7673,-2484.0583,1535.7794,1824.8096,-2777.0637,1471.5552,1824.7982,-2781.8313,1709.9626,1815.3875,-1815.6534,1235.399,1813.8701,-1793.4164,1700.6979,2192.7969,-1742.6893,1210.9105,2187.5068,-1756.8403,1656.555,2523.0815,-2038.6144,1241.1066,2538.3872,-2033.596,1660.3518,2633.1296,-2204.7766,1219.2428,2643.596,-2192.3684,1613.9155,2630.2515,-2305.8718,1273.8909,2646.5828,-2308.0547,1603.9801,2605.0696,-2083.5945,1291.2833,2615.8042,-2084.8687,1595.6471,2123.69,9.07943,1349.7928,2121.3647,-8.846054,1737.3451,2464.154,-1264.9756,1205.4471,2482.844,-1087.7198,1864.7285,2898.097,-510.7055,1077.2076,2911.2249,-368.67484,1833.9518,2973.3928,-470.64163,1114.0464,2976.5127,-332.4077,1978.9635,3078.4746,-1125.6144,986.1787,3098.705,-992.0004
br_down
IMG_20241017_115202_2.jpg,br_down,1480.2644,1931.6094,-3327.411,1508.429,1888.3586,-3303.5234,1527.7351,1882.971,-3303.3328,1544.9512,1876.9414,-3303.7441,1451.526,1888.1595,-3304.3828,1432.5139,1882.9845,-3304.9631,1415.985,1877.1838,-3305.0608,1572.5377,1841.8358,-2772.3545,1387.1863,1838.7847,-2785.3572,1513.1428,1946.0138,-3090.4373,1449.1692,1941.4838,-3095.1384,1710.7059,1906.1342,-2070.853,1252.3011,1895.8379,-2046.4595,1669.8988,2295.8435,-2091.2454,1228.468,2292.7961,-2097.7415,1629.8988,2632.3142,-2429.8467,1241.5594,2634.046,-2422.688,1634.5094,2723.5278,-2611.9417,1233.017,2717.1345,-2604.127,1595.2505,2723.226,-2706.2737,1281.4308,2720.7388,-2717.271,1584.2201,2693.7664,-2476.8025,1290.0498,2692.9827,-2479.6033,1592.6044,2117.97,10.532756,1356.9855,2107.088,-10.075485,1725.1827,2474.217,-1217.6912,1209.2075,2479.175,-1156.9861,1870.3176,2896.3267,-488.7355,1072.0471,2912.285,-442.64938,1838.4728,2968.799,-453.72278,1112.9209,2981.4338,-408.01724,1987.2762,3069.4292,-1133.8818,981.9994,3100.322,-1092.2032
br_down
IMG_20241017_115212.jpg,br_down,254.8471,375.95825,-697.736,260.754,365.66266,-689.2026,264.2397,364.56815,-689.1868,267.6217,363.2928,-689.3092,249.08992,366.0415,-689.888,244.75029,365.30365,-689.99384,240.82568,364.23264,-690.0025,273.11536,356.85046,-570.8243,233.67168,358.6653,-575.1608,260.4004,380.80972,-646.6552,247.77635,381.65652,-648.17633,300.70105,384.76257,-434.54224,203.66655,386.03564,-425.79645,292.2708,466.4329,-442.01428,200.18858,473.43723,-440.35248,281.4867,541.5964,-508.41647,198.65982,546.11035,-505.88904,283.74277,561.7972,-546.2663,192.48286,564.12317,-542.6342,276.9921,563.1258,-565.6181,202.91713,565.03357,-567.50616,275.7731,555.9624,-518.05725,205.73347,558.58405,-518.5154,276.9043,432.99033,1.7443823,223.43655,432.9872,-1.7501026,312.8266,502.09055,-290.15643,185.67278,503.4783,-241.5798,338.83853,595.2411,-97.67987,155.26077,594.9022,-73.85117,333.44458,612.00446,-85.43039,160.31421,611.9008,-63.872875,365.55542,623.03784,-220.93495,127.35527,623.7019,-201.62375
br_down
IMG_20241017_120607.jpg,br_down,1559.8351,1235.1539,-2547.6072,1589.9868,1190.2764,-2474.8333,1607.144,1190.7885,-2474.5151,1623.4253,1191.227,-2474.7317,1534.6555,1190.0919,-2474.6162,1517.4174,1190.5422,-2475.192,1500.9528,1191.1271,-2475.2205,1647.6573,1205.5994,-1945.0793,1477.3392,1203.9215,-1945.2599,1591.2408,1284.5292,-2341.1204,1529.1965,1292.4427,-2341.8274,1798.1511,1458.4641,-1466.7975,1343.3043,1464.2942,-1441.8766,1764.0493,1839.7345,-1332.6646,1369.0922,1836.1301,-1333.3431,1715.3678,2170.6538,-1532.2334,1384.7491,2185.4229,-1543.1168,1725.0575,2265.5564,-1655.233,1369.0939,2279.2842,-1676.2031,1678.5594,2267.5435,-1754.5836,1405.2548,2280.7031,-1773.7408,1667.3342,2235.5059,-1573.3171,1416.3024,2246.8667,-1585.79,1695.192,1889.6409,-15.228639,1454.5527,1884.1742,15.005779,1803.4819,2244.9255,-1279.0897,1298.2944,2242.3193,-1245.2891,1817.5095,2729.7273,-530.9288,1281.6361,2716.0916,-474.7374,1780.781,2792.846,-493.37396,1317.9834,2782.2192,-430.68195,1898.7411,2905.6501,-1166.3436,1194.5023,2886.784,-1058.7815
br_down
IMG_20241017_120608.jpg,br_down,1560.0248,1232.0004,-2542.2112,1589.8662,1187.0646,-2474.606,1607.0382,1187.0615,-2474.2493,1623.4796,1186.586,-2474.5579,1535.4601,1187.8564,-2467.393,1518.6129,1188.0715,-2467.9578,1502.3793,1188.1995,-2467.9514,1651.4852,1199.0496,-1960.3137,1481.1704,1199.8982,-1931.4551,1594.2439,1281.5289,-2340.4165,1530.3939,1289.1593,-2332.7124,1805.5457,1458.1798,-1481.017,1346.2522,1460.9315,-1424.0071,1762.8275,1842.2793,-1311.3674,1371.7461,1846.959,-1260.6191,1717.1724,2168.1636,-1470.7687,1384.9344,2180.227,-1423.9957,1726.6433,2253.9302,-1579.9648,1368.2081,2264.968,-1540.9752,1678.108,2250.9824,-1676.8379,1403.9473,2265.4968,-1630.6093,1668.6128,2222.6865,-1509.07,1414.2405,2234.2874,-1462.8749,1697.1683,1872.924,-12.193616,1456.5972,1866.2654,11.387692,1807.9438,2243.8782,-1258.9384,1300.7189,2245.025,-1128.9746,1815.7023,2731.0547,-485.41797,1278.2621,2719.4067,-359.92255,1775.346,2798.3145,-442.36154,1317.1233,2790.1094,-315.14203,1919.2062,2901.9915,-1083.2959,1188.4606,2881.8694,-914.36926
br_down
IMG_20241017_120608_1.jpg,br_down,1557.8756,1193.5895,-2122.4875,1583.7507,1146.2351,-2077.3193,1600.0133,1146.0121,-2076.7866,1613.3523,1146.3328,-2076.8535,1535.7225,1148.7415,-2068.5854,1518.9459,1149.6522,-2069.008,1502.7239,1151.0446,-2068.8755,1642.1833,1165.467,-1665.865,1481.7197,1171.3574,-1631.1682,1591.1302,1242.7117,-1956.6604,1529.1768,1249.3746,-1946.8988,1800.4015,1431.1859,-1274.2214,1350.1047,1430.6143,-1238.1265,1762.6699,1820.3815,-1101.7267,1372.8878,1812.1407,-1099.7465,1708.57,2152.9446,-1214.7946,1394.7894,2163.7375,-1225.4275,1730.0084,2253.2305,-1314.2721,1373.3898,2259.016,-1327.638,1681.3905,2251.2656,-1403.7892,1412.0205,2255.1724,-1402.5436,1664.875,2223.5972,-1248.7399,1426.0055,2228.5344,-1255.9012,1697.162,1881.2739,-11.37199,1457.8568,1872.0574,9.982592,1807.8945,2277.8425,-908.2718,1299.5436,2274.3354,-795.6416,1816.5304,2727.3362,-314.85876,1279.1805,2723.5703,-216.66194,1777.7836,2776.4736,-284.32156,1315.39,2782.0264,-184.4119,1906.5004,2905.6558,-823.3239,1198.2524,2888.938,-677.4838
br_down
IMG_20241017_120608_2.jpg,br_down,1561.7572,1048.5903,-1750.9869,1587.2535,1010.3671,-1691.0652,1602.361,1011.4172,-1690.6847,1617.8007,1013.0006,-1690.7089,1533.0424,1011.2524,-1693.3462,1514.5111,1013.1073,-1693.7474,1496.4323,1016.8198,-1693.7942,1645.582,1043.2494,-1285.9109,1475.007,1051.0326,-1297.9863,1596.0995,1103.7283,-1595.3733,1531.2157,1110.9429,-1599.289,1788.2856,1333.1345,-970.9493,1342.1328,1331.4259,-994.23004,1812.1495,1692.6581,-780.46124,1318.1437,1695.7023,-841.6616,1763.2122,2037.6835,-962.03503,1377.4309,2014.1011,-982.59393,1767.1398,2138.2383,-1051.3525,1363.6383,2111.2866,-1084.7272,1717.9989,2128.7808,-1158.1566,1412.393,2107.7683,-1163.8031,1705.7599,2099.1633,-1001.8008,1423.1333,2076.2488,-1014.3864,1691.6088,1872.9932,-3.7516484,1440.1384,1867.4574,2.4251661,1788.6093,2339.492,-423.95145,1309.0287,2310.783,-373.0656,1807.2936,2740.2075,414.5443,1277.7162,2723.4722,418.74133,1772.1106,2791.28,466.3622,1307.0,2780.694,468.2561,1901.3062,2920.6401,-21.601486,1185.9108,2899.4995,-1.4563046
br_down
IMG_20241017_120609.jpg,br_down,287.16397,242.74153,-463.23453,291.36194,234.81526,-447.342,294.02298,234.83394,-447.32297,296.18896,235.01181,-447.38257,282.25244,235.73671,-446.41492,278.93533,236.29875,-446.51984,276.3119,236.74379,-446.54425,300.8864,240.49364,-337.60168,271.81183,242.19661,-334.34042,292.82,252.42233,-421.11237,281.2798,253.02692,-420.29102,330.77145,294.83676,-245.76056,246.43132,292.50113,-240.4084,328.6389,364.87973,-226.16197,245.51543,362.66647,-224.33034,320.23834,428.69345,-294.14105,246.44444,427.21735,-293.2881,323.14938,444.60034,-323.50186,240.97273,443.27026,-324.9106,315.68762,444.41107,-348.12338,248.00243,442.47116,-348.586,312.70334,439.4474,-305.0654,251.06702,437.19803,-304.25406,311.64658,392.0701,0.36886528,263.38916,390.08368,-0.4106049,341.07498,462.84045,-227.61816,231.99368,458.6848,-238.3188,341.59448,562.83704,-101.10028,221.99739,560.1137,-96.88776,333.63702,578.91504,-96.31622,229.23552,575.7221,-90.204346,360.2825,593.0602,-231.58351,202.23419,591.6843,-220.42264
br_down
IMG_20241017_120611.jpg,br_down,284.90543,199.85927,-172.24532,288.8156,193.68355,-154.87802,292.00903,194.0823,-154.86838,294.29135,194.44736,-154.84338,279.48767,194.02698,-155.22171,275.98184,194.67989,-155.23401,272.88818,195.33069,-155.20535,298.75183,200.6028,-61.45354,268.42282,202.1562,-64.22118,290.94205,209.82484,-138.36772,278.81622,210.33676,-139.24788,327.3228,256.77856,-17.76503,244.65826,256.59814,-15.70915,339.3652,319.8086,-9.001389,229.31345,320.00488,-8.976861,337.9336,377.77185,-100.012146,241.96387,375.2977,-94.985344,340.6549,398.89456,-127.74342,241.86151,392.1996,-123.94076,332.9354,396.87506,-155.10799,248.64526,389.0266,-144.17822,330.45755,391.3733,-112.90253,250.37323,383.22757,-104.83621,311.879,379.19653,-1.42985,261.6387,378.55566,1.4115683,327.50867,466.04553,-26.912266,237.57512,462.1838,-34.010048,341.93005,564.51166,52.721054,224.04774,564.0061,48.812767,334.42032,577.74194,52.94318,229.9968,579.2121,48.635414,361.69302,592.17395,-59.714333,199.85622,593.7379,-63.928585
br_down
IMG_20241017_120629.jpg,br_down,1626.8994,986.41327,-3030.663,1644.3279,930.8515,-2925.61,1659.4248,931.1422,-2925.2817,1674.5121,931.88513,-2925.5906,1595.4419,927.0185,-2956.9202,1573.4358,925.56323,-2957.6775,1551.3606,925.0946,-2957.7227,1675.275,944.6843,-2231.9094,1497.5138,943.0199,-2376.8054,1642.0242,1041.2655,-2763.9492,1583.0759,1043.0334,-2806.9656,1817.9233,1273.0403,-1636.2129,1303.655,1276.6626,-1834.3179,1792.8064,1667.0001,-1452.0553,1296.0715,1696.5052,-1767.3762,1701.8822,2002.3184,-1870.712,1376.0544,2039.0182,-2148.6636,1702.5192,2101.846,-2053.7715,1368.6812,2135.3137,-2349.936,1661.5676,2095.6467,-2190.7617,1405.9805,2120.7483,-2471.0935,1647.9396,2058.144,-1935.2997,1418.8738,2082.0364,-2203.294,1676.7502,1817.053,16.40172,1406.472,1816.0901,-17.262934,1801.6042,2286.2559,-608.1541,1268.7543,2309.1794,-452.56232,1843.665,2794.0488,233.74054,1203.8522,2776.6753,375.58987,1815.1195,2854.4224,273.69754,1237.0392,2836.4307,414.01245,1885.8547,2984.3005,-460.69403,1087.6985,2963.881,-313.26126
br_down
IMG_20241017_120629_1.jpg,br_down,1607.0782,996.3617,-2746.1638,1628.2145,942.9389,-2634.6094,1644.2324,943.40155,-2634.3562,1660.8654,944.1674,-2634.5847,1576.9797,941.2366,-2662.4072,1553.9191,940.9371,-2663.1714,1535.8928,941.64246,-2663.3127,1672.0829,964.77814,-1947.5148,1489.9846,965.29663,-2074.8394,1630.3877,1053.4513,-2486.3784,1564.864,1054.4481,-2523.9646,1812.2444,1294.8406,-1405.8691,1303.4962,1299.2681,-1619.0752,1795.7622,1680.9333,-1284.1187,1310.048,1695.7075,-1600.1328,1678.9679,2014.503,-1749.8958,1387.668,2034.7612,-2041.4691,1663.8336,2107.5596,-1932.1244,1381.6237,2141.9521,-2259.705,1627.2426,2103.5708,-2064.9255,1425.6075,2125.2961,-2367.157,1621.4878,2069.9722,-1814.4702,1434.8667,2082.9438,-2093.5562,1672.8408,1865.1431,34.29022,1403.9814,1861.292,-34.8345,1797.8286,2331.375,-659.1938,1265.9025,2337.8,-733.603,1837.6066,2798.9712,379.22424,1205.0422,2785.2642,296.2237,1803.3158,2846.2004,439.2981,1241.5017,2846.5981,355.0146,1895.7378,2996.401,-281.3806,1091.441,2968.8792,-386.14783
br_down
IMG_20241017_120630.jpg,br_down,1560.886,1019.49646,-2833.8452,1594.9891,965.82196,-2738.217,1612.2144,965.7095,-2737.9497,1627.6321,966.9247,-2738.2043,1537.3297,962.7444,-2749.0933,1518.2256,960.616,-2749.8086,1499.7523,959.8624,-2749.9148,1653.1466,989.6249,-2085.1807,1472.0504,982.4537,-2136.7695,1598.1841,1073.447,-2583.016,1524.5245,1068.3129,-2598.7402,1798.6146,1302.6426,-1517.1616,1303.8231,1309.3787,-1649.9177,1785.8992,1680.0483,-1374.2605,1299.4271,1709.172,-1603.8285,1675.362,2017.1041,-1785.787,1381.0018,2048.935,-2037.2776,1664.2307,2098.6145,-1967.8276,1379.1017,2149.1636,-2247.7341,1623.1182,2097.3088,-2100.111,1419.3396,2134.0361,-2359.5405,1618.4838,2068.554,-1847.7234,1427.3491,2094.0945,-2090.1206,1664.3572,1853.3203,23.487137,1397.9542,1855.6674,-24.279778,1796.2312,2313.4922,-587.9311,1267.1499,2329.9724,-573.3735,1842.6196,2810.7563,320.71844,1195.4447,2791.7505,344.96832,1807.8339,2867.4653,368.38016,1222.8884,2851.9897,394.42084,1910.9137,2996.7065,-354.34766,1090.4972,2968.4878,-330.19806
br_down
IMG_20241017_120631.jpg,br_down,294.0737,187.91995,-391.61868,296.38852,179.69319,-373.52286,299.0091,179.8148,-373.49225,301.87442,179.9322,-373.51077,288.05975,179.37384,-378.22473,284.42523,179.52989,-378.30566,280.30707,179.92065,-378.28235,302.34534,184.36876,-262.69427,271.20013,185.26794,-285.07547,297.73898,198.53488,-349.86432,287.32736,198.3487,-356.43564,329.1886,249.7746,-184.55835,238.53381,252.29153,-215.14362,329.8479,322.72748,-159.97008,232.83165,327.37723,-204.2177,314.32614,381.93423,-253.24591,251.57196,386.32062,-275.93182,314.5278,400.06403,-289.16943,251.30603,405.67365,-311.5072,306.21655,397.3758,-317.0532,259.45978,403.8844,-332.65494,303.8654,392.18503,-266.36044,261.8009,396.68536,-285.7498,305.40555,369.97598,-0.43406993,256.88535,368.86417,0.32047373,332.72568,453.51276,-85.10721,223.40013,457.90662,-31.207108,343.59372,561.6259,2.8476617,200.38123,567.55133,56.41878,336.37955,576.5332,3.943401,206.63452,585.4063,56.218033,357.4261,595.7034,-121.60228,172.19846,594.3141,-67.92682
br_down
IMG_20241017_120632.jpg,br_down,284.63312,196.00394,-445.79974,289.52847,187.05017,-427.31555,292.04166,187.04306,-427.2683,295.14307,186.91235,-427.28574,279.49847,186.8505,-429.73523,275.58646,186.831,-429.84177,271.91357,186.9664,-429.82407,298.93628,190.27539,-311.88208,266.48694,191.06374,-324.3229,290.20627,206.19406,-402.35498,277.82678,206.69437,-406.09406,327.98053,255.74019,-230.39572,235.84875,256.23285,-243.00221,327.44968,329.77267,-210.11957,235.52106,331.99103,-234.33835,309.19592,391.3238,-286.42633,250.0251,395.2111,-314.0082,308.7484,409.45996,-321.6711,249.26686,415.11847,-350.16217,299.51477,407.8229,-344.92157,256.53897,413.14978,-373.43527,297.97968,401.54672,-297.19055,258.16257,405.17926,-324.86984,304.61496,373.5528,-6.381053,255.07196,369.9271,6.222069,332.21924,456.03632,-116.25326,224.0852,457.81326,-76.16419,344.65002,563.95953,-23.892233,202.008,567.1548,27.423304,338.21347,579.7356,-22.76438,207.45952,584.0722,29.244562,357.61243,593.7804,-153.5351,176.679,594.3371,-96.51998
br_down
IMG_20241017_120633.jpg,br_down,282.70343,200.42572,-479.51678,287.7296,191.13431,-461.56143,290.66287,191.38884,-461.50595,293.57565,191.6525,-461.5242,278.1495,190.47195,-462.89456,274.5934,190.409,-463.01694,271.4624,190.53854,-463.01385,298.22955,195.87846,-345.13327,266.75366,195.70552,-352.37186,288.46606,210.45132,-435.41873,276.30627,210.31813,-437.71057,326.71744,260.04358,-259.69928,236.20575,259.47183,-262.3244,325.24832,334.7988,-237.16508,232.38353,332.53088,-252.46255,307.51758,396.8355,-306.1092,249.55435,398.27078,-332.85947,307.81598,414.05048,-340.98975,249.17545,416.82657,-368.3377,299.2511,413.32568,-364.68213,256.2801,415.89447,-392.99744,297.4043,407.30557,-316.89108,257.8448,408.61853,-344.064,304.76093,376.63718,-11.547656,255.52159,371.85626,11.376735,331.71176,459.5438,-105.176125,223.32355,459.47818,-58.240665,344.44086,566.4385,-15.775035,201.39293,570.03,42.83882,339.05762,581.0345,-15.489479,206.64224,587.40625,44.349945,357.60492,595.6856,-149.24017,173.83568,596.119,-82.350716
br_down
IMG_20241017_120646.jpg,br_down,1607.8665,1564.8032,-3413.2083,1636.6289,1515.7909,-3357.515,1654.3229,1512.6162,-3357.1448,1673.3866,1507.5521,-3357.6658,1581.1064,1515.3696,-3354.539,1562.254,1512.3159,-3355.1516,1544.1726,1507.2972,-3355.1584,1703.0806,1478.2073,-2682.5803,1511.2578,1476.0082,-2676.2295,1639.0687,1602.0608,-3128.8604,1574.8363,1600.1097,-3127.477,1851.4965,1633.829,-1932.1793,1358.3876,1632.6982,-1895.7632,1870.3473,2050.355,-1789.1173,1345.3745,2034.0789,-1793.2281,1844.9246,2436.5134,-2233.6992,1353.1268,2427.8584,-2254.0881,1856.8577,2534.411,-2425.9102,1329.5101,2533.4114,-2441.128,1809.3489,2536.0632,-2562.6475,1368.1909,2532.8289,-2600.3813,1793.3224,2508.6409,-2294.0781,1386.684,2503.321,-2325.5742,1769.9178,2069.1606,15.270101,1497.8629,2065.2314,-15.172924,1917.4769,2484.0144,-1407.4427,1333.2915,2500.8308,-1265.4323,1885.6644,2989.8054,-312.05386,1242.6592,2962.8977,-170.85413,1821.559,3068.481,-247.25243,1283.9578,3033.7458,-105.429,2009.3868,3183.7314,-995.96466,1125.1243,3178.044,-826.51013
br_down
IMG_20241017_120647.jpg,br_down,1594.4458,1574.8337,-3410.1992,1622.8429,1526.3379,-3353.9197,1639.3824,1521.0822,-3353.5996,1657.3606,1514.5979,-3354.1592,1569.5756,1524.4725,-3346.011,1548.7823,1518.5913,-3346.5671,1531.5803,1511.773,-3346.544,1691.7327,1485.3724,-2689.0999,1505.0035,1483.2491,-2659.1414,1625.4645,1604.9067,-3131.6165,1562.8206,1603.0801,-3123.3606,1845.582,1653.1566,-1963.7478,1354.541,1650.4486,-1872.3251,1854.9572,2066.9695,-1837.8004,1340.241,2054.7642,-1766.9478,1831.0436,2458.8782,-2241.234,1344.1333,2446.075,-2221.6365,1845.0607,2554.54,-2430.2136,1332.1976,2546.817,-2403.0168,1798.59,2558.9878,-2570.5427,1363.1378,2548.228,-2565.506,1785.4668,2530.4353,-2302.6272,1374.7325,2519.4275,-2295.9983,1767.7839,2081.632,8.224573,1498.4591,2079.6123,-8.091799,1904.141,2501.1545,-1428.4945,1342.8348,2504.501,-1244.4688,1883.1256,2997.8562,-338.24036,1240.1599,2979.4766,-162.57068,1820.2922,3076.4238,-274.3847,1290.1344,3057.6643,-98.83216,2001.9176,3199.8127,-1035.9025,1135.871,3169.8604,-823.15674
br_down
IMG_20241017_120647_1.jpg,br_down,1603.7638,1554.971,-3273.9075,1629.7297,1507.3239,-3216.1897,1647.2644,1501.8578,-3215.925,1664.6195,1495.3118,-3216.479,1578.0387,1507.5546,-3211.764,1560.1713,1502.8448,-3212.3376,1543.7423,1496.9115,-3212.4194,1696.1641,1469.0006,-2568.0662,1518.9126,1471.4661,-2554.3525,1634.3918,1585.3904,-3003.341,1575.6842,1586.6697,-2999.5288,1854.6411,1649.5023,-1869.7162,1358.288,1632.575,-1819.1432,1863.2693,2067.8494,-1735.0071,1347.0597,2044.4403,-1724.7238,1841.2671,2446.4001,-2131.9272,1359.4574,2440.9521,-2147.382,1851.8007,2545.7422,-2318.0588,1343.7781,2539.5298,-2324.7795,1810.4985,2546.506,-2453.9983,1380.3297,2541.6125,-2480.6592,1796.4753,2517.6826,-2191.009,1396.0643,2510.8525,-2216.282,1774.3705,2089.6506,12.270927,1495.7797,2090.0063,-12.158628,1902.0812,2500.5679,-1330.5408,1328.8947,2493.808,-1209.5808,1876.1132,2993.46,-306.7891,1244.8221,2976.5095,-174.84946,1816.4546,3072.5227,-248.78072,1286.847,3044.825,-115.14482,2019.6641,3191.2588,-966.6566,1126.0624,3164.7134,-813.72723
br_down
IMG_20241017_120648.jpg,br_down,1590.765,1564.1393,-3466.478,1621.766,1515.2345,-3410.3633,1639.2358,1511.2971,-3410.0068,1658.8185,1505.7662,-3410.5664,1566.5396,1513.6433,-3400.8757,1547.3088,1508.3674,-3401.443,1530.4844,1501.4353,-3401.4016,1697.3231,1479.6489,-2747.2932,1505.7802,1473.5938,-2711.62,1623.1155,1597.7177,-3188.7249,1559.5282,1595.2219,-3178.7585,1854.8485,1660.2413,-2021.4181,1353.7119,1637.1135,-1914.1781,1847.1068,2086.7273,-1899.3242,1343.4259,2047.5378,-1785.9292,1825.3448,2463.564,-2293.802,1349.9387,2427.5593,-2227.1282,1836.131,2565.772,-2487.3823,1335.8431,2529.1233,-2406.4392,1783.9209,2571.5425,-2622.6333,1375.6483,2529.4314,-2567.9456,1772.4003,2538.6587,-2352.1204,1389.194,2502.8064,-2299.9233,1769.4075,2067.705,7.3751307,1497.3945,2063.9758,-7.331518,1906.6812,2487.002,-1439.2438,1337.5999,2498.7524,-1234.0052,1880.4398,2989.6743,-355.85757,1227.6348,2970.728,-163.01605,1823.6931,3066.3733,-292.9527,1273.2865,3044.7122,-100.401184,2000.6389,3178.1748,-1059.9095,1118.1257,3173.4873,-831.50446
br_down
IMG_20241017_120651.jpg,br_down,291.1051,248.36044,-546.515,295.66486,237.91452,-534.58734,298.56366,237.68683,-534.54785,302.14255,237.38832,-534.627,286.02527,237.74991,-535.12476,282.2878,237.58383,-535.2188,278.20352,237.46625,-535.187,307.16217,236.88046,-411.3289,272.5852,237.5081,-414.45023,295.68054,257.70453,-495.34277,283.96445,258.65173,-496.40533,341.7401,285.98242,-285.04907,242.30232,282.97635,-284.26935,339.87454,362.8918,-234.43805,240.186,355.0575,-237.33694,338.07092,432.5443,-299.90857,241.42975,425.57764,-305.90207,342.57748,452.3273,-330.45993,235.64851,446.4828,-335.36954,334.75153,451.21375,-361.47815,244.44725,447.22385,-367.99448,330.7038,444.276,-313.11127,249.37567,440.1784,-319.796,319.91098,388.17242,1.6583921,266.76767,388.8095,-1.6628991,347.46036,463.57733,-226.82895,236.13788,470.1838,-203.07547,353.0057,573.3338,-103.40538,208.81808,575.74664,-71.97554,342.78336,594.7499,-99.37322,216.47609,595.06384,-67.500885,374.56448,602.3452,-240.59483,187.50594,604.8216,-210.08717
br_down
IMG_20241017_120709.jpg,br_down,1748.7465,1445.9546,-2112.1216,1774.7179,1393.9839,-2051.1624,1793.8986,1393.0925,-2050.997,1810.8885,1392.6222,-2051.2605,1717.982,1395.8724,-2032.8062,1697.8898,1396.6827,-2033.2461,1679.9697,1397.5193,-2033.248,1843.6936,1403.8596,-1578.6776,1660.9425,1406.3871,-1488.7085,1785.1583,1496.9668,-1925.1655,1719.2811,1504.1824,-1899.8186,1991.5944,1648.335,-1174.2432,1520.7548,1647.9271,-1053.8634,1905.5186,2046.3643,-1055.9907,1547.888,2050.0295,-889.7924,1838.0613,2352.3167,-1278.7002,1635.98,2370.088,-1110.7029,1830.2062,2443.4255,-1410.0494,1642.2019,2466.236,-1239.5049,1787.3533,2440.854,-1505.2242,1679.9705,2464.5437,-1331.9285,1788.8057,2411.085,-1319.7786,1690.2185,2428.9424,-1151.6156,1841.4993,2164.5818,-41.820732,1574.8746,2144.7896,41.38301,2067.5771,2432.0637,-1280.7588,1351.1315,2430.4224,-1067.5286,2070.4045,2856.1084,-481.0827,1358.6117,2830.7283,-277.25528,2016.4304,2926.203,-432.68994,1404.0309,2902.4138,-226.70464,2161.5652,3044.9814,-1010.7237,1203.2296,2975.5396,-759.2264
br_down
IMG_20241017_120710.jpg,br_down,1748.2032,1427.9938,-2215.7258,1776.5774,1376.668,-2145.8518,1794.0779,1376.2383,-2145.7522,1809.3832,1375.4105,-2146.1533,1721.8215,1375.0022,-2133.5132,1703.0243,1373.3818,-2133.9497,1685.07,1372.1991,-2133.9636,1840.2808,1388.0482,-1646.8391,1662.158,1383.8884,-1579.609,1780.1292,1481.319,-2019.7207,1713.4375,1482.7483,-2001.035,1988.8536,1635.5153,-1239.8671,1512.472,1626.5027,-1131.3744,1917.399,2037.8859,-1178.319,1545.5479,2034.2385,-1024.9176,1832.044,2360.8525,-1456.5828,1619.6278,2357.4695,-1271.0331,1819.7213,2444.8594,-1614.3481,1623.5759,2446.413,-1412.3514,1777.8752,2438.738,-1707.885,1676.0048,2445.3335,-1506.4965,1775.6892,2408.7349,-1498.3138,1689.0894,2415.663,-1312.2843,1842.0242,2152.1755,-44.09398,1579.4108,2136.0183,43.91097,2066.8347,2428.0168,-1328.4272,1339.2002,2434.8193,-1074.1987,2073.0376,2875.4539,-429.96396,1352.0521,2819.9487,-193.09174,2024.9825,2940.8438,-373.8061,1404.6034,2891.6921,-136.4744,2159.9727,3044.6987,-978.0152,1191.8558,2964.6897,-700.75464
br_down
IMG_20241017_120710_1.jpg,br_down,1746.6897,1424.4607,-2260.254,1776.3793,1372.6094,-2187.4165,1795.2654,1372.0282,-2187.2988,1809.0355,1371.8827,-2187.6982,1717.699,1371.5763,-2176.5378,1697.2856,1371.0854,-2176.9983,1679.7572,1371.4565,-2176.963,1839.5902,1382.8085,-1672.5708,1656.4052,1382.3835,-1613.854,1780.5201,1476.2498,-2058.8003,1710.731,1481.698,-2042.4553,1984.8494,1633.9922,-1260.1514,1514.4753,1627.9633,-1177.567,1919.698,2042.7871,-1214.093,1551.86,2034.4984,-1092.0405,1833.6715,2354.1094,-1519.35,1624.7263,2358.355,-1345.4275,1819.1455,2435.063,-1682.6731,1633.1278,2448.6797,-1492.4751,1779.647,2426.93,-1773.4092,1684.9796,2445.5005,-1578.7145,1779.0513,2397.417,-1560.8496,1697.8812,2413.6458,-1384.3091,1844.0366,2149.3406,-31.723606,1583.6892,2131.77,31.511942,2066.6938,2428.2505,-1358.8048,1354.9232,2428.9329,-1127.321,2069.7344,2867.8887,-445.5994,1356.5991,2816.1516,-227.47162,2016.2487,2935.7231,-386.86432,1411.0704,2887.978,-169.36069,2161.9033,3045.922,-991.0434,1196.3007,2961.0215,-742.571
br_down
IMG_20241017_120712.jpg,br_down,319.64423,263.07724,-272.5882,324.46838,254.12077,-255.22705,328.001,254.28937,-255.24873,330.45798,254.49774,-255.28058,314.15393,254.33583,-254.63486,310.8712,254.38965,-254.67993,307.3049,254.78587,-254.68777,336.57864,260.03168,-155.87724,302.603,260.38403,-151.36766,326.18265,273.4732,-235.33194,313.2121,273.61578,-234.0939,365.43433,313.231,-106.99566,276.38745,312.89465,-103.07719,354.34924,386.13196,-131.60112,282.8523,387.15118,-103.752914,343.81894,444.77277,-239.62856,301.36783,447.80325,-167.1393,344.6429,463.45944,-278.13916,304.33502,463.31015,-198.33443,335.57672,461.53745,-297.2883,313.98044,462.972,-218.1784,334.21832,455.72867,-250.1302,315.2857,457.65323,-176.33287,341.55304,431.692,-2.954536,290.65466,427.83704,2.9488466,390.56805,473.79437,-268.81012,243.71095,473.22812,-253.28516,398.31177,574.2614,-150.59676,238.67723,573.88074,-118.918045,389.25934,589.96906,-144.8828,247.6514,591.88403,-111.392365,421.4101,601.21313,-266.1115,203.75363,595.67816,-226.99956
br_down
IMG_20241017_121352.jpg,br_down,1538.5292,1308.5463,-1724.8857,1567.1466,1253.6459,-1693.2236,1584.0293,1251.5889,-1692.7975,1599.3809,1250.423,-1692.8674,1511.3733,1260.1033,-1682.0614,1492.8916,1261.5084,-1682.4231,1475.2145,1263.6926,-1682.4564,1629.8821,1265.9857,-1349.5681,1460.626,1281.9794,-1294.1475,1575.5795,1354.4585,-1581.6492,1507.4417,1361.4222,-1565.9315,1788.6489,1527.2241,-1048.2491,1325.7302,1528.1064,-1019.5889,1783.0789,1929.3275,-894.05396,1337.9059,1921.8162,-902.723,1744.8021,2289.7317,-1002.86176,1388.5764,2290.6262,-970.59283,1749.5427,2384.5454,-1085.6127,1382.4882,2383.8032,-1054.1747,1706.5144,2379.239,-1174.0155,1418.5547,2380.2598,-1117.4441,1695.7028,2352.3206,-1034.9131,1425.7334,2352.4321,-994.79584,1693.1189,2080.368,-20.416733,1408.1987,2078.7095,19.00676,1850.5944,2518.463,-681.677,1268.449,2508.522,-501.81845,1808.2139,2918.403,104.04084,1327.6562,2916.0366,237.43365,1766.6602,2966.5842,154.84952,1371.5704,2970.8945,287.89615,1883.1232,3105.689,-276.67517,1219.2709,3089.4084,-81.06996
br_down
IMG_20241017_121353.jpg,br_down,1571.843,1249.658,-2071.2566,1597.6179,1194.9415,-2002.956,1615.7175,1194.1869,-2002.7844,1630.0596,1194.7146,-2003.0701,1542.2196,1198.8856,-1996.2657,1522.1277,1201.1411,-1996.6936,1503.688,1203.9385,-1996.8859,1659.131,1214.3171,-1510.4324,1488.6224,1225.0562,-1473.4827,1606.9448,1300.2487,-1879.7124,1540.853,1309.3157,-1869.4879,1814.0431,1505.2964,-1091.0181,1352.6102,1494.4825,-1092.0409,1791.0651,1898.1832,-923.0785,1363.6865,1887.0372,-1015.48,1757.6493,2248.8706,-1241.7577,1395.7391,2242.0999,-1330.8402,1767.5807,2342.7595,-1381.393,1387.949,2339.577,-1480.705,1722.2062,2339.6907,-1510.5435,1427.5134,2331.7678,-1590.3618,1709.3044,2311.4116,-1297.3579,1435.6411,2299.998,-1380.5852,1699.4164,2060.095,-11.616997,1423.5168,2058.4443,10.99697,1850.1797,2463.215,-941.39105,1278.8164,2482.8298,-787.48376,1806.0858,2900.8167,-36.703583,1332.8119,2897.2524,60.763138,1763.0975,2946.7046,16.578108,1382.1954,2955.7993,111.98607,1875.7373,3081.437,-585.7374,1223.647,3065.7314,-432.41962
br_down
IMG_20241017_121353_1.jpg,br_down,1564.7712,1223.853,-1894.1,1590.7019,1176.419,-1834.0259,1608.2456,1175.7123,-1833.7639,1622.7949,1175.6034,-1833.8917,1535.18,1180.6449,-1828.7583,1515.3156,1183.5739,-1829.1666,1495.8962,1187.4027,-1829.3765,1653.389,1196.1187,-1374.3848,1482.2506,1210.181,-1346.0293,1602.7213,1270.7935,-1712.7834,1531.9954,1279.1993,-1704.8849,1808.4639,1476.4235,-994.9247,1349.4889,1467.1182,-1001.238,1788.085,1856.8568,-815.5035,1345.8019,1851.5673,-918.49457,1760.465,2214.1013,-1085.8274,1373.727,2227.177,-1192.0991,1774.5037,2315.5334,-1205.4263,1362.2609,2317.857,-1325.4381,1728.4795,2313.905,-1327.6283,1404.4762,2315.2827,-1425.1481,1715.0151,2284.1038,-1136.4061,1413.9257,2286.6812,-1235.8677,1707.986,2056.7026,-13.502774,1428.1234,2046.7899,12.66208,1838.7244,2495.5115,-833.8925,1283.6068,2479.5422,-677.2789,1800.1676,2896.4673,94.730545,1330.2944,2890.391,190.37508,1764.8478,2941.3733,152.1851,1383.0188,2948.731,245.28165,1867.5138,3073.7407,-391.2368,1214.3098,3055.6418,-243.14975
br_down
IMG_20241017_121354.jpg,br_down,1561.6863,1238.7926,-2096.9187,1586.2443,1188.2821,-2033.917,1604.4644,1187.2269,-2033.6698,1618.0887,1187.2435,-2033.8903,1531.8899,1193.0059,-2028.0111,1512.9504,1196.1718,-2028.5114,1494.4076,1199.9847,-2028.7655,1648.28,1206.2303,-1540.459,1482.3634,1222.0398,-1508.4517,1599.999,1284.9795,-1901.9108,1530.012,1294.792,-1893.0856,1813.3862,1480.6833,-1108.9299,1351.5154,1478.3218,-1117.828,1791.7085,1860.4855,-934.61646,1353.4453,1858.4172,-1024.8414,1763.5721,2217.6655,-1228.7782,1374.1633,2226.5378,-1339.3231,1777.052,2319.9656,-1356.5381,1363.3322,2318.056,-1486.5112,1732.312,2319.0867,-1485.4954,1401.5844,2314.5537,-1596.2772,1718.9165,2290.7737,-1282.784,1410.3286,2285.0332,-1388.7305,1706.7711,2050.2014,-7.823228,1433.2942,2044.1604,7.1204367,1840.9242,2505.3105,-862.1342,1287.4597,2473.4714,-806.3112,1797.8971,2900.144,164.92111,1332.5753,2889.1418,154.46072,1770.2468,2942.1472,230.84657,1384.5216,2943.4033,217.73987,1866.0187,3076.2314,-343.3853,1226.6667,3064.24,-317.15594
br_down
IMG_20241017_121355 - Copy.jpg,br_down,299.7405,283.21637,-273.86136,304.0743,274.85693,-259.11258,307.03424,274.92322,-259.14703,309.87396,275.09616,-259.2009,293.6313,276.35837,-258.60068,289.3995,277.5069,-258.62915,285.99832,278.7657,-258.67502,314.12643,279.7504,-161.9521,281.7686,283.3479,-157.9625,305.82288,292.83362,-236.68361,293.9755,295.55325,-235.61467,341.69553,337.0823,-96.55767,257.76678,333.89212,-90.70656,341.95233,400.9057,-76.118805,252.24953,399.5498,-66.70685,333.33447,464.736,-178.7256,258.26672,464.10065,-151.22964,336.38376,483.23083,-210.87924,255.24962,483.068,-180.96384,326.9982,482.0882,-241.22096,261.8711,482.56262,-210.76064,324.28955,475.95215,-192.45311,264.25668,476.07895,-164.67116,320.1552,456.3453,-2.5479639,265.84882,452.6648,2.52864,353.0018,543.0396,-127.416405,232.50922,534.9022,-116.86767,346.8942,639.4645,0.30384701,238.32262,639.7139,13.518575,337.571,653.6687,5.190197,245.34158,657.4209,19.01474,365.22272,669.78687,-113.83268,210.58781,668.01154,-90.56083
br_down
IMG_20241017_121356 - Copy.jpg,br_down,298.57977,287.89807,-303.71454,303.0133,278.8891,-289.38467,306.11078,278.62524,-289.42126,308.92023,278.65976,-289.47928,292.22778,280.62247,-288.4417,288.6487,281.40176,-288.48517,285.41614,282.18454,-288.53925,313.62534,282.76562,-190.63928,281.99796,286.20624,-183.98178,305.29965,296.95386,-265.42807,293.00092,299.96408,-263.64407,343.01834,339.652,-120.159996,257.88477,336.88873,-108.86344,340.86182,404.4436,-103.503586,253.80553,404.85443,-80.55713,334.61002,466.93097,-206.26994,260.48502,467.8716,-165.52895,336.84393,486.1635,-238.81294,257.11133,485.97766,-195.5459,328.81616,484.92627,-268.0907,264.06287,485.5538,-226.33249,325.686,478.34778,-219.61058,266.62717,479.19217,-179.35497,320.84454,456.84427,-4.542146,267.65134,453.125,4.513088,351.74045,540.3839,-148.52429,233.61378,533.5209,-144.02948,346.9495,641.11255,-41.675434,236.58401,641.13293,-29.032843,337.70654,655.0752,-39.188957,244.01686,659.9938,-24.96637,362.5034,670.94104,-169.5462,208.72954,670.53125,-141.27438
br_down
IMG_20241017_122047.jpg,br_down,1529.9869,1175.499,-2663.353,1565.0652,1128.2296,-2586.8708,1585.0999,1129.3287,-2586.488,1600.8058,1131.6401,-2586.3735,1499.791,1125.0428,-2597.3142,1478.2778,1124.7753,-2597.781,1457.2344,1124.9717,-2597.8342,1632.9796,1157.0457,-1934.8483,1433.3768,1153.4734,-1993.9219,1571.0911,1240.2266,-2405.6177,1492.9031,1238.2722,-2423.274,1794.6416,1447.0903,-1317.7068,1291.2919,1451.7345,-1477.5933,1796.919,1870.0773,-974.7978,1279.611,1875.2076,-1241.5277,1764.3578,2241.552,-1404.4391,1282.1934,2237.9458,-1658.1909,1787.5165,2340.9885,-1571.3655,1280.2566,2346.886,-1859.3083,1736.6823,2340.549,-1753.7566,1324.266,2343.3745,-2015.085,1716.3744,2309.6448,-1484.1195,1333.3185,2308.6348,-1727.5875,1652.1348,2099.6675,40.498207,1400.6335,2106.8752,-41.529205,1771.2408,2638.8047,222.58951,1372.4385,2622.62,260.3535,1840.0374,3063.9292,1412.9619,1327.0514,3052.543,1529.8955,1822.7379,3112.2375,1494.4011,1354.311,3089.9702,1620.2023,1886.774,3270.1619,797.1237,1272.3318,3254.5437,921.30133
br_down
IMG_20241017_122047_1.jpg,br_down,1530.8622,1199.61,-2650.3313,1566.8446,1152.3075,-2567.5657,1587.398,1153.9604,-2567.2231,1603.0927,1155.88,-2567.142,1501.2635,1149.305,-2579.4988,1479.0074,1148.4253,-2580.0132,1457.0001,1147.955,-2580.1387,1636.2439,1182.5479,-1901.5776,1432.4282,1176.8062,-1964.1852,1571.7328,1263.331,-2387.8135,1491.337,1259.9004,-2406.8677,1795.8535,1478.2548,-1278.7894,1284.504,1482.0117,-1453.2545,1805.413,1891.4968,-931.9391,1280.536,1893.3496,-1221.882,1764.4944,2279.4949,-1381.4869,1285.108,2254.512,-1662.8872,1786.2184,2373.3618,-1547.0665,1283.496,2365.6965,-1865.8344,1742.0311,2375.9443,-1727.2639,1331.5007,2362.3176,-2021.804,1721.7534,2343.9563,-1460.3131,1341.7391,2328.3152,-1731.7708,1654.2552,2121.627,35.598972,1402.0995,2130.3262,-36.514244,1770.7307,2657.687,-63.69856,1362.4292,2662.3054,139.18048,1839.8379,3069.2258,1273.6442,1325.3131,3058.8914,1596.1241,1822.7373,3114.154,1370.79,1352.2628,3093.199,1706.9481,1887.4086,3286.0945,668.93384,1277.2184,3272.6155,1019.99664
br_down
IMG_20241017_122048.jpg,br_down,1538.1068,1202.3396,-2892.049,1574.5392,1153.8303,-2813.246,1593.0337,1155.3779,-2812.8442,1610.1501,1158.4855,-2812.7659,1508.7987,1149.37,-2822.342,1487.0011,1148.8473,-2822.9526,1466.5587,1148.7424,-2823.1338,1643.5161,1184.4257,-2140.9219,1439.845,1175.9539,-2191.4312,1577.1824,1267.0586,-2626.4028,1496.9342,1263.9132,-2641.6396,1803.8885,1482.8022,-1482.8207,1288.2611,1479.3809,-1656.427,1810.4926,1895.1311,-1156.3795,1287.258,1897.2144,-1431.8308,1777.1323,2269.273,-1597.8334,1288.5593,2267.561,-1858.3433,1796.4369,2360.8894,-1771.5027,1289.002,2370.386,-2065.1213,1753.8431,2360.4175,-1951.4073,1333.7667,2365.785,-2227.3164,1734.8558,2330.2378,-1677.7369,1342.6642,2334.0583,-1929.2228,1650.6101,2118.4348,36.0545,1400.4194,2117.5684,-36.902225,1767.4171,2648.8218,236.49342,1368.1887,2643.5286,332.92892,1838.8442,3068.3186,1535.6451,1321.2147,3067.099,1763.4462,1820.6416,3111.5046,1628.4854,1346.9714,3104.3083,1870.3844,1882.1978,3275.5222,910.22107,1270.827,3268.6501,1151.3363
br_down
IMG_20241017_122048_1.jpg,br_down,1543.7642,1222.5104,-2722.4707,1579.0162,1172.5994,-2653.57,1598.0988,1173.503,-2653.1912,1615.6538,1174.6454,-2653.105,1513.6302,1169.5662,-2661.872,1490.9629,1168.3347,-2662.4033,1470.4438,1167.7404,-2662.5427,1646.3059,1196.9506,-2019.6968,1443.2687,1189.1665,-2064.4878,1582.9691,1286.476,-2467.7903,1506.5294,1286.2699,-2481.3772,1797.4214,1474.6213,-1419.0244,1291.2115,1489.562,-1508.3662,1829.1062,1868.9755,-1101.3508,1287.9316,1892.0037,-1257.5111,1781.2296,2257.6978,-1517.2793,1283.7628,2259.4922,-1662.9957,1794.8193,2348.6387,-1690.9333,1285.1376,2361.6023,-1849.5933,1756.203,2352.2566,-1860.7988,1328.3638,2361.2593,-2032.2148,1741.2583,2321.9338,-1591.3217,1335.4142,2331.578,-1740.7744,1662.581,2122.261,-10.390806,1408.6383,2125.8416,9.674374,1769.7906,2649.3933,135.99564,1376.6666,2635.731,497.48508,1850.6497,3064.4175,1193.6362,1326.4574,3046.8774,1838.6552,1841.9071,3106.7808,1261.1548,1355.5233,3085.162,1938.1638,1878.1598,3272.2373,556.3931,1275.3726,3252.4014,1289.284
br_down
IMG_20241017_122050.jpg,br_down,292.48566,276.93677,-366.34082,298.05603,267.75436,-349.89832,301.06168,268.02435,-349.8754,303.67905,268.6355,-349.86945,288.11182,267.65515,-352.29938,284.26117,267.9077,-352.34128,280.86823,268.23184,-352.32162,309.61777,275.2799,-230.39055,275.00415,275.3557,-242.24399,298.723,288.2119,-319.5779,285.4781,287.749,-323.29272,339.97845,337.20444,-133.86101,247.67345,335.0495,-141.46404,338.53577,411.8125,-66.60141,245.69698,408.42404,-80.32175,335.45706,482.45703,-148.56796,240.31712,477.53735,-170.6598,338.61948,502.3582,-174.1735,236.84741,496.75537,-202.29492,329.83786,502.23297,-211.85497,244.20744,495.75418,-233.51804,326.5261,495.18863,-164.22856,247.5641,490.33087,-184.51149,316.14078,467.3933,-2.8548748,265.50912,466.38132,2.7414246,333.66177,570.6676,-40.037918,250.07565,573.24384,-37.899227,355.2188,686.936,53.26341,229.12662,687.2504,65.04966,351.52472,700.92896,52.809464,234.09167,700.6697,65.33382,367.91208,720.0407,-91.89753,212.67117,719.2517,-77.6773
br_down
IMG_20241017_122051.jpg,br_down,293.36673,275.99216,-344.33185,298.98108,267.03348,-327.69757,302.0323,267.33447,-327.68143,304.4957,267.92737,-327.65567,289.58258,266.9253,-329.48813,285.74307,267.2315,-329.51788,282.24084,267.7437,-329.50528,309.86072,274.8563,-210.5318,275.77615,275.23184,-219.81139,299.34116,287.53296,-299.2137,286.4677,287.12173,-302.14877,338.7791,336.6992,-123.8038,248.6215,335.48502,-122.42812,334.95642,408.83957,-58.824066,247.01277,407.31583,-60.66343,333.53052,479.67197,-141.75821,239.78645,476.40366,-148.49791,335.57684,499.4875,-167.79349,236.24341,494.64316,-179.2857,327.26266,499.0102,-205.13998,241.65118,493.94495,-211.20123,324.2976,492.66467,-157.37758,244.80711,489.08783,-162.95946,316.66586,469.668,-3.2877328,265.95575,468.7929,3.1802995,338.10046,576.25006,-15.040062,248.21489,578.99646,-13.2670355,355.6978,685.6537,91.70995,230.12793,686.4172,97.78092,350.6505,698.15027,92.883545,235.0654,699.0749,99.04627,369.90112,717.3426,-47.92966,211.65065,718.47565,-39.397923
br_down
IMG_20241017_122052.jpg,br_down,290.5454,276.60892,-330.80554,296.35513,267.42236,-314.03876,299.0656,267.68478,-314.02344,302.13202,268.11496,-314.00443,286.26028,267.496,-314.6386,282.5177,267.71002,-314.6685,278.9842,268.0088,-314.65756,308.16437,274.83966,-198.18704,273.61392,274.83508,-201.5686,297.1722,288.20697,-286.28198,284.0739,287.5814,-287.53067,338.5044,336.7275,-115.98071,246.27403,334.45682,-107.91328,336.83484,409.51935,-60.17075,242.24467,405.50806,-49.120625,332.10196,478.48578,-143.4124,238.07007,473.42654,-139.89943,334.29102,495.7033,-170.52821,235.84167,492.4586,-170.59456,325.07852,495.02972,-205.74902,242.61237,491.00916,-202.48965,322.35483,490.1263,-158.23703,245.76001,486.45187,-154.32013,312.6821,469.1782,-5.3863416,263.3455,468.6657,5.2818937,333.0677,570.6622,-31.96317,249.15402,574.47797,-19.781595,353.9134,684.6329,70.74891,229.61429,684.91113,95.24825,351.39807,698.1874,71.55365,233.99255,698.72784,96.87358,370.1178,716.2842,-71.00954,213.56853,716.08704,-41.887672
br_down
IMG_20241017_123121.jpg,br_down,1609.8549,1327.148,-1987.8262,1634.8322,1280.7382,-1965.3757,1649.8279,1278.5199,-1965.2388,1664.6992,1275.7015,-1965.3488,1585.1108,1280.9628,-1965.8864,1566.5082,1279.3102,-1966.2577,1550.5952,1277.3038,-1966.3596,1684.3477,1265.1617,-1535.7798,1523.207,1264.4338,-1534.5322,1632.1475,1361.108,-1798.9724,1573.6134,1364.6527,-1799.7198,1792.6484,1458.3456,-1082.2058,1410.3859,1448.9241,-1055.7396,1720.2224,1776.7942,-823.36743,1448.2715,1773.6865,-822.0907,1664.7996,2044.5271,-1011.57745,1482.3402,2064.465,-1019.2273,1668.0985,2131.1414,-1110.6862,1486.1809,2138.328,-1113.9485,1636.5508,2123.6873,-1236.4109,1513.0593,2134.4868,-1244.1393,1630.3953,2095.5164,-1060.6815,1523.0352,2106.052,-1070.916,1694.3098,1983.1106,-40.2808,1469.6553,1983.9292,39.752884,1754.3181,2387.2168,-200.40979,1379.115,2381.0283,51.58345,1791.2224,2794.8618,160.43861,1335.6812,2769.9512,427.4382,1754.4059,2846.3325,161.72261,1369.1011,2825.9678,433.1759,1880.4078,2957.304,-331.35388,1207.8013,2916.1792,-17.197027
br_down
IMG_20241017_123121_1.jpg,br_down,1610.4371,1321.2618,-2145.1377,1636.3782,1278.1499,-2120.2502,1651.4502,1276.5709,-2120.1313,1666.0974,1274.6412,-2120.356,1588.5095,1276.1498,-2117.372,1570.7236,1273.5223,-2117.7498,1554.3989,1270.8271,-2117.843,1684.666,1270.9393,-1674.2194,1526.0437,1266.1913,-1659.585,1631.7762,1362.2157,-1950.4022,1575.5122,1365.4474,-1947.3586,1791.3966,1456.4677,-1208.1823,1413.6622,1453.3717,-1127.7708,1715.6266,1778.708,-970.63385,1451.8492,1775.141,-886.03925,1644.6602,2046.2261,-1185.1252,1481.5072,2057.6619,-1140.3566,1635.7811,2127.2698,-1301.5889,1484.7789,2137.312,-1248.0088,1604.2755,2123.639,-1425.2837,1518.3378,2138.7896,-1385.3855,1605.6122,2099.3257,-1233.4677,1523.7483,2110.9785,-1196.1343,1701.7157,1964.9629,-51.79675,1477.8595,1962.873,51.292313,1755.9142,2379.9866,-206.9493,1387.0647,2367.2112,27.71131,1790.2452,2783.93,180.53934,1337.1952,2760.4624,457.41788,1753.5258,2837.5764,182.19763,1366.8635,2824.4363,467.25537,1888.7284,2945.2202,-345.16907,1219.3727,2910.7258,-4.129844
br_down
IMG_20241017_123122.jpg,br_down,1639.7236,1302.0599,-2240.8972,1655.3995,1255.5426,-2203.308,1667.902,1254.004,-2203.1458,1679.7062,1252.3651,-2203.3584,1616.2378,1254.6151,-2212.4148,1598.943,1253.1531,-2212.8179,1581.3357,1251.4677,-2212.89,1684.786,1252.4662,-1713.3986,1537.4535,1252.7173,-1751.2035,1653.7413,1343.9639,-2031.9967,1605.7504,1348.55,-2044.224,1794.4347,1456.9424,-1209.7933,1415.9263,1453.9695,-1207.8639,1716.1351,1774.8745,-923.44934,1455.2789,1770.694,-954.032,1648.0865,2048.8467,-1138.7839,1489.2959,2052.6204,-1182.6722,1643.5756,2130.6492,-1244.7856,1493.159,2132.8804,-1287.0042,1610.6014,2127.1016,-1378.4319,1519.0317,2134.5007,-1430.8116,1610.0911,2101.4553,-1191.7252,1528.6765,2107.0017,-1241.6396,1693.8636,1948.344,-40.15457,1473.7213,1948.8789,39.703182,1751.8477,2380.3591,-176.24048,1383.516,2372.822,62.890995,1789.7571,2779.8809,225.3265,1330.9587,2755.393,485.57867,1756.8296,2838.4128,226.83621,1364.4409,2820.369,492.4657,1890.4574,2945.0938,-318.93686,1211.7549,2911.288,-3.9658923
br_down
IMG_20241017_123122_1.jpg,br_down,1629.1343,1296.3136,-2199.5483,1646.4302,1249.1322,-2159.4011,1658.3639,1247.2192,-2159.2273,1670.3501,1245.5114,-2159.3525,1605.8789,1251.742,-2170.5225,1588.7509,1251.5233,-2170.9275,1570.8141,1250.9962,-2170.9744,1673.5591,1248.7355,-1675.4509,1528.8065,1253.169,-1727.8909,1642.73,1338.5172,-1996.2112,1592.7867,1344.001,-2012.3107,1784.6664,1454.4221,-1200.6141,1401.652,1459.9315,-1213.7155,1727.8646,1778.579,-931.2182,1446.2391,1781.7294,-981.3398,1653.7755,2049.4639,-1164.7832,1479.7158,2071.0881,-1217.9832,1654.1694,2133.6392,-1282.3429,1482.3572,2152.8618,-1330.1057,1620.6846,2127.9634,-1413.3318,1511.8796,2149.7244,-1472.621,1618.4135,2099.2595,-1216.5121,1521.3134,2120.6724,-1275.8042,1686.5713,1972.771,-30.104902,1473.1422,1972.0078,29.631975,1748.1056,2395.117,-143.53012,1380.9514,2381.3833,78.52665,1785.7769,2808.1155,261.9812,1328.4163,2773.0066,563.56976,1754.734,2859.0415,264.97037,1363.312,2830.0122,577.498,1892.9651,2958.1318,-262.5337,1216.2655,2924.671,93.17485
br_down
IMG_20241017_123122~2.jpg,br_down,317.24054,409.01474,-233.4867,322.4185,400.1359,-224.38878,325.0892,400.0045,-224.39384,327.25766,399.89328,-224.41281,313.6353,400.30374,-224.79875,310.4216,400.23853,-224.81805,307.64145,400.14185,-224.81052,330.40417,399.7802,-124.85764,302.8056,399.78357,-126.679245,321.99402,416.2184,-191.62634,311.3063,416.81186,-192.32909,354.2437,438.75928,-54.10887,279.86737,439.4033,-43.8566,344.25998,495.95398,-38.402348,287.6271,497.34515,-27.173536,331.84167,547.9938,-144.51945,297.88144,551.58234,-124.852455,330.97055,566.7924,-178.73132,298.42517,567.6119,-156.7805,325.9729,566.113,-207.81683,301.85968,567.3648,-183.25444,325.4217,560.1662,-158.19743,302.90158,562.0493,-137.08339,342.6543,557.86365,-9.49086,294.84097,558.3604,9.553825,357.09836,651.79193,-43.975086,274.17233,651.7861,-13.799589,375.16666,747.6981,30.80262,261.18713,746.8897,69.345314,367.4984,764.06036,30.811335,267.19025,763.74756,69.710495,395.168,775.9333,-90.50793,239.30626,773.79626,-46.438385
br_down
IMG_20241017_123123.jpg,br_down,317.58282,410.0885,-223.40263,322.23843,400.95987,-214.2386,324.69827,400.68942,-214.24702,326.97684,400.54135,-214.27193,313.55322,401.49454,-213.93542,310.33997,401.53427,-213.94908,307.44623,401.48254,-213.9376,329.94424,400.5929,-116.231316,302.55084,401.24255,-114.553375,322.26956,416.86526,-182.18964,311.6133,417.44284,-181.86336,354.3758,439.52045,-46.834633,280.46436,439.46924,-30.527552,343.57056,497.03485,-24.24013,287.14236,497.4228,-5.890959,328.99545,548.20325,-121.95734,298.3146,551.07965,-98.31496,326.42447,567.05597,-155.23369,298.42755,567.41046,-129.3514,321.5547,566.3394,-184.30931,302.93744,567.0793,-156.25543,322.0533,559.9987,-135.31758,303.85355,561.67084,-110.677376,341.30942,557.7394,-11.832646,293.93747,558.36993,11.915366,358.0109,653.7097,-56.249134,274.12338,652.42303,-9.298432,376.06015,749.37744,10.755738,260.40814,747.49396,74.396164,367.61545,765.7228,9.890856,267.51974,764.4345,75.00626,395.98956,777.08466,-111.82225,236.62984,774.6056,-38.51576
br_down
IMG_20241017_123124.jpg,br_down,319.48816,407.45425,-237.54327,322.99677,398.6591,-226.54523,325.11685,398.47778,-226.55963,327.48218,398.2635,-226.58717,314.90295,399.24265,-227.8915,311.64468,399.4517,-227.89893,308.33542,399.6563,-227.88264,329.16974,399.37485,-125.10029,302.18015,401.15482,-130.93341,323.53827,414.65198,-195.83638,313.21295,415.94043,-197.64876,353.8622,440.05185,-55.984802,279.58823,442.1747,-50.78895,342.47504,497.83734,-31.699963,288.09497,498.95068,-25.688358,329.49072,549.0637,-130.42075,300.11243,554.4669,-113.60911,329.29153,568.35834,-163.42203,300.38678,570.7231,-144.74411,323.50067,567.535,-193.65088,304.84528,570.6986,-171.99678,322.67462,561.505,-144.29121,305.43277,564.97253,-126.16636,340.96945,558.0184,-8.069154,293.01947,558.28937,8.145482,359.20853,652.0071,-47.226757,274.3713,650.8346,-13.685013,374.43317,749.19617,24.240887,260.16986,746.4764,72.44644,366.72565,765.86145,23.792645,267.0948,761.8376,73.150475,396.28055,777.5882,-97.55989,240.94331,774.50055,-41.915173
br_down
IMG_20241017_123124~2.jpg,br_down,320.6179,405.7201,-169.37187,323.89783,397.3742,-156.71236,325.87546,397.3229,-156.73338,328.18005,397.32397,-156.75597,316.04578,397.52,-157.68285,312.78937,397.61377,-157.69318,309.3298,397.7234,-157.67854,329.5659,399.01837,-57.72208,302.91278,399.38785,-61.919163,324.34186,413.68796,-129.46843,314.04486,414.29782,-130.85828,353.57648,439.99762,-5.914834,280.39664,440.4926,-0.70464545,341.98584,496.5866,-21.790577,288.25525,498.5478,-19.09473,329.9231,548.4623,-141.76974,299.60898,554.32947,-137.1942,330.59055,567.4437,-178.31755,299.51877,570.0601,-173.08707,324.74164,567.2805,-204.61746,304.98175,569.61505,-195.51242,323.76028,560.9457,-155.08244,305.9592,563.6354,-148.77896,341.02103,557.66174,-10.464563,293.2703,558.1807,10.566391,356.10858,653.0624,-54.462128,274.88824,649.98096,-20.052452,375.58673,749.6777,13.591135,259.5769,748.0237,61.155033,368.44095,764.836,12.857325,267.26633,764.3634,61.304955,397.60318,778.78436,-108.787865,237.21188,777.2086,-53.91954
br_down
IMG_20241017_123138.jpg,br_down,1509.0264,1473.2006,-1821.427,1540.7819,1420.8765,-1782.7175,1558.781,1420.5494,-1782.748,1575.3137,1420.9059,-1782.9999,1472.6371,1422.0054,-1782.579,1450.3016,1422.9937,-1782.8718,1433.7334,1424.3512,-1783.1677,1603.6897,1437.945,-1360.4233,1408.9801,1439.6903,-1350.7789,1545.257,1520.5222,-1643.7247,1469.7821,1525.5205,-1641.9237,1722.3307,1657.12,-889.3969,1295.8269,1649.5283,-1007.66327,1653.0524,2004.4656,-683.16974,1340.4132,2023.8488,-859.22894,1583.2303,2324.6704,-869.6546,1390.3511,2319.3235,-1032.0319,1588.5076,2411.2102,-975.61725,1393.277,2408.929,-1142.4718,1551.9584,2404.8599,-1072.9956,1442.7362,2399.133,-1242.1598,1537.3855,2373.0134,-908.6793,1452.5405,2369.9775,-1070.5206,1594.1624,2168.337,32.31784,1378.6526,2168.1726,-32.68493,1713.4863,2608.825,-311.9413,1290.9825,2588.0195,-348.82965,1750.3505,3011.8252,333.97864,1209.4001,2988.917,230.27301,1717.2743,3064.5935,369.22733,1231.4633,3054.8938,266.32184,1817.2214,3129.4019,-126.01855,1134.352,3082.424,-245.28947
br_down
IMG_20241017_123138_1.jpg,br_down,1514.1444,1494.6775,-1757.7433,1538.5682,1440.6926,-1732.8379,1555.541,1438.8733,-1732.8236,1572.3052,1437.3031,-1732.9928,1477.9169,1440.8453,-1734.8013,1455.2909,1439.5125,-1735.1094,1435.7133,1439.0841,-1735.2964,1592.5593,1446.628,-1333.8866,1406.8976,1449.9879,-1333.6957,1538.8804,1537.2139,-1583.3495,1473.7391,1544.1882,-1584.3701,1715.1588,1651.9283,-889.30743,1297.359,1655.4951,-953.80914,1658.1788,1989.0773,-636.6986,1335.4702,2017.8866,-746.5488,1595.4883,2313.5112,-822.04504,1391.9794,2315.987,-888.9897,1598.2834,2406.191,-917.5779,1399.9584,2409.8428,-973.5241,1566.907,2403.1895,-1027.3085,1438.1356,2403.764,-1087.1298,1555.553,2369.632,-864.5125,1445.0046,2372.23,-930.8609,1604.9163,2189.0825,3.5567918,1378.3778,2195.9016,-3.8995147,1722.7146,2620.6719,-284.17313,1277.1398,2607.2954,-211.1059,1753.9639,3029.552,171.81418,1203.2804,3002.638,218.57869,1722.8516,3082.6536,187.63034,1231.5522,3070.8938,237.3499,1831.1824,3177.2344,-283.60474,1101.0127,3142.556,-229.77255
br_down
IMG_20241017_123138_2.jpg,br_down,1513.5239,1471.5952,-1182.8118,1541.264,1420.8159,-1166.9893,1560.1348,1420.9619,-1166.9915,1577.5463,1421.4363,-1167.1868,1482.7406,1419.8746,-1163.5809,1460.1328,1419.9755,-1163.7827,1440.9269,1420.955,-1164.0289,1604.9507,1439.703,-909.57697,1412.5779,1434.0835,-886.67847,1544.3551,1517.8556,-1069.4164,1475.2936,1521.2465,-1063.6046,1724.4222,1663.5237,-637.10236,1297.8784,1650.5356,-718.78955,1665.1847,2004.2712,-494.75308,1335.1835,2011.2863,-636.44727,1592.4844,2320.6318,-568.17615,1387.2941,2320.989,-674.82086,1606.9586,2411.0654,-634.7216,1387.9015,2413.8135,-736.8806,1568.3002,2407.4058,-701.69543,1434.254,2403.1814,-799.28925,1547.1522,2374.1238,-591.91486,1445.5323,2374.4688,-694.9646,1586.3341,2169.2844,8.848837,1367.6107,2169.1318,-9.842175,1715.2113,2614.211,-230.47675,1285.6696,2598.62,-161.0952,1754.5258,3022.652,110.473045,1209.4924,3001.8535,123.02762,1716.5658,3074.1865,121.03755,1237.1823,3069.3386,132.9128,1833.7335,3151.7544,-229.38782,1113.5648,3120.811,-228.78552
br_down
IMG_20241017_123138~2.jpg,br_down,304.09814,402.75644,-318.77094,307.1836,392.46353,-301.76788,309.80844,392.32425,-301.79282,312.27322,392.29922,-301.84174,297.3132,393.33533,-304.88037,293.55228,393.7701,-304.95047,290.31097,394.24548,-305.049,315.4939,396.3873,-194.78613,284.69678,398.82416,-207.40053,309.10834,411.58347,-277.0532,297.56097,412.5411,-280.76575,342.56165,442.4303,-97.70956,263.42795,442.87158,-173.32668,337.57336,501.7797,-86.336266,268.19168,505.4268,-185.27586,318.43048,558.527,-185.46515,283.30344,562.40686,-260.10864,318.1118,575.0464,-216.65062,285.23672,578.64417,-295.42776,308.67792,574.4196,-234.38255,294.57578,577.105,-307.09766,308.55948,567.4767,-195.39922,295.8185,572.28204,-265.2613,324.2049,551.5983,16.18514,280.79346,554.4355,-16.119707,341.24466,623.0904,-73.014824,263.67996,631.46564,-80.5184,335.90234,686.2157,123.2033,248.53922,704.3214,98.84942,330.33865,694.4919,138.39244,247.93222,715.27545,112.37448,346.27353,716.8668,43.08237,249.82182,735.00757,-4.277962
br_down
IMG_20241017_123139.jpg,br_down,1511.069,1471.6194,-1129.0364,1538.2365,1421.1691,-1115.2158,1554.9565,1419.9626,-1115.2175,1571.0033,1419.1041,-1115.3286,1477.2021,1424.5801,-1117.7007,1454.526,1425.93,-1117.9473,1436.6902,1427.1248,-1118.218,1592.5063,1433.037,-860.48663,1408.7655,1440.1449,-865.1533,1540.1666,1518.5713,-1016.63617,1471.9457,1524.8323,-1018.8513,1712.665,1658.6011,-606.7797,1288.3182,1658.8887,-705.58453,1655.5574,2001.7025,-450.67773,1333.5322,2016.9542,-611.37897,1598.0857,2319.1526,-528.0669,1388.5072,2327.069,-631.1769,1603.7238,2403.8792,-587.11926,1395.0814,2408.8994,-684.0356,1562.957,2393.0798,-659.51025,1437.4777,2402.9082,-746.77484,1551.9469,2365.0269,-553.65,1447.7081,2373.814,-649.6097,1599.2323,2191.746,8.787301,1366.8899,2190.4211,-9.839567,1718.4684,2637.026,-176.06294,1282.9933,2610.0728,-142.10837,1754.1796,3010.993,124.36802,1207.3076,2985.8164,156.93996,1716.1969,3072.0515,128.7577,1230.3115,3055.039,167.50514,1835.6924,3183.0054,-217.82729,1107.3741,3147.5361,-170.29541
br_down
IMG_20241017_123140.jpg,br_down,303.6473,404.1126,-319.0253,307.22693,394.73553,-302.8537,309.9313,394.7021,-302.8733,312.38452,394.77097,-302.9233,296.8854,395.2306,-306.24893,293.0464,395.6702,-306.32126,289.5853,396.212,-306.41605,315.6278,398.47388,-197.82947,284.2439,400.8015,-211.77975,308.7972,413.24777,-277.8957,296.5405,414.19162,-282.02075,342.5774,445.74976,-100.39679,261.7393,445.43805,-174.53859,334.17184,503.3147,-85.78772,267.4817,507.41907,-182.4238,320.78436,559.6837,-185.19821,284.598,562.7301,-255.54611,317.53262,575.9152,-216.10263,286.15482,579.6012,-289.9621,308.8019,574.90594,-234.4673,296.79547,576.79694,-301.8234,309.29718,569.476,-195.34258,298.35446,572.0755,-260.54562,324.4417,552.6318,14.242418,279.9613,555.623,-14.194776,342.5517,627.2647,-83.1806,257.30505,633.83026,-100.72323,337.99292,694.0857,94.02371,242.89786,709.33203,60.253742,332.35477,703.0628,106.83451,243.26196,720.6969,71.68724,348.48645,724.7709,9.140059,241.0181,739.8361,-44.03886
br_down
IMG_20241017_123141.jpg,br_down,303.63904,402.2368,-272.48587,306.60306,393.18448,-257.5486,309.31097,393.13376,-257.58786,311.6543,393.1154,-257.63797,296.4271,393.9975,-258.91574,292.67697,394.6137,-258.97916,289.4988,395.29428,-259.0756,314.62033,396.6233,-166.75414,284.71408,400.1175,-173.05861,309.1453,411.44415,-237.7609,297.14743,412.9818,-239.60081,341.88766,444.24695,-98.31911,262.2871,444.00204,-138.31813,334.7084,503.04193,-81.75083,266.94556,505.25333,-142.70235,320.1269,557.69385,-159.35379,284.2409,557.9455,-208.4176,318.92618,574.39185,-187.04109,286.96133,575.35046,-236.9175,309.99414,571.8642,-201.02434,296.10138,572.7976,-249.12656,310.3121,566.2796,-166.55585,297.1872,567.6805,-213.59332,323.20584,545.9817,7.0763707,280.58878,548.4293,-7.0351048,337.8429,613.0371,-106.456436,265.10876,625.7227,-103.97539,332.288,667.7439,106.97687,261.17215,679.7434,96.5445,327.27225,674.2276,125.16943,262.18164,686.15985,113.932495,341.93723,696.7611,49.616894,262.47226,711.0176,23.168638
br_down
IMG_20241017_123215.jpg,br_down,304.5731,367.6391,-323.84723,308.90765,359.9296,-307.63593,311.78464,360.3409,-307.64948,314.63846,360.7633,-307.65784,299.1951,359.66205,-308.60995,295.4134,359.99207,-308.65924,292.31454,360.4567,-308.70715,319.0236,366.12622,-200.82484,287.11975,365.72842,-206.00043,310.3862,377.08807,-282.98364,297.9131,377.50955,-284.62564,344.49197,422.36633,-121.168274,261.40695,420.368,-132.76645,344.67606,494.0762,-84.28525,258.84708,490.4799,-104.5922,325.22723,555.38495,-169.39882,269.48904,553.09314,-194.61107,327.56168,575.9961,-200.08797,270.3618,572.674,-226.07336,320.5756,574.4882,-228.01279,276.9244,571.0725,-254.73943,318.83823,567.67786,-181.80312,278.56793,564.2651,-206.9191,325.30255,549.99316,-1.7239068,278.27884,549.4643,1.7222625,335.12238,644.9674,-15.689009,265.20135,647.23016,-11.694202,340.4954,749.33984,85.52355,250.68062,754.63763,84.636894,336.09317,766.8047,86.87477,255.94444,771.01886,85.67469,355.4297,774.2408,-36.399853,234.94124,779.75476,-43.04207
br_down
IMG_20241017_123216.jpg,br_down,303.92554,368.598,-306.50174,308.64963,360.77792,-290.11392,311.29538,361.15338,-290.12863,314.1701,361.70868,-290.13553,298.98172,360.7766,-292.05188,295.1407,361.12732,-292.10257,292.06485,361.48062,-292.16074,318.75327,367.137,-183.49509,287.116,367.00064,-192.65744,309.91455,378.08795,-265.68005,297.33505,378.57312,-268.45993,343.81073,424.03622,-100.73927,261.36502,420.69077,-125.842926,343.62067,494.0619,-64.27856,258.70642,491.69235,-98.175575,325.44714,553.7898,-153.246,269.28455,554.38403,-183.22948,327.72052,574.71344,-183.02559,269.6347,573.5549,-214.69864,321.0507,573.21405,-211.42625,276.11124,572.22,-241.62865,318.87085,565.908,-166.02628,278.02063,565.7214,-194.7184,323.6824,550.71155,4.4312816,277.27716,550.02545,-4.440884,334.48102,644.45734,-12.764315,266.41177,646.0924,-27.60122,340.95703,750.001,85.0583,250.20282,755.6718,66.277435,336.8827,765.07336,86.16392,255.12044,771.0817,67.14201,353.26538,775.2216,-38.586933,238.08318,779.7053,-64.18768
br_down
IMG_20241017_123216~2.jpg,br_down,303.43683,370.02502,-312.84525,308.24344,361.8041,-298.11847,310.92584,362.07172,-298.11966,313.65033,362.54916,-298.12933,298.4685,361.93243,-299.1337,294.77554,362.2881,-299.1859,291.79794,362.72064,-299.23294,318.31396,367.62576,-196.79665,287.04416,367.98224,-202.23996,309.51703,379.2724,-273.64764,296.87207,379.91208,-275.34555,344.06763,423.71387,-116.16133,261.17877,421.144,-131.2545,343.1029,494.16345,-75.55135,259.54675,491.35132,-98.96564,325.78937,555.60516,-151.00139,269.32068,553.27014,-177.20564,327.77795,576.4722,-177.79572,269.65155,573.1965,-205.19992,320.2967,574.6717,-204.99919,276.06406,571.9544,-231.5695,318.43835,567.6809,-162.6378,278.00693,565.3429,-188.22928,324.69904,549.53625,0.6033385,278.39813,549.32214,-0.6447446,335.1177,643.3741,-21.829918,266.63626,646.5071,-20.696665,340.1787,744.0955,68.29582,251.93951,754.7419,62.086464,336.43262,763.029,69.128975,258.26645,770.6423,61.994865,354.8149,775.3069,-46.82217,234.63968,781.4955,-61.549107
br_down
IMG_20241017_123217.jpg,br_down,304.09323,369.31967,-327.62158,308.59555,361.43903,-311.82968,311.2133,361.78137,-311.84082,313.9086,362.24808,-311.85333,299.03403,361.28406,-312.59033,295.18027,361.61813,-312.6382,292.13837,362.01794,-312.6794,318.19946,367.55887,-206.34946,287.1863,367.59012,-210.34276,309.9064,378.63318,-287.03873,297.4267,379.2037,-288.36868,343.60156,423.9969,-128.588,261.60175,421.5171,-131.50755,342.80667,494.1418,-90.884415,259.55978,491.21027,-99.726715,324.29672,556.1197,-171.1738,269.38574,555.6403,-187.73254,326.78653,576.372,-201.32918,270.2421,574.9454,-217.3636,319.75705,574.962,-228.27118,276.52692,573.2845,-247.0232,317.53098,568.19415,-182.9744,277.99243,566.57074,-200.40253,324.5487,549.1867,-5.9247513,277.9292,549.2896,5.899978,334.00766,644.97504,-33.56757,267.1482,644.263,-15.9403715,341.606,752.4792,55.41672,252.27638,753.5429,71.56908,337.39603,768.4265,55.340633,258.57367,770.94464,71.771164,352.06674,776.68445,-69.72654,236.48528,780.1838,-55.066
br_down
IMG_20241017_123218.jpg,br_down,304.44672,370.74893,-333.75223,308.70963,362.94788,-318.20386,311.5235,363.39737,-318.19608,314.27368,363.7312,-318.19815,298.88702,362.27606,-320.91592,295.14117,362.3732,-320.97272,292.14517,362.62747,-321.01834,318.5189,369.06238,-210.165,287.00146,367.6645,-223.21242,309.97205,380.45932,-291.75876,297.4175,380.7767,-295.66406,343.11584,424.18814,-119.83656,261.51077,422.10632,-150.44789,341.757,494.04874,-76.512085,259.98364,492.8236,-119.13667,325.17157,555.2214,-162.19392,270.7096,558.0947,-200.06635,327.67703,575.33234,-190.11047,270.75583,577.262,-230.94315,321.16412,574.67114,-219.45442,277.5737,576.4375,-256.60748,318.97122,567.15076,-175.1948,279.33124,570.12695,-210.74553,324.60602,549.747,4.10893,278.15308,549.6625,-4.165163,333.5024,646.4547,0.9562188,265.89847,644.7382,-21.266212,340.3111,746.86566,102.40511,250.83556,752.5653,74.545135,335.97467,763.30774,104.153755,255.27614,767.81586,75.77634,354.60233,779.99115,-18.643114,238.78441,781.72943,-53.689194
br_down
IMG_20241017_123233.jpg,br_down,295.56613,385.71042,-257.22736,299.80753,379.36874,-241.11737,302.69504,379.6662,-241.14955,304.98486,380.06674,-241.17427,289.91867,379.09628,-242.6194,286.42673,379.305,-242.64978,283.23206,379.6551,-242.6756,308.30197,385.4748,-137.79677,278.43777,384.94424,-143.31319,301.39377,396.13882,-217.4705,288.80054,395.80103,-219.29547,331.02634,436.64502,-73.83841,252.39105,436.03705,-76.91621,326.50323,503.44604,-50.46653,251.35895,504.64362,-54.88638,304.37622,559.1277,-132.19891,267.9067,557.23846,-137.69717,300.1944,576.8379,-160.93431,271.02164,575.4367,-169.62267,293.15384,573.4198,-188.48619,276.75607,573.64264,-192.78209,294.77002,567.76154,-144.3793,276.68713,567.6307,-148.2408,313.0136,563.56537,-5.1689224,264.48495,561.5052,5.2039485,332.22797,661.3947,-40.337776,237.82033,654.7417,-38.390587,355.08807,758.11835,46.226562,215.23462,754.3467,57.642345,348.14236,774.3762,46.32347,221.62901,772.6373,58.95738,375.89886,785.32153,-81.17053,192.04654,782.00366,-65.34128
br_down
IMG_20241017_123234.jpg,br_down,292.13882,386.0898,-308.80807,296.7858,379.97485,-294.58362,300.02045,380.27878,-294.59912,302.57953,380.6251,-294.62198,287.00916,379.66,-294.48865,283.85788,379.82535,-294.5335,280.5063,380.01617,-294.57022,305.92737,385.11676,-192.76505,276.50107,384.64502,-190.90575,298.29688,396.22726,-268.94705,285.76935,395.8442,-268.65533,329.9627,435.26846,-120.231384,251.08984,436.11356,-111.597626,325.9382,503.24268,-87.66838,249.19902,503.517,-75.43808,302.39224,560.0727,-164.68996,267.42944,556.5387,-155.64629,297.69333,577.71893,-192.70915,270.9609,575.97723,-185.27861,290.65002,573.9636,-220.67426,276.6405,573.66205,-210.96642,292.5587,567.95276,-176.56215,276.30933,566.7346,-166.82928,314.1073,561.1871,-8.37275,264.1275,560.5228,8.340447,332.2759,656.08185,-45.728268,237.84758,654.2579,-24.791042,355.34338,756.16406,37.112537,215.24924,754.4028,63.524765,348.24106,773.03564,36.635727,221.86339,772.6349,63.927536,376.41144,786.4833,-92.17827,192.50346,782.3749,-59.69784
br_down
IMG_20241017_123235.jpg,br_down,293.11316,388.01868,-269.34152,297.1032,381.11163,-254.82509,300.21756,381.26324,-254.85123,302.50464,381.41748,-254.87486,287.64615,381.30316,-255.04962,284.4355,381.62564,-255.07924,281.08847,382.0072,-255.10143,305.45224,385.86685,-153.53308,276.65747,386.52283,-152.99568,299.26917,398.21686,-229.72722,286.84076,398.40482,-229.8088,330.83203,436.8442,-86.741394,252.2572,436.03705,-79.36948,327.52692,503.01648,-61.035015,251.03395,503.74323,-49.0067,301.2571,557.8018,-145.2408,266.7942,556.34717,-134.62454,296.68634,575.6593,-174.97888,270.10764,575.4147,-165.9969,289.1064,571.06635,-202.69421,275.616,573.17316,-190.57855,291.24295,565.1233,-157.1716,275.69177,566.5048,-145.71072,313.07782,562.7997,-7.382763,264.6135,561.67194,7.393522,331.30222,657.5001,-38.96454,238.16548,655.58246,-19.533869,355.54004,756.0064,47.006424,215.37024,755.21906,70.928314,349.04773,771.96436,47.199512,221.80894,773.28546,71.69604,374.80524,785.77344,-79.5466,193.14415,783.9664,-50.546986
br_down
IMG_20241017_123235~2.jpg,br_down,293.7425,388.2638,-255.72461,297.6514,381.50696,-241.64731,300.64163,381.69794,-241.67133,302.7468,381.84808,-241.69473,288.2042,381.5065,-242.49448,284.9044,381.79797,-242.52664,281.7516,382.14172,-242.55324,305.7792,386.35873,-141.33025,277.02896,386.57236,-143.66911,299.6012,398.373,-216.2878,287.44226,398.3475,-217.19814,330.68762,436.1157,-74.50131,252.389,436.4205,-73.32554,327.45996,501.7139,-48.200172,250.64632,503.11548,-46.23447,303.1057,556.5503,-130.07014,267.0218,554.9359,-127.610634,298.92242,574.4159,-158.66379,270.29892,573.49976,-158.39235,292.08438,570.9711,-186.50519,276.6783,572.11884,-182.00313,294.03653,564.82245,-142.20662,276.56134,565.63293,-138.17949,314.25034,563.09406,-6.1593237,264.4494,561.56384,6.1845036,331.66498,658.34644,-39.943825,238.01154,655.5467,-23.679344,355.3427,756.9931,45.641426,215.11618,754.796,68.85493,348.33072,773.3046,45.99019,222.04826,772.94446,69.948395,376.45444,786.0464,-79.21973,192.15918,782.40814,-50.823624
br_down
IMG_20241017_123236.jpg,br_down,295.6672,385.7708,-248.14456,299.69214,378.92615,-232.91994,302.54276,379.15198,-232.95134,304.67133,379.52933,-232.98175,289.85278,378.96082,-233.35583,286.38858,379.29398,-233.38034,283.1142,379.83655,-233.40558,307.59552,384.49158,-131.84743,278.5578,385.28165,-132.53148,301.5189,396.09503,-208.95422,289.4383,396.58432,-209.39288,332.7645,436.94812,-72.76231,254.06609,435.38742,-64.06345,326.71304,503.38177,-57.21692,252.8187,502.29236,-45.86006,302.7869,557.0715,-142.51173,269.15552,552.3385,-133.55284,298.37833,574.91254,-172.90007,271.92117,572.39954,-165.1129,290.71045,570.5546,-199.15182,277.91544,570.8791,-188.51137,292.76044,564.7905,-154.0462,277.9657,564.0127,-144.34868,313.3577,561.93634,-8.659519,264.56427,560.74695,8.68176,331.9635,659.2536,-45.040997,237.31355,657.80975,-28.929457,354.57837,757.2576,39.50551,216.75299,753.8553,68.12665,348.07834,772.51306,39.678467,222.0871,771.36365,69.77359,375.01202,783.27954,-87.478134,195.4208,780.05536,-50.986
br_down
IMG_20241017_123236~2.jpg,br_down,292.42517,385.95953,-246.59386,297.0635,378.79312,-231.90103,300.33508,378.98126,-231.93481,303.05533,379.36896,-231.95622,287.45386,378.79727,-231.5475,284.34177,379.13235,-231.582,281.12833,379.63855,-231.62486,306.3581,384.3584,-133.35509,277.7948,385.10547,-129.90295,298.95895,395.98135,-208.27925,287.0121,396.0573,-207.52588,332.5896,437.37317,-75.07609,253.87712,435.38028,-62.62611,327.79318,503.48178,-64.062706,252.38821,503.38467,-40.755264,303.41748,556.6061,-151.35216,267.9809,554.16,-125.568184,298.10318,573.97784,-182.17735,271.3235,573.16724,-156.6616,291.36322,569.34937,-207.76372,277.3367,570.48553,-181.10362,293.4323,563.3728,-162.71086,277.13925,564.2436,-136.6447,315.16898,563.0342,-8.802862,265.15652,560.6915,8.829176,331.21762,657.5439,-45.155117,238.25455,652.7387,-46.919872,355.118,753.6088,39.75661,215.73979,751.4828,45.5305,348.70248,770.40436,39.985058,221.51312,769.5262,46.955524,377.46036,782.4086,-85.2706,192.95953,781.51276,-74.36373
br_down
IMG_20241017_123237.jpg,br_down,293.7838,386.42892,-211.28761,297.88617,379.76065,-196.33542,300.8569,379.98917,-196.36697,303.08496,380.34735,-196.39632,288.2574,379.79736,-196.5271,284.9321,380.1105,-196.5589,281.6796,380.6119,-196.5936,306.40375,385.35342,-99.642426,277.55768,386.17392,-98.97197,299.91214,396.71457,-173.71982,287.75613,397.0923,-173.83363,332.26505,436.267,-46.939644,253.86415,435.58868,-37.815914,327.7561,501.51987,-38.10533,252.2466,502.38184,-29.924536,302.78876,555.4861,-119.17434,268.62054,553.0632,-123.66261,297.9326,572.9623,-148.42216,271.3305,571.6166,-155.80681,291.00122,568.3805,-173.03694,278.2759,569.06256,-176.62569,292.94986,562.2263,-130.02455,278.06705,562.7841,-133.46727,312.85773,560.72784,-9.585791,264.13205,559.2807,9.616895,330.94965,653.95276,-52.880447,238.78325,653.10956,-37.795807,354.50162,756.2769,24.631132,216.42029,752.74133,49.083134,347.95267,771.593,24.363237,220.61617,770.0206,50.132534,372.68408,781.8777,-100.598564,196.02295,779.8892,-69.34364
br_down
IMG_20241017_123252.jpg,br_down,278.62173,376.57486,-44.81625,282.89304,370.3576,-28.595552,285.78024,370.85107,-28.632309,288.1936,371.30914,-28.62373,273.4,370.43182,-27.038822,269.9049,370.99255,-27.048758,266.95157,371.7218,-27.033216,292.4089,377.12845,58.79578,262.2415,378.23044,66.36216,284.10645,386.89963,-11.967941,272.30328,386.7857,-10.024503,319.5481,428.04523,62.44483,236.66463,429.71774,98.19216,321.77097,483.4098,-14.933751,229.76234,490.10382,32.185585,298.75836,530.5763,-154.6627,246.01056,533.04956,-110.931366,294.8575,549.62213,-195.51625,245.44296,553.4179,-151.5903,286.76297,545.60175,-214.21054,253.30215,550.4572,-164.53838,285.70117,540.6171,-165.00603,255.42616,543.74493,-119.83655,299.29062,561.41833,-18.226194,245.78656,557.99634,18.276236,312.69028,667.49744,-62.804195,219.13072,660.1064,-28.692585,335.63177,771.80194,1.084443,198.83665,768.08813,30.88238,329.97086,787.11993,0.10646302,206.64568,786.1639,29.105267,348.58862,801.47217,-116.11467,168.35728,793.1993,-81.628204
br_down
IMG_20241017_123253.jpg,br_down,277.42313,378.2294,-37.168545,281.7092,371.52606,-20.576057,284.84433,371.96378,-20.613152,287.51187,372.41705,-20.612492,272.3109,371.85336,-19.331688,269.07413,372.4695,-19.336271,266.2397,373.1553,-19.313908,292.10464,378.1639,69.18777,261.93326,379.32962,75.351906,283.27475,388.2525,-3.40637,271.79086,388.19537,-1.8226008,319.20078,429.35248,81.70948,237.51099,428.7033,100.82644,320.7904,484.56393,14.9616375,233.51294,486.32693,39.201416,301.15298,531.2371,-117.27194,250.33458,531.54376,-94.36286,296.5865,550.06836,-156.15685,250.22101,551.2557,-133.72353,289.06467,546.1212,-174.62103,257.9459,549.64795,-145.98526,288.25458,541.33826,-127.70118,260.42245,543.6747,-102.48726,297.54584,560.23047,-12.138592,245.30711,557.8349,12.212947,312.07263,665.90564,-63.889748,219.7868,662.029,-41.649136,337.3389,772.71594,0.6470272,198.12431,770.2154,21.753052,330.47757,784.95447,0.046508186,205.93126,785.28235,20.392017,354.91055,801.28076,-115.2299,169.50943,793.5792,-94.20279
br_down
IMG_20241017_123253~2.jpg,br_down,278.9531,377.58737,-42.820557,283.5363,370.83087,-26.499638,286.27008,371.2809,-26.540672,288.68015,371.66537,-26.539078,274.04282,370.72137,-25.2168,270.3245,371.11276,-25.22594,267.18967,371.62045,-25.206404,292.9357,377.2627,62.06523,262.0251,377.89783,68.275795,284.0133,387.90454,-9.538229,272.43436,388.21515,-7.9578614,319.21484,428.5598,71.59778,237.07509,429.21466,93.8282,319.11685,485.6837,2.0994706,234.8009,485.99817,22.408115,299.03787,533.3259,-127.84617,249.46048,528.58856,-122.35522,294.33658,551.93304,-166.74199,249.60344,548.71686,-163.34784,287.3737,547.76074,-185.372,257.2597,546.73175,-175.82506,286.89926,542.65375,-138.21526,259.42627,540.94165,-131.10011,298.5037,560.64044,-12.063237,246.08458,558.4016,12.133541,312.70044,666.18604,-54.84688,220.32866,659.8701,-36.23196,337.19592,770.89825,13.566176,199.02359,766.6758,29.95243,331.68118,784.279,13.2013645,206.91322,783.1806,28.883238,352.4445,798.5861,-102.43314,173.0413,793.1986,-84.70993
br_down
IMG_20241017_123254.jpg,br_down,279.0533,376.26053,-41.968735,283.25674,370.40378,-25.217487,285.9088,370.84427,-25.252054,288.4467,371.2857,-25.236788,273.84155,370.20285,-24.311804,270.23178,370.54617,-24.319271,267.1149,371.06055,-24.306095,292.9306,377.01797,64.15034,262.33435,377.09155,68.38401,284.24728,386.3913,-8.510476,272.6911,386.59134,-7.53477,319.3283,428.33023,69.01416,237.21022,428.21594,93.259346,316.69022,488.96976,-13.104072,234.97511,486.5158,14.931379,295.6666,535.71893,-153.7433,250.76411,530.39386,-131.73833,290.97104,553.76984,-194.04689,250.83264,549.6787,-172.74783,284.6941,549.10645,-211.91771,258.37964,547.9784,-184.07066,284.60742,543.7685,-164.16542,260.49643,542.4143,-139.94035,299.23425,558.83417,-15.939299,246.56316,556.47156,15.975719,312.58365,663.2322,-69.257195,220.61154,657.27716,-32.22782,335.9579,771.92334,-11.739585,199.58537,765.6401,24.740034,329.4365,788.2199,-13.166096,207.11493,785.4297,22.895123,349.29028,800.1619,-128.3605,171.01207,792.147,-85.83575
br_down
IMG_20241017_123254~2.jpg,br_down,277.91846,377.5077,-36.654415,282.77936,371.38916,-20.18167,285.633,371.91302,-20.222271,288.24133,372.43823,-20.21254,273.23257,371.0443,-18.504416,269.68716,371.33698,-18.509224,266.67157,371.73315,-18.493103,293.09497,378.228,68.43818,261.9682,377.96515,75.97602,283.2827,387.78796,-3.5132406,271.69812,387.8585,-1.59116,318.43707,428.5604,70.76966,237.31602,429.69742,105.671745,317.46426,486.08057,-12.516833,235.35965,487.10596,30.30524,297.2928,533.6787,-154.58257,250.23347,529.46,-116.61587,292.78973,552.61505,-195.59692,250.45032,549.3767,-156.86977,285.4965,548.5726,-212.54872,257.90158,547.9331,-169.19292,285.26025,543.3305,-164.64227,259.92484,542.3465,-125.30332,297.67487,560.0035,-17.480858,245.39502,557.7839,17.514206,311.9927,663.9965,-69.42282,220.54654,659.55975,-31.336935,336.2892,772.3504,-10.385144,198.38075,766.3806,28.905437,330.28436,786.29333,-11.697607,206.78589,784.0944,27.423948,348.7703,800.2567,-128.22887,170.39267,793.1267,-82.75409
br_down
IMG_20241017_130539_DRO.jpg,br_down,305.49707,165.60693,-384.73492,309.46655,153.34955,-369.86517,312.27695,152.34181,-369.90906,314.41125,151.4597,-369.97845,299.1484,154.73412,-376.3042,294.87955,154.48033,-376.3669,290.91748,154.13718,-376.40775,317.67407,150.73593,-234.85336,285.30383,154.02513,-263.0238,310.3581,173.85284,-329.01776,298.63953,175.5323,-337.42294,349.85312,208.20203,-104.254845,255.91722,199.31508,-193.74632,348.0878,280.4005,-85.1022,260.35623,272.28906,-216.23062,340.00473,335.9685,-236.24107,286.04504,325.409,-349.59497,339.22702,353.54327,-277.5066,289.49576,347.4384,-393.01337,334.25732,350.45563,-311.50116,297.34552,342.50055,-416.1734,332.61844,344.4791,-252.82321,297.38205,334.56525,-359.79688,319.63388,343.04337,25.480963,265.06488,340.4639,-25.45588,354.0795,446.8205,3.9143233,241.3353,449.40082,-18.54615,383.1882,551.2446,110.01706,216.40854,547.8453,124.44442,375.21487,571.29047,112.43784,219.6933,564.52075,130.96349,421.2052,578.6229,-17.218801,195.5004,580.8911,-7.799944
br_down
IMG_20241017_130540_DRO (1).jpg,br_down,304.23642,167.45064,-425.33078,308.86832,154.7694,-411.8336,312.0602,153.6889,-411.86493,314.6363,152.68506,-411.94543,297.67294,155.865,-416.99252,293.41385,155.31924,-417.08218,289.40674,154.73175,-417.13373,319.12933,151.70543,-278.0892,284.70108,154.48117,-301.17044,309.4711,175.42422,-369.7316,297.3645,176.74991,-376.75815,351.2094,211.0043,-139.82243,255.47696,199.63922,-227.3986,348.3158,284.71674,-95.100716,260.26376,271.16312,-253.5147,338.45346,338.9613,-207.98853,285.6581,324.38318,-389.1666,337.1799,357.50116,-241.37688,289.28488,346.04306,-432.3016,332.9703,354.3375,-277.30615,296.51807,341.29742,-452.871,331.89038,347.94086,-224.19548,297.3525,334.00677,-398.67657,321.26724,344.50446,24.398222,265.64453,341.91452,-24.402277,352.216,449.92737,24.413122,241.26892,449.17532,-29.887352,384.04205,551.5435,151.31575,215.17264,549.72186,105.04308,376.50882,569.7394,155.86534,218.12938,566.2055,110.93064,420.82883,577.14966,29.364882,194.10873,582.1186,-29.221413
br_down
IMG_20241017_130540_DRO.jpg,br_down,303.89395,166.87627,-475.40634,308.44437,153.81915,-462.1547,311.55902,152.74117,-462.17465,313.99234,151.76326,-462.26138,297.33066,155.02704,-468.5868,293.05307,154.654,-468.68106,289.2469,154.17227,-468.7236,318.0802,151.0519,-324.43658,284.0235,154.5813,-353.16162,309.49188,175.01672,-417.63406,297.00223,176.24547,-426.2376,348.23828,206.479,-175.29895,255.85492,197.92693,-272.57846,346.67325,279.9434,-122.74495,262.40506,273.829,-274.01328,337.33774,337.21594,-235.96376,287.3375,329.3235,-376.44214,336.9992,354.95764,-270.51175,291.739,349.9563,-418.26593,332.41483,352.51605,-307.31323,298.70428,346.66434,-440.2189,330.88416,346.86316,-252.71387,299.06058,339.6669,-385.7258,320.27805,341.42953,23.221024,264.08353,340.7615,-23.238165,353.3957,446.46185,6.728955,241.94725,452.4271,-13.845758,385.59763,551.67554,123.62531,213.0402,551.13715,131.55435,377.12817,569.03076,127.569466,218.177,564.4384,138.66295,420.8642,578.19073,-2.2657673,196.6734,580.9851,0.27786922
br_down
IMG_20241017_130541_DRO.jpg,br_down,304.43546,169.2679,-454.7438,308.99686,155.84413,-439.61853,312.27365,154.60924,-439.66357,314.63556,153.54971,-439.7608,297.7657,157.60744,-447.23138,293.51013,157.26302,-447.32098,289.3394,156.66298,-447.36374,318.1358,152.2738,-296.67816,284.1437,156.77834,-330.68335,309.81525,177.30748,-395.46634,297.33255,178.60013,-405.6203,349.61456,209.21683,-144.89244,254.86638,200.631,-256.5028,347.74246,282.44153,-100.80272,261.99988,272.69592,-285.3606,340.06927,336.9217,-224.17783,288.07715,325.784,-422.32904,339.86847,355.4032,-259.89432,291.54187,347.42435,-468.44962,335.74664,352.5537,-297.18967,298.60303,343.17584,-489.6571,333.90616,346.21997,-241.58742,298.26767,335.17352,-432.3276,319.7752,343.92047,32.517807,263.7562,340.849,-32.501957,352.89264,448.64255,15.340695,240.48439,450.6379,-28.829096,383.3501,552.32947,136.93478,217.08682,550.6359,113.878784,374.59045,572.5965,141.07578,220.74165,564.8997,120.398125,421.51074,579.9788,13.358306,198.917,581.7354,-21.33613
br_down
IMG_20241017_131432_DRO (1).jpg,br_down,284.81525,141.22131,-68.951675,290.70215,130.9667,-51.5428,294.22815,130.28099,-51.583263,297.7446,129.82089,-51.5788,281.50546,132.53944,-48.734383,278.95465,132.73988,-48.746475,276.33408,132.97229,-48.759254,304.44504,132.76562,54.072865,274.45926,135.80875,67.48229,293.10266,150.0796,-28.110043,280.8439,150.41153,-24.470499,341.99387,183.63486,70.67626,247.74426,178.82501,91.14454,343.24078,250.55487,-23.683084,243.10226,242.0347,-19.526821,322.85608,293.10147,-194.18172,266.44397,295.86487,-200.23508,322.86438,314.43253,-242.93954,266.68408,316.38724,-247.53531,312.39746,309.6319,-264.01538,277.4385,313.46964,-257.77087,310.21155,304.0905,-205.95706,280.31238,306.31903,-208.6082,322.98602,330.28867,-13.95877,265.43692,327.5277,14.154384,341.99402,430.07074,-86.10909,244.27126,435.2532,-49.019264,362.7521,546.5492,-17.351997,224.91826,552.9162,19.77221,355.91992,569.0943,-18.259415,232.36389,572.7534,17.580904,384.21866,577.1976,-145.67784,197.31966,579.6704,-110.489426
br_down
IMG_20241017_104438.jpg,br_up,305.06915,124.425255,-376.32236,307.3912,112.517944,-361.2918,309.84378,111.83463,-361.34103,312.26376,111.26332,-361.43607,297.74518,113.88075,-362.42245,293.24677,114.01221,-362.47342,288.7699,114.23335,-362.49286,312.7909,114.10936,-236.80566,279.816,117.57808,-241.28773,308.50247,134.58615,-326.2883,297.67023,135.33641,-327.73648,343.5949,174.3375,-151.3716,240.93515,167.22253,-137.51965,376.70648,235.24487,-236.14891,195.07362,217.22665,-218.5413,345.67606,247.79735,-453.79007,236.9082,241.51234,-432.2279,334.5731,254.57437,-507.21323,248.1578,249.68481,-479.57156,329.32352,247.6633,-514.54266,254.55833,242.38187,-486.42245,331.0268,243.90686,-460.43808,252.46657,238.13596,-438.14212,313.56512,308.7144,-16.963419,254.40833,306.25656,16.975365,317.06412,410.02435,-164.35439,239.47258,404.60367,-124.40376,309.6879,514.75964,-60.103897,241.24387,515.3036,-15.717312,301.79318,526.1664,-58.09343,250.22572,528.6494,-13.288001,319.67245,537.7312,-192.64319,216.47194,535.22546,-143.87666
br_up
IMG_20241017_105320.jpg,br_up,274.11322,158.0249,-200.48218,279.065,151.29124,-176.20917,282.14407,151.6548,-176.16597,284.23734,152.42978,-176.13219,268.3916,151.00389,-176.75645,264.76974,151.25557,-176.73596,261.1657,152.14268,-176.66504,288.88123,158.3946,-55.017677,255.74815,157.64272,-59.118908,280.72525,169.30162,-157.77654,267.63147,168.72992,-158.91548,311.65048,207.8072,-47.645134,231.1384,206.6401,-63.377533,361.68558,197.51746,-299.86768,179.80774,197.78593,-327.94064,308.3997,202.27365,-474.04443,244.5412,206.48404,-532.40753,292.78348,208.9984,-521.8,258.15457,215.36772,-583.04175,286.02472,211.52896,-497.24747,265.6036,217.58575,-558.24097,288.08823,210.9335,-470.91772,263.66486,216.48164,-528.9916,291.98566,344.89383,4.8819566,238.91135,341.90964,-5.058358,292.5848,450.41122,-28.438953,218.36292,442.4969,-64.70594,294.30536,551.3025,93.36969,203.93092,543.94946,58.22916,287.015,568.8099,97.1624,208.86292,559.7674,62.075424,307.6082,574.4758,-35.447094,182.47444,570.8459,-73.681656
br_up
IMG_20241017_105321.jpg,br_up,276.34723,161.35764,-202.74522,280.78354,154.1326,-178.68839,284.02563,154.38237,-178.64868,286.2941,154.72627,-178.62784,270.73038,154.01701,-179.62607,266.88232,154.21385,-179.59612,263.49594,154.54858,-179.52975,290.1412,159.92276,-56.692192,258.08414,160.46176,-61.73334,282.6896,172.11662,-159.3515,270.13828,171.77927,-160.74649,313.92603,209.0734,-46.16244,232.84743,206.99391,-67.31556,362.73972,201.25682,-301.4938,184.18025,197.86992,-332.4064,302.32935,204.91798,-481.50726,252.36865,207.46277,-530.9956,287.9204,207.26466,-530.32745,266.62265,212.85066,-581.0322,282.02588,209.55688,-506.75208,272.07516,214.68977,-555.9534,285.45392,209.46375,-479.24533,269.78137,214.2384,-527.4218,293.7937,343.76978,6.515303,240.30977,340.73325,-6.6586547,293.8428,451.95465,-13.313427,220.2935,444.7816,-32.402966,295.11807,550.26324,118.33845,202.8312,543.9036,90.13949,287.12753,567.7888,123.278404,208.76953,559.91077,93.39598,312.59262,575.77026,-6.265438,182.56627,568.487,-42.383656
br_up
IMG_20241017_105322.jpg,br_up,275.9824,160.39426,-220.07047,281.06418,153.27078,-196.48694,284.31934,153.57164,-196.4431,286.54785,153.86351,-196.41992,270.61578,153.35162,-196.69693,266.8547,153.61787,-196.66936,263.62863,153.84308,-196.60562,291.72107,159.83879,-76.68144,258.02258,160.83632,-77.6969,282.62387,171.93288,-177.54013,269.74756,171.77193,-177.74797,316.21106,210.18727,-68.15041,231.98993,207.40971,-79.819435,362.42123,200.89017,-327.96017,185.04732,198.91551,-345.7285,306.47485,201.83725,-505.4158,251.0074,203.31569,-550.59094,291.53995,202.7286,-554.8744,264.15833,206.34563,-601.53906,285.7115,206.38628,-531.8298,269.34775,209.05627,-577.3295,288.95908,206.76927,-503.71204,266.2679,209.05362,-547.7399,293.3325,344.33167,0.29733953,239.99028,341.0234,-0.4383929,292.72916,451.71432,-15.4199295,220.98206,445.6831,-18.336594,294.62943,549.3418,100.506935,203.52374,547.5053,91.740295,287.71414,565.9563,103.36853,211.04077,564.7336,93.10664,307.6203,574.91376,-29.110756,180.62053,570.9893,-42.395493
br_up
IMG_20241017_105807.jpg,br_up,186.7908,257.21103,32.84863,181.32744,247.02179,22.092443,182.05624,244.87134,21.991251,182.86841,242.39769,21.923899,181.1836,248.91861,47.685036,181.8013,248.47119,47.616188,182.36798,248.0498,47.5094,192.36116,230.36343,-1.7384082,189.07883,239.84837,114.960266,197.36983,256.20386,26.523905,197.31845,257.3051,60.42569,237.30954,218.33777,-82.08056,234.73595,265.68692,193.52959,277.8552,234.78346,-230.99118,273.37634,305.32486,217.86603,237.11218,300.8355,-288.50015,242.1095,334.32895,119.733635,230.55162,318.14062,-316.61148,235.4566,343.5855,114.62704,224.89359,316.21317,-295.13974,232.35762,340.3919,96.23559,227.80815,311.5291,-278.41254,235.49593,336.83002,107.904724,352.48734,298.97876,-82.74528,337.89624,324.6249,83.02502,333.83163,410.29767,-74.43105,322.61496,417.9263,20.439775,312.42972,514.6437,-39.97655,308.3843,518.8937,39.472256,318.92917,535.14575,-37.94878,313.36087,538.579,39.3223,282.57037,543.97485,-106.628,267.95703,546.55383,-22.91649
br_up
IMG_20241017_105808.jpg,br_up,190.11905,252.80841,-68.81011,181.97191,242.49814,-79.16854,182.4521,239.82043,-79.259445,183.04568,236.9236,-79.328186,182.14294,245.73596,-55.988518,182.62589,245.68701,-56.004868,183.08865,245.71057,-56.06126,190.2393,225.62473,-78.23866,188.1938,238.56514,28.92732,200.80011,248.56062,-64.16657,200.419,251.96072,-33.069515,231.24483,212.49066,-131.08781,233.33034,247.30838,153.74626,290.2402,194.43753,-299.5588,264.65405,280.647,238.83206,247.60643,269.40735,-405.27423,246.22418,308.39172,208.69807,244.68312,286.83432,-440.93518,242.8576,313.35065,219.42963,237.42834,287.94308,-411.14215,237.46791,313.90454,192.81985,238.66011,283.72025,-392.69946,241.05473,309.15378,197.13928,355.01773,301.07452,-93.86372,342.63242,314.84827,94.186844,331.77997,409.9472,-85.14088,326.02216,410.1926,84.847626,315.90118,518.13824,-41.923504,314.03238,518.0277,103.87432,334.1683,537.02155,-39.885372,330.59647,542.4598,102.01409,276.22986,546.0805,-107.789955,273.0482,547.02423,39.659588
br_up
IMG_20241017_105809.jpg,br_up,191.31786,249.5389,-38.85329,183.81944,240.0778,-47.174065,184.3278,237.62738,-47.263103,184.88231,235.06227,-47.327255,183.82285,243.21832,-26.291391,184.28252,243.21187,-26.288063,184.71922,243.22653,-26.342321,190.95377,226.08472,-43.8483,189.75395,237.63141,51.642834,201.03708,245.98203,-33.58142,200.77203,249.49283,-5.9982386,226.87059,216.52022,-92.89685,237.01952,239.48596,159.98909,288.87704,192.25659,-256.83722,277.1449,266.96432,207.45729,248.53601,269.6479,-341.72098,265.06104,294.01938,156.15033,246.1201,285.45547,-371.1287,264.89563,300.6722,162.45493,239.93489,288.25366,-335.643,255.99275,308.09943,138.71564,240.65173,284.34714,-326.44434,258.6269,303.00024,145.36803,344.43622,301.2262,-83.6048,351.94016,307.94553,83.84448,330.7801,406.92984,-76.39362,330.71204,405.92874,52.650753,313.64755,514.25604,-46.429222,318.6524,515.2646,37.285812,320.91754,533.5743,-44.829914,320.40433,533.41205,32.970627,273.73,544.58105,-100.9744,269.9853,545.6479,-20.686848
br_up
IMG_20241017_105809~2.jpg,br_up,190.61758,251.10864,-56.620792,183.73572,240.79048,-66.65631,184.39243,238.45076,-66.73158,185.12048,235.91614,-66.79905,183.49628,243.60204,-42.623127,183.92365,243.53773,-42.621044,184.31244,243.49226,-42.66804,192.46063,225.76523,-67.29793,190.11636,236.37169,42.945015,201.15405,248.6234,-52.709885,200.59265,251.38309,-20.773746,231.05275,217.09366,-120.4782,236.399,240.90564,165.7407,291.88843,192.42535,-286.5863,273.3016,268.5094,250.76126,251.89293,266.75717,-376.72147,260.09802,302.55188,226.93976,248.80804,283.14398,-410.93356,254.37587,310.74658,239.19817,242.81097,285.85764,-376.0651,252.12164,310.5906,209.76312,243.73781,282.12384,-362.02692,253.48465,307.24216,214.4608,352.49265,303.42908,-94.26042,347.75757,308.5844,94.57943,330.35294,413.04565,-89.50145,329.98355,409.89737,75.991745,313.546,520.4787,-55.890907,315.45676,517.3621,86.00771,322.06503,542.97455,-54.7902,323.12543,538.4903,83.46172,270.19202,542.6443,-119.666466,268.73288,542.0026,24.92991
br_up
IMG_20241017_110319.jpg,br_up,353.84204,144.66882,186.48929,354.18774,133.52919,166.13536,355.43018,132.26419,166.06093,356.8516,131.0279,166.03258,353.61273,134.85823,194.7548,354.3535,134.65904,194.81487,355.30908,134.5444,194.7696,366.92047,127.6815,111.98177,365.82858,132.07047,242.85616,362.6549,149.25398,170.5515,362.55542,150.45818,208.26704,384.79462,147.56609,6.571071,414.31052,173.39845,296.92267,345.44507,203.62485,-34.225018,410.33542,235.37216,352.49316,338.8665,231.81377,24.768188,381.2085,265.78714,365.6566,332.6902,241.20593,22.79876,377.43195,273.11972,375.09955,335.58044,240.98172,21.043362,370.36343,270.04858,355.92084,341.01437,238.58057,28.183262,370.5027,267.8942,356.47058,388.50262,306.5983,-95.09905,395.2666,317.18326,94.90163,381.5716,421.89264,-189.61035,371.93958,429.35315,2.568692,431.4657,544.16534,-325.3859,387.10403,553.4522,-144.72743,442.50034,569.51996,-338.51297,396.7206,570.73114,-163.69295,393.83066,589.0903,-377.32693,330.13058,577.00006,-205.42091
br_up
IMG_20241017_110320.jpg,br_up,363.763,141.68646,173.20905,365.25815,129.82137,151.89944,366.52798,128.66515,151.81628,367.9373,127.55292,151.74883,365.04797,131.18422,179.5206,366.06213,131.11433,179.58344,367.267,131.12706,179.55063,377.2334,126.049515,97.41339,377.3211,130.42494,224.14014,372.5094,147.18263,157.48067,372.8244,148.4903,194.12447,391.17114,148.75034,0.82337534,423.32904,177.02803,278.96194,356.8627,208.04448,-0.26111153,420.19266,240.529,344.02975,346.5254,227.45729,103.003426,394.0884,267.44174,364.82852,343.16132,230.25826,107.46704,391.30057,274.24387,373.88522,345.05023,231.51384,101.30896,385.40414,270.271,357.0823,347.2098,231.36108,105.544815,385.76654,268.24786,356.8495,389.12347,308.65094,-92.58111,407.11212,317.90717,92.378525,379.1294,422.18484,-161.02998,382.61737,427.89392,25.432308,429.92786,546.5124,-282.77005,384.43256,552.2949,-100.267944,454.6925,563.5178,-294.62927,401.3836,577.17505,-116.97067,386.26572,591.86237,-327.74597,338.0462,575.66766,-150.53848
br_up
IMG_20241017_110321.jpg,br_up,359.61972,144.12183,154.03224,360.8056,132.92285,133.0542,362.04532,131.81314,132.97029,363.41934,130.74886,132.92766,360.52948,133.87912,161.10753,361.47125,133.57585,161.16257,362.63605,133.36838,161.12708,373.47604,127.7067,79.02987,373.67178,131.13739,206.58304,368.23288,149.22911,138.78207,368.2365,150.04779,175.53862,389.648,149.32657,-25.047674,420.0533,174.99503,270.944,356.79044,208.2181,-32.18229,416.40598,240.87796,329.2737,344.58023,229.64114,68.66212,385.96924,273.63507,342.25488,341.0589,236.78302,71.15437,382.78406,281.8105,352.5854,343.20102,237.12613,69.988594,376.17456,278.1744,333.68854,345.27213,236.96208,73.09583,376.3559,275.64716,333.16245,389.34882,310.07904,-98.15388,399.41397,320.02295,97.981094,382.60226,421.37164,-164.44405,373.6388,427.1892,28.24531,428.43973,551.91095,-251.76224,380.21442,549.7504,-62.142918,451.36835,569.5486,-258.9997,392.6904,569.4314,-73.89782,385.8548,595.4803,-291.19342,326.51935,575.4897,-106.687164
br_up
IMG_20241017_110640.jpg,br_up,313.91785,136.26192,95.921005,318.68265,125.05357,74.10165,321.5421,123.672195,74.00108,324.80005,122.19801,73.98482,314.56787,126.49701,108.277405,314.42484,126.391174,108.31281,314.42566,126.21653,108.29092,341.22903,122.00084,30.869818,327.23514,126.6737,184.86568,322.71606,144.21228,84.77316,317.97714,146.46115,129.39465,362.24008,153.50888,-83.462906,342.97607,188.05942,290.6523,341.01498,156.69983,-241.21053,325.82538,223.06604,454.81256,298.19955,214.65416,-264.7541,302.7509,247.67093,559.6611,294.97638,227.85925,-287.8894,296.86273,254.23512,587.13715,295.67273,230.91235,-279.63782,300.1011,252.23436,566.38947,297.53885,227.50345,-260.45267,301.4091,246.60983,552.82947,353.32172,322.45804,-120.90703,335.13516,329.12595,120.81777,367.22095,443.0319,-186.27,337.6169,448.48804,55.202232,389.88943,587.87415,-258.04175,362.72675,581.24384,-0.8084292,403.6594,610.974,-265.71027,382.67108,597.88635,-8.725929,354.9281,616.25165,-343.6392,315.76935,610.72925,-62.365696
br_up
IMG_20241017_110641.jpg,br_up,315.7848,135.72171,95.76233,321.5654,123.92438,77.53475,324.61276,122.69745,77.44707,328.27914,121.42296,77.44692,316.96994,125.19891,109.02816,316.75348,125.04041,109.06538,316.6819,124.87824,109.049576,343.91626,121.944305,44.88706,329.43063,126.472786,185.63145,324.28732,143.87778,87.54595,319.20425,145.58789,128.44783,361.40955,153.34998,-73.74175,343.29266,189.41907,289.2035,342.7962,160.71321,-243.89711,324.24002,223.99995,451.86804,295.45477,215.8036,-304.2431,298.74402,250.5955,558.5862,292.3304,228.75836,-330.80203,293.27527,254.38861,586.6624,292.70486,231.08694,-323.19052,294.43314,251.58157,566.9493,294.65698,228.56564,-300.3646,297.57925,249.34134,552.6881,349.15707,322.0088,-116.13273,334.2689,330.72278,115.96187,367.15808,444.80096,-180.01175,340.16525,452.68735,69.620544,386.21368,590.1647,-255.52963,365.03955,582.8281,13.987934,399.3198,612.86334,-263.5656,375.48904,601.59064,5.8983502,350.6337,614.1434,-339.40146,323.93445,606.9871,-41.759727
br_up
IMG_20241017_110642.jpg,br_up,316.43732,139.36601,135.85782,322.29794,127.37141,123.40806,325.59,126.416756,123.30386,329.86453,125.28377,123.27286,318.01468,128.34846,154.62473,317.71677,128.27487,154.67514,317.53668,128.21007,154.67442,345.3687,126.03769,104.04792,330.07135,129.84662,244.07802,324.24002,147.0516,131.28992,319.05798,148.81818,171.74306,368.22757,158.3559,-13.419101,338.5656,196.41331,335.02722,351.5061,167.44789,-162.93767,322.32568,234.0683,434.09363,300.7614,215.40607,-181.17383,295.41125,255.07097,451.63464,295.3781,231.27048,-202.06296,289.06656,255.31586,461.82578,293.31247,232.61371,-195.86034,291.14337,251.36266,446.34335,295.65518,229.39348,-176.96678,293.4607,250.35544,443.86096,354.33896,323.57858,-111.930466,333.04306,332.7528,111.79874,367.43628,447.79614,-191.46477,333.9592,453.10175,40.02675,389.19623,592.3864,-287.24384,362.08997,585.76013,-38.78436,401.41132,615.17365,-298.5386,374.15475,604.00116,-50.143085,355.9906,618.6494,-384.75937,317.6994,610.3965,-108.37713
br_up
IMG_20241017_111847.jpg,br_up,284.052,330.41968,-200.5066,288.17276,325.58926,-179.50128,290.37558,325.84427,-179.42267,293.4718,326.14413,-179.43793,280.12082,325.5243,-180.99164,277.406,325.74054,-180.99246,274.41333,325.95,-180.93973,297.73486,329.84583,-69.82063,268.71994,328.75317,-78.33153,289.13412,339.1602,-159.9205,278.9488,338.83505,-162.5609,317.82123,372.12277,-69.07085,242.14542,364.22397,-71.61455,373.0664,355.91205,-299.27744,192.15227,340.6114,-320.5501,324.1867,355.8902,-402.04907,248.67102,351.80557,-506.91504,310.17877,353.83896,-436.47888,260.15652,353.4458,-546.1374,308.50592,358.02927,-407.2958,263.06702,357.11874,-522.4343,311.22098,359.89352,-395.3541,259.95575,357.47556,-503.72308,301.65787,491.01624,-5.5077233,251.50255,490.27673,5.2541814,329.11676,583.83374,-49.12177,222.82729,581.71814,-26.965107,368.58273,678.9452,33.435326,176.8241,676.97784,68.200386,364.10547,693.42444,35.021076,182.545,692.84955,69.939926,403.38992,701.34686,-72.39641,137.52603,703.2249,-42.925514
br_up
IMG_20241017_111848.jpg,br_up,285.17203,331.41122,-207.61577,289.1993,326.05457,-187.56422,291.612,326.28168,-187.48578,294.70132,326.53387,-187.51372,281.14932,326.1826,-189.9097,278.26025,326.44052,-189.91974,275.1508,326.72687,-189.86327,298.44427,330.08133,-76.85569,269.33237,329.57083,-89.512665,290.16998,340.36618,-166.0056,279.99963,340.19247,-169.90938,319.05505,372.28244,-65.95944,242.28,365.42633,-77.20093,373.1811,357.3571,-278.35944,193.4083,341.91455,-318.24133,324.6484,354.92062,-379.68237,247.64523,351.18347,-503.5372,310.0839,352.395,-412.29678,260.3607,351.50284,-541.89996,308.6199,356.66995,-384.01752,262.8216,355.25723,-516.8554,311.4171,358.83685,-372.92535,259.69342,356.0635,-499.92255,301.45993,491.61993,-2.7978494,251.31757,490.56464,2.5903578,330.13092,584.67334,-45.680607,222.52432,581.8188,-22.30119,368.83014,679.25195,34.261555,178.09514,676.7795,70.906685,364.47952,694.6852,35.677544,183.7577,692.994,72.58013,404.94733,701.04913,-67.771736,136.63956,703.1433,-35.974834
br_up
IMG_20241017_111849.jpg,br_up,283.30978,330.4366,-338.73163,288.0548,324.04758,-319.65878,290.39935,324.3175,-319.59775,293.42105,324.68033,-319.6563,279.95996,324.35242,-322.41104,277.2611,324.79364,-322.45386,274.2283,325.33655,-322.38876,298.18707,329.5293,-199.8682,269.5232,329.69318,-214.29074,288.7827,338.44077,-293.36258,278.54803,338.93677,-297.61624,320.18924,375.53403,-157.37071,242.22023,370.10623,-154.4062,376.45547,372.24246,-323.42795,188.66501,358.88458,-339.6357,332.96484,371.46994,-479.47546,198.10374,352.07605,-541.0841,319.29715,371.92114,-522.4599,202.47374,351.04266,-584.95636,316.13187,372.01633,-507.9265,212.0769,352.32547,-574.5527,319.29825,372.39267,-478.6698,209.94313,355.18042,-543.7635,302.12158,492.1556,-2.8915274,252.22275,491.19,2.7558672,329.39923,584.9307,-43.260925,222.71005,583.0969,-22.176254,368.101,680.0174,63.65835,178.29945,677.646,95.64972,364.3004,695.23535,66.17463,183.95244,693.78345,98.329956,403.67938,701.49304,-53.668907,137.2489,704.2774,-22.470488
br_up
IMG_20241017_112855.jpg,br_up,1461.2511,1221.7458,-411.9414,1479.6292,1181.3086,-378.5915,1491.3887,1179.9885,-378.564,1501.6096,1178.8004,-378.5188,1444.7263,1183.2938,-384.3623,1433.0482,1183.3939,-384.47836,1421.3381,1183.617,-384.65277,1515.3396,1193.0863,-136.55727,1400.4153,1196.3907,-165.15073,1482.5382,1258.3125,-318.87024,1438.5966,1258.4407,-326.885,1638.8778,1390.4371,-38.54619,1270.3677,1386.592,-61.73208,1761.1184,1627.9993,-178.44537,1135.9805,1620.8358,-285.84637,1584.2114,1610.9177,-580.07434,1345.726,1630.6058,-640.7702,1540.6216,1634.984,-662.3698,1403.4072,1652.5205,-715.7053,1521.1604,1599.6536,-633.29266,1420.7169,1623.6608,-673.01624,1526.0226,1587.742,-568.64954,1406.405,1612.5613,-622.34607,1549.307,1960.4355,7.445508,1345.8453,1953.6609,-8.356352,1602.7423,2296.4158,148.66165,1259.0024,2310.1858,101.7876,1710.1633,2579.153,468.0495,1198.8453,2597.511,400.6256,1696.1774,2624.8638,482.04135,1212.7131,2632.6743,414.88318,1766.4348,2715.9766,197.21333,1140.6549,2740.3584,149.23409
br_up
IMG_20241017_112857.jpg,br_up,282.70706,239.8933,35.0756,288.51703,231.9776,14.1457405,289.83856,231.90388,14.099489,291.34988,231.82767,14.083536,288.22168,231.9653,42.40011,289.1824,231.86565,42.430374,290.32968,231.74103,42.39589,301.05954,236.41824,-33.048645,299.5954,235.95348,94.00478,285.6107,247.56169,22.10761,284.64444,248.13937,58.7859,307.37607,267.26547,-124.053215,307.46884,281.15845,186.6155,307.5753,296.25113,-230.09322,310.2801,333.219,269.1716,272.7307,312.79947,-266.05054,295.68982,365.87726,296.94064,266.31445,324.2586,-291.10486,292.88776,375.84906,308.65155,262.45975,321.19055,-283.535,290.69995,374.30383,285.06384,265.57956,317.23044,-261.7748,291.46106,370.74664,286.57812,317.64783,405.20963,-89.04938,301.63272,406.3774,88.95524,319.8021,502.34555,-90.53269,306.11362,499.56027,80.15425,327.37817,605.3261,-87.780106,323.23087,598.23157,85.39855,340.9024,624.4656,-90.43241,334.5788,616.9281,82.48442,282.6899,624.47186,-161.16364,282.7284,618.6945,33.070972
br_up
IMG_20241017_112858.jpg,br_up,278.5879,239.60347,39.409504,284.11926,231.27374,19.887981,285.75992,230.93343,19.820244,287.4834,230.61395,19.790104,282.83334,231.39253,48.458435,283.40027,231.15683,48.518703,284.07962,230.91478,48.480236,298.00888,233.68555,-23.117018,294.37967,234.10042,105.749504,282.72903,246.91705,28.07891,281.06952,247.08456,65.29551,307.95264,260.51358,-123.113144,306.69662,274.97128,204.3211,308.1571,304.47623,-223.80348,312.93103,336.89227,256.02603,266.88672,332.75592,-263.05157,305.53857,372.6885,228.67572,258.00403,342.84717,-291.61697,297.52936,392.65698,232.07649,255.00975,340.92792,-282.7793,294.5037,390.5867,206.99574,258.77347,337.62234,-257.53864,295.76376,385.3925,215.83278,317.4492,396.13824,-93.21136,301.86624,398.74005,93.13676,320.02722,499.67548,-102.50669,304.1852,497.5606,79.24033,331.95734,603.39496,-100.641235,321.9005,597.33984,79.20418,343.6715,622.1454,-104.22112,331.2335,615.8276,74.98644,286.61972,623.45984,-184.8113,280.89697,618.6759,18.741453
br_up
IMG_20241017_113848.jpg,br_up,381.18246,216.86449,-16.170929,377.76498,208.76025,-7.277909,376.92477,208.30322,-7.324292,376.0092,207.72855,-7.3282294,376.81808,208.59982,-37.831768,375.49252,208.16502,-37.884983,374.14435,207.66983,-37.977516,364.86908,208.63016,39.380993,364.71674,209.16774,-98.54325,377.69736,224.3634,4.5318694,376.19592,224.42874,-35.302177,355.8214,247.88165,121.276886,349.18964,249.1828,-170.08041,352.2609,308.02097,176.13322,356.83142,295.4386,-188.33826,375.09195,336.12198,134.04356,402.08322,295.7152,-103.0365,381.7301,345.87863,130.04886,407.73398,302.07208,-112.71054,384.69006,342.13455,112.175735,408.0546,299.07632,-109.25615,382.25247,338.66486,122.49595,404.67413,297.3725,-98.53756,361.2194,374.88162,91.49142,349.89117,377.1998,-91.54714,359.69687,454.3911,200.65005,347.34705,467.67395,-43.843468,354.27588,521.6216,315.16882,342.65002,560.2563,9.918828,347.469,530.7517,323.46826,335.83533,576.63556,12.203377,388.37296,537.53394,293.7315,383.05334,582.4824,-54.749695
br_up
IMG_20241017_113849.jpg,br_up,391.7543,217.06927,-60.86035,388.5727,208.99005,-50.06266,387.66608,208.542,-50.082863,386.63687,208.055,-50.122406,388.17615,209.04291,-80.08214,387.19464,208.73917,-80.100914,386.17133,208.44742,-80.14647,374.5309,208.58101,9.623437,376.03317,209.87065,-125.55408,388.12222,223.31464,-34.80153,387.57492,222.94563,-74.148445,358.15308,245.76608,111.86658,357.173,254.46101,-182.96593,363.50708,280.9187,274.9003,365.59055,317.17654,-202.70029,403.57263,272.81927,370.28607,407.63187,308.5922,-156.42964,407.32236,267.84192,387.1709,414.07034,314.37598,-174.95653,405.6143,265.9128,365.53033,411.91983,305.89542,-176.82881,403.6548,268.16507,362.09787,408.03845,302.58838,-154.81104,366.21246,374.0029,89.87039,359.24707,379.04413,-89.91902,366.94727,450.86584,218.54279,353.62744,468.4037,-39.340485,357.2201,521.5956,355.25302,349.3662,560.4389,19.724865,352.18292,531.3379,366.3777,341.3764,578.0255,23.073837,392.68317,536.65924,339.6732,388.64337,584.905,-40.02899
br_up
IMG_20241017_113851.jpg,br_up,299.59277,209.00092,-538.42377,304.6988,202.88754,-523.099,308.27753,203.36642,-523.00446,311.04977,203.81223,-523.05383,294.77768,202.44272,-524.0856,291.51196,202.52422,-524.18317,288.07886,202.67545,-524.1359,315.8079,209.02332,-391.86865,283.05853,207.91702,-397.01614,305.63678,219.11563,-486.7332,293.43564,219.04593,-488.41992,343.16754,252.82945,-286.82257,254.41809,254.94632,-304.21057,383.17487,297.5412,-459.7964,201.26517,284.9093,-484.87268,348.844,294.70483,-708.97815,251.06734,284.13138,-712.8966,338.62045,296.84515,-763.4675,259.46335,289.0068,-764.3019,334.42822,291.48184,-755.1477,262.62076,285.19357,-751.4291,336.5744,291.02484,-710.5474,260.96027,284.06277,-712.1474,321.09692,369.88766,6.8557525,266.4726,367.2015,-7.1136217,330.56473,479.0067,-35.292416,252.08064,473.6797,-26.963936,353.10126,580.478,68.94092,227.26498,579.1272,77.17095,346.7892,599.10535,70.22463,230.83069,595.77686,78.46724,372.05566,608.5129,-80.06983,209.77682,609.9074,-67.93357
br_up
IMG_20241017_113858.jpg,br_up,298.09906,194.73193,-404.10547,303.69672,188.8934,-382.76202,307.5704,189.30861,-382.7442,310.86374,189.7164,-382.79782,292.60318,188.9202,-384.25058,289.1181,189.31601,-384.29712,285.55286,189.76009,-384.24225,316.2357,195.80075,-244.38084,280.9315,197.51192,-251.46143,305.8329,205.02942,-352.57965,291.47565,204.8871,-354.76,344.57947,248.78499,-151.89952,253.06226,251.4192,-174.61414,386.13348,290.44342,-294.69913,204.07785,280.91397,-319.31387,369.8256,290.71893,-541.98645,228.16605,282.06546,-549.65436,356.33597,290.80746,-594.695,231.72478,286.4649,-600.5986,352.86133,284.406,-596.68585,236.10002,281.20538,-598.3341,354.42725,284.3743,-548.7307,236.7619,280.59555,-554.3971,320.68628,373.11823,9.267652,265.16928,368.66122,-9.352919,328.44348,479.673,0.764794,253.12004,473.83594,-24.207157,351.64703,580.422,103.75389,228.01985,577.78394,80.26782,345.08246,599.281,105.04787,231.52502,595.06537,81.852005,372.4065,608.1206,-37.868343,210.8911,608.31213,-62.411686
br_up
IMG_20241017_113933~2.jpg,br_up,403.98694,257.6089,-25.77922,400.65225,248.90527,-16.445671,400.03806,248.44669,-16.48317,399.33334,247.91833,-16.476208,399.1056,248.64006,-44.535706,397.54938,248.1474,-44.602528,395.89633,247.6343,-44.68218,388.638,247.96169,35.209267,385.90976,248.50725,-90.633644,400.99356,265.2382,-3.3362544,398.6653,265.13705,-39.726532,376.7663,284.2768,120.124954,369.61316,287.4076,-157.69159,366.97824,332.17645,188.27145,367.1291,334.61157,-162.002,385.32224,353.3292,180.01474,408.30762,342.03165,-66.77606,389.6443,360.98145,181.188,415.1893,345.0015,-72.77164,392.26315,356.7506,164.72025,415.4687,341.89453,-69.54126,391.0714,354.4174,170.26839,411.94772,340.73944,-61.859005,381.72397,404.9281,89.69096,369.51593,406.92053,-89.65443,379.15543,479.3802,176.62895,366.38824,495.88257,-48.51961,369.60483,542.5186,268.90762,362.94214,578.8946,0.38062915,364.00006,555.0728,275.04367,355.51605,596.1363,2.7670317,403.22705,556.62146,250.14508,401.39185,596.106,-54.360786
br_up
IMG_20241017_113934.jpg,br_up,404.863,256.75992,-22.803675,402.07025,248.26895,-12.886091,401.73645,247.88292,-12.916228,401.34628,247.37123,-12.916671,399.90063,247.7608,-39.238857,398.1526,247.14426,-39.30333,396.31625,246.44191,-39.381203,391.38248,246.72824,41.497547,386.4949,246.61171,-76.41903,402.3075,264.129,0.26454106,399.461,263.56992,-33.85824,382.05527,282.67615,130.77971,370.81168,286.72998,-143.40163,370.72858,325.95383,208.47502,364.1613,335.51944,-157.4888,386.73013,345.8876,207.51614,407.8704,338.69287,-88.22441,389.10617,353.1407,210.48625,415.11072,343.38574,-96.871666,391.24594,347.95395,193.63441,416.1164,340.34338,-94.01572,390.74542,345.6645,198.1413,412.95514,339.0109,-83.62234,385.4818,401.5136,88.69596,369.541,403.1151,-88.63703,381.24463,477.61832,165.30821,367.77054,491.17337,-83.795135,371.5027,542.93713,250.48976,362.1913,574.7361,-71.69132,365.67474,557.0907,255.54703,354.4906,593.2277,-73.100334,406.90024,559.1693,227.93254,399.3005,598.6553,-135.39792
br_up
IMG_20241017_113935.jpg,br_up,302.0017,200.47066,-389.68658,305.75223,197.29921,-370.06027,308.57315,198.21765,-370.0127,311.21338,199.1403,-370.07474,297.3454,196.55225,-373.05844,294.34756,196.99492,-373.11285,291.40057,197.46915,-373.0512,313.46588,206.78296,-246.43849,284.06467,206.49617,-260.46692,306.96362,211.23381,-343.97076,296.33496,209.3104,-348.14548,340.03992,258.91205,-173.29697,251.54166,258.7892,-191.59799,380.5014,298.85068,-308.0692,199.94983,282.1406,-341.1041,365.17764,296.9051,-525.60443,229.60257,282.92395,-550.07666,355.6822,297.02426,-573.6445,238.027,285.00787,-597.31934,352.19144,293.6691,-574.85425,242.6131,281.81552,-588.9662,353.70044,294.4373,-531.62494,239.60753,282.1265,-552.2569,319.80908,373.24747,7.431983,263.07,369.6072,-7.527148,327.28766,478.026,-16.075485,250.33554,475.35284,-25.752096,351.5758,580.6997,89.44517,229.13597,578.9977,79.264206,344.68225,595.70996,91.19953,232.80162,594.7442,80.658585,372.8504,608.7375,-52.31513,211.336,608.0156,-61.728233
br_up
IMG_20241017_113936.jpg,br_up,403.97424,247.19183,-29.967985,399.18884,237.97879,-18.771038,398.4192,237.64388,-18.81536,397.6092,237.21298,-18.818733,397.97537,237.73763,-47.521378,396.43814,237.37608,-47.58728,394.8436,236.95712,-47.689575,389.14886,238.90874,39.143375,386.33014,239.30022,-89.0829,400.81708,254.36182,-5.407793,398.8362,254.38676,-42.589993,384.97116,280.20532,125.93301,369.40726,278.59772,-154.83014,374.0929,325.94232,179.34015,359.10623,322.9934,-170.40132,405.3485,337.9234,134.74387,410.6099,332.3849,-102.147156,408.32028,344.7441,128.56673,418.57233,337.66113,-115.131905,408.92056,345.09995,110.922165,419.85583,333.57568,-112.47716,408.6693,335.34805,123.4659,416.261,331.96545,-97.924416,381.02505,395.36154,88.70233,367.5048,395.6807,-88.63933,380.66064,474.36554,192.1784,368.41486,486.59128,-67.551704,369.17218,539.81024,305.70047,364.92966,571.9965,-40.785385,364.2933,545.9224,313.5783,355.6236,588.2764,-41.65137,400.6603,549.51447,279.09058,404.15646,594.28595,-114.59028
br_up
IMG_20241017_114438.jpg,br_up,259.20938,252.86937,-296.15796,265.37656,245.7442,-277.70334,268.4907,246.4141,-277.6531,270.8444,247.04738,-277.67255,255.16203,245.603,-278.55374,251.72487,246.0033,-278.60065,248.7457,246.40224,-278.56747,276.74857,252.95844,-162.07703,244.13097,252.59593,-166.22266,266.0933,262.39764,-252.40842,253.41168,262.29547,-253.84247,303.364,301.00995,-94.89424,216.86205,297.93237,-100.51797,344.61545,347.87985,-230.20686,169.3247,340.0711,-244.5557,312.68335,327.4796,-434.25342,215.09521,318.42813,-444.39682,303.21875,331.52817,-481.56543,225.83908,321.93274,-489.8712,296.10422,326.9382,-472.76212,232.80656,319.09192,-477.72256,297.71686,326.22,-434.89108,231.85274,318.10455,-442.72153,285.97015,421.3212,-5.8335905,232.3475,421.22845,5.7750363,300.94357,517.3254,-48.751232,210.50397,520.6751,-19.449589,323.8306,617.27277,44.833786,180.24655,621.3173,69.5041,318.6692,634.60645,45.617065,185.67802,638.51855,69.656685,334.6128,645.2347,-86.52509,155.68231,648.36334,-58.814922
br_up
IMG_20241017_114439.jpg,br_up,258.23294,255.8357,-226.82942,264.202,248.39716,-207.8292,267.7914,248.89915,-207.78412,270.15662,249.39156,-207.7991,253.99174,248.41876,-208.47705,250.8547,248.63019,-208.52115,247.61896,249.27669,-208.48137,276.1444,255.51782,-98.49041,243.54535,255.34262,-102.15731,265.88727,264.68878,-185.9585,252.74506,265.1562,-187.32599,301.0029,302.25708,-44.4437,216.60333,298.65912,-43.939117,345.24536,347.89966,-166.45496,170.00903,341.36484,-172.80191,310.69083,327.5723,-348.6572,211.50026,324.20358,-360.15363,301.55972,331.4696,-391.69553,224.62686,326.95636,-402.5987,294.40033,326.65845,-382.43747,230.06662,322.24716,-391.46973,296.24283,326.0209,-348.0484,228.07564,321.22363,-358.48724,287.02823,420.32184,-8.122836,233.98756,420.8139,8.075859,300.97034,517.8576,-49.778915,211.36163,521.10425,-20.147478,324.05026,618.13354,29.03467,180.36926,620.098,54.798157,320.0116,635.3682,28.974688,185.42543,637.64484,54.115074,334.15576,645.25726,-98.417816,155.69812,647.64484,-68.699265
br_up
IMG_20241017_114440.jpg,br_up,262.3874,258.37927,-254.09245,268.0399,251.15828,-234.85176,270.59885,251.71893,-234.80002,273.03757,252.42596,-234.82034,257.99854,250.54126,-236.41222,254.62389,250.56346,-236.45248,251.57254,250.75548,-236.42026,278.6596,258.14783,-119.84835,246.07483,256.0307,-127.60116,268.781,267.22482,-210.58224,256.47018,267.146,-213.11658,301.30746,304.19983,-59.30137,218.12708,299.02734,-66.83812,343.44205,350.2202,-197.88583,173.02415,342.64764,-212.21712,312.2214,326.09885,-402.25958,218.18692,320.543,-410.9417,303.19788,327.97195,-448.6947,228.99266,322.6424,-455.22308,296.75095,322.51703,-439.26822,234.93036,318.8287,-443.1323,298.27716,322.61533,-402.657,233.97955,318.46033,-409.19882,289.01718,420.4894,-5.739561,235.30453,420.1568,5.6717668,303.22522,518.2428,-58.35499,211.84973,517.7785,-23.498344,325.09198,619.01416,22.08885,180.88097,619.13434,56.342052,319.679,637.44946,21.816751,186.33725,637.5117,55.66661,337.40967,644.6633,-109.99207,151.93555,646.8357,-69.555084
br_up
IMG_20241017_114827.jpg,br_up,276.15585,207.20897,-324.47418,281.2021,200.74937,-304.84357,284.20212,201.33281,-304.77213,287.04852,201.86684,-304.7603,271.6985,200.16385,-303.5737,268.27487,200.25491,-303.5784,264.6705,200.46242,-303.52066,291.02832,207.0951,-189.82942,257.64066,206.96277,-184.26462,281.07278,216.92891,-282.0287,269.17798,216.91988,-280.46017,312.58508,256.46356,-188.92673,230.99515,254.22617,-167.02315,358.67014,236.94897,-462.38,186.55501,236.1352,-462.23184,288.34558,258.01758,-613.16656,251.14558,258.44293,-698.40955,276.42908,263.72748,-663.51544,263.92706,264.94244,-753.212,273.11945,264.1369,-638.4651,269.25314,265.40094,-730.0299,276.34906,262.7442,-610.22656,266.066,264.1807,-697.1062,298.73477,387.11996,-10.281931,245.42366,383.46487,9.990048,321.42722,481.53583,-59.368835,215.62337,479.12784,-38.159637,351.23038,584.81384,48.70715,178.17532,586.9979,69.80647,345.30084,599.19366,50.779015,185.58347,603.30786,71.091354,372.44095,613.0061,-80.555046,150.14555,616.71545,-64.111374
br_up
IMG_20241017_114828.jpg,br_up,267.41324,207.16615,-323.38693,273.36176,199.88014,-305.89478,277.04977,200.30286,-305.82608,280.59424,200.8399,-305.81396,263.34042,200.17654,-302.01263,260.18542,200.81845,-302.02307,257.0096,201.53256,-301.9656,287.91687,206.93178,-197.90942,254.37709,208.7728,-179.95619,275.20544,215.90631,-283.33356,262.28735,216.1675,-278.18314,315.69904,256.0074,-193.5405,232.05847,256.07043,-166.5657,360.066,240.72707,-464.60324,187.44771,237.27829,-466.43954,292.31305,260.32187,-614.17645,249.64287,258.5432,-712.9976,279.5403,266.13797,-663.763,262.50632,265.1853,-768.8541,275.57715,266.89566,-639.535,268.13385,266.0685,-744.82806,278.2978,265.791,-611.129,265.41516,265.08456,-711.7891,298.44305,386.41708,-9.732756,244.19946,383.91583,9.450992,320.5172,482.1038,-51.331745,215.20825,480.80057,-19.495087,351.8659,585.43176,56.676163,178.13748,586.33575,87.75173,345.7233,599.9668,58.523724,185.09778,603.63617,88.92123,375.3539,614.35297,-76.862305,151.08585,616.93256,-45.413387
br_up
IMG_20241017_114829.jpg,br_up,266.72385,207.75142,-287.99878,272.7284,200.00543,-270.58044,276.44702,200.05316,-270.51422,280.03085,200.22198,-270.48682,262.4958,200.73958,-265.65805,259.36334,201.33315,-265.67105,256.14478,202.03409,-265.62616,287.87277,205.60736,-166.22697,254.21625,208.60196,-143.45895,274.81757,216.70142,-249.50555,261.98013,217.41232,-243.0115,316.9765,255.30257,-164.82072,231.50255,257.1155,-128.76929,363.17917,242.30952,-426.96655,187.69058,238.04321,-412.4032,292.7927,260.90292,-574.1582,248.37692,259.68164,-654.46277,279.7087,265.67535,-623.39264,261.85364,266.31332,-709.66516,276.29266,267.827,-598.3189,267.50787,267.82755,-686.8002,278.91348,266.8376,-570.4659,263.74182,266.4099,-653.3633,298.65265,386.8215,-14.661885,244.49239,383.5585,14.424919,320.30148,481.82748,-48.96571,215.31941,479.91968,-10.145716,351.10452,584.7877,61.919956,177.14015,587.1692,97.073845,345.5851,600.8265,64.148415,184.61913,603.94666,98.64013,368.24408,611.648,-70.014046,148.59833,616.4587,-32.208557
br_up
IMG_20241017_115215.jpg,br_up,1492.245,1032.8295,-883.1427,1502.0477,985.4225,-803.66956,1512.3712,985.4924,-803.73,1525.9568,985.9456,-803.88245,1458.8242,983.58154,-820.06433,1438.0112,983.13214,-820.0271,1418.3938,984.1576,-819.62177,1531.1561,1003.7649,-232.49298,1371.1945,1007.22064,-307.1895,1504.9497,1085.206,-655.2474,1453.4673,1084.1024,-677.3243,1660.3203,1230.6173,110.27108,1220.5433,1219.1669,69.622734,1873.8398,1499.4165,-148.92128,998.7201,1480.2317,-90.780655,1611.3751,1583.9418,-964.86115,1236.6785,1593.0583,-714.8353,1534.6504,1643.385,-1170.7859,1286.3876,1639.9762,-881.83093,1503.5416,1618.5443,-1153.4429,1314.3743,1623.919,-897.32745,1516.0319,1600.1208,-969.10815,1308.6409,1605.182,-725.63995,1566.4166,1932.591,13.18531,1312.4985,1937.7415,-12.926026,1689.2367,2416.124,-186.60434,1194.6461,2431.6077,-152.5282,1822.6515,2848.8445,571.37134,1047.8857,2864.8176,576.37836,1798.1052,2918.2573,615.6267,1074.4127,2935.5474,616.5252,1950.9545,3034.4875,36.28768,946.97516,3054.535,21.388906
br_up
IMG_20241017_115215_1.jpg,br_up,1490.479,1026.6964,-883.58136,1506.3411,981.1343,-805.19305,1517.9816,982.0491,-805.2427,1532.5902,983.51996,-805.3629,1461.2291,978.56287,-816.00586,1440.4808,978.9014,-815.977,1420.7767,979.8473,-815.59595,1542.8341,1002.8529,-240.80917,1378.8282,1001.71564,-291.3256,1506.9916,1078.4271,-658.3055,1449.5243,1076.8237,-673.46436,1673.2473,1232.2089,109.588905,1227.8783,1213.2848,69.22069,1874.515,1502.2826,-145.03171,1005.7614,1474.7346,-91.09112,1605.4927,1589.1321,-921.6229,1253.4314,1577.1997,-686.5239,1536.0748,1654.9149,-1117.9348,1301.8015,1633.305,-849.1492,1500.6614,1630.341,-1099.5581,1336.7344,1625.2329,-860.98596,1513.0663,1612.0433,-924.99,1330.1353,1604.7285,-694.9643,1568.2524,1937.922,20.803246,1314.403,1935.6304,-20.616047,1700.1486,2419.6035,-179.05376,1195.0342,2439.61,-139.2691,1828.214,2855.6602,610.4005,1050.8335,2868.5918,621.03253,1792.0693,2933.564,658.10565,1082.6896,2942.8271,665.1895,1961.6846,3033.5073,88.722565,954.1376,3046.1438,75.2346
br_up
IMG_20241017_115216.jpg,br_up,1472.2938,1033.8362,-794.942,1494.2407,988.48096,-725.82086,1506.2672,988.9347,-725.8959,1521.0125,989.49115,-726.08655,1442.4454,989.94867,-732.5135,1421.9546,991.09357,-732.4754,1402.9246,993.67615,-732.11914,1538.5237,1008.0325,-193.78229,1371.7686,1013.453,-224.09567,1496.2435,1082.5288,-578.73016,1433.3434,1084.7583,-588.2162,1664.7904,1228.6508,161.57146,1231.0798,1215.1106,150.93652,1864.6403,1510.3069,-40.09732,1009.83844,1483.8958,87.08315,1593.0748,1590.4033,-737.1292,1256.9095,1579.0427,-404.4317,1520.773,1643.3711,-916.7517,1304.9464,1631.1952,-547.84076,1495.9933,1618.4976,-893.6904,1338.6284,1616.1199,-560.5105,1510.3032,1603.037,-736.98663,1332.0583,1596.2457,-410.7554,1556.6243,1927.7974,-3.8006272,1310.2272,1924.5267,4.2142606,1690.0262,2414.592,-207.07402,1184.8683,2428.1438,-126.94169,1820.5323,2847.8157,529.79205,1043.1266,2865.6826,577.9372,1784.0345,2926.0393,572.5142,1076.6422,2938.9668,617.5064,1958.4707,3027.3262,10.502545,945.5897,3043.2485,41.238865
br_up
IMG_20241017_115216_1.jpg,br_up,1457.2532,1014.1275,-776.9082,1484.8208,972.2231,-699.965,1500.093,973.06866,-699.94763,1514.6215,975.03436,-699.9842,1430.2931,973.84906,-701.57135,1411.7463,975.68506,-701.5715,1392.9052,979.69934,-701.16754,1539.3564,1001.2667,-164.80237,1369.9355,1002.4619,-172.17767,1489.4828,1067.183,-564.5811,1422.658,1066.7305,-567.2401,1674.121,1233.2797,158.66864,1235.1154,1214.8336,151.48131,1874.9292,1500.8164,-118.29013,1015.72876,1478.4518,-77.96002,1604.5217,1581.5767,-823.11163,1252.9498,1573.046,-711.707,1536.4419,1646.3975,-1007.6073,1297.1005,1622.2124,-884.5988,1506.3427,1619.3943,-975.04156,1329.2657,1607.7783,-878.1226,1513.799,1602.8545,-819.04266,1324.6316,1587.9819,-714.6796,1567.6405,1934.5297,14.036397,1313.7659,1933.2418,-13.919571,1694.9377,2412.531,-187.07425,1195.0469,2428.411,-141.78897,1826.9968,2842.421,627.65924,1043.3351,2859.1719,629.70825,1791.4097,2921.2065,678.0302,1068.5978,2926.0415,675.9007,1960.2788,3026.5298,106.322945,950.0479,3047.287,92.51467
br_up
IMG_20241017_115218.jpg,br_up,266.3743,222.1571,-131.58435,271.3854,215.85121,-111.231415,274.23505,216.263,-111.23612,276.35724,216.5011,-111.2552,262.4635,215.29312,-113.30911,258.78336,215.34029,-113.31156,255.55435,215.34724,-113.24129,280.6481,220.44232,7.5978436,250.25874,217.94579,-3.3693435,271.30765,232.11899,-86.77515,260.7236,231.73662,-90.11902,305.2677,263.4908,54.323414,223.86404,254.31918,43.367382,345.37576,304.97366,-49.183167,177.54787,291.83417,-71.91764,292.37845,311.63498,-214.17226,223.85727,307.7598,-249.33461,277.398,316.22406,-261.07867,233.30983,316.58252,-294.29453,271.99835,310.28058,-257.27222,238.03792,313.23038,-290.4289,275.38083,308.3828,-216.24863,236.33046,310.04294,-251.04224,280.30646,395.7342,2.0021877,232.91463,393.73294,-1.8680829,308.00122,490.7321,-37.15901,198.77437,488.01813,-42.78202,336.81128,591.5689,39.47814,158.68091,591.69934,39.383785,330.89676,608.20734,39.835976,162.78961,607.8473,40.123215,366.53262,621.5314,-79.87654,129.49487,620.3183,-80.314644
br_up
IMG_20241017_115219.jpg,br_up,266.64743,221.00897,-192.2569,272.34647,213.81349,-173.9821,275.43265,214.18127,-173.98035,277.65298,214.60863,-174.00534,262.92236,213.53497,-176.41696,259.38565,213.6231,-176.43042,256.07858,213.71255,-176.3641,281.4403,218.77351,-54.549923,249.77365,216.89511,-67.16183,271.75452,230.89357,-146.46088,260.5781,230.52266,-150.21826,306.09213,263.71283,9.917168,221.68352,253.34804,-8.098032,352.43896,301.9486,-82.057274,171.07509,290.6612,-108.005455,307.16324,315.33328,-256.015,219.1313,310.12714,-277.4694,294.49503,323.2622,-302.0214,226.50168,319.08804,-320.21213,288.54068,317.92084,-299.13797,232.42427,315.77826,-316.73236,291.2894,315.5878,-258.24823,230.93164,312.242,-278.51447,281.33453,396.66724,5.1613836,231.99634,394.69946,-5.0756893,309.55713,492.70636,-15.325263,197.98152,489.98462,-31.103863,336.1265,591.61884,72.00085,158.33524,590.74164,60.989914,330.61703,607.64197,73.50261,161.53357,606.87555,62.849857,364.76172,618.6593,-44.863594,135.66241,619.86096,-58.463375
br_up
IMG_20241017_115220.jpg,br_up,266.44327,220.30621,-180.28404,271.7415,214.51364,-160.78354,274.961,214.88686,-160.77774,277.2601,215.10939,-160.79712,262.16818,213.9986,-163.00577,258.32913,214.06865,-163.02155,255.16292,214.26477,-162.95328,281.27005,218.64056,-39.238342,249.55586,216.79802,-50.946518,271.6215,230.75243,-134.26755,260.295,230.44267,-137.7663,306.10822,263.96704,19.657635,222.48978,253.83162,1.2393781,350.06003,300.83987,-81.895744,173.60075,289.12564,-112.55544,306.21002,316.05453,-259.98965,217.49097,309.3236,-297.45856,292.2463,323.7872,-309.02267,224.25111,318.812,-344.38977,286.15372,317.61658,-307.3344,230.75305,315.32904,-342.04248,289.1499,315.49503,-263.28925,229.86685,311.77075,-299.7757,281.53232,396.92618,6.302125,232.46823,394.86737,-6.193631,309.38373,490.80292,-28.665361,198.86613,488.5932,-46.45397,337.28854,591.6045,56.36493,159.43651,591.2394,44.695793,331.3657,608.02563,57.40252,163.2089,606.8783,46.172318,365.0314,618.66815,-63.71852,134.14612,619.7598,-78.014435
br_up
IMG_20241017_120613.jpg,br_up,1543.4114,1008.5051,-886.38043,1577.5117,962.9727,-822.5338,1598.6827,962.297,-822.5021,1618.6813,963.1306,-822.5315,1526.8499,967.77985,-806.74615,1512.6628,969.7348,-806.7335,1502.1083,971.5374,-806.60596,1654.5251,991.7377,-377.58398,1499.5372,995.02655,-304.72122,1585.1876,1060.212,-712.37445,1524.046,1062.422,-692.8148,1800.7272,1237.0482,-118.16682,1377.1267,1222.9865,-38.28586,2037.1398,1473.8584,-674.36,1126.716,1412.8716,-571.88055,1789.6095,1405.0052,-1526.4169,1382.939,1411.7163,-1459.1068,1741.6787,1435.8916,-1703.1925,1452.3325,1443.3037,-1641.6094,1695.4354,1423.5144,-1636.2269,1476.4705,1424.8069,-1579.784,1696.7129,1415.286,-1510.0599,1470.2041,1413.5442,-1447.125,1713.0906,1880.5094,-43.0723,1464.6381,1891.7007,42.623627,1772.8822,2366.1199,-245.25539,1373.0526,2378.9465,-4.020388,1843.6425,2806.531,428.33975,1317.9497,2796.3108,618.50415,1809.9532,2877.798,463.03702,1350.8715,2874.4587,650.7009,1937.4652,2982.1626,-75.44149,1217.9807,2962.756,145.45941
br_up
IMG_20241017_120614.jpg,br_up,1557.0742,988.062,-856.51984,1590.8726,948.25085,-788.46173,1611.5343,948.39703,-788.4078,1629.984,950.2179,-788.4028,1540.0967,951.73566,-776.17676,1525.2013,953.7318,-776.13696,1513.4637,955.67786,-775.987,1662.8228,980.4234,-349.24722,1506.7025,983.5316,-292.27756,1596.9713,1037.4258,-687.6618,1533.6349,1037.8604,-672.5675,1803.398,1224.4622,-120.53215,1385.1997,1213.3395,-47.86523,2031.9072,1461.2039,-671.71344,1137.679,1399.6672,-583.8103,1792.3591,1389.0172,-1487.7775,1391.4691,1402.0367,-1425.5911,1742.7898,1418.0999,-1659.2937,1462.6394,1428.798,-1598.5526,1696.6213,1405.0818,-1590.3602,1485.526,1409.9785,-1537.5863,1699.1488,1396.7151,-1469.9852,1478.2196,1401.5369,-1412.8209,1709.795,1875.2877,-50.02163,1464.9456,1883.2247,49.63434,1772.2686,2338.2935,-252.43283,1376.3004,2357.9133,7.568489,1845.5643,2786.394,302.8585,1313.6095,2781.0164,551.74493,1811.0786,2856.2961,324.85254,1344.9388,2853.9248,575.8313,1922.5364,2961.4966,-213.35828,1212.7502,2952.6467,82.131935
br_up
IMG_20241017_120615.jpg,br_up,1554.1703,991.6894,-1118.0148,1589.7205,954.1805,-1051.3508,1609.0692,955.4352,-1051.3132,1629.1725,958.4849,-1051.3367,1542.3246,955.4802,-1034.6875,1529.3284,956.09296,-1034.7074,1519.6504,957.16223,-1034.59,1666.3567,985.2646,-573.10394,1516.8534,980.6489,-491.87842,1592.3202,1035.2836,-932.6887,1533.0236,1034.5059,-910.53143,1811.0386,1212.9795,-273.1962,1389.6802,1213.7721,-209.99593,2036.0311,1466.5945,-871.17816,1155.4446,1415.4501,-751.2423,1797.2606,1393.8774,-1827.151,1391.3187,1403.5552,-1687.3004,1746.0342,1422.2954,-2033.9075,1454.6467,1435.2617,-1892.9097,1704.1925,1406.9178,-1990.2065,1480.8345,1412.5396,-1850.9036,1707.4059,1398.8342,-1824.2643,1472.7477,1403.2192,-1685.6677,1715.2635,1874.6443,-32.7509,1474.1215,1884.982,32.523174,1781.9116,2333.035,-138.71585,1378.5208,2345.7673,41.511917,1850.105,2767.7236,487.80356,1315.2908,2765.584,641.0264,1812.0906,2834.3367,515.54755,1351.3984,2846.5688,667.62866,1937.022,2958.6301,-55.425568,1217.1736,2946.327,124.70233
br_up
IMG_20241017_120615_1.jpg,br_up,1570.6859,996.9018,-745.57294,1605.9099,956.892,-679.37854,1627.0103,957.8832,-679.30804,1643.3855,960.21124,-679.27625,1551.4902,959.95044,-670.59485,1535.8624,962.46246,-670.56854,1524.0156,965.12744,-670.4229,1677.9265,990.8112,-260.29175,1515.8636,992.5789,-221.25037,1612.7314,1048.9747,-584.26025,1547.2397,1048.8813,-574.1137,1811.0492,1234.2926,-54.53736,1392.1371,1219.4994,-1.5314629,2027.4438,1472.75,-564.28894,1153.4453,1411.1669,-494.21964,1798.5737,1392.6277,-1311.4045,1411.1626,1393.6008,-1236.9625,1750.0289,1419.8735,-1464.976,1478.5925,1421.4166,-1391.4116,1701.9088,1405.6139,-1396.4873,1503.5807,1404.2548,-1324.4104,1703.721,1398.5878,-1292.0466,1495.522,1393.6792,-1218.5718,1721.8534,1865.5778,-39.25658,1477.076,1873.4266,38.704967,1775.2999,2329.4736,-187.46407,1394.3766,2335.0815,-56.26072,1846.4493,2775.7961,274.5266,1322.1162,2772.483,388.5793,1810.4807,2851.419,289.60892,1353.906,2847.8252,403.05698,1933.1083,2955.7056,-214.76718,1222.2972,2945.585,-69.01251
br_up
IMG_20241017_120616.jpg,br_up,285.75143,211.30173,-178.16902,291.10333,205.60446,-158.39496,294.02405,205.99709,-158.35782,296.30182,206.32272,-158.35457,282.51724,205.48846,-158.368,279.55765,205.71652,-158.38345,277.03946,205.95139,-158.34538,302.11475,211.45953,-49.46554,274.3868,211.52559,-51.054035,291.65137,219.27867,-138.11046,281.36197,220.17398,-138.77414,328.1165,254.7484,-4.4973207,250.20572,253.9253,-10.6923275,369.29572,293.76083,-148.86551,199.07634,280.73288,-154.74031,326.53363,277.12613,-328.17386,248.01535,273.7338,-328.2186,315.0354,280.01825,-370.09875,261.7486,276.2735,-369.0972,310.11414,277.10233,-357.39294,266.16553,273.38477,-354.65768,312.17914,276.51505,-326.77206,263.63028,273.0673,-325.53424,312.66357,373.9606,1.3615801,263.91452,374.09354,-1.421469,325.4178,468.0387,-41.60216,242.88191,461.645,-54.1981,340.65384,570.3447,31.007542,222.81552,566.85455,28.220272,331.6244,588.167,30.12,228.80766,584.5249,28.482735,364.7698,597.2365,-94.467285,197.4496,595.18164,-92.083305
br_up
IMG_20241017_120617.jpg,br_up,285.46927,214.87093,-157.57149,290.94788,209.45554,-138.41705,294.05807,209.7189,-138.37984,296.33115,210.0277,-138.37907,281.95685,209.57713,-137.84999,279.0971,209.93007,-137.8688,276.45032,210.35742,-137.83583,302.0915,215.16528,-32.681057,273.7158,215.98232,-31.364029,291.70374,222.75844,-118.58502,280.76736,223.97449,-118.41898,328.7941,258.77847,11.634714,250.75504,255.34406,5.063095,371.05,300.29492,-129.43092,199.29936,281.3929,-136.3757,327.21713,282.39316,-302.2662,253.96689,276.2516,-301.73938,315.1893,283.5182,-342.80408,267.0892,277.66412,-340.60883,310.2935,280.1396,-329.32358,271.33914,275.55637,-325.99515,312.43747,280.12906,-300.49606,269.00955,275.48343,-298.7687,312.84595,375.89545,0.84287757,264.22372,375.5989,-0.8595111,323.58932,466.15768,-50.478752,244.62674,464.63004,-51.347843,340.82123,569.3783,17.489717,222.8963,567.8572,21.500137,333.00333,585.8706,16.222126,228.83623,584.62384,20.558662,363.5194,594.4316,-108.757866,197.86555,595.3312,-101.184715
br_up
IMG_20241017_120618.jpg,br_up,285.50974,208.10216,-145.2796,290.83466,202.9199,-125.09843,294.0273,203.15268,-125.0733,296.6093,203.5057,-125.07189,281.9041,203.02905,-124.753136,279.24207,203.3227,-124.76739,276.43738,203.71729,-124.71939,302.2314,208.39186,-18.632177,273.81937,209.66707,-18.409431,291.91644,216.28404,-106.524086,280.86197,217.29584,-106.715836,330.0769,254.39906,24.008121,250.62106,251.27783,22.982052,368.58923,299.81342,-101.29283,202.52917,283.01553,-105.28727,325.20538,281.39502,-271.55896,256.23517,277.1754,-276.72684,313.4766,282.58524,-311.80368,269.47607,277.8044,-316.61627,307.61472,278.74316,-300.20782,273.60336,275.4295,-303.4044,309.64154,278.42496,-270.1674,270.93924,275.2824,-274.21857,313.60083,371.92432,-4.175965,266.03162,370.6714,4.184761,325.14468,462.69904,-40.56369,244.8613,461.406,-31.83676,342.0555,561.8934,30.493263,223.62196,560.8369,43.433243,334.78796,580.52856,29.635693,229.44717,579.02423,43.069405,362.05945,592.1815,-95.25551,197.45091,589.34503,-76.45804
br_up
IMG_20241017_120634.jpg,br_up,1577.7499,775.6353,-1653.5696,1606.0516,726.44403,-1558.7806,1619.6049,727.4351,-1558.7122,1632.8376,729.0238,-1558.8126,1550.7136,722.6331,-1569.9093,1530.9159,721.1071,-1570.04,1511.6755,720.39606,-1569.6738,1651.1082,751.60785,-910.97314,1478.2313,744.76324,-964.9645,1607.4203,824.4449,-1404.5522,1538.1787,823.7634,-1421.7643,1790.2858,1047.816,-512.4609,1313.0658,1054.2323,-486.92126,1970.3242,1389.6016,-1036.8354,1105.1761,1353.6406,-974.71655,1796.2654,1330.177,-2273.897,1298.1136,1336.9562,-2155.4385,1730.3329,1350.0892,-2547.7039,1365.1414,1347.8754,-2410.936,1700.1527,1307.297,-2535.9216,1388.3579,1314.8735,-2400.944,1709.6288,1297.5039,-2287.704,1381.0846,1306.7644,-2168.3237,1686.7227,1789.7427,-16.268991,1425.6042,1787.4846,15.4077215,1785.9174,2316.2932,-114.120674,1283.1665,2316.418,60.042027,1847.4752,2805.9417,851.0919,1212.1898,2788.0415,952.46484,1821.3094,2866.2715,906.9502,1246.6492,2847.6846,1002.9329,1901.9603,3001.7896,224.99362,1087.3722,2974.87,353.40375
br_up
IMG_20241017_120634_1.jpg,br_up,1561.543,812.18896,-1523.8656,1591.4701,757.39746,-1448.0684,1607.4518,756.92737,-1448.0607,1620.565,756.1178,-1448.1506,1535.1327,755.9782,-1455.0769,1517.0549,753.2654,-1455.1991,1499.8472,749.47565,-1454.9084,1643.5217,774.1905,-834.674,1477.0475,765.3704,-865.26355,1596.0363,859.5527,-1279.048,1526.3356,860.59314,-1289.6171,1790.5723,1061.7401,-397.4234,1317.2722,1062.3171,-367.27393,1947.2512,1376.6843,-809.96796,1125.1107,1342.2249,-752.52344,1781.4409,1383.8545,-2021.1113,1294.905,1362.5968,-1894.1464,1723.7052,1389.2749,-2279.1353,1361.0215,1376.884,-2137.7456,1712.6731,1346.1547,-2287.4792,1378.874,1337.5457,-2141.7974,1723.4698,1338.0585,-2042.0406,1371.2626,1327.5079,-1910.5593,1683.0585,1786.7462,-29.015192,1425.6678,1790.421,28.275257,1790.5326,2331.7385,-180.88062,1285.4017,2319.9097,5.111103,1852.5492,2807.1775,754.91016,1213.7861,2786.7483,850.4347,1828.7662,2866.8157,808.40717,1246.1088,2850.2947,899.2338,1899.5714,3001.9426,133.42804,1090.778,2972.981,267.1156
br_up
IMG_20241017_120635.jpg,br_up,1557.4058,824.74347,-1650.1787,1585.8519,771.7156,-1575.7356,1601.4216,772.41284,-1575.7313,1614.8336,772.6908,-1575.8687,1529.8582,766.839,-1575.2728,1510.7825,766.1398,-1575.461,1492.3438,765.65625,-1575.1843,1632.4014,784.3392,-950.1799,1472.7249,778.5709,-945.64075,1590.1826,871.57715,-1400.1215,1518.9515,870.81134,-1400.5792,1789.7544,1072.717,-489.36804,1317.0144,1073.3572,-427.96323,1943.3917,1404.6517,-938.8062,1148.9791,1369.8967,-828.8894,1780.3918,1395.0944,-2182.8186,1305.4435,1381.8645,-2034.5017,1719.1619,1401.113,-2452.6702,1368.1505,1398.786,-2293.597,1705.4158,1353.9441,-2463.7559,1387.4625,1357.66,-2308.1597,1715.1234,1345.7208,-2205.9387,1379.8539,1345.7202,-2058.1807,1676.7618,1794.6085,-42.916134,1415.623,1796.01,42.132217,1785.8942,2320.7073,-259.2871,1285.5018,2319.2463,-66.59819,1840.1527,2813.3254,710.2149,1205.1757,2803.7925,838.4238,1809.9314,2877.1697,766.9261,1244.1505,2872.2659,892.31146,1896.89,3002.8066,75.18897,1085.5824,2983.2087,249.12773
br_up
IMG_20241017_120635_1.jpg,br_up,1571.8026,820.1874,-1512.0203,1601.9305,766.3454,-1438.6881,1617.0305,765.4919,-1438.7003,1629.0183,764.1641,-1438.8252,1548.1064,763.2082,-1447.3617,1530.4863,759.54877,-1447.4844,1513.516,754.7555,-1447.169,1643.3004,778.9957,-827.22534,1486.544,768.7481,-866.6194,1599.8805,868.6483,-1266.8649,1532.8141,865.52155,-1279.7556,1790.8589,1060.0824,-392.91357,1313.2239,1071.2255,-386.11475,1956.1896,1380.3119,-801.6953,1144.5404,1368.3738,-781.8923,1777.392,1378.9958,-1990.1322,1313.7064,1376.822,-1918.3694,1718.6655,1388.7377,-2249.296,1380.2313,1385.2336,-2164.7148,1704.4154,1344.8274,-2258.9329,1394.2627,1341.6403,-2171.245,1714.2507,1334.9685,-2011.3308,1385.4019,1333.5164,-1936.1216,1684.0182,1787.0079,-13.167685,1422.699,1790.978,12.562899,1792.7236,2318.6636,-193.01578,1285.8387,2319.4778,-44.39854,1847.1794,2802.3706,694.8581,1215.2336,2792.9988,773.5723,1814.8384,2869.6362,745.54694,1254.2202,2856.625,819.36,1908.0327,2998.8862,91.591675,1097.6129,2972.0403,193.22041
br_up
IMG_20241017_120637.jpg,br_up,281.9492,177.98073,-271.7543,288.05008,169.19579,-253.48978,291.7498,169.25734,-253.47531,294.35767,169.19362,-253.49484,276.72845,168.781,-255.18898,273.05844,168.61694,-255.21399,270.02216,168.62953,-255.13959,298.45392,171.39789,-129.05748,266.34967,171.13818,-137.63577,287.98273,189.0406,-224.06482,275.5671,190.25377,-226.69629,325.56903,227.24597,-52.496,238.14267,226.36752,-51.799526,356.56335,288.41187,-151.47726,202.08882,286.12677,-149.48676,325.0815,274.46744,-376.34402,238.87952,267.02313,-374.93777,312.64127,272.04095,-428.04358,250.22495,267.01642,-423.4816,310.7807,263.96664,-426.30954,252.90895,259.47757,-420.22537,312.67773,264.363,-380.08786,251.48994,259.5768,-377.29022,304.82275,357.04688,-4.7655506,254.8563,356.45508,4.795096,328.68817,452.71677,-41.352802,224.8058,457.96786,-19.093689,344.261,562.0184,59.475216,199.77264,567.5379,82.757,336.95023,577.26196,61.576694,207.11102,582.83746,84.50593,360.36392,595.3978,-70.17469,170.68027,594.2734,-44.407578
br_up
IMG_20241017_120638.jpg,br_up,284.05353,179.70834,-226.27637,289.65063,170.8388,-206.9404,293.12634,170.92174,-206.93651,295.60138,170.91553,-206.9473,279.40805,170.40024,-208.65448,275.65787,170.2122,-208.66484,272.70282,170.04517,-208.5928,299.24194,173.51729,-82.76429,268.6809,172.60004,-91.56563,289.50406,190.49841,-179.11816,278.09103,191.00972,-181.80548,324.6975,227.85522,-12.375968,239.21942,226.51282,-11.7972355,354.31512,288.6412,-110.32847,204.1965,287.85797,-110.6269,321.32208,271.245,-332.27695,242.03142,266.0348,-336.0448,310.70663,268.35245,-383.52585,252.3084,264.20566,-384.76938,308.71246,260.5328,-381.26144,254.7691,257.86487,-381.3295,310.01505,261.20065,-335.92413,253.71362,258.6152,-338.48077,304.55075,356.84058,-3.5242689,254.64809,356.50024,3.575015,328.4928,453.9453,-36.27874,225.54192,457.99036,-24.268206,344.03473,563.82043,65.97221,199.96597,566.0689,80.877106,336.18518,579.1644,68.09808,206.76012,581.49036,82.98068,360.75146,595.4247,-66.50216,172.71655,593.27734,-49.07906
br_up
IMG_20241017_120639.jpg,br_up,280.81946,170.67792,-231.28116,286.33273,163.11066,-211.7205,289.88678,163.33492,-211.7166,291.98834,163.56047,-211.72021,275.90097,162.39737,-213.4285,271.97418,162.31976,-213.44577,269.1516,162.4937,-213.37357,296.01617,166.89374,-86.88127,265.34933,166.33188,-95.236855,286.71896,181.31252,-183.8945,274.4246,181.92065,-186.53662,321.84567,223.6515,-20.608997,234.99904,223.31958,-10.509656,348.66394,287.23282,-124.552505,203.35942,288.41418,-110.788315,319.2642,268.58835,-353.4811,238.74706,262.7648,-341.67487,308.83734,265.59235,-406.1571,251.27228,260.51605,-390.26312,306.09756,257.38672,-402.98203,253.92122,252.63689,-388.5556,307.11887,257.76688,-356.75787,252.38808,252.94427,-344.78513,304.43253,354.46936,-12.796568,253.58357,355.2274,12.838574,326.28647,454.66766,-54.31475,224.35495,459.3005,-9.581482,345.1977,564.2875,36.5149,199.48837,567.4574,91.315956,339.84805,582.06415,37.010784,204.9195,584.0305,92.90174,355.79538,596.58527,-104.66814,173.18788,596.0466,-39.619957
br_up
IMG_20241017_120653.jpg,br_up,1576.0391,968.6952,-1463.4102,1609.7355,921.6342,-1379.8291,1631.3817,922.1368,-1379.6163,1650.2272,922.27075,-1379.6064,1547.614,921.6212,-1369.7533,1528.8741,922.1076,-1369.7565,1511.3647,923.02277,-1369.5258,1679.8505,946.553,-835.87555,1492.8405,946.0608,-794.4132,1618.9894,1027.944,-1257.6897,1546.0461,1023.6825,-1244.6238,1835.4524,1178.3707,-734.765,1366.1288,1174.0845,-639.37354,2157.8057,1187.9039,-1709.39,1021.0294,1151.0608,-1687.1211,1901.38,1409.507,-2529.9978,1304.5485,1367.6951,-2749.8137,1851.5049,1479.1997,-2785.5938,1349.7805,1423.8179,-3004.3916,1808.422,1467.633,-2719.3638,1398.101,1424.7122,-2947.4216,1812.1185,1448.0696,-2529.1865,1397.9534,1411.8617,-2758.2463,1741.0421,2002.9722,-28.554068,1456.4966,2004.2598,27.878792,1793.7489,2529.2588,362.68503,1364.854,2534.5735,398.33163,1836.7863,2991.7559,1220.7775,1315.8995,2992.4165,1258.184,1789.5763,3068.265,1266.9076,1368.5878,3064.402,1305.7002,2000.0518,3177.3381,725.68585,1166.5013,3178.3232,779.42096
br_up
IMG_20241017_120653_1.jpg,br_up,1581.7404,970.4232,-1429.531,1617.8823,915.2347,-1349.612,1636.3785,914.8444,-1349.481,1651.7833,913.36237,-1349.5166,1554.9502,918.1732,-1334.1711,1533.923,917.94183,-1334.1284,1514.1294,916.8345,-1333.8304,1685.5663,934.89526,-799.88245,1491.5963,934.6705,-735.8841,1621.3042,1025.1155,-1219.5193,1551.405,1021.6547,-1199.9081,1838.8077,1156.0262,-668.12775,1373.4377,1160.4235,-527.03076,2185.1262,1182.3545,-1583.9496,1027.9138,1143.7719,-1483.5022,1903.3395,1398.2422,-2408.7385,1316.0697,1345.8068,-2547.4368,1844.5459,1466.5876,-2667.502,1352.104,1402.7457,-2793.2537,1800.4203,1450.478,-2600.2183,1397.7667,1400.3298,-2757.8052,1806.8751,1433.0084,-2404.7478,1400.4202,1385.801,-2564.729,1739.43,1993.6781,-32.576042,1457.5323,1997.7969,32.28407,1794.4067,2511.2197,389.31158,1367.2053,2518.7188,364.5547,1837.8984,2981.3142,1252.1545,1321.7139,2985.3723,1164.5068,1786.2281,3062.1694,1298.5253,1380.6201,3060.0325,1205.5403,1985.7496,3169.6633,742.19885,1171.91,3163.5203,657.0985
br_up
IMG_20241017_120654.jpg,br_up,1590.6626,949.06903,-1435.7037,1627.1532,897.07043,-1344.6193,1644.7968,898.1711,-1344.4069,1660.3566,900.52155,-1344.4056,1567.7258,893.90186,-1334.6965,1548.8129,892.64606,-1334.6511,1530.2001,893.1951,-1334.3907,1692.5923,926.8813,-781.0616,1502.4288,918.2868,-742.5035,1628.6061,1006.33765,-1225.1765,1558.0898,999.9155,-1213.0359,1841.4856,1164.2891,-683.7881,1376.0461,1137.0604,-581.1195,2173.0005,1177.345,-1624.0731,1029.0272,1136.1162,-1593.0679,1906.8922,1384.2882,-2444.6165,1318.0374,1338.8066,-2611.0515,1848.788,1451.438,-2703.6338,1363.4463,1399.4585,-2858.9258,1805.6473,1431.7031,-2635.1113,1411.6678,1406.6807,-2810.6995,1811.5604,1415.1093,-2441.526,1410.4835,1392.1829,-2623.1138,1751.8142,1983.6854,-20.219282,1462.0339,1987.5427,19.726429,1801.8125,2513.4807,420.27386,1367.1113,2512.911,371.57608,1835.3782,2969.1467,1343.443,1315.2327,2971.561,1223.6708,1782.8811,3047.0417,1396.0776,1370.5911,3045.466,1268.3336,1993.3169,3154.2056,835.90607,1165.0283,3153.156,711.91364
br_up
IMG_20241017_120654_1.jpg,br_up,1597.3124,958.03534,-1418.2134,1631.8524,904.9928,-1330.1217,1652.806,905.77985,-1329.9532,1671.5552,906.465,-1329.9774,1572.3091,904.19855,-1314.7773,1553.0449,904.25574,-1314.7646,1533.3702,904.894,-1314.5347,1698.1233,933.0759,-774.6722,1511.913,930.5806,-706.6033,1635.7645,1011.9097,-1209.7529,1564.4834,1009.9022,-1189.1075,1855.7103,1176.0491,-689.6028,1378.2236,1160.3053,-519.8457,2181.8665,1173.2976,-1635.4646,1025.3206,1148.884,-1477.253,1923.5779,1393.9567,-2482.7173,1314.2427,1357.8944,-2486.4094,1865.1027,1468.3666,-2745.8872,1368.8805,1414.3455,-2733.9648,1823.6636,1453.5289,-2687.6682,1411.4586,1415.1198,-2692.105,1829.1904,1433.4739,-2485.617,1405.4076,1400.2561,-2501.386,1754.0238,2008.7485,-55.73273,1465.3324,2003.4407,55.2226,1802.0786,2519.6992,388.70493,1369.5144,2522.023,475.41873,1831.0632,2981.9595,1332.3376,1321.4031,2977.7014,1389.1361,1787.3667,3054.772,1387.3549,1372.2971,3055.7986,1441.1163,1980.4575,3172.3093,819.66876,1165.1931,3172.6628,894.1681
br_up
IMG_20241017_120655.jpg,br_up,292.57498,175.71735,-309.13177,297.58395,167.04175,-287.73563,300.9303,167.14348,-287.6699,303.0704,167.3445,-287.65973,287.36475,167.15909,-286.97446,283.81165,167.23323,-286.98093,280.53418,167.5,-286.91034,307.7345,173.25305,-166.47379,274.14,174.04546,-164.20947,299.36044,185.72238,-265.13583,286.9625,185.62416,-264.41388,335.0882,223.37608,-147.2548,247.00471,220.80528,-137.26746,394.7702,211.57414,-381.09583,183.77037,203.07555,-393.8095,344.12814,236.1899,-561.61597,237.28877,226.51677,-626.6727,333.8514,242.34229,-612.73346,248.95761,231.66196,-677.87604,328.85977,239.79373,-594.4496,255.09454,230.57265,-660.28705,330.32684,238.61075,-560.56226,252.62819,230.03526,-626.8788,319.61353,363.9635,-8.09224,265.44714,364.351,7.9393687,329.8679,469.60638,-51.067596,246.67065,469.78235,-13.070344,341.42035,574.7811,52.599365,231.3658,576.8853,94.40074,331.35742,598.4189,52.758957,240.61597,597.27765,94.36328,379.282,603.59375,-82.020065,196.44177,607.56635,-37.538773
br_up
IMG_20241017_120656.jpg,br_up,293.6776,171.19849,-287.4798,299.29688,163.14055,-264.90622,302.47766,163.1948,-264.8671,304.38733,163.41988,-264.8666,288.61737,163.57243,-265.27118,284.80032,163.76321,-265.27252,281.69086,164.18428,-265.21152,309.41617,168.50693,-143.78635,275.20682,169.8327,-146.66049,300.42746,181.0421,-243.80408,287.7475,181.1646,-244.60474,337.7205,221.33073,-131.68257,248.11159,217.65599,-123.38774,396.51352,206.33316,-353.79523,185.9436,199.84349,-369.53946,345.29807,237.0277,-525.0681,238.20874,223.36368,-586.1248,333.71722,243.38518,-574.44147,249.88289,229.82182,-634.6477,327.3258,241.65378,-554.81726,255.2323,229.67422,-619.2261,329.5236,240.05708,-523.0511,252.81322,228.65025,-586.968,319.97437,364.4374,-8.480226,264.52298,364.3833,8.312102,329.6869,465.6679,-29.683624,247.62479,469.23828,5.555415,342.16724,573.2955,87.00874,229.45325,574.7603,133.99243,332.33813,596.8668,88.88714,237.6337,593.2477,136.74341,379.3594,602.8212,-39.85763,198.37186,604.69415,10.477744
br_up
IMG_20241017_120657.jpg,br_up,293.92868,172.07507,-284.6783,299.85254,164.85374,-262.29666,302.82614,164.78966,-262.25833,304.84848,164.78763,-262.26004,289.22736,165.21507,-262.26715,285.34702,165.47023,-262.2711,281.99,165.74416,-262.20587,310.48416,168.6187,-142.91138,275.73798,170.61334,-144.22069,300.77362,181.53561,-241.70879,288.0846,182.06087,-242.00928,340.03763,219.88768,-134.258,249.60655,218.16148,-124.27744,399.36807,201.8024,-364.45016,184.06851,198.00429,-378.30048,345.58496,232.17654,-529.6805,237.67905,221.89044,-600.13306,332.7222,238.79175,-578.3906,250.51512,229.63248,-649.8976,327.15054,237.65245,-558.2874,256.67184,229.99683,-632.0925,329.47098,236.25829,-527.5992,253.58452,228.47424,-600.27203,320.95374,362.88705,-7.10587,265.4628,362.27985,6.9604993,327.7055,464.79868,-40.718506,247.5048,464.3312,-7.8905606,341.7678,572.97943,69.710976,228.03683,573.47644,113.92253,331.95602,596.4468,71.133965,237.2494,592.98083,115.98812,380.351,601.15063,-55.27054,197.15813,604.5526,-10.291306
br_up
IMG_20241017_121357.jpg,br_up,1567.6493,1008.9748,-1485.6505,1595.7654,967.6181,-1426.6515,1612.6996,968.2905,-1426.4801,1628.9679,969.44867,-1426.5725,1541.1313,969.3282,-1416.7504,1525.5591,970.684,-1416.8394,1509.83,973.753,-1416.7777,1660.1356,996.1361,-921.45734,1489.3721,998.6207,-875.0735,1605.2557,1062.0487,-1284.1261,1539.8339,1062.8789,-1271.6013,1827.3848,1235.5945,-563.9223,1351.8472,1245.9836,-394.57254,2114.7283,1335.578,-430.6752,1029.0038,1338.3009,-264.20486,1973.3662,1588.7996,-856.02747,1160.8213,1547.256,-640.9128,1946.8685,1669.4316,-999.43317,1183.2501,1622.6179,-770.43353,1900.4528,1650.7476,-1090.0239,1225.685,1606.3313,-853.44434,1893.568,1626.8909,-894.80084,1228.1915,1577.192,-681.7532,1721.7495,1933.7659,-69.55135,1435.0598,1935.4358,69.6936,1789.4318,2445.3945,-10.481378,1350.4113,2438.246,-97.807434,1815.9309,2924.4417,716.4586,1344.3859,2914.382,534.70483,1796.8824,2973.6072,747.2453,1392.41,2972.6826,559.21875,1873.7539,3101.286,103.075134,1235.3353,3089.335,-28.84919
br_up
IMG_20241017_121358.jpg,br_up,1575.4133,1043.8044,-1466.5608,1604.7206,998.63824,-1406.5511,1621.1561,999.0285,-1406.4163,1636.7598,1000.0727,-1406.4901,1548.5219,1001.725,-1397.2094,1531.1229,1003.44226,-1397.2401,1514.088,1007.2129,-1397.1167,1665.8687,1025.1313,-891.07983,1493.3032,1030.4203,-848.20294,1612.1771,1096.4962,-1260.4738,1544.8336,1097.4578,-1248.55,1824.3193,1252.8314,-506.01657,1360.4474,1259.1663,-352.7187,2109.9841,1367.7322,-380.23233,1036.1924,1372.7527,-171.80084,1959.4467,1617.871,-816.99927,1177.9556,1615.6958,-542.414,1933.1013,1697.7887,-963.97314,1199.9183,1676.8916,-668.09247,1884.1207,1673.4647,-1045.9192,1243.308,1663.9653,-752.80896,1877.5212,1647.9315,-852.17676,1247.9158,1643.9558,-580.0111,1718.2666,1940.6599,-62.1083,1437.0635,1944.5801,62.303364,1790.7811,2446.1653,-77.16254,1346.2018,2432.7776,-173.72374,1818.5308,2930.5178,542.24115,1344.8204,2914.8245,404.06512,1784.527,2983.4514,562.3287,1396.4745,2977.191,422.53732,1884.9047,3105.976,-65.61055,1232.6058,3092.1138,-157.76216
br_up
IMG_20241017_121358_1.jpg,br_up,1579.8983,1052.4669,-1588.7223,1604.9576,1000.71643,-1532.5315,1619.6108,1000.13635,-1532.3638,1635.7511,999.40344,-1532.3982,1550.8574,1004.9231,-1526.5431,1531.2317,1006.4249,-1526.5435,1514.3271,1007.8819,-1526.331,1665.2312,1020.815,-1000.7672,1487.3934,1031.5914,-975.68274,1615.7559,1102.1586,-1373.3694,1548.32,1108.6411,-1366.2268,1827.0867,1251.1094,-581.5631,1357.2393,1255.8768,-432.04956,2111.8877,1370.6317,-355.06595,1034.6809,1382.1537,-161.96191,1964.7762,1622.8573,-767.3302,1186.834,1637.0251,-461.40012,1932.5181,1709.1793,-905.64374,1210.3508,1695.726,-567.71155,1889.6266,1682.0636,-1010.926,1246.5822,1679.9028,-665.20056,1885.112,1657.6361,-810.4172,1249.037,1661.3839,-501.33826,1720.3224,1941.4838,-53.623188,1437.2433,1946.3193,53.629494,1787.6417,2455.8308,20.035444,1348.8118,2440.7607,-1.5985357,1809.4436,2931.0154,744.5971,1343.5808,2914.9446,629.268,1788.4343,2986.9233,775.2521,1396.4407,2973.7708,652.4386,1875.3397,3103.2166,154.25589,1223.1716,3093.9675,79.50625
br_up
IMG_20241017_121358_2.jpg,br_up,1588.7076,1037.4315,-1411.3356,1614.1548,991.0294,-1354.0233,1630.4196,990.383,-1353.9076,1643.358,990.77997,-1353.9854,1560.5264,992.4426,-1349.2092,1542.482,992.83795,-1349.1744,1525.9199,994.5763,-1349.0327,1669.6672,1009.93536,-845.5391,1499.8164,1015.95404,-824.79785,1623.4285,1086.8115,-1206.1024,1556.6423,1086.6394,-1200.5192,1829.768,1238.7678,-470.58276,1362.5447,1238.7772,-334.9804,2114.8914,1380.9476,-300.99326,1051.0748,1369.4661,-124.25983,1972.1075,1628.8098,-748.21344,1185.2598,1614.2565,-456.74814,1937.2277,1709.3966,-892.421,1212.3171,1675.3793,-571.7534,1896.37,1677.9253,-984.9905,1255.955,1660.8579,-663.6955,1894.4014,1653.5807,-786.45013,1257.9086,1640.2168,-495.86826,1719.7144,1934.7637,-56.473972,1437.6132,1935.1205,56.623276,1789.347,2445.6868,37.351707,1346.2866,2426.717,-23.4932,1816.6528,2921.3066,710.8668,1339.9103,2909.8777,572.8753,1789.7651,2973.3337,738.7684,1391.6824,2971.289,594.63116,1895.1979,3096.6584,149.59024,1231.5791,3079.4543,46.596
br_up
IMG_20241017_121400.jpg,br_up,300.98206,260.8709,-290.19293,306.1938,252.84534,-273.05582,308.732,253.02551,-272.9966,311.5704,253.35498,-273.05023,295.74762,253.10419,-274.41483,292.1544,253.5399,-274.49524,288.92007,254.23155,-274.4433,316.9003,258.73346,-159.42061,283.85574,259.97205,-165.83598,307.57187,270.21747,-246.90912,295.1771,270.4715,-249.0199,344.23242,307.3227,-89.221115,256.9781,305.96014,-69.53692,401.40002,319.15607,-97.40508,197.56255,320.50558,-31.581497,370.53012,353.60953,-180.30847,225.09756,340.0156,-43.97784,363.3074,366.4924,-209.34975,234.73535,351.02734,-62.194992,355.20847,362.56342,-221.48837,239.66116,348.56686,-67.66891,355.2262,358.60077,-187.13118,237.58977,344.32892,-46.727287,323.44534,436.56268,-11.711767,268.505,436.17368,11.754551,339.30344,531.4737,-124.7777,247.63205,530.9902,-109.79519,345.76862,643.7091,-94.16341,237.74608,643.7994,-65.753944,339.5128,661.7769,-99.79878,244.18796,662.3774,-69.42708,362.45074,672.2676,-249.11908,215.26022,672.26697,-206.03842
br_up
IMG_20241017_121401.jpg,br_up,301.71866,255.20567,-214.46945,305.7216,248.83604,-197.98318,308.94415,249.25589,-197.94336,311.30554,249.70886,-198.00436,296.16745,249.27237,-197.77162,292.82812,249.80872,-197.83379,289.91516,250.18425,-197.76588,315.1299,255.09572,-92.661354,284.93408,256.20706,-91.62732,307.97552,265.52728,-174.33307,295.9091,265.06375,-174.3062,342.2862,303.12646,-30.910805,258.78833,301.80722,0.41675368,398.84683,318.21924,-15.885113,201.00374,317.0193,91.97785,374.83154,350.8521,-74.82448,225.3656,342.99374,132.01553,369.3502,364.2472,-97.60962,232.82787,353.7655,124.918205,360.1396,361.6029,-116.536125,239.15315,349.73523,116.69464,360.15323,357.52133,-83.75029,238.00317,345.24808,129.77386,321.6315,431.66693,-15.954709,267.27332,429.83524,16.046629,332.0272,529.2311,-123.14076,250.80771,526.79083,-95.76508,345.82108,642.79224,-92.78968,237.79503,643.0278,-65.149414,337.37424,658.2406,-98.065,244.75085,661.47644,-70.690994,363.78546,669.4711,-232.92464,208.18924,669.6937,-200.12077
br_up
IMG_20241017_121402.jpg,br_up,301.59225,259.4201,-216.34671,306.11984,252.3273,-202.08678,309.36667,252.48094,-202.04483,311.6423,252.66127,-202.10092,296.1308,253.04492,-201.35669,292.7158,253.60837,-201.4037,289.7711,253.93533,-201.35258,315.6164,257.5075,-101.55488,285.0063,259.36072,-98.20925,307.98935,269.11636,-177.09282,295.8845,268.50854,-176.4842,343.59088,306.526,-37.092133,260.10062,303.88995,-4.2945037,393.22375,328.45624,-44.572803,203.87227,318.7942,87.862,375.1512,355.38422,-137.20241,223.22319,341.7975,131.10782,367.63855,367.8998,-162.41812,229.8739,355.5752,126.64553,359.52658,362.69153,-177.67828,236.90352,350.97327,117.72349,360.43445,358.3139,-144.61469,236.4278,346.4031,129.36906,321.43286,431.98914,-14.759623,266.75818,430.1667,14.865429,331.0112,531.05133,-115.10982,252.87389,526.9818,-89.35313,345.7941,643.4146,-87.31422,238.43025,643.8155,-67.12511,337.0485,659.34717,-92.46535,245.12883,662.9012,-73.1031,362.02756,670.78217,-226.62827,209.79388,669.5543,-203.82564
br_up
IMG_20241017_122054.jpg,br_up,1577.1771,1045.6929,-1692.927,1607.1332,1000.0193,-1598.7208,1623.7863,1001.76965,-1598.643,1640.8315,1002.93066,-1598.6946,1546.4238,998.02075,-1604.3059,1524.2473,997.87054,-1604.3859,1504.5902,996.50287,-1604.1097,1671.7657,1034.004,-961.0752,1474.3875,1027.8479,-989.5566,1615.2357,1105.0695,-1447.2618,1538.5217,1103.7557,-1456.7661,1834.867,1329.6831,-532.38983,1319.2734,1327.3418,-486.3662,2042.9078,1653.1915,-813.0164,1076.9421,1634.3699,-816.57227,1783.7726,1711.6648,-1805.4568,1336.1588,1680.9766,-1825.9001,1722.6981,1775.3739,-2037.0929,1407.8118,1729.2046,-2057.4956,1685.7094,1741.5879,-2036.339,1441.9847,1701.9744,-2039.5688,1690.918,1724.3099,-1812.6207,1433.1019,1681.7738,-1829.3048,1695.0222,2054.1382,-4.5175505,1389.7732,2050.537,3.7417805,1766.5347,2632.5403,-126.40663,1378.4167,2633.01,11.779592,1855.252,3079.005,973.00476,1316.3186,3073.712,1126.294,1831.7805,3131.2642,1044.7208,1342.7266,3122.67,1203.6768,1892.6642,3287.6907,353.74774,1248.4524,3267.1348,551.3891
br_up
IMG_20241017_122054_1.jpg,br_up,1572.0216,1035.3573,-1690.8643,1599.2582,990.9683,-1597.2179,1616.8402,991.9487,-1597.1346,1634.9941,992.2543,-1597.1881,1540.017,989.26196,-1600.6243,1518.4867,989.39386,-1600.7002,1499.7443,988.7798,-1600.4403,1669.638,1023.36884,-969.71985,1470.9586,1022.7797,-988.2327,1611.5642,1091.6824,-1450.446,1536.3173,1090.8334,-1457.139,1838.2162,1322.8217,-545.5614,1320.5828,1326.0603,-491.18015,2037.0637,1659.21,-831.4654,1083.3053,1628.3074,-801.8468,1785.7092,1699.3314,-1840.782,1326.7704,1653.0646,-1813.4113,1721.2059,1757.0424,-2070.204,1399.6873,1709.9869,-2045.1049,1685.8497,1724.1023,-2074.1943,1441.4648,1683.584,-2032.2721,1691.7876,1708.0524,-1850.6812,1433.6973,1662.5406,-1819.7861,1686.7472,2045.8322,-5.355455,1380.553,2039.6276,4.399771,1759.1007,2621.0725,-93.0741,1359.9413,2630.7935,14.916244,1847.9158,3078.8098,1028.5487,1316.9673,3055.6362,1180.8793,1836.9463,3126.003,1102.5859,1349.1227,3097.269,1265.3676,1882.4984,3271.8525,416.9872,1249.8765,3252.3604,633.9975
br_up
IMG_20241017_122055.jpg,br_up,1574.097,1034.9875,-1711.8712,1602.3329,991.4212,-1616.4727,1618.9409,993.15295,-1616.3774,1636.8845,994.69147,-1616.4279,1544.0045,988.3558,-1621.8383,1522.39,988.46295,-1621.917,1502.9478,988.7669,-1621.6682,1669.2844,1026.7623,-986.1526,1474.14,1021.2405,-1013.37854,1610.2123,1094.4441,-1470.9385,1537.9895,1092.7611,-1480.1028,1828.0193,1324.8835,-573.7031,1310.4318,1323.1227,-522.57007,2028.23,1649.1887,-886.5821,1075.7238,1633.6915,-868.455,1771.8196,1698.6952,-1917.5382,1321.2942,1654.23,-1905.0597,1703.3583,1748.4679,-2156.754,1390.081,1712.3435,-2144.508,1670.7269,1716.2006,-2157.9978,1432.6387,1688.404,-2132.2805,1677.7178,1701.2495,-1927.1578,1427.0715,1668.6489,-1912.3049,1691.4132,2039.6559,-2.5337043,1383.6208,2037.6827,1.6569898,1760.8291,2613.4802,-119.99196,1370.911,2621.1628,14.593685,1848.0261,3057.0654,1022.6067,1311.0875,3056.602,1160.5125,1824.9225,3110.2595,1098.4874,1336.8887,3100.6736,1241.3734,1885.8408,3268.978,406.08072,1260.6992,3254.2458,590.81635
br_up
IMG_20241017_122055_1.jpg,br_up,1568.8162,1031.9491,-1788.0256,1599.4385,989.7804,-1688.6051,1616.6332,991.4532,-1688.5298,1634.5967,993.7333,-1688.5991,1539.3347,986.9051,-1695.5205,1516.8864,987.1956,-1695.7131,1497.9022,988.4472,-1695.4589,1666.117,1027.4658,-1035.4114,1467.5059,1020.4952,-1068.9823,1605.3168,1091.85,-1538.6655,1531.2996,1090.416,-1550.0328,1822.5457,1331.6215,-594.423,1301.0198,1323.3552,-570.93835,2028.901,1667.2819,-937.8777,1072.3887,1632.7004,-921.878,1774.5428,1700.4285,-2018.1534,1323.2745,1670.0416,-1965.5449,1706.877,1760.5144,-2259.158,1391.6838,1734.182,-2205.1897,1672.2352,1727.3326,-2259.3472,1433.265,1708.0941,-2190.6843,1679.6656,1709.3148,-2028.2567,1428.9453,1686.6909,-1970.7399,1683.3524,2041.4138,-3.5609298,1373.3395,2040.463,2.5016243,1745.5901,2617.851,-157.11012,1359.015,2628.6797,-20.928782,1842.9904,3075.1155,942.8708,1315.2515,3068.3774,1139.4087,1824.4282,3120.1396,1014.6728,1349.144,3112.314,1222.2751,1879.5594,3286.8345,314.115,1252.9462,3268.9272,585.8626
br_up
IMG_20241017_122056.jpg,br_up,298.95404,265.67212,-130.01028,303.98376,259.93417,-104.83994,307.24054,260.53583,-104.81349,309.71524,261.10486,-104.81903,295.05838,259.40475,-107.85831,291.53955,259.53723,-107.85243,288.26834,259.83292,-107.78576,314.79135,267.35028,22.775625,282.36584,266.23526,7.2683053,305.41257,275.26035,-83.79823,293.01114,274.92407,-88.52836,343.54333,322.94354,66.23763,250.02539,321.02597,53.880768,385.58163,375.53986,-71.78713,196.0704,364.5062,-78.97683,333.5909,367.81427,-281.02988,251.7483,365.3319,-276.9245,316.7689,370.63013,-332.5931,262.5395,367.43588,-324.0295,312.10266,363.41122,-319.80035,266.49112,362.14105,-314.68335,316.749,362.5079,-279.99368,264.34982,361.4256,-276.34378,320.21506,453.0219,4.564875,260.34128,450.7934,-4.5674515,333.522,563.12006,-42.358818,250.30869,564.67645,-56.850883,354.06918,680.0477,43.1111,229.22873,682.3741,40.399567,350.39236,694.14264,42.877205,234.01889,697.2541,40.823635,366.3087,712.78143,-109.978355,213.78639,714.81866,-108.285255
br_up
IMG_20241017_122057.jpg,br_up,297.7589,267.2099,-172.26158,303.0401,261.55963,-149.03462,305.7989,261.7279,-149.02641,308.1946,261.9895,-149.0463,293.7932,261.4446,-151.66966,290.07727,261.66135,-151.65596,286.45483,261.90784,-151.57658,313.89682,268.1994,-20.004784,280.71954,267.87057,-33.597702,304.602,276.72882,-124.57394,292.1117,276.27072,-128.75531,343.41174,323.6853,35.17035,249.97705,321.55844,30.812553,383.2385,377.40335,-79.79885,200.47633,367.66147,-90.559296,336.11847,375.6473,-290.57913,252.57991,365.9663,-301.24924,320.11407,377.28897,-341.4511,263.55435,369.73572,-350.831,316.4439,371.21738,-333.57535,267.8355,363.07007,-341.69022,320.27597,370.334,-291.19797,265.7914,361.78506,-301.02338,318.20218,457.56744,-2.3670056,258.6308,455.357,2.3796048,330.15225,567.15436,-21.347336,248.50233,568.5325,-26.393448,354.07935,682.18134,84.950096,229.36494,682.79944,90.03614,351.15305,694.6992,87.327995,234.26892,697.22925,93.15637,364.5603,717.22,-63.92003,217.77946,716.2843,-53.350693
br_up
IMG_20241017_122058.jpg,br_up,297.35025,265.29715,-220.94061,302.58963,260.0113,-198.0244,305.9397,260.46204,-198.0165,308.40036,260.84436,-198.04321,293.39883,259.58838,-200.14943,289.6851,259.77087,-200.15407,286.46536,260.04688,-200.09297,314.14706,267.72354,-66.92731,281.151,266.69196,-78.00192,304.2426,275.2248,-172.65625,291.52103,274.6502,-176.10138,343.5948,322.38785,-7.980649,251.32513,321.49414,-11.953112,384.99872,377.91202,-137.58435,198.00128,365.47418,-138.71875,336.74796,374.55496,-353.86423,251.92383,366.5485,-345.5681,320.5263,375.4581,-406.25653,261.9455,368.69403,-394.75357,316.0767,369.65964,-398.04077,265.6493,363.63095,-387.7962,320.0743,369.4391,-354.6848,263.45355,363.1452,-346.29285,318.38684,457.2459,-0.41514397,258.26233,455.77078,0.39827213,331.7103,566.1216,-37.09494,248.95177,570.92145,-35.697956,352.8209,685.68353,52.48793,229.43916,683.55255,67.04961,349.9666,699.65753,52.711723,233.6797,697.55237,68.373116,366.02817,718.17084,-102.82263,216.85378,717.0819,-80.47368
br_up
IMG_20241017_123126.jpg,br_up,1623.3828,1191.6716,-988.2366,1645.4905,1149.1772,-944.51605,1659.1083,1148.4703,-944.63245,1671.851,1147.465,-944.74207,1596.6028,1147.0438,-944.2274,1578.1508,1145.7994,-944.2707,1561.9735,1144.737,-944.2324,1685.214,1159.361,-546.5526,1535.6317,1158.7963,-540.21484,1644.4349,1232.0597,-823.2653,1586.9038,1232.7421,-822.6231,1802.1952,1381.28,-246.46101,1410.9384,1378.7451,-240.79192,1923.8495,1681.6802,-449.29947,1273.0411,1658.1102,-509.51926,1714.6255,1649.7788,-1097.0951,1470.8092,1641.207,-1203.711,1655.013,1664.8948,-1231.4205,1534.0906,1660.6042,-1348.3533,1637.7552,1635.4053,-1218.7283,1563.2179,1634.6963,-1329.5366,1653.5338,1623.3573,-1096.3027,1544.0814,1624.6503,-1202.1411,1702.7244,1973.7854,-14.621218,1459.8556,1962.7871,14.31367,1748.2384,2388.3167,-132.96194,1390.2034,2373.6094,-11.032466,1787.8336,2785.7322,396.66742,1335.7832,2766.8877,472.07495,1753.9376,2848.5798,421.00024,1368.8479,2837.0664,493.75604,1879.4568,2943.2349,-39.597652,1228.7538,2918.015,44.513214
br_up
IMG_20241017_123127.jpg,br_up,1621.2455,1198.1371,-1307.9061,1642.2992,1155.293,-1254.7627,1654.0056,1154.9117,-1254.8857,1666.0586,1154.4402,-1255.0535,1594.1005,1155.0125,-1256.288,1575.6301,1154.9928,-1256.4177,1558.1653,1156.468,-1256.3896,1677.5665,1165.5264,-779.76404,1530.2825,1172.5886,-783.504,1643.2754,1238.5789,-1113.9691,1584.6348,1237.9742,-1116.4862,1798.3434,1398.2733,-415.32745,1405.937,1388.1161,-397.9979,1915.9603,1689.7535,-670.111,1272.4362,1670.7035,-692.4132,1701.1428,1664.7224,-1463.7491,1469.5614,1659.1838,-1535.2975,1644.745,1682.4353,-1639.9996,1521.7561,1680.6539,-1715.9072,1627.4272,1648.618,-1646.6012,1553.9642,1649.2577,-1718.4937,1640.7416,1634.0691,-1474.8636,1537.0549,1636.0387,-1546.3527,1700.6641,1985.508,-21.939833,1458.6132,1973.6962,21.815971,1754.8533,2398.008,-86.676346,1383.3998,2385.072,86.96785,1782.1147,2798.179,505.7719,1338.1239,2779.181,689.644,1749.9866,2862.045,532.5618,1373.2236,2847.1426,719.0001,1887.5623,2962.9797,14.148107,1222.2007,2932.0947,217.95488
br_up
IMG_20241017_123127_1.jpg,br_up,1598.5458,1168.4353,-1226.3181,1623.5653,1129.046,-1172.1174,1637.5544,1129.7317,-1172.2257,1648.67,1131.0273,-1172.379,1574.3658,1127.4244,-1170.772,1556.71,1127.5447,-1170.8832,1539.9373,1129.5521,-1170.8232,1662.7354,1150.8047,-721.70294,1517.7043,1152.0293,-709.0002,1625.0646,1218.7925,-1043.4657,1564.6417,1221.1565,-1041.319,1785.6646,1397.0441,-395.84924,1391.1627,1390.0387,-349.53345,1907.4254,1687.8397,-640.20996,1262.2162,1672.9152,-620.0904,1690.8375,1687.7095,-1370.4825,1440.6412,1684.6454,-1416.0438,1634.2474,1708.1509,-1538.9575,1502.0681,1707.4966,-1589.242,1621.4512,1676.4662,-1536.4564,1524.987,1676.6613,-1594.5425,1636.3594,1661.4141,-1376.752,1505.2898,1661.4187,-1427.9729,1686.7952,1998.7981,-44.312023,1444.6826,1989.4674,44.123158,1747.3887,2406.6614,-123.65505,1373.1348,2405.7634,140.67488,1786.4888,2798.103,505.41013,1329.3757,2789.6956,767.0748,1751.37,2863.1858,536.43884,1363.1035,2863.3445,800.42224,1879.2987,2968.9883,36.10059,1215.4194,2941.9517,330.66592
br_up
IMG_20241017_123128.jpg,br_up,315.18997,396.1744,-182.64133,319.8469,387.98975,-166.98364,322.6327,388.0368,-167.00374,324.66403,387.98062,-167.02786,311.52002,388.11792,-166.8637,308.3462,388.18646,-166.87398,305.74048,388.2097,-166.8412,328.63898,389.40195,-52.006382,301.62378,389.33228,-51.359417,320.39954,403.5815,-137.36902,309.9135,404.7812,-137.36806,356.3648,432.02533,16.733622,277.38303,432.91632,18.889746,382.61877,484.66492,-88.570175,250.39198,486.9123,-80.42197,347.1378,473.26318,-298.08908,292.03198,471.98972,-285.9636,335.0533,472.2358,-346.22266,304.1244,472.30124,-331.83826,332.0978,465.88626,-344.47525,307.92474,466.29114,-330.1036,334.55948,465.97986,-301.84665,304.96,466.01657,-288.58514,340.47278,553.2179,-7.112933,290.46484,551.1137,7.240187,357.14914,648.9982,-39.08186,276.25742,645.89935,-10.916784,374.83487,749.12805,42.190968,259.80927,748.518,98.12631,367.01434,765.54443,42.309464,267.00662,764.75793,101.165565,395.88168,776.3862,-88.48056,235.7228,774.2533,-23.160107
br_up
IMG_20241017_123128~2.jpg,br_up,316.15784,398.01373,-174.52397,320.6734,389.89526,-159.0194,323.39102,389.9468,-159.04396,325.35373,389.8959,-159.07423,312.3698,389.97717,-159.50346,309.18768,389.9766,-159.51003,306.56378,389.95508,-159.47997,328.61102,391.2024,-44.70105,301.85007,390.90237,-46.901768,321.01935,405.40314,-129.32872,310.63483,406.2572,-130.14262,355.74918,433.3658,24.449148,277.52097,434.11713,20.16606,381.78015,485.7967,-79.09168,250.9572,487.3162,-79.348595,346.59653,475.986,-287.9182,292.45877,473.50745,-278.81863,333.95096,475.0503,-335.41522,303.5718,473.82687,-323.6301,331.04443,468.078,-333.39746,307.15836,467.75385,-321.58548,334.0844,467.96027,-291.5171,304.2731,467.55234,-281.1716,341.0423,552.6921,-3.487563,291.2156,551.1257,3.6080134,358.81622,648.6309,-33.94962,275.77335,646.5286,-24.893717,374.7393,750.33514,47.982952,259.85385,749.0275,74.98215,365.589,766.43304,48.393734,266.76184,765.21387,77.117355,399.92133,778.0875,-79.437,234.622,776.35925,-47.51005
br_up
IMG_20241017_123129.jpg,br_up,313.37778,393.4159,-155.52812,317.97263,385.6581,-137.69328,320.35904,385.78137,-137.72426,322.3838,385.90012,-137.75824,309.90976,385.8892,-138.95647,306.5871,386.13498,-138.96452,303.7949,386.4419,-138.93988,326.2026,389.07007,-23.861712,299.74084,389.15057,-29.186968,318.7537,401.49326,-111.76331,307.88605,402.54456,-113.43616,354.37808,432.03406,34.815636,276.03152,435.9387,30.356476,378.8742,485.2461,-70.5884,249.90213,488.73587,-70.331856,343.1565,476.1812,-278.11792,289.20572,477.03543,-264.72314,332.5103,475.50763,-326.21005,298.8175,476.78586,-309.5098,328.72906,469.64374,-325.7395,303.37793,470.8283,-309.0384,331.16647,469.55627,-282.90463,301.0303,470.90735,-267.8603,339.34958,553.7427,-4.2883487,289.14325,550.83295,4.3852105,357.06345,647.07587,-57.595016,275.76263,643.38275,-33.48836,374.93484,749.1537,14.405725,260.8681,748.5117,61.81833,366.96524,765.5972,13.63996,267.42538,765.04596,63.443073,395.64508,777.65955,-119.758446,239.23906,776.26746,-61.036835
br_up
IMG_20241017_123129~2.jpg,br_up,311.94818,388.16818,-60.330135,313.62704,382.0361,-42.201523,315.33273,382.13882,-42.236042,317.22702,382.26614,-42.273254,306.71808,382.28058,-44.473785,303.85388,382.7158,-44.451427,300.72217,383.27228,-44.409664,317.45795,385.50955,60.240295,293.14767,387.12317,50.700195,314.7596,397.02866,-21.275196,305.74277,397.62015,-24.210684,342.95587,428.64355,97.24189,270.08432,432.06964,88.8589,362.30017,478.1378,28.488651,248.97112,483.4672,25.84072,328.764,496.71973,-138.41399,284.64572,502.56415,-123.29288,319.81808,507.44275,-182.69803,292.91098,512.60706,-163.6833,315.35675,502.13812,-190.88821,297.93466,507.61603,-169.98952,317.84445,498.05127,-145.57753,296.2733,503.87326,-128.64742,332.46353,547.884,-3.7138863,283.56366,546.1935,3.8256001,352.6913,643.215,-73.20393,269.79688,642.68896,-49.695168,372.5663,749.949,-24.45316,262.25137,749.989,5.320749,364.94598,766.5923,-26.541546,269.28406,766.51666,3.5463307,395.21805,780.165,-150.37878,240.76819,778.80676,-113.234955
br_up
IMG_20241017_123145.jpg,br_up,1557.5786,1283.7534,-1227.8383,1566.836,1241.2892,-1148.8812,1579.7664,1241.9769,-1149.1157,1592.3644,1242.5192,-1149.2742,1520.0105,1241.0253,-1156.0804,1500.3865,1243.0592,-1156.2603,1481.8293,1246.542,-1156.3378,1597.5745,1261.4927,-622.59515,1446.0648,1273.3903,-642.0387,1577.6741,1331.373,-1021.04346,1522.7297,1333.3954,-1027.7557,1738.5387,1508.0276,-325.86517,1312.0469,1517.8871,-321.2104,1864.0582,1777.6523,-729.119,1179.8005,1770.7234,-771.07715,1656.0332,1767.9423,-1573.2388,1401.8888,1747.6471,-1601.0515,1593.9817,1792.6515,-1765.981,1461.1982,1768.6318,-1790.975,1572.773,1770.8915,-1763.67,1497.9432,1738.87,-1770.8289,1582.6516,1762.71,-1584.6246,1476.7252,1732.946,-1603.368,1629.6875,2154.0566,-49.06675,1395.2036,2147.0447,49.323162,1691.8723,2609.352,-159.32475,1281.4451,2595.3284,147.20837,1746.2202,2973.6816,583.19336,1200.9918,2954.5813,929.1502,1715.9221,3034.0198,623.0759,1226.4829,3025.5737,977.9607,1817.2314,3154.356,92.287636,1084.3601,3109.6946,467.45575
br_up
IMG_20241017_123149.jpg,br_up,1563.9727,1273.1179,-1216.7672,1576.5723,1228.0903,-1144.7139,1589.6339,1228.6115,-1144.8872,1602.7002,1228.9362,-1144.7634,1530.7926,1226.78,-1154.624,1512.4554,1227.5212,-1154.7455,1493.399,1228.7914,-1154.7755,1606.3557,1244.5221,-633.5689,1450.7288,1251.664,-673.40955,1581.1179,1324.7295,-1016.91974,1527.6005,1323.9624,-1028.6338,1743.339,1494.2843,-330.89844,1313.0532,1500.9188,-332.6082,1841.4448,1750.9214,-456.69785,1204.527,1773.318,-546.188,1756.4088,1930.9922,-1285.2684,1326.8427,1954.2042,-1421.3336,1730.0482,2003.4252,-1500.3204,1350.4747,2023.023,-1635.9146,1701.1115,1975.6882,-1607.4263,1380.3856,1991.6533,-1714.6935,1700.3547,1953.6116,-1341.508,1377.9583,1968.2067,-1466.2555,1651.9407,2149.3271,-32.656784,1414.0262,2145.2754,33.00774,1707.0701,2582.6365,-28.177717,1281.658,2559.8855,70.59632,1754.317,2974.22,724.802,1210.367,2937.5017,901.8391,1727.9391,3024.4292,762.2042,1236.1722,2995.5288,953.6296,1827.0383,3143.6812,211.67455,1093.5793,3097.4302,448.42596
br_up
IMG_20241017_123150.jpg,br_up,1552.9971,1291.629,-1417.636,1566.8973,1242.3428,-1350.2225,1581.37,1241.9288,-1350.4385,1595.341,1241.6384,-1350.6321,1517.1893,1242.8079,-1358.1459,1497.3649,1243.5508,-1358.3601,1478.4712,1245.325,-1358.4353,1603.3949,1254.8707,-800.57367,1442.4619,1265.6334,-831.5579,1573.7465,1339.4198,-1196.58,1521.2184,1345.9017,-1207.2114,1745.9542,1498.8658,-387.73907,1311.5409,1513.9753,-394.5276,1873.2682,1789.9537,-815.49255,1190.7009,1789.969,-781.7752,1789.1786,1748.8115,-1922.4835,1287.1841,1767.0953,-1853.0312,1742.0343,1753.9607,-2139.9026,1332.5709,1768.9124,-2064.2002,1724.457,1703.3458,-2144.5735,1344.8889,1725.723,-2076.6758,1727.5497,1697.5896,-1941.3992,1345.53,1720.9001,-1873.8887,1643.872,2160.61,-46.72622,1413.3103,2161.4543,47.03409,1707.5402,2604.3755,-168.479,1284.2284,2575.6514,107.43533,1746.3108,2983.207,660.1921,1197.1631,2944.1223,1077.8557,1712.3158,3040.7656,705.4488,1237.1202,3006.7239,1143.3741,1828.508,3151.4683,138.04599,1091.2263,3105.8003,629.5258
br_up
IMG_20241017_123150_1.jpg,br_up,1553.9065,1317.2072,-1473.499,1568.1478,1263.869,-1409.536,1580.9531,1263.6437,-1409.7018,1592.6545,1263.5879,-1409.9197,1517.0778,1261.9801,-1412.7911,1496.8414,1261.4624,-1412.9762,1477.9226,1262.2261,-1413.0009,1600.836,1274.5112,-857.84625,1445.9681,1278.5254,-863.9939,1573.9515,1362.3947,-1249.6608,1519.1648,1366.9034,-1253.2977,1738.9408,1515.908,-411.9693,1302.7551,1522.4036,-416.6244,1854.2318,1813.5374,-829.1908,1193.5537,1803.3525,-791.0002,1782.8015,1768.0076,-1957.6188,1268.7069,1791.1766,-1893.835,1730.7638,1766.7877,-2181.4695,1314.7343,1788.246,-2112.7656,1721.4877,1714.7598,-2195.2102,1324.2487,1740.7281,-2133.7717,1725.342,1709.0371,-1980.9941,1323.3445,1735.9479,-1920.5586,1637.4792,2155.3293,-34.86511,1401.6938,2154.6082,35.161945,1708.992,2605.8235,-187.08824,1274.2922,2585.7825,28.859133,1748.649,2987.2036,637.6163,1201.2739,2954.624,924.34436,1710.8082,3042.4993,682.5416,1230.3174,3022.1548,980.4769,1817.3865,3158.2793,94.18687,1086.6718,3112.7559,424.82654
br_up
IMG_20241017_123151.jpg,br_up,1553.7368,1288.8827,-1345.5137,1567.1581,1236.0862,-1277.4813,1580.9708,1235.5159,-1277.721,1594.9678,1235.4779,-1277.9093,1518.818,1238.318,-1281.3345,1499.4695,1240.2552,-1281.4902,1482.0679,1243.3284,-1281.597,1608.3883,1252.4584,-739.70105,1447.9141,1263.4137,-751.77954,1576.5168,1338.3081,-1130.8862,1522.5574,1347.539,-1136.3301,1747.8612,1504.9126,-355.03897,1320.1829,1506.8685,-346.07513,1867.9235,1802.7643,-840.9323,1192.1608,1794.8622,-804.7436,1770.2567,1730.1555,-1908.431,1293.4014,1737.9811,-1882.6473,1723.6926,1725.6627,-2114.1816,1336.8937,1735.4097,-2091.1619,1707.2831,1685.5333,-2107.6948,1348.1075,1695.1221,-2090.233,1711.0986,1678.1516,-1922.5762,1350.038,1689.8959,-1900.3116,1625.2191,2154.3066,-48.628437,1405.5941,2154.742,48.87348,1711.0225,2596.203,-140.04903,1283.8549,2573.4758,178.1794,1751.0208,2982.2651,686.2907,1203.0887,2941.349,1138.4531,1718.2621,3030.7124,731.9875,1240.4667,3000.5977,1204.3008,1825.4642,3144.3022,167.76657,1088.2416,3110.496,694.27545
br_up
IMG_20241017_123155.jpg,br_up,308.59174,395.66556,-94.29985,311.3827,386.53125,-72.82733,313.52527,386.56622,-72.84853,315.66183,386.73212,-72.883354,302.80945,386.9403,-74.281395,299.04968,387.35394,-74.29841,295.67178,387.89056,-74.31352,317.193,391.15634,37.508785,288.59384,393.0513,31.268423,312.62054,405.27316,-53.429943,301.11417,405.85422,-55.632847,343.89395,440.93176,70.30503,264.012,442.27228,70.88784,375.06973,491.18185,-88.86212,236.42607,488.5537,-75.37089,344.11237,443.16492,-259.22308,271.81543,444.21872,-234.46506,334.74643,433.47684,-296.05618,286.79163,435.37714,-269.50284,332.9656,429.58868,-276.08664,288.4178,432.53107,-254.21762,333.91467,434.0715,-255.57965,286.56232,436.051,-231.6694,334.70236,563.3049,-11.755046,281.13934,563.47076,11.8340225,352.08276,656.75037,-120.84735,253.56308,656.50793,-134.94089,367.11856,763.0671,-75.44351,234.0499,764.5973,-69.59762,361.00735,774.68494,-77.53153,239.24559,778.43646,-70.164055,378.36493,776.36383,-196.2186,208.76935,781.08594,-186.68501
br_up
IMG_20241017_123155~2.jpg,br_up,305.00916,396.6527,-142.11487,307.7275,387.79626,-125.700386,310.22858,388.1078,-125.75384,312.6138,388.603,-125.77332,299.28326,388.13962,-130.05904,296.18042,388.57492,-130.06702,293.24677,389.1416,-130.12627,315.07184,393.8252,-27.642317,287.56805,393.9164,-44.531387,309.61496,406.2606,-104.53968,298.39716,407.21725,-109.57264,343.8557,441.07507,5.2556353,263.55984,444.2512,-22.938269,343.39786,491.05392,-139.72641,262.83154,500.9469,-142.67111,331.96222,546.75134,-366.27145,274.87747,548.10583,-322.47076,332.24857,562.6244,-418.45016,275.73984,564.78955,-370.76627,324.70898,559.9146,-430.81256,284.11438,562.61346,-379.28094,323.17926,555.26575,-377.44125,284.5555,556.0289,-330.11526,329.32306,568.4587,2.7829063,279.71664,568.67053,-2.8630302,351.71487,658.74164,-81.84417,249.47015,651.0107,-138.98859,365.88675,752.8534,39.96709,234.03743,754.4079,-9.122919,364.2423,756.1156,44.675556,236.32921,756.2746,-2.0388029,371.91867,783.20605,-82.21753,222.75703,777.56024,-125.40003
br_up
IMG_20241017_123155~3.jpg,br_up,308.17624,399.85257,-243.71411,310.5028,389.92828,-228.53175,313.01242,389.83508,-228.55338,315.34195,389.74777,-228.59378,301.09088,390.0548,-228.834,297.5147,390.27182,-228.87486,294.19272,390.65036,-228.89622,316.5154,392.70242,-115.104774,288.08957,394.4568,-115.26439,312.149,408.17233,-199.00423,301.55923,408.5998,-199.32562,344.80853,440.8978,-37.70082,260.94595,442.68445,-39.89472,374.27026,496.29135,-164.87047,237.35045,500.43903,-153.39134,344.9624,464.3758,-388.43784,269.3261,479.67664,-367.03745,339.8456,455.4333,-434.18692,279.55533,473.90646,-411.74686,336.62924,449.22586,-426.2866,281.23047,468.02396,-404.41498,335.48874,451.8301,-389.77066,280.86615,469.30838,-367.49722,331.6914,564.94525,-3.9828637,279.3252,565.09216,3.9477813,353.77206,662.991,-92.14148,248.46736,656.46155,-113.64249,367.69165,760.3716,25.685457,231.51547,760.04285,9.476645,362.95358,767.58356,30.68136,235.92589,762.95044,15.399307,384.5179,787.53394,-91.68992,213.03986,787.29346,-108.67158
br_up
IMG_20241017_123159.jpg,br_up,1521.6426,1353.717,-1529.9113,1545.7465,1304.523,-1453.4592,1562.5645,1305.1526,-1453.4513,1578.8131,1306.1028,-1453.5807,1493.4297,1297.9739,-1467.4213,1473.5531,1294.6277,-1467.6995,1456.542,1292.0444,-1467.7529,1596.4736,1315.8386,-935.42694,1418.698,1304.3602,-996.099,1545.2118,1400.5032,-1326.2153,1487.3748,1400.5575,-1344.8043,1718.1178,1543.5303,-631.2969,1268.0123,1552.8624,-662.7456,1937.8986,1795.7561,-1163.4388,1067.2151,1812.2413,-1093.8075,1677.006,1767.7953,-2044.1378,1311.467,1770.2975,-1811.2039,1605.2576,1789.7537,-2239.4678,1389.8746,1769.0186,-1982.8157,1587.0447,1758.755,-2163.0781,1410.3019,1737.3812,-1952.3672,1597.8352,1752.2623,-2025.5686,1398.107,1738.6387,-1807.141,1627.4811,2193.3381,-26.020687,1381.2151,2189.2002,25.82159,1702.0518,2617.2908,-72.650055,1253.1399,2598.5103,57.950874,1734.2026,2981.0754,759.9296,1194.108,2961.2585,878.14453,1703.0958,3041.6135,811.36127,1227.6221,3021.3928,931.47217,1819.7584,3158.0566,317.98926,1087.4438,3119.4688,440.75333
br_up
IMG_20241017_123200.jpg,br_up,1528.9672,1333.6277,-1109.5381,1552.0347,1285.3978,-1029.1594,1567.5878,1286.7097,-1029.1742,1583.3562,1287.6055,-1029.1666,1497.8807,1280.3782,-1039.1432,1475.3809,1278.7478,-1039.365,1455.4489,1277.7765,-1039.3556,1600.7981,1304.5049,-538.9246,1419.5618,1298.0452,-574.431,1551.9841,1381.079,-918.3759,1489.5377,1381.9689,-929.8144,1722.229,1538.3053,-260.44183,1277.2817,1546.2009,-277.04288,1929.4319,1800.9973,-715.7164,1068.4033,1805.7218,-637.9688,1659.3772,1751.7249,-1504.7416,1298.9312,1759.7023,-1312.4866,1594.5273,1770.4441,-1669.7048,1378.4094,1761.1211,-1462.205,1566.5885,1746.5388,-1601.8027,1399.3593,1730.963,-1435.7853,1573.9982,1740.475,-1485.7507,1385.0944,1730.4094,-1308.0582,1630.295,2155.2683,-35.75109,1382.7375,2156.5776,35.566467,1695.524,2607.6318,-267.74313,1249.072,2590.7744,-8.425767,1744.2397,2992.963,424.83356,1196.9475,2970.8347,629.7555,1716.6515,3043.9653,466.64737,1224.7029,3033.412,667.8243,1823.9521,3147.7395,-9.45234,1087.091,3115.8813,215.33238
br_up
IMG_20241017_123200_1.jpg,br_up,1525.447,1330.1782,-1432.132,1542.5924,1280.5195,-1356.5642,1558.288,1281.4922,-1356.6462,1573.7008,1282.2303,-1356.8701,1489.7131,1276.5668,-1368.6848,1469.0314,1276.5966,-1368.8872,1449.2123,1277.7211,-1368.9501,1590.0898,1297.5027,-836.76105,1413.9163,1301.0679,-881.643,1547.9801,1374.8143,-1224.9918,1488.937,1376.7817,-1239.4799,1712.0249,1530.861,-520.29663,1273.4812,1545.6068,-528.97675,1923.4099,1796.1396,-1056.6436,1068.8833,1801.3826,-974.1374,1669.9789,1765.5984,-1975.0657,1300.0204,1766.7906,-1763.1274,1596.5286,1781.4867,-2174.1265,1373.4194,1774.0295,-1939.7607,1574.3988,1755.4138,-2107.911,1396.0769,1740.8378,-1913.9342,1584.9268,1749.6338,-1961.4497,1385.3695,1739.6895,-1762.1743,1615.5946,2177.0493,-39.039623,1369.5614,2176.577,38.815086,1693.2197,2601.4744,-324.12112,1247.19,2599.2178,-88.73365,1743.2253,2993.1238,495.6735,1188.2677,2958.5771,715.8864,1710.1558,3058.0137,544.7915,1226.6357,3026.665,767.8464,1814.8145,3152.4272,12.458621,1080.1438,3118.8342,269.2463
br_up
IMG_20241017_123201.jpg,br_up,1525.3282,1349.1486,-1492.9607,1547.782,1303.7078,-1421.0972,1563.1356,1304.5895,-1421.0867,1578.8097,1305.762,-1421.2289,1500.1469,1297.5927,-1434.0417,1480.2723,1294.7867,-1434.2888,1462.7308,1292.3615,-1434.3262,1597.0402,1318.3367,-886.7098,1421.0122,1309.0045,-942.5422,1546.6565,1394.1825,-1278.1921,1489.7479,1394.9551,-1295.8673,1715.7152,1538.0537,-530.80646,1274.0106,1551.0933,-561.0745,1928.3306,1806.1991,-1027.422,1067.1017,1807.3855,-968.29596,1670.9562,1771.6969,-1971.6697,1302.7751,1767.3287,-1759.247,1604.26,1793.5625,-2167.389,1376.0233,1773.5619,-1936.7859,1581.2185,1762.8088,-2110.6787,1401.6571,1738.6792,-1905.0465,1590.5687,1755.7316,-1960.4994,1390.4142,1738.0417,-1753.9865,1621.9785,2197.1191,-26.992285,1375.5679,2193.1729,26.713282,1691.9954,2625.7312,4.82161,1241.9221,2615.927,119.88278,1730.4536,2994.277,865.84906,1190.451,2985.038,934.1312,1701.254,3048.4685,920.3652,1221.0236,3035.924,987.36755,1807.0671,3162.1304,421.95203,1083.2682,3133.4158,501.86996
br_up
IMG_20241017_123218.jpg,br_up,1503.3181,1083.6697,-1027.8877,1532.243,1043.8557,-944.1691,1547.2863,1046.447,-944.2809,1558.6898,1047.9226,-944.4032,1480.4965,1043.0455,-943.93774,1463.9495,1043.556,-943.9385,1448.2653,1043.1461,-943.74945,1581.6882,1075.3649,-426.60092,1427.0016,1069.1406,-421.14563,1537.06,1133.1957,-829.9004,1471.3541,1131.8378,-829.83875,1707.8694,1347.19,-164.80664,1281.7383,1355.1208,-82.69849,1825.765,1663.1229,-620.0259,1155.8489,1674.5645,-536.5848,1609.0248,1538.5586,-1530.5897,1356.1547,1550.5536,-1512.8082,1547.5571,1550.6165,-1723.219,1413.262,1552.6963,-1718.2529,1517.3708,1515.1528,-1697.327,1438.4651,1524.498,-1679.631,1531.2733,1510.9039,-1531.1694,1423.7277,1520.7393,-1514.4792,1610.935,2014.1814,-23.333912,1358.9103,2000.4738,23.190516,1629.7437,2501.7334,-114.20507,1300.7997,2488.8489,32.762356,1621.1675,2902.453,930.66583,1263.2498,2891.389,902.18463,1585.7833,2950.516,1001.6835,1296.2274,2950.7534,957.8641,1673.0673,3079.2688,430.1287,1196.4688,3065.117,380.9468
br_up
IMG_20241017_123219.jpg,br_up,1507.868,1082.0964,-921.6166,1534.9703,1042.4865,-841.2991,1549.3899,1044.0552,-841.3886,1560.9375,1045.6455,-841.526,1486.3431,1040.4093,-839.91345,1469.9344,1040.9805,-839.8523,1453.874,1042.4797,-839.6376,1583.0172,1069.7496,-340.50397,1428.9838,1065.298,-335.64398,1536.916,1127.7743,-729.909,1474.6394,1126.9749,-729.73016,1709.2903,1339.2767,-83.12895,1287.8408,1341.927,-13.955505,1819.6351,1664.1991,-511.89325,1164.3262,1660.1338,-466.82593,1616.133,1540.5958,-1378.0079,1351.36,1528.811,-1436.0339,1563.1642,1546.922,-1564.584,1399.3821,1536.3898,-1637.9825,1534.075,1510.2977,-1533.273,1424.3248,1510.8456,-1598.3745,1545.4545,1507.0492,-1375.6436,1413.528,1507.7365,-1437.4794,1612.2937,1999.8373,-8.945972,1359.2214,1984.9808,8.8445015,1626.9574,2502.2417,-109.526596,1309.1545,2486.5754,-27.42772,1624.1832,2905.5872,891.87787,1268.6414,2900.0825,806.6396,1588.1476,2953.097,960.0727,1304.7826,2950.1873,859.5209,1683.8232,3074.2837,402.2406,1209.0974,3065.9934,278.7877
br_up
IMG_20241017_123219_1.jpg,br_up,1502.9406,1090.822,-894.5617,1532.8506,1048.2875,-810.4332,1547.2242,1050.2662,-810.51965,1558.179,1052.1831,-810.68,1482.3024,1047.1812,-808.2691,1465.6172,1047.2113,-808.17084,1449.9216,1047.2279,-807.87286,1581.9724,1078.4421,-295.97284,1426.6073,1071.8444,-284.87772,1534.3412,1138.4171,-698.19836,1470.5945,1136.7781,-696.32135,1708.9686,1346.3047,-46.65915,1282.6178,1349.9811,41.349148,1824.7444,1668.8993,-472.79083,1164.0565,1668.9543,-417.11414,1612.5769,1542.1987,-1304.8414,1356.7001,1532.7361,-1385.7761,1555.6056,1546.3737,-1494.3463,1408.4772,1536.6768,-1594.2482,1527.8431,1510.9874,-1466.5159,1433.2924,1513.1187,-1557.5729,1538.76,1508.8756,-1303.3856,1418.3434,1509.1063,-1389.9541,1608.1434,2018.3356,-17.708385,1355.4103,2002.1489,17.86817,1626.6029,2513.6956,-93.16259,1301.4408,2498.385,-3.3417838,1622.6964,2911.0232,943.1012,1260.4855,2913.75,860.4145,1587.6425,2958.624,1013.6213,1296.5634,2968.2917,915.203,1670.677,3081.9697,442.81232,1193.6373,3075.9656,327.08215
br_up
IMG_20241017_123220.jpg,br_up,1512.7178,1095.5635,-931.2117,1534.9844,1053.7749,-848.94885,1546.8369,1054.6293,-849.0241,1557.4001,1056.6333,-849.11743,1485.2633,1053.2744,-851.39294,1467.8177,1054.208,-851.341,1451.1237,1057.4491,-851.1333,1572.9865,1080.8838,-328.6401,1421.0907,1084.16,-338.18875,1537.2665,1144.3619,-731.2286,1476.4023,1146.5249,-735.253,1700.0378,1352.2815,-53.975574,1283.151,1354.2693,-4.3754277,1816.294,1679.6401,-495.71567,1160.4675,1671.3257,-467.41492,1621.8031,1550.883,-1421.5452,1345.2506,1539.474,-1465.7747,1563.496,1558.1189,-1619.7017,1397.0126,1545.053,-1673.8691,1542.1232,1522.0112,-1596.0392,1421.0466,1514.1572,-1640.5762,1552.3138,1518.6608,-1424.5427,1409.8684,1510.1604,-1469.5862,1603.8939,2016.828,-10.73208,1353.3265,2005.0063,10.668852,1627.1947,2513.7712,-117.65284,1302.1537,2499.9065,-25.624956,1621.639,2925.1465,844.9365,1255.355,2919.7642,797.9966,1586.824,2981.3245,906.1491,1290.6472,2976.143,847.95795,1672.1499,3090.814,315.96487,1192.2825,3081.9104,253.69728
br_up
IMG_20241017_123221.jpg,br_up,299.55823,366.43912,-47.03969,304.50354,359.5438,-26.224983,307.59427,359.90405,-26.243305,310.04425,360.329,-26.271809,295.16922,359.49817,-28.361279,292.1962,359.69617,-28.356937,289.12305,360.16168,-28.335688,314.96072,365.8105,79.6058,285.13187,366.36795,71.25671,306.02463,374.42947,-7.687259,293.8295,375.17538,-10.312614,339.6682,414.24103,109.76755,260.56537,417.1162,87.03782,366.29575,465.17825,-42.727642,239.18114,470.5725,-49.3468,325.89883,434.31128,-219.73297,273.51553,433.08063,-207.29955,312.6882,429.85068,-260.33054,285.83948,427.44626,-246.26154,308.01962,425.7943,-243.0641,289.08295,424.18097,-236.5274,311.4719,426.80908,-217.49297,287.81097,426.5501,-206.81192,326.47522,539.4504,2.0201948,276.15137,540.5969,-1.9566519,334.52438,644.4724,-22.148996,262.56607,645.152,-29.375357,340.18262,752.06586,63.799118,249.51378,756.10974,60.26716,335.7081,770.6012,65.56121,255.58708,772.7051,61.734226,353.649,780.48566,-58.955418,236.28728,781.7524,-63.99898
br_up
IMG_20241017_123222.jpg,br_up,301.5446,368.16205,-62.605278,305.89282,361.41754,-42.844868,308.58203,361.78333,-42.857395,310.7351,362.0023,-42.87571,296.6305,361.41916,-45.78425,293.49203,361.53647,-45.78429,290.57852,361.5542,-45.772083,314.6079,366.61798,64.161606,285.54504,366.99948,52.297543,306.91034,376.23334,-22.130646,295.86874,376.57303,-25.78252,339.42737,415.4449,101.22512,259.77518,416.61383,71.12838,364.6924,467.8463,-46.422886,240.63191,471.28262,-59.272873,325.55115,435.00656,-231.71016,277.84283,434.4796,-212.9404,313.47714,430.79333,-273.263,290.53592,428.58752,-251.21945,308.73828,425.8333,-256.971,293.21494,425.0996,-242.25401,311.64944,427.2632,-230.0595,291.18765,427.103,-212.26378,326.33243,540.2339,3.9906878,275.7209,541.03955,-3.9312654,334.66507,645.0698,-20.117409,262.56766,646.01605,-28.67192,340.17938,753.5938,70.76564,249.68182,754.3027,67.11292,334.4537,771.1122,72.910194,255.33638,772.5473,69.12461,353.06412,779.15295,-51.43852,235.76129,780.3496,-56.582745
br_up
IMG_20241017_123222~2.jpg,br_up,301.46582,368.7942,-41.759647,305.9665,362.33496,-19.664852,308.64908,362.73657,-19.681112,310.91367,363.3885,-19.710678,296.8571,361.95264,-22.725376,293.61832,362.20145,-22.717962,290.64026,362.67526,-22.689444,315.01837,368.64478,90.60308,285.0966,368.7036,77.75344,306.85208,376.68634,-0.9535081,295.1985,377.3274,-4.9037385,339.0747,417.28076,117.1137,259.8512,418.3068,91.30564,365.77112,468.15787,-45.600414,240.09631,471.85864,-52.21656,327.09366,437.99234,-238.57729,276.08102,435.00568,-215.20251,313.59134,432.59546,-282.31058,289.6342,429.99353,-255.96504,309.92932,427.94327,-265.42227,291.42593,426.06848,-245.9116,313.11258,429.36334,-237.06071,288.9637,428.4397,-214.79987,327.1064,540.90515,1.3643677,276.3149,542.2755,-1.2952607,334.32544,648.7816,-28.853838,261.67075,647.79596,-33.35405,339.48984,755.00745,61.071743,250.09763,757.8179,57.626434,335.8961,773.04095,63.277756,255.60168,773.59094,59.229782,351.16568,784.1963,-63.742294,239.07407,784.6105,-69.09964
br_up
IMG_20241017_123223.jpg,br_up,302.99954,369.10852,-41.457478,307.36893,362.80096,-20.015394,309.9558,363.2424,-20.029613,312.20416,363.81143,-20.058622,298.42108,362.31232,-23.35737,295.19577,362.52103,-23.350225,292.12625,362.92386,-23.323202,316.0199,368.70407,90.38812,285.82693,368.5485,76.12257,307.79504,376.9911,-0.21053156,296.2499,377.3351,-4.5616517,338.9367,416.85623,119.44384,260.01764,416.91562,91.61186,365.56207,467.64325,-41.107136,240.01234,470.55807,-49.74273,327.54413,439.43912,-239.9701,276.55145,435.78644,-215.81494,313.34497,433.6269,-284.75305,289.9288,430.49283,-257.00568,309.18732,428.4472,-269.2401,291.89,426.8848,-248.22307,312.74072,430.09534,-239.20056,289.2561,428.8335,-215.84044,326.6267,539.3122,1.7359031,276.09955,541.12054,-1.6729279,334.47525,644.5636,-34.275063,261.93045,648.1379,-37.75327,338.68732,752.2334,55.890427,250.5409,756.39087,51.714214,335.58752,768.5253,58.165375,256.20993,771.2471,53.1939,349.67435,784.0588,-68.47756,237.93004,784.2767,-75.14865
br_up
IMG_20241017_123242.jpg,br_up,1453.5491,1105.2494,-1201.2026,1485.1566,1071.2834,-1121.3005,1503.1821,1073.6989,-1121.4,1515.345,1075.4974,-1121.5515,1430.2207,1066.7421,-1119.9342,1412.3995,1065.8174,-1120.0065,1399.6232,1066.5496,-1120.0416,1542.5166,1100.1167,-639.3621,1381.7405,1089.9194,-628.60895,1487.3104,1158.475,-1018.4935,1417.6757,1154.3408,-1017.34827,1653.9944,1362.419,-375.44794,1250.5483,1354.3899,-331.82898,1822.9462,1615.7855,-848.5136,1076.4955,1595.7175,-774.63715,1547.7789,1581.2926,-1635.7004,1312.5046,1578.1084,-1576.6171,1481.7919,1596.6475,-1808.353,1375.7195,1581.0936,-1753.9423,1459.9426,1561.7866,-1754.7667,1401.5529,1547.825,-1722.7251,1475.6357,1555.1167,-1623.1796,1390.772,1544.0964,-1575.9766,1540.0997,1980.3729,-42.453842,1303.452,1963.574,42.10303,1576.7411,2410.6396,-37.34374,1197.9679,2406.957,157.66284,1666.1001,2802.7744,644.5035,1109.9879,2775.242,856.98914,1636.4882,2865.925,678.63306,1142.972,2846.741,896.4838,1742.2058,2955.6985,122.19504,1016.31396,2938.9487,375.17102
br_up
IMG_20241017_123243.jpg,br_up,1457.3022,1099.1353,-1253.8542,1485.4607,1064.4453,-1176.3589,1501.1483,1068.0845,-1176.4375,1513.6857,1072.2316,-1176.6217,1431.4209,1057.2197,-1173.4944,1414.386,1055.9463,-1173.6154,1399.9891,1055.9349,-1173.6815,1538.2333,1098.3032,-690.3637,1383.9069,1082.2966,-671.71,1488.9103,1148.6119,-1067.8645,1421.1666,1144.4623,-1064.4088,1650.1672,1354.9612,-431.7932,1244.388,1345.2437,-358.12915,1821.0254,1613.9869,-941.14984,1071.9271,1582.3589,-849.8937,1543.4711,1582.0806,-1730.9614,1303.09,1569.0206,-1679.6411,1474.4373,1592.6028,-1915.3105,1364.8048,1582.1908,-1865.5565,1452.6105,1560.3674,-1858.37,1393.5449,1550.5123,-1831.486,1467.6307,1555.0653,-1718.7256,1382.3442,1544.5219,-1678.6187,1535.8009,1959.9954,-66.27486,1295.4985,1943.2192,65.82311,1559.8402,2402.077,-95.90635,1188.8175,2411.7327,151.52625,1662.5824,2803.5112,623.53674,1105.6461,2786.9558,880.7702,1631.379,2864.8271,661.0858,1138.1936,2854.0764,923.7328,1738.838,2956.3965,96.53759,1016.88885,2943.4739,396.8339
br_up
IMG_20241017_123244.jpg,br_up,1460.5698,1102.2975,-1198.9958,1486.2281,1069.4233,-1120.9058,1500.2146,1072.809,-1121.0027,1512.7343,1076.4213,-1121.1573,1433.1777,1061.9442,-1118.8335,1415.4814,1061.7793,-1118.9666,1399.7072,1063.5298,-1119.0509,1538.0093,1099.1779,-644.48785,1381.5314,1091.022,-628.21375,1491.0347,1151.1771,-1017.7018,1424.952,1149.602,-1015.0212,1652.3737,1364.9963,-387.3524,1246.2357,1355.0625,-336.22885,1813.5295,1620.4478,-876.1779,1067.4745,1598.4822,-811.879,1536.6007,1595.673,-1661.4524,1295.742,1568.697,-1635.8099,1469.2423,1607.5925,-1833.8412,1358.8954,1580.7266,-1816.0579,1448.7557,1572.4856,-1777.7067,1386.2983,1550.877,-1779.8186,1466.0044,1565.9532,-1648.1439,1374.5889,1544.2606,-1633.589,1535.5244,1979.3528,-50.145206,1295.9438,1963.2888,49.71304,1562.773,2420.51,-91.35143,1191.9061,2416.3857,133.83012,1660.5435,2809.235,640.74744,1102.4966,2796.4133,853.96063,1626.9153,2870.7405,680.46405,1132.2876,2862.1626,896.40686,1739.0864,2968.4639,126.5001,1008.4072,2954.5947,371.71942
br_up
IMG_20241017_123244~2.jpg,br_up,297.3459,380.50665,-92.18102,302.33566,374.6765,-71.03708,305.2966,375.02936,-71.06512,308.17026,375.55328,-71.09354,293.3354,374.48203,-73.35986,290.5652,374.7255,-73.3585,287.4215,375.0262,-73.32278,311.35138,381.7583,41.220898,283.0178,381.42737,31.249527,302.3303,390.7008,-50.229557,290.70786,390.7786,-53.389088,334.6469,426.49527,75.84794,257.85178,430.1218,60.813107,371.70123,471.76324,-63.50148,226.7218,471.55573,-81.71795,310.66672,448.79846,-221.22281,280.98224,448.89145,-254.45732,297.31577,452.61392,-262.27887,290.38806,448.77597,-296.6241,291.52124,448.33923,-245.55556,293.43015,447.048,-286.33862,295.25177,447.1972,-217.93652,291.7721,447.43518,-254.33072,316.17612,554.03375,4.244732,266.6354,550.7502,-4.1705394,331.0646,652.6008,-18.93139,243.14012,651.2434,-26.651308,355.08102,754.69977,68.88441,215.67464,750.3042,73.09655,347.9641,772.20917,70.0995,220.10994,766.3229,74.92131,374.4515,780.12897,-60.763474,196.3637,778.1931,-55.295456
br_up
IMG_20241017_123254.jpg,br_up,1351.0676,1125.8818,-1352.7473,1363.9282,1084.5594,-1271.734,1379.1658,1085.5999,-1271.7875,1391.6431,1086.2175,-1271.9358,1314.8392,1082.9651,-1279.7925,1292.9054,1083.5819,-1280.0126,1272.587,1086.1869,-1280.0801,1398.8657,1109.2603,-735.39557,1230.7849,1116.3833,-763.16595,1374.9291,1178.2675,-1142.2589,1318.6228,1181.3925,-1151.9254,1541.1603,1360.8196,-480.8207,1085.8604,1380.7898,-458.41724,1723.5267,1631.06,-1080.687,866.75903,1574.6246,-1024.8737,1418.7482,1622.3345,-1997.9442,1152.0284,1640.6224,-1883.2455,1352.4158,1654.9463,-2214.4023,1213.1791,1680.7739,-2087.3298,1327.3351,1633.1317,-2160.5674,1256.1371,1656.6625,-2055.551,1348.1469,1623.1467,-1992.0206,1238.8707,1643.747,-1884.9397,1431.6587,2059.9185,-48.60969,1169.3771,2064.8835,48.210114,1476.2313,2556.278,-45.02273,1066.6814,2553.0923,193.78261,1573.9473,2949.484,927.36365,1004.096,2937.93,1119.4489,1557.3417,2995.8433,988.4197,1061.6323,3000.1714,1179.1488,1619.7467,3126.4204,419.19028,868.8748,3120.9976,631.61304
br_up
IMG_20241017_123255.jpg,br_up,1326.6885,1108.9635,-1349.5781,1349.264,1069.1222,-1267.4863,1365.8019,1070.1287,-1267.5216,1382.7325,1071.6647,-1267.5767,1292.4996,1067.8466,-1266.5839,1270.9685,1068.4674,-1266.8167,1251.8402,1069.5754,-1266.886,1402.5901,1095.954,-742.546,1223.0895,1096.6111,-727.0799,1357.274,1163.9423,-1146.2433,1292.256,1164.995,-1143.3219,1544.6096,1345.277,-524.17236,1086.983,1368.8462,-437.96942,1722.058,1618.9425,-1199.07,867.60376,1571.504,-1066.093,1423.5128,1617.434,-2130.9285,1148.9332,1631.2723,-1984.5128,1350.8026,1664.1146,-2353.5498,1209.9504,1671.6273,-2198.0942,1317.1438,1644.8842,-2293.8801,1243.6608,1651.1835,-2161.6084,1335.4597,1631.0935,-2123.8276,1231.0492,1637.5297,-1987.0133,1434.1957,2056.3271,-64.41553,1170.8988,2057.7256,64.01559,1483.2303,2542.097,-69.447754,1069.1387,2540.0972,254.51048,1569.2659,2933.1602,922.6505,1002.5555,2919.8372,1228.5895,1553.5537,2985.7764,984.7776,1059.5955,2983.7817,1292.203,1618.1005,3108.3093,405.28546,864.9854,3102.0164,748.6106
br_up
IMG_20241017_123255_1.jpg,br_up,1321.4061,1115.5725,-1283.0109,1343.4072,1076.7288,-1201.3942,1359.7925,1077.714,-1201.4591,1377.5154,1079.3729,-1201.5295,1287.6626,1075.3859,-1200.6381,1265.8755,1076.3535,-1200.9038,1247.0914,1077.9359,-1201.016,1398.7365,1103.9486,-680.24506,1218.7067,1108.0286,-668.3153,1351.9224,1171.0096,-1081.3519,1288.2108,1172.7819,-1079.3302,1543.9258,1355.8077,-447.05496,1085.6451,1380.5582,-397.38687,1718.1289,1626.632,-1071.8514,862.0364,1575.7535,-994.60175,1418.5637,1629.5482,-1959.6539,1147.1816,1645.957,-1874.4906,1333.8192,1670.61,-2167.8037,1209.3354,1686.7166,-2082.5767,1304.6097,1650.4867,-2111.4797,1241.3032,1664.742,-2039.4237,1327.1099,1636.7075,-1951.7065,1226.6741,1649.695,-1873.1897,1433.6875,2062.5132,-29.55955,1170.0938,2062.8596,29.173748,1487.128,2549.5413,-59.3454,1072.5212,2550.317,156.51962,1568.1411,2942.1145,938.3323,995.8933,2932.5618,1114.685,1548.0048,2994.1035,1003.7542,1051.5608,2997.0713,1176.836,1627.2283,3123.27,444.96954,865.41974,3113.1443,627.779
br_up
IMG_20241017_123256.jpg,br_up,1312.8417,1135.0947,-1287.6676,1338.3885,1095.1066,-1206.7871,1354.2985,1096.1835,-1206.8171,1372.259,1097.8751,-1206.8762,1279.2915,1093.4348,-1205.4229,1259.0342,1094.3646,-1205.6375,1240.1646,1096.2034,-1205.6741,1395.0411,1123.2738,-690.0656,1214.1381,1126.5151,-671.3569,1345.0082,1190.7106,-1087.0548,1279.6829,1192.5011,-1083.3024,1526.8512,1371.4077,-467.8936,1075.2946,1396.7505,-376.13162,1710.365,1636.9696,-1119.1007,849.3143,1586.1711,-970.47546,1414.7947,1640.0216,-2046.1326,1138.8649,1661.3105,-1858.7045,1347.1909,1688.9177,-2263.4465,1203.2854,1701.5695,-2059.6907,1311.1372,1667.0114,-2195.8413,1235.5961,1680.6886,-2023.449,1326.9183,1652.8625,-2035.0331,1221.5653,1665.9026,-1858.9772,1428.6522,2079.8582,-74.27784,1166.3813,2079.6133,73.873566,1480.0349,2565.8818,-246.24959,1066.0753,2562.0984,215.80846,1563.3213,2956.333,735.15924,999.5764,2946.8298,1157.4274,1542.7439,3002.6682,797.0413,1056.9209,3007.1777,1218.6731,1611.1251,3146.0652,219.61562,862.3639,3124.6992,690.19653
br_up
IMG_20241017_123257.jpg,br_up,278.06076,375.59018,-92.28528,281.96887,368.49408,-71.25132,284.55804,368.7756,-71.22988,286.68747,369.03442,-71.22091,272.4227,369.202,-71.84269,268.89087,369.9268,-71.8479,265.9058,370.52826,-71.82776,291.0568,374.7232,36.534306,261.09424,376.43884,33.16537,283.21313,385.14612,-52.383118,272.2253,384.91873,-53.755833,316.3501,421.64246,52.093563,234.15488,422.30283,56.307106,358.90924,455.19055,-115.86993,186.93405,442.2041,-125.96033,304.91266,450.63858,-290.7205,245.67508,452.85358,-315.4273,291.18372,450.03314,-334.8449,261.5428,457.17987,-357.8949,286.59714,447.73492,-317.27463,265.4041,455.75272,-342.86984,290.16248,447.65726,-288.16013,260.92078,455.20996,-313.30237,300.09967,555.13025,-14.194395,246.07033,555.1781,14.195377,312.54767,660.58856,-73.07163,222.34647,658.484,-26.53979,338.50064,771.5395,-11.759255,197.47635,765.07587,34.18682,330.9671,786.81964,-13.918916,205.87762,783.43353,31.954573,350.8298,799.69714,-144.80118,168.59756,793.28235,-91.66409
br_up
IMG_20241017_123257~2.jpg,br_up,277.38312,376.3028,-76.72639,281.6521,369.3857,-56.023834,284.19592,369.68903,-56.0119,286.47794,370.0447,-56.006622,272.14432,369.5737,-56.16458,268.4644,370.119,-56.173267,265.39957,370.75577,-56.15315,291.27963,375.1811,51.134007,260.63434,376.0451,50.189163,282.63885,386.0409,-36.861214,271.26694,386.2704,-37.526886,317.68576,418.8063,69.23807,234.05106,422.1353,72.662544,357.95786,456.1065,-92.67801,189.99753,443.2624,-105.67922,306.15594,453.66736,-262.8544,245.86156,450.67502,-298.83078,290.50336,452.35324,-306.17477,261.17145,453.88974,-342.36694,286.2025,448.9048,-290.5028,264.9341,451.57117,-328.0563,290.98773,448.88028,-260.84796,260.48996,450.85822,-297.23026,300.0358,555.4994,-12.105315,247.10277,554.9221,12.155981,311.50436,659.77106,-64.56698,221.53847,657.21326,-31.659685,337.197,769.1405,0.88740164,198.21216,766.8707,27.293877,331.34348,784.49097,-0.6730745,206.00154,784.7433,24.831322,351.2094,798.2456,-129.44107,167.64305,794.98663,-99.88204
br_up
IMG_20241017_123258.jpg,br_up,275.018,376.44113,-63.806747,279.66174,369.1113,-43.523746,282.79016,369.38165,-43.50593,285.1109,369.74258,-43.492645,270.02286,369.56964,-42.698997,266.67422,370.2011,-42.704464,263.82495,370.88647,-42.685917,289.909,375.20236,57.9588,259.63806,376.43756,61.457172,280.95743,385.91318,-26.275423,269.47708,385.78235,-25.706013,316.9033,422.4217,66.31442,233.64685,423.13284,84.42986,358.3398,456.96176,-98.05949,182.85225,442.80652,-94.308426,302.857,451.63727,-257.29507,243.76425,452.8105,-283.83624,288.86826,451.45453,-297.52893,260.02216,456.81247,-325.17657,284.04343,448.9518,-279.7647,263.85968,455.48688,-309.73358,287.7577,448.68552,-253.95737,259.6117,454.83972,-281.6415,299.81726,557.4113,-18.81462,246.2824,555.8566,18.776772,311.32355,660.019,-87.998314,222.1386,656.565,-28.478508,336.87833,772.3138,-39.67821,196.75119,768.7782,12.980306,331.54218,787.78955,-42.913136,205.3049,786.74835,9.01434,348.74377,805.23566,-173.29872,168.53139,796.3843,-109.46414
br_up
IMG_20241017_123258~2.jpg,br_up,274.87997,381.5824,-67.838165,279.141,374.2599,-47.166374,282.21655,374.56223,-47.155907,284.60065,374.90454,-47.150627,270.06525,374.5344,-47.149323,266.8661,375.0072,-47.15103,263.99194,375.52475,-47.13458,288.87808,380.1634,57.263313,259.16412,380.66287,57.287006,280.70767,391.25806,-28.971262,269.34332,391.1844,-29.432638,314.5218,424.0777,65.08558,232.16814,426.08786,79.99427,356.46835,458.22577,-99.692566,190.43108,447.64047,-101.64394,305.4912,454.57663,-266.2868,247.70882,454.97803,-292.94943,291.44995,455.25513,-310.1369,264.23575,459.15155,-335.54968,287.32272,452.29422,-294.1648,268.29608,457.50095,-321.98407,290.73044,451.74545,-264.12326,264.04022,457.0545,-291.48987,300.00647,557.9748,-23.46816,247.73824,558.30396,23.47842,311.76495,661.29364,-90.223564,223.45897,660.873,-16.786703,338.0154,774.59503,-35.151493,196.90277,770.3712,31.091982,332.3435,788.2098,-37.520008,205.65358,787.8052,28.067636,348.63257,801.4097,-161.42749,168.93182,794.2576,-87.99659
br_up
IMG_20241017_123259.jpg,br_up,274.95624,379.40436,-54.45927,279.20178,372.6175,-33.683636,282.38654,373.01917,-33.677544,284.9942,373.42828,-33.676865,269.91946,372.95416,-32.958084,266.74753,373.67142,-32.96204,263.95035,374.391,-32.950886,289.43292,378.9742,69.3979,260.06235,380.09415,72.351715,280.93628,388.90405,-16.266806,269.56177,389.14862,-15.916125,315.8579,424.23068,71.78227,233.99748,426.29462,97.64324,356.35645,458.2818,-94.56575,187.63217,446.90634,-87.71215,302.61127,454.10733,-253.93576,246.03488,456.1414,-284.82278,288.64404,454.58163,-296.4188,261.57632,459.86804,-327.8711,284.20667,452.11264,-280.60123,264.8564,458.7081,-313.1655,287.92175,451.6046,-251.52138,261.6547,458.09943,-283.33038,300.5539,558.10187,-24.76927,247.85736,557.84106,24.767431,310.82175,660.5443,-96.97439,223.11572,661.2015,-19.45245,337.6685,774.8076,-48.57825,196.76173,772.7623,15.990694,332.486,789.16376,-51.11493,204.51308,788.34467,11.727361,344.28928,799.96655,-174.80515,170.40828,794.49335,-103.127846
br_up
IMG_20241017_130131.jpg,br_up,1784.4327,1122.1606,-1412.4547,1813.1365,1061.4452,-1292.7799,1827.0975,1063.2793,-1292.9854,1842.7396,1065.4974,-1293.2426,1749.1686,1056.3495,-1313.2219,1722.3936,1055.1187,-1313.3817,1697.5824,1054.4185,-1313.0432,1866.4062,1093.6232,-617.3716,1649.2753,1087.4664,-712.99,1811.545,1187.2561,-1160.0712,1729.4816,1186.7898,-1187.6102,2017.1498,1387.3549,-308.2483,1463.8782,1415.5309,-403.49588,2184.8013,1676.6282,-533.05066,1232.9396,1754.7795,-814.0621,2102.4421,1926.2703,-1533.0691,1431.2095,1944.7719,-1757.522,2094.3352,2035.8796,-1818.4103,1458.4586,2040.3304,-2009.7576,2036.2352,2018.9944,-1919.0273,1509.4388,2006.2964,-2052.7952,2021.6329,1985.8287,-1594.798,1512.8309,1967.9467,-1788.76,1894.6549,2199.7886,35.883343,1540.6333,2212.3213,-35.95878,2183.2717,2597.0122,-1044.9487,1263.6815,2672.258,-667.515,2277.9182,3119.3218,288.36276,1100.4921,3157.8818,403.05017,2214.2058,3197.2454,389.73404,1140.8865,3223.765,476.85617,2461.6562,3345.6572,-208.9493,993.1274,3390.7637,-180.98022
br_up
IMG_20241017_130133.jpg,br_up,1820.8784,1103.6033,-1349.0269,1835.7938,1050.4531,-1221.1593,1846.7076,1052.7563,-1221.3932,1861.3394,1055.956,-1221.6708,1783.5029,1044.5923,-1247.3312,1758.7953,1043.5614,-1247.5221,1733.2844,1044.401,-1247.2805,1873.0781,1089.8221,-546.90985,1671.5183,1081.495,-665.51086,1839.8306,1167.2511,-1101.979,1769.059,1165.4662,-1136.1385,2024.0516,1394.7721,-272.85785,1477.3837,1420.9111,-376.23282,2181.729,1697.908,-500.22433,1232.0697,1743.5276,-802.6521,2122.93,1936.3457,-1496.6882,1395.9285,1946.6393,-1774.4397,2117.7136,2043.9005,-1784.0178,1417.9551,2051.616,-2036.1024,2052.789,2020.3812,-1894.516,1466.9811,2017.2229,-2091.597,2033.8483,1985.6575,-1564.5924,1470.4037,1978.9618,-1814.3385,1896.5956,2213.3003,32.927353,1547.8145,2214.9358,-32.664677,2177.2708,2647.298,-932.1719,1251.6705,2678.9792,-753.4274,2269.5752,3121.3765,405.8026,1085.7423,3163.8523,318.5204,2206.0945,3202.134,503.90598,1126.2358,3235.7888,388.57306,2452.8384,3353.2676,-89.39509,964.39417,3397.9297,-288.40393
br_up
IMG_20241017_130134.jpg,br_up,1867.5333,1087.1052,-1389.1102,1870.3505,1030.9945,-1266.8197,1880.3551,1031.8119,-1267.0322,1891.1562,1032.7723,-1267.3762,1830.5884,1029.3027,-1306.8029,1809.1954,1029.3357,-1307.0013,1781.3174,1029.6913,-1306.7438,1874.0752,1057.0045,-618.9972,1699.664,1058.5507,-801.5625,1879.3257,1153.7103,-1150.488,1825.2587,1153.2186,-1203.4781,2017.7783,1381.6298,-331.48148,1467.0461,1409.1666,-529.6731,2222.0806,1668.1035,-500.1178,1228.9323,1744.8011,-854.967,2187.4856,1931.3531,-1456.3025,1395.4382,1960.6348,-1658.8644,2184.7344,2038.7961,-1721.1752,1412.7253,2058.9414,-1888.1473,2120.8074,2018.3721,-1825.807,1472.089,2026.0177,-1952.6941,2100.2527,1982.1044,-1518.2179,1477.2463,1991.965,-1696.1359,1893.3441,2203.7751,54.418316,1545.5189,2222.5413,-54.620266,2182.5847,2615.7053,-955.11646,1258.2223,2705.669,-566.31506,2275.205,3124.5994,298.7804,1105.3076,3166.1797,434.15057,2217.664,3205.9885,394.0872,1141.065,3230.0103,500.28677,2461.6934,3351.0813,-159.50085,998.62036,3407.172,-111.60505
br_up
IMG_20241017_130135.jpg,br_up,1814.8779,1016.3722,-1281.7429,1819.231,957.981,-1160.1378,1829.3351,958.994,-1160.3893,1841.716,960.2207,-1160.5231,1775.207,957.10266,-1191.179,1749.7383,958.5711,-1191.3146,1721.7145,962.49054,-1191.0507,1832.792,989.32275,-526.9235,1649.0256,1001.9431,-669.2559,1831.452,1085.8951,-1050.2975,1772.1512,1085.2078,-1091.2969,1997.6106,1331.3513,-321.24097,1438.5345,1385.2391,-397.92175,2147.732,1672.4313,-544.04,1230.8541,1733.36,-760.4618,2115.2852,1967.6262,-1502.6447,1367.3168,1991.7847,-1646.9744,2123.0447,2102.121,-1770.1011,1376.2595,2121.8962,-1887.9762,2050.0547,2087.6792,-1883.8895,1440.9034,2086.6692,-1958.9077,2027.3636,2049.149,-1567.1761,1455.7605,2048.2825,-1690.716,1874.6322,2202.0244,19.36835,1521.2444,2207.3296,-19.475489,2149.7954,2625.5283,-742.4913,1258.5592,2700.6123,-489.50873,2270.72,3125.6165,460.6699,1079.3374,3160.0151,528.42426,2221.6772,3202.939,547.12054,1111.0164,3220.3525,596.994,2448.171,3349.451,-37.501476,984.223,3392.441,-21.714611
br_up
