IMG_20241017_104240.jpg,abs_down,498.78012,2280.9546,-23.0049,455.7062,2277.2766,37.800835,454.79657,2278.2893,37.696335,453.50708,2279.8792,37.69263,449.04565,2286.331,-85.2958,443.57678,2294.31,-85.37764,437.0743,2304.3325,-85.658615,437.28345,2339.1262,371.2723,416.04907,2370.3062,-191.24844,530.1532,2305.0376,112.64928,523.4047,2318.3167,-50.571316,677.7059,2371.3552,667.717,520.1011,2578.9307,-410.80344,948.6522,2387.148,593.6441,768.0189,2743.07,-730.20123,1035.2483,2328.1636,-48.245094,929.2978,2469.0247,-927.31177,1086.9796,2322.6233,-174.62679,1001.63086,2435.246,-1035.8208,1042.939,2321.9014,-224.46387,979.9165,2398.3628,-1022.75183,1016.16907,2326.3582,-92.59366,957.7608,2402.7002,-913.05566,1214.2244,2482.3555,380.94864,1189.3274,2626.209,-380.8822,1675.1946,2402.3367,202.83183,1673.175,2545.6807,-536.38416,2074.2642,2506.7617,413.55255,2130.8955,2653.4539,-402.82318,2141.42,2565.3313,413.27957,2183.0837,2706.9065,-407.0014,2227.2388,2374.2969,139.90553,2279.608,2523.845,-778.21747
abs_down
IMG_20241017_104758.jpg,abs_down,448.5934,518.8878,-12.770475,457.47412,523.238,-31.992739,457.71927,524.76404,-31.998253,457.9876,526.38995,-32.079994,456.86444,521.81396,-4.7868924,456.68417,522.2876,-4.788443,456.5989,522.87555,-4.786511,455.74936,537.94806,-79.45831,454.7034,532.62665,43.66854,440.3372,524.89197,-27.437916,439.66895,522.63306,8.032128,425.04727,558.61194,-122.78191,411.00943,542.2117,113.23986,486.0549,543.05255,-122.69654,451.43777,520.24255,252.70116,482.63556,540.1181,61.841766,477.63428,530.8655,359.87262,487.62158,537.5348,66.84262,486.2157,535.51624,371.3745,478.41196,540.1759,71.55414,481.68082,536.23486,372.0323,476.7885,540.2513,66.63349,479.14264,534.9536,357.8406,275.1041,555.9374,-79.189926,276.22742,544.1381,79.08365,179.42506,546.84094,-67.29868,184.2527,543.30084,86.929596,88.500755,558.6754,-40.938328,92.373795,551.5157,119.82937,74.82378,567.375,-37.90911,78.42157,561.08105,121.26564,62.937695,541.9238,-80.023766,66.86511,522.83057,80.817
abs_down
IMG_20241017_105137.jpg,abs_down,460.34238,507.25055,-136.14828,468.09448,508.186,-134.88362,469.61197,509.95926,-134.91144,470.88675,511.40518,-134.9795,462.9919,502.68274,-126.258705,461.10367,500.72333,-126.233986,459.48264,498.8306,-126.23855,473.71826,515.1881,-99.96747,458.50558,498.79645,-59.12049,456.44507,514.2326,-120.56315,451.6546,507.94357,-108.86055,450.86148,530.7703,-80.057465,445.43567,508.6543,9.186699,428.30032,530.76855,-71.624794,427.00452,504.6217,39.546078,418.5422,516.0904,-32.04457,435.26483,500.398,25.18832,415.80063,513.0403,-34.349533,437.4186,499.04855,25.065617,417.05093,512.8766,-33.323288,438.0343,497.81564,18.755106,417.1648,514.05096,-30.110094,436.7177,499.2017,21.835804,378.29868,532.08545,-34.075466,379.27008,517.902,34.07611,322.41162,528.75,-35.253445,326.89877,525.8631,25.97954,275.38132,536.79425,3.6374974,276.8608,528.37756,67.949104,268.95404,540.7395,5.654003,268.3036,532.69305,70.96507,258.1003,528.8907,-33.349064,261.4704,514.34076,34.4853
abs_down
IMG_20241017_105629.jpg,abs_down,1527.6595,2149.395,1221.9087,1540.6165,2141.1873,1334.503,1547.364,2142.2234,1334.6125,1554.3021,2143.544,1334.2458,1525.4513,2140.7112,1326.2678,1521.2665,2142.1238,1326.2023,1516.9034,2143.81,1326.0969,1566.7112,2163.9272,1643.6626,1509.7754,2164.2783,1598.1448,1532.6765,2168.6853,1306.3411,1508.1887,2167.3416,1291.7933,1661.9951,2249.4631,1387.9265,1338.6001,2271.9324,1466.6019,1804.2766,2202.259,1012.3387,1160.7522,2282.9895,902.94385,1689.7028,2226.2656,963.9948,1298.9242,2103.4524,678.88385,1674.6504,2238.1333,906.33307,1327.2524,2062.8325,612.9852,1642.176,2238.1704,981.7012,1344.3127,2065.288,698.11053,1639.272,2237.7852,987.035,1343.0518,2082.591,697.44495,1621.1067,2440.1128,-24.224585,1456.6849,2478.0625,24.50754,1685.9688,2584.3506,-893.57996,1475.1412,2608.3755,-1188.4983,1695.0906,2851.6348,-2154.4736,1512.5253,2898.91,-2512.1035,1697.4094,2957.0488,-2305.8936,1546.0571,3010.4436,-2663.0757,1706.2057,2802.7798,-2513.204,1480.3546,2842.8054,-2899.0215
abs_down
IMG_20241017_105633.jpg,abs_down,455.2444,527.16705,-60.548397,467.22467,532.32324,-80.02366,467.5141,532.9868,-80.10665,467.75815,533.33185,-80.194855,467.56528,532.7424,-50.733963,468.09906,533.8052,-50.679882,468.60233,534.4551,-50.764477,467.7598,543.2935,-123.12168,468.3567,542.80426,5.96258,447.95663,533.52637,-72.8763,447.76648,531.9064,-35.286003,414.8674,562.7043,-193.92038,418.31616,550.8188,100.99698,347.98965,559.7816,-211.6455,358.50006,545.77374,137.42964,278.42407,557.7599,-164.23746,309.52643,542.4105,102.56166,262.12305,559.2784,-186.89273,296.29883,541.839,109.199,261.8792,557.2472,-183.73705,297.03354,539.4578,84.33137,269.26288,555.83734,-161.19449,301.28653,539.92865,90.65824,277.27237,559.6432,-88.47438,282.52948,551.1085,88.44708,174.05878,547.1714,-60.791645,177.5862,537.3567,137.1007,75.53004,559.6883,-9.767844,95.99043,542.3615,217.50711,58.889614,569.81226,-8.656689,84.42553,549.68097,222.59903,53.58147,531.0659,-78.06878,75.8027,510.33572,175.09256
abs_down
IMG_20241017_110115.jpg,abs_down,462.47778,535.4083,3.0814764,471.9158,543.8809,-12.284623,471.53326,546.2562,-12.244119,471.21234,548.6349,-12.241214,473.06873,540.9385,16.464197,473.4541,541.1825,16.426594,473.97726,541.45026,16.376888,464.25198,562.92224,-49.68046,467.10083,557.23755,79.55005,449.27216,539.04205,-9.742275,450.3257,535.73883,27.587286,410.67902,574.56573,-131.35909,399.97787,548.93475,172.147,399.9434,480.3901,-150.00124,387.96964,466.90988,211.00873,480.2114,495.23444,-42.15022,463.52008,484.94888,180.30063,498.61734,497.24698,-55.526104,481.46924,487.83325,174.20128,501.07803,509.35382,-57.172672,483.0861,498.02893,178.97906,493.1986,509.9121,-40.334515,476.97116,499.51907,176.02,220.41939,557.74524,-94.15023,227.88612,530.9571,94.18941,121.97375,457.1416,-150.57352,140.19966,449.38098,86.9188,65.76201,580.4228,-49.22383,78.64879,559.0299,145.07906,73.48715,602.1598,-37.857456,86.88494,582.14404,149.88441,-0.94318986,605.1395,-38.117966,30.589468,569.0022,146.19327
abs_down
IMG_20241017_110116.jpg,abs_down,462.4352,535.50793,-17.573406,471.7144,542.63513,-34.97277,471.47403,544.46484,-34.910427,471.2541,546.4406,-34.90533,472.6101,539.9404,-5.5502806,472.9673,539.8567,-5.589475,473.42392,539.76404,-5.6302257,465.47885,558.965,-76.49214,468.2908,552.19116,55.96024,449.95312,538.4693,-31.261625,450.99567,535.1893,7.0080733,408.6412,569.78815,-151.59357,405.66888,551.59686,153.45142,405.0212,478.65485,-166.0753,396.21484,474.282,173.33678,483.54428,498.78217,-51.227413,469.947,490.27368,124.15841,506.93802,504.33054,-65.85937,493.1373,498.02747,114.803116,509.08234,514.15875,-66.532104,493.37646,504.00366,124.41949,498.06677,513.33954,-49.41971,483.35666,503.652,121.1964,221.56757,559.7934,-95.300186,230.45755,535.1851,95.31856,121.917244,460.45175,-132.9977,144.46336,452.39276,101.53088,65.275345,579.9771,-37.721657,84.53303,566.6212,155.5109,82.04612,604.7541,-27.231956,94.03444,587.2444,158.90549,9.53055,610.4796,-24.10799,32.31906,594.07367,156.07481
abs_down
IMG_20241017_110424.jpg,abs_down,2539.744,1185.8833,-1234.8859,2552.2974,1156.2631,-1218.2192,2560.6885,1154.6185,-1218.1697,2567.745,1152.9751,-1218.2975,2525.3955,1156.61,-1225.5671,2515.1284,1155.1206,-1225.7266,2505.2458,1153.7106,-1225.7255,2575.8423,1148.6115,-895.8334,2486.407,1152.8939,-925.0252,2553.7734,1205.6633,-1091.8906,2521.1902,1204.3153,-1101.1775,2657.5933,1254.27,-569.6665,2408.0103,1272.8457,-573.75793,2679.5808,1432.7549,-339.4884,2369.9136,1452.9397,-373.29395,2690.3542,1596.6741,-559.4457,2370.5269,1614.2395,-533.81635,2701.4907,1651.0906,-633.14294,2363.8032,1670.2653,-605.0612,2689.8389,1651.2332,-737.54236,2379.821,1669.1337,-703.8156,2678.8242,1632.505,-603.7245,2385.8352,1648.9019,-575.93884,2594.0063,1650.2279,-15.200748,2441.6445,1655.2412,15.071125,2644.0317,1899.4769,17.278992,2367.5981,1890.7821,152.55685,2687.3845,2104.133,569.00604,2290.3008,2080.7405,725.1454,2677.1682,2124.5437,605.2146,2308.7913,2107.7869,766.7101,2688.2336,2201.1377,252.49469,2217.402,2152.359,448.86438
abs_down
IMG_20241017_110425.jpg,abs_down,486.02148,533.26166,-24.645296,496.46255,537.43567,-46.90023,496.8149,539.792,-46.849174,497.25726,542.41675,-46.89219,496.4666,535.9303,-20.304207,496.72223,537.05023,-20.328503,497.0735,538.2537,-20.396702,494.38318,561.2383,-87.60893,494.2138,553.89124,32.872593,475.66623,543.255,-36.918007,475.5501,540.8402,-2.2395713,445.2731,587.82336,-124.17925,432.17883,563.86145,114.81409,538.2936,572.248,-138.82106,450.35626,548.72156,285.10007,530.618,572.5535,81.89349,460.54214,565.994,432.11597,534.3538,568.8474,96.92361,463.88416,569.21094,437.00742,523.1321,572.94867,101.53863,458.26352,576.6978,450.96533,519.40814,575.18634,88.10835,458.12296,576.4496,435.62274,237.49379,581.766,-85.77039,245.14201,556.5272,85.41958,139.14873,463.9872,-96.65577,158.0274,459.57938,115.786606,69.34605,580.85864,-16.314083,90.82972,564.1021,162.63863,74.0505,608.4532,-4.136244,101.43907,588.32996,165.09698,10.729588,586.3799,19.503374,35.590607,572.3317,173.20549
abs_down
IMG_20241017_110426.jpg,abs_down,488.55402,537.69666,-17.799677,498.33643,543.07697,-35.9379,498.4709,545.766,-35.86112,498.71686,548.687,-35.9295,498.40344,540.9135,-12.145499,498.4781,541.8366,-12.166667,498.67908,542.90063,-12.203485,493.90726,565.1734,-67.57916,494.18085,556.77875,40.453808,476.53806,547.48645,-28.184774,476.6383,544.3236,2.6679938,443.2041,588.7438,-110.30734,431.13943,562.65076,122.074196,533.92346,573.0708,-112.03377,495.68253,529.4073,273.58478,527.0694,578.43976,132.89279,530.3025,566.155,411.3653,529.89404,576.26733,151.3719,538.7075,573.4191,412.1501,519.87305,580.83325,158.8976,531.26733,585.1452,433.17886,516.71185,581.98566,141.00414,529.6825,583.75903,416.02576,237.08998,582.2655,-86.43771,244.33461,558.3754,86.028725,138.63095,461.30615,-98.47653,155.17052,460.7337,110.633156,66.753654,577.3468,-26.412727,86.407295,556.8643,146.93098,71.65196,604.96954,-14.4608135,84.88324,585.97516,148.22873,9.957987,585.76886,12.755609,30.644434,574.4093,157.18886
abs_down
IMG_20241017_110427.jpg,abs_down,483.72006,535.2327,-24.4105,493.9893,539.3819,-44.28861,494.2057,541.6397,-44.217335,494.52316,544.2129,-44.27127,494.29883,538.2138,-20.741377,494.61713,539.3695,-20.76174,495.03174,540.6643,-20.82328,491.2799,562.04126,-79.84554,491.81543,555.8479,26.856474,472.8832,544.6608,-35.744755,472.81863,542.8375,-5.164094,441.47556,587.0367,-115.63155,428.97714,563.06647,103.32126,523.28467,570.7194,-123.50136,471.33923,535.27496,250.45534,527.45056,576.48,94.90236,516.0803,564.93604,373.32846,531.6463,573.90515,111.92093,521.07355,569.68756,370.38028,522.62445,578.23737,116.539505,502.5041,574.07935,388.69055,519.26605,579.632,101.38163,501.0077,573.7969,376.72656,235.18317,582.55066,-83.24503,242.93672,559.65564,82.83851,138.71924,463.66846,-90.73239,157.46999,459.37976,100.464905,69.19373,580.3134,-27.42246,94.41284,558.5343,150.79585,72.64114,607.47174,-16.341492,98.90156,588.2585,153.26634,8.75802,588.6744,6.8952956,35.275322,575.8959,164.18655
abs_down
IMG_20241017_111704.jpg,abs_down,125.12922,614.24506,-43.596966,115.19598,616.74445,-34.21104,114.72804,617.4784,-34.218006,114.20025,618.3275,-34.175217,113.33723,619.4195,-61.95953,111.63609,622.0024,-61.919907,109.945305,624.65674,-61.885586,112.24932,631.5923,21.604832,109.03074,637.2904,-106.7185,131.56221,620.2086,-19.165512,129.41853,623.2894,-56.5813,147.45352,640.7638,76.951096,134.90993,666.23364,-152.75012,82.80355,625.1275,123.534256,68.80492,642.6515,-250.9959,18.465096,604.34875,17.012348,-1.1135101,622.52264,-250.26709,9.962636,602.2178,-3.3534608,-25.119192,628.5297,-271.5511,8.175802,605.7495,-18.266356,-18.166119,621.5896,-264.51944,11.586624,607.30286,3.78881,-11.118955,620.73627,-246.98845,295.26962,644.23914,80.03941,296.21265,663.14166,-80.06788,388.41498,661.8021,87.94147,397.4998,669.6196,-83.725136,488.66522,676.35895,118.81915,505.82486,675.6986,-54.006145,505.11142,687.6695,117.488914,520.9883,687.69476,-56.498165,524.86084,653.3222,70.87043,550.4228,642.941,-136.38779
abs_down
IMG_20241017_111705.jpg,abs_down,102.68539,628.5655,-39.6073,92.54424,633.575,-31.333172,92.42983,634.4697,-31.356825,92.23548,635.538,-31.327892,92.033295,636.47064,-58.748074,91.71982,638.9625,-58.705288,91.30574,641.445,-58.656555,95.24578,649.1648,20.515898,94.62816,654.20917,-106.4002,111.51964,631.6022,-16.270943,109.625565,635.2804,-53.140545,135.6122,648.31287,74.26028,132.43669,669.49475,-151.3938,75.08292,634.6032,107.64374,67.04081,646.7628,-231.83606,11.130148,620.06696,0.46103963,-1.1605203,627.97235,-196.55475,2.530539,617.305,-20.910866,-21.64446,624.65405,-211.36552,0.6134391,622.5533,-30.096626,-23.493826,627.5937,-207.40492,4.1227875,624.01483,-10.338106,-10.840166,629.0338,-193.29474,293.23297,645.6465,77.77133,296.53107,662.7608,-77.837234,388.8164,661.8393,109.77129,400.21716,670.69305,-55.533165,488.63632,673.5662,152.34668,505.3696,673.9373,-3.4633896,501.9942,685.47986,152.81702,518.7153,685.78876,-3.2754252,526.3179,647.12134,108.84951,550.1101,641.0322,-79.03442
abs_down
IMG_20241017_111706.jpg,abs_down,109.93545,622.1095,-22.292807,100.71727,625.44653,-13.388223,100.61948,626.18915,-13.39842,100.43496,627.16327,-13.365008,99.57726,628.4386,-43.28692,98.846855,631.24554,-43.237583,98.15901,634.1689,-43.18516,101.911674,641.71106,38.69464,100.55367,647.6299,-99.05147,118.47718,626.0211,1.1279984,116.67724,629.50354,-38.87977,141.28653,643.8888,99.866035,134.37196,666.37286,-154.99315,84.09067,630.33215,157.12355,72.97043,643.5849,-253.5763,23.766554,605.71954,54.923157,7.5313034,613.91113,-241.74402,16.095615,603.40344,36.454544,-18.453348,611.54663,-263.888,16.050142,605.3479,18.344688,-11.04623,614.5791,-254.61311,18.593628,606.6828,40.484386,-2.5479376,614.48376,-237.34589,295.1905,642.8455,83.84021,297.38318,661.4481,-83.90399,393.3753,662.6741,109.51866,400.7733,670.9299,-65.18198,493.3464,674.24023,158.2106,505.37006,674.2305,-19.3471,505.28033,685.28143,159.13808,518.9058,685.3755,-19.755392,528.44244,651.96075,114.62799,550.24774,644.0387,-97.14847
abs_down
IMG_20241017_112717.jpg,abs_down,421.12656,545.3863,3.483226,431.49628,546.0925,-16.679895,432.20416,546.53827,-16.605951,433.02795,546.96515,-16.592709,432.0147,546.76556,8.31528,433.03488,547.82465,8.3441305,434.11618,548.9348,8.329152,437.2794,556.6667,-63.31269,436.52252,559.3221,50.80982,416.1956,551.0669,-11.737638,416.34787,551.3692,21.055807,408.02914,589.64374,-112.433876,401.90775,577.9961,117.7769,438.56277,549.8476,-142.04172,418.28464,540.5772,253.49525,443.15347,582.4339,-23.760103,429.06546,573.9708,363.062,445.96146,586.87537,-28.03997,434.30124,579.7093,372.2487,440.8292,588.9552,-27.04232,430.37817,582.49634,379.61826,438.90048,587.0041,-22.218506,428.63022,580.91565,364.27457,254.81978,595.16437,-85.28329,261.78796,578.31494,85.115074,175.2741,515.93274,-112.05384,191.06271,509.65576,65.79045,112.78385,594.0823,-62.026516,141.51389,585.12494,121.70623,127.0374,612.23566,-54.53673,151.53922,603.08417,124.833885,61.016483,603.79315,-53.09021,104.15912,596.33716,120.981514
abs_down
IMG_20241017_112718.jpg,abs_down,415.85223,537.3229,6.766913,424.64932,538.276,-13.821356,425.51614,539.00134,-13.755168,426.51486,539.7752,-13.752144,425.0294,538.607,11.683946,426.09616,539.6141,11.726173,427.28992,540.7519,11.703243,432.81555,551.2126,-63.310345,431.60355,551.9013,53.135464,412.45486,542.9732,-9.3564825,412.16898,543.35297,24.069841,409.0103,590.4686,-111.09357,401.54245,575.2793,119.54229,439.95007,548.788,-146.1757,416.66684,537.05066,255.62637,444.29517,582.69,-30.227839,430.13657,572.6176,358.4265,446.39484,585.94385,-34.070145,435.3851,578.01526,367.8726,440.85052,587.05664,-30.987883,430.68896,580.80096,375.1202,439.3151,586.03503,-27.766075,429.26532,579.39856,359.52225,252.63904,591.5109,-84.524185,260.107,574.64624,84.325645,175.08975,511.23505,-102.521835,190.68025,505.40262,75.38588,111.30504,591.8209,-68.23873,149.23753,583.4997,118.66583,120.204926,609.55054,-62.294388,156.60345,597.5849,120.41524,60.100025,603.4735,-63.07636,106.73189,592.56647,114.64495
abs_down
IMG_20241017_112719.jpg,abs_down,418.3213,538.4477,11.456322,427.70706,540.65753,-9.437928,428.4872,541.5549,-9.362056,429.39822,542.52405,-9.351092,428.01053,540.7848,16.662436,428.96402,541.7931,16.698307,430.04114,542.919,16.665197,435.30127,554.67084,-62.703167,434.07562,554.97253,56.74165,413.95596,543.8867,-6.128419,413.74597,543.8951,28.194046,411.2953,588.5441,-114.45207,403.75925,577.3296,125.60186,444.0151,543.7384,-146.51834,418.7094,537.49817,275.53296,445.1121,581.1616,-15.067608,432.75482,571.40576,395.76608,448.02594,585.5132,-16.151712,438.0774,577.4356,410.56613,441.71356,587.14215,-12.536519,433.98163,580.3202,417.7253,439.93692,585.8416,-11.954731,431.9728,578.23444,397.42905,254.99455,593.125,-88.07598,261.74286,575.34515,87.87465,177.17607,511.49454,-96.83215,190.90733,505.01074,81.99423,116.02639,591.606,-61.63352,146.43088,583.36694,129.11975,128.04033,608.64154,-56.13359,154.4545,600.85596,130.69514,62.200462,600.70337,-59.42238,107.056496,595.6359,124.407326
abs_down
IMG_20241017_113036.jpg,abs_down,482.91495,581.2143,-22.026537,491.8767,586.2535,-38.712303,492.01233,587.49023,-38.669895,492.078,588.68353,-38.703266,491.66898,585.5954,-17.505201,491.69827,586.3304,-17.466482,491.68918,587.0191,-17.459923,486.67203,598.7493,-71.8736,486.19952,595.6279,24.702284,473.95428,584.2368,-31.314161,473.21204,583.50385,-3.5463533,448.74216,615.23285,-108.61293,439.86035,593.95935,94.23474,517.03375,586.4387,-103.8263,484.89346,564.7392,214.99191,502.00806,614.89386,65.76754,490.98407,603.2401,307.9042,500.62323,619.95734,74.04166,502.56265,613.5423,310.25513,494.26868,620.1467,70.58776,496.81943,618.84515,316.2808,493.2293,618.63947,67.19605,496.16803,615.8381,307.2727,289.5182,607.91437,-73.82899,288.49042,591.8767,73.648415,186.68643,588.8484,-89.16503,188.14809,578.2405,47.553055,79.000626,604.42126,-101.70948,85.42569,599.1414,32.88546,61.616062,619.0723,-103.78359,68.687454,612.0622,27.918322,45.018356,569.83307,-155.26868,50.410168,566.40015,-8.005459
abs_down
IMG_20241017_113037.jpg,abs_down,480.17355,577.5692,-22.614977,489.81406,582.0904,-39.533855,489.95343,583.3968,-39.503315,490.14288,584.7155,-39.543804,489.9222,581.55566,-17.744894,490.07077,582.4597,-17.741953,490.2478,583.3799,-17.754395,485.40295,595.92084,-71.59283,485.33057,592.8761,27.232803,469.87817,581.6253,-31.474735,469.53607,580.99084,-3.0341005,446.92175,616.2187,-102.21254,437.1862,592.40063,94.82294,508.12488,589.95886,-98.87635,475.9639,562.981,220.785,496.451,610.65796,75.046616,487.95056,601.22705,316.74997,492.48004,616.1868,86.6983,493.58688,606.76514,318.65976,488.13644,617.1404,82.90647,485.60284,608.9481,324.54474,485.69766,615.34125,76.78877,487.22598,609.4039,316.24097,288.5254,607.93884,-72.86252,288.25168,592.0422,72.6837,185.56755,588.93353,-92.50311,188.77351,581.7735,33.97196,77.87184,605.698,-108.3179,82.55805,601.8004,14.805851,61.95631,619.7991,-110.42127,64.71743,614.5959,9.298071,47.47487,568.11084,-158.56151,50.278347,567.4735,-27.920494
abs_down
IMG_20241017_113038.jpg,abs_down,480.52054,580.5891,-31.880688,490.6411,585.22675,-48.681015,490.7564,586.63403,-48.642937,490.88516,588.0392,-48.68799,490.57733,584.58234,-27.842934,490.60007,585.4835,-27.823874,490.6244,586.372,-27.842983,485.62738,599.1493,-76.73941,485.3689,595.8543,18.058126,470.3503,584.88696,-38.950718,469.73682,584.1873,-11.597357,449.69238,618.47455,-102.20823,438.8129,594.9338,90.35459,510.33444,589.7956,-100.379616,473.7427,564.3552,215.34583,496.4438,614.38336,76.55113,485.77258,603.36926,303.63528,495.43555,619.7988,90.32563,492.0277,613.20734,306.2909,488.57224,620.23303,87.601746,483.18213,610.8381,313.24304,487.2744,618.3499,78.93734,486.05496,616.0711,303.81146,290.02875,612.30536,-72.4696,288.41373,594.7047,72.276276,189.82841,593.45233,-92.92304,190.22433,578.00543,47.585804,80.31215,610.0308,-107.34331,83.54035,602.65295,28.579514,60.96055,626.1029,-109.50202,66.51004,616.09143,22.880878,46.369244,569.9267,-153.92294,51.52377,563.9342,-6.715981
abs_down
IMG_20241017_113608.jpg,abs_down,326.825,280.4504,410.6642,328.60913,277.24338,445.2877,331.01468,277.83682,445.49274,333.19907,278.37323,445.44354,320.20493,276.507,444.82114,316.8014,276.88205,444.7513,313.74088,277.6648,444.80844,336.89978,284.72968,533.56976,307.21832,286.95316,529.0152,332.30423,289.3416,433.2367,322.86502,289.4164,431.47476,359.81094,317.5886,488.82645,286.40884,320.55267,495.51382,375.06912,267.55658,477.17194,258.30807,278.384,507.2768,344.72592,289.40274,626.4132,294.92203,296.7247,666.6531,336.20715,290.48242,643.2593,305.43484,298.4377,684.2572,333.64993,292.61588,660.93536,306.1092,300.55737,702.9706,336.28525,292.77374,634.1046,302.63797,300.45956,674.2702,352.8767,371.16397,-4.0139656,298.4887,371.95288,4.022629,344.94254,423.8414,-274.5424,288.57794,430.17136,-286.15372,352.3683,502.51007,-583.52203,291.25244,515.0123,-577.7236,345.089,533.6669,-624.688,299.97418,538.45306,-618.39667,364.26932,502.122,-699.98737,277.13196,516.37427,-699.1524
abs_down
IMG_20241017_113609.jpg,abs_down,475.8721,530.2785,48.282864,484.19888,532.8553,39.28747,485.13214,535.2597,39.323254,486.26105,537.78455,39.2702,482.85336,528.3622,61.589573,482.7003,527.4851,61.639877,482.63495,526.6516,61.62516,489.09195,548.50085,32.16126,483.71887,533.9949,136.6841,470.56732,538.8857,48.541336,468.61145,531.7293,78.57434,474.555,578.31824,14.929701,439.04254,548.63055,182.49924,506.84918,532.35474,43.819977,418.4943,517.96814,250.21025,493.2443,533.61487,245.24739,469.3418,542.83435,312.47223,494.6914,530.5957,269.3661,481.01758,550.2691,314.06195,484.98288,540.1891,263.85117,479.94696,551.27124,336.22882,482.35904,540.4088,246.86931,476.26584,548.5481,319.38913,318.909,581.08124,-72.70727,313.86,567.2533,72.462585,204.69342,577.21204,-102.20044,198.50336,579.0112,29.112955,81.93549,583.2231,-153.9695,80.03789,582.0008,-21.035597,65.66411,596.07745,-158.67964,63.67037,594.15045,-27.325237,45.66146,542.3912,-214.55792,44.82919,543.28564,-73.11131
abs_down
IMG_20241017_113610.jpg,abs_down,468.07092,538.74066,98.67881,479.11838,538.8457,82.57361,480.5008,539.7145,82.611305,481.85507,540.5532,82.55426,477.77942,538.387,104.7122,478.2345,538.88696,104.78739,478.55383,539.41656,104.750404,486.6822,548.1287,43.53647,479.18652,546.7091,144.66264,464.9472,544.5779,88.88633,463.62592,543.17523,117.98672,478.92294,571.7251,-5.5971518,447.7736,561.9626,202.39914,498.21024,511.6323,9.987486,448.73248,524.2859,310.44614,495.31186,546.67303,150.04808,476.4359,539.52844,386.43875,497.5756,547.27155,164.84393,483.52866,548.0963,401.38385,489.13007,556.2658,155.53696,482.8467,549.2737,409.0699,485.75244,554.2658,150.27031,480.05283,545.91296,389.16605,331.71008,573.34076,-74.61546,327.26874,570.7438,74.42515,209.6653,574.1373,-95.3815,206.80403,578.8028,2.7839122,84.67646,580.7538,-151.7026,81.66162,579.4903,-41.714054,76.85675,587.98126,-156.61278,75.48786,586.5336,-47.902092,57.981064,548.92053,-204.81638,65.67523,526.77167,-96.20072
abs_down
IMG_20241017_113612.jpg,abs_down,470.28708,537.2345,99.753914,480.7326,536.8873,82.64899,481.99084,537.48376,82.65766,483.22296,538.0243,82.601875,479.64774,537.0565,104.3306,480.17825,537.72174,104.401184,480.58096,538.40594,104.34825,488.11816,545.2241,40.18543,481.28134,545.856,139.53033,467.37964,542.8518,89.03386,466.43658,542.10706,117.63975,480.8402,567.9568,-8.973445,453.75238,562.21136,192.32045,499.6413,507.26767,1.7118618,452.08444,527.85547,301.7508,490.60336,537.359,133.09445,476.05658,543.0752,376.4338,492.8789,545.88605,145.87712,480.3965,549.81616,391.15704,484.6749,554.5836,135.57544,479.6663,550.4926,394.45453,481.55472,552.1514,132.70091,477.7399,547.67444,377.7974,331.3614,572.00006,-75.22858,327.53162,570.25854,75.01125,209.78719,574.00037,-98.21864,203.30229,578.4889,0.49934915,77.54929,580.20276,-159.66557,76.47155,579.59106,-48.72806,66.96709,591.3419,-165.50258,65.672745,590.01465,-55.73937,59.059166,536.6557,-214.52051,57.981598,536.23645,-101.9309
abs_down
IMG_20241017_113614.jpg,abs_down,471.466,538.9671,92.36336,481.79443,537.84033,74.2145,482.74292,538.11786,74.22805,483.65152,538.31384,74.18312,481.03787,538.265,95.92104,481.48795,538.7664,95.989006,481.84534,539.2248,95.95685,487.03564,543.79974,29.062586,483.16003,546.34344,126.97589,467.48196,543.3043,80.64845,467.04495,543.2229,108.90121,473.20963,558.62067,-25.84314,452.07394,565.20746,183.80313,491.93997,507.86456,-19.718895,453.92776,528.5233,286.0702,490.30643,532.7322,95.06363,477.7771,539.6243,363.65308,495.39246,541.61255,101.70516,483.47437,545.0678,379.96362,489.4187,550.31665,93.66537,482.59665,545.2322,382.71826,485.49973,548.00934,94.89366,480.10718,542.4794,364.66605,333.42313,573.0165,-71.99664,330.66016,570.3936,71.851204,216.0621,573.1635,-90.54041,211.42134,576.3718,9.490096,95.28719,581.88904,-138.27676,91.47372,580.2888,-24.749073,88.577736,586.7934,-142.8728,86.51635,582.88824,-29.856384,69.32396,552.49536,-187.72575,80.187675,533.11255,-75.26644
abs_down
IMG_20241017_114102.jpg,abs_down,366.85602,356.04678,371.50177,368.86505,356.40793,387.37326,370.22513,356.85583,387.42505,371.7784,357.33365,387.3646,366.2506,356.21198,383.45877,365.5799,356.49307,383.38376,364.66864,356.54547,383.25153,374.47397,362.42548,394.92734,363.76785,361.5182,376.6725,367.54886,358.79727,368.25394,364.70755,358.9359,362.39594,386.441,372.9888,321.981,345.5669,371.16162,301.63525,397.93417,367.87036,332.94382,334.16443,393.83688,281.58194,392.67944,373.377,409.0955,334.21143,416.69434,329.16086,390.60623,373.66727,422.5949,334.56427,422.96057,344.52408,387.24908,372.90662,436.08276,336.07687,423.08734,342.39575,386.5979,372.03098,414.90512,337.05038,420.09393,329.80048,380.87793,395.3527,6.37339,353.79388,396.61914,-6.442653,395.42862,425.37073,-204.60498,359.2145,433.00464,-234.73537,399.1592,490.74796,-398.44836,354.268,491.50308,-424.41968,396.57178,512.73065,-422.74988,357.65793,509.85266,-446.0654,388.84747,504.88547,-481.799,353.32858,506.07214,-509.73953
abs_down
IMG_20241017_114106.jpg,abs_down,438.09766,546.1079,10.155909,447.98328,548.4982,-10.405119,448.17038,549.2962,-10.376448,448.22165,550.08826,-10.428386,448.07513,548.94324,15.295301,448.3395,550.05304,15.315114,448.46872,551.1149,15.332575,444.1692,560.0072,-59.720547,444.13696,558.88153,56.505276,429.44388,551.9495,-4.529357,428.8138,551.31494,28.916992,400.6474,585.72205,-109.45425,389.1064,563.51,123.5346,463.41583,548.7731,-109.39206,429.5808,538.7523,242.4223,460.23572,582.69366,39.667934,454.40842,570.68774,337.1149,458.286,587.63763,40.084335,457.65768,579.7216,339.87732,453.2979,589.4095,37.095596,452.08154,582.55994,344.06802,452.1046,588.6952,40.663574,449.6833,580.56586,335.86945,226.66524,578.87537,-81.48558,226.8966,571.50055,81.32213,103.87242,565.5708,-77.85498,105.474434,566.9042,54.93278,-14.205229,593.53845,-84.59336,-3.3290505,592.0315,59.98692,-18.397951,604.91516,-85.500626,-18.263643,603.9197,57.158768,-53.399868,574.86145,-146.47107,-39.51947,561.68494,3.8217273
abs_down
IMG_20241017_114107.jpg,abs_down,436.11017,545.06805,15.257362,444.2457,546.526,-6.688408,444.23108,547.12317,-6.6779094,444.13855,547.67523,-6.7385583,445.11545,547.67035,20.542328,445.7931,549.20715,20.574368,446.3997,550.6045,20.576584,441.6132,557.32654,-60.27517,443.90292,559.10986,62.219925,428.5136,551.22095,-0.9486647,429.05252,551.8834,34.312256,398.47784,581.2985,-111.978195,394.73386,569.57446,126.72688,452.24533,556.2114,-119.44954,434.38867,549.32886,245.4295,451.05237,576.4244,24.232622,457.89658,583.3632,337.06104,452.03738,587.2476,21.20138,463.23108,590.1026,340.10742,445.98267,589.71857,19.716715,454.6407,591.9766,339.8638,444.49838,588.84033,25.606165,452.5577,589.9687,334.1121,222.81036,578.35675,-82.44417,223.2943,572.78064,82.37433,103.26164,566.9753,-81.48828,104.9031,567.2285,61.453503,0.66343546,595.1265,-76.319695,3.5548747,594.825,70.743256,-19.572044,617.4573,-74.720024,-20.318573,603.2897,68.958466,-58.84577,584.8542,-117.72034,-46.60347,568.1024,19.972168
abs_down
IMG_20241017_114619.jpg,abs_down,2174.7603,2534.121,146.5292,2219.457,2526.1213,72.98622,2225.4856,2530.3787,73.107475,2232.7979,2534.5964,72.93288,2217.369,2524.092,199.77585,2221.1191,2527.0662,200.10553,2225.713,2529.74,200.10443,2277.221,2586.6355,-120.21136,2256.867,2568.183,454.10043,2163.3264,2572.611,85.547264,2159.8357,2571.6052,251.6498,2195.3137,2786.9065,-343.7756,2090.2295,2663.94,707.1386,1974.3479,2495.5796,-291.61096,1917.9905,2434.7349,902.5848,2240.9438,2507.9302,260.5098,2186.871,2472.522,861.68933,2300.6577,2510.405,289.88443,2258.6711,2471.9348,850.1148,2315.27,2553.7734,229.6532,2266.4888,2498.13,898.3716,2297.0317,2555.806,256.10928,2241.5981,2506.5437,868.6464,1531.6837,2848.8025,-371.93387,1500.3785,2758.6292,371.97955,1052.6812,2697.0347,-470.22986,1041.4491,2633.0217,284.81668,569.6995,2853.2454,-496.00436,580.4438,2804.9817,285.1644,523.71515,2940.191,-495.2589,525.72003,2882.4365,264.00345,326.4101,2783.9866,-701.561,356.62946,2701.6926,63.212868
abs_down
IMG_20241017_114619_1.jpg,abs_down,2184.106,2536.7708,153.75854,2234.16,2525.739,79.94967,2240.5986,2530.2937,80.06074,2247.8506,2535.197,79.84609,2231.7563,2524.3496,206.31883,2235.8374,2527.7585,206.67706,2240.2546,2531.171,206.71657,2287.6814,2589.4155,-113.59257,2269.1035,2574.0442,457.43427,2174.0803,2577.2043,91.6578,2170.6501,2577.0195,256.88223,2199.9116,2790.5916,-343.09286,2097.958,2682.8418,711.07117,1971.3478,2492.9397,-274.28592,1929.4739,2438.5337,920.7243,2248.238,2504.695,316.31946,2198.0234,2481.573,891.44604,2308.7566,2507.444,352.11914,2278.2876,2480.0298,882.247,2320.731,2549.7732,295.54257,2285.5286,2512.9863,926.59467,2303.9744,2554.7969,315.13257,2259.5493,2522.407,897.0447,1534.0376,2845.8481,-375.0625,1502.6188,2764.413,375.02594,1052.9966,2689.591,-488.1965,1043.1069,2640.313,293.69278,554.89435,2859.7551,-525.5107,583.9145,2811.7744,295.13593,512.4049,2944.2065,-524.155,534.6864,2894.7532,274.4469,315.08777,2779.7424,-714.1334,358.79767,2719.0566,89.80492
abs_down
IMG_20241017_114620.jpg,abs_down,2188.6824,2540.6035,65.37062,2238.2996,2534.9258,-0.28926137,2245.1187,2539.415,-0.13960226,2252.622,2544.0032,-0.20038739,2234.493,2532.2136,129.12706,2238.1196,2534.6184,129.41646,2242.1096,2536.7988,129.4375,2294.1821,2597.4404,-175.69415,2271.1023,2579.7864,411.9342,2176.0254,2580.7295,7.3152676,2171.1824,2577.897,177.67542,2207.0981,2801.3462,-393.00052,2110.9397,2681.2603,630.92957,1978.0938,2480.4934,-346.53763,1927.8729,2430.1543,716.2434,2244.942,2511.1877,204.52145,2188.1604,2480.5906,548.4784,2311.487,2521.193,224.9013,2276.107,2482.088,526.099,2320.1277,2558.5667,182.98141,2277.4382,2509.8547,572.3213,2303.2031,2563.0051,205.02142,2247.509,2517.585,555.25494,1549.1772,2858.3018,-370.94983,1527.9058,2767.4,371.27805,1072.5225,2686.707,-443.8611,1064.959,2635.3254,309.43625,575.7263,2846.8745,-364.32706,584.253,2795.6711,380.42453,546.5854,2931.3157,-349.01718,540.0888,2875.931,368.74954,312.80942,2802.511,-507.60828,339.52127,2726.6086,165.92705
abs_down
IMG_20241017_115000_1.jpg,abs_down,2539.2104,2991.4294,-364.75732,2591.1453,3036.5938,-431.02267,2592.4075,3050.111,-431.26962,2593.8616,3066.2876,-431.24683,2590.5295,3017.8416,-306.23657,2591.56,3017.8499,-306.34232,2593.125,3018.126,-306.64725,2563.8926,3132.68,-506.5135,2568.8813,3072.781,47.673264,2485.4707,3013.88,-375.30582,2486.92,2993.9268,-214.98656,2301.0635,3247.2585,-667.0804,2249.1292,3049.5078,435.99387,1911.7622,3318.1191,-1082.5016,1871.3383,3018.117,571.93805,2073.3035,2998.5981,-1420.4984,1927.3835,2767.6194,134.08443,2103.006,2919.2693,-1536.3329,1940.728,2675.5496,73.312836,2136.856,2918.921,-1469.1699,1965.1467,2666.7349,-29.493908,2127.7942,2940.1257,-1388.911,1967.732,2708.3108,69.07924,1510.1697,3163.3936,-376.52603,1519.5135,3031.5103,375.77615,961.92053,3141.7642,-398.25577,967.21265,3049.4778,391.69144,424.57956,3154.5203,-248.55168,449.83185,3095.4631,525.88074,309.74374,3200.0188,-253.65541,349.24097,3146.3748,513.70514,230.16214,2967.802,-655.0838,316.5907,2859.3203,235.72797
abs_down
IMG_20241017_115002.jpg,abs_down,376.02258,298.49652,349.6781,378.54425,297.70197,383.30908,380.42834,298.39554,383.42297,382.3596,299.208,383.39355,373.03906,297.73755,381.63007,370.91135,298.39297,381.62457,368.5217,299.3427,381.6697,385.50763,305.6225,473.1449,362.52344,309.22003,462.77264,380.99097,304.64838,374.3024,374.00735,304.3273,371.01294,405.8898,336.74887,436.42883,338.9977,336.36548,428.10257,442.939,301.75067,384.20645,302.6914,304.1183,372.33405,402.25385,318.22107,469.8892,346.23273,318.40372,452.97827,388.74783,318.43774,469.82965,355.87,319.1255,456.15222,385.71802,321.92258,494.4003,356.57584,322.36374,475.33148,390.67923,322.41025,478.30142,352.3434,323.41107,458.85687,400.48166,378.46304,7.4052095,355.17813,380.8064,-7.151854,407.3456,419.32092,-265.98853,371.51514,417.35086,-306.89584,418.64957,492.2667,-575.57104,380.3751,496.70505,-634.4496,415.13223,520.78503,-614.97125,371.284,531.568,-675.60065,418.81772,484.86218,-676.6173,379.8672,498.57495,-747.24506
abs_down
IMG_20241017_115003.jpg,abs_down,375.6802,302.16528,315.69992,377.82883,301.49158,346.0132,379.63614,302.03534,346.0769,381.45377,302.6411,346.03064,372.29938,301.23056,344.77673,370.178,301.655,344.80026,367.9816,302.2788,344.8412,384.43954,308.11072,433.15054,363.63327,310.485,426.37872,380.70276,308.2544,341.0697,373.16895,307.6197,338.79187,405.66666,338.99344,388.24615,341.15924,340.3822,385.72516,442.80576,305.6518,275.69186,304.33182,310.12265,271.0668,400.64526,323.96704,292.59692,349.02036,324.0455,275.33673,386.91077,323.9218,286.0819,358.96494,325.19162,271.66342,383.90363,327.8597,312.77875,360.1662,327.90567,292.4059,388.34497,328.8838,301.7989,356.06927,328.67798,281.5109,401.5352,383.37064,4.726298,356.93716,388.72015,-4.674403,409.1163,425.93338,-237.50932,372.95258,424.02646,-292.4627,416.28784,498.98077,-542.0905,382.54224,502.5499,-631.76166,414.95316,526.7883,-581.3087,382.90726,531.4031,-674.2048,420.395,490.75012,-634.7095,388.3668,489.7832,-734.72955
abs_down
IMG_20241017_115003_1.jpg,abs_down,2464.1702,2889.7021,-42.000538,2517.1565,2911.818,-129.21675,2522.5886,2921.7263,-129.05518,2527.5166,2932.0193,-129.32707,2510.192,2900.2373,-7.661992,2510.7625,2901.3057,-7.6749754,2511.2156,2902.0244,-7.687418,2530.8835,3007.5244,-268.9324,2507.538,2959.2822,285.7657,2429.3765,2929.814,-76.101906,2418.986,2912.7534,84.37351,2330.7705,3182.8547,-299.42276,2259.1443,3008.6855,596.24994,2613.5012,3123.7861,-298.44122,2332.4438,2853.575,1242.7754,2538.5273,3140.6384,603.0441,2469.376,2913.9802,1608.5961,2540.5398,3134.0532,699.29877,2483.6543,2970.5598,1613.5189,2500.0073,3149.215,689.5507,2465.0664,2985.312,1655.647,2486.1248,3146.8928,617.9289,2452.9626,2980.6384,1608.0265,1537.5509,3142.838,-338.53674,1545.2129,3023.2869,337.47516,988.99335,3102.2144,-498.31296,999.9555,3039.889,145.25078,412.1611,3108.0867,-751.02423,461.14774,3062.2874,-72.81183,297.92386,3178.2285,-780.0624,356.55884,3112.182,-108.82434,249.2828,2873.5452,-1065.3954,309.06995,2819.3296,-279.37268
abs_down
IMG_20241017_115003~2.jpg,abs_down,374.64078,304.7431,345.92258,377.28983,304.16312,377.41675,379.3186,304.932,377.4964,381.53973,305.8754,377.4402,371.53036,303.92212,376.23706,369.3858,304.47327,376.23038,367.15958,305.26794,376.27182,385.59033,312.65985,463.5936,362.56873,315.16772,456.606,379.5606,310.95483,369.77316,372.1549,310.46176,367.4785,405.5127,341.40594,414.8393,339.8497,341.81165,410.26877,442.12155,306.4986,310.50836,302.6319,312.0943,299.542,401.87152,326.14008,328.7611,344.99545,326.43402,306.47952,387.84494,326.66086,323.0516,355.15158,327.2303,303.99335,384.76456,329.97812,347.87064,356.48352,329.63794,325.9506,387.76572,330.6514,337.22076,352.94205,330.2334,313.45367,401.70935,383.30896,6.741849,356.12857,389.11298,-6.7409296,408.7726,427.34085,-256.46924,371.95206,425.97156,-283.00055,421.41486,496.3215,-573.3712,381.81113,503.53442,-617.5205,414.93546,524.13464,-614.4026,383.05,532.99414,-660.4522,419.56216,488.2771,-671.04755,390.95844,494.28354,-722.0824
abs_down
IMG_20241017_115004.jpg,abs_down,372.85513,307.2146,297.69186,375.61963,306.7587,325.65512,377.82376,307.5612,325.74207,380.32303,308.61368,325.7201,369.98395,306.78375,325.54346,367.87985,307.63,325.5579,365.6252,308.9756,325.58734,384.99008,315.97086,404.70114,360.52628,320.37317,402.47156,377.7261,313.19916,320.3086,370.3413,313.33054,319.26285,404.6379,342.0044,367.48996,338.54443,344.28125,375.47476,440.42285,310.61508,279.27542,301.8817,313.8532,308.00458,404.15027,329.86475,293.65808,345.2909,328.3772,367.1624,396.1357,333.9135,284.2175,355.29868,328.10648,367.60193,388.79156,336.3811,306.38684,356.3512,330.67642,383.46155,390.39227,335.20844,300.8572,352.49652,331.75107,371.54947,400.4562,384.3001,3.821371,355.14032,390.0067,-3.7086935,406.56448,425.70102,-234.76137,372.7438,426.36447,-284.4373,415.04276,494.0993,-535.38983,381.4285,502.5391,-617.77594,411.90543,513.50665,-574.2184,382.04367,530.6809,-659.8605,416.96753,491.13458,-632.867,387.994,492.86066,-727.1788
abs_down
IMG_20241017_115005.jpg,abs_down,437.1976,552.5664,1.1164483,447.96112,556.24426,-20.721266,448.17166,557.39575,-20.671566,448.37512,558.47125,-20.72496,448.47287,555.7955,6.1356697,448.97546,556.7036,6.160781,449.50433,557.50995,6.1639123,445.9909,569.51715,-68.68217,447.311,566.85376,52.12861,427.71872,557.4594,-12.4823885,427.54938,556.6273,22.363539,408.7719,599.8605,-111.2661,397.81415,575.3028,123.94986,451.81433,573.6381,-114.475,430.29773,540.461,278.91138,456.4467,581.63464,51.869984,444.75964,569.1205,414.93033,464.47284,581.0697,54.287647,445.49646,574.7292,427.7081,453.54202,584.58606,53.393616,437.39542,576.49786,429.0374,452.03287,586.26984,54.247456,436.44412,574.046,413.93433,235.21892,597.1323,-79.57144,234.15889,584.76117,79.53929,111.050125,585.0938,-83.65194,115.85446,587.6043,43.314434,6.7956805,594.9859,-94.419075,8.289742,595.42896,38.586452,-17.367714,606.8208,-97.36508,7.452482,598.50635,34.470184,-26.30741,559.0801,-160.53264,-12.975115,564.21783,-23.185741
abs_down
IMG_20241017_115006.jpg,abs_down,442.45822,550.21857,-5.645793,452.2348,554.4832,-21.54064,452.54642,555.6903,-21.512165,452.7799,556.86365,-21.537703,452.61395,553.9166,-1.3465532,453.12015,554.82666,-1.3198425,453.5033,555.7287,-1.3395584,451.7569,568.73645,-55.27328,451.63135,565.7294,34.76092,434.20993,553.6445,-15.91529,435.02588,553.23834,10.335271,414.0426,587.6979,-84.37356,406.96893,575.60596,83.36581,456.65665,562.64703,-122.430916,423.91724,546.23206,208.1054,456.8565,572.8692,-45.502594,438.95395,563.50275,330.476,458.994,576.87683,-49.345436,437.43237,556.3896,344.433,452.13507,580.21423,-52.826714,432.26303,560.0393,343.73715,449.23816,579.384,-46.08169,431.5733,559.3188,330.21155,280.867,598.0036,-50.145237,283.52972,584.5663,50.17227,192.59114,578.3155,-137.05042,198.4461,578.2676,9.551706,105.41085,587.7901,-202.04532,108.20487,588.4218,-25.51155,80.89211,599.5177,-208.91647,94.311615,598.05676,-31.863026,88.82307,568.2686,-264.08658,87.483826,568.7462,-74.67035
abs_down
IMG_20241017_115007.jpg,abs_down,437.73257,552.155,-25.706114,447.85574,555.33417,-45.05793,448.07785,556.461,-45.027866,448.3522,557.59045,-45.07921,448.7699,554.81934,-21.217943,449.50662,555.656,-21.179316,450.21808,556.4711,-21.184721,447.88928,569.4566,-83.52357,449.01624,567.12836,23.001183,428.62653,556.80444,-36.479954,428.88666,556.06854,-5.617453,407.63565,594.17914,-123.49752,400.05627,578.54364,86.21681,434.63947,569.1259,-170.37097,424.87836,558.3545,219.70699,460.39978,572.9362,-100.85878,442.9822,563.8619,360.32205,468.91342,570.03735,-111.60857,448.79193,559.31604,376.09378,463.21436,573.1139,-111.30746,442.63516,563.2661,375.45175,458.84302,573.5472,-100.22803,444.5187,566.5875,359.8838,243.41158,598.6835,-65.04664,259.2071,590.3024,65.09426,133.2479,587.6489,-57.828484,139.10146,586.9543,64.22114,56.652115,601.8595,-46.346878,63.38981,594.20483,84.157425,41.440647,611.3494,-45.743874,50.205856,602.742,82.468414,36.37948,584.39606,-94.17946,37.99923,575.48645,27.099117
abs_down
IMG_20241017_115802.jpg,abs_down,1822.8992,2558.3833,52.294292,1871.6398,2553.4216,6.3461094,1884.401,2559.6157,6.6820107,1898.2926,2565.6165,6.5082817,1856.5901,2543.6829,113.90221,1857.6703,2543.0105,113.953384,1859.558,2542.0554,113.87196,1948.4169,2607.6091,-62.49908,1896.0214,2573.9243,441.44376,1834.5345,2610.3784,31.354198,1817.2678,2596.153,175.76566,1922.5605,2848.6753,-118.914505,1759.9432,2664.6982,592.0203,2037.4626,2649.2808,-259.49786,1766.4697,2436.4233,1014.48987,2027.6466,2632.7463,263.5864,1906.7091,2547.1829,1401.1108,2032.8761,2637.9304,305.98834,1962.9283,2581.6003,1406.87,2017.613,2661.3574,337.36862,1952.7363,2609.4946,1527.1389,2006.0808,2662.9114,283.3156,1928.347,2604.2573,1439.7007,1218.8884,2888.5254,-314.8512,1215.8154,2731.3877,314.32553,903.942,2463.2395,-505.68835,918.71124,2376.5337,86.09592,694.7167,2895.3718,-297.9296,723.8906,2804.7612,412.3667,737.0277,2969.292,-256.57922,765.24567,2898.72,439.73868,410.3542,2992.9236,-225.59201,432.27365,2965.0696,444.17993
abs_down
IMG_20241017_115803.jpg,abs_down,1832.9069,2571.0386,55.249874,1877.5713,2560.3638,-2.3558187,1890.5073,2565.6724,-2.0273604,1904.3354,2570.723,-2.138895,1860.874,2549.2605,109.96614,1860.8154,2547.1797,110.00758,1861.3687,2544.5046,109.78959,1958.955,2605.9106,-90.728645,1908.8256,2575.3384,435.646,1845.897,2620.7888,31.603748,1824.7125,2605.3748,182.11873,1944.6655,2843.6677,-133.65323,1792.0256,2675.3574,611.1233,2002.311,2647.881,-339.50717,1750.361,2434.0503,1052.2482,2010.4022,2632.1643,48.20963,1921.9253,2548.6416,1465.8794,2032.538,2633.6975,68.43625,1964.5917,2583.1099,1472.4478,2016.0398,2657.3887,93.35187,1957.684,2611.2788,1596.9427,2005.8524,2662.2063,61.21304,1942.9984,2607.745,1506.6022,1240.5588,2890.4924,-330.2501,1236.8218,2735.725,329.6665,924.99414,2466.9404,-541.107,925.8024,2377.2769,105.374405,699.0692,2886.203,-264.82953,729.184,2779.0103,422.75583,728.2155,2969.4219,-213.77327,759.8764,2874.8455,454.46237,413.47458,2996.6172,-176.45389,462.33792,2908.329,440.60803
abs_down
IMG_20241017_115803_1.jpg,abs_down,1812.4426,2558.006,81.605255,1858.8345,2551.4106,36.489815,1871.1724,2557.7407,36.824734,1885.4813,2564.0403,36.638695,1843.876,2540.1514,147.40234,1844.479,2538.6736,147.4685,1845.7515,2536.947,147.36879,1945.2452,2605.0203,-30.205164,1886.9004,2569.3308,490.88126,1826.351,2612.5042,61.114323,1806.5844,2595.1167,210.3669,1940.0101,2840.3357,-93.77035,1777.5032,2666.3875,632.1527,2023.5769,2655.3953,-231.66298,1757.4982,2440.0273,1093.4785,2017.9814,2635.1023,338.40106,1900.2528,2553.441,1511.4392,2034.8053,2635.25,391.93417,1948.1635,2587.22,1522.4366,2005.3239,2655.9224,416.57877,1938.1013,2612.0886,1638.3113,1994.1309,2658.6733,356.91074,1914.8628,2604.7332,1550.7048,1232.4344,2893.7188,-309.56497,1219.2001,2732.7244,309.01724,917.41455,2468.397,-497.2006,914.0549,2374.34,54.391666,686.79834,2910.41,-321.86026,709.2101,2821.47,353.74823,726.97534,2984.4763,-281.4792,746.33124,2920.8875,379.27045,398.4407,3006.672,-254.61473,433.75452,2946.382,369.22665
abs_down
IMG_20241017_115805.jpg,abs_down,333.38593,530.28375,36.806156,342.52866,529.2031,22.048944,343.8779,530.48047,22.102451,345.4167,531.85,22.056194,341.3964,527.62665,47.914295,341.7335,527.6505,47.984104,342.09573,527.7187,47.964233,353.4419,542.6103,-13.667222,348.40387,537.913,106.7896,329.72778,538.78204,24.42076,328.38028,536.14185,58.852024,346.36465,584.9994,-54.2916,325.35098,561.4538,155.4303,371.3263,539.1479,-91.91605,326.42133,509.27557,253.80247,369.67947,535.4997,30.13979,357.74313,538.5444,334.89737,371.07504,536.29926,27.866232,377.29822,549.5227,334.1623,375.05573,545.2607,33.4241,370.577,552.418,351.63727,374.09097,545.6832,32.48691,356.66614,546.7761,337.44598,203.89046,592.9977,-78.66475,204.16945,571.73926,78.52167,130.13084,498.39386,-100.43895,128.55116,495.81128,38.507153,76.42399,596.66956,-81.39564,72.818924,586.4007,84.88228,85.940445,609.5125,-76.29705,88.2869,602.3998,88.34912,26.191484,611.3641,-84.353584,25.19313,614.8094,69.134674
abs_down
IMG_20241017_115806.jpg,abs_down,342.30865,533.28143,6.077117,351.6399,533.8727,-7.6609716,352.66742,535.50793,-7.602782,353.80682,537.2564,-7.6308756,350.42596,531.2937,18.00449,350.443,530.8852,18.02427,350.41345,530.46906,18.009798,358.5987,549.2827,-34.761707,353.71548,540.151,84.57817,335.99933,541.8715,-2.802682,334.78485,537.5965,31.33309,344.04315,587.4957,-62.868458,323.21356,561.3907,141.65549,377.47507,546.77026,-87.253586,331.95114,517.4302,251.88615,373.5112,543.5029,69.65858,356.9164,539.06323,340.28894,374.07053,541.57635,72.914825,363.1746,542.7851,341.80194,375.67648,551.5664,77.51103,359.57208,546.9901,359.44476,374.1484,552.80945,72.70703,355.43997,546.2362,343.9508,200.6193,595.37537,-79.60661,199.89066,572.2806,79.484215,128.74957,500.36136,-104.8333,128.18883,495.4246,61.882694,74.091194,596.0808,-76.18866,85.465614,583.4337,102.3441,85.04708,609.82135,-70.862595,92.63224,600.3979,105.51813,21.834023,611.2206,-79.658615,39.95923,603.017,93.92398
abs_down
IMG_20241017_115807.jpg,abs_down,345.21606,533.55194,27.095459,354.26053,534.99524,13.333912,355.4197,536.7579,13.388159,356.73407,538.63763,13.343349,352.6318,531.868,39.34609,352.49255,531.2882,39.392315,352.3398,530.69336,39.38658,361.0446,550.31726,-14.149962,355.80173,539.8818,105.99563,339.19763,541.9445,17.96374,337.43286,537.4301,52.354805,344.7834,583.7739,-51.217804,322.49673,562.48486,165.69743,377.42538,548.5291,-75.304535,323.06882,518.2817,268.57553,374.1789,545.06116,76.01113,351.74023,540.6666,354.30386,375.89307,543.5916,79.42304,358.21152,543.82697,354.99973,380.20718,551.2452,82.48295,356.523,545.0299,373.65692,378.36777,552.48456,78.37304,354.47223,544.83936,357.6339,204.949,596.2646,-80.049805,204.50189,574.7105,79.98624,130.3324,500.46252,-100.94148,128.64287,498.92355,58.29222,79.928505,598.02386,-74.20579,76.683426,586.2253,95.38984,92.16447,611.73364,-68.87595,91.45515,603.5141,97.706375,30.305172,610.5907,-75.80369,36.032455,606.61786,81.59924
abs_down
IMG_20241017_115809.jpg,abs_down,2002.0841,2605.5884,-256.60773,2047.1791,2613.9543,-273.5895,2058.2656,2627.074,-273.31924,2068.4766,2639.5544,-273.67218,2023.369,2587.429,-189.78407,2018.5375,2581.5713,-189.82819,2013.0865,2574.7554,-190.01453,2088.919,2682.4678,-163.03806,2015.0369,2604.2793,237.0246,1989.6791,2657.9756,-208.63773,1960.9158,2624.3896,-94.22828,2001.7266,2861.313,-101.98104,1840.7228,2678.0842,566.5855,2280.2302,2730.9077,-193.6245,1862.2616,2454.096,1042.3168,2162.3718,2734.0645,455.66476,2003.5569,2604.8596,1405.5905,2151.8591,2728.2422,497.86566,2048.7456,2644.7788,1391.5173,2118.969,2751.7751,523.4699,2044.9742,2668.2915,1518.5294,2107.97,2751.382,466.8834,2028.9302,2662.5205,1443.45,1295.2632,2894.6008,-282.68344,1268.6277,2738.7214,281.5899,957.50775,2504.0212,-600.9754,929.60016,2414.4187,26.728357,703.934,2890.8088,-86.697525,712.3353,2791.2327,362.42017,730.893,2966.117,-18.253164,740.3922,2876.411,398.17432,421.98337,2986.6492,-33.299675,440.20612,2920.6494,326.6195
abs_down
IMG_20241017_115811.jpg,abs_down,363.35287,542.13513,-50.512497,373.4371,544.60565,-56.905106,374.87146,547.2037,-56.884804,376.48212,549.8911,-56.983727,370.2269,538.85004,-36.678616,369.32678,537.46436,-36.68873,368.44998,536.3051,-36.697266,377.43637,560.2387,-43.719273,367.30408,541.6203,50.59006,355.81662,551.28046,-44.5042,351.73267,543.6878,-17.47146,356.30893,589.9391,-51.921288,330.88696,564.4419,130.08969,409.69244,553.99347,-71.33241,344.889,536.1493,263.45804,392.64008,564.80896,106.70974,367.4433,552.61444,367.3473,385.35696,557.3019,115.58888,369.9886,557.54047,371.13107,380.83447,560.6592,119.04737,370.49042,559.56165,384.0637,379.63373,561.9519,109.64752,369.12003,557.4272,370.18466,208.54391,598.26483,-73.27262,201.72107,579.1507,73.17112,137.55545,499.66925,-102.41355,131.65253,502.91605,47.199512,70.43819,593.1476,-52.931236,72.92283,589.27637,76.704445,77.91445,608.7317,-43.899174,80.01357,605.5738,78.32061,17.286676,607.66077,-36.0285,25.227373,603.3801,65.11484
abs_down
IMG_20241017_115826.jpg,abs_down,2436.9368,2698.3687,-184.80087,2481.0942,2717.5286,-245.58156,2482.921,2728.2273,-245.20769,2485.3882,2739.1719,-245.3101,2478.1057,2698.4114,-142.02667,2477.7092,2695.7842,-141.98808,2477.531,2692.85,-142.16878,2485.7761,2801.3188,-301.1036,2475.047,2753.7908,175.51653,2400.4905,2735.9922,-198.7509,2392.2085,2712.4182,-62.568447,2343.8806,2989.8965,-394.3212,2273.8513,2797.0588,530.3932,2493.976,2913.0867,-528.2115,2332.2974,2570.3208,949.46796,2580.1536,2844.0344,140.02975,2476.7114,2719.7625,1314.6592,2583.3157,2830.7485,169.18147,2510.7175,2746.1086,1313.2234,2573.9058,2846.6025,213.60516,2496.5283,2760.7517,1432.0034,2558.9714,2852.7307,166.77423,2478.9758,2757.8977,1345.7191,1652.743,2967.248,-367.92007,1666.6902,2839.6968,367.30542,1325.4742,2535.9343,-452.75125,1335.8364,2487.3564,388.1559,1156.4564,2949.5562,-188.82231,1164.6184,2834.945,564.12933,1185.8086,3047.5088,-148.49275,1201.5304,2949.4272,576.5916,902.87427,3002.182,-123.27741,940.884,2917.195,576.58997
abs_down
IMG_20241017_115826_1.jpg,abs_down,2434.9412,2697.143,-146.04393,2485.9912,2714.0469,-212.85854,2490.6787,2724.385,-212.49533,2495.687,2735.3408,-212.57356,2480.5122,2697.5872,-102.02258,2481.0764,2695.9329,-102.04234,2481.9553,2694.0413,-102.27405,2496.9226,2802.9844,-300.07886,2485.3337,2756.1987,207.19727,2400.0273,2735.6443,-171.42026,2394.169,2716.6494,-26.186527,2358.7625,2989.8623,-417.9412,2273.5085,2804.5762,552.5856,2504.8933,2889.2927,-581.1986,2315.4058,2579.4922,991.93823,2593.9575,2831.6067,20.071468,2479.2363,2716.5542,1364.639,2624.6187,2822.021,34.036915,2525.0466,2744.3096,1365.14,2606.4365,2843.2043,67.06265,2511.3398,2763.7183,1473.5453,2589.357,2847.1365,41.84657,2492.6658,2761.9534,1391.6965,1657.0453,2970.3276,-369.47314,1664.1825,2855.9587,369.03897,1332.0767,2522.874,-481.7217,1311.9602,2508.3005,385.74628,1146.7595,2938.3726,-194.21144,1138.7351,2860.901,543.5971,1179.4231,3043.096,-151.92836,1177.0619,2980.8044,552.8433,883.18225,3010.5498,-121.11165,892.5743,2934.905,532.8691
abs_down
IMG_20241017_115827.jpg,abs_down,2406.3286,2698.1968,-93.41966,2455.9307,2711.612,-162.25371,2460.9392,2721.9272,-161.86687,2466.2246,2732.71,-161.87918,2450.4353,2696.0288,-39.241066,2450.958,2694.527,-39.206455,2451.68,2692.7974,-39.392628,2473.4512,2799.571,-270.89514,2459.1355,2752.74,293.39487,2372.4158,2739.0327,-126.201866,2366.862,2720.7122,35.343014,2338.539,3000.362,-428.56308,2260.3564,2791.1545,638.16113,2483.8477,2880.0793,-657.9605,2294.1306,2573.4077,1061.0295,2584.2947,2807.7087,-146.3952,2460.1086,2714.303,1383.7975,2595.6006,2784.384,-162.49281,2503.7043,2736.8887,1383.8623,2573.6812,2812.5205,-121.88493,2484.5625,2756.3132,1480.1749,2564.3528,2807.165,-123.68938,2466.1113,2754.2012,1405.5348,1655.8713,2975.4517,-406.5751,1665.0964,2842.8926,406.0587,1312.7307,2527.551,-539.8987,1314.913,2496.0144,369.973,1117.358,2928.1162,-233.66127,1122.3353,2875.684,603.72504,1149.4304,3029.0408,-194.17581,1162.4617,2978.2815,621.17773,876.0195,3005.7986,-223.28351,891.11975,2948.0435,574.829
abs_down
IMG_20241017_115828.jpg,abs_down,447.9676,550.0681,8.589281,458.00403,548.8559,-12.237453,458.9404,549.55817,-12.16746,459.89575,550.23236,-12.186826,457.70972,548.6995,13.214455,458.49426,549.32056,13.266084,459.33777,549.9094,13.274354,464.54214,561.43036,-57.521877,462.56708,558.7789,59.05386,442.57443,556.33636,-6.046048,442.12418,555.88586,27.452242,440.08917,595.2653,-107.44763,428.27063,580.0229,124.461815,487.18887,541.1978,-145.9776,445.5087,552.9647,239.33548,493.36102,572.41486,-27.934832,480.58905,571.4241,331.91864,492.79132,578.5792,-33.899815,484.5094,580.66907,334.39218,489.99188,583.1182,-30.796312,480.61267,581.9128,343.91907,487.6032,579.74756,-25.931107,477.28043,579.73035,332.63373,289.05545,606.8653,-88.08846,289.8849,590.1026,87.95497,220.84203,504.89545,-102.67859,219.9689,504.83398,76.24956,169.59087,603.1204,-64.70103,174.03128,594.176,125.61206,177.8488,625.0809,-57.691593,182.67621,615.98236,128.24023,119.47764,616.9412,-52.594364,129.99358,606.9311,118.09146
abs_down
IMG_20241017_115829.jpg,abs_down,452.4021,550.1967,2.973305,462.19147,549.2852,-17.48243,462.89618,550.02423,-17.400541,463.64185,550.7714,-17.410408,462.33023,549.25024,7.9142776,463.1961,549.97235,7.954498,464.10944,550.70435,7.9513845,468.3665,562.43665,-61.58386,467.08032,560.9537,54.762825,446.45947,556.1415,-11.569263,446.14185,556.0428,21.824043,440.4592,594.04865,-112.17269,429.91086,580.5498,121.4649,487.1479,548.244,-145.81387,445.78772,554.0532,243.59402,489.77307,579.9991,-10.590913,476.01135,579.81555,343.59958,488.53177,585.78876,-12.92039,481.18057,586.92084,347.0281,484.6804,587.51154,-10.53248,477.16605,588.09625,357.80054,483.86023,586.14075,-8.230433,476.13583,585.54193,344.93784,289.5594,607.85,-89.70333,290.26614,591.2108,89.55518,220.99873,506.67184,-102.8524,221.62692,507.32285,77.32314,171.6544,604.64343,-66.608536,176.80443,595.92194,125.933174,180.90405,625.42145,-59.708317,186.16211,617.5186,128.40227,121.17555,616.34906,-54.154846,132.70618,606.8134,120.181694
abs_down
IMG_20241017_115831.jpg,abs_down,430.80844,536.77264,165.38313,439.27274,534.5806,152.38835,440.61133,535.40015,152.464,442.17596,536.3446,152.45885,438.359,533.51904,180.58708,438.85712,533.53906,180.62796,439.43265,533.47925,180.5707,450.8407,548.4927,111.80045,447.17773,543.6312,239.05894,428.09897,544.40985,150.50511,426.78455,542.71967,186.90015,436.14267,591.5812,17.283396,413.6633,572.2771,287.3977,374.73306,549.36743,-20.451086,360.68338,546.3347,226.93372,425.09827,505.18365,69.470276,415.50177,510.12515,100.35753,436.02856,497.3242,68.39417,432.33694,501.367,88.49215,441.3298,501.7591,79.43689,436.11102,507.1301,99.81603,438.3447,505.99033,78.02312,431.61557,511.0545,98.36282,293.68686,606.90607,-89.207146,290.08795,589.5801,88.99329,220.902,503.51263,-98.84254,219.86526,503.47296,81.735176,170.85153,601.8047,-107.62534,171.8123,591.5387,117.12572,178.55864,623.1135,-107.25985,178.97058,613.9776,118.86286,120.67543,616.41095,-106.384026,126.091484,603.1537,109.97762
abs_down
IMG_20241017_115847.jpg,abs_down,362.3854,218.9985,147.40791,361.61417,215.10501,174.43797,363.42957,215.36108,174.61195,365.20657,215.62894,174.58191,354.48953,215.57626,173.16925,350.89874,216.2382,173.15202,347.19342,217.27856,173.13797,367.04837,221.17847,261.89075,339.04037,228.31026,255.04633,367.83,227.76472,172.79901,361.00674,229.1952,170.30238,397.59018,257.96353,259.3595,319.3969,269.80148,259.39984,420.29172,198.166,321.6468,275.89185,207.87488,291.54807,375.78464,227.13884,561.4588,325.4351,232.53766,492.23505,365.1746,228.71796,583.2376,334.71964,235.12762,512.5771,363.69348,232.34157,604.6989,336.25772,238.84564,527.807,367.1609,234.07071,570.8037,334.22842,239.47798,497.90347,398.16238,339.40637,-2.678963,340.27856,340.6527,2.7085404,444.8773,283.81067,-250.4689,312.51907,280.78973,-306.74915,430.70734,426.73163,-450.51785,310.65045,415.86588,-463.43945,419.095,440.32172,-476.7613,316.64862,429.7629,-482.24414,438.6743,481.08182,-573.29297,296.50143,466.00827,-575.1388
abs_down
IMG_20241017_115847_1.jpg,abs_down,2180.5667,2680.9646,126.49566,2230.3638,2673.2942,52.285606,2241.8132,2680.6196,52.6773,2254.356,2688.258,52.682693,2217.0818,2660.8882,164.51787,2217.303,2659.176,164.85097,2217.776,2657.1343,164.71004,2303.236,2740.884,-78.31567,2249.8813,2700.331,443.36075,2173.3142,2732.842,91.19479,2158.769,2715.7817,240.43379,2268.0642,3006.404,-234.81354,2112.209,2772.4,670.612,2262.359,2685.804,-662.63336,2045.1669,2497.1975,1025.6006,2384.7544,2716.5933,-710.9849,2237.3413,2657.3054,1361.0522,2432.3984,2721.5425,-768.8937,2269.2717,2699.2578,1376.5022,2412.049,2754.9556,-741.91504,2270.336,2723.2568,1489.9232,2390.1836,2760.5195,-706.18945,2255.721,2713.678,1397.2141,1538.8391,3028.079,-396.8405,1541.0148,2853.1128,395.94067,1138.0204,2647.8538,-732.25195,1171.2195,2483.101,99.164856,758.6421,3050.252,-634.0964,875.98334,2861.0208,498.48557,781.325,3147.2207,-610.9003,841.93994,2997.6514,533.14075,442.85364,3153.5737,-724.70807,632.716,2935.6997,446.26273
abs_down
IMG_20241017_115847_2.jpg,abs_down,2202.4204,2697.786,186.2669,2260.898,2689.8455,112.28382,2272.4082,2697.4558,112.65889,2283.9294,2705.2368,112.681335,2246.2373,2677.5022,222.15717,2246.8997,2676.3215,222.5189,2247.2388,2674.9065,222.36398,2320.6655,2759.5461,-15.389713,2277.7483,2720.279,490.0561,2196.578,2749.1914,151.6243,2179.9143,2733.6597,296.57468,2265.8777,3013.0874,-190.11847,2117.9822,2784.1401,712.1497,2248.5222,2678.8323,-620.1144,2073.0383,2510.3613,924.08624,2376.475,2735.416,-713.627,2246.765,2666.552,1124.8346,2417.1633,2749.4368,-768.712,2286.701,2721.3342,1131.2001,2414.2205,2775.4946,-731.98004,2287.686,2745.2412,1235.6631,2395.7122,2781.1985,-703.0006,2272.4592,2733.7153,1155.9824,1540.5452,3032.6216,-409.48944,1541.7556,2864.6128,408.7196,1140.2131,2612.5542,-724.6364,1172.1536,2489.9229,162.5147,758.33594,3058.5674,-856.39136,866.8413,2893.5166,487.26816,768.69464,3172.2104,-861.627,843.4024,3033.0007,510.20657,446.7456,3116.8909,-1016.37695,628.4232,2948.9,424.56433
abs_down
IMG_20241017_115847~2.jpg,abs_down,357.89362,228.40135,139.46596,361.29498,222.22224,165.08261,364.4465,222.13107,165.21445,367.01184,222.1019,165.14197,351.73325,223.46263,162.12611,347.68344,224.36006,162.1442,343.86484,225.47595,162.13933,372.43314,225.03969,254.26097,338.04294,232.24835,240.23856,365.47354,237.18417,165.76712,353.94504,239.27545,161.09592,399.23914,259.44473,263.569,320.6644,269.92184,227.86618,420.03796,196.1491,363.338,282.3814,201.55644,275.51285,379.8266,229.47372,657.94293,328.76685,231.77957,529.6678,370.0756,233.52153,691.0937,339.64935,233.46753,558.5965,367.8151,235.5217,711.43976,342.07648,235.15738,570.5191,370.5096,235.00348,667.80145,338.5592,235.52007,534.9044,394.3557,347.2974,5.4687605,335.53552,345.1003,-5.4012885,446.0396,276.20886,-222.76503,307.20294,268.63937,-279.4349,434.96997,423.4207,-393.25583,321.26233,413.9537,-398.9665,420.1506,441.31674,-415.79626,329.01947,430.13855,-412.03864,446.5074,470.63873,-505.0336,317.9964,472.38297,-498.67242
abs_down
IMG_20241017_115848.jpg,abs_down,360.97556,233.88603,131.0402,365.17966,226.95969,154.12178,368.51874,227.05559,154.26414,371.32617,227.14175,154.2106,354.92688,227.52208,153.28844,350.87054,228.05922,153.34003,347.236,228.58897,153.36945,375.567,230.87206,238.43098,341.4732,233.72382,233.06348,367.6805,243.24449,156.21242,354.95435,244.43808,154.0558,399.9574,265.681,242.29485,322.2343,271.84515,232.27336,424.05017,206.67545,323.48712,286.04037,209.7937,275.35718,384.1482,236.47122,598.8091,334.44946,237.24329,501.93356,374.658,237.723,630.4072,342.87866,238.61496,528.82837,372.72894,242.02606,654.1893,345.09924,240.96869,544.7206,375.5911,243.31804,610.36725,342.48022,241.94366,508.2074,395.2924,351.13242,1.5897192,337.68423,351.825,-1.6530515,445.58963,279.03662,-210.2768,310.2258,271.99792,-265.56512,436.88336,420.9075,-354.87253,323.01868,417.63992,-359.145,424.0596,441.41327,-373.75986,330.36618,433.41693,-369.3205,447.3329,476.09744,-453.94693,320.7407,478.52866,-447.21106
abs_down
IMG_20241017_115849.jpg,abs_down,422.3499,544.00134,58.781303,432.80286,541.5502,40.31207,434.3251,542.2802,40.386036,435.8053,543.0366,40.367683,431.8848,541.046,65.91103,432.66132,541.4752,65.97884,433.26895,541.95435,65.96409,443.54675,553.8111,0.29889712,439.22696,552.6605,117.935715,421.84482,553.7091,46.04599,420.092,553.2085,79.77732,431.31717,603.9504,-49.999004,407.94144,579.0239,179.0871,440.4777,527.7688,-91.140656,394.38632,526.8921,281.24774,467.90286,555.2306,-10.871319,434.8222,552.72015,350.30576,469.97366,558.6741,-18.290247,445.87326,559.23236,350.736,464.38586,568.7285,-19.413872,443.34528,564.0095,367.28986,459.43225,570.5421,-11.559579,439.53516,564.2366,354.00275,279.39847,608.4672,-88.491005,277.58344,584.8078,88.2852,193.7777,500.00296,-122.109535,194.42043,495.22372,28.696033,104.50022,595.9879,-134.66974,125.4812,587.6244,61.2175,108.06992,624.46783,-132.30183,127.04389,610.1212,62.98662,38.793255,608.3425,-149.24246,80.42514,601.6808,40.301926
abs_down
IMG_20241017_115850.jpg,abs_down,422.1621,543.20404,54.02231,432.6575,540.8155,35.99733,434.20947,541.65094,36.06695,435.76132,542.51556,36.046234,431.77783,540.3374,61.160374,432.54147,540.88684,61.23383,433.14264,541.48486,61.217327,443.17538,553.6036,-3.9036891,438.8221,552.48126,111.73814,421.03638,553.22906,41.034126,419.5746,552.8662,74.193695,430.66113,601.6734,-55.226868,405.02393,578.5418,170.00264,438.0744,524.5351,-95.52525,395.06088,526.9199,272.6029,467.2219,551.7881,-8.766578,432.44534,552.5394,344.57333,465.11206,555.4271,-14.67647,444.056,560.64526,345.37747,460.00076,565.17017,-15.422751,440.94107,565.62427,361.99152,456.53378,565.9086,-9.191893,437.36285,564.1023,348.3669,278.5189,607.89307,-87.138885,275.82962,585.24194,86.89254,192.30655,500.9657,-119.869354,192.53609,495.99286,33.440216,101.44921,597.5883,-129.15509,127.42435,589.3474,69.371765,104.657845,625.27106,-126.52546,129.67699,611.2834,71.588615,35.492027,609.4019,-141.073,82.19193,600.7294,52.868523
abs_down
IMG_20241017_115910.jpg,abs_down,366.4098,235.3024,111.48894,369.66086,229.07797,129.02013,371.97574,228.99904,129.01843,374.15417,229.08163,129.00958,362.4562,229.7077,129.42964,359.59305,230.11908,129.46811,356.7977,230.68092,129.41379,377.61722,232.15909,203.16136,351.98975,234.86873,207.56174,371.17575,242.22427,137.43613,361.81802,243.46951,138.31145,407.54584,258.06262,189.44434,339.86493,263.7244,188.28899,432.3304,275.8765,32.56188,324.21982,301.32278,45.8516,397.9833,249.03697,-109.73087,339.39606,257.9214,-68.72768,388.1304,246.63208,-135.08145,341.39322,259.8088,-89.291695,382.4264,246.55563,-117.54874,342.6251,256.35632,-76.45057,391.0196,244.18367,-106.48584,344.284,260.9119,-65.495346,404.68604,329.1148,-2.0358522,356.06693,331.4423,1.8331918,433.58725,246.0111,-169.22113,320.41995,258.09402,-192.69228,422.8174,363.79004,-217.4504,355.33954,361.40823,-205.38678,412.84763,382.05762,-224.21315,357.75076,371.47015,-207.59564,429.82245,398.596,-293.04718,356.37973,387.00122,-263.75644
abs_down
IMG_20241017_115911.jpg,abs_down,2454.552,2782.276,16.056225,2501.1252,2784.2993,-44.213108,2508.3757,2791.8127,-43.731567,2516.8547,2799.8584,-43.90115,2491.9214,2771.8118,82.72182,2492.4553,2770.492,82.91709,2493.1917,2769.229,82.98643,2554.7366,2859.4739,-118.61453,2524.1675,2830.0625,473.3415,2437.4155,2827.7153,-7.8244786,2425.3035,2814.4177,161.41113,2430.0825,3070.6567,-276.87518,2312.383,2922.5786,835.1491,2760.298,2991.5198,-318.1734,2343.2734,2663.6174,1391.7919,2659.7803,2913.9456,682.977,2534.806,2828.2747,1821.8448,2653.8423,2890.3633,738.06934,2580.416,2859.9612,1825.5961,2622.202,2910.921,765.22986,2572.3818,2891.741,1940.2594,2613.0042,2922.4104,705.9388,2554.5315,2890.483,1848.4429,1674.9191,3092.5984,-452.5901,1656.2029,2981.3906,451.4874,1313.6571,2584.5088,-560.5379,1303.9836,2518.355,410.47092,1182.8275,3145.288,-344.24725,1161.8706,3007.2634,589.69293,1218.9882,3242.1367,-304.61243,1186.0106,3088.9707,601.69977,886.80133,3260.806,-294.46603,896.65735,3076.6184,564.05133
abs_down
IMG_20241017_115911_1.jpg,abs_down,2440.6875,2775.367,129.85413,2486.9863,2773.1343,54.760338,2494.0564,2780.105,55.285213,2501.442,2787.322,55.173927,2478.8289,2763.1077,183.26128,2480.2197,2763.3306,183.46503,2482.0203,2763.6956,183.45863,2543.8591,2852.6628,-88.29879,2520.1516,2831.6533,509.09515,2423.4885,2824.722,81.091866,2413.747,2815.2166,251.85406,2431.1792,3061.671,-296.7015,2324.1865,2934.8965,805.3554,2731.7134,2960.3284,-358.05936,2345.314,2660.0667,1324.1516,2652.1174,2893.4468,621.8712,2522.3337,2829.6287,1774.3315,2654.2085,2872.3496,672.6021,2571.224,2861.8188,1776.8463,2618.822,2896.2168,700.94006,2561.676,2889.614,1885.3533,2606.8203,2906.7305,645.5402,2541.9333,2888.042,1798.0526,1676.7538,3084.1055,-444.01202,1657.2445,2978.2668,442.93338,1289.7246,2578.732,-542.02124,1289.5823,2519.6284,375.7115,1168.441,3153.214,-370.92468,1148.5057,3027.1885,554.9863,1206.374,3244.881,-336.43622,1171.76,3106.9624,564.4673,881.5894,3259.6133,-317.2215,889.8658,3091.0366,527.1359
abs_down
IMG_20241017_115911_2.jpg,abs_down,2439.0046,2776.9736,87.9764,2483.1396,2776.911,16.749815,2489.7126,2783.7856,17.29411,2496.7195,2790.9097,17.185863,2475.1592,2766.3044,139.1679,2476.2947,2766.5457,139.35103,2478.1562,2766.9854,139.36655,2533.9937,2854.4895,-110.232666,2513.8772,2835.4363,459.27994,2422.586,2826.5225,44.57976,2413.6416,2815.6296,207.1832,2412.886,3066.0679,-289.6995,2315.1467,2931.253,744.2004,2701.9297,2958.013,-381.1196,2338.222,2661.4788,1284.6774,2662.7476,2899.142,507.66748,2527.8203,2826.8818,1762.9086,2674.9685,2872.8027,552.2975,2579.2905,2851.6458,1759.3823,2642.9346,2897.5916,575.81775,2569.47,2884.651,1872.411,2617.3967,2912.8743,527.5262,2551.3403,2886.039,1787.8029,1675.2688,3094.0444,-426.64008,1657.3743,2979.68,425.61334,1305.9316,2593.832,-523.48315,1314.9347,2523.345,322.8071,1161.4814,3157.4136,-412.98422,1159.4424,3032.107,506.98453,1200.7198,3248.2144,-386.43658,1189.0905,3106.3516,516.7857,871.6917,3257.9524,-402.59738,899.49677,3098.1506,470.2106
abs_down
IMG_20241017_115912.jpg,abs_down,357.00366,271.16684,76.68973,360.67194,265.09436,92.85306,363.16937,265.20016,92.87308,365.74734,265.53336,92.85975,351.19046,265.47928,91.561935,347.61182,266.06537,91.56944,344.78592,266.87665,91.53035,370.58212,269.37442,167.47374,339.8164,271.83215,162.98653,362.6491,277.96072,104.14378,351.14758,279.40778,102.4281,398.12527,299.28497,155.77565,320.58893,302.94293,159.83461,415.08154,331.46506,20.513313,319.8792,345.47266,46.508114,393.13727,331.72803,-122.718414,328.594,337.00665,-76.21241,389.5473,334.20355,-145.67418,330.43317,336.52228,-96.804596,383.38208,329.49713,-140.26852,332.69907,328.6536,-87.73643,383.1994,329.21887,-123.20457,333.89175,329.23145,-73.7528,387.8366,358.96237,-9.468154,340.30936,361.63837,9.237755,411.7983,282.98135,-186.04054,284.4516,281.89987,-141.75381,393.12708,392.2684,-266.7231,332.0936,359.95547,-189.13982,392.2888,405.26932,-275.12497,345.83136,371.68594,-193.67448,392.7139,418.09116,-338.2427,336.34195,382.29553,-243.54034
abs_down
IMG_20241017_115912~2 - Copy.jpg,abs_down,356.35342,274.61407,114.19454,359.43958,268.09198,132.71176,362.09113,268.15045,132.73622,364.68274,268.34015,132.74286,351.04575,268.30096,130.53816,347.23685,268.62103,130.54416,343.6459,269.31277,130.50766,368.55847,271.6293,212.91508,337.157,274.3231,205.20949,361.11868,281.85263,142.57968,351.34332,283.04565,139.91553,395.06836,300.94205,196.26955,317.85443,301.99738,190.05734,424.31183,320.5222,33.4887,314.43802,339.17496,58.053326,394.40378,303.10587,-128.89362,325.9735,325.0955,-51.726437,388.24002,301.55795,-150.13719,327.6105,322.4401,-69.61949,377.13617,290.3324,-138.93431,330.7848,316.8832,-56.730854,378.22092,292.55994,-126.85562,332.08688,318.33133,-47.04232,387.9004,364.84564,-10.221692,341.3574,367.3493,10.044652,409.8593,288.09146,-187.53625,278.91818,291.68954,-124.510056,393.1751,401.38654,-291.99365,332.7322,347.92566,-190.32698,385.5228,417.10492,-301.6783,347.0924,357.8741,-195.7894,389.45856,427.49884,-360.40436,341.45505,359.80402,-240.88194
abs_down
IMG_20241017_115912~2.jpg,abs_down,356.35342,274.61407,114.19454,359.43958,268.09198,132.71176,362.09113,268.15045,132.73622,364.68274,268.34015,132.74286,351.04575,268.30096,130.53816,347.23685,268.62103,130.54416,343.6459,269.31277,130.50766,368.55847,271.6293,212.91508,337.157,274.3231,205.20949,361.11868,281.85263,142.57968,351.34332,283.04565,139.91553,395.06836,300.94205,196.26955,317.85443,301.99738,190.05734,424.31183,320.5222,33.4887,314.43802,339.17496,58.053326,394.40378,303.10587,-128.89362,325.9735,325.0955,-51.726437,388.24002,301.55795,-150.13719,327.6105,322.4401,-69.61949,377.13617,290.3324,-138.93431,330.7848,316.8832,-56.730854,378.22092,292.55994,-126.85562,332.08688,318.33133,-47.04232,387.9004,364.84564,-10.221692,341.3574,367.3493,10.044652,409.8593,288.09146,-187.53625,278.91818,291.68954,-124.510056,393.1751,401.38654,-291.99365,332.7322,347.92566,-190.32698,385.5228,417.10492,-301.6783,347.0924,357.8741,-195.7894,389.45856,427.49884,-360.40436,341.45505,359.80402,-240.88194
abs_down
IMG_20241017_115913.jpg,abs_down,478.66904,566.5706,84.0069,490.5398,563.4192,67.43445,492.18204,564.30646,67.477585,493.87793,565.2666,67.484634,488.96045,562.40173,94.589645,489.43634,562.5821,94.66693,489.9333,562.7294,94.62746,503.38687,576.40753,30.77926,498.42468,573.1849,153.41417,475.60623,575.89276,71.725204,473.47748,575.00165,107.209206,473.47476,620.402,-52.809387,455.17307,605.60095,202.59157,450.40637,623.4706,-144.23135,373.23602,608.2369,239.6742,414.9801,607.85614,-100.62789,290.07928,601.9851,229.32639,405.17053,607.2227,-111.735916,268.0184,599.96295,235.41658,400.0299,603.30646,-96.92962,265.1677,601.0074,214.30095,402.9596,604.89166,-94.41176,273.66214,603.1768,219.54016,316.125,623.4305,-93.34796,316.1428,606.9676,92.89596,242.71082,499.17435,-118.49868,246.17145,492.22986,72.827095,190.98361,622.80524,-81.72178,203.1585,606.15454,140.3261,199.93495,643.0947,-75.990005,212.56764,621.26935,144.62556,129.2134,641.4407,-82.70921,152.0631,628.9184,126.9507
abs_down
IMG_20241017_115914.jpg,abs_down,475.22443,566.5143,98.72123,485.51538,562.55035,82.072205,487.24023,563.4698,82.13402,489.1363,564.39484,82.1352,483.9994,561.66235,109.63516,484.48477,561.8817,109.70763,485.01724,562.0969,109.68491,500.71133,574.9084,41.319252,495.25497,572.0879,166.48083,473.46732,576.08325,84.30599,471.50916,575.53503,120.438705,479.01678,621.1104,-45.708126,460.29672,606.0135,208.89859,487.73782,606.242,-109.54992,371.83688,610.16095,256.14108,481.71985,581.05206,8.064085,292.04453,599.4898,236.95464,480.77573,575.97815,4.698904,270.89615,597.4375,240.37993,474.45587,574.9013,17.71319,268.7615,597.7016,217.50893,474.36075,578.8901,14.395916,277.0835,599.6379,226.00511,320.89096,624.054,-93.626,319.85947,611.1368,93.16402,242.37523,504.12454,-117.941696,246.97815,496.7018,79.51917,190.60661,623.7946,-88.65048,201.38042,608.7739,134.42897,204.5551,643.3422,-83.4962,212.23778,624.72644,136.69893,134.67241,644.04236,-85.989174,149.88129,631.7398,119.0929
abs_down
IMG_20241017_121145.jpg,abs_down,2472.387,2649.9297,83.178955,2514.4153,2666.2578,30.665773,2520.5847,2675.4863,30.87373,2527.8828,2684.9724,30.806467,2504.5154,2652.5203,137.57588,2502.728,2651.3323,137.70102,2501.587,2649.84,137.47601,2528.01,2739.8865,-56.842865,2492.17,2679.6963,430.52203,2444.0974,2686.3647,61.817944,2429.8413,2671.0386,201.88834,2370.5984,2920.2266,-140.7647,2229.346,2703.8167,667.4155,2413.5396,2742.5222,-131.58017,2185.869,2450.1956,924.72144,2570.0347,2749.2217,419.74637,2424.9507,2605.0337,1049.5956,2595.644,2756.7756,490.56497,2482.1414,2641.708,1043.9822,2574.57,2774.7969,478.54395,2474.297,2656.8062,1140.7853,2557.595,2772.123,432.20883,2461.5916,2649.46,1075.7882,1655.0173,2875.481,-332.23035,1627.2483,2735.6726,331.00754,1126.487,2784.0442,-470.40643,1128.2743,2702.0635,195.72607,584.1194,2842.6716,-659.069,617.864,2773.5112,67.83939,524.3846,2910.3403,-682.13776,553.7023,2852.8374,39.150547,344.96722,2707.422,-1001.15765,404.0521,2662.1125,-180.47348
abs_down
IMG_20241017_121145_1.jpg,abs_down,2444.2917,2626.3867,66.646545,2490.7637,2646.6116,10.340816,2497.4563,2657.5002,10.541357,2504.461,2668.3633,10.481294,2482.063,2631.7795,121.52082,2481.81,2631.5427,121.647095,2481.8696,2631.6262,121.45805,2511.934,2735.488,-96.20925,2481.2783,2681.2493,408.84613,2414.785,2670.3396,36.49339,2403.9834,2651.7246,181.94682,2356.4558,2915.4475,-187.98244,2211.1016,2715.9377,654.3915,2375.4758,2746.83,-187.03658,2151.938,2462.9702,916.0714,2541.036,2761.6414,353.41367,2390.1548,2596.0093,1050.018,2570.3408,2760.5422,421.79968,2447.6885,2630.5872,1041.4812,2555.6606,2781.667,404.19885,2442.4773,2646.6418,1143.3938,2537.0642,2782.538,361.75864,2422.088,2640.7637,1075.9954,1641.7291,2870.8323,-331.25397,1624.1151,2730.402,330.13315,1120.0353,2786.7898,-394.36255,1121.6534,2705.7087,191.92844,609.9539,2848.5579,-517.6109,634.8002,2774.3628,129.42589,550.5155,2912.8457,-535.0184,584.7252,2834.1377,105.88367,367.7306,2732.1511,-843.6329,423.4221,2668.9878,-126.24819
abs_down
IMG_20241017_121146.jpg,abs_down,365.54874,478.21625,351.016,368.46475,475.72815,385.3555,370.769,476.35785,385.54108,372.77295,477.16696,385.50726,361.00397,475.32657,386.17865,358.30304,475.6791,386.13608,355.82968,476.27597,386.25323,375.69928,482.49774,472.03772,352.15692,481.7866,473.18655,371.09882,486.09708,372.97467,360.78323,485.39664,373.09814,395.3713,510.60815,438.1389,330.24194,509.05026,440.58737,429.91147,481.2183,406.7654,297.4187,476.83914,442.87115,393.81128,480.83032,519.4598,333.27817,478.75757,566.2219,385.32156,481.23047,523.3123,342.67764,479.64005,574.2769,381.75906,483.3601,547.08844,344.2352,481.7624,598.5024,383.5676,484.88147,527.4439,341.40878,482.87775,575.36475,383.1394,551.5758,2.4115534,340.55902,549.4587,-2.2085278,394.94922,591.0207,-270.91296,338.14426,587.2175,-253.78113,389.69827,659.81067,-493.70615,339.02972,657.4712,-467.30414,385.15228,683.3718,-523.1491,342.41284,681.5648,-497.6006,403.95337,661.6063,-613.29083,338.84326,663.4162,-593.50116
abs_down
IMG_20241017_121147.jpg,abs_down,478.6648,581.2436,39.978592,487.39993,583.14954,22.996174,487.9969,584.2073,23.009085,488.718,585.28296,22.971357,486.9012,582.21423,46.98036,486.91992,582.54645,46.998356,487.03937,582.8781,46.95548,488.918,594.00867,-17.73376,486.29538,589.98773,90.352875,471.32455,586.987,27.773357,470.28214,585.73346,58.967926,463.06107,624.8987,-64.8217,435.66193,602.1032,142.32123,468.33652,564.948,-43.948742,438.08734,565.26825,217.95078,496.10184,585.8755,121.2967,480.67273,579.99084,240.51195,500.18457,591.3135,133.45602,488.57166,583.7942,237.0591,499.6183,599.1456,121.72981,486.96228,591.61194,240.49274,496.8087,599.0027,121.21004,483.8047,592.7278,239.19112,303.05988,622.056,-75.360954,298.8343,607.79767,75.25655,188.1771,605.4113,-90.80293,185.65732,604.15814,47.028877,68.007286,623.012,-118.53479,71.69169,618.19116,28.61242,52.149223,637.2576,-121.21224,55.59833,631.476,23.117443,21.590637,596.57715,-167.64365,25.273865,589.78357,-14.206632
abs_down
IMG_20241017_121148.jpg,abs_down,477.03622,568.894,42.81363,486.26465,573.1224,25.181225,486.3995,574.2606,25.18973,486.56708,575.3063,25.159521,486.05798,572.0467,50.444103,485.84015,572.40173,50.447666,485.59738,572.5404,50.4062,483.7228,584.5168,-17.657932,482.42868,579.43823,97.0786,468.99426,574.75903,29.913433,468.12125,573.20197,63.089294,457.63535,623.13275,-61.024082,429.3301,595.97845,146.54233,468.674,576.7265,-62.916386,444.08655,566.32166,239.23346,474.34988,570.89844,83.42511,470.15756,572.73083,273.1325,478.588,573.02625,92.56865,475.34238,575.5627,269.28183,469.20132,579.31244,84.83041,475.07352,578.10815,266.9394,467.5177,580.87604,84.18673,472.34137,577.258,269.08582,300.35843,620.62335,-76.73186,297.32663,605.4959,76.59599,187.0997,607.21686,-110.08459,186.91757,603.453,30.32151,64.91014,626.66364,-153.63548,71.19267,622.95935,-2.1071162,49.62739,641.58826,-158.45184,53.578644,636.20013,-9.067854,19.657553,594.6631,-212.34828,27.046537,590.2814,-49.403072
abs_down
IMG_20241017_121149.jpg,abs_down,478.4045,574.7906,51.232204,487.15125,577.01385,36.91179,487.54553,577.94727,36.921993,488.01303,578.81067,36.888966,486.6581,575.9564,60.93914,486.48883,576.1088,60.94615,486.3519,576.1344,60.91013,486.64706,586.97656,3.0766032,484.452,581.8644,111.880455,471.1464,579.61456,40.687824,469.9748,577.8945,72.08797,458.78165,626.0379,-46.629974,431.4966,593.77545,158.20908,465.63306,576.33496,-35.177933,438.48038,556.6089,235.7462,481.77133,572.77795,118.40047,475.76645,571.829,261.00867,486.99417,576.2733,130.86589,486.48447,575.3611,255.31248,489.19324,582.50824,120.05249,486.20132,582.039,258.43518,485.03815,582.0148,118.96048,483.0258,581.4683,258.97015,304.44797,622.9105,-76.37055,300.93106,604.4622,76.22301,191.00716,606.64197,-120.77986,191.33951,601.26624,18.191187,67.05909,624.6144,-173.11034,74.00343,620.16284,-24.20193,50.742638,639.2649,-178.95741,55.56291,633.39575,-32.702824,19.179815,594.0716,-233.6498,27.097965,587.35956,-73.51793
abs_down
IMG_20241017_121837.jpg,abs_down,345.569,470.22607,-20.268993,343.0496,484.42206,-11.245904,343.22552,484.31012,-11.315725,343.62616,483.8823,-11.360594,348.5264,472.2346,-20.467466,349.88605,471.937,-20.517727,351.22736,471.6159,-20.6395,350.49234,475.58008,33.335564,358.24713,464.39,-8.721715,346.22675,463.29514,-2.2349625,350.13004,463.53305,-14.684545,343.90778,442.81155,62.6261,373.02872,427.9894,12.092447,313.64624,423.27368,81.52235,387.58246,391.08484,42.23692,306.01733,420.65387,52.002964,399.64944,401.1303,76.892296,304.27155,422.54825,51.393147,403.50595,402.7318,81.26807,307.40628,426.59747,38.723095,404.73242,410.70416,72.22731,308.7522,426.88013,47.65786,402.31323,410.714,75.46358,331.6986,391.0775,26.636696,349.8992,381.755,-26.574896,345.48538,439.8053,-98.232796,365.71555,431.98343,-96.5806,356.3318,460.14676,-123.801285,376.85007,474.81073,-164.49571,351.7418,450.51508,-126.70295,371.87283,474.26306,-172.2076,372.01517,461.8894,-167.14598,395.17514,504.22604,-232.73404
abs_down
IMG_20241017_121841.jpg,abs_down,549.90625,631.17645,-22.654543,559.2956,637.2989,-42.617844,559.4059,638.5891,-42.686028,559.57355,639.9884,-42.713184,559.452,637.4228,-16.019722,559.67847,638.6273,-15.999998,559.9899,639.91876,-16.071053,555.861,652.3357,-88.1281,556.3149,650.98785,28.482914,539.9074,634.6494,-36.057808,539.82446,634.22943,-2.0509193,511.4385,668.1416,-152.44757,496.79968,647.47925,106.342926,442.8122,678.7688,-190.38342,429.16153,653.16565,149.9094,372.43896,678.70984,-197.51036,370.47998,659.5495,125.956635,350.9404,682.78186,-215.73299,352.56732,661.1057,126.95008,350.75034,678.5466,-215.18642,353.05035,661.07153,104.09454,358.02444,675.9437,-195.81285,358.13226,660.9934,114.740974,345.48654,659.76135,-74.80012,342.70517,642.91815,74.815155,246.29753,646.33704,-110.056,251.13689,624.9169,18.894949,132.65327,664.0315,-102.83517,135.20026,655.78845,30.317606,115.72042,681.30817,-105.31249,120.51197,672.5698,26.47669,92.98475,623.5314,-175.09096,99.617455,619.2112,-24.417974
abs_down
IMG_20241017_121842.jpg,abs_down,549.52075,630.60425,-23.96965,558.83344,636.54016,-44.33525,558.9429,637.8052,-44.395844,559.10034,639.16656,-44.42107,558.8635,636.57764,-17.084625,558.9874,637.7271,-17.060793,559.181,638.99963,-17.122042,555.0577,651.3026,-90.6383,555.3359,650.2803,29.046017,539.98676,633.761,-37.58874,539.7952,633.2144,-2.7146492,511.34006,666.42773,-155.15799,496.88272,646.2512,107.940155,442.25443,678.6104,-189.95732,428.9641,653.3186,152.18315,373.74606,677.54376,-189.91031,371.7677,660.7631,127.987144,351.8798,681.6464,-207.33066,353.85214,662.23706,129.32158,352.07062,677.63043,-205.87886,354.10977,662.1249,106.90447,359.2975,675.11426,-187.80127,359.21036,661.95306,116.952675,345.64896,657.75354,-76.99689,342.83392,642.54785,77.00228,246.79953,644.42224,-114.45064,251.515,624.3952,19.06761,131.83015,663.931,-104.77337,134.96236,655.9938,34.40165,115.071846,680.6888,-106.75659,119.65699,672.698,31.096315,93.21506,623.0057,-176.03894,99.68435,619.02563,-18.367096
abs_down
IMG_20241017_121843.jpg,abs_down,551.372,630.3037,-25.573528,560.28894,636.1978,-45.673115,560.42145,637.517,-45.739098,560.60126,638.93945,-45.770435,560.28107,636.23816,-18.791298,560.4059,637.42664,-18.773977,560.5954,638.7275,-18.850496,557.0337,651.3654,-91.83755,557.08325,650.3381,26.17444,541.53986,633.5552,-39.189243,541.21735,632.992,-4.7958555,513.1782,667.75305,-155.30281,497.84195,646.92834,103.53736,443.74994,678.9855,-182.17493,429.76584,654.77606,145.60138,371.11496,677.94556,-172.55214,369.0867,662.3604,122.63672,348.14633,681.76904,-188.32764,350.5434,663.5076,124.113914,348.4131,677.47095,-187.29253,350.9983,663.08716,101.70351,356.35803,675.1964,-170.33086,356.82278,663.0221,111.72336,346.10196,658.0394,-75.356766,343.33124,641.21814,75.35503,244.7252,645.7695,-99.10949,248.87405,625.91,27.519444,132.15034,664.07196,-83.46529,134.54355,655.1141,49.734,115.36118,681.60657,-85.08911,120.84483,671.9077,46.8684,93.77226,624.3763,-154.32861,101.00851,619.2759,-4.6917577
abs_down
IMG_20241017_122222.jpg,abs_down,445.3561,620.6948,82.8369,456.29886,621.8894,65.405914,457.31506,623.3711,65.40553,458.50317,625.00214,65.36053,455.94577,620.7823,95.50932,456.63284,621.3783,95.52596,457.51648,622.08844,95.48888,462.4767,638.5611,23.833374,461.06274,635.4243,157.7436,439.75418,629.2876,68.45087,438.7488,627.20483,106.995895,433.9176,677.3449,-62.881123,411.99924,654.8369,215.13869,371.58783,689.48755,-131.12901,340.75165,674.4831,166.58366,394.43637,644.18805,-67.33156,316.19736,649.8657,12.352625,385.94354,637.3871,-71.36686,308.23856,644.8104,-3.853009,398.73123,636.71405,-58.5575,313.87683,640.8006,-14.424066,399.34714,639.0539,-58.764553,317.516,642.6022,1.7587814,272.25223,681.09485,-99.57495,269.42523,663.8475,99.301956,175.31035,585.9914,-120.54199,177.248,584.34784,43.761513,78.82701,672.38947,-102.37567,82.01873,664.00696,88.325386,67.0139,696.42944,-98.31645,67.70198,687.0602,89.24763,22.948837,647.5331,-113.763336,31.670612,641.6169,61.03396
abs_down
IMG_20241017_122223.jpg,abs_down,462.75122,631.5895,48.807304,473.29996,634.94696,30.752619,473.9159,636.5269,30.737843,474.7071,638.3378,30.664053,472.99304,634.1028,59.240993,473.32465,634.9357,59.238186,473.8103,635.92883,59.217484,474.86472,652.1234,-7.7190003,474.2297,650.0302,117.86922,454.33276,637.70386,36.344776,453.637,636.6247,72.418816,433.0676,675.43353,-96.0445,419.40274,658.84955,199.32307,358.32953,676.66003,-90.37806,344.01663,666.7115,118.23718,390.1467,635.724,69.48908,375.01715,633.68604,-92.2717,394.1833,626.0603,78.01448,378.27393,626.8584,-117.104004,402.2373,630.86505,80.900604,386.24783,627.2214,-116.105896,400.31656,633.6966,77.89692,386.07474,630.1432,-100.10943,273.67874,677.1859,-100.239784,272.71,661.658,100.04133,177.86894,589.23615,-111.134735,181.04471,585.27875,55.23103,79.57388,669.79944,-86.179,86.51438,662.8597,113.911354,66.96654,692.69586,-82.75367,74.54876,686.9848,116.22548,27.848196,642.311,-106.96927,42.51534,638.90576,93.687775
abs_down
IMG_20241017_122224.jpg,abs_down,478.11426,644.36816,24.497417,488.6398,650.7733,5.4652724,488.9188,652.1384,5.4390545,489.21725,653.6156,5.355413,488.64706,650.79803,34.307278,488.8622,652.08093,34.296337,489.079,653.4725,34.27479,485.5613,665.565,-34.665752,485.26425,664.82605,91.45912,468.48486,648.0911,11.19513,467.8633,647.94354,47.525444,436.85858,679.69543,-117.39029,426.94696,667.23334,176.2516,359.6278,668.3858,-98.74644,347.36768,665.801,96.81313,396.5611,630.7804,79.63737,385.32416,629.5364,-113.74398,400.17328,622.44135,89.15194,388.3061,623.8258,-138.44359,404.87665,628.4163,93.17542,393.7287,625.224,-138.15205,404.8314,631.4707,88.76868,393.60074,628.4095,-121.68435,274.2234,679.1414,-96.09342,275.03415,665.24854,95.94671,176.84593,587.887,-107.81257,182.22997,587.7803,56.73866,77.070114,668.78046,-80.49613,83.794785,661.2732,119.12601,63.39546,694.2216,-76.119705,70.05123,686.4075,121.965034,26.24572,641.14514,-98.436356,38.171482,638.1234,101.374435
abs_down
IMG_20241017_125824_DRO.jpg,abs_down,158.86588,505.56613,-95.60802,149.61702,512.15967,-84.48462,149.44713,513.0749,-84.526535,149.27074,514.2277,-84.537506,150.46649,513.60803,-117.73418,150.82787,515.39667,-117.784256,151.15298,517.45374,-117.89115,154.25327,526.3127,-19.054495,156.27242,528.578,-167.39326,167.71036,506.82336,-68.04592,168.64267,508.81662,-110.78182,205.39297,520.5932,83.18767,208.40079,538.1359,-231.2799,254.21265,493.6437,129.64337,293.49786,552.9373,-255.60213,303.9,496.12335,88.759766,363.33044,556.3539,-217.72134,321.8973,495.59277,88.75438,385.0687,562.0148,-238.3153,317.60217,500.49472,68.28175,386.2863,559.5548,-242.70247,312.48642,500.5128,78.518486,379.71027,556.124,-217.11647,348.6357,520.0853,104.05001,354.9115,533.21466,-104.067726,424.3333,467.96207,112.03667,432.05524,466.9776,-139.16196,480.2238,532.83264,216.1151,495.25925,547.29254,-4.4146795,477.3081,551.2363,224.13034,487.16083,560.7373,9.414182,519.67004,541.1299,215.58278,537.5801,553.9316,-0.9668847
abs_down
IMG_20241017_125825_DRO.jpg,abs_down,160.91077,506.35806,-70.08698,151.49155,512.42773,-60.15897,151.09747,513.3638,-60.223213,150.7467,514.57544,-60.25155,152.29486,514.0451,-91.84263,152.42819,515.9432,-91.83759,152.6135,518.0762,-91.92639,156.07391,527.96265,-2.086199,157.73952,529.9459,-143.06136,169.94928,508.8119,-44.950356,171.7115,510.9786,-85.65139,208.43376,526.5782,102.04951,208.59201,540.52563,-219.0647,274.88086,528.3167,151.37999,292.33627,552.5712,-265.72394,350.7306,543.4894,130.3122,362.95486,559.57794,-260.92267,367.64474,541.99976,136.79198,385.1548,566.0088,-288.54462,368.0161,542.9475,113.89585,386.55206,563.5025,-285.8069,360.2621,542.0528,119.372345,379.97107,559.8089,-258.8685,351.81888,523.2089,102.996414,358.767,534.49036,-103.00319,424.6969,470.66745,110.641335,427.87842,468.30783,-128.55643,482.44864,533.0968,217.47464,486.74554,541.15814,3.755183,482.9406,551.70825,224.96332,484.00598,558.378,17.081005,524.1397,541.7699,213.49736,534.1339,551.78815,8.880812
abs_down
IMG_20241017_125826_DRO.jpg,abs_down,162.9173,514.3453,-166.423,153.99371,517.9905,-150.82979,153.82858,517.68896,-150.85062,153.65096,517.49133,-150.85426,155.0876,522.005,-175.11946,155.6376,524.7285,-175.14992,156.2237,527.8588,-175.22444,157.37746,525.5093,-60.984184,161.6522,538.1793,-168.3684,171.63579,513.834,-130.3222,173.0404,518.20654,-161.18997,207.35965,524.5679,66.24462,210.9577,541.3503,-221.07092,266.23203,520.04004,121.80849,291.67374,554.93146,-257.7725,313.63654,505.40042,94.5053,364.03607,560.7301,-245.13307,332.4861,503.1875,97.73936,385.1216,566.8916,-267.39832,331.9949,506.21066,78.806564,386.0421,564.2389,-270.0988,326.92633,507.6901,85.546,379.38248,560.3365,-244.21193,349.60513,521.6458,99.98712,355.59506,536.313,-100.13602,424.52115,468.85046,105.11076,431.80325,470.82538,-131.2459,480.20184,532.1135,220.95354,494.4478,542.2719,2.2707472,477.28363,550.1752,230.84433,489.96335,559.40796,16.514996,517.26404,539.6516,228.40456,535.3366,551.3141,7.4643273
abs_down
IMG_20241017_130335_DRO.jpg,abs_down,447.84793,507.68024,-12.637322,456.66412,509.22256,-38.211956,456.96494,509.69366,-38.182102,457.40677,510.38855,-38.202545,456.86087,509.97058,-10.897671,457.15405,510.80228,-10.87689,457.5513,511.83148,-10.862227,455.93436,517.48413,-95.506165,454.7945,518.61804,29.239754,441.65912,511.75302,-29.352417,441.65274,511.99716,6.547669,424.04742,527.6269,-150.32147,413.83673,528.7274,114.249,462.04483,493.34995,-213.35898,439.92468,505.19327,302.89383,461.21637,533.2608,-138.50754,447.07242,524.0996,455.5268,460.2981,542.52856,-150.08435,450.2273,533.43274,481.685,457.00006,546.06134,-150.6744,449.2482,537.4127,474.91074,456.86008,542.0779,-138.13377,447.9131,533.3966,454.71085,273.93625,538.60767,-94.29828,274.69882,531.8911,94.28319,208.16849,462.27374,-85.36084,214.3943,479.65036,150.08344,131.73643,545.8768,-67.61952,136.21541,547.17584,153.85075,134.37622,559.35077,-61.54918,132.99805,561.9536,151.48586,76.74206,558.1669,-50.96798,89.20905,556.71387,140.69696
abs_down
IMG_20241017_130336_DRO.jpg,abs_down,443.10117,502.87546,26.142048,454.49384,503.20978,3.1310208,455.1392,503.6419,3.1309946,455.92017,504.1911,3.1158378,453.94885,503.6655,31.290367,454.4228,504.39066,31.279045,454.8598,505.18594,31.246288,456.4755,511.17993,-45.622105,453.9402,511.24808,82.552155,439.5352,508.65866,12.420053,438.11502,508.38715,49.34704,426.47296,535.54895,-101.926926,412.63248,523.4798,161.57649,445.43845,502.77496,-208.27927,405.9916,505.25256,339.92822,459.09543,526.5696,-202.56253,417.53262,499.86105,480.13284,464.41617,533.8678,-216.75587,419.32632,499.31937,505.5981,459.39017,538.4611,-220.88284,418.9478,502.09393,497.14548,455.48102,536.0202,-204.56114,418.29507,501.86642,478.9989,278.60245,541.1879,-90.71336,276.44876,528.8983,90.67934,207.27542,469.37238,-120.33329,209.38898,481.05188,63.87673,131.3486,547.3939,-135.76955,116.76779,552.004,43.395355,131.88376,564.30963,-134.44514,111.460396,566.35974,38.386246,71.31745,560.8478,-143.36829,75.13209,555.31604,6.7128253
abs_down
IMG_20241017_130337_DRO (1).jpg,abs_down,432.6274,501.7868,17.68755,442.92075,501.46814,-7.0969353,443.5516,501.9267,-7.080466,444.12997,502.33475,-7.12622,444.01657,502.25864,20.58874,445.30084,503.2165,20.616413,446.37042,504.05737,20.628496,446.65918,509.2703,-65.078705,447.01538,509.83768,61.224957,429.2649,507.2733,0.88775253,429.87198,507.2033,37.238636,420.89505,527.83545,-118.59154,412.73734,528.7297,137.6413,449.63565,491.2368,-173.77553,433.35876,505.41144,327.2526,455.45532,524.7646,-99.28792,440.64368,516.6273,482.4605,456.43616,537.43585,-108.37403,442.3605,520.85535,508.76672,452.3104,539.75336,-111.4147,439.97797,525.2321,501.71445,451.83426,537.95325,-99.562225,439.40588,523.0561,481.7918,275.08478,541.3059,-93.47702,276.6557,531.98584,93.42169,205.01105,467.5486,-86.88514,209.9532,488.34247,130.68457,127.04215,551.81635,-78.3601,131.13226,549.0728,147.07066,128.70262,567.5523,-72.89517,118.75783,564.96,146.71083,69.60954,560.70526,-71.87259,80.32397,555.8296,126.71818
abs_down
IMG_20241017_130337_DRO.jpg,abs_down,438.45184,502.2863,-11.120082,447.98758,502.6624,-35.21163,448.7074,503.3671,-35.223373,449.52866,504.16504,-35.276615,448.34473,502.5211,-7.631633,449.18698,503.05847,-7.6221576,449.9681,503.66193,-7.650196,451.71204,511.03152,-85.17529,450.37085,509.76157,41.175613,434.5349,508.0191,-24.601963,434.92587,507.0333,11.748672,425.68192,535.1313,-126.76323,413.52475,525.18994,120.85242,447.76202,497.63446,-207.44063,423.1006,500.2027,297.69583,451.40173,528.4295,-170.32114,430.894,514.33563,435.99612,454.6581,538.0078,-185.04771,432.62686,518.73883,457.92596,449.6999,540.5687,-186.46875,431.01648,522.80304,451.1145,449.75943,538.8946,-171.17255,430.3656,520.60956,435.03214,277.30844,541.9003,-86.29313,277.11975,529.03394,86.32859,204.45996,470.27115,-115.50352,208.64351,486.88083,61.38471,131.10396,544.8862,-37.83215,118.06236,552.0515,89.84309,130.94675,560.89264,-26.44635,112.3219,564.67926,90.65173,81.100914,557.1035,-24.073202,81.07394,556.5239,58.843628
abs_down
IMG_20241017_130843_DRO.jpg,abs_down,162.47574,505.02228,47.5405,167.7078,505.59305,53.48095,148.77301,511.86047,53.428623,148.75621,512.4167,53.374443,149.82422,511.14374,28.461117,149.75354,511.73044,28.44906,150.19379,512.0934,28.360676,149.28943,518.8545,98.37045,167.75731,518.101,-12.731,183.07964,504.95886,68.02529,166.69666,508.89392,35.801517,205.07602,525.81036,189.10455,200.51671,520.0656,-84.460884,247.31876,495.91336,249.45412,250.83604,502.63547,-128.7236,263.64267,474.70407,248.19243,285.5169,493.4757,-110.17138,267.8365,474.33005,257.4345,295.35632,495.7652,-123.07443,262.86856,470.68353,241.39742,293.06433,493.3642,-110.42167,261.96597,470.0125,240.82996,289.55078,493.6121,-103.95865,318.1517,535.7573,94.157265,317.67767,544.4201,-94.16106,384.95615,475.34494,92.518616,391.66574,467.1563,-119.13606,437.17166,541.697,131.89574,447.21573,541.4361,-56.888584,434.0504,554.27234,134.9792,446.70605,556.6259,-47.641056,472.11874,544.2748,120.42497,493.72644,536.30426,-50.05224
abs_down
IMG_20241017_130845_DRO.jpg,abs_down,184.19673,496.84314,17.809376,174.54706,499.12543,23.18711,174.18553,499.40985,23.124863,173.84644,499.66916,23.057869,174.27031,500.431,-2.298963,173.5224,502.201,-2.302167,172.7706,503.95923,-2.3557675,172.46805,509.8733,69.95689,172.12347,514.8505,-44.584362,190.19388,501.1517,39.004986,189.58315,503.7729,5.8184686,210.9046,523.97626,161.03172,199.20575,532.1275,-108.82505,250.29562,501.8638,256.45316,244.1283,511.55902,-147.00375,259.95,482.3234,273.38962,266.86957,494.27405,-100.775116,264.254,479.3038,283.46146,277.42276,492.2999,-107.32983,257.33276,481.32724,268.35187,273.5858,488.9317,-98.59935,256.2283,479.38806,266.75024,269.88263,491.4627,-94.48633,318.8994,530.0171,89.52974,319.99283,542.10785,-89.43885,389.00696,469.3561,81.16535,395.69614,466.17426,-115.605354,438.4,539.0348,113.42668,459.4363,543.33905,-77.4544,436.1012,551.68866,115.03691,454.91135,558.18756,-71.02761,472.98495,548.2073,100.319725,491.56238,553.58276,-80.36572
abs_down
IMG_20241017_131317_DRO.jpg,abs_down,137.11394,516.3028,-51.437023,126.8793,523.6594,-41.61797,126.89603,524.3904,-41.695404,126.74965,525.15436,-41.79867,126.36092,525.70074,-72.74569,126.0215,527.8216,-72.7284,125.58001,529.9552,-72.69726,129.36191,535.84406,26.337759,128.76064,541.7699,-113.61591,147.45518,517.7992,-23.118795,146.34702,520.439,-63.714985,183.18446,529.47516,126.06012,164.85336,547.1271,-165.4428,211.25606,483.574,257.74725,149.39633,510.00055,-265.76816,219.9077,469.3934,300.10867,116.190704,536.3656,-242.86676,221.98549,471.01718,315.58813,106.51039,542.7581,-265.40497,217.8935,478.24564,296.0567,110.48362,543.6876,-254.7499,217.29752,479.05493,293.2153,113.60961,542.2106,-239.8536,318.79398,530.3624,103.12792,323.6301,542.93286,-103.13802,381.66766,473.20132,126.99423,395.5959,466.18924,-125.79438,436.30508,539.09235,190.94942,462.5217,543.3061,-54.690155,436.0751,555.61884,197.18004,454.25818,560.7704,-45.85393,475.4544,548.7447,200.0966,507.62808,557.10284,-48.05206
abs_down
IMG_20241017_131318_DRO.jpg,abs_down,153.4207,510.23422,-51.529907,144.83467,513.05707,-44.05778,144.43236,513.5981,-44.1282,144.0701,514.10077,-44.193516,145.41187,514.8985,-71.88844,145.31155,517.0624,-71.91406,145.22472,519.2035,-71.89497,145.66643,525.6281,18.543427,148.07188,531.6396,-106.179184,161.0923,509.67337,-24.874834,161.57758,512.21106,-60.764095,188.71202,520.45465,105.72737,174.72714,536.53467,-134.23776,219.36958,468.87952,171.0747,140.72922,498.82422,-130.98737,236.99889,473.3923,121.966446,120.35596,540.2735,86.28237,240.74142,473.42743,121.58767,112.09001,547.38043,91.450745,238.21947,482.60355,106.91564,116.961136,548.3797,103.09357,237.77847,483.18304,113.652725,125.40815,544.5732,92.49062,321.02383,531.0662,91.05823,325.3699,541.17487,-91.13395,383.004,470.62784,116.07674,395.87384,465.44385,-106.83958,431.0076,539.72266,150.63615,465.4784,545.0269,-82.54062,431.2929,555.9833,154.46811,457.32837,563.46313,-77.39311,473.36026,550.07104,154.09398,510.2831,561.9881,-89.15497
abs_down
IMG_20241017_131319_DRO.jpg,abs_down,415.34268,542.91327,-50.04582,425.17645,544.96735,-41.92801,425.3425,544.5719,-41.889725,425.3144,544.13135,-41.865215,425.6777,544.30005,-71.188,426.13663,543.4265,-71.19424,426.42432,542.539,-71.312225,421.25903,531.2235,11.500445,428.13928,533.199,-124.994316,404.68115,538.8015,-25.569895,404.84534,538.5635,-65.33892,401.57092,508.76025,75.27044,397.65558,499.7344,-170.51485,396.24896,513.5785,157.75339,364.33823,479.67062,-270.04636,407.68848,558.02783,203.87636,335.856,553.86426,-322.00677,413.64255,567.746,214.44458,328.24643,561.9167,-346.34338,413.88263,572.77783,195.35838,333.08243,565.65875,-330.38385,410.5937,570.25726,195.51396,336.19598,562.1914,-315.2722,277.1868,534.59906,75.64153,277.65994,534.50146,-75.91449,192.5885,541.64355,148.58295,188.7943,538.00494,-6.209425,113.837975,544.7838,243.83708,110.88964,547.4191,100.006134,101.44136,536.9319,249.56058,104.61538,539.26135,109.27395,101.28583,562.74133,199.02908,94.1568,566.204,53.580708
abs_down
IMG_20241017_144004.jpg,abs_down,345.7515,303.90536,-338.8877,350.13113,296.02554,-326.20844,352.94272,296.01178,-326.21918,355.3852,295.9928,-326.20123,342.05936,295.92374,-322.834,339.42642,295.78732,-322.85995,337.05936,295.71692,-322.88446,359.11823,299.09564,-224.16429,334.90823,298.50955,-208.61348,351.0652,312.11667,-299.2248,340.5113,312.18945,-294.90533,393.08936,350.28436,-153.5912,313.95728,350.1188,-117.60434,408.1463,413.54254,-135.7713,303.72974,415.67337,-58.15804,418.5382,463.96323,-266.2602,291.33917,471.2329,-146.12045,424.85883,485.06647,-301.26828,286.59958,492.2595,-177.03587,417.2951,484.69803,-333.1844,289.59723,492.1765,-211.10963,413.08585,476.75662,-282.01468,292.23816,484.69293,-162.96149,377.3531,483.1355,-8.893343,328.52838,484.50467,8.817643,399.79535,566.3125,27.950024,317.71054,569.0838,90.95513,413.75793,636.1933,240.66551,313.20282,632.9242,345.28357,409.64572,645.9333,256.1833,317.81192,638.57404,365.25455,423.692,665.6794,131.28778,296.73044,660.8264,251.14307
abs_down
IMG_20241017_144039.jpg,abs_down,491.995,495.94913,-109.28178,499.13986,503.9126,-111.38632,498.65863,506.38434,-111.41877,498.1328,508.97382,-111.44304,500.0779,500.27527,-88.68022,500.2911,499.97687,-88.71824,500.4131,499.67926,-88.766975,491.4759,518.53204,-82.94763,494.063,504.268,19.531363,479.8793,497.90222,-98.670044,480.7393,493.58792,-69.1246,446.0196,543.1299,-134.26027,431.5441,492.8982,133.59991,419.02466,558.8579,-372.9586,387.63403,458.20154,253.89009,463.67505,509.32297,-562.4173,415.69427,421.29816,273.55728,473.1019,498.7927,-603.8714,427.4215,408.85175,284.48102,476.51413,497.94598,-577.4247,431.9479,409.86392,273.11047,473.40002,500.02795,-555.4381,428.35007,414.34473,269.64645,291.80057,525.26135,-98.04258,298.09134,493.4428,97.95717,219.43288,431.32468,-194.80045,234.02943,410.89615,47.238873,144.523,492.2009,8.4055395,153.54655,469.6621,204.62227,148.48251,512.8245,31.923538,153.78793,489.15677,219.0161,97.091736,496.9557,23.570938,110.11187,479.62497,189.94351
abs_down
WhatsApp Image 2024-10-18 at 10.39.12_725ec0bc - Copy (2).jpg,abs_down,526.01605,713.0127,-36.769665,536.9012,719.85486,-49.67155,537.34155,722.25446,-49.617607,537.9271,724.7521,-49.6739,536.44586,717.8506,-26.349228,536.49097,718.72736,-26.382708,536.66376,719.58466,-26.449738,533.9601,739.6673,-66.599976,531.41797,731.0601,41.062508,513.68994,719.96515,-41.419872,513.26404,717.8415,-10.394813,485.55612,771.4042,-81.74442,471.61044,734.8209,112.422226,544.54047,746.998,-58.99215,507.1362,700.37335,233.16342,537.44543,739.76056,185.21808,523.5774,718.68994,290.5984,531.76166,736.556,210.55656,534.0649,727.1496,284.73007,527.7555,735.7013,212.69109,526.96606,725.7371,291.97644,523.2571,736.0834,190.26479,522.3438,724.2853,288.33505,300.27243,762.1991,-77.932274,299.08588,730.1329,77.535164,175.51416,742.2416,-106.02551,179.14804,719.1801,73.54234,46.05065,761.8702,-157.60165,61.628754,740.83655,74.16562,27.756872,779.6585,-164.1468,42.01676,758.72815,70.284035,-2.9100251,727.6356,-235.30939,23.3488,705.2772,33.758305
abs_down
WhatsApp Image 2024-10-18 at 10.39.12_725ec0bc - Copy.jpg,abs_down,526.01605,713.0127,-36.769665,536.9012,719.85486,-49.67155,537.34155,722.25446,-49.617607,537.9271,724.7521,-49.6739,536.44586,717.8506,-26.349228,536.49097,718.72736,-26.382708,536.66376,719.58466,-26.449738,533.9601,739.6673,-66.599976,531.41797,731.0601,41.062508,513.68994,719.96515,-41.419872,513.26404,717.8415,-10.394813,485.55612,771.4042,-81.74442,471.61044,734.8209,112.422226,544.54047,746.998,-58.99215,507.1362,700.37335,233.16342,537.44543,739.76056,185.21808,523.5774,718.68994,290.5984,531.76166,736.556,210.55656,534.0649,727.1496,284.73007,527.7555,735.7013,212.69109,526.96606,725.7371,291.97644,523.2571,736.0834,190.26479,522.3438,724.2853,288.33505,300.27243,762.1991,-77.932274,299.08588,730.1329,77.535164,175.51416,742.2416,-106.02551,179.14804,719.1801,73.54234,46.05065,761.8702,-157.60165,61.628754,740.83655,74.16562,27.756872,779.6585,-164.1468,42.01676,758.72815,70.284035,-2.9100251,727.6356,-235.30939,23.3488,705.2772,33.758305
abs_down
WhatsApp Image 2024-10-18 at 10.39.12_725ec0bc.jpg,abs_down,526.01605,713.0127,-36.769665,536.9012,719.85486,-49.67155,537.34155,722.25446,-49.617607,537.9271,724.7521,-49.6739,536.44586,717.8506,-26.349228,536.49097,718.72736,-26.382708,536.66376,719.58466,-26.449738,533.9601,739.6673,-66.599976,531.41797,731.0601,41.062508,513.68994,719.96515,-41.419872,513.26404,717.8415,-10.394813,485.55612,771.4042,-81.74442,471.61044,734.8209,112.422226,544.54047,746.998,-58.99215,507.1362,700.37335,233.16342,537.44543,739.76056,185.21808,523.5774,718.68994,290.5984,531.76166,736.556,210.55656,534.0649,727.1496,284.73007,527.7555,735.7013,212.69109,526.96606,725.7371,291.97644,523.2571,736.0834,190.26479,522.3438,724.2853,288.33505,300.27243,762.1991,-77.932274,299.08588,730.1329,77.535164,175.51416,742.2416,-106.02551,179.14804,719.1801,73.54234,46.05065,761.8702,-157.60165,61.628754,740.83655,74.16562,27.756872,779.6585,-164.1468,42.01676,758.72815,70.284035,-2.9100251,727.6356,-235.30939,23.3488,705.2772,33.758305
abs_down
WhatsApp Image 2024-10-18 at 10.39.12_9a808aef.jpg,abs_down,526.39,715.11194,-52.102844,537.4375,722.6848,-61.20126,537.7524,725.3215,-61.145042,538.15106,727.8785,-61.209126,536.88965,719.5644,-40.760452,536.7267,719.8311,-40.788647,536.70935,720.02325,-40.85106,534.0799,741.97626,-65.119774,532.3748,730.9125,30.07396,513.36475,721.8659,-52.167007,512.9296,717.59814,-24.809029,483.0722,771.73145,-79.133995,470.96667,731.0521,102.51495,540.80835,747.9669,-56.30649,510.19608,693.7084,206.5877,534.73676,739.3761,181.5208,524.32996,716.4897,255.60486,530.7879,733.1889,207.96817,534.4362,723.78076,247.96686,526.9278,735.3617,209.53366,527.1729,725.7014,259.99448,523.58435,735.24286,186.42458,523.1867,724.31793,255.07787,300.84973,763.24976,-75.71759,300.90964,728.8761,75.3009,176.77084,745.8283,-108.804535,181.32484,718.9549,95.89604,47.037514,765.7483,-170.9884,64.51395,745.343,118.69386,28.533596,783.63007,-179.07014,47.419952,759.63354,116.74172,1.4567399,731.6109,-258.55106,25.663334,710.20264,80.16019
abs_down
WhatsApp Image 2024-10-18 at 10.39.13_6910c5bf.jpg,abs_down,527.11816,716.3754,-47.141018,537.4971,723.62665,-59.466976,537.86237,726.14087,-59.408134,538.4134,728.69885,-59.46746,536.91754,720.79816,-36.72441,536.7166,721.1427,-36.75036,536.6802,721.3917,-36.809544,534.64874,742.895,-73.607445,531.7108,731.1495,32.65504,514.6286,722.8389,-50.595394,514.27783,719.10724,-20.010153,486.13275,772.25696,-91.33877,471.65027,732.89856,110.02588,548.92236,750.9608,-83.318665,511.49503,700.2244,234.82669,538.6333,741.6496,154.35414,523.8619,722.17474,294.9346,538.73505,734.3813,178.41547,533.6793,730.1704,290.6519,527.5142,739.39496,184.19571,527.8463,728.80975,300.1489,524.1115,738.86725,160.38322,522.1266,727.47565,293.74698,296.8466,760.3212,-78.93307,296.2797,727.5484,78.509636,176.42407,731.21533,-113.86636,178.68541,708.7426,88.56272,51.619755,766.27563,-162.23637,64.20318,745.2747,98.597595,32.5108,786.4785,-167.26205,48.98338,761.765,96.00906,-1.6073084,737.64087,-231.63162,24.37688,709.10187,64.00366
abs_down
WhatsApp Image 2024-10-18 at 10.39.31_0ba8bf15.jpg,abs_down,559.34656,682.808,38.248222,572.00903,684.09705,22.35284,573.6773,685.90326,22.380716,575.50037,687.79144,22.351984,570.82495,681.87714,51.354797,571.6009,682.124,51.44177,572.2951,682.333,51.412453,584.3533,702.75745,-11.936031,576.2057,695.47314,122.31792,554.53876,693.33203,28.354769,553.073,689.6861,67.05064,564.3366,748.4521,-46.070797,532.49786,710.64044,168.06657,566.9764,680.5739,-8.278053,521.1999,648.2279,237.15712,585.08203,678.80237,195.78906,554.7319,697.0414,262.46576,588.4335,679.62787,216.24353,566.7258,707.526,260.76733,580.69794,693.6256,202.33128,567.1705,709.41534,279.70154,577.66785,693.2056,195.41054,561.5282,707.82227,268.19528,399.6703,753.0316,-84.20852,390.226,719.73004,83.985985,270.22296,750.51904,-125.42637,268.01245,723.4781,22.32974,138.87427,745.90656,-175.80653,143.33989,724.1017,-23.272831,114.50117,763.37805,-182.23505,124.440704,737.96497,-31.274246,90.4346,706.9071,-247.05757,102.3278,687.7775,-79.15075
abs_down
WhatsApp Image 2024-10-18 at 10.39.31_3cd0d6f2.jpg,abs_down,561.1713,683.82385,29.998215,574.6086,685.4421,15.991595,576.58044,687.6924,16.028193,578.65564,689.9993,16.007736,572.8329,682.58624,44.13835,573.4377,682.62836,44.236393,573.9758,682.6229,44.208492,587.33136,704.371,-11.015712,577.9853,694.9846,120.26958,556.8657,695.05194,22.483162,554.98267,690.1838,60.326744,567.4271,752.4361,-39.87302,535.61395,709.8196,159.22282,587.64264,674.1803,-3.8814676,522.4553,647.793,205.0513,581.462,679.8115,203.01138,555.884,700.0672,211.52011,578.3803,692.0843,224.76396,566.4625,709.24316,207.50891,575.3996,693.00464,212.74734,565.5015,713.6646,228.25746,572.9854,692.84827,203.36142,562.0589,710.2452,217.77533,400.79584,754.61584,-80.45184,392.912,719.4374,80.23143,271.98468,750.31165,-116.71513,268.74435,723.50665,21.554369,139.80103,747.2694,-161.03749,143.72353,726.7107,-19.317387,116.863914,763.5157,-167.51485,125.17931,741.08673,-27.261034,88.80461,708.79614,-238.71764,101.28954,689.3458,-81.193275
abs_down
WhatsApp Image 2024-10-18 at 10.39.31_e31b2874.jpg,abs_down,559.7316,684.5749,34.207005,571.9631,686.42267,20.214437,573.79736,688.4179,20.236086,575.7498,690.42566,20.193882,570.5378,683.70935,48.737144,571.2792,683.83984,48.831375,571.89954,683.92847,48.83008,584.7394,705.2119,-10.333253,575.4769,696.50854,121.98709,555.44885,695.6358,24.989017,553.9456,691.2,63.068493,563.7184,749.78345,-46.792862,534.8427,714.0658,159.37854,566.591,684.714,-3.2916381,524.46454,654.2572,219.26588,587.562,686.1478,210.2835,558.8117,702.8138,232.16043,591.05054,686.1469,232.89345,572.6641,711.11176,229.47018,583.8127,699.8808,219.33963,570.85297,714.7242,244.6835,580.7488,699.5857,210.40086,564.84174,712.333,236.29433,399.29556,751.8745,-85.37656,393.00934,722.6262,85.15822,269.89966,747.54144,-118.98955,268.22134,723.0936,43.915817,137.43126,744.9777,-165.084,144.73297,726.3285,6.068373,113.505875,766.13605,-170.39499,126.93318,740.94666,-1.298964,89.01932,702.4429,-232.43701,106.91903,688.4606,-45.071938
abs_down
IMG_20241017_104249.jpg,abs_up,307.61224,403.20114,127.62319,310.1441,395.2056,154.51501,313.04733,394.87714,154.56102,315.49796,394.5912,154.5447,301.5752,395.7688,150.10022,297.61258,395.99448,150.13203,293.46478,396.3467,150.14949,316.60645,396.53693,254.2152,284.66125,399.08057,234.66238,312.85138,410.02682,161.25807,302.41782,410.697,154.86937,336.40048,438.43182,242.45897,260.74506,438.8287,236.54845,359.10623,482.71838,99.06214,251.13431,479.138,75.44406,326.8026,458.19763,-29.088177,287.3882,449.92245,-62.11577,313.3619,450.20685,-48.331306,294.63495,440.33575,-80.54548,309.60117,440.9128,-31.68432,295.7629,434.82275,-58.34982,311.55743,445.51834,-23.6481,294.02094,438.02823,-53.011288,323.9132,503.92188,-11.730053,276.22916,505.68677,11.8615675,343.0929,499.2881,-284.208,244.33463,481.15378,-262.8391,334.83658,579.47284,-496.73428,249.3813,558.25684,-470.6558,332.28122,597.25323,-526.84607,252.10295,580.4035,-498.56067,338.3128,580.2872,-630.8212,234.82904,562.58264,-590.28503
abs_up
IMG_20241017_104251.jpg,abs_up,295.12613,392.04813,79.67703,300.16922,384.80258,106.5128,303.55466,384.9043,106.523094,307.02893,385.21426,106.53742,288.95627,385.53625,105.83702,285.51733,385.96133,105.84548,282.90125,386.37485,105.85622,313.62823,390.33347,209.45538,278.71997,390.11234,205.87938,303.04306,401.37238,113.40623,289.83832,401.91074,111.7912,337.2483,436.87592,204.63226,258.06168,439.36893,220.75954,362.97488,488.98654,77.78535,231.91542,485.21957,73.097115,330.75797,470.85535,-41.10365,281.04758,459.635,-89.2337,320.48428,469.06036,-61.320587,288.89252,448.6408,-111.45666,310.0543,447.62546,-53.60117,289.7329,441.1698,-93.805954,312.63327,453.2486,-38.76061,288.29706,443.55984,-82.84939,325.1765,506.24548,-19.361965,278.56384,511.7469,19.395891,343.17682,488.1976,-349.06964,243.8221,480.0253,-282.40533,335.06766,564.34796,-651.28406,248.97717,563.57935,-582.8389,332.0554,588.4115,-690.07465,252.9859,588.5351,-620.6801,332.81186,554.2665,-798.13025,234.9611,558.97754,-707.6609
abs_up
IMG_20241017_104802.jpg,abs_up,1531.8711,1934.2239,-1485.1833,1553.9777,1911.6343,-1506.0303,1568.3899,1907.0553,-1505.8759,1583.2214,1901.4767,-1506.4423,1512.3827,1908.596,-1501.9662,1497.6415,1901.6547,-1502.1708,1484.0615,1893.243,-1502.054,1606.0857,1858.8818,-1230.8157,1445.4077,1841.9276,-1217.4841,1553.4847,1931.946,-1349.5813,1507.2815,1930.7692,-1346.8157,1696.5305,1798.3204,-867.51184,1341.396,1811.643,-896.3545,1959.6694,1765.3774,-1428.8489,1057.1827,1810.683,-1562.03,1726.25,1751.927,-1840.233,1340.6056,1750.5088,-2052.3848,1670.5001,1735.512,-1958.0731,1396.7871,1732.8422,-2195.296,1660.3416,1742.6172,-1913.2971,1414.2963,1737.6399,-2087.5715,1668.5254,1754.0046,-1834.8398,1404.9879,1751.5503,-2029.3455,1623.9062,2197.2278,-3.6284876,1405.1506,2217.729,2.9998612,1601.9769,2357.0137,-929.6969,1403.2258,2366.903,-1138.8323,1622.2533,2704.4539,-1852.7003,1468.2123,2706.7788,-2436.7258,1600.634,2816.332,-1963.3649,1521.4675,2859.7246,-2578.5315,1616.8784,2652.4282,-2142.752,1531.1088,2629.8196,-2689.433
abs_up
IMG_20241017_105143.jpg,abs_up,1552.4326,1553.1869,-812.1847,1560.0203,1516.7869,-767.7731,1568.8187,1514.8147,-767.51025,1576.6436,1512.8611,-767.85046,1525.0925,1518.1089,-771.7888,1507.8959,1516.6508,-771.90326,1492.6838,1515.2496,-771.69196,1584.4944,1514.0166,-443.18875,1464.7678,1522.2577,-466.1186,1565.3872,1583.6458,-685.21313,1528.297,1584.9509,-692.8945,1671.4719,1631.0514,-152.0633,1361.908,1645.4434,-253.01088,1895.2002,1550.1237,-216.70578,1155.7312,1578.1509,-283.12985,1676.2709,1475.4707,-51.27733,1366.4976,1486.0333,107.14574,1623.2046,1452.496,-70.383575,1417.8141,1458.821,106.27309,1610.8391,1479.7771,-6.5987234,1433.1017,1475.7101,195.94965,1623.5264,1497.6254,-28.941307,1424.016,1494.3357,143.1261,1619.6415,2000.246,36.47371,1428.5103,2008.45,-36.515182,1622.7927,2113.7417,-1037.55,1432.6687,2118.0173,-1018.93933,1731.4062,2442.6418,-1781.1826,1451.9076,2440.1418,-1715.3127,1677.7837,2552.5981,-1872.8123,1466.8708,2522.7217,-1796.7073,1762.2382,2426.1133,-2252.583,1466.6218,2471.92,-2129.912
abs_up
IMG_20241017_105638.jpg,abs_up,186.18082,366.42923,-103.178375,190.35658,355.25247,-111.61426,191.26114,355.4081,-111.55831,192.11159,355.4528,-111.59528,189.42503,355.90433,-91.078835,189.83827,356.37024,-91.04882,190.29471,356.63358,-91.071495,199.62389,359.9441,-120.10537,197.69797,360.61108,-24.09517,192.21257,373.17453,-105.24539,194.04773,367.8763,-78.02472,232.0229,392.2148,-141.10942,196.4883,393.97076,15.125246,204.76787,347.86697,-128.91989,178.03708,347.09912,9.5306225,217.12755,341.65784,33.89893,220.72307,337.71432,-6.8803515,214.82068,340.69016,36.650177,230.84253,336.38168,-8.411776,219.6924,346.76752,44.327995,233.91629,343.6015,-8.617816,219.2462,347.51352,39.893085,230.6006,344.81363,-9.7367935,239.82855,523.9372,-73.9514,212.05267,517.9588,73.72391,223.42288,588.3389,-152.30045,190.71974,542.22736,85.59235,217.42572,528.6894,56.60786,200.56783,529.15375,218.85796,216.8651,515.06055,82.34708,201.21245,524.4696,235.03258,214.24197,523.9068,139.80458,200.0994,536.00214,279.35413
abs_up
IMG_20241017_105639.jpg,abs_up,196.37186,362.2049,-108.47112,200.45494,352.0323,-117.953766,200.77547,352.71878,-117.886856,201.32481,353.27087,-117.88727,200.32843,356.90802,-98.14648,200.77185,357.286,-98.10035,200.43735,353.1183,-98.08522,206.20955,361.3178,-128.68604,205.79185,360.73727,-37.17929,199.27528,370.272,-111.48092,197.73276,370.6363,-85.51133,229.96185,399.16595,-155.5979,207.86673,400.97604,-0.68275225,202.48497,346.9452,-150.25113,180.62189,345.21188,-41.21714,216.32341,341.42288,-24.785254,223.95728,338.8604,-86.706474,221.49309,337.90024,-32.71379,234.61938,340.63983,-92.55005,223.14693,344.68054,-29.357714,237.51091,347.7217,-93.09799,222.38689,345.2828,-21.941414,233.50125,347.7661,-89.97495,236.51758,534.7716,-73.00292,217.22575,527.0662,72.89007,215.77588,564.31934,-148.06775,198.52795,514.5754,117.91528,218.85046,511.88116,57.601757,201.61674,514.61304,221.47572,219.19006,502.14072,82.01616,200.85399,514.12305,233.23474,215.25133,497.94626,123.68008,199.53125,514.18445,256.61078
abs_up
IMG_20241017_105639~2.jpg,abs_up,197.75766,358.8866,-100.93412,201.62401,348.78558,-106.53924,202.0335,349.38806,-106.4882,202.8351,349.86243,-106.51691,200.50201,349.3975,-91.93062,200.96957,350.09283,-91.909,201.5626,350.64856,-91.95151,208.42955,356.94055,-109.08238,207.18523,356.4588,-40.483418,201.11885,366.27975,-100.97881,199.39633,366.9922,-81.57143,226.59259,392.45767,-125.28367,201.24292,395.35345,-21.378157,218.35854,352.90118,-115.98927,179.57146,344.4551,-52.021664,225.73618,342.81448,-20.419239,224.63086,329.63715,-53.207546,226.08673,333.70346,-26.796564,230.69156,333.3015,-57.95381,230.25876,344.92416,-25.702442,233.29935,339.40073,-54.398266,228.7186,346.30783,-19.037785,231.71745,342.4015,-54.319313,238.69899,514.9379,-49.248524,214.07082,512.0142,49.12306,231.32422,579.5978,-140.18723,220.41039,559.25085,39.652763,223.99065,529.9038,107.467865,213.0573,530.0636,220.1707,219.61012,517.84985,135.53444,208.67998,522.71545,241.05188,225.52927,523.3054,167.04158,216.6154,532.2155,265.34122
abs_up
IMG_20241017_110118.jpg,abs_up,217.29774,373.47382,-63.87489,225.28203,365.61014,-89.603584,227.19962,365.5386,-89.63259,229.35136,365.51108,-89.73799,223.95616,365.3524,-55.73372,224.9612,365.06616,-55.760193,226.17886,364.70267,-55.77436,243.3324,373.60156,-141.38612,240.37886,372.41635,11.048941,221.04662,384.77252,-79.84731,219.70505,384.2001,-35.4654,240.05193,424.22028,-219.71762,243.29756,427.96936,133.0454,152.05032,468.08157,-238.66254,169.7825,466.7501,163.31703,123.89199,407.08228,-150.01817,131.60934,415.0946,81.98747,113.23793,391.68,-174.0976,122.746796,399.33752,81.55721,121.67033,386.4781,-166.48488,127.75463,393.37335,60.778915,126.708015,390.76947,-145.54408,131.48009,397.39166,69.55825,203.95778,566.2091,-114.29701,208.431,554.5575,114.37851,122.63525,452.17838,-143.78488,140.31302,447.0959,119.28452,65.974625,559.006,-49.72868,75.2874,551.5695,122.86938,71.325516,585.4578,-37.43967,77.34145,576.7686,121.48524,19.225485,553.08246,-22.696032,28.687138,548.8346,110.64698
abs_up
IMG_20241017_110119.jpg,abs_up,212.94073,374.09192,-97.41613,220.54625,365.18765,-123.36012,222.57971,364.94965,-123.40273,224.69014,364.71948,-123.52182,219.02283,365.09537,-88.91896,219.96265,364.7438,-88.93918,221.14209,364.28638,-88.95202,238.65436,371.77234,-172.6648,235.57066,370.67398,-17.105625,217.50754,384.897,-111.90356,215.66197,384.1331,-66.539444,236.82603,423.18655,-250.2741,239.14572,427.93994,114.83266,149.60785,472.37708,-285.2974,169.06418,470.72617,146.35645,119.37009,410.95743,-218.00769,129.2783,418.04828,62.17037,107.35707,396.03583,-247.36913,118.734825,400.9091,60.626507,116.33408,390.07736,-238.72157,124.218445,395.33972,40.062695,121.90557,394.34393,-213.71068,128.32874,399.29422,49.575016,203.81998,566.1668,-117.66593,207.81015,554.64734,117.80689,114.33391,456.25897,-143.20235,131.69922,448.19852,128.92754,60.04935,562.79626,-32.52937,69.69995,553.77026,158.17578,66.58724,588.9566,-18.654919,72.740036,578.9123,159.44186,11.857742,556.60785,-3.466475,20.576334,551.51355,151.47531
abs_up
IMG_20241017_110121.jpg,abs_up,223.12108,375.77805,-94.88192,231.06229,366.8551,-121.74514,232.91917,366.6388,-121.807884,234.95796,366.41425,-121.937004,229.93195,366.7574,-86.852745,230.9765,366.44373,-86.848724,232.3012,366.03934,-86.86394,248.08186,372.99594,-174.19695,245.98018,372.4148,-16.709517,226.27206,385.26627,-110.6787,224.91798,384.80658,-64.65992,243.56334,423.06348,-252.43103,249.94586,429.67715,113.4134,157.07845,466.3085,-285.03506,171.82211,466.7301,141.72768,123.77361,409.03964,-222.00934,131.89049,415.49744,65.20293,110.19304,395.32693,-255.45245,120.67102,399.65912,62.000477,120.14551,388.9852,-247.12527,125.79177,393.71115,38.66386,124.94157,392.44366,-218.60464,130.63844,399.6131,51.507774,204.05034,561.84344,-116.87091,209.06664,551.5483,117.029434,113.001465,460.23044,-128.5966,142.82411,446.5326,158.03323,71.58511,559.8923,19.940916,84.31406,549.9447,204.8691,77.82155,588.4604,38.75637,90.58243,568.11554,207.74155,27.345585,561.89185,76.496826,38.508476,551.2851,204.77374
abs_up
IMG_20241017_110130.jpg,abs_up,1631.5938,1588.0985,-1781.3738,1653.3472,1550.2006,-1704.2585,1668.8411,1550.8865,-1704.4744,1681.2645,1551.9208,-1704.7227,1608.7123,1547.8126,-1699.9497,1595.781,1547.363,-1700.4966,1585.3473,1547.5427,-1700.9875,1703.2039,1565.5648,-1232.7169,1573.0378,1567.3412,-1215.116,1661.3726,1630.6794,-1603.1904,1610.057,1629.6165,-1599.201,1838.492,1763.28,-898.30664,1476.4194,1783.6389,-931.91504,1938.4358,2007.6444,-1270.6724,1391.7095,2022.2242,-1338.3911,1789.9504,2010.3533,-1963.7318,1521.7568,2060.817,-2146.3625,1745.0271,2032.9949,-2125.4998,1560.4757,2089.5454,-2334.7937,1730.1006,1995.1122,-2093.3174,1575.2589,2048.211,-2294.2466,1736.7886,1984.6243,-1958.6942,1567.8999,2036.6056,-2139.7913,1771.1238,2171.5212,43.987926,1569.5823,2162.373,-44.031982,1774.8792,2501.9258,-697.1278,1593.6235,2262.6982,-1817.9989,1728.6975,2509.3157,1107.7595,1604.0071,2541.1562,-751.59784,1716.4507,2487.726,1275.1763,1599.3792,2570.4998,-662.6769,1720.4148,2627.516,1013.40985,1630.3473,2679.4944,-1167.2048
abs_up
IMG_20241017_110432.jpg,abs_up,233.17667,403.3248,62.289925,236.05856,393.36752,35.701218,237.59671,392.9216,35.785374,239.18163,392.27908,35.698395,234.93677,392.62308,69.78321,235.61053,391.7495,69.83766,236.29396,390.82507,69.88097,255.08897,390.21393,-34.127823,252.09657,389.61337,124.38368,241.47836,411.58627,38.459995,240.06989,411.68314,83.99402,290.41962,426.8488,-117.928055,268.8018,426.88885,204.17487,231.44205,365.3023,-127.499466,231.88574,397.58044,370.34415,270.56732,370.73688,62.357155,257.56607,377.03525,522.5227,272.96674,369.25403,62.23703,262.73572,373.29245,550.6088,276.9685,384.0981,56.48522,266.01425,379.17932,560.0303,275.80997,386.1828,62.327568,265.0019,382.66092,527.3626,233.07198,580.63257,-136.83347,224.61504,566.1107,136.59135,130.42502,466.59888,-168.86903,141.43129,466.65005,115.19912,38.428974,572.9639,-156.48343,48.821373,563.8235,68.72682,37.19008,600.2511,-150.13177,48.676907,588.43677,59.906746,-24.274725,561.9239,-169.01685,2.3564458,562.98706,18.11405
abs_up
IMG_20241017_110433.jpg,abs_up,231.426,407.0191,49.01845,232.85345,397.323,23.238745,234.29024,396.86935,23.34025,235.82303,396.23044,23.274773,231.7136,396.35153,56.138958,232.27396,395.2894,56.201534,233.02528,394.28406,56.229816,249.71306,392.1685,-37.047752,247.66182,391.6565,115.260605,239.51758,414.38647,29.483051,238.54166,414.88266,73.323074,286.9125,426.82205,-117.99882,268.8472,426.8632,206.81432,226.3539,363.56042,-148.82004,224.20155,372.10364,362.6525,265.60016,371.6018,-11.304845,250.61688,370.27426,512.17114,272.217,369.1856,-19.650284,259.31232,373.91068,542.13776,274.60416,379.6611,-22.176853,263.1475,379.54364,552.1726,271.81308,382.34473,-11.645206,260.34378,379.11197,517.0912,229.60342,577.5198,-134.56703,220.24425,562.1003,134.32654,125.92212,463.20566,-165.32698,134.59648,464.52707,103.287605,40.959747,571.25037,-132.95097,47.277546,565.0832,74.312584,43.354313,597.0907,-123.99808,48.391182,588.7993,67.881195,-15.056938,579.78925,-120.748985,-6.02324,573.83484,37.57234
abs_up
IMG_20241017_110434.jpg,abs_up,229.54105,408.23,71.73477,231.64348,398.9942,46.87594,233.17809,398.06604,46.97013,234.8292,397.32343,46.88637,230.5328,398.53915,80.41174,231.20207,397.3563,80.46326,232.05473,396.43286,80.51054,248.20168,394.90167,-17.50736,246.26207,396.08536,137.62221,238.07672,414.82715,49.711708,236.84673,415.14154,94.20382,283.3979,429.11758,-105.08477,261.1614,432.5882,229.65237,219.88722,385.2962,-107.67472,218.31519,409.68118,398.50162,261.80746,382.94662,66.64919,253.44504,381.04376,559.5078,269.00647,377.58817,66.19585,259.91046,377.89233,590.6881,272.10437,383.94128,58.880882,263.6117,382.14487,602.3488,269.89673,389.4644,66.18319,255.25859,385.3261,565.10486,233.32735,579.26935,-133.037,221.15126,564.6208,132.83453,126.52748,464.32162,-144.12207,133.50491,466.89163,102.65002,47.816277,569.65576,-109.82368,49.721878,564.89703,55.020283,48.805473,597.11597,-100.675255,49.471397,589.78937,46.601154,-7.794678,579.7124,-99.1875,-2.2752106,567.53876,13.376272
abs_up
IMG_20241017_111711.jpg,abs_up,273.8542,518.123,22.751947,268.8814,510.9513,33.68208,268.34686,510.88416,33.633533,267.62244,510.86435,33.59607,267.1573,510.93222,2.488557,265.28375,510.8945,2.4641483,263.1585,510.9486,2.4099452,253.8186,515.3182,86.504456,250.5242,515.60425,-53.17578,273.09467,527.1767,44.213158,270.56006,527.6445,3.8170707,256.74518,559.8633,169.26132,246.96161,559.6057,-133.58723,327.58136,579.75366,195.94138,323.42746,576.9619,-142.82188,388.6479,590.6462,145.96365,388.8844,589.7988,-65.76517,405.233,598.06836,146.93265,406.327,599.14233,-80.379906,407.3599,598.1073,126.21736,408.34094,593.9862,-74.05267,400.73685,595.7833,133.97227,403.28568,592.0351,-61.528587,307.02435,661.5462,95.28918,302.9363,670.34674,-95.550606,346.1087,562.8647,107.02581,345.2187,557.5506,-82.139694,428.70297,613.3382,140.64082,435.6179,616.415,11.895705,432.50406,635.2594,143.13213,436.1881,637.451,24.499298,485.05798,616.2069,128.46344,492.19028,616.7517,34.81495
abs_up
IMG_20241017_111712.jpg,abs_up,267.62732,518.1367,13.079931,262.23996,510.06876,24.653046,261.80518,510.01068,24.60222,261.29385,510.01178,24.549019,260.07336,510.36496,-6.743758,258.40112,510.5406,-6.760741,256.2811,510.84433,-6.8088613,248.39589,515.6787,83.13705,243.09995,517.3042,-57.466213,267.73917,528.046,36.77788,264.81378,529.0065,-3.9406106,254.85724,560.7922,167.05087,243.32904,562.72833,-134.06427,327.66968,573.8707,194.1115,319.50684,575.08765,-156.12932,386.1344,581.20593,143.00511,386.59598,584.3734,-98.00194,405.56613,589.2235,144.8075,406.02136,593.5501,-117.59399,408.0098,586.9108,121.61147,409.7692,588.5176,-109.65337,403.72775,585.7197,130.34898,404.9725,586.551,-93.823845,304.67847,663.2055,93.85421,299.18286,672.19403,-94.09951,339.82602,560.86676,96.798874,336.58762,559.015,-76.440926,432.8682,601.18494,125.53176,435.0578,602.40405,26.758892,438.1566,617.15283,127.07493,439.2721,619.4133,38.83876,482.30463,595.9117,105.06989,489.78308,596.7378,41.17414
abs_up
IMG_20241017_111713.jpg,abs_up,267.2765,519.3132,-16.025568,261.88522,511.82202,-4.3686805,261.69684,511.69043,-4.411895,261.40247,511.52155,-4.4749155,259.18405,512.4458,-34.668587,256.8048,512.78894,-34.69005,253.92148,513.3157,-34.72415,248.29001,516.7338,58.972343,240.6764,519.763,-77.17052,267.8179,530.2579,9.743168,264.5261,531.9322,-29.690157,257.28104,560.4446,147.68658,241.6086,563.3456,-146.8995,326.34955,575.4937,182.06523,319.39584,577.1846,-183.932,387.3684,581.4883,133.30414,388.58307,582.0279,-144.34799,406.5985,588.42993,136.43788,407.6179,591.7416,-169.35342,408.04865,585.6409,109.36723,410.8386,585.5204,-158.0773,400.6841,584.1586,119.16899,405.0811,583.6385,-139.92664,303.79593,664.1152,90.765434,297.23117,674.07227,-90.97422,337.38263,559.93665,87.23218,335.9362,558.7091,-79.48124,431.0315,598.0906,110.86859,431.34195,600.40125,37.74239,435.92072,616.3154,111.4851,435.67197,619.7486,50.547535,484.9807,586.1096,89.07997,486.1892,588.56256,56.757
abs_up
IMG_20241017_112722 - Copy.jpg,abs_up,200.5064,449.84106,2.4438689,200.18474,441.7923,-16.247055,200.9716,441.3196,-16.188946,201.86292,440.7113,-16.241032,200.27872,441.43277,7.9754486,201.12427,440.87573,7.987105,202.01021,440.25708,8.032495,213.71877,437.96445,-59.034348,212.36082,437.69482,52.723057,206.80133,455.05322,-10.665165,206.9487,455.46518,21.444735,248.37405,464.70865,-104.33915,225.59909,467.24817,121.69404,183.81001,448.08835,-102.301056,181.5636,451.28674,255.13347,230.77933,423.33694,17.906435,226.62529,433.3307,386.57,239.4855,418.35242,16.820498,237.32436,427.98938,410.07745,242.73648,422.85956,6.12263,241.54866,429.88882,423.1852,240.66219,425.57062,15.523596,242.7937,433.46857,394.04623,245.60617,586.4828,-95.80694,231.10815,574.2497,95.8198,155.08261,517.6131,-122.53359,152.4265,513.4878,41.982445,81.64694,589.1919,-107.713554,73.24948,590.69855,-8.749936,80.29897,604.61755,-103.9088,72.69557,610.31244,-16.682928,27.67051,591.1391,-138.68839,36.68178,588.8501,-55.953438
abs_up
IMG_20241017_112722.jpg,abs_up,200.5064,449.84106,2.4438689,200.18474,441.7923,-16.247055,200.9716,441.3196,-16.188946,201.86292,440.7113,-16.241032,200.27872,441.43277,7.9754486,201.12427,440.87573,7.987105,202.01021,440.25708,8.032495,213.71877,437.96445,-59.034348,212.36082,437.69482,52.723057,206.80133,455.05322,-10.665165,206.9487,455.46518,21.444735,248.37405,464.70865,-104.33915,225.59909,467.24817,121.69404,183.81001,448.08835,-102.301056,181.5636,451.28674,255.13347,230.77933,423.33694,17.906435,226.62529,433.3307,386.57,239.4855,418.35242,16.820498,237.32436,427.98938,410.07745,242.73648,422.85956,6.12263,241.54866,429.88882,423.1852,240.66219,425.57062,15.523596,242.7937,433.46857,394.04623,245.60617,586.4828,-95.80694,231.10815,574.2497,95.8198,155.08261,517.6131,-122.53359,152.4265,513.4878,41.982445,81.64694,589.1919,-107.713554,73.24948,590.69855,-8.749936,80.29897,604.61755,-103.9088,72.69557,610.31244,-16.682928,27.67051,591.1391,-138.68839,36.68178,588.8501,-55.953438
abs_up
IMG_20241017_112723.jpg,abs_up,1409.0344,2210.8,152.11348,1425.1235,2177.0266,231.91695,1435.3915,2174.8267,232.27126,1445.6929,2171.895,231.95723,1389.5543,2176.2065,223.97534,1375.227,2173.3271,223.9198,1362.0459,2169.6338,223.68526,1460.7537,2156.2375,628.45935,1335.8608,2150.3103,592.66614,1429.1892,2236.9336,301.13208,1388.3406,2234.492,287.70203,1544.9775,2231.6794,906.52246,1241.4352,2216.3818,718.6547,1670.5415,2261.278,1149.8896,1162.4365,2261.9282,960.7538,1536.471,2110.9844,1697.3689,1277.9336,2100.9138,1553.897,1498.0974,2063.7656,1772.087,1315.2899,2051.5417,1634.5748,1489.7762,2069.137,1859.062,1315.3202,2063.7363,1660.5428,1499.9224,2091.6023,1737.4353,1306.2273,2086.8542,1578.2021,1475.8193,2673.7249,-6.951866,1286.3384,2676.847,8.058278,1522.3027,2564.0203,-1313.9888,1233.8157,2558.2468,-1458.529,1539.7795,3066.3408,-1898.8225,1227.0007,3054.012,-1899.8425,1532.9315,3119.7798,-1980.6799,1258.0288,3121.9043,-1951.3821,1514.6311,3243.679,-2532.9856,1204.0894,3222.367,-2497.8306
abs_up
IMG_20241017_112724.jpg,abs_up,206.57118,441.4732,-6.901457,208.56859,434.10126,-26.921562,209.65784,433.68707,-26.858488,210.86227,433.14185,-26.90332,208.43039,433.78857,-3.0715084,209.4189,433.28613,-3.0608978,210.52518,432.67526,-3.0088828,223.4619,432.40814,-72.001045,222.25446,431.7809,37.429432,213.06836,447.05762,-20.630672,212.47133,447.29172,10.875775,252.03023,462.20587,-117.38019,231.17609,465.16208,103.079895,190.1104,435.2373,-119.31275,188.39316,437.2863,231.68837,240.59592,416.72794,-0.08075432,232.96085,419.29895,362.5697,251.37485,411.8281,-3.1885307,246.87088,416.09015,386.49,254.92723,416.42645,-11.784574,253.45831,418.57028,399.09128,252.09819,419.17462,-2.0626419,248.4696,421.43015,370.1929,244.47461,585.9414,-95.4744,231.78992,582.9727,95.48522,152.93648,515.7606,-105.58413,153.7009,514.4249,80.797714,80.897156,587.5535,-72.19588,79.3884,589.03143,52.17026,77.155014,603.02277,-66.919,78.31313,607.2528,46.24174,25.390738,590.447,-94.08036,45.06803,587.9876,14.980527
abs_up
IMG_20241017_113024.jpg,abs_up,347.6606,460.6248,29.86001,350.05362,449.8257,10.17333,351.35226,449.47214,10.220873,352.64282,449.05948,10.183144,349.82745,449.81348,35.49327,350.92575,449.5637,35.521152,352.03726,449.32104,35.511063,363.6756,449.1813,-43.85711,361.74948,450.5666,73.45194,354.18936,467.52225,13.373249,353.72153,468.25653,47.31835,388.99426,469.92636,-86.164696,368.1918,483.95538,130.77644,339.39496,426.51996,-112.37865,330.5899,456.30713,232.07849,377.02167,428.14093,-9.72097,368.13913,437.96698,295.04178,385.59915,425.40442,-11.278931,377.2205,431.19897,312.11905,387.22632,433.5768,-9.86891,379.449,436.3927,316.24756,384.84082,435.77866,-7.590389,377.20496,439.44144,297.44226,377.95624,605.0525,-89.877426,359.805,593.83984,89.99499,257.99503,602.5433,-113.74655,259.08392,598.27277,54.572212,141.65277,603.6673,-133.53525,167.63655,589.8151,22.986639,122.25339,611.92114,-134.4159,153.58543,598.7444,18.467348,130.89845,554.6213,-178.93835,139.41016,552.7672,-19.470186
abs_up
IMG_20241017_113025.jpg,abs_up,340.5892,462.3103,34.540302,342.6504,451.19333,14.188086,344.0389,450.7058,14.241419,345.47006,450.1471,14.2060795,342.48468,451.23984,39.67331,343.76404,450.86298,39.69954,345.0733,450.49,39.682186,358.00793,448.8189,-41.876686,356.11255,450.2389,75.96536,348.12164,468.34097,17.284575,347.9499,469.238,51.37809,384.39893,470.46484,-87.806465,367.12653,484.5396,130.68394,331.14706,431.1338,-111.77682,328.57806,456.19165,242.05428,370.05527,432.2921,-6.905351,365.42117,438.0544,324.2656,379.64148,430.02548,-8.032779,376.62134,431.5182,343.46912,380.72327,436.82562,-7.969054,379.2042,436.97852,348.84985,377.4512,439.1128,-5.269309,376.03848,440.45544,327.86343,378.82645,605.7593,-91.59092,361.964,597.0645,91.67939,258.69138,603.4743,-104.91642,259.98828,599.90717,59.204006,141.02333,602.828,-120.75097,147.24554,602.53174,40.755318,123.527954,613.1702,-120.88855,128.019,610.2939,37.405827,129.20288,556.55426,-162.7707,134.27231,554.2817,1.6604124
abs_up
IMG_20241017_113026.jpg,abs_up,339.4209,461.85446,28.693579,341.47238,450.49368,7.371727,342.9314,449.842,7.417489,344.47406,449.1229,7.3767343,341.0897,450.58185,34.157837,342.24048,450.08755,34.186367,343.41888,449.6093,34.18135,357.4555,446.96503,-51.567596,354.73666,448.32068,72.03381,347.31488,467.69162,10.570578,346.84073,468.61124,46.27924,385.586,468.86993,-99.50175,367.8179,482.8907,131.61296,333.1192,433.55627,-113.65625,327.48676,452.82645,244.83353,369.61624,433.19064,9.225088,366.35022,439.64868,324.87424,378.7037,431.96387,9.649515,375.4553,431.9707,344.3338,380.16898,439.23398,7.9312787,378.88107,438.95737,349.39395,378.11444,440.39508,10.748824,375.73343,442.134,328.2228,378.093,603.1418,-94.66548,361.6832,594.37897,94.77907,258.7271,602.01636,-110.6226,260.8057,597.7577,75.1508,142.14363,601.2723,-117.95518,150.12581,599.8806,52.23404,123.65904,610.7887,-117.18764,151.81244,595.9516,48.59323,129.14154,555.04944,-155.8529,136.56976,552.96106,16.177103
abs_up
IMG_20241017_113621.jpg,abs_up,344.12933,208.47153,-64.70766,348.35754,198.81252,-41.791065,351.23376,198.29794,-41.72898,354.20657,197.83064,-41.788723,336.7575,200.8263,-39.460777,332.328,201.36824,-39.478718,328.4625,201.67819,-39.47624,358.5678,198.41138,67.81865,322.9612,203.17566,78.03892,351.1087,215.46608,-25.763908,337.55807,217.33102,-23.309555,391.02332,228.40703,84.882866,297.34033,232.76459,87.040764,434.07312,187.91461,-75.86766,254.91914,197.42137,-89.26127,374.9955,194.41504,-57.437195,312.48077,197.77325,-169.2053,362.57986,193.05492,-67.475784,322.61472,198.87701,-196.43741,359.98444,197.14496,-41.137474,323.57593,204.9097,-154.72464,363.01962,200.21051,-48.4228,320.44424,206.20097,-159.74944,375.36392,331.6298,-5.4988894,314.904,335.01144,5.3595195,369.17908,388.91492,-317.76364,323.9007,385.1769,-308.13443,365.69293,489.3117,-574.0639,331.96893,485.08713,-556.12195,359.0542,521.5151,-605.502,335.3667,511.132,-586.77997,360.06116,481.39368,-725.3429,334.36267,479.01816,-702.851
abs_up
IMG_20241017_113622.jpg,abs_up,347.42548,207.5404,-73.38218,352.15717,197.97443,-50.728603,355.0415,197.15233,-50.702774,357.66104,196.31372,-50.743343,341.44968,199.32726,-50.58366,337.38306,199.29903,-50.601616,333.50247,199.05513,-50.668827,362.59418,195.93622,55.748917,327.91006,198.78294,56.808388,355.2496,215.3926,-36.249996,341.9038,216.1576,-36.237495,394.28275,226.08981,75.020386,301.33585,225.49648,67.05983,435.32013,191.62073,-69.95617,262.10608,191.65363,-13.700064,376.2139,191.91489,-85.95153,318.62762,193.9089,21.833563,364.91025,188.75931,-103.16082,328.17038,192.77458,4.3656497,362.84332,192.80518,-78.988625,328.26212,197.7823,36.76852,366.0919,196.30202,-79.799034,326.01767,199.72287,30.20164,377.07916,338.45404,-2.3613114,316.33383,338.6298,2.3896112,368.56024,386.7216,-287.34314,326.71783,382.55792,-299.49045,363.5312,489.22787,-518.68994,337.73016,484.15912,-511.3538,360.0103,518.6265,-545.7526,341.05554,505.4964,-536.28894,356.66492,480.9224,-667.0934,339.89542,480.5754,-654.29156
abs_up
IMG_20241017_113624.jpg,abs_up,350.37573,454.19516,148.82213,356.0899,444.35373,137.46706,358.04666,443.67377,137.48944,360.0087,443.08478,137.39679,354.05832,444.91788,164.63213,354.57562,444.60526,164.62161,355.10663,444.35834,164.5581,371.8747,444.26306,96.59626,363.4156,445.19995,222.37762,356.8983,461.18192,135.10768,353.52396,460.67285,171.47768,394.70337,479.9129,38.082115,361.33575,477.0412,262.88022,369.68008,430.36374,66.005035,319.1042,446.21576,387.47745,377.91138,444.8142,237.13252,348.8983,445.4767,498.97928,383.0866,447.46875,256.06888,359.53488,456.9536,525.2334,383.29703,456.3766,254.7434,367.92728,458.71725,538.641,379.3404,456.83218,241.75655,363.60962,455.7005,506.85928,320.84558,583.9683,-85.81509,300.6654,566.90967,85.837654,187.84804,582.6426,-127.51625,185.63858,573.6312,-64.593,55.423077,580.64954,-193.22362,56.452866,576.635,-100.45003,33.14073,594.91113,-198.42879,37.74283,588.2606,-104.514824,20.08853,535.12317,-270.52692,20.505953,533.5511,-181.0082
abs_up
IMG_20241017_113626.jpg,abs_up,354.3887,208.69693,-587.06323,358.071,198.77716,-577.96173,361.31,197.58357,-577.88464,364.36536,196.41943,-578.0209,346.47797,200.50035,-576.3064,342.31424,200.40051,-576.36774,338.00854,200.07993,-576.31177,367.77625,192.39832,-447.39383,329.85434,197.04475,-440.37094,361.24973,214.45703,-532.1521,348.0991,215.54036,-530.03864,401.2772,216.9578,-334.1178,302.99756,217.74594,-347.0897,451.39178,182.15802,-510.6353,244.59622,188.12682,-571.40125,383.96942,180.14674,-585.14154,313.78555,186.45206,-723.8057,371.2534,177.21243,-618.8157,326.88538,182.65619,-764.9816,368.60138,180.69817,-599.22156,327.15793,188.38618,-729.2583,372.4228,184.05328,-581.9589,323.4173,191.15112,-717.18396,379.57617,341.25262,7.1119757,316.8529,341.94876,-7.306979,371.661,397.79047,-378.19244,327.7353,393.74252,-347.274,369.0951,495.9942,-554.1255,331.4575,496.20163,-546.0214,361.8714,524.0665,-579.45746,331.59912,528.12695,-573.84955,369.83194,487.2048,-723.6046,330.66718,483.96436,-701.3535
abs_up
IMG_20241017_113627.jpg,abs_up,311.19412,444.3307,114.323616,317.17856,434.11597,95.63876,319.72662,433.00995,95.668335,322.20905,431.9633,95.53037,313.41626,435.20737,125.48084,313.37503,434.8277,125.49692,313.3552,434.49435,125.45935,334.1151,429.09384,44.623005,323.98862,431.61267,183.56873,319.29678,449.2173,99.79169,313.65466,450.5455,139.76343,359.33136,455.24603,2.9531803,331.14694,467.40533,254.87001,341.83667,404.09564,53.591633,297.49393,442.5626,435.44415,357.95993,417.0104,258.32285,314.56866,432.9465,575.7684,361.46753,417.65915,280.97018,321.52383,433.6134,613.45593,362.86203,428.84952,281.26923,326.97534,435.1382,617.8668,359.4216,430.10968,263.74194,324.4855,434.63193,581.05927,305.16986,581.0625,-103.76978,287.63885,575.36346,103.86959,178.90134,580.46466,-106.22068,175.60526,580.7134,50.891815,50.209774,585.73816,-128.34026,61.452164,575.89294,51.21657,31.434685,598.70496,-127.91253,32.00412,595.34503,51.572617,37.740932,556.30817,-174.20912,38.257187,556.9121,2.3348138
abs_up
IMG_20241017_113628.jpg,abs_up,311.3784,436.20993,93.88893,317.81696,426.60898,74.98201,319.5786,426.10678,74.99968,321.3304,425.62943,74.89377,316.56064,426.75552,104.341385,317.59247,426.38806,104.34199,318.60156,426.05948,104.28645,334.5544,425.663,21.80106,329.86472,426.95703,157.94206,316.8693,443.0705,77.72848,315.25662,443.70285,116.96571,362.23544,455.19495,-24.789448,332.7446,464.39233,229.09456,341.94345,400.68756,1.3359618,305.41348,433.34705,406.09302,348.40604,411.2605,200.71265,315.19083,426.3259,537.9337,349.1807,412.53204,219.19084,316.76685,429.6508,571.3466,345.14987,419.07214,220.59831,320.70114,432.37115,575.4532,348.2685,424.08475,206.02698,319.485,432.27515,542.0509,304.01016,580.2074,-98.89491,285.66177,570.22107,98.93097,176.62761,581.9595,-130.05267,173.93542,577.36346,12.132387,46.46364,584.6027,-182.67395,46.378826,582.8805,-17.336332,26.370693,599.2365,-186.1666,28.459936,595.8133,-20.739443,26.288527,545.3857,-241.20049,27.887661,547.3723,-75.68304
abs_up
IMG_20241017_113631.jpg,abs_up,318.1156,425.16003,102.12401,326.42502,416.90952,82.9671,327.84036,417.453,82.92333,329.3498,417.9491,82.88248,325.3626,416.2049,112.704384,325.9885,416.36554,112.645325,326.58646,416.43533,112.541595,342.0058,425.03348,24.629158,337.57547,423.46817,161.12865,320.08182,436.7,83.5392,318.31766,436.13654,123.076996,360.85828,461.21536,-61.412876,333.35687,463.344,215.66185,340.67368,426.96524,-183.6894,306.71173,481.81238,343.57416,315.73764,435.59967,-161.96365,304.1203,452.61502,425.92862,316.3112,433.5246,-169.30566,304.6633,455.16614,447.65454,315.82806,432.49884,-157.92163,302.55524,473.37036,437.11792,316.30673,436.89948,-156.43294,301.74524,473.49606,422.37778,303.1532,588.5184,-93.012474,281.5299,572.0249,93.26838,174.10648,589.6419,-112.435394,173.52205,580.60095,-20.465946,44.269733,586.27594,-169.09863,46.782124,582.4075,-67.770584,25.594622,600.3133,-173.48206,31.154055,594.29626,-73.80645,12.145185,542.1867,-237.69183,18.174059,544.9642,-137.86781
abs_up
IMG_20241017_113631~2.jpg,abs_up,306.48633,433.69928,113.12835,312.7323,424.41846,100.98076,314.49567,424.39996,101.04463,316.51334,424.34012,101.001595,311.9378,424.0054,129.64104,312.94937,423.70218,129.6145,314.05612,423.2872,129.61108,330.84607,427.00543,66.90314,326.80933,424.5881,195.45132,310.67804,441.21033,102.515076,309.08206,440.92984,139.3733,345.598,467.98483,-20.48123,314.8043,473.00052,256.9321,286.26593,499.87964,-37.83045,277.71393,510.64883,192.20816,276.1846,420.30835,104.42176,278.388,479.20447,52.22311,278.20035,398.42242,108.76869,281.73703,473.08774,48.434742,283.2326,395.07614,117.840546,285.14203,467.35202,59.183506,285.87656,400.92554,113.14595,285.39838,469.26746,51.553352,306.86826,586.23,-99.66052,289.7351,578.9824,99.75748,178.1363,578.97217,-122.40175,173.24838,575.8542,31.365204,58.34316,589.4357,-135.98,58.932514,587.74567,27.536648,47.158222,598.6084,-135.95245,47.060627,595.81726,26.903318,51.27461,556.55774,-192.06122,50.288113,558.2526,-23.587013
abs_up
IMG_20241017_114125.jpg,abs_up,378.9482,275.33896,-136.87927,382.1067,269.46362,-122.090935,384.75873,269.53864,-122.110504,387.15323,269.72794,-122.15048,374.62805,269.31592,-122.066185,371.57492,269.4858,-122.08795,368.58282,269.75534,-122.06317,390.44226,272.02698,-43.452568,362.40768,272.93704,-44.052734,382.60196,283.0621,-109.09143,373.88535,283.0644,-109.33605,406.88776,299.7005,-23.157877,341.72498,298.7238,-31.341202,432.56027,267.8873,-121.29828,318.1047,268.1828,-144.87315,395.10892,263.21704,-131.5984,357.2443,260.608,-201.13617,384.75232,258.79092,-147.09875,365.42575,256.7679,-222.91545,383.2621,262.7724,-134.79164,365.98248,262.38986,-209.92384,385.22723,266.34882,-129.23161,363.6033,265.4869,-200.44846,398.5522,387.17944,2.5910723,351.24893,385.20587,-2.6797428,400.9533,413.95206,-254.99622,355.2694,406.95752,-260.59528,403.82266,474.19073,-476.4008,353.0466,470.02563,-486.1693,400.66495,495.28174,-503.90878,354.91373,488.7708,-512.9806,404.81912,465.74774,-577.66797,358.94788,465.24744,-571.3387
abs_up
IMG_20241017_114126.jpg,abs_up,374.43448,272.52588,8.356146,378.67737,266.53497,28.892643,381.1265,266.53317,28.892393,383.76703,266.5383,28.880363,370.5231,266.59308,27.61796,367.42877,266.8274,27.597136,364.4646,267.2306,27.587059,388.1851,268.84033,111.48978,359.92523,270.4318,105.259476,379.3166,281.32965,34.858715,369.79453,281.30963,32.7317,404.14487,297.66165,128.16628,339.41318,297.6753,105.37805,428.9388,261.31015,82.90821,309.73633,264.5661,78.16612,387.04837,260.3529,140.24477,353.4435,262.7691,166.95282,377.01416,258.13412,136.09538,361.6508,259.20834,162.5946,376.70956,263.52783,146.79073,363.3424,265.54315,179.36537,378.6703,266.11682,142.51387,360.78677,268.1687,171.39008,396.9856,383.92374,3.477605,349.26074,383.83267,-3.4921703,394.3625,405.57043,-243.62442,360.83276,403.96,-256.8302,394.24628,472.80173,-528.7784,370.52332,469.8662,-550.0839,390.784,495.86642,-562.7956,372.27277,492.34033,-583.1872,392.70474,463.4328,-624.94653,376.32324,461.6921,-636.53503
abs_up
IMG_20241017_114126~2.jpg,abs_up,377.91226,271.15292,-78.88495,380.86993,263.50232,-63.21655,383.56384,263.3695,-63.27704,386.44778,263.25064,-63.32482,373.0715,264.01028,-65.19643,370.14026,264.2554,-65.220566,367.2265,264.72723,-65.20963,390.89786,265.9034,15.860979,362.45346,268.43555,5.708581,382.14346,279.42267,-50.838207,374.2765,280.1202,-53.707207,408.16214,292.87405,35.273205,345.1256,296.31198,18.094114,423.7284,259.6843,-41.63966,313.20386,263.95334,-40.864162,388.74982,261.9655,-62.149788,349.6307,263.52023,-55.85077,381.41364,262.13757,-78.609314,350.58847,257.47043,-71.04845,378.8219,264.98663,-68.8374,351.77155,261.63614,-68.09611,379.39764,266.19183,-61.740646,352.24506,263.96967,-58.496086,398.01596,385.9598,7.754326,355.57922,388.0965,-7.576995,395.70386,408.78528,-228.56955,367.2808,406.7484,-257.35132,398.43652,471.36456,-467.59103,377.3676,475.93512,-503.3445,397.9435,491.86237,-495.45602,379.20642,493.65063,-530.1537,397.70447,462.18378,-549.1414,383.32947,464.15445,-578.6023
abs_up
IMG_20241017_114127.jpg,abs_up,253.15459,430.67465,11.389784,255.87836,421.2887,-9.595453,256.83032,420.7272,-9.59979,257.8416,420.04337,-9.729538,256.00333,421.59592,18.261505,257.0722,421.2328,18.320265,258.082,420.8652,18.317339,271.5558,419.2873,-66.59015,270.03494,420.7623,62.16877,258.94675,436.40405,-6.8310275,258.72446,436.74283,30.157658,295.69308,454.21344,-128.50587,277.67468,454.1338,122.61725,256.67844,393.44376,-132.4375,252.4943,395.31326,227.32127,297.59692,407.48254,8.4409,295.47562,408.58975,303.71478,304.83966,411.97357,4.4494834,306.8455,412.9325,309.99817,303.93295,419.40994,-3.0715766,307.88556,417.00848,320.5963,301.60056,419.63034,7.3234477,305.09247,417.26904,305.7862,223.95503,590.1782,-98.58454,211.76366,572.7385,98.54735,87.63735,571.9337,-144.64894,126.72148,575.0752,91.37915,67.111786,613.3641,-44.85608,74.21882,591.5502,125.072624,73.28979,621.64886,-30.071726,70.4848,598.86774,127.62754,38.808205,610.9479,-20.22354,55.479885,584.7434,103.79044
abs_up
IMG_20241017_114128.jpg,abs_up,257.60922,434.0337,21.061285,260.70633,423.74164,-0.1860805,261.7385,423.10892,-0.18829836,262.88538,422.4477,-0.31859267,260.67062,424.15494,28.13452,261.69397,423.7726,28.227577,262.64667,423.36856,28.232063,275.2256,421.89914,-60.641678,273.00662,423.95078,70.33361,262.8919,439.8802,1.4691288,261.8605,439.98795,38.95723,300.14154,457.69104,-122.578026,275.96243,456.60318,130.60666,262.53424,392.674,-130.09978,257.2596,395.3594,224.20644,302.4973,409.6677,2.6626275,295.9579,410.90387,273.12067,310.0326,413.88522,-2.1996589,307.93185,415.01556,276.52814,308.98212,423.09442,-6.429765,307.98306,419.53937,285.76913,306.3925,423.4274,2.6320925,305.46967,420.09467,273.815,224.61198,590.9227,-96.36052,212.2989,571.13074,96.22456,91.94178,575.33545,-161.91872,133.26073,577.5016,116.9281,106.61941,625.6745,-25.147055,115.02002,600.81885,153.07402,119.9375,631.3322,-5.800203,117.01392,606.90924,156.23048,85.76339,633.6028,26.38639,104.48727,603.5561,145.09421
abs_up
IMG_20241017_114129.jpg,abs_up,255.7905,430.1827,1.2605742,258.94382,419.65475,-18.514278,260.0807,418.97717,-18.507778,261.4449,418.18973,-18.621214,259.19064,420.16907,5.804592,260.44214,419.8283,5.876746,261.74426,419.40546,5.8613114,274.94458,418.50638,-67.61631,272.17178,420.68176,45.000957,262.81323,435.8212,-13.6949835,262.1461,436.1034,18.458103,293.6239,453.63654,-121.823586,276.50168,454.9137,100.782104,260.43732,393.01807,-122.69707,248.30676,396.06897,197.0573,296.6203,409.2214,18.04002,292.1734,411.3912,278.44333,302.74527,413.5219,17.171928,302.4288,415.42197,284.61798,299.8897,423.33105,9.439178,303.69812,421.08127,295.19812,298.3743,423.36053,16.843346,300.09857,420.76016,280.89362,228.11362,588.0294,-91.36719,216.51212,570.5632,91.278404,108.845985,592.41693,-163.1687,139.26851,575.3457,121.445366,146.40771,617.0843,-3.4606912,143.83597,597.58844,156.23628,163.37059,619.60486,18.076084,148.30055,601.4446,159.74146,134.47922,627.32935,56.86441,138.14993,600.2318,155.12251
abs_up
IMG_20241017_114130.jpg,abs_up,256.45297,426.31802,4.5084667,257.42047,420.68677,-11.601595,259.8724,419.43112,-11.588212,261.78113,419.4318,-11.715555,255.0911,420.11618,11.443894,255.59993,420.0985,11.504536,257.85153,418.79044,11.494923,278.55328,421.50513,-45.60283,272.32504,421.90613,60.068836,261.2765,433.37006,-5.802558,258.84512,433.0338,24.698002,298.67853,459.45026,-94.58106,274.29956,461.41486,120.72258,268.496,434.07684,-100.32703,235.35951,418.2173,201.91666,290.44397,424.99103,22.953108,281.35428,420.9649,287.92642,299.4358,415.21536,22.237951,297.73798,423.48038,296.7115,302.68353,426.0009,15.98724,298.8991,428.3265,311.9616,297.46527,430.96338,21.992077,293.64996,429.48615,292.38715,230.22482,579.91644,-88.41184,218.5182,564.1026,88.36604,95.12168,562.8672,-94.47733,140.22946,555.82715,65.6163,60.362793,599.9737,-66.03427,69.06527,590.063,82.90367,62.511063,613.9349,-59.01093,64.41425,602.43634,83.04623,28.294426,591.3508,-73.62128,43.841278,583.20825,40.68042
abs_up
IMG_20241017_114627.jpg,abs_up,1752.4878,2265.3064,249.34229,1781.8556,2217.0776,163.303,1791.3905,2213.177,163.3594,1801.2625,2209.0005,163.02768,1781.4313,2215.0137,314.57642,1788.2861,2211.2717,314.88904,1794.2374,2207.821,314.89343,1860.8804,2214.3474,-109.45608,1830.8973,2216.263,574.9667,1783.5939,2292.9094,159.29398,1779.4786,2291.6511,357.64026,1941.0481,2431.3677,-432.7896,1853.8978,2387.2444,932.82086,1571.5347,2429.8035,-448.24832,1565.5464,2375.83,1456.7358,1783.8019,2228.8787,175.58873,1767.901,2203.5923,1795.0582,1852.3308,2178.7473,184.072,1840.4109,2159.5464,1919.56,1882.4612,2201.4553,175.41797,1865.692,2183.3904,1966.7551,1868.1779,2226.499,190.36192,1847.4834,2208.3684,1818.0056,1558.6796,2868.3867,-466.23883,1525.4114,2771.2664,467.49182,1042.271,2729.5664,-628.9206,1059.9409,2655.083,136.38339,476.09113,2825.0027,-751.1075,511.07526,2781.5386,108.73302,446.70697,2912.105,-756.03,488.50528,2864.4756,100.27816,255.38742,2706.0623,-983.37714,316.4478,2682.412,-125.34458
abs_up
IMG_20241017_114627_1.jpg,abs_up,1772.8225,2238.954,284.86487,1806.3627,2194.4724,222.89027,1816.0974,2192.1672,222.90875,1826.1135,2189.8062,222.65707,1802.2567,2193.9802,353.16418,1807.9149,2192.1768,353.48785,1813.4312,2190.5303,353.41818,1882.413,2208.1472,10.344698,1859.7446,2208.3792,598.5909,1799.9114,2270.1409,210.28128,1794.1564,2270.619,381.43237,1942.1765,2426.9138,-275.36902,1835.4401,2387.854,866.7007,1564.9495,2428.3735,-237.6159,1554.0195,2357.477,1229.6665,1776.5851,2230.6345,377.65698,1768.219,2184.3484,1327.4563,1847.7158,2180.476,405.48035,1842.2457,2140.138,1407.545,1880.1892,2201.6636,384.5044,1866.2721,2161.2676,1458.8849,1865.8346,2223.6963,389.9097,1847.8972,2185.9497,1348.6742,1566.855,2868.239,-376.63055,1524.6926,2798.3474,377.30603,1036.0234,2756.6772,-519.8551,1043.9957,2699.204,81.200516,473.07104,2834.1182,-690.4294,499.0865,2801.6062,-15.266209,428.52716,2908.1084,-705.94116,472.54962,2881.7083,-32.83939,262.462,2718.0298,-933.98346,333.0076,2690.137,-249.4707
abs_up
IMG_20241017_114627_2.jpg,abs_up,1771.9188,2233.2278,242.65591,1807.9927,2193.6326,155.44748,1818.0989,2192.6538,155.45757,1828.3503,2191.7517,155.19777,1802.7065,2193.0352,307.58514,1808.1376,2192.005,307.85187,1813.422,2191.0515,307.78748,1886.0476,2216.3862,-111.84195,1859.4133,2213.3503,575.42175,1798.0634,2266.7231,155.08066,1791.1488,2267.2708,354.42273,1947.8688,2438.1416,-416.1479,1847.0078,2398.3215,922.75226,1573.8759,2454.0964,-384.06006,1552.1482,2369.7454,1309.5281,1756.9509,2250.771,297.9409,1746.0869,2194.1567,1406.2223,1830.2227,2199.624,315.11365,1813.2578,2160.5764,1498.1952,1865.8147,2221.385,304.12863,1840.5403,2173.4995,1535.9738,1848.0503,2240.9993,314.95636,1820.3154,2194.296,1422.133,1548.2936,2870.2336,-445.19986,1513.7478,2791.0618,446.3199,1027.6534,2755.916,-542.81085,1042.1111,2689.3494,239.05054,474.68884,2847.7917,-643.13214,518.79834,2812.8003,218.64163,435.4854,2927.5664,-652.2333,487.22568,2892.0554,210.66318,263.55734,2727.2412,-903.75916,352.0158,2682.3892,-11.947523
abs_up
IMG_20241017_114629.jpg,abs_up,359.20035,276.46185,-199.27373,361.36505,270.12515,-181.33565,363.55737,269.64276,-181.35349,365.87976,269.0426,-181.39076,354.852,270.3609,-185.00891,351.95813,270.1565,-185.02742,348.69662,269.83652,-185.03464,368.9346,267.47064,-77.81575,340.71466,269.6236,-94.69388,362.6025,282.79657,-159.85695,354.50482,283.1802,-165.14621,386.40286,293.21405,-23.532846,321.28827,294.19315,-43.734745,412.80887,312.55643,-162.05804,297.36203,318.76297,-166.20042,386.25912,263.3737,-302.52094,323.52954,269.46185,-282.9585,379.23456,248.93166,-329.4656,326.24295,256.19214,-309.61203,377.37698,248.01825,-308.2789,327.92682,255.4537,-289.30026,378.37622,253.51004,-298.39926,328.6197,260.67407,-278.59735,379.1454,380.82962,6.2135787,337.46426,384.7243,-6.1510577,378.0229,406.36603,-216.59616,341.84885,407.24362,-266.13495,384.14975,486.00848,-243.00946,351.5931,488.4719,-268.4181,378.84027,506.32657,-250.70119,352.67288,500.10156,-273.24997,381.98837,495.54526,-366.442,360.49567,497.2851,-391.7623
abs_up
IMG_20241017_114630.jpg,abs_up,282.00922,437.15338,-31.828827,287.89178,430.02936,-48.278828,289.69934,430.39838,-48.27843,291.5002,430.81036,-48.356506,286.71246,429.0164,-24.062391,290.79065,422.3669,-24.054897,291.6297,422.02536,-24.10066,300.5319,430.08405,-84.15684,297.6822,427.24094,26.588106,280.9988,444.04697,-41.86944,279.96786,443.56747,-10.051125,313.82965,470.20978,-131.9712,286.74603,462.99924,95.21647,260.8895,466.8424,-135.0857,239.25208,462.22305,110.60521,292.50452,422.1139,-33.52736,282.0687,425.00342,103.207596,300.98062,413.91455,-40.504093,295.4089,416.53146,106.43858,305.0114,417.74023,-46.640007,299.78745,418.6792,115.66212,303.23596,422.9393,-33.416485,295.98254,424.33902,105.464584,259.71375,573.70953,-85.076645,247.93362,554.898,85.37036,165.78995,567.93024,-133.02579,191.34299,546.0442,82.58249,131.38074,565.59955,-5.189674,132.70918,557.0365,118.50446,132.06474,571.75977,9.245946,125.3978,565.1035,121.5827,108.999756,548.88947,9.338642,110.5295,542.6747,102.43702
abs_up
IMG_20241017_114631.jpg,abs_up,283.3791,434.2013,-24.15447,290.1824,426.86285,-40.6866,292.09268,427.39935,-40.668434,293.98254,427.98596,-40.754154,288.65637,425.28345,-17.670206,291.71973,421.3644,-17.663857,292.49377,421.29507,-17.700489,298.37216,429.813,-72.33404,297.23987,427.9768,32.088497,281.5524,441.23486,-32.61451,281.4349,440.77277,-2.5821807,305.23846,468.48993,-123.07649,289.87927,463.31955,107.752716,243.2033,467.3039,-105.251976,242.90967,455.35916,101.01932,288.01974,433.3691,29.248806,282.38254,429.26685,57.366882,292.55048,420.34326,29.42385,293.75076,420.64294,57.436886,302.42758,423.99377,22.04537,297.77875,423.0889,66.84383,298.14224,427.4213,30.133736,288.87732,422.9748,58.497974,256.3859,574.3101,-88.59152,250.88116,569.6772,88.849625,159.73781,557.51624,-111.481445,176.89049,545.395,85.21065,104.96267,565.4544,-54.63329,104.70834,558.9088,101.209915,102.51406,574.962,-47.311565,96.13491,569.4871,101.31974,78.85321,545.43115,-62.97087,79.03762,538.41174,77.238625
abs_up
IMG_20241017_114631~2.jpg,abs_up,374.66208,287.88065,-216.24522,375.2689,279.6273,-204.28865,377.21735,279.2299,-204.35812,379.2213,278.7425,-204.41205,368.78925,280.419,-207.4151,365.33652,280.63275,-207.45999,361.72098,280.92923,-207.44383,379.2809,280.12512,-110.55576,352.77277,283.92343,-126.264626,377.58734,294.5788,-179.25006,369.8056,295.6572,-183.77042,402.41174,314.56372,-40.5001,326.99365,316.15738,-61.232864,416.5599,355.80182,-61.391785,315.67157,353.5202,-71.8039,426.94653,382.8324,-183.8395,319.0364,386.15546,-166.48799,430.3967,389.30505,-212.26659,316.90225,399.2153,-192.25513,427.9801,386.2094,-230.91565,322.65042,397.1043,-210.68983,425.82596,383.95847,-194.31213,325.44217,392.40393,-175.20813,390.53027,396.65353,1.4471666,346.50394,397.83148,-1.299249,391.6009,416.19574,-235.99245,351.1446,420.4933,-289.09512,397.52316,490.2974,-431.80667,360.8603,492.87213,-500.00894,392.30026,514.0416,-458.65625,366.20526,512.9254,-527.06055,393.3702,485.5386,-541.0516,365.04977,486.99673,-600.5253
abs_up
IMG_20241017_114632.jpg,abs_up,286.19156,429.173,-1.9355623,297.2031,415.54755,-14.50196,297.5877,416.4092,-14.486766,298.16147,417.592,-14.552949,296.66522,414.70865,7.7538652,296.7536,414.94464,7.7267127,296.66077,415.47357,7.6753087,302.388,426.83105,-39.313084,298.92807,424.0182,60.932323,289.24606,438.00555,-9.281976,286.38113,436.6794,19.566559,313.97516,469.5482,-105.934784,282.30984,463.8587,110.9886,265.89404,462.68872,-146.76874,234.954,460.8216,14.528088,288.24103,422.6861,-71.25945,277.5742,425.54712,-120.97203,298.5379,414.32706,-79.61018,289.4882,417.76862,-133.39992,302.68918,416.03824,-82.290215,293.83585,419.24902,-117.61916,296.6691,418.5235,-69.81917,289.36523,422.35965,-119.827866,262.54486,572.28107,-80.25715,248.6533,556.19165,80.40055,168.38306,556.8909,-121.55099,180.84592,547.16046,64.45274,113.07864,564.895,-42.41808,110.54218,558.5707,95.63637,109.81918,573.405,-33.077827,102.19839,567.0037,98.09385,87.33427,549.35846,-50.680702,85.110565,543.50836,71.15864
abs_up
IMG_20241017_115010.jpg,abs_up,1766.2649,2566.6033,457.49622,1781.8866,2503.6194,394.97717,1791.31,2501.4038,395.0315,1801.5933,2499.3245,394.67728,1775.9752,2503.6523,522.41833,1780.5569,2501.7808,522.71356,1785.5245,2500.0588,522.50024,1874.2579,2504.4912,206.60335,1848.3667,2501.4482,791.60114,1805.6527,2608.423,397.3008,1796.9956,2609.8225,566.36035,2059.5378,2727.8909,4.041348,1889.7505,2634.9111,947.5677,1896.2253,2607.6726,-62.152637,1737.2197,2447.2495,1526.2554,1993.8485,2468.8416,470.49374,1859.2937,2411.2856,1892.7635,2015.8417,2434.876,513.5474,1901.2719,2406.6025,1980.221,2040.6317,2461.904,513.2882,1917.4231,2436.3313,1993.2831,2020.7799,2478.3042,489.92358,1912.0558,2448.1545,1904.7394,1573.0356,3162.979,-327.823,1505.3854,3047.2551,327.74405,1007.7464,3091.4788,-458.75336,982.9577,3027.6204,-125.805336,387.24213,3116.2632,-730.0958,383.18423,3080.4192,-309.06024,322.5496,3200.9377,-749.8218,322.91275,3164.9824,-339.49808,178.58586,2946.5942,-979.0424,202.24625,2921.6545,-632.3189
abs_up
IMG_20241017_115010_1.jpg,abs_up,1775.2926,2553.125,470.08633,1792.8783,2495.9465,415.4313,1803.4004,2494.2332,415.42593,1814.8707,2492.3503,414.92914,1783.6042,2494.2146,532.61414,1786.8071,2491.6887,532.88025,1790.6104,2489.1187,532.6628,1885.1747,2495.1523,267.41144,1848.5652,2486.3997,804.6691,1810.7266,2593.123,426.304,1797.3551,2591.6794,581.53235,2067.389,2706.6636,83.324646,1885.5686,2608.0024,946.0592,1932.3113,2684.2417,2.3632605,1774.0057,2489.7002,1558.3055,1982.3414,2499.323,472.84006,1847.4314,2411.6707,2019.0151,1995.4626,2449.2112,534.35583,1900.0582,2393.0479,2114.2522,2019.1105,2471.714,544.8538,1924.7278,2403.052,2123.5146,2010.7017,2492.628,498.9785,1914.4299,2411.908,2031.1177,1591.0845,3160.834,-330.08987,1525.0327,3031.639,329.86642,1023.2352,3096.3584,-534.5102,996.84674,3029.529,-166.61171,396.97195,3126.8655,-925.6382,383.9778,3088.4233,-461.18735,314.8386,3207.1997,-955.5574,315.63754,3173.0203,-503.3512,185.88326,2937.1746,-1184.1589,199.35849,2914.8892,-783.78876
abs_up
IMG_20241017_115011.jpg,abs_up,302.65582,467.57822,52.01799,306.73636,458.5635,38.967876,308.8018,457.6516,38.95697,310.9721,456.7036,38.845024,303.6752,459.77765,62.749054,303.47675,459.77887,62.754505,303.3005,459.73767,62.70075,323.44263,455.75677,14.461535,314.13596,457.96246,124.61214,311.15298,473.94748,46.08549,305.9333,475.09717,78.005875,358.45288,501.5595,-21.745241,311.3155,490.8276,174.18378,322.84103,490.56348,-56.178146,276.6283,461.93204,275.17554,326.42175,467.5951,20.792915,303.08725,462.12836,388.20764,328.4022,458.61044,19.289162,309.234,468.37762,407.18253,329.3886,465.71808,19.311289,312.66074,469.2214,415.7892,327.5847,467.61417,22.296942,309.40988,467.5767,392.12036,266.38885,599.4602,-68.92614,248.65326,573.6473,69.1448,150.77057,596.6005,-75.53253,139.98532,588.557,-36.171883,27.393276,590.22974,-82.23307,18.347544,589.5032,-34.7511,26.877075,596.7056,-81.552246,10.233092,590.4585,-36.069183,13.92728,572.4959,-144.87096,1.7820239,575.8678,-114.11754
abs_up
IMG_20241017_115011_1.jpg,abs_up,1794.2559,2566.096,407.68182,1806.3,2509.0337,328.06992,1814.8148,2506.5728,328.03925,1824.3329,2504.079,327.71515,1801.8328,2508.7832,474.56235,1806.4012,2506.1372,474.89798,1811.6633,2503.2727,474.82404,1896.8654,2505.9023,81.49831,1872.887,2499.7068,750.7101,1828.475,2600.501,329.5822,1820.8424,2601.746,522.70154,2052.3274,2736.4407,-191.29305,1918.1652,2633.2842,1013.86725,1846.8232,2586.8083,-239.51836,1798.4724,2492.1826,1632.186,1989.2627,2471.18,412.47708,1907.7394,2427.205,1975.1428,2026.0016,2440.3157,445.1041,1990.2023,2437.0728,2076.0515,2040.2881,2468.2446,453.87363,1952.9382,2451.6443,2079.9731,2026.5209,2483.5671,438.31747,1947.8214,2464.3828,1981.8917,1557.6503,3169.5215,-406.25095,1504.3173,3039.3635,406.51282,1004.91895,3093.0032,-735.0125,1004.34393,3017.7993,-245.7256,397.4896,3126.276,-1103.0337,429.14413,3086.675,-524.5623,307.73404,3208.563,-1136.9993,360.08163,3161.8694,-564.22705,172.40033,2951.4375,-1442.9052,213.69731,2911.342,-885.7637
abs_up
IMG_20241017_115011~2.jpg,abs_up,386.88965,203.0349,-127.663925,390.74194,192.4818,-108.11057,393.15222,191.95554,-108.07817,395.18063,191.53632,-108.110115,380.85587,192.98409,-110.285484,376.70895,192.70723,-110.32626,372.71088,192.50475,-110.313484,397.30637,191.74919,-3.9247005,366.07758,193.97208,-15.210566,391.8262,211.92899,-90.344376,380.82373,211.88466,-93.97446,418.69244,226.91675,37.54568,339.80936,223.8961,9.54835,467.51065,196.18674,-82.84442,295.4836,195.88939,-87.99045,408.61533,179.74039,-102.7779,351.44272,180.95222,-69.140335,394.92197,176.4695,-119.00968,364.7749,177.47348,-83.521126,392.83203,181.47565,-94.40484,365.20596,184.12831,-56.01558,396.0334,185.38098,-96.42248,360.77637,188.73213,-61.652306,404.01605,335.84573,7.9696226,352.22836,336.96387,-7.990133,406.35468,359.3569,-283.45667,369.0638,351.90146,-321.8029,416.32788,447.02258,-545.93756,386.16837,445.95267,-564.0496,410.9776,470.90665,-578.98645,385.36182,469.92828,-592.7204,423.9305,436.91937,-675.92004,401.89508,436.587,-674.1666
abs_up
IMG_20241017_115012.jpg,abs_up,302.95605,466.56885,34.4594,307.40247,457.57437,18.095778,309.1413,456.62216,18.109762,310.86902,455.72586,17.997944,304.80743,459.13232,43.476864,304.84787,459.16513,43.49186,304.88226,459.1545,43.451424,321.42627,455.93228,-18.105003,315.1896,457.81317,98.22939,310.9264,473.66232,24.224325,306.52097,475.02975,57.87312,352.52625,501.23886,-61.150524,309.64423,494.40292,163.44084,315.07294,464.2329,-54.577347,274.1215,462.07205,276.88733,335.65857,458.54965,60.8293,310.52814,454.36038,395.55136,337.6396,453.43637,62.543606,318.57837,458.78278,416.48294,338.70187,454.89435,56.25107,321.9926,461.58972,428.51505,336.8903,457.73373,60.877773,318.3496,460.7127,400.6521,265.21317,597.9738,-82.70926,249.47154,576.775,82.848526,145.80109,588.3625,-91.90524,139.83646,581.205,10.629266,25.317352,591.9241,-108.22357,23.93058,590.0857,3.459503,26.533592,602.69836,-107.24562,24.044716,592.70435,1.7935128,6.3395443,576.0395,-155.36798,8.331388,572.75635,-62.204067
abs_up
IMG_20241017_115808.jpg,abs_up,1160.4935,2309.8333,355.1965,1163.3788,2273.263,305.10834,1168.8148,2269.8909,305.67963,1176.4426,2262.324,305.69272,1159.7472,2273.1736,404.86618,1162.384,2270.3284,405.012,1165.8732,2266.7668,405.26263,1237.8513,2245.042,218.62029,1223.0046,2245.64,685.09534,1191.7427,2326.7922,323.87094,1187.899,2329.8313,456.6935,1397.271,2376.9543,-52.727222,1273.7723,2366.9546,874.972,1187.0101,2331.1152,-101.386116,1054.9287,2297.0166,622.4345,1332.8014,2230.206,521.1279,1279.8009,2195.938,391.96426,1337.9156,2194.8252,542.6433,1327.6248,2164.747,375.41095,1350.9143,2211.9297,525.1153,1340.1794,2179.7104,493.9722,1350.0415,2228.8733,529.2535,1336.2958,2192.9468,423.38022,1199.7948,2894.892,-422.19458,1162.3931,2796.9722,420.4133,889.9799,2422.5781,-598.6061,895.8722,2403.9265,358.5963,677.07874,2863.718,-830.7778,678.90955,2811.2354,-95.96505,718.23645,2944.15,-841.9242,696.4133,2898.2676,-152.27782,441.87927,2967.7974,-914.3735,487.27896,2861.2,-283.4657
abs_up
IMG_20241017_115808_1.jpg,abs_up,1629.1001,2444.3289,169.78088,1658.5243,2423.5684,103.94755,1667.8738,2425.3076,104.38947,1678.2428,2426.4534,104.2665,1647.0623,2418.3975,202.61024,1647.5233,2417.5764,203.06378,1648.3528,2416.377,203.04926,1729.6484,2449.6033,19.822523,1688.3983,2433.782,476.2482,1645.8208,2487.1506,154.5473,1632.8916,2481.686,285.51318,1815.0103,2677.2266,-121.771286,1642.7626,2518.396,707.3996,1676.0197,2466.467,-460.52075,1488.6294,2317.8906,589.0596,1783.5785,2417.534,-491.69742,1716.7479,2395.8892,343.7656,1822.6654,2408.0513,-553.3585,1784.846,2422.7812,312.8878,1831.7736,2443.6182,-508.39783,1792.8461,2440.4514,405.32242,1813.7197,2455.1426,-478.0835,1770.4263,2440.6106,370.1113,1285.4531,2900.814,-376.24536,1274.9027,2752.0872,375.5878,930.74005,2463.5652,-515.79816,931.07385,2410.7761,168.67767,691.64404,2890.0498,-428.5925,709.1096,2817.5142,370.4904,741.77136,2965.892,-406.936,727.83563,2936.3286,387.80826,440.36972,2979.434,-464.82486,470.04916,2945.6228,303.09088
abs_up
IMG_20241017_115811.jpg,abs_up,1068.6167,2323.759,61.24468,1070.8303,2285.5793,-14.326279,1075.5814,2283.64,-13.955637,1080.9539,2280.9692,-14.1020565,1067.6334,2287.768,95.1644,1071.1193,2280.9253,95.292816,1074.8467,2277.336,95.51152,1130.2565,2252.7732,-166.90898,1124.4598,2252.84,336.8255,1093.8949,2342.9927,11.165986,1092.325,2341.9087,155.2707,1268.1676,2349.6487,-420.24112,1228.849,2353.0017,585.8463,985.382,2346.1526,-458.98734,990.17017,2342.8987,270.43082,1157.8954,2189.5527,124.9573,1159.5293,2209.5881,-140.59492,1177.9601,2147.664,110.97149,1188.9547,2169.384,-195.61435,1209.888,2167.0986,67.23259,1213.2682,2177.3882,-98.65331,1203.9938,2186.4065,119.50076,1211.6936,2202.0115,-124.01817,1201.2767,2865.309,-412.5219,1174.3164,2799.1477,410.90952,909.39386,2418.522,-561.53613,931.61926,2412.9294,274.88446,722.99884,2837.4429,-553.143,725.00433,2803.1174,-79.084816,763.90405,2920.7075,-539.9432,742.36395,2891.2236,-126.76892,561.3856,2872.5168,-606.7703,587.7173,2836.5894,-268.13168
abs_up
IMG_20241017_115812.jpg,abs_up,356.12033,325.38623,-287.19473,360.29767,321.4734,-285.98425,363.99377,320.89496,-285.8202,368.05612,319.9432,-285.85052,350.72208,320.22806,-280.2846,347.507,318.8727,-280.2759,344.19275,317.3112,-280.29425,375.5317,310.39294,-192.80635,335.93375,307.02786,-167.82507,363.08728,325.53882,-244.77502,351.15027,324.49445,-238.19716,408.62558,308.61972,-130.17053,308.823,309.9149,-109.29028,458.45438,316.32275,-365.11444,246.76907,327.81393,-343.8993,393.52512,279.2017,-533.6028,309.75934,284.68146,-518.6276,377.21216,271.68622,-569.38995,326.33685,270.8831,-558.5988,374.14984,272.7036,-535.12445,336.25635,259.26666,-521.0824,378.47256,276.89706,-524.54407,325.0486,279.89404,-508.2647,394.3012,419.82855,-9.756697,335.57864,422.85156,9.638535,386.99677,366.11774,-428.4953,336.38803,365.2912,-455.09308,377.9394,512.3855,-451.93268,351.79404,517.6534,-456.40186,374.37125,525.50696,-456.95105,354.73093,530.7948,-460.3152,369.75995,567.174,-597.949,358.61218,570.8505,-601.99884
abs_up
IMG_20241017_115813.jpg,abs_up,172.96848,475.5414,94.15566,173.22423,467.01578,78.59366,174.06409,466.55005,78.68975,176.4724,461.27243,78.64079,173.28409,469.53064,100.90816,174.32652,464.3035,100.96145,175.21103,464.26984,100.99637,185.03886,463.2198,40.363083,184.17328,462.39462,143.69324,178.81717,479.1225,80.813385,179.0159,480.7618,110.44848,210.32468,478.54205,-19.83573,200.11568,494.47513,195.64375,156.35419,451.47095,-10.791903,153.61478,477.0079,198.19203,203.1888,446.2164,126.262375,193.69865,456.5927,176.30194,209.91826,444.91797,128.18958,204.60567,453.87207,179.2277,213.19928,452.9727,123.88529,205.61891,456.844,194.74997,212.50056,455.87607,126.59924,203.65028,459.35654,179.99323,186.83435,589.6749,-90.974556,179.83,587.03455,90.56624,120.21237,494.67648,-114.487946,122.74583,512.22845,77.168205,64.49887,582.0649,-133.05997,60.624825,586.5541,7.167319,72.64361,607.0973,-131.22113,67.48401,606.20996,-1.522143,29.402008,588.3837,-133.9257,30.229399,598.2299,-26.087149
abs_up
IMG_20241017_115814.jpg,abs_up,184.38242,481.90674,90.85318,184.55061,476.12964,76.04764,185.91673,469.23593,76.14682,187.27344,468.5676,76.10907,184.80652,477.11176,96.74234,184.28116,470.21216,96.79762,185.00592,469.9447,96.81505,197.05928,465.75412,40.9037,193.63344,475.40903,137.23312,189.13591,485.00146,79.00659,188.62207,485.92734,106.62381,219.38586,483.59552,-13.10961,204.38277,494.88324,183.04251,167.46298,451.38007,-5.0921736,161.39279,473.42224,228.2395,212.5039,452.4978,121.397675,200.83397,454.9152,269.55923,216.32867,449.50842,124.614296,209.728,451.41748,279.78455,220.7638,458.2144,119.72882,213.38039,458.68558,293.9561,218.29608,460.49384,121.17188,211.33047,461.35272,274.50568,190.45103,591.8051,-82.74336,178.26735,588.1328,82.324745,122.304245,495.2786,-101.95767,122.54298,511.79193,65.6953,62.478905,578.6795,-126.45886,63.090446,586.9496,-13.851194,67.271645,605.91583,-124.28871,60.6686,603.86633,-22.592012,31.726868,592.9826,-126.11802,36.400967,599.3983,-45.856094
abs_up
IMG_20241017_115814~2.jpg,abs_up,350.96567,343.65247,-203.42809,354.74377,339.3019,-197.45221,358.1667,338.31506,-197.31587,361.8721,336.93945,-197.35097,345.43414,338.63,-194.2051,342.31854,337.40045,-194.18752,339.24133,336.0037,-194.20895,367.72232,327.59738,-105.3335,331.58917,326.96628,-91.572235,357.21402,343.5349,-163.60025,346.26382,342.54813,-160.32658,398.45804,328.13794,-54.288174,304.24213,330.68277,-47.74385,448.48688,335.31897,-259.6615,246.05756,344.31223,-274.34808,387.812,296.98203,-392.1354,305.30753,302.1246,-424.27505,372.58038,288.49954,-424.61514,319.8779,290.8327,-462.34796,368.2891,289.5293,-388.8302,323.24606,290.75507,-424.9456,372.47266,294.3235,-382.42078,319.11954,297.14346,-414.01144,387.93243,433.88986,-6.7730727,331.41687,439.74112,6.7151394,382.23853,389.70984,-387.4679,334.18527,390.8716,-419.92767,372.82953,529.62915,-423.1249,344.15073,528.9499,-437.50293,368.4717,544.23846,-429.92194,344.53503,544.4355,-442.3821,360.2984,577.08466,-561.3453,352.9759,585.3098,-569.6993
abs_up
IMG_20241017_115815.jpg,abs_up,186.07,483.36774,96.06099,185.6762,477.6551,80.811584,186.29858,476.86615,80.91892,187.8583,474.2074,80.879974,185.9429,478.55164,102.36226,186.54771,478.41956,102.413635,187.04305,478.2403,102.42472,200.75644,466.55475,43.68641,196.06018,476.18842,144.02866,191.14058,486.46298,83.504036,191.43668,487.37927,112.30233,222.44957,481.71405,-11.741874,213.078,493.44897,193.02612,166.73143,453.04724,2.085214,164.35536,474.8001,242.28735,209.07928,452.48633,137.24794,197.6867,458.64206,283.99542,212.147,444.51016,141.35445,208.16411,451.666,296.64307,216.3262,454.3958,137.11502,210.01707,459.96542,309.39597,214.97537,458.1793,137.48067,205.24538,462.6508,288.72305,190.84125,593.0153,-86.454025,180.01054,588.44934,86.07119,122.54021,495.2024,-117.56325,123.094955,512.3216,68.21343,60.41752,579.1315,-141.09882,59.60777,586.28174,2.45955,69.51006,604.77893,-138.41771,66.70053,604.07465,-4.6099524,27.43232,595.2701,-135.04706,32.745293,597.89606,-24.82075
abs_up
IMG_20241017_115831.jpg,abs_up,364.15726,319.45578,-175.90395,368.76114,308.6911,-158.54578,372.09396,307.2473,-158.41972,375.27283,305.64954,-158.46945,356.9228,310.21448,-156.24905,352.75235,309.72256,-156.31694,349.13312,308.8972,-156.32521,380.55243,299.1823,-51.47356,343.9753,304.72897,-41.324112,371.0106,325.0207,-135.3457,358.77606,326.18018,-132.88109,408.31558,322.08276,31.89891,319.8093,326.22717,46.6746,456.5442,328.1887,24.70738,267.25937,338.9421,81.94178,398.6409,278.63654,88.33855,323.20697,283.38834,202.11919,385.10422,268.39142,92.56596,333.92148,269.5225,211.12064,381.12015,270.83286,115.84307,337.01883,272.5184,240.12016,385.19513,276.76987,97.27747,335.09503,279.27597,215.666,392.3087,423.0249,-11.505824,340.71036,425.4435,11.457454,395.30835,408.9153,-339.80667,327.92834,411.1695,-328.27087,388.19083,539.5322,-423.8258,330.03384,539.5365,-393.3002,385.10535,554.92993,-437.73004,336.76724,556.5652,-404.05865,382.81332,589.74023,-583.15936,324.4185,594.34436,-541.95776
abs_up
IMG_20241017_115832.jpg,abs_up,368.79517,316.22424,-214.07025,374.56967,304.86688,-197.68468,378.1478,303.911,-197.5373,380.8385,302.96732,-197.59586,361.47153,305.77136,-195.97603,356.95053,305.2972,-196.06683,353.8355,304.4906,-196.07222,386.50198,298.0397,-86.98021,349.26718,301.0511,-80.044136,376.1798,322.73395,-171.28322,362.05496,323.73746,-169.72357,416.45322,322.55975,7.21935,323.7826,325.8733,13.318626,462.65762,321.05893,20.344587,266.06577,329.8931,48.13389,404.8004,277.00928,108.76636,329.54398,280.50903,164.91536,390.8893,266.9348,116.375725,342.04672,267.3608,174.69398,387.7523,269.54224,141.93729,344.98096,270.84863,203.16774,391.31586,275.18985,119.060165,341.86462,277.17007,178.43219,397.08432,431.88867,-7.3475704,344.97415,433.23758,7.3034253,400.82733,409.74918,-397.69202,332.5598,411.57394,-370.4385,393.90305,538.0221,-435.84262,335.64966,537.6954,-402.88617,389.87656,552.42975,-444.24768,344.12485,554.37787,-409.26584,387.5402,593.63727,-593.04034,331.51263,597.46533,-552.35114
abs_up
IMG_20241017_115833.jpg,abs_up,250.1983,456.6944,81.165596,251.7327,448.2888,64.78023,253.01495,448.08902,64.87328,254.93906,447.98965,64.82517,251.38475,447.81146,88.21553,252.29628,447.44778,88.249855,253.58391,447.21686,88.26658,267.79184,450.38867,21.978039,267.12943,450.95334,130.48932,255.6576,463.3855,66.42401,261.5335,468.0565,97.56275,294.58698,481.3785,-40.351337,276.24042,493.15594,183.28397,233.50677,443.1165,-38.203293,231.52626,466.4854,273.98785,280.07944,430.19095,91.6812,276.1513,443.19815,372.07547,289.34634,428.73758,93.193825,286.01218,439.56815,387.21216,292.7826,434.60065,84.76375,291.40228,441.84357,404.83994,291.45868,437.19455,89.93099,287.40836,444.0445,379.27466,264.27493,602.38275,-93.0636,249.37062,593.33136,92.77079,186.27226,514.7856,-115.338,190.30714,516.26117,72.17456,114.87085,598.38715,-121.46615,120.10165,592.02734,24.47111,117.52754,618.6553,-117.935715,122.05749,613.22455,18.197342,68.15393,602.47626,-134.0088,79.22484,592.32544,-11.885127
abs_up
IMG_20241017_115852.jpg,abs_up,1359.5746,2305.8206,133.74466,1375.2,2255.837,38.33971,1381.658,2254.4614,38.254475,1387.9916,2252.2046,37.88112,1374.6667,2253.479,162.44067,1381.1935,2250.5764,162.51555,1387.7682,2246.7812,162.6671,1455.8898,2249.8728,-234.26163,1450.4379,2242.6733,329.37787,1387.093,2341.0066,44.54909,1386.5186,2341.4841,208.38152,1579.0837,2414.8665,-526.7951,1562.7368,2387.8416,667.7453,1377.2164,2323.924,-536.8574,1481.7927,2328.5515,1360.3125,1499.2195,2273.0076,149.91554,1519.2316,2269.689,1800.6807,1530.4277,2233.4758,160.13647,1527.0667,2221.0012,1919.3038,1548.1226,2261.4436,148.24522,1545.4937,2255.7195,1891.2783,1544.7843,2279.9531,160.96547,1534.3451,2274.9175,1799.019,1420.7649,3063.8645,-492.62515,1386.2349,2939.1084,492.74786,910.15454,2784.2715,-775.33606,949.8508,2653.9617,402.8159,367.2032,3100.1357,-985.93463,483.0402,2934.4402,261.8295,359.89102,3215.2922,-999.89044,434.898,3041.2598,230.17441,46.74563,3035.5754,-1194.5845,224.52736,2918.3037,103.441025
abs_up
IMG_20241017_115852_1.jpg,abs_up,1431.4374,2280.5881,271.71646,1454.6511,2235.7278,173.02208,1462.1028,2236.0562,173.17154,1469.7012,2235.3267,172.84402,1450.9241,2233.695,303.63544,1455.7758,2233.0261,303.68442,1461.0577,2231.5864,303.77896,1529.8461,2246.0676,-101.29072,1515.6287,2239.6665,495.87497,1460.6453,2322.7588,184.51706,1456.7101,2323.8318,357.08398,1656.5991,2412.4094,-411.30365,1571.0187,2370.2583,856.7295,1481.0707,2280.0312,-441.85858,1508.5533,2269.8713,1689.2838,1507.1847,2244.7527,319.74332,1511.5074,2230.1074,2297.1296,1514.9243,2214.5586,354.1911,1527.4623,2198.4634,2422.7551,1518.9294,2234.8403,357.52148,1546.5923,2230.6663,2419.876,1522.2488,2257.4778,339.3619,1544.3801,2247.5972,2303.3394,1441.3606,3056.1123,-502.0908,1382.6693,2929.8015,501.9819,902.35254,2783.7249,-810.74347,938.8937,2657.989,240.34048,375.06616,3114.0425,-1045.9353,401.26813,2963.3086,9.069642,365.78796,3217.941,-1054.6693,429.6247,3055.579,-26.090672,97.375275,3022.5896,-1238.9545,212.16846,2915.9827,-183.57115
abs_up
IMG_20241017_115853.jpg,abs_up,1447.7627,2263.9226,164.66243,1479.2303,2220.1685,73.43046,1486.8833,2221.8018,73.35946,1495.2988,2222.4534,72.991455,1475.0786,2216.4683,197.96648,1479.7656,2215.8613,197.96263,1485.0746,2214.2195,197.99054,1555.9519,2240.6062,-179.68028,1539.9186,2228.2234,387.74594,1469.6067,2308.2993,85.054565,1464.293,2306.8508,249.64937,1668.5002,2443.267,-439.637,1589.0354,2362.0005,709.9653,1537.1334,2300.5562,-497.01538,1529.139,2265.9194,1438.8834,1513.3835,2242.3066,172.37517,1507.9047,2219.5862,1825.9008,1510.3966,2212.4392,191.00279,1516.8425,2193.2068,1912.8347,1513.0675,2221.5796,197.0435,1518.0829,2216.8813,1870.2362,1518.0604,2241.423,192.49916,1518.9164,2231.6555,1814.0586,1437.8453,3052.8237,-462.3548,1381.6427,2904.2341,462.66473,898.3546,2785.6274,-781.26624,947.11646,2657.4668,250.75212,364.14536,3124.0742,-1050.2306,449.65714,2933.8152,16.769985,340.5362,3232.2134,-1070.9825,413.43283,3027.9724,-20.671047,86.584564,2946.947,-1303.0173,235.39299,2897.0024,-162.35718
abs_up
IMG_20241017_115854.jpg,abs_up,270.7559,456.40253,75.03354,274.88675,445.39862,57.531734,276.22955,444.87805,57.63984,277.48608,444.32364,57.591454,274.8901,445.611,82.85183,276.208,445.25232,82.88836,277.3928,444.9227,82.87943,290.95493,445.68753,9.35518,287.83328,446.68808,127.94087,276.37256,463.90686,58.591724,276.00043,464.36926,92.871414,317.22025,470.44772,-45.50895,291.5995,478.04602,183.87471,277.1179,418.0625,-72.652016,252.72215,432.71674,342.4582,306.16278,437.03595,61.875298,296.8375,439.46915,469.42435,309.057,439.43304,69.00919,304.3866,436.20657,491.3052,309.1141,449.59833,67.08291,307.7853,447.44073,506.21667,307.664,450.8811,62.823673,305.85498,450.57947,476.83997,260.09412,613.22095,-97.52312,248.36539,593.9835,97.31591,145.26863,534.6628,-130.32089,149.4703,529.13885,56.996113,28.19236,602.0512,-127.4879,34.35366,593.98914,40.04661,26.205826,622.78064,-122.50197,30.768549,613.51697,36.1328,-25.138199,593.74255,-139.91284,-16.636293,593.9913,0.62215734
abs_up
IMG_20241017_115856.jpg,abs_up,290.2822,452.57126,73.06559,294.85056,442.66733,54.704273,296.07343,442.26102,54.81582,297.2034,441.8039,54.782265,294.5612,443.3838,80.157104,295.544,443.48984,80.16616,296.37408,443.5906,80.135735,309.35452,443.94952,6.984904,305.57648,446.32764,125.4185,295.2015,460.95523,57.075672,294.7993,461.64163,91.352234,328.97018,475.07983,-47.180874,301.37134,481.42877,187.09196,296.12332,418.59705,-73.968864,267.0214,451.12,323.94894,327.29962,443.98813,47.03357,305.07944,449.4129,425.13898,330.8048,449.84903,50.411465,316.05692,445.3976,442.81152,333.855,459.66678,48.52035,319.4483,455.30902,456.7046,331.43127,459.25598,47.42047,314.78912,457.13797,431.10147,262.38184,611.5243,-95.73141,251.52798,594.2434,95.59812,146.13342,530.0829,-122.41643,152.78688,530.3137,55.00831,33.553432,598.35913,-112.42889,41.965073,591.26965,44.724236,29.217821,620.0805,-107.28075,36.520958,613.1002,41.79262,-15.3550205,582.9824,-122.4359,2.0676255,594.5728,8.841392
abs_up
IMG_20241017_115857.jpg,abs_up,376.49628,260.97296,-58.074776,376.87332,248.85416,-28.94877,378.6621,247.98206,-28.792992,380.7538,247.16544,-28.795326,367.68155,250.87314,-36.23427,363.03647,251.26762,-36.364967,358.60007,251.63498,-36.403713,381.6717,246.79315,105.37413,349.46848,254.20074,70.38583,380.68658,269.6706,-11.968297,371.18716,271.5006,-22.539093,409.9311,280.6861,154.16052,321.89517,292.04303,107.66424,449.80756,236.75494,151.28133,274.23175,247.39082,118.06853,386.8971,237.06882,284.61087,340.31903,245.14383,319.19574,375.77798,237.44351,284.92532,353.82492,238.62782,327.44342,374.91678,244.564,309.36002,355.76334,247.4365,351.87115,377.35452,247.61493,290.8208,350.90906,251.77728,328.438,402.40997,417.11783,2.5830698,348.25943,421.17538,-2.3713508,437.11105,391.3477,-368.34467,321.71606,385.9236,-442.43124,443.27075,514.86865,-546.7275,321.80954,515.00775,-577.03845,433.3141,537.3522,-571.6362,328.68893,532.2647,-594.02954,454.82275,562.3815,-722.3896,325.10767,559.9077,-735.763
abs_up
IMG_20241017_115858.jpg,abs_up,293.84433,456.612,63.300674,298.9392,446.62204,44.084282,300.36273,446.25577,44.187527,301.73785,446.01355,44.148792,298.39163,447.20984,69.76805,299.39856,447.16678,69.793594,300.27252,447.23926,69.77124,314.9732,448.34686,-5.584282,310.68527,449.6654,114.24104,298.8659,465.02014,46.60991,297.75317,465.72104,81.29405,335.6817,479.97116,-58.004303,308.80246,484.5225,175.47916,304.2303,417.26483,-92.197784,281.83456,451.12695,323.31842,332.59305,445.57114,29.796324,312.49197,449.477,439.1478,338.86166,451.29724,33.209038,321.65186,447.69794,458.0136,339.2591,459.9845,30.590965,326.01202,455.7067,471.1678,336.46124,459.03195,29.798449,321.25912,456.67065,444.90408,260.818,611.3243,-94.87509,250.57921,591.51733,94.72286,147.8063,529.4528,-119.7431,153.9661,529.42694,62.01496,33.090126,595.1922,-109.90146,43.844677,587.1752,48.587112,27.303654,615.935,-104.355354,35.215813,608.31006,45.052094,-18.666441,577.80695,-116.054474,2.5829673,592.0572,11.237998
abs_up
IMG_20241017_115859.jpg,abs_up,285.18735,468.05283,71.41033,288.5926,458.05765,53.640263,290.11285,457.54395,53.738518,291.66556,457.00558,53.670708,287.467,458.59442,80.20592,288.1762,458.39267,80.25742,288.9314,458.12115,80.254616,304.2796,457.6933,3.8148394,300.24393,457.95526,128.4312,292.11917,474.90643,54.593998,290.46832,476.00555,90.5961,339.10657,484.83447,-43.75328,309.65952,486.837,184.54396,309.78952,421.87448,-50.11102,284.05392,439.94293,334.21008,331.03302,440.27185,112.58006,307.0719,447.20392,451.76328,327.40186,445.52203,122.78425,318.96576,450.44675,472.4182,326.02524,452.47144,120.97036,324.55106,455.15775,488.78494,332.19028,453.2436,114.453964,320.9659,454.40863,459.46182,261.2308,612.8786,-94.683846,252.71284,590.19403,94.54702,146.9067,533.8672,-121.01624,151.88142,530.87415,52.66671,31.624943,599.0116,-116.95713,40.366512,589.29395,41.841316,24.651129,621.01263,-111.89908,30.246002,610.6795,39.068092,-22.906012,575.30884,-126.82253,-7.0024967,578.7743,5.406378
abs_up
IMG_20241017_115919.jpg,abs_up,1501.0045,2264.6265,-238.50275,1519.193,2215.4119,-309.9625,1532.1174,2213.4495,-309.53564,1546.1755,2211.0845,-309.79535,1492.8346,2214.978,-202.43112,1487.5603,2213.1875,-202.31418,1482.3612,2211.1572,-202.20892,1624.0082,2211.3452,-361.95547,1536.0306,2209.271,136.9422,1541.6592,2307.318,-244.59973,1513.9469,2304.2654,-101.774376,1819.9515,2402.3213,-400.16727,1574.0155,2345.6047,387.27844,1661.2821,2430.9966,-773.32074,1223.5201,2235.5618,288.63913,1687.3411,2189.4126,-543.1559,1487.0559,2128.9126,296.14856,1679.8619,2133.8425,-563.8388,1553.7008,2105.3174,300.7059,1692.2896,2159.32,-520.7091,1584.8987,2128.4324,441.1925,1686.6442,2188.0183,-526.5907,1564.6277,2152.0103,341.16565,1561.919,3092.16,-404.2816,1508.8932,2950.6804,403.30963,1169.9199,2624.277,-609.7647,1154.2875,2563.2659,342.8668,917.01355,3144.1836,-583.6004,906.5489,3058.0417,176.14,955.3587,3264.6138,-561.71155,950.6165,3167.6309,148.50684,626.0293,3267.7012,-642.71936,636.49097,3159.1682,14.615858
abs_up
IMG_20241017_115919_1.jpg,abs_up,1521.7565,2256.362,-147.37067,1532.1064,2208.919,-260.04437,1538.3644,2207.559,-259.73535,1544.9528,2205.5354,-259.98123,1528.4021,2207.0098,-119.75198,1532.1831,2204.7104,-119.67307,1536.4995,2201.6484,-119.45108,1611.9672,2208.704,-516.60034,1599.5356,2200.465,128.83803,1551.7911,2301.5542,-233.49818,1550.1487,2305.449,-47.191948,1759.209,2413.3547,-726.08673,1705.7355,2365.3467,461.56964,1486.0977,2324.0996,-826.0749,1513.3789,2290.1694,1158.2095,1681.4911,2236.3337,-212.24959,1664.4155,2231.8296,1841.8464,1713.1564,2200.3347,-230.83475,1685.339,2187.6472,1933.4703,1730.6953,2232.0054,-271.5103,1706.7429,2223.8223,1981.0844,1720.9833,2249.4841,-221.87206,1702.0472,2242.0303,1866.4476,1563.6207,3094.215,-483.8791,1546.3241,2985.9224,484.09164,1167.9952,2631.9792,-597.5278,1176.8721,2580.0771,432.992,903.23175,3135.779,-382.94943,921.59503,3051.6025,352.24927,943.4313,3256.2422,-335.35345,958.10065,3165.8987,327.1491,606.3923,3273.294,-330.4475,638.73846,3148.5913,193.9126
abs_up
IMG_20241017_115920.jpg,abs_up,368.26553,227.38187,-47.78736,374.48,217.37582,-28.060635,377.93213,216.82292,-27.871727,380.94562,216.16425,-27.896355,362.9534,216.33342,-26.623682,358.93637,215.28256,-26.669518,355.34232,214.26468,-26.706726,385.99716,213.14627,71.220985,349.98984,211.95042,77.54695,374.0104,236.20622,-12.84345,360.7004,235.81529,-11.701122,413.03674,244.05824,125.755424,322.29846,245.93439,131.87747,462.37723,239.28474,123.48395,259.7315,219.7583,142.02478,404.82355,214.81296,268.09415,325.79666,208.63126,275.5505,391.40707,201.67262,277.9383,339.98895,199.93874,281.4006,386.09158,212.59853,308.21085,343.36124,207.56303,308.7018,387.81836,219.572,280.2182,340.89832,212.82193,285.7622,391.80084,359.02734,-9.852834,338.01306,362.33167,9.927853,404.5602,320.78378,-351.2596,327.25522,321.12082,-357.0061,403.7613,455.37347,-458.2262,326.19522,455.09045,-442.53848,400.03568,469.11746,-472.6467,331.67606,469.11502,-453.6439,402.9044,506.86603,-606.4974,324.58365,510.0395,-589.61005
abs_up
IMG_20241017_115920_1.jpg,abs_up,1563.958,2263.6274,-105.20455,1575.7699,2220.6355,-213.31975,1582.7302,2219.1267,-212.95857,1589.643,2216.766,-213.14554,1566.2095,2218.3127,-81.41057,1566.655,2215.718,-81.298935,1566.9288,2212.2598,-81.14036,1653.1228,2218.1575,-441.775,1618.6785,2209.1272,164.04376,1592.2017,2308.8413,-179.57585,1581.9817,2311.9395,-4.6668067,1796.3684,2418.952,-639.60254,1720.6372,2366.3923,487.7803,1511.9657,2320.3076,-815.61115,1510.8418,2278.4246,1145.2463,1728.8549,2231.872,-332.06097,1690.1188,2214.0427,1840.5216,1763.2023,2192.8196,-357.94986,1721.7823,2180.0625,1934.7727,1783.688,2225.161,-394.20547,1749.0311,2213.8188,1996.4685,1777.4952,2246.7249,-343.73874,1739.9725,2237.738,1871.5187,1575.3479,3089.8977,-468.55893,1550.2198,2977.296,468.48926,1175.6671,2624.315,-598.1037,1185.2478,2574.4558,421.3912,908.4236,3140.4607,-447.18762,918.253,3059.2776,331.9303,954.18604,3249.9124,-404.50626,956.2203,3167.6003,307.61365,623.36475,3289.0667,-385.58316,628.23395,3182.646,197.53047
abs_up
IMG_20241017_115921.jpg,abs_up,370.9889,220.69571,-4.403174,375.65234,211.26242,17.418888,378.67917,210.90227,17.60421,381.54178,210.43614,17.577808,364.22296,210.87999,16.805387,359.85916,210.39337,16.785475,355.72577,209.77618,16.777086,385.9172,209.74565,115.488235,348.6823,210.68965,112.27795,375.69638,230.70314,29.156,362.9211,230.51547,27.548632,409.02206,243.93594,158.17854,319.47006,246.11795,156.81813,461.45676,236.91977,162.24138,260.80884,219.33351,156.84451,404.24698,213.61829,317.43735,327.37048,209.30998,296.81738,390.76056,202.04283,331.5549,340.80563,200.18376,306.59552,385.89362,213.66177,364.05508,345.5279,210.99619,333.5545,387.93668,219.30971,331.06213,343.17465,216.37201,307.52145,389.42215,360.7525,-9.575176,336.08786,363.12912,9.686161,403.6798,320.0127,-341.38522,324.63895,320.30206,-339.83508,400.30142,454.13034,-452.29184,325.25793,457.19083,-432.30823,397.1568,465.37802,-466.4994,332.06714,468.88058,-443.64557,400.39114,503.2002,-587.67236,321.30362,507.9105,-565.1015
abs_up
IMG_20241017_115921~2.jpg,abs_up,375.00067,232.6468,-30.82676,380.97586,223.1981,-10.409968,384.24396,222.75446,-10.237161,387.257,222.23056,-10.25172,368.76318,222.68535,-9.149005,364.33878,221.99127,-9.179484,360.30353,221.19872,-9.218862,391.78607,221.48477,87.549385,353.77945,220.81772,93.00297,379.69708,242.8621,3.1409352,366.2597,242.75969,4.025945,415.7091,256.12805,131.8352,324.6932,256.71313,136.40291,463.2984,250.03584,111.44583,262.31113,226.71744,123.481964,405.35336,225.46748,251.34369,330.30984,217.06361,244.28117,389.9553,209.96286,261.58444,344.70865,209.99686,249.05411,386.5137,223.45984,294.44064,348.42593,217.27321,278.1275,388.92743,231.39433,264.35516,345.9932,222.1993,255.01302,391.5619,377.4036,-8.405231,338.48624,377.99393,8.4857,407.26147,329.61377,-335.791,329.78714,327.90005,-351.03714,403.96085,466.71445,-443.93146,327.68683,466.4612,-432.17523,397.80936,479.18668,-458.26993,334.93954,480.33038,-442.142,402.45898,514.70746,-586.5458,324.65625,517.9987,-570.84436
abs_up
IMG_20241017_115922.jpg,abs_up,374.27536,246.41075,41.582287,379.9553,236.92477,61.363964,383.249,236.67126,61.547432,385.94254,236.21027,61.5358,367.54803,236.3005,61.440376,362.54156,235.45903,61.419952,358.2784,234.64528,61.41806,391.37695,234.36783,151.06857,352.41656,233.87085,150.13048,379.8423,255.74008,72.59229,365.79025,255.23123,71.66287,415.7437,269.92892,183.91351,322.86322,268.5674,183.77518,465.5018,265.50278,161.63416,261.90305,237.6373,185.79672,411.9424,237.98703,273.34647,330.41833,233.61076,330.43225,398.6556,228.4063,281.50177,344.08273,227.57916,342.66708,394.45612,233.70488,321.0079,347.54065,232.02957,376.10245,396.7955,239.13745,288.1284,344.66898,236.61243,343.97437,392.4392,383.07806,-5.8215857,338.53174,384.31808,5.9608955,407.5676,342.1374,-346.93607,326.83136,343.0072,-359.8842,403.81155,473.42084,-412.24423,327.5941,477.9522,-392.51373,397.71878,485.80508,-419.7028,335.6131,490.118,-394.6476,400.1607,528.26855,-540.1255,322.826,530.2879,-503.71103
abs_up
IMG_20241017_121152.jpg,abs_up,345.9203,468.88126,-155.26274,347.80466,461.71863,-148.05234,349.8164,461.2139,-148.03853,351.95602,460.43713,-148.13826,340.94727,462.2196,-148.60362,337.88416,462.11777,-148.6339,334.46564,461.91757,-148.65881,354.22827,457.69846,-72.2335,326.23914,459.98932,-74.355675,349.78442,474.3931,-122.03293,340.94254,474.65582,-123.28694,373.14215,476.21664,0.40757135,306.1175,479.12762,-4.834361,407.42596,508.44058,-51.525337,275.0342,518.7181,-50.343235,376.7498,459.87204,-97.13451,304.1775,471.1381,-89.49168,369.7022,447.70786,-102.50659,308.7005,457.30087,-95.70843,368.05655,445.9112,-84.56753,310.18057,455.72858,-75.08172,368.24463,449.48444,-90.38303,310.9201,459.47568,-81.53128,362.28683,552.4323,-6.8925014,319.9732,553.7787,7.012765,357.10315,585.6039,-208.24628,323.49103,584.3031,-231.5135,351.78928,672.0496,-289.23044,329.1005,668.2159,-285.5505,351.13565,691.9973,-300.61426,333.12378,688.08093,-292.6373,343.94153,674.458,-404.97974,326.69965,675.332,-392.51233
abs_up
IMG_20241017_121153.jpg,abs_up,297.4263,507.82846,76.166405,299.60898,498.04367,60.816494,301.20767,497.0286,60.837524,302.87186,495.84927,60.730515,299.28995,497.85785,88.034515,300.3629,497.13364,88.16953,301.2168,496.45706,88.20572,316.46207,491.44263,10.952824,309.17212,494.97064,136.29324,304.77884,511.65854,58.882847,304.45465,512.4674,95.13022,338.6601,509.70883,-61.50458,336.54126,526.4392,196.94229,267.81134,531.1005,-57.40355,281.58163,546.5821,262.4107,304.07144,488.26685,90.791405,305.4307,503.71838,270.4929,316.0067,473.9439,102.130135,316.16745,488.92145,290.27707,323.4279,478.21454,103.45868,314.71375,491.75305,296.07983,320.55917,484.55658,96.24612,313.33438,496.55515,272.99817,295.63333,623.6392,-93.06985,290.56723,620.4002,93.15697,173.84477,588.74176,-116.56078,184.73032,581.33777,71.99196,63.46804,625.57275,-121.59204,69.76871,621.8082,52.81514,50.516582,646.83777,-119.04065,54.92263,643.2083,48.721306,13.395471,606.2273,-141.34915,23.626883,607.7508,19.586536
abs_up
IMG_20241017_121154.jpg,abs_up,301.43097,509.39163,88.57315,302.9182,499.38727,75.93736,304.442,498.2198,75.96238,305.9221,496.9173,75.851974,302.67426,499.4127,100.55443,303.69855,498.72113,100.68422,304.40622,498.09204,100.71154,318.88718,492.01956,33.645596,311.46414,496.5944,147.00548,309.07217,512.8947,73.57447,308.70523,514.14667,106.33675,340.64093,510.79828,-35.017097,336.60638,526.3348,200.89177,272.18198,533.3247,-29.465843,283.775,546.83923,270.92957,307.21335,486.88763,111.103775,308.19586,501.4928,290.1225,318.34692,472.1121,126.13294,318.74878,484.67975,309.91617,325.64682,476.7661,125.97408,317.60977,486.238,318.72363,322.70016,483.34827,116.27259,315.15433,494.90714,294.13147,298.1426,624.0183,-87.29978,290.8545,619.73126,87.29455,175.97014,588.55316,-112.86372,185.62865,587.0899,57.5074,65.52653,623.9875,-138.49416,71.28355,620.89984,22.077986,50.53482,644.2708,-137.9779,53.778828,641.49054,15.943686,13.345385,602.8254,-164.94943,21.059042,606.02045,-16.044945
abs_up
IMG_20241017_121155.jpg,abs_up,305.67868,504.26825,72.30547,308.55185,493.4475,57.816463,309.91626,492.4793,57.836975,311.24094,491.42035,57.733917,308.44473,493.2477,82.091324,309.43567,492.485,82.21272,310.12802,491.8663,82.2339,324.33228,487.05188,13.29323,317.32095,491.5729,125.35222,311.08496,509.2403,57.494095,311.15833,509.65677,89.91603,339.45175,510.0977,-57.355186,340.33862,523.16406,185.02582,271.60843,536.3219,-49.75827,282.9668,538.28345,244.56517,304.07996,490.69672,93.14419,307.85587,502.03333,252.5917,313.6907,475.702,105.31681,313.0054,482.9997,271.48962,321.0819,480.3911,105.76392,316.28418,488.9841,279.03543,318.76755,487.6876,98.14842,315.1819,495.88446,255.78731,297.10593,623.85376,-90.70811,291.8314,616.27106,90.75799,173.70314,586.6642,-102.69316,182.96835,585.29126,65.88803,58.146107,624.5166,-107.01576,66.70391,619.5954,52.64431,45.63539,644.43744,-104.7045,50.545906,641.7687,49.28875,10.373372,604.161,-128.95197,39.703114,607.8383,18.589748
abs_up
IMG_20241017_122227.jpg,abs_up,336.78705,498.54663,-68.569466,341.3995,490.99973,-50.704365,343.91248,491.10287,-50.72117,346.38248,491.19244,-50.74684,333.7686,490.14117,-51.467537,330.6954,489.57138,-51.516186,327.6958,489.09326,-51.500538,349.79178,492.25726,44.863037,322.09482,489.89078,40.714973,340.19977,505.52365,-33.65936,330.61688,504.72205,-35.653473,371.66714,525.9602,82.62668,298.25543,525.7964,89.49223,386.33832,582.07776,-55.720215,281.35513,583.73267,-29.081034,360.66055,542.158,-199.54279,311.4365,542.1595,-183.79373,353.74863,533.05334,-220.27588,317.49274,533.424,-205.47298,351.25397,528.72516,-201.86707,319.14542,526.8255,-191.15033,351.1554,531.88135,-194.2856,318.845,528.28296,-179.10973,357.21896,605.12744,-14.394665,317.5464,605.748,14.56047,364.80127,570.17816,-281.26932,303.4243,573.632,-280.8021,370.69116,675.1955,-405.73062,304.3279,680.2768,-369.7734,369.3709,691.0598,-425.04358,308.9074,703.10516,-386.52618,379.11136,699.36884,-527.7203,291.03537,687.487,-498.79797
abs_up
IMG_20241017_122229.jpg,abs_up,278.7543,526.7128,103.720894,284.05438,516.72485,90.6605,286.15247,516.49774,90.77203,288.5056,516.25476,90.72953,281.48767,516.49445,115.68732,281.6353,516.19885,115.674835,281.88522,515.9564,115.67045,302.295,517.912,64.9429,293.56845,517.81476,178.90529,284.07303,535.7709,94.84211,281.88043,535.5155,127.45736,327.36594,560.41614,-7.033348,291.39264,557.72327,224.52487,263.40756,610.22705,-3.0622647,245.36563,580.895,110.41178,270.4367,561.8577,148.79214,263.6098,555.0291,-78.42301,265.96036,556.4885,164.23375,265.8846,549.09686,-94.04748,271.30753,552.71844,162.39543,272.37527,548.3103,-76.47833,272.33807,556.4187,154.30765,272.6823,551.02826,-77.29324,273.78714,685.548,-89.59695,256.93677,665.5597,89.330536,175.6072,588.6551,-122.271645,178.69194,584.14545,56.123386,78.092155,670.306,-185.84926,80.557915,663.2077,-33.14104,62.090652,694.69824,-189.31819,67.22136,686.08136,-45.58798,29.154037,639.41315,-215.00237,31.614107,638.29175,-85.980705
abs_up
IMG_20241017_122229~2.jpg,abs_up,279.6146,526.1283,108.76999,285.0683,516.47614,95.67922,287.0074,516.44885,95.7874,289.1389,516.3882,95.74848,282.91464,515.9718,120.92794,283.31396,515.7378,120.89942,283.86813,515.5612,120.86998,302.59482,518.60535,71.00527,295.71542,518.0569,186.03798,284.4608,535.8964,100.47831,282.86475,535.3514,133.41731,327.5159,562.8118,2.5671532,285.89487,559.6221,227.76025,269.6697,601.42706,-7.6425524,234.18814,576.23193,109.76174,271.9885,562.099,116.13117,263.7408,557.4231,-79.688385,268.02438,556.22906,126.60816,268.35977,549.82214,-97.97892,273.70435,553.15845,122.81398,274.25262,549.3998,-82.05926,277.4438,557.3294,119.85873,273.83377,552.0609,-79.45233,272.01556,687.6346,-87.53738,252.779,669.02356,87.31846,175.76512,589.79767,-128.60518,177.09511,584.5491,42.470036,80.39095,668.2626,-201.15489,77.825424,664.93524,-65.768585,66.38574,693.696,-205.99898,66.692,689.3196,-79.96474,29.668612,639.7743,-239.53215,30.121029,639.0487,-126.11829
abs_up
IMG_20241017_122230.jpg,abs_up,281.94107,525.2534,69.61482,286.93964,515.7178,54.68127,288.90784,515.65344,54.76629,291.0703,515.5312,54.71171,284.59134,515.21313,80.57576,284.7416,514.882,80.54768,284.98444,514.5919,80.52603,304.74652,517.6276,24.258911,295.87576,517.0243,140.89174,287.14612,534.75653,59.724617,285.42926,534.5421,93.16604,327.77335,562.4628,-39.488884,293.04648,558.5881,196.10323,266.11575,619.5318,-52.834164,249.03934,589.1559,93.034424,270.9444,563.9433,78.637535,261.4135,556.8671,-97.80124,267.78687,555.40717,90.10972,265.1223,548.3866,-114.66238,273.65668,552.5223,92.36952,268.43515,548.38947,-100.47747,274.68076,556.3714,85.07026,268.90253,551.1978,-98.60896,270.61862,686.99963,-90.278946,257.50146,666.23456,90.17745,174.86253,591.1512,-119.57885,178.04738,585.4728,42.00639,75.03043,670.7816,-153.75447,79.20907,663.1647,-28.199982,60.98834,695.5395,-154.1762,64.90538,687.68024,-38.074547,27.976673,639.8656,-183.7435,33.782833,638.9741,-82.16885
abs_up
IMG_20241017_122300.jpg,abs_up,233.82596,522.43976,145.69595,236.7717,514.1991,125.88351,237.73384,513.1546,125.98396,238.53694,512.0232,125.939896,237.2658,514.40643,149.52625,238.82127,513.49475,149.5048,240.30318,512.4868,149.47356,248.80092,507.5006,65.16982,251.52942,508.87772,173.52257,239.37527,526.0325,124.929726,240.43088,526.851,156.01546,270.7719,533.6337,-25.439194,287.1437,541.6301,217.09894,195.67284,568.87256,-14.939377,227.90572,563.32074,214.69595,226.6076,523.40186,135.15631,241.86966,514.01465,184.42732,227.95448,510.06384,145.1117,252.32887,498.89993,190.64691,225.3899,513.7156,142.39622,254.86534,500.71405,207.06406,227.15605,518.2838,138.5477,246.81015,503.43484,189.93332,277.3348,683.1654,-103.91782,281.2322,679.313,103.57709,172.70123,601.5465,-109.790985,181.1455,592.7889,100.79896,71.68674,680.3112,-167.31853,81.99631,684.8926,18.098984,67.02983,705.6284,-172.08755,73.40024,699.55396,6.4649744,13.541758,662.04407,-206.86342,27.37466,660.7881,-29.215664
abs_up
IMG_20241017_122314.jpg,abs_up,262.9541,534.2027,-41.79178,272.07977,522.70435,-48.079357,273.71362,522.7429,-48.096043,275.23538,522.84076,-48.146194,266.1402,525.049,-27.69422,265.68668,524.8372,-27.791595,268.38513,523.15967,-27.878284,285.4807,525.0223,-49.63557,274.26413,526.5533,42.882618,268.7498,543.29364,-41.825123,266.48685,541.99097,-15.338354,324.4382,552.703,-87.36576,268.21198,571.2728,94.577965,363.9356,612.8648,-107.806046,248.38525,629.48016,93.8827,357.33133,674.23834,-110.046036,224.38031,669.09753,25.52117,361.7951,690.7028,-128.30107,215.79587,681.5807,17.977058,349.86862,692.7993,-134.60593,219.1406,680.5398,-6.022943,347.28012,687.671,-113.149704,224.19655,677.7162,12.69067,347.85046,679.7532,-74.99471,320.04172,681.70886,74.77075,271.01605,590.1401,-113.98237,239.64728,604.4672,79.714226,190.05933,650.92365,-74.489105,163.20975,680.83563,-13.869567,186.13066,666.91864,-68.80547,171.99669,692.88135,-24.451319,141.40027,641.5642,-96.12835,144.92639,674.4863,-60.041508
abs_up
IMG_20241017_122315.jpg,abs_up,272.44827,511.43164,0.4009715,278.7331,510.3379,6.9926014,281.25958,511.02963,6.9487886,283.74994,511.7045,6.886607,272.3871,511.01538,18.09889,270.65427,512.2052,17.980265,268.86407,513.50946,17.887444,289.08246,520.5161,35.680904,270.41364,523.0237,85.55877,274.7181,525.90576,8.1328335,269.0014,521.55896,22.379274,324.52454,550.43756,-17.653122,259.59296,572.7972,122.77862,360.1986,608.26324,-42.6035,243.10886,627.6465,111.22569,360.87027,673.4882,-51.77846,209.9469,675.5266,53.126335,368.36417,690.77136,-65.42778,200.60431,691.4544,50.380318,357.21365,694.5794,-71.55769,202.40689,692.072,23.992624,352.9953,689.6943,-54.536263,207.85362,688.17847,39.459427,350.4516,674.71454,-52.957577,319.39798,679.48444,52.721138,290.24274,592.298,-101.49636,238.5386,604.67346,9.563509,230.02686,665.6938,-91.60182,163.23248,681.1474,-100.864944,228.07188,681.0645,-88.41191,165.73894,699.1997,-113.101685,188.51253,670.6088,-117.6729,112.14783,699.4384,-156.96329
abs_up
IMG_20241017_122316.jpg,abs_up,265.3477,551.06714,20.47555,267.24716,540.6221,5.684493,269.15802,539.758,5.6944947,271.07285,538.95026,5.6894064,264.74963,540.648,28.327843,264.8491,539.86304,28.273848,265.00327,539.0907,28.176168,278.6798,533.4132,-21.466253,274.77866,531.79034,83.244156,265.98453,557.26526,12.972469,265.77274,558.19464,43.1504,310.238,553.58575,-67.96858,285.63144,567.86414,133.68085,280.8839,559.20135,-72.26645,261.23425,621.78796,152.74066,260.20654,572.6348,14.42462,247.27905,661.9329,101.0917,255.32738,579.42316,6.5756555,243.22086,674.03033,99.90139,254.46457,579.28516,8.851243,244.86665,673.65063,78.99335,257.28726,577.5575,15.560817,247.23001,669.63336,90.07562,342.14072,678.642,-84.074234,330.88028,679.3578,83.75934,254.67761,597.97394,-105.39145,233.1979,612.0984,92.21723,167.14516,678.377,-100.77828,177.74248,679.8729,42.257286,163.53203,695.1696,-98.56276,176.50917,696.3818,35.822556,127.11723,680.5931,-133.86208,150.10046,673.46985,0.90038997
abs_up
IMG_20241017_122336.jpg,abs_up,169.70811,536.74084,64.0997,172.11647,526.74615,45.042274,173.33711,525.69025,45.10974,174.67897,524.6147,45.10026,172.96461,527.1537,67.48936,174.80875,526.5299,67.495094,176.87402,525.8709,67.43873,187.30734,521.26227,-1.1220272,189.56079,523.22656,100.852844,176.08792,541.59143,50.123764,176.94437,542.74603,79.425026,208.105,548.1213,-68.286705,209.42354,557.86615,153.49625,144.69398,533.89496,-31.465652,184.19356,618.34985,191.10652,184.47343,509.94443,134.24852,181.02002,664.0543,169.8508,196.39282,501.3058,140.97816,180.08745,681.84534,180.29387,202.05936,504.1959,132.88852,182.72691,681.7528,164.2884,199.02101,506.49948,134.29068,183.64238,675.19196,163.85931,227.51529,685.54474,-89.74321,219.19492,680.9421,89.53523,127.60854,631.58545,-69.17171,131.65318,634.5257,128.30511,37.380623,685.68756,-34.58739,62.386124,693.4278,141.89479,25.539993,718.29803,-28.062263,60.98705,709.4631,142.93974,3.8409948,681.1257,-44.49762,33.533566,686.2646,127.386734
abs_up
IMG_20241017_122337.jpg,abs_up,167.88423,540.2957,94.71509,169.22136,531.3447,76.86472,169.95245,530.44556,76.91617,170.72467,529.46063,76.90298,170.5026,531.65607,99.52343,172.20361,531.1503,99.53333,173.90823,530.64087,99.50304,181.42683,525.44135,26.825954,186.3255,527.7574,130.56653,172.44562,543.60364,78.444824,174.23398,545.06244,108.38726,199.13457,548.41113,-50.13036,217.41338,559.3614,171.85085,133.32266,545.3678,-36.259266,200.18016,605.72906,246.54901,181.82123,512.68146,100.52828,200.70346,631.24927,284.31705,192.15088,504.16473,105.71109,202.99684,643.24164,300.93417,196.65172,507.6499,97.1449,205.80066,639.5796,295.0668,195.71225,512.94385,99.964096,204.38159,634.8562,283.4256,228.57187,684.66,-86.62811,223.32143,681.2579,86.43877,130.26056,633.1347,-58.882626,128.74858,637.7656,87.62368,39.598526,686.51746,-23.998655,41.362415,686.212,68.33112,39.536976,711.9229,-17.140463,35.05211,710.8246,65.07658,-0.93356967,675.6328,-18.320751,7.818389,682.26636,51.855843
abs_up
IMG_20241017_122338.jpg,abs_up,167.36992,536.3128,117.47152,169.0727,527.304,93.5235,169.60884,526.4697,93.57885,170.17993,525.51404,93.59739,170.87682,528.03204,116.13779,172.89252,527.7316,116.16407,174.88416,527.4415,116.103546,179.47757,522.35815,22.59485,186.35396,524.62213,126.50764,171.7803,539.7551,94.71708,173.63351,540.9257,124.60765,194.92003,543.5711,-63.849796,224.0429,562.3513,165.20189,135.86148,540.9583,-36.678894,208.42174,622.8122,181.2068,178.21288,510.48297,99.60248,191.62451,672.00195,131.0084,191.46645,500.87537,101.38918,187.8989,689.8329,137.70839,194.61247,507.93176,94.921036,187.69472,690.4255,116.7202,191.94865,512.29803,99.74928,189.58571,683.7458,122.02386,221.09924,679.25415,-90.00929,224.7176,680.4806,89.7733,127.123245,630.8089,-71.13583,131.31801,635.4466,109.12083,37.889725,683.7692,-22.273748,59.16871,693.1843,79.74997,32.357006,714.04987,-14.68428,55.303307,707.605,76.024506,6.665361,678.31104,-23.612215,34.80674,681.7683,58.28877
abs_up
IMG_20241017_122353.jpg,abs_up,222.22908,559.90826,46.302433,218.07445,551.7195,26.65468,218.57335,550.6226,26.702072,219.10672,549.2734,26.65005,218.6279,551.6652,50.537106,219.54793,550.61444,50.552994,220.59216,549.4132,50.57662,229.69077,540.6095,-25.57379,232.2986,541.77014,85.70843,230.25491,562.1202,30.314505,230.87115,562.07025,62.245228,258.32874,553.4108,-80.20731,270.72092,556.79877,141.8484,190.39804,554.8029,-73.29986,211.79884,558.2769,236.81665,231.50436,512.6887,43.050316,242.06836,516.7985,318.9729,238.81212,503.9281,39.39845,245.3846,507.37018,333.93277,246.28401,508.6503,29.430931,250.20485,509.95914,340.568,246.52011,513.4979,40.563057,251.44873,515.6096,322.6087,275.64017,697.06464,-98.18124,273.53705,684.85254,98.11504,176.72415,625.64075,-95.52418,181.17348,622.6233,107.6493,61.44519,684.58307,-76.20796,81.83304,682.03796,124.67855,56.671787,708.54877,-72.08495,70.00818,702.8767,123.14273,10.598463,655.8278,-96.84616,37.64652,660.7626,98.07189
abs_up
IMG_20241017_122354.jpg,abs_up,227.80096,551.39,53.85036,225.6934,542.69916,33.035625,226.60449,541.5345,33.086216,227.63591,540.1196,33.032665,226.06741,542.812,57.42428,227.28389,541.6725,57.43098,228.73224,540.4797,57.45667,241.01031,532.6633,-23.717323,242.79153,533.4908,89.43649,236.81958,554.45654,36.359226,237.33081,554.17645,68.86054,267.08612,551.4182,-84.00461,277.89767,554.87115,150.69449,197.54897,548.18097,-73.300896,215.7412,552.3872,266.85025,240.85382,509.32532,59.501667,250.0298,513.3688,376.9281,248.99268,501.04507,60.610374,256.3742,504.29877,396.67963,256.75638,506.34012,49.338184,261.67566,506.8493,407.91776,256.07535,510.7921,57.237133,261.16034,511.49155,382.67767,274.98096,696.8112,-98.53616,273.70953,685.1272,98.52441,178.2804,628.98047,-107.72708,184.96756,626.0072,108.64338,65.150375,687.4359,-102.08603,82.84634,678.7954,118.57459,56.030613,709.3603,-98.655136,70.49096,701.1432,116.920135,12.535965,655.66113,-116.88673,37.61442,657.6525,100.03657
abs_up
IMG_20241017_122355.jpg,abs_up,228.87811,559.3484,56.21772,225.60338,551.4321,35.477642,226.22147,550.35297,35.53446,226.90909,549.1286,35.479942,226.25732,551.25977,60.748768,227.42375,550.164,60.76815,228.7214,548.9532,60.793545,238.43744,540.70575,-21.445124,241.46115,541.727,96.05495,236.53755,561.3624,38.650208,237.06812,561.28815,72.31747,268.2044,553.52826,-85.16967,275.44427,556.0268,159.26102,195.98007,555.4803,-74.82571,215.77888,555.32104,271.5251,236.86972,510.5077,52.21871,246.50903,513.55914,372.52643,244.46384,500.53226,51.24297,250.21735,502.63272,394.27402,252.1346,505.17273,41.739487,255.74362,505.88657,402.60776,252.11827,510.66812,50.674103,256.35144,511.22046,377.51224,275.774,698.9606,-103.32502,271.93124,685.2911,103.29166,177.91101,627.8941,-103.5904,182.928,625.105,110.88919,72.23443,687.97284,-87.869804,83.06081,681.9573,122.72986,57.92781,711.48254,-83.43535,71.729546,703.2386,121.197235,13.026131,656.26666,-101.76049,39.917652,658.69653,100.10764
abs_up
IMG_20241017_125831_DRO (1).jpg,abs_up,347.32263,400.23975,-134.60704,347.36697,392.95712,-113.09081,348.2194,392.7123,-113.12509,348.90482,392.45352,-113.13874,342.50153,393.36285,-138.44482,339.5158,393.42438,-138.47649,336.08765,393.47745,-138.42558,341.81918,394.37704,-2.9020011,324.07504,396.63074,-115.69304,347.00314,407.90662,-92.14148,341.62787,408.95502,-124.58421,328.99542,434.64178,113.82731,318.0219,438.1557,-149.20107,360.20633,478.5779,74.99713,360.5136,495.5339,-122.04745,363.90274,456.5293,-95.48541,367.17557,457.00092,24.904306,365.49625,449.93304,-116.15077,367.58325,447.5685,31.616507,360.9291,445.08215,-112.75199,362.30704,445.90997,23.760122,355.81714,446.6205,-101.04504,360.57166,448.77902,27.890154,354.62704,530.8617,94.10353,350.73117,542.47144,-94.19313,430.94788,469.05746,88.53028,430.64178,467.4645,-115.24478,465.3652,534.6428,101.63191,503.1328,539.3601,-70.99072,460.69135,552.11975,101.345535,493.45572,564.8319,-63.180458,496.09863,547.2399,81.80005,549.20337,552.6549,-66.902756
abs_up
IMG_20241017_125831_DRO.jpg,abs_up,335.14758,402.5439,-103.95685,334.60553,394.7605,-84.41542,335.45413,394.52078,-84.43978,336.13187,394.31583,-84.44052,329.78214,395.31445,-108.02646,326.5855,395.45468,-108.039764,322.72052,395.54358,-107.97589,329.1429,396.89462,16.212725,310.31238,399.07953,-88.46594,335.33014,410.7884,-65.44236,329.89386,411.61575,-95.69023,319.4639,438.96304,117.20451,308.5483,442.6962,-123.7561,355.08105,482.32556,49.576252,357.56464,501.57248,-87.890434,352.30078,450.737,-141.43011,352.76605,458.85025,65.981674,354.06766,442.62347,-165.84738,355.96292,449.2372,76.64461,346.6925,438.5998,-154.95793,347.7458,447.12607,68.04823,344.84933,441.90326,-144.40851,346.77283,451.5011,69.042015,354.51437,530.28345,91.45763,351.5311,543.7223,-91.57468,429.41415,467.7965,83.80237,432.2518,467.0668,-108.29456,460.7398,536.5406,102.12742,505.50726,540.3258,-56.857723,454.40298,552.0447,102.16766,491.43652,566.0201,-48.012085,504.6584,553.6312,84.807755,552.3185,553.5214,-44.426258
abs_up
IMG_20241017_125832_DRO.jpg,abs_up,353.17648,409.37158,-62.30259,353.8243,402.0213,-48.90008,354.14865,401.82257,-48.909786,354.36566,401.643,-48.88525,350.49313,401.6515,-76.94021,348.2502,401.21527,-76.95953,345.6467,400.70572,-76.92615,344.44684,401.5977,31.044985,332.87015,400.59457,-95.37681,350.48676,417.53152,-30.471067,346.45502,417.32712,-67.03424,328.90314,438.0917,117.66548,321.28534,442.10486,-140.80446,358.98386,486.19043,40.565983,361.87488,502.3675,-109.52802,362.868,457.25723,-170.59096,366.61902,460.52542,43.976463,365.5211,446.51147,-196.93584,370.1364,451.6555,51.312836,358.85483,443.56723,-190.06685,362.67242,447.23807,45.31439,356.77322,446.19504,-175.66963,361.03275,450.9752,48.066227,355.8832,535.60803,94.841965,353.03506,547.13495,-94.999886,431.63663,470.3449,87.55171,430.60327,468.23267,-116.64273,466.31192,537.1794,98.29527,493.21027,548.7418,-56.497566,461.6469,554.016,97.66811,486.22247,567.3019,-46.51311,501.4131,550.23596,76.482,547.9734,558.3951,-44.6563
abs_up
IMG_20241017_125833_DRO (1).jpg,abs_up,355.95746,410.90536,-5.4264784,354.75046,403.8375,3.9251175,354.3367,403.55862,3.9010832,353.79395,403.27405,3.9334004,353.3104,403.65677,-28.089403,351.83984,403.27176,-28.108746,350.1592,402.85373,-28.084452,342.33362,402.32587,59.98606,338.38135,402.4298,-84.58236,351.73907,418.64893,17.67722,349.868,418.7098,-24.199915,324.8999,439.27588,130.1969,322.9667,443.86688,-143.37323,354.7674,488.29535,55.842045,361.3718,505.41287,-115.6905,361.84845,458.59305,-151.08879,365.82358,462.72354,39.15918,364.76788,449.57727,-177.00209,368.41263,452.22754,44.280052,359.81284,445.67603,-172.41597,361.9287,449.18652,41.55967,355.2578,448.1314,-157.07365,360.13846,452.90292,44.425385,352.2658,534.70483,96.820244,352.11304,546.9448,-96.892715,430.2521,470.49893,86.491325,430.13507,470.15332,-120.67284,469.6325,548.4407,106.75887,499.58536,549.9026,-67.529205,462.79434,556.3066,106.51438,494.74954,568.669,-58.96395,498.28513,553.3518,80.33217,549.25977,559.2554,-64.15313
abs_up
IMG_20241017_125833_DRO.jpg,abs_up,355.7048,411.28827,-18.07075,355.32755,403.92398,-7.625468,355.25278,403.649,-7.6523685,354.98645,403.36526,-7.6292114,352.8307,403.72495,-37.181076,350.80597,403.27988,-37.203365,348.5799,402.84485,-37.17871,343.2265,402.8916,55.592766,335.81705,403.1177,-77.06301,352.6485,417.77557,7.780142,349.67032,417.91324,-30.641071,329.9756,440.44272,132.26917,324.95026,445.3369,-134.28214,360.23676,487.7093,57.75467,364.40384,504.12994,-107.04563,366.29382,460.87848,-142.88612,372.29587,461.92627,50.5716,368.32016,449.23645,-167.27092,373.54416,451.5484,57.97788,361.91595,447.3606,-160.65224,365.83722,448.46918,54.802925,359.81772,450.34518,-147.91086,364.25406,452.22543,55.7928,356.21588,534.852,95.11358,353.10092,546.4993,-95.21384,430.28738,473.7895,89.010315,428.65424,471.85278,-121.487946,465.99475,539.86414,105.398155,499.41504,544.3307,-85.59102,461.31598,557.5406,105.31731,490.54803,565.1137,-78.39682,499.15045,551.29034,79.84562,545.1863,556.9435,-84.577446
abs_up
IMG_20241017_130332_DRO (1).jpg,abs_up,340.74927,451.8772,263.76227,343.87793,444.86075,259.25397,345.1018,444.60745,259.44073,346.34122,444.42206,259.45178,343.3912,444.97522,282.81506,344.13037,444.71014,282.8629,344.81796,444.38843,282.94525,356.2281,447.64218,244.14687,352.67365,445.76617,351.42746,344.92493,458.43097,256.0286,343.40198,458.47922,287.01144,370.86682,475.1596,139.03897,341.1481,472.3182,383.06894,304.07632,460.74738,105.07649,279.09515,477.92368,345.61737,332.83575,407.1441,184.79265,226.70947,447.56616,220.77519,339.08005,396.26898,177.8955,217.8618,444.43527,210.58762,344.04156,397.96692,174.38004,219.94516,440.78732,203.4107,342.80707,401.83038,185.38918,223.7233,442.36942,213.19357,295.57828,548.0243,-93.16714,280.02512,548.5829,93.06072,209.53207,462.09344,-165.63977,210.88852,463.8153,52.311203,130.21439,546.4834,-288.74435,131.52791,540.47955,-100.92555,128.22618,566.41095,-299.37405,116.77809,561.4786,-122.00914,70.70418,553.8734,-314.95193,77.000854,537.63776,-164.38127
abs_up
IMG_20241017_130333_DRO.jpg,abs_up,258.4145,434.01822,83.315,258.67575,427.25958,70.89076,259.73547,425.83044,70.99416,260.80814,424.84283,70.96425,258.39005,427.39978,92.90199,259.1978,426.66052,92.889336,260.4099,425.1256,92.87217,270.80096,418.36194,42.907734,269.62378,418.30472,142.84622,264.63416,437.48447,74.05255,263.88257,437.62387,102.56485,301.18118,435.13666,-31.396648,277.629,442.90198,203.79265,242.77184,460.1418,-32.965424,231.6154,472.8186,182.3333,256.07266,400.82373,90.300835,213.7952,448.1258,93.38217,260.95248,390.07254,97.06211,214.43094,437.1282,97.11863,267.00555,390.95975,95.63354,208.83626,446.28082,103.590996,266.7561,395.14813,93.92067,214.78583,445.41687,93.183815,272.46222,544.44037,-88.04523,258.60086,543.7403,87.81237,194.91928,464.92596,-105.72067,187.79515,470.8713,63.95829,131.3766,544.1477,-134.65993,111.97291,540.407,-1.7716147,132.63815,564.4867,-134.21727,112.46506,557.13354,-10.205283,82.89641,556.4151,-142.91997,78.538155,546.8004,-38.79721
abs_up
IMG_20241017_130344_DRO.jpg,abs_up,221.20392,442.477,75.748474,219.8046,436.13434,59.673832,220.57465,435.04547,59.772682,221.84879,433.4857,59.7271,219.56108,436.30695,84.304115,220.0604,435.51672,84.32823,220.82657,434.32074,84.36042,232.39603,423.68716,18.24666,230.49544,425.00922,131.51837,228.14783,444.2025,62.365246,227.4869,445.37558,94.62922,264.64893,431.22455,-53.94425,252.52888,438.6273,196.50056,204.34645,450.60992,-33.875893,203.93164,446.67767,253.42546,216.15149,401.6695,115.02389,214.89691,409.74866,280.03024,218.8394,390.51788,120.44822,217.95952,399.13205,293.18433,227.36206,391.77933,115.65092,225.00688,401.85962,301.15848,228.75294,395.77005,117.06711,225.04466,408.65048,282.58243,257.55914,545.8929,-97.640594,252.17247,546.44635,97.43363,188.13376,464.5504,-99.74186,182.92528,468.71762,73.18027,128.02606,546.69135,-97.76533,128.5722,544.1103,21.22328,128.21495,565.6203,-94.17573,126.990906,564.6483,14.15919,81.21108,557.35223,-103.798454,88.83764,556.4184,-11.128605
abs_up
IMG_20241017_130345_DRO (1).jpg,abs_up,227.54266,440.20633,67.727486,224.31232,434.40457,53.378937,225.34305,433.41226,53.46695,226.3793,431.69342,53.456623,224.0287,434.6767,75.58016,224.52728,433.937,75.64012,225.23888,432.93668,75.63433,236.66733,424.52478,15.732662,235.90344,424.26642,115.93858,234.81163,441.41727,55.65571,234.53325,442.03043,84.411095,270.522,428.26776,-64.23456,265.95813,440.7187,168.81151,205.6802,448.9027,-54.863956,245.61655,483.7087,224.72437,217.12134,399.75586,64.43942,248.8001,500.19937,230.9452,222.32933,388.75574,65.48398,248.44856,508.3691,241.73483,229.40012,391.00464,61.05395,250.58485,504.02203,240.0535,229.7739,395.23227,65.84589,250.7238,500.30634,229.75926,258.75824,535.5472,-86.498825,253.4095,542.60834,86.22783,184.55905,466.63574,-96.24525,180.36731,472.09076,74.2181,126.45758,546.77795,-83.09727,126.33506,544.3197,59.80476,128.25479,565.8747,-77.05395,126.74759,564.00574,57.298637,80.01909,556.18054,-77.09919,86.272964,557.38275,41.132427
abs_up
IMG_20241017_130345_DRO.jpg,abs_up,228.58311,437.4849,83.10741,227.46046,431.3002,66.7025,228.20619,430.32623,66.78071,229.70248,428.70102,66.72513,227.31267,431.76965,90.081696,227.94,431.16788,90.14271,228.75786,430.26532,90.16888,240.41428,422.24628,22.635136,238.84135,422.8069,129.95815,235.42618,439.54233,68.99298,235.01787,440.6101,99.68608,267.24173,428.82996,-55.801487,260.7872,438.52362,197.48038,201.20465,446.78302,-40.389294,206.5031,454.72995,259.6759,212.7373,402.07605,84.596146,213.57149,413.0355,283.93973,217.81422,388.1707,84.010475,217.61696,399.76526,298.20135,226.48877,391.5869,81.87955,224.02629,400.2102,300.96768,226.07043,395.5606,86.798294,221.9185,407.28384,284.5703,255.73282,539.2912,-94.77196,251.80684,544.20776,94.59516,185.89166,463.9774,-106.36527,182.3385,468.93393,86.659256,127.96539,544.2403,-93.045845,131.03407,540.7672,59.139423,127.638596,566.1402,-87.545364,127.82152,565.3561,55.360764,78.429756,558.12396,-90.99449,100.81304,555.5914,33.954548
abs_up
IMG_20241017_130346_DRO.jpg,abs_up,227.34242,439.6714,87.68209,226.06212,433.50406,72.71503,226.95483,432.48157,72.81904,228.1453,431.1882,72.78896,225.55019,433.8735,96.41513,226.08134,433.18805,96.44148,227.02963,432.15543,96.45668,239.9717,424.21085,32.913876,237.99463,425.07755,141.355,234.0574,441.35785,74.57372,233.66605,442.5436,105.449585,272.41632,430.8241,-43.969475,257.16318,438.19708,203.55753,205.18785,449.62726,-33.207657,204.17741,454.43335,250.76086,216.49382,402.36484,100.132675,214.68074,412.9631,263.29095,218.98781,389.17905,105.36567,218.55257,398.77786,275.04,227.8348,392.92004,100.626305,225.64351,400.95596,284.4327,229.23456,397.21957,102.044205,224.53853,408.44498,265.65427,259.8766,542.45105,-93.22924,249.41669,543.2418,93.02533,186.94954,468.01105,-106.52831,181.49693,472.1081,70.63435,124.48525,548.2493,-114.36965,126.59698,544.4184,24.489874,124.32669,568.0084,-111.14308,119.15506,565.25793,18.575724,77.01908,547.9635,-120.36018,86.57783,558.1,-4.501239
abs_up
IMG_20241017_130850_DRO (1).jpg,abs_up,360.94995,420.49255,66.93364,360.5495,416.11176,71.189995,359.8181,415.60007,71.16542,358.70935,414.9147,71.18929,359.88358,416.20587,46.47682,358.75848,415.79056,46.46587,357.2933,415.10205,46.447037,346.7842,411.267,105.12882,344.33337,410.54926,-6.787774,356.21475,423.93195,82.528854,355.9521,423.8727,49.746613,324.5846,433.29068,172.07214,319.18793,426.7646,-65.905266,372.22812,443.4238,231.519,379.21356,432.74695,-56.766384,355.9781,411.0883,238.1509,354.50833,400.6679,71.37925,347.68982,403.4362,242.76523,343.8553,391.52426,73.015015,343.3004,401.99194,249.60918,343.02036,395.34244,70.32207,345.74728,404.7787,239.72469,345.75638,399.2609,74.08721,333.23648,526.01483,85.19077,332.61325,525.9388,-85.18275,402.69547,472.62207,46.538185,404.18976,463.1418,-129.39816,450.22723,542.4974,27.189693,461.24396,546.3208,-166.80034,446.47275,556.8656,24.257498,453.00467,559.8011,-167.433,483.04163,553.9621,-2.6447685,498.18195,559.1344,-182.86536
abs_up
IMG_20241017_130850_DRO.jpg,abs_up,359.92245,416.60193,67.18775,357.49838,411.58127,72.62496,357.15643,411.05566,72.59337,356.59787,410.43576,72.62536,355.60657,411.5087,50.892258,354.00314,411.0259,50.874737,352.34103,410.51697,50.848915,346.93533,407.4573,109.1101,342.69492,407.9928,11.970846,356.4736,419.24228,82.9799,354.49298,419.49228,54.553333,330.9961,431.81473,161.43134,324.03525,425.8861,-41.44267,375.42422,445.60333,167.27951,369.1513,431.73322,-33.04865,363.30344,424.71338,126.98999,356.4375,400.10257,87.480095,356.154,420.46075,124.91082,350.35336,393.1065,89.008385,352.03796,417.77936,130.9466,343.86154,396.95016,89.1181,354.2469,419.72275,127.04197,350.73492,399.10773,90.69744,332.72644,520.31433,72.38821,330.5397,519.01117,-72.46933,395.96228,469.3756,23.130861,403.29306,461.55237,-118.160904,449.23907,537.4445,-37.57727,457.17273,544.4345,-186.68051,449.10898,552.4245,-44.595627,458.0858,561.9146,-190.89775,481.36954,546.0223,-71.7303,492.13742,555.35223,-209.47903
abs_up
IMG_20241017_130852_DRO (1).jpg,abs_up,352.83234,400.51584,70.93384,343.14594,396.8827,75.03318,343.43887,397.13226,74.98911,343.84,397.48566,75.010056,341.89877,397.15433,54.825226,341.31854,397.6177,54.81049,340.91217,398.18512,54.779312,340.07657,401.62326,105.16902,337.6718,402.77438,15.809266,348.93118,407.94788,84.95697,347.78433,408.65335,58.891052,336.17224,428.20825,148.85283,335.4889,420.8076,-33.94919,374.4477,455.7701,110.46658,373.1537,435.14285,-33.37533,363.26624,430.14804,17.649992,355.79446,404.053,56.66077,356.53546,424.41678,7.8229666,344.33542,393.06564,56.992958,353.78772,419.56293,16.057884,338.47986,397.89197,56.689373,355.29294,422.02545,17.537483,347.00064,399.92172,59.92027,345.90204,504.00095,62.528816,346.3049,500.47845,-62.607914,388.57275,457.72983,36.362343,400.17947,456.60468,-100.90554,426.51404,522.4657,-54.68478,447.9053,530.4563,-198.33177,425.1628,535.15546,-63.972557,448.17017,553.1805,-205.95099,455.91953,534.14734,-84.338905,484.54218,547.7502,-225.36748
abs_up
IMG_20241017_130852_DRO.jpg,abs_up,353.96033,414.96,68.30982,349.70786,403.55588,72.20518,351.79205,408.08307,72.168686,351.26254,407.80658,72.18992,349.37714,404.14648,50.06322,348.17642,403.88318,50.05134,347.03104,403.61804,50.0232,342.3685,407.98587,103.65828,339.39645,407.85895,4.478658,350.59122,418.30334,82.609695,349.8989,418.32352,53.511646,324.07193,431.14075,161.6948,322.0417,426.61423,-49.059856,377.65796,443.67175,204.34895,370.2507,434.29556,-38.40813,352.38977,420.3544,203.58028,351.58502,400.6563,71.89646,343.27435,414.02072,207.72812,344.61694,392.74646,71.06439,339.86847,411.1094,212.42094,337.2023,395.30487,70.728294,342.7971,413.39398,204.66261,347.4655,398.0517,74.83518,331.12485,516.32745,75.93248,330.2359,515.85394,-75.944405,396.45343,464.06613,29.982346,404.15662,463.37643,-122.709724,442.97083,541.07245,-10.12003,451.567,542.6723,-173.36938,441.14908,551.91675,-14.926144,445.21786,559.5994,-175.40106,480.43173,549.13574,-39.9126,490.7645,555.85144,-191.09624
abs_up
IMG_20241017_131327_DRO.jpg,abs_up,338.83813,426.4027,90.332756,337.60953,421.33255,98.96727,337.00745,421.13348,98.90669,335.8119,420.5523,98.897255,336.55258,420.94644,72.19761,335.2738,420.59827,72.18875,333.50784,420.09744,72.164566,322.31012,416.61386,142.2613,320.26038,418.18646,22.178658,334.6003,430.6754,108.47868,333.29318,431.2534,73.33935,303.88394,442.7307,198.3184,292.54373,443.44092,-42.783936,337.92258,472.00632,232.53062,342.06958,465.4258,-80.69307,328.98337,445.6057,194.5175,329.61606,416.79977,-20.524736,324.47955,443.0491,193.65074,324.96533,403.48746,-28.548883,320.54404,437.44022,194.70934,319.5694,403.82852,-31.9287,321.63803,438.4757,193.08049,319.85754,409.0634,-19.32044,311.3646,532.9131,83.848564,309.53424,535.12317,-83.89678,383.52145,477.1263,35.68377,374.5843,476.46298,-126.899574,432.18726,542.7339,-20.358282,449.0818,537.5211,-199.81126,432.39926,558.64343,-28.529613,452.49152,553.3372,-205.27081,457.70355,546.824,-72.92356,484.58154,538.1473,-237.33453
abs_up
IMG_20241017_131328_DRO (1).jpg,abs_up,326.16708,424.4177,107.003784,323.60028,417.29694,116.55205,322.8372,416.9259,116.49288,321.7845,416.4083,116.472534,322.98602,417.04388,90.04855,321.8956,416.706,90.01614,320.18503,415.30646,89.97528,309.89032,414.647,159.95749,307.7859,416.50586,42.020203,322.6631,431.14923,124.36457,321.8652,431.40842,89.87062,296.36096,449.41684,209.99022,283.26627,446.37216,-33.305363,331.49118,486.20496,238.81248,332.9696,464.2223,-92.10786,336.14215,475.74338,197.18387,316.01944,419.0393,-55.16525,336.96405,478.9528,195.52087,311.77863,405.64386,-64.67291,332.481,472.38354,190.7259,306.0992,407.0993,-65.32436,331.72113,471.1774,192.89401,306.43103,412.82144,-53.59832,314.90512,541.7158,86.2245,311.8475,542.5757,-86.31674,392.01944,472.02774,53.924374,387.02213,469.9402,-112.96401,441.84637,544.16077,0.502425,457.63736,540.4433,-165.18295,440.96027,561.0658,-7.2030687,454.85666,563.5514,-167.1706,473.5742,552.83875,-46.005917,499.93365,551.3692,-185.53088
abs_up
IMG_20241017_131328_DRO.jpg,abs_up,328.98767,422.72882,86.50843,327.56937,416.87384,95.57397,327.08585,416.7975,95.519,326.32095,416.57446,95.510895,326.59525,416.50757,69.02991,325.38223,416.32944,69.02437,323.8277,416.2074,69.00295,314.30096,415.75507,140.95041,310.46738,415.39926,21.634125,325.00577,428.27185,104.96319,323.5775,428.91034,70.08329,298.7482,444.82513,195.46584,286.36267,443.9338,-42.29307,335.9935,472.47375,217.48387,333.9441,466.53256,-81.63826,327.3073,434.2664,163.72772,321.40955,417.5705,-22.211214,323.38046,428.68356,159.12088,316.65494,404.97607,-30.147573,319.34222,422.71213,161.85275,311.1519,405.75748,-32.699337,319.82208,424.88507,162.17227,311.8656,411.01556,-20.660698,314.5353,535.4513,83.32429,310.68854,537.4868,-83.415794,384.44424,472.2658,27.68375,375.9634,475.10037,-123.96365,425.96204,544.2841,-32.19072,454.6832,539.1252,-187.43953,431.1953,559.2829,-40.26874,453.34686,552.3467,-190.95987,449.44318,555.7405,-84.79549,488.34308,543.3919,-214.95663
abs_up
IMG_20241017_131329_DRO (1).jpg,abs_up,327.49722,421.65656,119.412,323.93152,414.40295,130.515,323.5169,414.2739,130.44861,322.9931,414.079,130.43141,322.88422,414.2679,103.37413,321.7475,414.15372,103.34797,320.36636,414.1299,103.31107,314.11438,415.28568,179.8455,308.99088,416.85333,59.080147,325.67923,428.58395,138.50877,324.0267,428.48053,103.24966,302.8614,449.85767,223.8548,282.63904,444.7147,-17.231373,337.8744,492.23123,189.57753,327.17203,475.75302,-92.33862,342.70007,481.8952,69.01961,318.96164,421.99335,-81.88696,344.36923,485.8435,54.034935,313.59906,409.20953,-95.3322,339.2026,478.25183,51.47503,308.84842,410.29102,-97.50153,337.5366,477.11066,63.222965,313.66718,414.03503,-81.29269,320.36407,541.27405,84.50475,308.4801,543.9027,-84.63946,398.83875,471.76956,26.886084,380.10223,474.5597,-120.15359,449.13333,545.6465,-67.16022,454.89148,548.70844,-197.92505,450.77554,562.9897,-79.969925,455.02255,562.35443,-204.02318,482.69485,551.25415,-129.41048,500.18393,554.6124,-235.89006
abs_up
IMG_20241017_131329_DRO.jpg,abs_up,330.93457,424.66458,103.570274,327.61224,419.33994,116.802864,327.4303,419.3289,116.73727,326.79407,417.58365,116.71328,324.8809,417.43832,91.3868,323.21777,417.28574,91.3505,321.23163,417.0355,91.30365,314.1836,413.90973,177.54031,308.27176,418.47925,63.880676,329.32516,430.32965,126.95557,326.36835,430.24744,93.65433,318.0163,452.87146,216.04594,280.4688,446.79346,0.34551248,340.119,484.2881,166.14047,310.26028,471.36984,-114.96694,337.33273,462.2786,32.54595,308.6887,418.6463,-172.5761,337.6648,463.9235,16.193314,306.1022,407.58948,-193.90251,332.04684,456.38904,14.040982,301.79385,408.27313,-193.70335,330.88815,456.144,27.320463,302.2693,413.4387,-172.79431,321.49487,544.4616,79.93187,306.5295,547.41797,-80.08642,394.7559,469.6898,24.30391,369.5847,477.17896,-134.141,449.13803,538.97845,-69.24803,456.50818,540.6846,-219.04446,448.17947,556.97534,-81.929726,454.7065,557.93054,-226.25186,475.3295,542.6433,-134.973,500.85834,536.47144,-269.49393
abs_up
IMG_20241017_131718_DRO.jpg,abs_up,282.5336,409.5231,31.172533,279.279,400.6863,40.685097,278.8905,400.45667,40.610367,278.44803,400.31958,40.586315,277.56693,400.72437,5.950652,275.81802,400.5532,5.9003797,273.88684,400.45673,5.8958683,266.65604,402.49457,90.40044,259.97574,403.69244,-64.987946,279.3243,417.82178,52.802334,276.87927,417.9819,7.5826297,252.99591,444.0038,171.05066,249.78458,447.40353,-133.339,312.5405,491.2374,147.70184,311.88715,500.4943,-117.75575,318.5844,447.05902,2.139046,316.37762,435.2145,21.110735,323.704,432.7313,-12.072917,320.7469,419.07474,24.055672,314.9587,428.12875,-12.926497,312.7044,416.47018,24.618958,311.7021,436.01733,-4.3835087,310.9611,422.48105,27.207365,309.61075,539.4612,108.53714,309.03665,558.13367,-108.31689,383.55078,469.0383,93.297646,403.2253,477.7277,-146.39388,426.8078,534.7387,113.14903,493.185,554.14856,-127.889565,421.62112,551.41736,112.97135,489.82144,571.3168,-122.8908,465.16257,529.59735,90.52889,540.87726,554.8818,-141.55948
abs_up
