IMG_20241017_105233.jpg,mountain_left,173.48694,401.1184,-224.46829,165.98378,392.33774,-226.9949,166.65872,389.71103,-226.93208,167.32321,386.5709,-226.93211,164.72334,397.43408,-204.75209,164.48979,398.37415,-204.79265,164.13676,399.2124,-204.743,173.64915,375.58984,-189.05786,167.74306,391.68738,-86.68347,184.97697,397.78214,-206.27074,182.63461,403.42773,-176.65227,212.42155,391.14618,-246.93773,212.1455,400.30865,62.291042,196.17911,474.306,-334.91257,194.79611,476.6564,92.114494,166.1863,540.1054,-342.76926,176.76675,535.05457,7.9864316,149.41614,552.29926,-382.84818,165.1426,542.306,13.1922035,146.84334,551.8052,-351.86423,162.60204,545.1465,-29.232647,155.09627,548.2774,-331.52756,168.15138,543.1179,-11.841508,333.588,401.3939,-109.2992,340.21103,403.487,109.09977,257.6781,466.96,-101.044464,419.98785,472.007,146.5119,344.86584,521.6175,-11.139203,526.661,505.56506,189.04883,367.23907,526.26953,-4.5818768,550.85565,504.809,192.12358,317.1718,559.157,-37.891483,515.9584,554.41925,142.68568
mountain_left
IMG_20241017_105234.jpg,mountain_left,169.5434,410.6202,-189.91212,162.03256,402.53345,-193.86687,162.3967,400.4515,-193.81708,162.76328,398.31842,-193.82164,161.42758,405.51154,-169.73961,161.23203,405.54504,-169.74393,160.97417,405.6148,-169.68578,170.07588,385.6467,-162.67653,165.83495,397.7935,-52.134804,179.84485,407.24573,-174.4219,178.80673,410.47845,-142.42554,212.22816,401.36835,-229.9561,211.35948,401.27472,97.60677,199.62744,483.32547,-318.86108,199.96967,472.97086,119.63975,178.65712,553.4547,-318.94495,189.58931,532.86206,34.90235,160.21645,560.1855,-357.334,170.83342,539.26465,39.62652,156.59595,558.3226,-326.72302,169.3404,543.1824,0.18162312,164.1084,556.7184,-307.57855,176.7944,543.33124,15.587664,329.3584,406.3912,-112.575066,335.2717,407.2543,112.40491,254.81287,472.95676,-113.39929,419.75284,473.32263,141.28146,343.1994,519.04614,-20.037481,523.464,504.33188,178.58217,364.20016,522.0488,-12.41229,547.0602,502.32062,181.07219,318.0813,557.6194,-39.361103,518.7376,557.62384,133.9805
mountain_left
IMG_20241017_105235.jpg,mountain_left,170.49533,409.7429,-219.36699,164.24258,401.74255,-223.9116,164.70801,399.42807,-223.86588,165.18105,396.89325,-223.89023,163.30765,405.21603,-200.3627,163.14468,405.36005,-200.39386,162.85258,405.4808,-200.34612,171.87323,384.1874,-193.41466,167.01967,396.89948,-85.93166,181.93681,405.7441,-203.99625,180.23679,409.71838,-172.88126,216.93939,401.5245,-253.27556,211.63896,403.4027,64.63997,201.912,482.9634,-337.62476,199.8713,470.11023,90.82135,178.9918,551.8561,-342.0406,187.29518,533.40546,9.813209,161.73357,557.75397,-381.5491,169.85536,537.0991,16.369755,157.8782,555.5151,-350.52957,167.75531,541.5021,-24.276783,165.69162,554.14,-330.39545,174.93518,541.7505,-9.2572155,330.38947,409.007,-108.41323,332.88916,411.35794,108.19518,254.65701,470.9431,-137.49792,413.50745,475.53693,143.56685,341.1153,518.0744,-45.83224,520.167,502.46793,177.81375,362.44272,521.39655,-37.954624,543.1673,499.85562,179.93149,318.4843,557.3776,-62.599365,519.389,552.0535,133.88725
mountain_left
IMG_20241017_110233.jpg,mountain_left,112.52603,437.4186,-83.85033,105.06792,427.3923,-107.07437,105.4935,425.61536,-107.073265,105.99048,423.7152,-107.08873,104.718895,427.83295,-70.431946,104.83736,426.4906,-70.42422,104.96698,425.06577,-70.40076,116.71586,409.12238,-157.68427,114.12145,411.53055,8.053329,126.77255,434.23004,-98.247925,125.82666,435.71338,-50.13007,173.06673,410.98438,-235.57727,172.518,411.6062,133.5857,171.05058,505.4858,-315.4729,165.68246,497.80392,181.91766,128.14023,589.0574,-314.3991,147.93399,570.79785,97.91181,99.99113,599.35455,-357.75232,127.22896,572.27576,104.608444,95.34355,595.1213,-323.92142,122.75351,575.3747,60.575428,107.17891,593.0514,-301.3546,130.20049,576.77924,76.752975,301.39218,449.05304,-108.38045,312.0847,461.04678,108.31417,190.47064,483.50354,-196.79852,395.9321,533.8293,159.63255,296.036,546.7291,-116.60574,521.6462,528.65814,214.09052,317.85266,548.8324,-108.69243,550.3443,516.65173,218.74812,269.53806,594.1684,-129.62767,528.3321,587.55566,175.42535
mountain_left
IMG_20241017_110235.jpg,mountain_left,115.38958,434.68652,-88.52953,107.91306,424.4234,-111.23443,108.51803,422.6088,-111.235695,109.08423,420.65125,-111.24064,107.42773,424.92447,-75.615585,107.66294,423.56815,-75.622345,107.81668,422.04813,-75.60949,120.24609,406.27426,-160.51172,117.40192,408.9086,0.0075337766,130.49081,432.14722,-102.475006,129.25298,433.30756,-55.849403,175.13474,408.1912,-232.79735,176.72063,406.72208,118.038956,171.83536,501.5894,-308.4903,173.44824,493.51773,163.76822,129.91454,590.7132,-311.4842,150.83885,570.578,80.5516,102.37581,598.5267,-354.20667,131.22093,573.2125,86.29386,96.89078,595.0685,-321.39178,124.57668,576.47186,41.582478,108.74623,593.2174,-298.79343,134.2674,577.7005,59.302998,300.07733,451.43475,-102.392265,312.6535,463.5664,102.31971,190.26335,485.44064,-201.77805,402.23273,534.4492,135.34972,298.4079,547.1373,-133.29408,527.63074,532.5624,179.23499,321.31033,549.7603,-126.54859,554.7927,520.58966,182.88223,270.30972,594.26733,-148.4928,532.2629,589.81854,137.68391
mountain_left
IMG_20241017_110235~2.jpg,mountain_left,115.74456,433.64868,-72.16449,107.41113,424.32886,-95.491135,107.83974,422.60895,-95.48699,108.20748,420.7861,-95.48961,107.06343,424.6542,-59.224518,107.23865,423.2465,-59.216656,107.302216,421.7209,-59.194103,118.38942,405.89484,-147.58089,116.02716,408.23593,16.10692,129.78333,430.86725,-87.14911,128.98895,432.06125,-39.620815,169.97609,407.32455,-228.63654,176.12798,405.619,139.81477,170.38686,499.62262,-303.9305,175.06482,492.77734,181.85341,130.55086,589.5712,-294.99023,155.31773,567.43744,96.350426,105.21678,597.34094,-336.2116,137.25943,569.68616,101.94034,99.68907,594.40216,-302.75992,134.26392,572.2492,58.320244,111.33435,592.20746,-281.61133,139.6223,573.9744,75.21821,298.6482,452.18948,-108.57753,313.0432,463.1458,108.518906,186.63823,484.26767,-152.89651,398.24365,533.33856,133.80923,297.73196,543.4361,-49.664997,525.2883,531.5635,172.07292,320.20834,547.67236,-39.633236,555.7756,521.3382,175.51588,269.70743,591.54944,-48.565506,531.5723,590.0267,135.5363
mountain_left
IMG_20241017_111810.jpg,mountain_left,189.36046,565.5246,-7.5257745,182.00693,559.61255,-24.581633,182.18797,558.5738,-24.572756,182.16444,557.4923,-24.55706,182.1241,559.6186,2.8473716,182.49748,558.5747,2.8549356,182.71384,557.413,2.876173,188.15363,547.44305,-67.72137,189.18622,547.4756,56.844517,197.71431,563.2409,-20.684963,198.53343,563.307,15.352091,225.10933,545.2968,-142.42819,237.22029,541.0635,145.69485,219.44168,612.313,-216.24046,246.94373,609.60175,170.46935,207.40228,685.7327,-211.03226,240.71223,664.5687,97.40988,192.108,695.0801,-242.1002,230.82025,666.6079,104.75121,190.91234,692.80316,-211.77327,228.46101,670.9434,66.74952,198.22495,689.99426,-198.96169,232.17398,672.0004,79.647545,326.94647,542.7042,-89.74051,344.7878,548.9259,89.7002,240.464,570.1914,-48.635624,430.17883,607.1768,93.374565,277.10336,667.26,31.507845,517.16833,655.6585,135.11346,291.9817,682.1399,37.43074,537.3571,659.34314,138.3984,242.49487,691.45166,5.5084195,505.37332,694.56665,83.23501
mountain_left
IMG_20241017_111810~2.jpg,mountain_left,188.59251,565.54663,-10.555724,181.64226,558.6989,-26.577787,181.94698,557.52203,-26.56921,182.11412,556.32806,-26.550505,181.66571,558.87,-0.21613719,182.02408,557.83203,-0.20845868,182.31285,556.7292,-0.17566904,188.75874,545.8638,-64.06769,189.56972,546.4834,55.75358,197.70505,563.5694,-21.570034,198.14551,563.93866,13.139878,226.02832,548.23535,-135.52455,237.72293,543.2587,145.73476,218.65471,617.37866,-209.86848,247.10977,612.3327,168.33679,208.85513,688.8332,-206.36035,237.49652,665.9433,98.93314,193.59105,696.8392,-237.13684,225.9482,667.0431,107.474625,192.23538,694.4999,-205.72386,221.78006,674.2373,70.8626,199.41925,691.9725,-194.04436,225.33289,675.82635,82.06901,328.2729,544.4545,-87.0211,346.56937,550.3566,86.967575,240.83553,570.1875,-74.183426,429.92914,609.5785,96.825134,276.7402,667.7171,-8.802628,518.64246,658.03406,125.721085,291.60577,682.4622,-3.8225462,540.2344,661.7794,128.11124,249.89644,690.6938,-37.1357,505.4135,695.5823,75.60369
mountain_left
IMG_20241017_111811.jpg,mountain_left,189.31787,566.9761,24.363262,180.86856,560.195,12.745052,180.4072,558.62,12.744845,179.81479,557.04944,12.748163,181.7607,560.81604,40.100193,181.99936,559.78503,40.08603,182.02876,558.7898,40.10492,182.9083,544.48816,-19.765064,185.3666,547.9501,105.78006,196.35823,563.1689,14.076114,196.96529,564.1564,50.297935,210.60707,535.08124,-105.22134,232.6569,538.5887,195.36372,216.65872,607.2692,-198.21555,254.03079,601.37177,221.43349,207.29123,681.4877,-196.48203,242.16249,668.54297,132.96426,194.4343,691.6752,-227.64255,226.17177,671.13983,139.22641,192.15799,688.42944,-197.16162,221.20746,672.9431,106.011086,198.85976,684.9641,-184.43166,227.78442,673.16034,116.67432,312.23624,498.9667,-97.24727,334.98578,505.10922,97.274605,246.26605,572.5559,-53.90614,416.63467,576.1697,100.5064,269.58447,674.7057,32.23136,487.81177,642.05444,125.73875,283.90286,685.3922,38.43525,503.19342,642.91345,127.07696,228.16432,687.1287,-1.9106828,491.27454,674.4003,75.30664
mountain_left
IMG_20241017_112820.jpg,mountain_left,193.41476,441.22418,51.39592,192.44727,430.266,33.56046,193.5332,429.23077,33.558624,194.85999,428.0777,33.592175,192.28984,430.48715,62.904194,193.11397,429.75568,62.893093,194.0859,428.903,62.89259,206.92363,423.49313,-10.148658,205.61359,423.2371,120.74931,201.83781,444.13818,38.650703,201.91873,444.25955,76.42242,243.43918,448.27548,-92.87996,264.46152,440.6991,218.23885,238.1845,523.8283,-114.192535,263.355,516.1175,249.5182,223.60298,598.54395,-49.725018,260.2358,590.75116,197.18707,216.05405,612.70044,-68.92055,259.33206,599.9321,212.60474,214.18042,612.72186,-42.19567,253.91794,601.07715,175.44902,218.0009,609.17114,-36.130642,256.2427,599.2613,181.68419,355.2182,472.19778,-98.946434,370.89886,473.43698,98.79249,265.18784,505.97083,-56.678547,440.02405,548.9948,95.565025,291.4801,597.27057,10.137926,552.21375,573.69604,76.41959,305.37354,611.57196,15.558702,575.0115,570.0935,75.74161,236.41461,616.8321,-0.3734042,549.0254,618.90594,36.665237
mountain_left
IMG_20241017_112821.jpg,mountain_left,200.62386,445.7797,48.684643,198.61606,435.2326,31.083948,199.40237,434.15976,31.090803,200.36053,432.91898,31.128931,198.89902,435.217,59.071186,199.77753,434.32465,59.058945,200.77246,433.3297,59.056072,211.57639,426.52106,-12.567409,211.21341,426.37225,112.15218,209.0692,448.09958,36.10935,209.69455,448.02087,72.19191,247.4422,444.92746,-90.90034,273.65863,440.36774,208.31808,239.8666,520.6217,-112.2021,269.33835,514.7532,242.35948,223.39429,598.3561,-51.16992,262.8441,591.23914,193.59274,216.29362,612.85974,-69.593765,261.36197,601.5132,207.48094,214.46577,612.8897,-43.518364,259.63837,603.0158,172.03989,218.4518,609.2448,-37.712708,257.8005,600.3879,178.80867,356.16232,476.07956,-93.37203,376.15903,477.73203,93.16838,271.86572,506.41998,-38.090897,448.0192,554.24603,93.55971,291.21933,598.827,34.545982,559.6182,575.3648,82.33639,305.03174,615.6491,40.749805,581.4032,573.9545,82.63101,229.83815,620.7465,28.962147,551.2849,620.4007,45.30731
mountain_left
IMG_20241017_112821~2.jpg,mountain_left,209.74623,418.0487,15.359154,207.02504,409.40466,3.1163204,207.98099,407.82953,3.1143394,209.08614,406.01865,3.165315,206.40773,410.41364,28.537264,206.79124,409.8008,28.515749,207.21378,408.97015,28.512684,219.1925,397.4953,-23.33601,216.64923,400.60364,89.40968,219.45107,418.1025,8.2419,218.00227,419.32315,40.916332,261.70364,412.9991,-102.71995,268.45377,417.22183,183.33862,244.44215,487.46933,-162.51575,257.13516,490.7641,224.019,217.39616,554.6584,-142.3252,249.2839,558.7517,183.52211,213.53801,571.373,-166.92957,241.77957,565.7863,194.11314,213.26448,572.8681,-144.612,241.92996,568.7473,159.51077,215.71225,568.85706,-131.8398,245.407,567.1038,168.06017,366.393,449.7813,-93.981895,375.99155,459.23743,93.87588,276.56827,499.52124,-190.28015,447.82755,535.65094,83.23126,290.74997,599.8969,-222.24362,556.9839,575.75323,57.407112,307.6944,619.1761,-226.62639,579.01227,572.9289,53.590073,232.78485,624.1541,-282.74982,548.7701,621.49915,-1.4601876
mountain_left
IMG_20241017_113657.jpg,mountain_left,357.14243,221.40323,-393.56155,363.0298,212.22253,-386.69666,366.89142,212.02238,-386.68506,370.3447,211.87965,-386.81223,351.96512,211.89967,-387.7543,347.82205,211.56223,-387.84146,343.84943,211.16263,-387.9059,375.31464,213.17233,-275.73923,335.0292,212.01515,-276.09808,364.37427,231.08618,-344.04395,350.54767,229.99295,-344.5344,404.40802,248.66835,-188.83896,309.54947,260.57233,-200.9205,410.77618,330.74872,-317.7025,321.15555,344.38504,-331.7726,370.635,269.23474,-481.8467,348.67282,273.8479,-502.38553,364.82416,253.90143,-507.9462,348.21164,257.0335,-530.70874,367.188,246.45064,-485.74857,341.47763,248.87231,-510.8177,367.7306,250.2477,-473.6754,341.96896,253.5779,-496.22433,393.53458,377.4123,-4.9801116,337.30927,385.52466,4.967544,384.32535,398.5746,-366.1821,336.05008,461.39035,7.9403815,387.40448,495.54828,-159.34633,349.1466,413.5824,521.52704,387.4357,508.36807,-136.17725,350.0407,405.29526,577.5576,386.30203,534.1124,-225.96736,356.55228,469.28857,579.1379
mountain_left
IMG_20241017_113658.jpg,mountain_left,372.83014,215.3522,-284.57892,379.08942,204.8793,-271.56082,382.35367,204.15797,-271.55914,385.39972,203.44766,-271.60428,366.8967,206.08894,-269.8986,362.90283,206.17152,-269.95624,359.24948,206.41222,-269.98053,391.7355,207.31654,-173.34863,354.82632,210.18336,-160.83041,380.36685,225.6155,-245.40187,366.40927,226.83388,-242.1391,424.22568,257.06955,-112.00873,331.46414,268.73422,-98.89076,429.8847,338.37314,-228.14992,337.05154,343.44785,-202.00761,389.28033,279.433,-388.31662,367.04666,287.70047,-367.5173,383.73984,265.44424,-406.6016,369.89322,269.01355,-392.61133,385.6237,257.969,-388.88443,365.92514,262.54773,-371.5165,386.75784,263.48196,-381.64584,365.7884,268.58893,-361.08786,408.76025,374.31665,-12.7097225,351.08276,381.12326,12.712064,395.55453,411.90057,-358.34503,351.02872,466.7507,8.666572,401.73587,496.20654,-198.95453,359.97504,425.56433,433.9683,402.6337,505.23193,-184.85507,365.17267,417.1196,477.51306,395.49332,537.7381,-286.0383,359.74915,471.118,464.37497
mountain_left
IMG_20241017_113659.jpg,mountain_left,380.43753,202.64238,-233.36505,385.2162,194.70001,-220.23177,388.301,194.63716,-220.21674,390.95135,194.52924,-220.25897,373.18567,195.02002,-220.39616,369.00528,195.40839,-220.41315,365.44287,195.98102,-220.38174,395.74377,201.626,-133.34247,358.41498,203.39565,-129.45934,386.72125,214.13347,-199.10033,372.03815,214.0401,-198.05672,423.48175,255.52496,-86.34575,332.9827,263.91806,-77.44957,425.5125,340.17963,-179.1052,332.7312,343.22687,-172.26433,390.50674,278.19083,-307.54858,367.3082,286.86426,-325.9589,384.59952,264.49036,-322.70557,369.72702,267.18954,-350.83212,387.60324,256.6499,-304.51923,364.9858,259.628,-332.8343,389.1296,261.2443,-300.30212,365.42554,266.2443,-321.32205,404.7298,371.51904,-9.802706,347.26175,376.5601,9.845826,390.5564,412.95383,-296.27155,346.3719,463.3751,12.47311,396.96094,497.54196,-150.07468,352.8426,439.3898,407.30905,397.66745,506.69928,-136.72523,356.9488,430.9059,448.27295,390.47357,540.7424,-222.71495,353.97302,469.65146,447.2805
mountain_left
IMG_20241017_113700.jpg,mountain_left,370.06326,202.75815,-315.0137,375.1342,196.06949,-302.91876,379.07272,196.57944,-302.92035,382.56055,197.03358,-303.0058,364.9274,195.09625,-304.38245,360.8642,194.87637,-304.4404,356.4285,194.82227,-304.48215,387.32193,202.78374,-207.14891,347.06482,198.40657,-212.01427,375.64664,214.39166,-275.79962,362.49597,212.22078,-277.07587,411.38345,253.53601,-152.71489,317.31226,254.37875,-158.10098,410.73093,333.15817,-271.6309,321.23245,336.05505,-275.16467,379.62537,272.85236,-430.23264,354.82498,280.80728,-429.1035,375.60394,256.66452,-454.47324,357.871,262.54498,-455.74335,377.984,249.82286,-437.0009,351.15137,254.67937,-435.74686,378.1846,254.28062,-424.5038,351.48315,260.05463,-423.3379,391.86942,375.22647,3.0627542,332.53632,378.28992,-3.122783,381.73438,414.67688,-260.14972,329.44733,457.26852,-97.182175,383.88016,502.9469,-28.70451,343.63354,414.0288,346.45267,382.81082,512.2709,-3.0960963,344.6815,400.1614,394.90512,379.11673,538.93445,-59.434452,357.72113,456.39197,411.20032
mountain_left
IMG_20241017_113749.jpg,mountain_left,208.7608,421.24014,69.78341,202.54247,412.38623,52.373672,202.82678,410.8542,52.391552,203.18509,409.08252,52.431053,203.53168,412.03052,82.00045,204.5405,410.3141,82.00189,205.6556,408.23773,81.977806,213.7588,396.46802,3.8076038,217.10701,394.2817,136.33702,219.05746,418.44916,54.386612,219.81256,418.12314,92.90581,251.7617,400.66577,-83.21062,278.05923,400.08945,226.20485,270.55014,486.66864,-111.05182,297.59717,484.76215,258.0744,270.81564,581.293,-67.06315,297.85345,567.3208,200.00633,263.92294,602.38446,-86.0021,297.99594,580.3043,211.23494,261.8386,602.1298,-58.46193,295.77954,581.0425,178.09178,267.98834,596.3562,-53.232033,296.4101,579.0894,185.44398,364.1559,442.65305,-89.56086,386.1051,452.32114,89.267876,268.03397,479.96863,-35.432663,395.38663,574.2082,15.853896,295.03552,587.8466,68.07698,509.9294,568.89154,48.762825,308.7366,602.5162,79.96772,531.01825,561.14545,53.243877,249.9811,614.0552,79.74482,516.6881,608.98236,30.037334
mountain_left
IMG_20241017_113750.jpg,mountain_left,218.84467,424.09515,57.595745,210.4171,418.4485,40.315006,210.32318,417.00998,40.327114,210.15953,415.50946,40.35774,210.88702,418.23083,69.64207,211.13817,417.04608,69.656136,211.5172,415.03354,69.622,215.68407,404.91986,-6.776939,217.02188,403.5572,125.4559,227.65392,420.83868,42.559273,227.76115,420.7109,81.09133,253.17108,402.73447,-87.91215,272.76196,400.02142,209.95413,274.00555,485.21567,-130.21179,289.6264,485.643,236.64201,272.35495,577.8182,-114.40498,292.86282,567.9852,172.56119,267.99835,597.36774,-138.22276,295.6181,583.00116,179.6074,266.15134,598.69574,-111.97884,294.17496,585.4467,145.50246,269.94388,593.39386,-102.51249,294.85757,581.209,156.9267,368.93246,436.4546,-88.61663,384.2514,446.53903,88.36457,271.66022,469.9656,-78.60158,393.01428,569.9262,10.939769,298.031,582.2674,-11.722293,511.65448,565.255,41.567154,313.07443,596.9143,-3.9427166,533.0663,558.0958,44.84141,256.7386,613.4996,-15.8270445,515.8879,607.0558,15.565124
mountain_left
IMG_20241017_113751.jpg,mountain_left,217.05038,429.6752,48.68986,208.54141,423.1802,28.954649,208.53703,421.74734,28.9689,208.57396,419.84958,29.005068,209.03447,422.8283,58.838963,209.44257,421.27997,58.834797,209.99677,418.99835,58.797237,214.99484,407.39822,-23.84482,216.69615,405.69965,110.50889,227.62462,425.387,32.409824,227.54808,425.10223,71.512405,253.3313,408.0168,-103.514244,272.01028,403.79095,200.08655,272.53256,493.27063,-136.91772,289.72134,486.5793,235.5774,270.96954,580.78,-101.95746,290.3621,565.0355,181.76915,266.76746,599.45593,-124.01656,292.54285,579.90607,192.62398,265.6092,599.6115,-96.068245,290.89554,580.79626,157.90108,269.01215,594.6103,-88.92604,291.95132,578.09546,166.53827,369.59943,438.40012,-90.65732,384.27734,448.42114,90.44992,271.8117,472.0522,-66.24343,393.78143,570.13275,20.43138,284.71677,589.30927,18.712034,510.0084,566.31024,70.70582,312.90167,600.3605,27.916979,528.38446,559.4145,76.70221,252.63814,611.50824,20.27565,516.78345,605.6424,53.640114
mountain_left
IMG_20241017_120328.jpg,mountain_left,839.7284,2346.1653,-137.0518,822.567,2286.186,-238.17741,828.0514,2278.779,-238.19931,833.2974,2270.5457,-238.09923,822.5373,2283.6602,-80.63804,827.73285,2275.7295,-80.604546,832.6403,2266.7966,-80.60649,894.50775,2227.0366,-457.18723,891.2172,2221.4932,253.35498,895.99603,2351.3516,-196.85617,896.0749,2347.85,8.708261,1133.0986,2342.0828,-872.9905,1192.5582,2245.0325,839.1058,1157.1646,2772.0317,-1133.8771,1266.3057,2659.2795,949.38574,1146.1703,3206.4246,-1007.7947,1265.3223,3016.2058,567.66595,1113.9004,3296.2869,-1188.2574,1196.1116,2994.213,609.0745,1090.6597,3289.2278,-1021.9716,1187.3307,3007.5334,398.68814,1107.9955,3261.9875,-938.25024,1192.2607,3018.0542,474.8425,1714.8457,2457.5083,-510.93628,1791.2264,2429.57,510.64346,1194.9646,2662.687,-115.74781,2147.0293,2781.1316,666.1026,1551.111,3084.5237,485.85577,2727.0269,2943.0042,987.43085,1667.7195,3173.7366,538.1215,2862.9197,2959.7,1022.279,1348.3534,3204.639,480.83823,2653.96,3160.9753,828.1303
mountain_left
IMG_20241017_120329.jpg,mountain_left,829.4422,2328.6606,-140.15985,809.8245,2268.5227,-239.14003,816.09045,2261.8064,-239.12425,822.9871,2254.0276,-239.0051,808.32135,2265.1445,-83.53322,812.53723,2257.5125,-83.54474,817.2892,2249.1985,-83.56496,885.177,2209.9553,-455.94928,877.8613,2205.3342,244.00294,885.955,2335.5615,-198.89186,885.398,2331.6545,3.7462525,1129.8501,2332.6162,-868.7952,1198.283,2228.0225,823.1666,1158.3379,2765.8286,-1099.7517,1277.9845,2655.3918,908.52545,1134.4888,3184.381,-962.2519,1260.3033,3023.2883,524.3186,1106.6619,3280.379,-1133.3629,1202.5526,3001.9316,558.33545,1086.2954,3273.1362,-981.35803,1186.4083,3034.4414,356.2851,1102.0167,3241.352,-897.52875,1200.6315,3045.8374,433.51758,1724.2025,2452.1445,-517.96783,1795.7906,2426.6477,517.6101,1199.6971,2659.009,-134.5003,2144.0203,2776.9624,648.9008,1550.4506,3086.3618,441.95956,2731.1904,2933.497,953.4829,1661.7682,3182.8862,488.86108,2876.8713,2954.6272,986.36475,1306.5516,3212.8093,410.70865,2639.8325,3167.369,792.4939
mountain_left
IMG_20241017_120329_1.jpg,mountain_left,818.8167,2337.1997,-206.3926,803.1591,2277.3545,-305.82043,809.16925,2270.761,-305.77054,815.3217,2263.304,-305.63373,803.33154,2274.3237,-151.60738,808.89996,2267.1792,-151.58856,814.38806,2259.3145,-151.5408,877.0096,2225.2744,-506.96133,873.7816,2219.745,188.38426,875.93805,2345.7485,-258.09335,877.7478,2340.6816,-56.915974,1111.8242,2352.5916,-907.52625,1175.7007,2247.3806,782.5378,1134.3967,2787.253,-1147.2926,1249.5701,2659.004,878.0276,1128.6575,3207.394,-1015.74994,1200.5745,2972.033,515.0336,1094.7396,3297.7668,-1193.9822,1156.8734,2988.8855,557.79126,1073.2258,3291.5576,-1030.5679,1144.4703,3014.8052,350.26782,1090.0526,3265.1875,-947.9836,1162.0533,3023.382,423.71906,1707.6334,2459.141,-514.3884,1788.2058,2428.665,514.07605,1185.0951,2663.5728,-86.85166,2131.272,2782.5244,683.96313,1529.255,3087.555,538.26886,2726.3643,2947.0286,1023.6057,1649.2079,3171.6584,591.57825,2863.084,2956.3843,1059.8975,1303.7511,3193.5334,529.8367,2634.6697,3169.1912,863.2856
mountain_left
IMG_20241017_120330.jpg,mountain_left,831.46234,2307.337,-61.103924,815.43097,2248.294,-160.6616,820.6544,2241.8738,-160.69203,825.87775,2234.4768,-160.57964,815.68353,2245.5515,-7.1189685,820.8331,2238.4749,-7.094471,825.852,2230.4365,-7.0881886,885.1012,2196.3691,-382.23547,883.4662,2190.2432,309.0809,886.2624,2317.314,-121.1479,887.42944,2312.6233,78.68102,1117.997,2326.082,-787.47656,1193.7578,2226.583,872.7176,1132.8408,2747.9575,-1004.05994,1283.3463,2620.1577,981.4133,1118.6443,3167.9387,-833.6422,1315.4055,2970.4534,619.08417,1090.8514,3265.608,-990.8835,1284.322,2987.7097,657.1193,1073.3988,3261.3665,-837.43286,1267.917,2985.057,461.3704,1090.7086,3233.826,-765.74036,1287.2323,3009.9712,533.1623,1691.2917,2472.9048,-504.18988,1784.292,2461.0562,503.57437,1171.7368,2664.972,-180.98737,2113.492,2813.0679,598.2133,1522.7605,3064.9128,349.57358,2703.999,2914.3047,801.3863,1641.9066,3149.269,395.11047,2853.8816,2918.9827,826.4775,1292.8307,3185.298,346.07156,2640.6616,3140.8306,656.68774
mountain_left
IMG_20241017_121217.jpg,mountain_left,1046.2394,2111.8132,-731.76,1029.8745,2073.3599,-839.9887,1033.038,2068.6208,-840.0261,1036.72,2063.085,-840.22,1028.443,2072.4067,-705.61035,1030.1897,2067.213,-705.76984,1032.1962,2061.5884,-705.6995,1087.1367,2023.1411,-1059.4805,1079.3693,2023.0135,-448.49664,1098.3231,2120.3289,-793.3518,1097.0632,2119.573,-615.9249,1293.6543,2160.6926,-1313.168,1270.7977,2064.3782,119.48021,1278.1747,2543.9956,-1431.8469,1268.4694,2385.3955,310.49536,1254.5072,2889.5784,-1261.5084,1298.1608,2739.9153,187.87323,1240.8451,2987.3906,-1423.1807,1261.2518,2769.2551,224.99301,1219.8523,2994.905,-1322.1799,1257.723,2785.3076,51.29702,1226.2046,2965.1462,-1221.7261,1278.3962,2780.2021,113.68936,1773.6985,2329.4832,-435.79214,1709.6234,2279.1118,434.94043,1588.166,2690.3555,-319.23816,1415.98,2482.8171,685.07104,1966.5393,2760.7268,245.93364,1492.5621,2845.8376,881.59094,2038.5966,2712.443,309.44214,1470.7047,2917.4854,892.2951,1958.5376,2944.86,328.34164,1374.9895,2961.7363,837.25977
mountain_left
IMG_20241017_121217_1.jpg,mountain_left,1032.5132,2073.3281,-664.32074,1025.5294,2030.3755,-769.60187,1029.768,2025.6683,-769.5287,1034.46,2020.5428,-769.4926,1023.40063,2030.1509,-636.7022,1025.6644,2025.6848,-636.8027,1028.2109,2020.653,-636.79846,1089.6519,1992.4517,-966.21295,1080.6074,1990.9242,-368.75098,1083.3794,2092.092,-712.5894,1079.9255,2090.2632,-538.9793,1291.8341,2151.8518,-1196.1661,1278.3662,2049.0146,200.85233,1267.3129,2541.565,-1319.245,1269.2175,2391.797,363.83713,1252.9313,2892.9448,-1217.5178,1296.4656,2688.6162,93.33996,1233.1064,2988.506,-1396.8491,1277.9972,2759.135,117.49565,1210.1683,2989.8516,-1266.2252,1285.6226,2750.3909,-72.64521,1218.6565,2958.287,-1166.5056,1299.0602,2773.0693,11.276751,1758.8752,2327.0627,-468.81796,1743.0911,2269.6416,468.136,1227.7776,2425.0984,-194.63387,1885.6608,2706.538,561.2681,1346.9141,2865.506,334.46628,2323.1848,2657.0366,1070.3833,1421.9084,2924.9211,376.10385,2400.5852,2628.9104,1121.4788,1165.0233,2976.5652,289.039,2385.1802,2833.4683,1028.022
mountain_left
IMG_20241017_121218.jpg,mountain_left,1038.3813,2095.8022,-668.01556,1025.2852,2050.944,-782.2345,1029.2867,2047.293,-782.24695,1033.9355,2042.9062,-782.3285,1024.7327,2048.668,-646.7622,1027.7421,2043.8613,-646.96576,1031.0272,2038.7278,-646.9341,1090.1931,2012.7944,-1026.4066,1079.584,2007.3635,-409.46036,1090.2865,2110.5388,-737.7995,1089.4591,2108.361,-558.4633,1291.3739,2157.9233,-1277.6794,1278.591,2058.4363,151.06557,1273.0994,2542.961,-1396.7367,1295.4331,2386.5706,374.73947,1264.6495,2893.7031,-1258.944,1323.7601,2716.7983,265.9091,1251.2623,2992.7957,-1427.7083,1288.9938,2743.103,299.98517,1227.791,2993.6008,-1324.8937,1283.5667,2756.806,125.95953,1236.9354,2960.334,-1219.3724,1302.4235,2753.6196,193.27757,1766.4747,2338.1978,-451.26276,1727.1304,2282.1965,450.46924,1431.8699,2647.458,-297.73138,1447.9739,2461.0781,600.4731,1725.4901,2788.6187,335.4274,1556.5066,2838.2603,847.2408,1798.0172,2763.1707,403.32028,1492.0095,2923.6797,864.21515,1654.8436,2963.388,421.02,1452.987,2958.9277,810.81274
mountain_left
IMG_20241017_121218_1.jpg,mountain_left,1046.8887,2103.7217,-592.9461,1029.9862,2062.4194,-699.67444,1033.2058,2058.4587,-699.6932,1036.9567,2053.7734,-699.80994,1028.1476,2061.326,-566.34705,1029.7546,2056.733,-566.4971,1031.4924,2051.7825,-566.4463,1089.582,2018.7635,-936.0232,1081.8508,2016.998,-333.53424,1101.8059,2117.218,-663.67566,1099.192,2117.4531,-488.76935,1288.3972,2149.735,-1207.7103,1288.9006,2071.7603,218.6936,1278.4192,2544.291,-1277.877,1303.3907,2395.3328,449.24573,1262.5233,2890.0952,-1073.7496,1322.4093,2726.8975,377.16342,1239.7247,2992.8938,-1217.6934,1286.4764,2749.116,430.44183,1221.6873,2996.9097,-1122.0734,1277.2931,2762.997,270.8086,1234.658,2964.2463,-1032.8702,1296.384,2759.5405,311.58664,1756.8527,2335.0508,-421.03967,1719.4415,2290.0928,419.84912,1640.101,2692.1172,-294.05194,1387.9384,2459.245,660.57635,2063.0684,2745.2368,210.82233,1410.7416,2864.3774,812.8395,2148.0305,2694.3652,269.2962,1454.7903,2925.112,817.7469,2054.385,2919.8962,267.22385,1262.7161,2970.7063,738.6972
mountain_left
IMG_20241017_121250.jpg,mountain_left,1117.8403,2130.3223,-8.573007,1095.9432,2086.8235,-101.35946,1098.8806,2082.3206,-101.37001,1102.4309,2077.2163,-101.23656,1097.2423,2085.8215,32.704422,1100.3982,2080.8447,32.711594,1103.8191,2075.149,32.764015,1155.6516,2043.5848,-311.05698,1154.0001,2038.8613,289.7921,1166.541,2140.798,-67.8351,1167.6736,2138.3828,106.8659,1331.1787,2168.665,-700.5388,1402.8901,2081.9993,816.8777,1318.5474,2555.2131,-831.693,1403.6755,2427.561,919.5003,1277.3156,2904.8757,-556.30994,1452.7169,2781.0427,604.82336,1265.166,2992.774,-684.68976,1426.4829,2814.089,644.36194,1257.8683,2999.5967,-544.2831,1421.9352,2818.9487,472.8843,1272.0164,2968.968,-491.4436,1434.563,2812.2566,528.5201,1847.1064,2297.3035,-485.75064,1906.6172,2277.3315,484.92154,1377.7809,2483.4602,-40.51085,2075.7817,2715.442,502.96838,1611.5232,2878.8804,572.7607,2557.831,2679.0562,878.7232,1718.2859,2945.1602,628.78546,2640.681,2635.069,921.6942,1410.69,3006.3455,598.151,2589.6282,2872.3804,828.9987
mountain_left
IMG_20241017_121251.jpg,mountain_left,1105.3615,2127.551,-136.44313,1085.6194,2081.2563,-235.88466,1088.8762,2077.4556,-235.76614,1092.9127,2073.1396,-235.61447,1085.7533,2079.9656,-103.83508,1088.4313,2075.5254,-103.881874,1091.5363,2070.6492,-103.91139,1147.7001,2043.4761,-449.01337,1142.0303,2038.8314,139.9748,1156.3325,2141.8965,-195.14124,1155.786,2139.8787,-23.503286,1329.2395,2166.2139,-782.7899,1384.9501,2079.7122,650.084,1319.1954,2564.595,-856.9651,1399.3689,2429.6548,749.01715,1311.9849,2917.1243,-541.86694,1437.9569,2803.0405,475.18216,1298.2434,3000.3752,-657.0751,1408.4935,2836.2166,497.43872,1287.423,3003.3303,-537.8639,1408.779,2844.264,336.6491,1301.9767,2969.732,-484.55383,1424.3424,2838.139,402.1841,1843.9352,2332.2073,-471.65295,1891.7906,2310.2463,470.78183,1361.3525,2489.6636,-156.48949,2069.1777,2733.4714,439.24518,1613.6974,2857.746,408.9053,2539.032,2673.0928,938.36066,1720.2981,2932.9346,463.5657,2619.2021,2638.339,995.49945,1435.1398,2993.932,476.15857,2585.2144,2872.4382,946.56396
mountain_left
IMG_20241017_121251_1.jpg,mountain_left,1115.6356,2174.5007,-126.06759,1091.7604,2133.55,-231.40436,1094.1105,2129.8875,-231.36183,1096.4808,2125.8157,-231.3402,1092.8822,2130.6228,-96.55501,1095.6841,2125.1082,-96.55219,1098.2535,2119.2766,-96.50632,1146.8021,2091.8403,-463.371,1146.328,2085.595,139.89096,1163.1663,2181.0903,-190.97348,1165.6332,2178.2437,-15.240471,1345.1398,2200.5618,-809.28253,1386.3385,2098.128,667.44464,1335.9407,2596.593,-876.8569,1405.421,2425.849,807.1684,1321.0059,2924.6047,-527.696,1418.9884,2751.413,532.8163,1308.4055,3015.8232,-647.3779,1386.8832,2782.183,564.937,1300.4586,3020.097,-524.60693,1380.1727,2790.365,399.4385,1312.3401,2989.059,-468.40945,1394.637,2785.1804,460.33484,1853.6952,2342.3186,-468.41022,1880.0631,2308.9124,467.83054,1353.2518,2524.1733,-241.69812,2065.482,2738.0889,470.1334,1630.4608,2867.1724,291.94693,2549.309,2675.8696,906.34845,1739.7546,2934.5945,345.14615,2632.0498,2637.508,955.7901,1468.5608,2997.306,396.88882,2593.9233,2878.9263,940.8055
mountain_left
IMG_20241017_121252.jpg,mountain_left,1104.3467,2158.0735,-242.42798,1088.9722,2112.3533,-341.35193,1093.1595,2108.881,-341.29208,1097.6685,2104.9456,-341.24374,1087.4133,2110.8718,-207.66125,1090.0121,2106.4473,-207.65575,1092.8878,2101.4426,-207.6161,1152.9906,2077.7852,-550.4602,1146.5012,2070.9448,47.684353,1153.608,2174.1248,-301.18213,1152.0443,2172.3967,-126.97205,1351.9312,2200.4092,-881.57416,1382.0092,2102.6963,582.7511,1334.7408,2584.9097,-968.75604,1401.9443,2430.3354,700.2556,1319.2434,2931.3398,-680.1012,1412.5309,2772.2107,402.35272,1309.0024,3017.8684,-814.97705,1378.7634,2801.9094,425.80194,1295.7994,3021.648,-692.4428,1353.6769,2752.39,256.0295,1306.4976,2988.2305,-624.36816,1393.867,2806.1238,326.94482,1853.6025,2349.484,-471.36163,1873.149,2318.283,470.73553,1355.2712,2518.3396,-216.75275,2055.8298,2745.012,509.2713,1620.8138,2865.9873,386.2765,2532.3892,2680.1,942.0401,1729.5674,2938.3638,446.636,2617.6748,2643.5564,989.7893,1454.0691,2996.1475,515.9503,2581.0525,2881.933,970.67523
mountain_left
IMG_20241017_122753.jpg,mountain_left,225.17738,554.73517,18.66577,221.0875,544.92944,2.563583,221.66342,543.6953,2.5540202,222.27455,542.4334,2.5877557,221.78578,544.97394,29.127464,222.77367,543.74945,29.125813,223.77048,542.4241,29.092688,234.49908,533.0657,-33.29871,235.42012,532.854,84.830025,235.14407,556.6704,8.8572855,236.48485,556.9766,43.141037,271.23627,551.99945,-106.33177,292.8129,544.968,180.84251,260.13275,638.86395,-154.4882,292.3968,626.0692,194.09961,246.36768,720.0254,-142.42543,297.61124,707.2564,127.23865,234.1412,737.2511,-168.72185,289.6734,712.6807,133.45656,231.55916,737.3249,-141.5099,290.91052,713.38525,98.55501,237.9142,731.752,-130.34421,293.86697,713.1059,111.543816,381.29276,580.0124,-92.65522,403.35938,590.11633,92.46031,277.1634,608.5189,-95.77166,461.28342,664.186,83.336555,338.82504,714.12695,-49.958527,572.52466,695.7972,87.01106,357.1814,731.9543,-46.780396,592.2892,694.0313,88.42031,286.9305,766.68555,-75.369736,563.4067,741.3033,47.207306
mountain_left
IMG_20241017_122753~2.jpg,mountain_left,228.62228,559.6461,25.153515,223.84955,550.57825,9.032199,224.25945,549.19305,9.014173,224.68896,547.73895,9.047746,224.45052,550.56726,35.58788,225.30649,549.1683,35.590076,226.20518,547.61304,35.56252,234.9417,537.3851,-28.403273,236.42763,536.9231,89.89781,239.36261,560.0726,14.889049,240.84842,559.8077,49.21606,272.60223,552.9938,-99.80932,294.20612,544.6831,180.0868,261.09122,643.3139,-149.6118,299.41782,629.2195,197.64172,246.62503,720.5015,-137.69165,301.9552,703.65955,139.23161,233.13943,737.79614,-161.99323,303.09857,712.0612,146.07668,229.88077,737.48065,-136.3302,301.3368,717.345,113.087234,237.04417,731.8482,-126.0367,301.69543,704.6743,124.4362,382.42963,578.30524,-88.81173,403.491,590.721,88.63609,282.71692,608.92084,-129.96506,462.1152,665.7972,87.79253,338.70602,715.3173,-114.47099,571.66595,697.03955,74.124695,359.8877,734.2981,-113.8598,591.2268,695.5458,73.38966,286.0482,769.29297,-147.9504,565.40686,740.7817,32.0148
mountain_left
IMG_20241017_122754.jpg,mountain_left,228.11511,550.42676,38.752163,225.08644,540.56213,23.743813,225.86786,539.4443,23.719137,226.7659,538.1331,23.747272,225.64423,540.2868,51.42239,226.7344,539.112,51.43566,227.88248,537.76605,51.415257,238.9243,529.76434,-13.605418,239.86545,529.12085,109.40011,238.11063,552.69305,27.848831,239.45676,552.8408,63.541855,275.8873,549.6293,-98.100845,298.50046,541.6223,206.14336,272.72812,633.66223,-156.90451,305.26828,623.7123,229.30748,252.81903,717.96515,-148.8606,308.79752,691.02167,176.06956,242.24117,735.5026,-175.23404,306.36627,702.8326,185.17982,239.70648,734.598,-147.7414,304.19373,709.3216,152.91698,245.06621,729.28937,-136.23885,304.27155,696.6822,161.7277,380.41965,578.9827,-98.04431,404.88428,590.8892,97.849686,287.84482,610.9363,-99.83797,456.5332,669.6544,61.2081,340.2335,713.80237,-56.779903,570.4894,696.5129,49.387127,360.64218,733.2886,-53.907482,591.764,693.0851,48.977047,294.0084,761.3799,-84.84671,563.6865,742.12616,6.621643
mountain_left
IMG_20241017_122755.jpg,mountain_left,227.46297,552.8888,2.043502,224.25284,542.13007,-12.647684,225.02495,541.07056,-12.669662,225.94179,539.8453,-12.619927,224.69649,541.7815,13.5151415,225.6756,540.5643,13.516627,226.74449,539.1901,13.487647,238.1377,532.11957,-45.181202,238.37311,531.3796,70.731964,237.26831,555.5602,-6.942904,238.39311,555.73413,26.755518,274.81528,553.95966,-116.9097,294.9504,544.2687,164.2602,267.71127,637.3657,-172.09529,303.8711,627.61475,177.07831,252.89589,722.7588,-169.38701,323.36642,698.3513,117.38139,242.35458,737.3175,-196.19473,319.80884,712.07544,122.28856,240.35986,736.95013,-170.99442,318.1399,714.4729,90.97406,246.18459,732.19934,-158.29736,316.9624,704.58124,103.09715,383.44763,586.5354,-92.359856,403.10272,596.1404,92.1716,284.6004,612.4637,-156.23062,455.66064,673.0909,60.57698,341.44336,713.5617,-143.86119,570.0894,697.4266,50.673805,361.9386,731.5009,-144.16919,591.2695,694.5833,49.5802,305.4326,743.25793,-184.61247,564.8103,744.0419,5.2429175
mountain_left
IMG_20241017_122755~2.jpg,mountain_left,226.5776,550.6654,2.6530032,224.237,539.7403,-12.565955,225.26501,538.58997,-12.580873,226.46431,537.2542,-12.534731,224.31067,539.8577,14.470682,225.29085,538.9218,14.464715,226.39522,537.81195,14.437046,239.68692,529.8695,-47.639595,239.16422,529.90936,71.991646,236.63382,553.98083,-7.406902,237.40987,554.3349,27.432802,277.84488,553.41327,-115.99935,296.69138,548.95734,166.80762,265.05118,638.7149,-163.44641,295.56204,638.64014,182.42184,252.26826,719.38477,-158.01308,300.17975,705.6962,121.1715,242.9727,735.8714,-184.95628,298.93854,717.77203,126.55411,241.0114,736.2943,-159.59845,298.05634,721.4457,95.378006,246.1156,731.0948,-146.59467,298.5102,713.63947,107.07704,385.18777,584.4684,-93.12608,404.9293,596.8383,92.9571,285.57596,611.38684,-157.38058,455.35104,675.4127,82.56968,338.9534,715.41125,-146.63521,569.75214,698.3122,94.02162,360.02795,734.33154,-146.70027,589.82605,694.0089,95.31851,293.96167,769.58484,-188.31921,565.15265,744.97253,51.341213
mountain_left
IMG_20241017_122809.jpg,mountain_left,1101.8817,2367.906,-193.53075,1068.8196,2328.3174,-291.07913,1070.2292,2324.3718,-291.28284,1071.8702,2320.3003,-291.32745,1070.5955,2324.1836,-165.78122,1073.3187,2317.468,-165.93207,1076.2103,2311.0024,-166.0415,1109.9907,2274.411,-517.4434,1113.2854,2262.908,48.147373,1153.165,2366.3154,-260.95294,1153.4584,2362.2126,-96.172356,1294.3771,2336.2566,-885.8446,1375.164,2208.7336,560.2726,1229.1829,2713.6584,-1236.5782,1402.8402,2473.0178,967.12006,1157.9014,3072.8223,-1074.2092,1303.5964,2646.3801,981.183,1117.7881,3139.2478,-1232.5858,1264.4725,2673.1367,1050.1395,1099.9353,3132.6565,-1102.391,1264.366,2668.6558,905.351,1122.2186,3111.3254,-1025.7526,1291.8707,2663.8845,921.27594,1961.6013,2330.2454,-468.71048,1945.4744,2287.3289,468.143,2325.8926,2584.085,-381.6744,1579.1797,2589.484,983.6937,2775.9407,2828.445,-182.35446,1967.242,2842.8572,1453.3969,2878.5234,2810.737,-172.27211,2028.5073,2903.4373,1487.9824,2770.7705,3074.9573,-401.5226,1763.5507,3033.163,1453.6858
mountain_left
IMG_20241017_122809_1.jpg,mountain_left,1084.5052,2375.8972,-131.52756,1051.5968,2339.7239,-236.60963,1053.4258,2334.2998,-236.45412,1055.163,2328.998,-236.38281,1052.6613,2337.2393,-89.10337,1055.2112,2329.94,-88.85944,1057.7219,2322.1296,-88.62243,1092.9291,2275.124,-494.4066,1093.1514,2267.4497,176.58415,1135.8485,2369.6829,-205.96573,1136.2924,2368.0164,-11.678465,1273.3501,2320.9565,-889.8993,1334.8228,2203.889,714.1826,1223.0688,2710.0942,-1237.098,1327.2079,2541.3184,999.36334,1152.7446,3061.606,-1045.337,1248.8771,2761.341,792.90186,1116.745,3135.14,-1218.3138,1221.6216,2785.2212,853.8646,1090.7491,3128.435,-1045.7332,1213.2976,2806.496,652.445,1110.7814,3106.9749,-977.1096,1224.783,2819.8699,707.2754,1881.0563,2319.7532,-522.63135,1917.7706,2275.698,522.7893,1478.5139,2615.3071,-164.27989,2306.6248,2588.498,744.49255,1908.6605,2872.541,524.311,2754.568,2828.5703,1145.1376,2023.0049,2895.678,590.175,2866.3687,2808.0999,1181.9359,1752.7037,3047.481,575.27545,2750.5874,3047.9277,981.30237
mountain_left
IMG_20241017_122810.jpg,mountain_left,1094.9692,2382.604,-127.450905,1060.126,2344.6384,-237.55385,1060.9934,2339.05,-237.56625,1061.8265,2333.44,-237.57678,1061.3894,2342.6895,-80.92838,1063.1453,2335.5708,-80.583824,1064.9135,2327.8967,-80.378334,1094.658,2280.094,-521.5679,1096.3635,2273.3623,193.60912,1142.5121,2376.2998,-214.39293,1142.0627,2374.1396,-6.7512445,1272.6754,2323.773,-958.98425,1351.5872,2214.454,756.1279,1226.4557,2720.256,-1287.0111,1327.1962,2570.8525,962.13403,1156.1194,3073.7117,-1088.6537,1237.8296,2811.5574,629.6395,1114.733,3140.2737,-1281.868,1209.9291,2853.6082,665.9682,1093.2036,3131.2397,-1114.3322,1205.4663,2860.121,476.61606,1115.6184,3113.1956,-1026.1212,1215.3044,2879.4985,539.91473,1902.342,2334.0269,-546.76855,1903.717,2295.7336,546.56885,1982.3186,2656.8054,-504.58704,2048.6108,2564.2937,910.6726,2440.6292,2832.7603,-69.26416,2409.2668,2893.1584,1306.8585,2517.3486,2812.26,-36.78961,2503.0974,2913.679,1336.9507,2476.0981,3053.4238,-211.38972,2369.3223,3112.4746,1220.1245
mountain_left
IMG_20241017_122810_1.jpg,mountain_left,1107.4829,2397.3682,-121.59686,1069.8752,2362.2605,-230.0374,1070.6626,2356.9468,-229.8567,1071.4518,2351.3066,-229.75967,1071.5504,2360.092,-83.66371,1073.4022,2353.5386,-83.474915,1075.1644,2346.3105,-83.22596,1105.3964,2293.9077,-487.13333,1107.536,2287.5435,178.97949,1154.5802,2390.1538,-193.61678,1154.252,2388.9539,-0.6567176,1285.7247,2338.0486,-865.4565,1372.2255,2223.5781,721.7151,1232.7917,2734.5374,-1196.839,1357.5878,2562.526,962.81525,1155.7882,3091.7405,-1003.05304,1283.212,2792.3564,711.1966,1116.6819,3154.373,-1170.0673,1242.7175,2836.8337,767.4571,1098.0762,3145.8474,-994.68604,1236.4165,2857.9521,574.9439,1119.8895,3124.9014,-933.45605,1249.1378,2864.0166,628.0801,1893.1978,2352.1262,-508.77808,1936.8735,2311.666,508.7656,1498.6884,2632.2456,-138.50757,2303.3567,2609.4448,737.2146,1908.2338,2883.493,547.6578,2757.1514,2850.4138,1118.261,2016.0732,2908.5007,613.66565,2866.809,2841.381,1154.7544,1764.6321,3065.8765,598.49786,2771.4,3070.151,952.80316
mountain_left
IMG_20241017_122811.jpg,mountain_left,211.91829,575.2957,-29.71975,202.43648,567.7395,-48.185696,202.6323,566.1784,-48.171177,202.80779,564.50336,-48.14816,202.10243,568.163,-18.335882,202.06847,566.95044,-18.31593,202.00165,565.6175,-18.299124,209.2282,549.24615,-90.55258,207.89078,551.2819,44.303646,222.8439,572.5237,-42.56203,223.21378,573.716,-3.3399398,247.2875,551.43854,-171.98926,261.56738,549.3107,141.51375,232.72182,635.2288,-259.84583,241.07397,632.42773,166.14471,214.41399,722.2027,-262.83295,226.57639,709.7791,83.4795,201.93083,738.84125,-301.79468,217.78448,719.49896,87.61362,199.2922,737.775,-269.82,214.93062,722.4756,44.960514,205.71246,733.37946,-251.25389,219.82008,720.41003,62.82554,374.50143,555.826,-100.240105,385.67865,557.33307,100.23438,301.55978,626.22784,-93.66527,470.6566,623.4567,95.55574,391.18936,697.6774,-25.537184,579.1073,678.78296,127.480385,413.30637,703.5738,-20.999594,594.5549,679.46906,128.75284,360.50198,736.4958,-65.487816,592.0333,724.429,59.75289
mountain_left
IMG_20241017_122811~2.jpg,mountain_left,208.06827,577.3854,-25.719435,200.33046,568.3089,-44.109615,200.51453,566.61005,-44.095272,200.65865,564.676,-44.08005,200.4494,568.34106,-14.388955,200.67422,566.8567,-14.350742,200.813,565.20715,-14.332348,207.11787,549.80707,-87.17943,206.43193,550.7124,46.87856,218.54536,574.1342,-38.970413,219.11885,574.5096,0.015743982,248.10272,550.8344,-168.98648,260.8385,548.9294,140.85814,235.36685,631.9127,-254.32677,243.21596,632.9514,165.15993,216.10391,720.1662,-251.74974,227.59868,708.71265,79.84203,201.64062,735.44055,-290.2157,216.4151,717.7439,83.55024,198.28519,734.4017,-258.4096,212.89505,721.6056,40.494987,205.0756,730.18896,-239.95918,218.63684,719.27734,59.071648,373.7279,559.1655,-95.95511,383.849,558.97864,95.99376,295.2666,628.1482,-77.98419,468.19965,629.4341,100.164185,388.55807,696.9477,0.069012895,576.5803,680.2613,140.92857,412.74512,703.78156,5.582425,591.4894,679.69543,143.08292,359.40445,739.4948,-35.048534,591.0523,729.20154,76.15396
mountain_left
IMG_20241017_122812.jpg,mountain_left,208.87962,576.5127,-31.737291,200.18347,568.8859,-50.43211,200.41643,567.2895,-50.418358,200.5699,565.553,-50.40384,199.92485,569.1461,-20.73052,199.99637,567.8458,-20.700777,199.95876,566.40393,-20.672897,207.12016,550.07526,-92.968285,205.84688,551.78674,41.6012,220.31073,573.2442,-44.24428,220.67996,574.1483,-5.0992074,246.55133,550.9988,-173.22089,260.79547,549.4909,142.12273,234.11261,636.7601,-255.75172,242.79689,634.40155,165.71288,215.92778,723.48505,-259.79068,227.62164,710.5481,83.405945,199.01659,740.855,-299.71423,217.88223,719.94086,87.955475,195.90009,739.52386,-265.8311,215.54128,723.0431,44.740417,203.88615,734.8733,-247.60623,220.0693,721.12134,62.679268,369.79028,563.1434,-101.65709,382.37408,564.1352,101.6628,293.26923,629.6067,-84.54392,465.96924,630.7392,103.358574,388.7229,697.22845,-4.4425974,576.7689,680.37427,149.46729,412.80054,703.88995,1.4263662,591.9387,680.01697,152.59782,360.41608,739.1136,-37.731255,587.8578,729.1034,86.10804
mountain_left
IMG_20241017_122812~2.jpg,mountain_left,213.17616,579.9337,-35.816216,204.71179,573.0453,-54.2682,204.91565,571.3284,-54.266434,205.10812,569.44525,-54.2425,204.61298,573.70685,-24.101915,204.77455,572.5744,-24.083128,204.87181,571.31836,-24.073412,211.0533,552.82544,-96.83105,210.06682,555.57587,39.52204,224.3323,576.5683,-48.81296,224.229,577.6458,-9.153892,252.07307,553.22205,-179.1563,262.49774,553.4087,138.57188,236.47704,636.4398,-267.6582,242.36859,637.6954,164.91731,217.34195,723.83594,-274.27777,229.08527,712.0222,80.91699,202.55083,741.35016,-313.7762,221.68216,721.445,84.892,199.7782,740.464,-282.51685,219.27455,725.01636,42.71377,207.3526,735.49786,-262.98972,223.37386,722.8529,60.302116,372.777,558.239,-102.55055,383.95065,561.7854,102.54912,302.83026,628.7761,-133.79523,465.80344,628.9588,88.56596,392.33862,702.7564,-85.72795,575.5171,681.8827,99.12486,413.76016,709.78326,-83.3973,593.117,681.95984,98.020164,362.67325,743.17615,-135.82674,591.50793,731.70154,30.895851
mountain_left
IMG_20241017_122813.jpg,mountain_left,211.99431,579.3292,-22.189018,202.97424,571.6693,-41.43133,203.10155,569.9122,-41.42039,203.19432,568.13763,-41.396328,203.0575,572.51025,-11.972757,203.27986,571.4642,-11.944868,203.42613,570.371,-11.935458,208.74315,553.1129,-85.48922,208.55278,556.22473,47.61204,223.13454,575.85657,-35.221542,223.04329,577.0092,3.4858887,248.22495,552.9893,-167.82294,262.666,554.2152,146.90514,233.85257,636.70807,-254.70488,244.54413,636.7979,178.54698,216.76036,724.1334,-257.1438,230.34378,711.86163,100.21213,204.06218,739.7264,-294.424,223.3335,720.40234,105.64094,201.13441,739.1352,-262.75848,220.7689,723.7333,63.860146,208.26347,734.5074,-245.0584,224.24898,722.1513,80.1802,371.52737,559.8441,-99.34511,387.31778,561.9225,99.33742,298.5116,628.23804,-101.99478,465.8861,629.2754,97.08132,392.6441,703.0684,-37.902786,572.5433,682.8723,126.161285,413.5279,709.49976,-33.441067,592.70526,684.61426,127.536224,360.6298,744.1121,-76.76067,592.32074,731.6041,64.37057
mountain_left
IMG_20241017_122836.jpg,mountain_left,718.6905,2195.392,12.726413,707.9139,2139.2878,-70.48467,713.4368,2133.486,-70.35382,720.19916,2127.3994,-70.29474,708.61316,2139.1873,68.58113,713.9707,2133.7158,68.70122,720.0269,2127.6748,69.05944,785.1274,2099.2283,-221.72816,777.20264,2095.4934,408.95694,774.8691,2211.4382,-19.510273,774.65936,2210.558,162.45569,967.89874,2215.2559,-651.6111,1049.9061,2143.9219,977.63684,850.05365,2622.7607,-966.6394,958.40405,2518.5222,1026.5645,721.635,2978.7732,-777.93164,870.85944,2796.316,659.1713,669.2074,3064.112,-947.0296,837.0284,2819.9204,716.7179,650.0873,3055.6384,-751.38214,831.42706,2832.6619,534.942,677.706,3028.4883,-700.28186,841.1475,2835.3499,575.8676,1556.2856,2257.301,-521.20197,1635.8119,2216.813,520.6858,1127.5178,2546.2366,-34.826298,2034.7175,2534.1208,804.33307,1492.2941,2897.7346,663.1732,2427.9817,2830.1748,1207.9397,1593.9857,2968.6704,725.4514,2544.1138,2869.111,1252.8112,1287.9644,3043.888,618.0973,2310.2876,2998.1665,1045.5404
mountain_left
IMG_20241017_122836_1.jpg,mountain_left,738.3849,2225.3936,52.56113,725.8778,2170.0999,-38.34006,731.0653,2164.3308,-38.117493,736.78406,2158.054,-37.967197,728.16925,2168.1533,107.209145,734.3774,2161.7034,107.32868,740.5672,2154.774,107.686424,802.90204,2124.4514,-230.02477,798.40894,2119.4346,430.17844,789.41754,2238.121,3.776397,792.0433,2236.305,194.58575,992.6869,2236.1724,-633.48737,1071.6686,2170.9094,947.6514,865.9896,2621.8606,-961.3085,971.08875,2538.372,985.439,725.8699,2995.0918,-818.30444,867.0005,2808.1455,584.2911,673.0859,3077.4102,-997.8867,821.1419,2829.4414,628.5663,651.56616,3069.8435,-809.06464,815.7851,2842.54,433.62753,679.4248,3042.6602,-745.3728,826.30786,2853.793,494.6299,1571.5085,2262.568,-512.1236,1659.8629,2220.7769,511.7719,1162.0192,2549.9673,-71.64782,2059.2305,2553.7214,770.477,1505.6509,2894.7148,582.2634,2442.7517,2856.2412,1163.246,1611.4542,2971.3076,638.6689,2559.1692,2908.068,1205.2556,1307.195,3040.1301,521.3401,2322.3164,2998.9507,969.66364
mountain_left
IMG_20241017_122837.jpg,mountain_left,756.055,2227.8699,5.9884167,742.81305,2170.0852,-77.504196,748.5855,2164.8542,-77.37303,755.57794,2159.4805,-77.329704,742.4144,2170.8474,66.85765,747.1099,2166.521,66.99725,752.4504,2161.6602,67.37601,818.97595,2134.2954,-238.877,810.267,2131.7273,418.59268,812.0677,2245.2478,-30.920908,809.9978,2243.674,158.77518,1000.28186,2250.0,-674.1937,1081.3446,2180.6836,982.16565,880.76715,2639.8845,-1030.0903,988.6574,2550.754,1048.6451,741.0127,3003.5198,-842.9677,900.3716,2809.5254,649.1544,683.0062,3087.4395,-1021.40424,852.9531,2838.927,702.1525,665.6469,3077.6375,-821.1669,843.77563,2853.2314,507.7627,698.4506,3045.129,-764.9036,857.0507,2854.1008,559.83673,1583.5293,2286.7961,-520.66156,1664.768,2238.0444,520.31,1177.903,2558.7346,-3.9626203,2053.7449,2560.4429,801.7857,1513.8849,2907.1218,734.5479,2442.5513,2864.251,1246.9219,1616.484,2990.8696,800.12476,2565.3274,2918.821,1294.1127,1316.4011,3050.8782,688.1753,2332.3992,3013.767,1067.7245
mountain_left
IMG_20241017_122837_1.jpg,mountain_left,749.9107,2216.1475,118.836525,739.37524,2160.5999,35.425472,744.8686,2155.1697,35.5897,751.3821,2149.1477,35.67947,739.44495,2160.3643,177.1324,744.2476,2155.5076,177.25642,749.5345,2149.8284,177.60307,816.5133,2121.6504,-133.99348,806.296,2118.944,509.01483,803.46155,2236.1414,78.512474,801.92755,2234.0984,263.97827,997.7773,2235.4226,-561.8686,1078.9445,2176.5269,1033.1322,870.15753,2612.8474,-910.05597,980.9395,2542.8408,1090.2472,733.2243,2973.8003,-765.08716,883.5124,2814.578,712.4885,677.7714,3064.394,-935.9988,834.9332,2835.6572,765.20703,660.476,3055.8228,-746.3543,826.2907,2850.5408,576.9222,692.4106,3021.0432,-691.15784,838.46014,2858.8108,626.04346,1570.5391,2266.6816,-513.4585,1656.2213,2224.4385,513.0962,1173.9803,2553.561,-85.75944,2045.0092,2550.4915,736.7391,1506.6572,2898.3784,550.1101,2433.8203,2864.639,1092.6046,1610.6783,2973.0417,606.0147,2554.2537,2922.6724,1130.9036,1305.313,3040.0354,485.96228,2325.735,3017.3936,891.35913
mountain_left
IMG_20241017_122839.jpg,mountain_left,128.25307,554.1009,-191.46777,127.36774,540.9955,-208.7398,128.50601,539.38043,-208.7154,129.725,537.59576,-208.7248,126.86026,541.9263,-178.24683,127.57453,541.14185,-178.31183,128.23782,540.2463,-178.292,142.38551,531.12573,-236.81996,138.94606,533.7429,-99.11648,138.53362,556.5744,-199.59724,138.40744,557.8555,-159.19176,186.78493,549.93787,-303.7955,186.88881,559.14905,13.546807,158.28969,629.60657,-391.30942,159.65662,640.9988,22.705278,126.148026,719.8251,-410.38007,130.1416,717.12524,-69.53819,108.551575,736.3933,-469.13693,117.63487,725.6993,-70.98707,103.930435,735.87683,-436.50684,113.51477,729.0357,-112.3024,111.73003,730.35175,-402.22995,117.978874,727.82306,-90.15587,311.74283,556.39777,-106.82747,303.29297,559.3926,106.67336,406.37054,630.4311,-149.97939,256.65378,622.70764,122.630104,511.9539,704.0512,-105.641365,298.1345,712.6939,205.63109,532.1494,711.9286,-107.120384,320.23816,727.69635,209.89058,488.25494,750.0699,-201.52289,263.56046,750.3879,167.28726
mountain_left
IMG_20241017_122839~2.jpg,mountain_left,127.79991,553.2339,-119.69036,126.68567,540.11005,-135.61615,127.93402,538.6088,-135.58597,129.16684,537.0576,-135.54965,125.98057,541.2163,-104.376396,126.696754,540.6198,-104.4201,127.36423,539.87427,-104.376625,141.90912,531.2551,-164.9211,138.12512,534.2263,-23.293625,137.8342,556.97894,-128.23604,137.71327,558.4979,-86.82374,185.87422,552.6595,-232.16852,191.66293,559.07227,86.23069,157.24855,633.13116,-307.29526,167.40982,640.0758,106.39193,124.441124,726.3799,-328.23505,135.47603,714.9324,29.609085,103.75384,741.7053,-381.2845,124.01676,723.3402,34.736134,101.562164,740.09845,-343.47388,119.26222,727.24493,-8.075785,108.645935,734.79755,-316.59225,122.66223,726.4375,9.995991,313.03516,556.3573,-112.00083,309.34918,557.78534,111.915794,310.33,624.21924,-141.3005,344.0317,644.30835,101.13255,373.08075,718.35455,-75.90071,429.9183,713.0282,190.25206,389.7523,727.12604,-72.820244,448.99036,716.7464,197.61427,351.6755,765.0708,-130.1591,422.04993,761.35547,156.79456
mountain_left
IMG_20241017_122840.jpg,mountain_left,130.85068,550.5695,-127.61738,129.59644,538.4014,-137.97557,130.70055,536.7025,-137.94066,131.93094,534.9211,-137.90721,128.96077,540.42114,-112.31207,129.54733,540.2066,-112.35488,130.14433,539.76984,-112.33079,144.24826,529.2741,-147.86719,140.62997,534.3576,-32.34967,141.20552,552.8157,-129.60332,140.74377,555.86255,-95.77143,186.64964,548.6838,-213.69417,191.8011,560.2782,72.72925,159.31027,628.6264,-287.68823,169.40639,640.31354,83.84785,128.15707,710.19696,-297.91522,139.39548,714.4333,7.69929,111.41135,731.9104,-347.52246,127.442245,722.49536,10.372953,108.1538,731.3669,-311.7811,123.71525,724.9478,-26.826954,114.70746,726.08734,-287.24988,127.54371,723.7004,-9.886301,306.5712,551.9715,-102.25957,306.69815,557.3967,102.08828,385.42792,620.57806,-153.88861,313.7764,627.0741,109.83857,437.6278,710.5665,-119.213264,377.16672,702.7822,164.82312,457.6606,714.31,-119.96042,395.71265,709.47235,167.91518,427.7733,756.8258,-187.2615,358.69284,749.4451,129.36893
mountain_left
IMG_20241017_122850.jpg,mountain_left,1263.7322,2170.0732,-587.8093,1255.5604,2117.177,-684.90594,1261.841,2111.7563,-684.70026,1269.1832,2105.4404,-684.61725,1252.7168,2116.9814,-533.9149,1256.0527,2111.9604,-533.93933,1260.01,2106.0046,-533.603,1334.6056,2076.688,-858.8639,1322.6287,2071.8015,-175.41905,1314.1385,2182.3948,-628.6756,1310.8007,2180.5356,-430.50974,1551.8531,2221.234,-1157.1165,1564.9109,2118.7432,408.15085,1441.9697,2620.0754,-1381.2122,1497.454,2501.1597,489.47552,1345.8481,2976.2803,-1239.1456,1425.3196,2798.52,117.10671,1279.1649,3065.928,-1455.0271,1353.5476,2798.7307,150.46205,1258.0396,3052.9492,-1276.957,1332.3728,2830.3657,-67.58448,1287.7028,3020.3022,-1173.8567,1376.9717,2840.4026,21.376976,2144.3757,2277.1006,-504.25565,2157.0676,2216.2952,504.1413,1745.8547,2586.661,-7.1693373,2483.0776,2553.3308,949.6088,2061.6208,2929.8691,724.3172,2949.5005,2758.2415,1514.7897,2153.202,3015.1846,787.19714,3030.6147,2767.7747,1575.715,1842.2012,3030.709,680.1417,2900.4346,2964.6484,1409.0723
mountain_left
IMG_20241017_122851.jpg,mountain_left,248.00037,546.45905,-75.46721,245.78464,535.4935,-89.1125,246.80412,534.1197,-89.1174,247.9532,532.51715,-89.10713,245.60373,535.90594,-64.70915,246.40642,534.9768,-64.73773,247.2493,533.8659,-64.71847,261.37552,524.8117,-109.933784,258.9861,525.63824,-0.90596604,259.51068,549.27234,-80.24898,259.03635,549.49744,-48.316402,304.67935,547.29364,-171.80196,315.18674,541.49255,99.80256,284.90488,637.13635,-226.96997,295.54486,628.4187,99.43946,261.38385,723.33673,-219.58498,272.7199,707.45294,36.804527,247.04477,742.5237,-260.53275,260.65427,719.82495,44.62421,243.61903,742.3723,-221.74344,258.62695,725.1758,2.9782538,250.54694,736.962,-205.74771,264.25528,723.61334,18.32012,425.7595,560.6605,-87.897316,434.74606,558.2762,87.846535,345.04422,629.5688,-69.239204,504.1955,633.0035,92.80892,430.0116,726.4466,13.841244,599.8863,677.2908,161.96997,449.24323,739.91656,19.521738,610.1464,689.8341,169.78773,384.89594,751.94696,-10.195358,593.0583,725.16583,132.69795
mountain_left
IMG_20241017_122852.jpg,mountain_left,245.78206,545.41876,-52.04654,244.71028,534.3618,-67.528755,245.93283,533.0308,-67.54442,247.19943,531.418,-67.52677,244.5893,534.7468,-40.786377,245.6354,533.90765,-40.808945,246.63004,532.8332,-40.793945,261.64737,524.35846,-97.157875,258.81485,525.23663,22.299578,256.74506,549.0256,-60.26417,256.51868,549.17926,-25.343636,303.65726,547.3486,-164.40955,313.29617,543.4532,118.97482,283.90936,636.92444,-222.07135,293.10538,630.5724,119.019135,262.1905,721.00446,-213.28027,269.4152,707.22217,52.56469,248.11957,743.4314,-254.67949,257.83798,721.8212,60.802025,244.68808,742.7531,-216.55118,256.08823,725.6389,18.823616,251.41212,736.82684,-199.57553,261.44955,722.9482,33.743618,423.4977,563.2957,-90.943825,433.99146,558.7079,90.93092,344.54138,631.4184,-76.73884,502.29846,632.9979,89.826515,428.08276,725.5507,1.5494764,599.6329,676.97375,153.65884,448.34906,740.31494,6.4929943,616.791,688.99286,160.64922,382.54517,749.88196,-27.56269,601.48145,724.0522,120.16013
mountain_left
IMG_20241017_122853.jpg,mountain_left,245.81288,546.8787,-108.515114,244.02261,535.6831,-122.787544,245.32199,534.2522,-122.772804,246.79971,532.55774,-122.74719,243.53247,535.9681,-98.01327,244.27028,534.997,-98.06205,245.09415,533.8557,-98.05879,259.2616,524.6708,-145.04729,257.06085,525.71576,-34.664955,257.1227,549.0026,-113.8402,256.04434,548.95123,-81.476,304.71664,546.0549,-198.0636,311.50833,540.5209,65.86452,287.4807,633.41473,-249.09752,292.35736,630.32086,67.2991,262.5291,720.15704,-247.24765,268.3887,708.2552,6.0736666,249.69017,740.26086,-287.9942,254.23038,724.2267,11.186897,244.40967,741.6813,-253.06119,251.45496,728.71985,-28.372517,250.2127,735.58044,-234.8005,257.85327,724.9701,-11.663602,418.15033,556.0077,-88.015945,430.67468,554.3264,87.968765,349.29456,629.8866,-127.37638,495.1719,629.9538,102.292244,427.33612,724.7034,-85.60475,593.0359,673.2118,151.8454,450.7155,738.2012,-83.600006,608.2688,681.7881,157.14111,384.60568,750.85144,-127.963425,593.97516,717.9552,116.96789
mountain_left
IMG_20241017_122853~2.jpg,mountain_left,263.12698,535.9341,-29.452236,259.21692,525.3777,-34.01957,260.10608,523.33966,-34.029495,261.08548,520.9645,-33.989388,258.66278,527.6023,-16.280422,259.11053,527.3344,-16.299408,259.53455,526.866,-16.295,272.27747,512.03076,-37.429073,268.0838,518.5762,42.316216,275.34018,535.30005,-30.009579,273.7448,537.5689,-6.545248,315.33722,515.3219,-100.37113,324.60083,540.2209,115.09712,300.24567,601.48706,-165.97626,305.0085,619.8372,128.93646,267.22357,678.10657,-159.17026,273.31485,689.21826,69.236145,253.35587,710.57465,-189.186,262.80463,709.02106,68.159744,250.7542,711.1569,-161.53635,259.4173,710.4206,38.761024,255.7552,703.3246,-149.07855,263.42694,706.0981,54.349705,434.2473,527.4568,-71.161385,435.93027,541.4222,71.12133,381.9028,617.42065,-185.31699,476.1137,635.65906,50.354137,440.67905,728.70984,-224.66518,545.1768,702.20654,21.70789,462.40747,740.3144,-230.98044,564.6688,705.08185,17.7708,452.3337,766.1424,-288.5172,534.3158,748.1849,-24.986462
mountain_left
IMG_20241017_123010.jpg,mountain_left,1031.0254,2515.9834,149.03606,979.93475,2501.948,49.71544,975.30896,2497.3433,49.804546,971.2027,2493.0044,49.92465,981.01886,2498.3357,182.39226,977.2714,2491.0764,182.44487,974.01825,2483.7795,182.4147,969.1588,2433.1174,-231.50778,975.48,2422.8142,374.32147,1060.7697,2493.922,64.493965,1062.3906,2490.8613,239.64294,1080.6097,2394.4468,-614.01587,1148.2188,2278.8132,784.8306,1090.3545,2760.4312,-960.14545,1250.7509,2537.559,1065.9252,1070.9504,3150.931,-813.82245,1296.3494,2717.8245,975.9195,1059.0554,3246.1853,-948.4144,1237.7429,2779.3923,1051.7147,1025.6349,3248.5195,-781.72015,1220.6154,2810.7864,890.40906,1035.8876,3219.3398,-744.0701,1237.9738,2821.5566,911.7544,1623.3099,2320.6516,-415.18356,1690.5582,2263.773,415.00967,1355.0757,2684.3079,-107.72051,2018.1865,2540.7834,562.13354,1651.2389,2945.6938,417.42087,2430.4277,2785.03,857.5425,1749.4985,2990.0022,471.69,2520.1924,2792.5225,885.4498,1492.745,3075.0017,476.1761,2408.6719,2989.9429,726.2638
mountain_left
IMG_20241017_123010_1.jpg,mountain_left,1031.8732,2532.0017,18.800896,978.39905,2517.563,-84.34716,975.20435,2511.0393,-84.33361,972.0279,2504.5107,-84.239136,977.12427,2517.3945,56.40709,973.6019,2510.6377,56.465855,970.17737,2503.6643,56.46017,966.72125,2436.7456,-366.01828,967.20386,2437.5642,275.088,1063.6547,2508.7915,-65.11581,1063.4463,2508.6985,120.83262,1088.2845,2388.392,-734.8142,1132.3853,2295.4229,710.62054,1095.6674,2755.467,-1111.1439,1223.0474,2583.5127,903.96686,1084.2719,3152.2068,-998.7055,1236.9639,2822.2363,620.7143,1067.5721,3258.973,-1160.9532,1200.237,2873.8088,673.1955,1035.639,3258.0571,-980.295,1177.5442,2906.135,491.72852,1044.2977,3219.5486,-925.5064,1197.722,2916.8887,541.76306,1651.167,2295.4458,-431.70425,1679.7281,2267.5513,431.72766,1364.0604,2644.1492,-186.49574,2024.4978,2557.6812,659.8437,1641.3036,2956.699,332.64102,2417.5693,2795.024,1038.7365,1740.3268,3005.319,382.71234,2501.8584,2794.2913,1076.7235,1479.7272,3078.744,346.05212,2425.0955,3001.5012,927.0081
mountain_left
IMG_20241017_123011.jpg,mountain_left,1053.2593,2535.6843,25.805471,1001.91693,2527.1777,-75.62609,998.0225,2522.692,-75.65065,994.0563,2518.41,-75.60774,1001.2579,2523.9316,57.699123,997.5332,2517.769,57.748615,994.06805,2512.007,57.710537,980.05304,2454.7078,-352.55136,985.2906,2456.1506,254.33893,1079.1025,2513.3384,-55.891434,1080.2108,2510.5671,120.03901,1075.7804,2393.6462,-698.9019,1131.7406,2295.2996,666.1863,1077.9655,2787.7058,-1059.5286,1214.2855,2599.4292,872.4643,1075.4558,3177.6995,-950.7752,1246.2556,2819.2876,653.10065,1060.46,3278.3977,-1104.5127,1178.2625,2863.9824,710.63043,1027.3167,3280.24,-930.28406,1160.528,2896.8936,534.7337,1036.2455,3246.147,-879.5458,1182.2648,2909.0205,579.2281,1622.8007,2307.8074,-411.32135,1682.825,2259.9626,411.36646,1297.6252,2632.7798,-133.98631,2009.3544,2551.8616,556.2079,1656.3025,2971.1685,349.1699,2411.6924,2807.0312,829.4109,1744.6135,3011.502,397.9005,2495.9478,2818.2112,857.1017,1471.2659,3096.25,390.31616,2400.3977,3005.0845,706.9844
mountain_left
IMG_20241017_123011_1.jpg,mountain_left,1041.4817,2541.0476,44.873123,990.6106,2529.9368,-53.074898,987.16345,2526.6997,-53.01882,984.37427,2523.9263,-52.823364,992.52185,2525.3916,70.96605,990.5462,2518.8174,71.028496,989.02625,2512.651,70.993065,987.8463,2467.6575,-325.67783,992.4563,2455.7295,237.70108,1075.2076,2521.7827,-36.800957,1075.989,2518.4417,126.43682,1098.4489,2439.518,-675.6373,1144.3114,2313.7021,618.1344,1098.1532,2804.6912,-998.968,1208.3083,2589.7095,912.94714,1074.3104,3172.7756,-749.77924,1204.0385,2779.0254,773.91565,1065.8494,3283.4846,-866.68475,1124.927,2806.536,828.3805,1036.611,3282.55,-716.21515,1109.2471,2834.4412,669.0395,1043.3236,3245.1729,-683.15063,1129.364,2842.8801,707.20825,1646.9171,2316.8057,-387.0006,1693.1779,2268.3608,386.7057,1415.5239,2690.775,-88.25917,2018.6377,2564.3723,540.4193,1664.4677,2987.2075,416.22592,2427.0173,2804.6226,855.27686,1760.8794,3026.094,466.00525,2518.3303,2805.8254,881.1443,1538.668,3084.4216,452.41666,2425.918,2978.9255,736.7212
mountain_left
IMG_20241017_123012.jpg,mountain_left,192.31723,624.1987,4.161991,181.36308,620.9308,-13.017081,180.94185,619.79663,-12.988435,180.55286,618.5592,-12.934696,181.76512,621.18616,13.438307,181.6787,620.27893,13.437967,181.59717,619.2556,13.438686,181.70448,605.0425,-59.85553,183.1017,606.6372,60.161034,200.11052,619.36005,-10.128433,200.07068,620.1649,24.760944,212.34319,581.6676,-134.077,225.79797,586.93475,138.24902,208.02621,659.1788,-210.6329,227.02676,665.8268,162.55397,203.7458,742.5218,-209.15474,213.26086,739.4825,98.26408,199.74869,764.8307,-240.2907,207.93332,754.6716,104.77284,196.55917,765.2421,-209.34132,206.84169,757.17755,70.743904,199.1455,758.52454,-197.0482,209.62111,753.06647,82.03453,327.6728,570.19696,-89.8407,342.36203,579.95935,89.761894,274.40283,631.9832,-145.03116,413.082,658.81244,55.32524,333.36862,740.3605,-120.22204,521.28375,707.38074,59.262688,357.30252,751.85333,-119.015785,541.2905,708.124,58.434433,295.75842,774.4089,-159.14708,522.4085,755.241,11.559601
mountain_left
IMG_20241017_123012~2.jpg,mountain_left,196.90184,629.5045,-29.05447,185.97481,626.97864,-48.16894,185.31984,625.6755,-48.15219,184.70317,624.31714,-48.133846,185.9218,627.0945,-18.916096,185.33498,625.91876,-18.949959,184.79877,624.6847,-18.97755,183.48602,609.9764,-99.12803,184.76463,612.0665,33.34623,203.73636,623.82556,-45.5341,203.40926,624.1685,-6.829411,210.37666,583.2807,-178.85265,226.19165,591.4455,118.56038,205.24023,660.7113,-252.32045,217.74068,667.99054,140.48842,202.68378,746.5068,-254.21407,212.47694,743.51306,65.511116,197.25934,768.0445,-293.74448,206.08987,756.84595,67.21269,193.30444,768.35486,-267.4548,204.22697,759.3096,31.85411,196.60191,761.2371,-244.76787,207.68517,755.2629,47.601967,327.87308,569.1464,-96.29041,332.62695,579.53394,96.23325,375.72348,642.31384,-184.10931,306.57977,663.0977,97.02878,510.40213,707.44403,-199.3008,337.1286,743.27234,131.92012,533.88635,707.2043,-203.95747,358.6705,754.1558,132.86859,510.64282,757.31635,-276.00775,316.9172,775.5811,99.02621
mountain_left
IMG_20241017_123013.jpg,mountain_left,199.54404,631.5124,-91.010345,189.21135,628.8628,-111.708374,188.44408,627.5086,-111.68773,187.77821,626.0907,-111.69058,189.16019,629.0422,-82.18838,188.41212,627.87335,-82.22475,187.77927,626.64984,-82.246,186.15056,611.0097,-164.33905,187.21565,613.168,-30.239334,205.97284,625.83484,-107.67845,205.59293,626.223,-68.400696,213.30844,585.21326,-238.5651,219.45752,593.01733,61.82972,207.2952,663.6381,-315.9372,218.55978,669.3365,79.32829,201.36823,749.4515,-321.12042,210.69492,743.9075,1.9507159,195.89474,770.9209,-365.00458,204.78705,758.17285,1.2885243,191.81569,770.83215,-339.55573,202.93936,760.4116,-34.453213,195.11378,763.9922,-312.9331,206.21396,756.37366,-16.543068,331.07556,571.9139,-97.56467,332.6055,581.8397,97.52452,386.2209,645.59247,-169.592,294.51367,662.67255,99.73847,515.62256,707.5294,-157.19441,335.33368,743.95404,154.93478,535.46075,707.25635,-159.5107,357.18863,754.7129,157.26883,514.8509,760.3133,-229.9851,307.568,776.7118,124.47937
mountain_left
IMG_20241017_123014.jpg,mountain_left,199.50244,629.2981,-39.49119,188.71277,627.2305,-58.737602,188.09053,625.94867,-58.733578,187.54102,624.5988,-58.736973,188.75174,627.2284,-28.726772,188.26003,626.01276,-28.754608,187.86494,624.73315,-28.766459,186.58627,610.18536,-110.135185,188.14354,611.83636,26.979961,206.39638,623.70233,-56.203106,206.29298,623.8722,-16.17582,212.10582,586.3446,-188.10895,224.32504,594.3469,114.91086,207.12024,663.91724,-263.713,218.1348,669.59436,139.77478,201.10461,751.9232,-263.58548,213.53957,746.2004,65.16696,193.4673,771.244,-303.8578,206.81973,757.5239,66.57913,189.01823,771.7089,-276.13696,204.54362,759.53516,30.844862,192.78874,765.4148,-254.1722,207.83144,756.40204,46.843735,331.11542,570.3049,-97.55381,337.76547,580.3472,97.479904,372.39267,643.0871,-200.88136,297.478,663.26605,86.35057,510.99887,705.56055,-214.45825,334.2976,741.34204,95.81748,534.4628,705.5322,-218.4336,357.94052,753.8101,94.26444,514.7187,755.3771,-288.0671,302.66187,777.0101,56.871487
mountain_left
IMG_20241017_123014~2.jpg,mountain_left,195.73338,628.8393,-35.51602,184.64772,626.167,-54.08631,184.1444,624.95825,-54.107624,183.71347,623.6728,-54.120304,184.85191,626.23486,-26.084904,184.57861,625.1588,-26.113081,184.35654,624.02313,-26.116547,183.87299,609.6049,-104.30154,185.39484,611.52167,22.917488,203.12865,623.52936,-51.67892,202.96886,623.91675,-14.402608,209.23541,587.5017,-176.7514,220.68361,593.64874,104.60086,206.53624,664.34357,-247.22505,220.0314,668.3196,128.56644,200.32928,750.38965,-242.69507,212.3621,742.608,55.997356,194.37291,769.7512,-280.77628,204.17397,754.0365,56.711357,190.07742,770.1084,-253.89735,202.35638,757.3607,22.42527,192.886,763.82935,-233.30453,205.9491,754.14923,38.524673,328.13394,568.5057,-88.626724,334.62274,578.9972,88.62748,384.61734,639.1021,-203.50458,309.44482,658.3972,55.115376,510.48447,705.639,-233.43697,335.26086,742.048,39.41475,530.52905,705.9161,-239.03455,376.1807,755.1493,35.41999,480.26068,741.8561,-307.33923,304.24988,776.7702,-5.165731
mountain_left
IMG_20241017_130013_DRO.jpg,mountain_left,179.64226,427.45694,-121.067924,170.79384,420.4186,-142.80658,170.91133,418.191,-142.7866,171.03642,415.69818,-142.77881,169.98802,423.27533,-110.12708,169.48567,423.13477,-110.14522,168.90785,422.81833,-110.15343,176.08098,401.99765,-179.12024,172.76624,409.34094,-30.63066,191.43718,423.96097,-128.72899,190.3921,427.63367,-85.640144,225.76875,400.2419,-243.69536,226.0207,402.939,101.8431,238.31209,485.10007,-305.84634,238.00185,478.18936,148.77,228.09167,571.5293,-310.37857,238.20792,551.3972,87.783226,210.89755,579.49963,-349.96027,223.54077,557.1171,93.631485,206.67607,577.2451,-322.1672,219.63834,558.59735,53.81929,212.63237,574.68176,-299.15204,225.54596,558.0751,69.15589,345.10287,429.9218,-109.54675,351.77124,438.7675,109.38499,247.77072,455.6955,-131.96323,432.49698,513.9887,166.37592,321.77917,538.3583,-59.034103,543.34973,517.81995,251.28915,345.73022,546.7038,-52.458252,566.19037,515.1125,259.55325,297.2398,583.21045,-81.6052,539.5552,561.7549,217.68408
mountain_left
IMG_20241017_130014_DRO (1).jpg,mountain_left,176.57466,432.99417,-122.634415,167.68826,426.82986,-146.6112,167.79016,425.0464,-146.56853,167.81024,423.03525,-146.56015,166.75374,428.30206,-110.95127,166.16374,427.68048,-110.96087,165.46257,426.8918,-110.96327,172.14482,408.88504,-197.71317,169.50888,414.08392,-35.975002,187.36858,430.33878,-136.5911,186.58218,432.23294,-89.67911,223.89458,408.59656,-264.00726,218.60747,400.82303,89.319244,234.58736,494.4385,-327.59378,228.75502,472.18976,134.39845,225.9247,574.8761,-332.2593,236.42618,547.54266,70.32133,207.99687,581.20404,-376.61276,220.49156,552.5397,77.11293,203.50829,578.6213,-346.16696,215.68579,557.27875,33.265217,210.11821,576.70514,-320.64664,222.93048,556.2665,50.400524,341.20184,432.62018,-109.89122,345.63055,438.13766,109.75473,238.25955,457.4447,-149.75189,427.2845,512.47516,172.32817,319.82916,537.22723,-68.0192,540.2828,520.30615,264.33005,338.78815,537.9579,-59.92299,563.71344,517.0309,272.9829,306.57394,570.6444,-81.84919,533.1829,562.9332,232.20195
mountain_left
IMG_20241017_130014_DRO.jpg,mountain_left,178.89194,424.59436,-146.19711,169.87785,416.51526,-168.90556,170.33333,414.45242,-168.86067,170.92299,412.177,-168.84662,168.52849,419.00977,-134.03023,167.90137,418.73816,-134.0647,167.19673,418.3258,-134.06482,179.56184,399.19873,-210.43327,173.68237,405.1344,-52.237778,191.43895,422.08618,-156.31482,189.95464,425.32654,-110.46243,232.4425,405.1151,-275.58795,226.90433,396.57016,78.59346,238.44319,495.37744,-339.62784,234.95654,469.36334,116.93749,225.23904,576.4607,-336.126,237.50935,545.60803,43.501526,208.71733,582.30347,-381.2335,221.93349,553.5088,46.299206,204.9567,579.16895,-350.20166,218.74718,556.5566,1.2842443,210.79799,577.40717,-324.43118,223.41031,556.5886,22.472723,349.56567,429.8027,-110.69913,355.24774,430.26385,110.55501,247.44519,464.70322,-85.45069,434.65616,509.1803,189.37067,329.5467,540.728,27.104126,544.46246,519.00757,282.10278,353.6038,549.0637,37.439682,567.83264,517.1322,291.38013,301.30304,575.84705,19.905205,535.1891,562.3895,252.80724
mountain_left
IMG_20241017_130016_DRO (1).jpg,mountain_left,177.99197,435.259,-111.774704,169.45992,428.90057,-135.3,169.57066,426.864,-135.26279,169.64629,424.61105,-135.25783,168.68942,431.09003,-99.97128,168.1848,430.779,-99.98483,167.53612,430.31744,-99.987206,174.09628,410.40173,-184.75009,171.27246,417.28726,-24.445658,189.0074,431.92438,-125.18712,188.53728,434.34332,-78.70614,226.47221,407.1731,-250.17807,220.30359,406.64636,97.634865,235.091,493.35007,-314.47513,227.7502,476.17755,142.30528,228.23825,575.0917,-319.2344,232.08368,552.14355,74.99735,211.62782,580.84076,-361.77118,216.61488,558.96576,81.23374,207.7739,577.862,-332.35806,214.14818,561.56323,38.319008,213.92319,576.33606,-307.84344,220.84808,560.4777,55.12359,343.76633,432.91052,-107.29071,348.45166,443.62912,107.16046,238.67526,455.8711,-158.46748,431.53625,516.2331,172.1656,321.51004,539.6149,-84.37574,541.9066,519.4541,258.5115,348.29153,544.1084,-77.278015,564.94836,516.7393,266.54187,308.30557,571.89923,-102.9879,534.77075,563.2731,224.50034
mountain_left
IMG_20241017_130016_DRO.jpg,mountain_left,179.13431,435.2784,-111.94537,170.4193,429.26035,-135.54222,170.5264,427.20734,-135.50589,170.51646,424.9004,-135.50363,169.4969,431.74335,-100.33186,168.9234,431.60364,-100.33368,168.21138,431.3307,-100.33358,174.28802,410.57205,-183.31035,171.35382,418.25317,-22.883799,189.58676,431.72546,-124.34064,188.6291,434.5615,-77.84552,225.395,406.43707,-250.92036,220.73808,405.24005,103.350716,238.07463,492.45172,-317.60046,231.48402,478.44943,148.4768,225.97893,572.4608,-323.94653,235.16339,550.94617,82.203705,208.75189,579.6617,-367.88617,219.61705,556.8368,86.91131,204.0217,576.7453,-340.0575,216.25224,558.88617,43.950253,210.57074,574.588,-313.32828,222.3385,558.1449,62.07441,341.6748,432.4507,-112.889626,348.46902,439.94867,112.726746,239.18466,457.6313,-139.61354,429.543,515.86523,164.13084,319.47095,536.409,-53.782593,539.89465,519.98956,247.12152,346.60303,542.6588,-45.35718,561.2798,516.5426,255.19627,304.42496,571.4902,-65.03285,535.65344,562.63525,215.84256
mountain_left
IMG_20241017_131052.jpg,mountain_left,1020.44037,2461.3708,-400.62534,979.7861,2448.5444,-517.6873,977.9525,2444.0437,-517.7156,976.26465,2438.2441,-517.7963,980.794,2446.5217,-375.00653,979.4451,2441.1707,-375.0343,978.0596,2433.8958,-375.03128,984.12494,2377.0833,-803.1271,981.1579,2371.0322,-160.94844,1055.5433,2436.2646,-479.75488,1057.454,2434.5393,-293.43683,1195.8386,2288.058,-1075.7878,1156.254,2218.3655,338.98056,1220.0684,2676.4158,-1260.3121,1211.9596,2522.2542,586.1785,1140.2507,3026.883,-1118.7646,1179.9963,2767.1816,391.18106,1075.4087,3063.591,-1281.2688,1129.135,2788.541,405.18488,1057.555,3042.4287,-1172.5714,1115.683,2799.073,265.9011,1082.5837,3028.3245,-1073.617,1134.0076,2798.0386,328.24622,1747.1282,2427.6995,-425.72794,1729.3792,2360.0354,425.45218,1599.1808,2886.7961,-90.71256,2094.8394,2572.5103,899.79144,2091.7632,2747.3723,631.768,2488.1243,2636.3408,1440.3071,2153.5095,2691.8003,721.80035,2573.3198,2637.415,1502.2773,2081.8586,2908.5183,899.2365,2441.6863,2816.9707,1547.9436
mountain_left
IMG_20241017_131054.jpg,mountain_left,1152.7212,2470.454,-699.5554,1107.8613,2469.8503,-817.8552,1104.9253,2464.625,-818.08124,1101.3536,2458.6265,-818.33295,1105.6078,2473.2944,-665.1147,1101.8901,2470.9539,-664.91595,1098.3862,2467.6912,-664.8748,1088.6484,2398.9019,-1093.5137,1084.3468,2401.918,-395.5983,1177.179,2432.4497,-769.49164,1173.6626,2437.9946,-566.66974,1224.5691,2216.8948,-1358.6956,1239.3298,2152.6482,118.61159,1247.4545,2632.5112,-1607.968,1260.7689,2473.9202,252.8876,1161.9192,3017.5474,-1619.8463,1176.2524,2776.9734,16.47321,1094.3339,3058.3662,-1837.4299,1137.4142,2790.9465,19.834345,1073.5336,3027.9714,-1742.3042,1121.1929,2808.6897,-137.04012,1099.012,3015.9045,-1588.498,1138.6471,2803.3289,-58.61272,1792.1144,2318.9062,-481.71933,1768.7556,2322.6782,481.88586,2081.8313,2667.4927,-183.62157,2091.5935,2570.2488,922.50165,2535.5916,2686.753,292.2733,2484.308,2664.3154,1559.7601,2627.891,2660.1902,337.61795,2568.875,2643.034,1622.2919,2517.7773,2878.1687,158.98868,2481.6187,2829.9202,1472.757
mountain_left
IMG_20241017_131930.jpg,mountain_left,1049.1244,2190.5593,-80.0421,1019.06903,2157.3022,-158.92342,1019.6489,2152.1663,-159.01083,1020.5533,2146.0803,-158.98085,1020.9319,2156.2021,-46.12742,1022.5511,2150.961,-46.06788,1024.3674,2145.208,-45.96777,1058.4695,2100.4983,-367.28918,1057.2264,2104.6743,144.45724,1086.3278,2189.0613,-145.58249,1088.432,2189.0083,3.4838288,1210.0745,2120.4282,-692.75146,1258.9586,2062.8762,540.4447,1167.8813,2417.0542,-927.15796,1340.3877,2266.0093,761.4205,1105.5552,2703.4617,-785.9837,1361.149,2482.311,652.9787,1085.7866,2756.3733,-904.3108,1352.5394,2502.6648,686.95233,1076.9235,2750.4866,-798.4025,1341.9357,2513.2,570.04486,1087.5127,2735.2446,-739.60785,1345.3064,2508.4268,600.7385,1652.2991,2242.173,-368.272,1669.753,2224.2395,367.90704,1314.4291,2444.8022,-176.236,1665.8004,2566.146,440.6367,1531.9287,2653.5483,209.84828,2075.2358,2537.7234,679.796,1609.6462,2696.534,253.75821,2148.2305,2490.2559,706.9061,1441.0999,2788.4265,297.65927,2130.792,2685.4172,733.1182
mountain_left
IMG_20241017_131931.jpg,mountain_left,1047.8003,2198.5278,-134.94702,1016.8308,2165.3887,-210.59767,1018.0095,2159.3228,-210.61919,1019.5288,2152.125,-210.58714,1016.5604,2166.5955,-94.23308,1017.23724,2162.123,-94.192665,1018.046,2156.7493,-94.158264,1056.4342,2105.5234,-400.21375,1050.2885,2114.3567,123.49507,1088.3088,2194.9177,-194.34952,1088.5802,2197.2913,-42.101295,1221.307,2116.5178,-713.0089,1240.3613,2089.457,523.8316,1171.2195,2400.4595,-906.3492,1246.7391,2347.5994,637.4024,1099.9171,2693.273,-778.19135,1136.7709,2619.831,352.65442,1078.4172,2746.5698,-911.15375,1108.2915,2675.1367,363.78842,1068.8086,2744.0947,-802.23047,1098.7682,2682.8188,234.22862,1080.0303,2728.4167,-731.9935,1112.3091,2679.2668,290.10367,1661.6718,2245.597,-369.26868,1654.9595,2247.0703,369.167,1298.3032,2424.8525,-277.63123,1694.585,2600.7878,401.45065,1513.2244,2661.0486,288.36334,2067.4744,2543.6672,827.79675,1590.1324,2707.2275,348.03467,2134.0437,2494.7864,873.71674,1388.8362,2784.206,400.2454,2132.7512,2687.4927,881.76807
mountain_left
IMG_20241017_131933.jpg,mountain_left,1053.1815,2202.1733,-198.36578,1024.0542,2168.4014,-278.64322,1025.3597,2162.0903,-278.67273,1027.131,2154.6846,-278.65118,1023.0928,2170.0073,-164.26045,1023.3871,2166.0032,-164.27591,1023.95026,2161.4282,-164.24474,1066.224,2103.3257,-470.3314,1057.2059,2115.9844,48.095024,1096.327,2197.2627,-254.24722,1093.3708,2200.2847,-103.69598,1223.0002,2117.353,-767.52295,1236.6077,2082.9001,471.70605,1176.9535,2430.2202,-950.6755,1296.7516,2316.1108,637.9045,1104.0122,2695.6682,-784.06415,1308.395,2549.0793,417.75183,1080.7155,2749.3855,-908.2047,1292.8832,2571.5383,445.10086,1073.3544,2747.0825,-793.93085,1284.1582,2582.8267,317.98077,1086.2325,2733.0269,-734.35803,1290.7728,2579.262,359.72073,1685.6,2234.9504,-373.5116,1656.3616,2244.209,373.26157,1296.1206,2387.81,-311.306,1695.8903,2587.7395,470.57538,1524.8197,2661.1567,171.13063,2077.6655,2536.9993,890.415,1601.0293,2712.9312,222.43626,2141.299,2484.1755,936.7951,1404.6167,2786.8901,263.87573,2143.1863,2671.8206,967.2689
mountain_left
IMG_6435.jpg,mountain_left,839.9362,2362.6074,-533.6747,797.5627,2359.3308,-636.33435,793.3167,2354.5962,-636.3177,788.5249,2349.7556,-636.3954,797.3978,2360.0154,-498.52374,793.283,2355.5603,-498.55243,788.8163,2351.1138,-498.6752,772.79,2298.735,-872.75854,775.9516,2299.9539,-241.1716,857.7226,2332.8164,-604.1383,854.8075,2335.022,-419.43622,864.1066,2187.8044,-1157.6198,917.87305,2172.7231,194.65837,805.9363,2498.967,-1577.6993,896.84247,2446.4275,427.99396,727.0238,2777.4387,-1581.606,836.63605,2638.3506,155.54178,649.42175,2812.6626,-1767.9313,776.75525,2697.127,153.12787,647.6501,2797.5244,-1681.6425,752.6201,2672.7932,14.36504,680.7088,2785.696,-1559.1799,782.3276,2676.0222,82.39481,1445.59,2193.9534,-439.82498,1378.3585,2225.346,439.4278,1823.7427,2466.5828,-410.75412,1112.0387,2435.2654,734.61707,2264.4211,2553.6633,-195.25066,1513.6141,2531.5688,1306.1488,2335.6262,2498.493,-185.64346,1593.938,2500.6006,1347.1295,2364.2021,2726.3618,-518.7783,1492.0354,2719.1125,1246.5798
mountain_left
IMG_6436.jpg,mountain_left,843.03156,2361.946,-459.6528,798.9847,2358.722,-566.29156,794.64954,2354.477,-566.2986,789.7455,2350.0554,-566.358,798.9027,2358.2617,-422.51822,794.80615,2353.5854,-422.50555,790.53864,2349.3472,-422.62595,771.13513,2301.4758,-816.02277,774.50543,2300.8752,-157.26375,856.3363,2333.444,-534.5534,854.29956,2334.3005,-342.03894,854.4369,2185.328,-1116.4171,913.96497,2167.5667,294.26624,806.27234,2497.8777,-1535.2034,914.2779,2413.483,597.0545,724.5874,2777.7615,-1509.8254,848.9272,2604.2424,372.29153,648.4922,2817.361,-1697.2379,792.3513,2621.881,381.39194,644.71246,2802.1624,-1605.6146,788.98944,2630.4648,242.21803,679.4845,2785.424,-1483.8706,806.682,2638.5442,301.19794,1445.0651,2198.1768,-454.1015,1372.9822,2231.7612,453.79617,1826.3391,2467.5898,-409.52805,1121.7153,2425.2793,899.0755,2265.7632,2553.2537,-206.00343,1518.2793,2528.5261,1540.8634,2327.7563,2495.0364,-195.09274,1601.347,2505.357,1587.7979,2381.119,2731.3057,-520.00616,1491.9005,2712.5173,1492.0604
mountain_left
IMG_6443.jpg,mountain_left,1349.6768,2250.8337,-85.58606,1313.4603,2227.9766,-170.0396,1311.7194,2223.9407,-169.91911,1309.9081,2219.4297,-169.80232,1314.5378,2224.7002,-40.188396,1313.9159,2218.6409,-40.07855,1313.2881,2211.501,-40.060577,1322.3257,2172.0098,-383.79013,1323.0533,2161.4067,205.92058,1377.5477,2237.905,-151.78586,1378.1844,2234.3518,18.807144,1460.5563,2152.3777,-704.1348,1486.8896,2089.4553,602.74115,1425.3003,2445.1384,-1087.5623,1447.538,2365.1091,814.2286,1362.3684,2733.7346,-1046.2821,1402.2102,2596.875,507.2033,1292.949,2756.3079,-1194.4407,1327.3978,2609.0015,521.8479,1281.8005,2740.658,-1091.8867,1324.7601,2619.0098,360.38748,1310.0193,2733.0176,-1007.8416,1350.2229,2623.6233,429.97668,1996.6344,2110.125,-423.07166,2029.3059,2081.361,422.93655,1749.5867,2402.616,-408.30386,2372.2744,2309.7852,467.55756,2148.1404,2548.6582,-27.187435,2779.8364,2421.8718,520.167,2236.391,2546.4688,6.3998923,2863.6143,2384.1616,516.3927,2086.2026,2685.9282,-81.642654,2812.3452,2611.9175,300.62692
mountain_left
IMG_6444.jpg,mountain_left,1348.3346,2238.551,-47.27763,1310.9303,2213.981,-126.157616,1308.9624,2208.5999,-126.089226,1307.0348,2202.3467,-126.014595,1313.2892,2212.7695,-3.769257,1313.0889,2206.9556,-3.6818886,1312.8652,2199.8342,-3.6802583,1322.1593,2149.0222,-322.5482,1323.702,2146.1528,231.0662,1379.7783,2222.5242,-107.33655,1384.0957,2222.9272,53.1098,1460.0793,2128.359,-630.2951,1505.0065,2084.1128,604.6724,1424.978,2431.4062,-998.3688,1460.9178,2361.2417,784.2436,1359.7799,2716.3333,-952.87317,1413.0815,2575.2341,472.83585,1287.9353,2748.5203,-1082.7227,1341.3618,2577.4897,481.80133,1276.5731,2735.8184,-987.2033,1336.0334,2583.3074,334.86063,1304.7123,2725.3828,-915.0701,1363.992,2595.338,400.01056,1993.4661,2109.8237,-388.77298,2037.267,2099.1748,388.66898,1747.834,2399.7234,-401.1354,2392.9993,2313.646,440.08722,2139.1655,2547.5676,-83.19725,2795.826,2441.3528,507.45593,2230.3438,2549.9565,-57.897755,2890.5151,2407.3877,504.3813,2072.4744,2675.1885,-172.6747,2810.7139,2595.4746,280.84976
mountain_left
IMG_6447.jpg,mountain_left,1261.9723,2225.2202,-474.9406,1221.2268,2195.8396,-563.2607,1220.8771,2190.9246,-563.3749,1220.9764,2185.685,-563.5704,1222.0632,2195.0232,-439.34747,1222.1938,2189.639,-439.44354,1222.8501,2183.6636,-439.51968,1243.2236,2136.5237,-741.1606,1244.2614,2132.7688,-175.8631,1298.9934,2214.1326,-524.3771,1298.8828,2212.977,-359.18506,1364.1545,2157.0442,-1037.8723,1413.6627,2087.2056,295.57907,1305.4292,2471.2769,-1411.1162,1374.0079,2355.5017,505.01508,1228.8204,2734.862,-1394.2361,1271.3566,2580.438,217.69194,1156.8768,2762.8867,-1586.5532,1202.0195,2578.4702,220.65674,1146.2933,2743.6729,-1494.1311,1199.3453,2581.1306,81.33289,1167.4662,2736.6707,-1369.9812,1224.4625,2588.3245,145.75443,1955.819,2133.209,-412.3941,1902.0425,2098.3552,411.7671,2274.3638,2328.0928,-247.31548,1515.3448,2225.0032,847.77136,2668.939,2452.887,43.480495,1755.7036,2519.8223,1345.5001,2761.2732,2430.7021,54.027325,1841.5934,2544.5823,1380.1973,2620.6035,2609.515,-272.91443,1713.8871,2575.5254,1304.837
mountain_left
IMG_6448.jpg,mountain_left,1231.4814,2204.8772,-499.84244,1198.3436,2174.1157,-587.9122,1198.7632,2169.0615,-588.05304,1199.2085,2163.4604,-588.29663,1199.45,2173.3608,-465.55762,1200.7845,2168.3335,-465.64282,1202.0911,2162.6738,-465.7224,1227.7806,2115.8298,-754.5526,1226.1573,2115.7285,-198.61365,1273.0608,2194.9414,-543.468,1272.2775,2192.7905,-381.26163,1375.9604,2153.6777,-1046.3112,1405.0378,2076.574,288.67676,1308.7177,2467.507,-1376.5302,1336.5746,2346.6282,463.72177,1224.6865,2735.2605,-1349.8368,1268.7957,2571.991,154.64397,1147.6544,2763.8635,-1547.5403,1199.0568,2572.3093,152.28151,1137.0135,2742.6208,-1451.5575,1196.5497,2579.9856,12.026516,1161.1947,2735.8262,-1324.3583,1221.8926,2588.124,82.08817,1962.5487,2139.1287,-398.04922,1913.3032,2093.3892,397.33282,2286.258,2340.5168,-185.36827,1524.8553,2199.5642,868.2976,2678.088,2466.2498,177.02792,1761.5178,2516.8384,1353.3481,2774.6567,2455.912,197.34196,1842.6538,2545.614,1389.2166,2613.8838,2616.7231,-94.13948,1710.6636,2593.1587,1326.9493
mountain_left
WhatsApp Image 2024-10-18 at 10.39.02_3280a74b.jpg,mountain_left,241.58212,520.539,-48.22002,232.91248,510.56186,-73.39239,233.24153,509.46323,-73.407455,233.58731,508.18268,-73.4314,233.19305,510.01263,-38.68209,233.68839,508.6802,-38.621212,234.13692,507.2382,-38.606186,243.8034,497.10938,-129.3653,243.05417,497.5546,27.720158,251.80594,519.8833,-63.70491,252.026,519.099,-18.049158,285.59818,514.17456,-210.52092,304.7182,493.7412,155.07771,292.7623,601.91595,-241.01573,305.10245,586.99805,189.00931,282.67935,680.639,-195.95416,304.9515,652.4155,125.65749,282.46707,700.7164,-233.12259,296.77304,668.1805,129.35732,280.62695,703.1097,-205.63385,294.05365,669.59204,93.49262,281.87067,696.4963,-184.05202,301.22067,666.149,108.39352,411.41718,542.4474,-119.88345,414.05548,537.9054,119.68317,308.7892,578.12036,0.41743734,423.7904,647.6907,169.30263,324.6599,673.65076,150.63148,518.4486,651.9416,330.18378,341.57043,694.5492,165.8643,510.93634,668.7649,348.5112,285.2038,708.77924,160.44751,511.4626,686.20795,334.9878
mountain_left
WhatsApp Image 2024-10-18 at 10.39.03_d9f0ea1b.jpg,mountain_left,232.2948,515.1118,-66.10188,225.64145,504.7408,-91.12314,226.10889,503.61304,-91.11868,226.63998,502.4374,-91.08637,225.81853,504.38702,-56.5519,226.37657,503.0908,-56.542645,226.96347,501.69955,-56.548756,237.86911,493.22787,-150.05902,236.98853,492.4898,6.089332,244.69174,516.2251,-82.649574,244.86555,515.4954,-37.393127,282.82492,515.67645,-232.77922,294.65048,487.62216,134.3506,293.24292,600.0724,-259.06482,304.1952,575.4945,168.35788,288.1574,676.30383,-210.84174,312.55338,647.4432,95.10799,285.0699,696.48846,-246.75494,311.87155,660.22473,99.22254,282.9451,698.7684,-219.25594,309.89258,665.79724,58.168465,286.09402,691.5616,-198.58205,311.28818,661.6759,76.05302,407.1235,548.09515,-116.23506,411.45105,538.7146,116.03977,315.27985,583.89014,21.093496,452.72037,638.74554,174.4482,325.71347,674.0396,192.47806,558.90735,645.7191,304.72638,341.45273,687.745,207.90135,585.21387,643.14026,318.56137,279.4119,714.78595,197.45468,553.8683,685.2542,292.71347
mountain_left
WhatsApp Image 2024-10-18 at 10.39.28_df5798b3.jpg,mountain_left,315.04034,435.52078,69.581,314.98846,423.08734,40.94549,316.0852,422.30237,41.02805,317.0156,421.76553,41.014767,314.57007,422.6864,77.973045,315.34076,421.64117,77.986984,316.31085,420.73517,78.00993,329.45493,420.56516,-29.387003,330.285,419.43726,134.73523,323.7255,442.7734,50.641422,322.81628,441.43466,97.83278,363.5376,464.35803,-123.7908,372.46072,455.8701,243.23172,318.72327,548.0602,-80.81522,344.63257,526.47955,262.69348,317.0485,486.12933,134.3329,321.19495,480.10928,239.48494,309.42004,467.7361,148.6269,316.05893,461.96237,245.47845,321.2455,462.7382,142.49284,323.9412,457.13818,257.6281,325.01428,467.46277,140.72116,328.2017,462.25476,241.151,405.0883,605.4516,-129.56436,404.77478,603.5204,129.57736,278.01324,622.8304,-68.80459,426.4569,720.02924,77.36695,311.3723,745.1807,-7.321917,539.83386,713.2693,51.10402,331.38248,766.1576,-2.9832306,567.9948,705.2121,49.90091,257.32483,775.3936,-16.395382,543.7489,750.9866,48.427708
mountain_left
WhatsApp Image 2024-10-22 at 12.29.36_85e8f8da.jpg,mountain_left,782.1355,767.3599,-96.136154,792.3308,754.4959,-79.17144,791.7289,753.20435,-79.22267,791.05,751.70593,-79.25968,792.414,751.9781,-124.477646,791.8469,748.84283,-124.529045,791.1122,745.5303,-124.60353,776.0215,733.1279,31.200722,775.9383,728.05475,-172.88719,765.0606,769.20667,-49.37641,764.8719,765.5659,-109.61841,679.3799,757.07324,210.79152,715.0198,742.77185,-293.4896,684.4292,871.394,271.08844,749.91455,868.3295,-403.4405,706.7977,969.57056,181.61685,778.38696,982.7285,-421.1339,733.0911,969.4789,190.07191,811.81,993.5749,-492.4487,741.97406,971.73553,130.5991,812.69727,989.4793,-446.51877,733.957,973.50616,153.54875,798.13696,987.09564,-406.90308,499.25623,796.7997,151.04541,478.53943,777.6379,-150.91231,534.97705,943.2474,119.38683,320.52493,846.8895,-170.28464,379.7259,925.36194,259.11508,159.7712,928.3294,-131.33676,347.36545,907.2118,269.1567,128.4569,928.64716,-136.35638,364.97537,988.0841,212.70358,164.47984,999.2739,-285.73605
mountain_left
WhatsApp Image 2024-10-22 at 12.29.37_12a3665f.jpg,mountain_left,792.03357,770.4669,-95.36901,802.201,754.8784,-81.79987,801.5333,752.80347,-81.85757,800.8104,750.5874,-81.88002,802.2726,753.8037,-125.84799,801.677,751.2577,-125.874084,800.973,748.6985,-125.952415,785.3158,731.15656,17.715044,787.50085,734.68964,-181.7624,775.39514,772.10596,-52.00121,775.2571,769.3714,-110.804375,691.7749,741.28186,192.49974,730.234,749.70056,-298.8116,699.42664,869.2127,236.80252,761.94446,874.0199,-396.13693,717.97235,972.62665,130.44493,791.94934,989.6101,-399.91846,738.6936,974.7162,135.2377,824.98,1000.30994,-471.35535,746.1564,977.2635,76.58479,825.73926,995.98047,-427.06488,741.9879,978.8108,102.70654,810.96826,993.7601,-385.9673,503.0492,786.2375,148.4162,494.43768,784.7827,-148.32826,547.3664,943.45514,141.78287,331.42786,849.20935,-153.7358,389.98697,928.791,296.00867,177.23227,931.64624,-86.20499,361.17603,911.1622,308.1197,144.64568,936.95996,-87.36765,375.82007,992.0388,258.2461,183.87975,1001.05334,-220.05891
mountain_left
WhatsApp Image 2024-10-22 at 12.29.37_bf348460.jpg,mountain_left,794.4187,769.7672,-81.42639,803.8574,754.33844,-65.861885,803.03546,752.54,-65.910675,802.13257,750.6676,-65.92765,804.1753,753.04626,-110.497795,803.5698,750.6304,-110.5373,802.79974,748.2165,-110.616295,786.2469,733.12744,38.454002,788.0849,734.93665,-163.05591,777.61633,772.12415,-36.941734,777.97266,769.32837,-96.44221,690.9924,757.0819,213.6862,731.82684,745.6085,-287.52927,700.93304,877.1506,264.94473,766.0628,870.4638,-391.55115,719.7776,978.7843,167.53455,794.03644,987.26385,-406.26562,740.4513,982.3146,174.74391,827.48883,999.82556,-478.13046,748.4663,984.12683,114.05212,827.9429,996.1081,-433.2982,743.4193,984.7545,139.35971,812.0192,993.55035,-392.105,508.26697,792.7927,150.50977,492.9265,779.4532,-150.38643,548.0081,943.48694,121.07499,332.4871,848.3977,-171.84094,388.52924,930.9986,247.73303,174.62743,933.6913,-136.43576,357.74924,913.9471,256.4788,142.47974,935.7746,-141.34882,375.3967,992.7463,200.78467,186.3452,1003.6743,-282.63312
mountain_left
WhatsApp Image 2024-10-22 at 12.29.37_c89848de.jpg,mountain_left,793.3722,765.15314,-101.11609,802.85144,752.11536,-85.86911,802.2359,750.9684,-85.91335,801.4494,749.6279,-85.9507,802.9224,749.8247,-128.28345,802.37683,747.05786,-128.32024,801.57886,744.0589,-128.39426,785.80066,733.2678,21.849632,785.4429,728.20374,-170.65526,777.0938,768.16254,-55.220707,776.3515,764.7155,-112.16374,690.8703,760.6275,194.98822,724.95935,745.749,-283.50946,701.9174,874.98346,252.59158,757.4392,871.272,-386.5278,723.3874,972.78735,164.98726,790.3727,989.2516,-417.0475,753.38916,972.53143,172.3415,822.8184,998.07556,-490.34064,763.28015,975.08716,112.389854,823.3735,994.0792,-443.0704,753.3532,976.96533,137.32143,810.7346,991.9715,-403.08984,510.58112,799.8548,141.83423,487.7813,774.1046,-141.74481,545.40845,941.8175,74.73484,328.93982,846.2763,-178.1395,393.26862,933.34467,220.50534,169.47176,930.54694,-135.2219,361.09308,911.4979,231.76823,136.60754,933.4201,-139.43224,374.56284,992.99133,171.611,177.75153,1001.74927,-290.23944
mountain_left
WhatsApp Image 2024-10-22 at 12.29.38_e0377a09.jpg,mountain_left,785.9704,766.2701,-90.23844,795.33093,753.39954,-73.98966,794.6398,751.9489,-74.02682,793.85236,750.3189,-74.05185,795.72577,751.4328,-116.649605,795.32245,748.8075,-116.688934,794.7393,745.9984,-116.778366,779.3916,732.7087,34.854282,780.8611,730.25995,-157.93431,769.86084,767.67566,-44.138897,769.8098,765.16406,-101.13632,686.066,755.2489,215.22487,723.8816,744.65356,-282.08157,697.2571,871.8855,270.93613,755.1923,869.61334,-387.44525,719.88367,973.9493,179.71005,784.37683,986.1166,-409.9453,748.549,976.931,188.70897,815.0456,997.3581,-481.5782,759.0746,979.49036,127.162,815.36707,994.1962,-435.4374,749.0989,980.44037,151.11069,803.0522,992.1771,-395.46902,502.07034,791.60547,148.25868,487.8993,776.02014,-148.14572,541.875,940.54504,107.991745,327.0702,845.3456,-174.27539,383.4066,930.6876,231.81947,168.47011,932.32935,-144.52332,355.41287,914.9395,240.27956,137.0397,936.89954,-149.98521,370.5452,993.9661,182.43356,179.00645,1001.4844,-292.2814
mountain_left
WhatsApp Image 2024-10-22 at 12.29.38_ee5068af.jpg,mountain_left,787.0862,766.30334,-86.21642,796.33813,753.24634,-70.96554,795.6069,751.6943,-70.99764,794.76434,749.95483,-71.0158,796.791,751.656,-114.226074,796.39716,749.2256,-114.26776,795.8066,746.66315,-114.35475,780.4508,732.51953,35.50139,782.39044,731.9913,-160.23245,771.33496,767.8126,-40.665115,771.6064,765.47705,-98.552055,688.86176,753.8657,216.75052,727.63367,746.84265,-284.11023,699.9947,871.71326,273.9912,759.2912,872.06024,-388.32663,720.1803,974.5795,185.7782,788.71545,988.7546,-406.6467,747.3081,977.6564,196.10742,821.7746,999.5429,-477.819,758.2363,979.9923,134.53442,822.1987,996.23804,-430.31784,749.0926,981.11395,157.32405,808.45325,994.1874,-391.58252,505.0489,793.6372,149.16034,488.77292,775.36255,-149.05281,543.6498,940.39844,104.030304,329.63107,845.45935,-170.8002,387.47235,933.078,230.1481,169.98874,933.0398,-143.93376,358.39447,917.9647,239.11664,137.89702,936.44666,-150.01408,373.85303,995.00854,180.59525,181.21634,1002.50854,-295.6998
mountain_left
WhatsApp Image 2024-10-22 at 12.29.39_12785efd.jpg,mountain_left,116.03328,790.27216,104.4643,104.172935,777.70575,76.657005,104.20063,776.47546,76.67117,104.11623,775.23346,76.72599,106.08719,776.8141,123.58571,107.645935,775.04443,123.55462,109.23257,773.1157,123.5681,113.86717,760.60236,5.9613523,121.8312,757.537,217.83212,129.09242,788.973,83.87495,131.57361,787.9103,145.06642,170.14401,772.5158,-141.21997,225.53093,749.35724,354.9807,135.1718,908.5719,-275.75317,199.16315,891.1267,397.3668,80.40241,1027.3744,-231.54619,172.42126,1007.1708,292.8181,52.57347,1041.4332,-280.35254,153.58821,1011.1532,305.20926,52.03483,1036.6052,-224.81844,147.36348,1014.53375,246.19687,67.005875,1032.0001,-209.00233,150.70901,1014.84125,266.07947,380.09973,820.7403,-155.50829,421.55878,797.68805,155.28207,339.68954,986.2023,-145.79892,567.76746,877.33716,176.47206,528.3104,962.32983,20.054848,731.69366,968.6653,188.37846,562.76324,946.0171,41.35372,772.76685,977.6153,189.43546,541.9517,1036.889,76.564644,704.96655,1027.3467,130.68523
mountain_left
WhatsApp Image 2024-10-22 at 12.29.39_bcf6d2cc.jpg,mountain_left,132.38354,800.47974,82.38954,117.985756,788.7768,54.49133,117.75075,787.21796,54.524345,117.43661,785.6949,54.587734,119.434975,788.28516,104.35727,120.43679,786.3887,104.32839,121.4576,784.36914,104.36175,125.07457,769.13934,-18.228264,132.17416,765.8446,206.75671,145.70403,797.1109,60.346558,147.50182,796.6242,125.22237,178.57132,778.08325,-169.60423,232.61107,744.2856,347.17587,148.8485,905.9229,-318.519,215.58911,885.3226,398.665,91.42966,1026.1306,-260.0853,192.64182,1003.4077,285.74414,62.624817,1042.128,-310.35046,171.10965,1005.38324,298.72302,61.892365,1037.8553,-250.56578,166.26062,1008.57263,238.46544,76.46401,1033.1924,-235.83493,169.94418,1009.59015,258.3083,393.1094,815.42456,-160.2287,431.5791,784.3611,160.00688,350.5149,975.87634,-128.24857,572.72974,868.07916,192.00566,532.8193,956.2114,67.15417,737.3737,965.07074,226.78618,568.7889,934.6136,91.55367,776.83905,974.0371,229.83534,544.0147,1026.329,135.27158,718.9613,1024.9927,171.05634
mountain_left
WhatsApp Image 2024-10-22 at 12.29.39_eb1c972e.jpg,mountain_left,122.35193,789.511,120.146126,109.77582,776.6671,92.14539,109.80918,775.298,92.16871,109.68126,773.91406,92.223274,111.54839,775.75085,138.33575,113.003426,773.7523,138.28847,114.39915,771.6542,138.2846,118.74627,759.4986,20.565657,126.4254,755.9284,228.7514,135.99158,787.8783,99.31852,138.52206,786.7965,159.50562,176.20393,773.8434,-123.66798,229.64487,747.77826,363.4639,142.84552,909.3403,-254.5376,206.46526,886.991,399.349,86.65504,1031.0509,-210.36824,178.13564,1004.9877,299.46207,59.065075,1041.9834,-258.36035,156.07286,1009.2703,311.0287,58.269165,1037.6572,-203.36487,150.87973,1012.4845,252.27785,73.21011,1034.3496,-188.08057,155.52255,1013.03723,273.00516,386.3091,822.9617,-148.48697,426.6644,795.1798,148.2119,343.1216,986.4358,-110.02231,577.0413,873.33276,169.66269,532.2973,956.10706,73.233505,735.1503,969.2815,188.32913,566.64966,938.9828,96.75277,772.3288,979.4403,190.46428,546.83154,1031.3268,146.6982,714.5037,1032.0203,131.80219
mountain_left
WhatsApp Image 2024-10-22 at 12.29.39_ed846f20.jpg,mountain_left,106.42499,794.9247,110.13009,94.66656,781.24646,80.69674,94.87301,779.3418,80.71789,94.886055,777.2754,80.755455,95.907555,781.3546,127.807014,97.07371,779.5826,127.80676,98.133,777.60706,127.8382,106.087845,760.464,8.719273,112.0552,760.25385,221.70068,120.88342,792.7753,89.79741,123.39532,792.92834,151.5101,160.71985,773.5157,-134.54181,218.05292,749.4956,365.5183,130.00511,910.75653,-267.32404,197.92064,896.6421,404.4448,76.26866,1031.9342,-224.25606,169.06697,1016.7905,307.55533,53.185074,1043.8733,-273.9479,147.61122,1020.1401,319.65817,53.919582,1041.1545,-217.57591,140.67764,1022.5979,263.12958,68.264725,1037.3231,-201.72206,146.09885,1023.083,281.9078,370.19574,826.741,-154.57797,413.17352,799.8599,154.39857,335.79752,994.97076,-138.0845,568.03894,882.7929,174.01573,524.3879,965.17993,32.96984,734.1543,975.422,197.57259,560.04193,945.5877,55.798565,770.4029,984.8889,199.98837,540.6686,1038.985,104.92333,713.84686,1035.1122,135.97885
mountain_left
WhatsApp Image 2024-10-22 at 12.29.40_9207a37c.jpg,mountain_left,124.58253,791.30835,116.60844,111.842224,778.15405,88.14731,111.59265,776.6709,88.18066,111.21506,775.278,88.23091,114.41906,777.61536,132.84912,116.222244,775.67847,132.82812,118.01231,773.7115,132.83281,120.075134,761.12354,18.574709,129.60738,758.6345,220.12291,136.44937,789.4625,97.18866,140.36356,788.4486,155.51276,175.08786,773.0665,-121.45656,232.38054,750.7871,356.91757,143.38843,911.90924,-241.53102,206.05692,891.61,389.14896,90.45041,1033.9088,-195.37563,180.89473,1009.6826,296.47455,63.246605,1041.5603,-242.25089,161.41528,1012.33466,307.80435,62.715282,1037.6873,-188.28688,156.41615,1014.8636,251.33214,77.038994,1035.0869,-173.43768,160.64621,1015.96985,271.26456,384.08035,823.00635,-149.73923,426.45435,795.5018,149.48982,349.1099,991.77356,-130.52367,584.1806,876.5978,171.63469,536.9861,960.69507,39.424267,745.96747,972.5696,194.52194,573.0393,942.01013,62.08803,782.9319,982.0259,197.07411,551.5147,1034.0284,115.15407,724.4308,1032.4639,138.8385
mountain_left
WhatsApp Image 2024-10-22 at 12.29.41_3eb3c93e.jpg,mountain_left,270.05002,894.5655,3.228522,258.84763,888.1781,-22.944193,258.0455,886.20276,-22.899534,257.38873,884.005,-22.900284,259.42343,888.27295,18.396973,259.08102,886.4133,18.410198,258.89163,884.1883,18.435614,260.68408,863.93994,-94.155075,262.4881,865.0715,95.589355,281.45233,886.9354,-19.085655,281.9868,887.0172,35.95152,300.2084,844.8962,-195.24725,319.9308,840.45404,218.53204,290.28326,946.52313,-298.18286,331.23465,943.3259,264.80453,261.55484,1041.5161,-268.8752,319.32095,1020.43896,170.97089,238.72153,1048.0237,-312.95386,285.6185,1010.7783,175.91342,234.61795,1043.6028,-269.61716,280.55103,1019.94507,131.20352,245.25389,1041.906,-252.38248,296.2953,1027.447,149.46156,454.15866,869.90045,-128.62436,478.5363,859.03467,128.6217,377.43555,989.0288,-111.55415,597.4011,930.16785,159.60754,517.7184,989.13306,35.94375,719.6892,994.8352,218.2842,541.7637,974.4689,53.269527,746.3401,997.8794,222.80368,528.094,1042.7267,83.88297,713.0803,1033.8229,160.83191
mountain_left
WhatsApp Image 2024-10-22 at 12.29.41_677887ae.jpg,mountain_left,272.636,896.4702,0.9822397,261.45514,892.22485,-26.129072,260.40726,890.28674,-26.068363,259.42908,888.10693,-26.053455,262.32828,892.27,16.444382,261.96252,890.44464,16.46331,261.64536,888.26227,16.48034,260.36658,868.7933,-100.43141,263.02826,869.6549,94.73995,283.23227,887.81165,-22.369081,284.47253,887.82495,34.151432,296.5662,846.9413,-203.50374,311.6431,839.3408,214.78761,285.36176,947.6632,-300.39355,317.76547,940.92004,254.0694,255.4524,1042.1912,-263.0822,307.15674,1022.11914,149.30008,232.72528,1049.1707,-307.12198,278.58008,1011.3306,151.5145,229.62811,1044.6165,-266.61835,280.78748,1028.2521,106.71611,239.94814,1042.6023,-247.55052,288.03247,1029.2372,127.24414,452.46005,870.74316,-127.35368,475.58478,857.79114,127.323906,375.77957,985.6794,-104.235275,593.20245,927.95746,155.7995,514.2284,988.7446,44.71663,717.439,994.0844,217.91034,543.88495,982.4935,62.005463,746.45966,996.8544,222.39932,520.7179,1043.1447,91.400856,709.43835,1032.6561,158.42842
mountain_left
WhatsApp Image 2024-10-22 at 12.29.41_981ec100.jpg,mountain_left,275.20264,895.4995,-2.3302314,263.48865,889.3036,-29.13703,262.58807,887.38965,-29.07823,261.8244,885.32947,-29.066252,264.21985,889.3008,11.50554,263.85593,887.3253,11.509453,263.6357,885.0424,11.52356,264.2998,866.3327,-99.2318,266.5079,865.9494,86.963104,286.32077,887.4746,-23.871286,287.33612,887.2407,30.132772,303.15915,852.2132,-198.26495,322.96234,838.8858,210.61812,294.0571,950.0426,-296.95444,327.12924,938.0945,256.8667,265.52603,1041.2162,-261.0787,317.85886,1016.468,165.37074,244.90065,1048.6974,-303.93735,289.61197,1007.9145,169.78859,240.99698,1043.2352,-261.6126,285.30826,1016.1282,124.886185,250.58676,1041.454,-244.71107,296.84195,1026.4763,143.92451,458.0134,872.1662,-126.89362,483.05185,856.8405,126.87247,381.40915,988.7466,-105.68632,601.1414,929.2289,156.0855,522.98425,990.6359,39.72727,721.3052,1001.69336,212.22409,545.7655,976.3667,56.8443,750.0848,1002.61847,216.25127,531.9036,1043.3464,93.06218,720.20715,1033.0739,156.42123
mountain_left
WhatsApp Image 2024-10-22 at 12.29.41_f312046a.jpg,mountain_left,290.64404,904.4571,4.33152,277.87408,905.2044,-24.897877,276.43573,903.5986,-24.814358,274.8642,901.79956,-24.793835,278.71255,905.2716,15.2924,277.94247,903.80505,15.327052,277.0691,902.11426,15.342358,267.8778,884.6979,-102.285255,271.04437,884.4616,83.283585,295.3245,892.92444,-18.386139,295.82922,893.508,35.18404,290.5473,853.1908,-199.36343,306.03592,839.56696,200.27914,279.12158,946.2615,-285.92532,308.4771,939.5398,242.85098,250.54118,1038.3116,-251.20706,299.8095,1011.7823,141.5406,230.16379,1045.6824,-293.67056,264.98883,1010.6831,141.92834,227.37364,1041.3726,-257.22742,262.5931,1017.79395,98.04318,235.41719,1039.6083,-237.03842,272.8454,1019.2588,120.0352,451.11853,868.0954,-132.05884,471.11276,851.98816,132.00873,375.09018,984.5812,-114.14222,591.2577,925.03613,155.92198,512.6462,988.96735,33.927513,712.1877,991.96564,219.50613,539.78796,973.5736,52.10671,743.31976,994.01843,224.1086,520.19476,1042.8367,91.75882,703.3986,1038.2151,162.56369
mountain_left
WhatsApp Image 2024-10-22 at 12.29.41_f80b809c.jpg,mountain_left,288.77792,903.3108,7.8314104,275.9621,904.2899,-21.114985,274.46295,902.6703,-21.040285,272.79327,900.84973,-21.022287,276.75006,904.2102,19.120258,275.90125,902.6205,19.145563,274.92072,900.80554,19.160887,265.44952,883.734,-97.713135,268.53064,883.0193,87.5681,293.5333,891.5947,-14.735779,294.15646,891.72394,38.76932,287.88235,857.14954,-194.63452,304.65244,839.5023,203.464,276.29816,948.95386,-279.03873,311.05328,941.16016,242.63171,249.4231,1038.1005,-245.97319,302.42328,1016.1054,140.19145,229.27937,1044.1383,-289.279,272.46417,1013.4332,139.78687,226.80463,1040.3835,-253.46774,270.03833,1020.07355,95.39892,234.85927,1038.9658,-232.20683,281.41595,1022.2251,118.30084,448.14716,867.42004,-129.18016,470.39325,849.06616,129.13893,377.1228,981.40985,-105.094284,592.23663,925.2448,155.50247,512.68384,985.98376,43.753067,711.2574,993.3418,219.14636,540.727,970.6265,61.636482,740.2556,992.52124,223.8735,523.1239,1038.7336,96.8237,704.3009,1035.3502,161.29523
mountain_left
WhatsApp Image 2024-10-22 at 12.29.43_9ba949d8.jpg,mountain_left,237.86407,925.65234,-24.417826,224.302,920.8104,-50.8039,223.28436,918.8504,-50.75362,222.25873,916.74756,-50.731888,225.18309,921.1599,-3.744942,224.90479,919.69354,-3.7344546,224.51817,918.0883,-3.718867,222.70303,898.17554,-117.71236,225.18506,901.4013,96.93115,246.87595,917.658,-45.80229,247.8444,918.37537,16.28799,260.4233,874.9869,-247.452,290.31818,884.144,237.53244,234.19514,974.5868,-405.23782,263.2563,978.1034,303.98804,191.80475,1073.4083,-376.2479,233.21011,1052.9432,172.43344,167.27208,1085.44,-425.40118,213.3149,1061.0952,177.84377,166.68568,1082.6279,-384.0015,209.98203,1063.1709,123.72647,177.63771,1079.518,-359.89417,215.58432,1062.3046,145.17595,448.736,877.3474,-156.32448,460.3539,882.1851,156.26764,374.0223,1011.3799,-148.5561,565.70483,980.1105,194.47298,521.3889,1020.9822,13.787771,704.70526,1022.39624,263.61005,547.5424,1005.52625,30.605371,730.14594,1008.91266,266.85764,512.28894,1079.7621,32.229256,728.63513,1081.8219,200.39487
mountain_left
WhatsApp Image 2024-10-22 at 12.29.43_b010755b.jpg,mountain_left,232.00957,928.09937,-18.006819,218.74353,923.5813,-45.037178,217.78091,921.62994,-44.9899,216.73105,919.4829,-44.96945,219.54149,923.8628,1.3007443,219.29468,922.3507,1.314561,218.8447,920.6494,1.3182873,217.30092,899.78326,-115.18024,219.11557,902.9966,96.25494,241.58118,920.1694,-40.494343,242.40678,920.8361,20.688925,253.7681,876.00165,-240.61955,278.9816,884.75354,234.10182,225.88683,976.6758,-398.56772,253.93695,977.0204,323.99103,184.17317,1076.4473,-375.527,232.0076,1051.5056,227.93056,160.70422,1086.3636,-422.85397,212.7955,1059.8744,237.69324,160.61774,1084.2292,-383.96017,209.18646,1062.0284,188.07664,171.63904,1081.6993,-359.9347,214.39862,1060.9136,203.65785,440.3457,874.94446,-151.05652,451.46875,882.5541,151.04942,367.19504,1012.09424,-161.70786,556.166,977.01086,175.35716,511.78848,1021.8057,-9.987452,695.3931,1021.2448,230.44705,539.0941,1004.7293,7.184823,720.5798,1007.00854,232.54305,511.68118,1080.2317,15.096495,722.82874,1083.3068,166.45694
mountain_left
WhatsApp Image 2024-10-22 at 12.29.43_b561fc55.jpg,mountain_left,236.4386,933.50146,-4.0666,223.00961,930.35486,-31.630114,222.1082,928.66785,-31.582207,221.15547,926.80615,-31.568027,223.64482,930.12244,14.813872,223.31613,928.4796,14.83303,222.85402,926.6662,14.830216,221.26405,908.05536,-105.80513,223.14314,908.97955,105.98294,245.14784,924.55023,-27.872393,245.83983,924.6284,33.290585,254.33817,878.4182,-231.37212,279.9378,881.9684,236.25333,229.01459,977.59326,-375.7908,253.32289,978.9363,299.82086,184.58032,1078.9453,-348.35202,228.5001,1051.3385,177.27298,159.72862,1088.4531,-394.5895,210.16675,1059.5945,180.53412,159.85889,1086.0214,-358.97614,207.28056,1061.1315,130.86006,171.54282,1083.3646,-333.97302,212.13625,1060.3157,152.02254,439.48117,877.42163,-149.90837,451.88098,882.5939,149.89145,366.62158,1013.97186,-127.39805,555.9119,977.40356,167.40215,515.6693,1021.3885,32.240837,696.3667,1022.21216,221.95612,541.33,1004.8233,49.887775,721.7611,1006.3949,223.89023,511.0983,1080.6552,59.92689,723.01245,1081.7688,155.13939
mountain_left
WhatsApp Image 2024-10-22 at 12.29.43_d38f69f2.jpg,mountain_left,237.157,923.265,-13.284731,224.06027,918.39197,-41.052685,223.2885,916.73676,-41.008244,222.56418,914.93787,-40.984,224.41225,918.04846,7.2827835,223.99037,916.4105,7.279105,223.55565,914.66394,7.251595,223.75615,898.16785,-114.3559,225.10602,898.8659,106.20541,246.09218,915.73615,-37.003345,246.85014,915.75934,26.865396,259.97156,868.281,-242.66808,286.2684,877.4878,246.6766,229.7474,967.7095,-419.11887,256.25354,971.3878,357.95328,193.17532,1064.2579,-398.07608,235.21425,1044.3909,286.9837,168.6323,1078.8506,-444.9155,217.36874,1052.5833,303.63986,168.33543,1076.7214,-403.92422,215.41502,1053.6774,253.56412,180.64296,1072.8604,-381.70926,219.83057,1052.2089,263.21005,450.89502,862.8116,-153.23714,464.08612,869.5108,153.2235,377.2215,996.4287,-167.09993,562.35065,964.3878,180.95837,520.125,1016.84656,-25.575275,704.4303,1012.1347,232.27621,548.2868,997.4249,-10.75529,731.778,1002.1449,234.05336,517.8271,1072.6744,-21.58209,722.0137,1076.6389,165.69547
mountain_left
WhatsApp Image 2024-10-22 at 12.29.43_ea8ed151.jpg,mountain_left,237.71582,932.0692,-3.8989673,223.72362,928.5796,-31.515444,222.7362,926.67163,-31.457592,221.64322,924.50653,-31.440254,224.49374,928.28955,14.565636,224.20277,926.43585,14.580048,223.73753,924.3301,14.573842,221.50812,903.5409,-106.705605,223.37074,905.265,103.50865,246.7183,922.99414,-28.17433,247.4667,923.1928,32.52911,256.00616,878.0836,-231.10934,280.28046,881.18097,231.44356,223.93938,979.3446,-366.81635,252.01276,977.62726,286.88803,181.37724,1080.2236,-334.9665,230.32222,1050.35,167.4615,155.32065,1089.452,-381.35437,210.72061,1056.3464,170.04387,155.22981,1086.8138,-342.52878,207.85277,1058.4062,121.12311,167.12439,1084.2776,-319.63675,212.16614,1058.7043,142.68025,437.94055,877.53534,-148.10202,449.7535,881.4143,148.07597,364.08725,1015.3741,-121.04146,552.3925,979.06464,164.32756,513.02423,1021.6678,46.20442,691.4734,1023.2352,225.92863,538.8704,1006.4413,64.97214,717.26025,1007.73706,229.03006,508.83655,1079.5535,78.692764,720.27704,1081.7407,159.84084
mountain_left
WhatsApp Image 2024-10-22 at 12.29.44_1d08192f.jpg,mountain_left,243.66663,936.25476,0.6328685,229.08801,932.26044,-26.667965,228.12273,930.37115,-26.620226,227.0885,928.2208,-26.5997,229.65993,932.28546,20.064072,229.19447,930.63525,20.083107,228.60994,928.7665,20.070425,226.53891,907.848,-101.05414,228.46211,910.2147,112.049355,252.74316,926.8375,-23.336102,253.24922,927.40015,38.21109,258.06152,878.7356,-228.38367,284.7921,887.28973,239.75159,226.70932,973.88116,-375.91418,255.34538,981.5152,300.86874,186.34157,1076.822,-343.63013,235.9644,1052.6536,179.24315,162.98862,1087.9866,-389.26996,217.38435,1060.5763,182.17366,162.55887,1086.4128,-352.71936,214.57758,1061.7997,133.40552,173.77634,1083.2302,-328.8018,218.47296,1061.1296,154.34587,442.43723,880.7761,-149.28432,453.85654,888.4971,149.26411,367.92554,1018.69476,-142.57617,557.0415,985.1117,164.02275,517.50146,1027.387,4.4003143,698.452,1028.9424,204.95982,542.6918,1010.1366,20.821756,724.7457,1012.7543,205.48491,511.59375,1084.5928,26.857115,728.8549,1086.0537,135.20068
mountain_left
WhatsApp Image 2024-10-22 at 12.29.44_28c6964c.jpg,mountain_left,240.79262,935.80597,0.7579786,226.13367,931.4136,-26.822458,225.25229,929.56366,-26.772573,224.369,927.49927,-26.752033,226.70993,931.19727,19.919483,226.3453,929.4133,19.929794,225.90082,927.4309,19.91822,224.95898,907.3706,-100.913574,226.73257,908.9216,112.24976,250.48416,926.90015,-23.01723,251.06198,927.07935,38.562923,258.14316,879.76245,-227.23453,285.36755,887.7072,241.7118,227.8664,977.7695,-375.99036,260.42096,981.277,305.41382,185.63058,1079.9303,-344.28253,238.98636,1051.6177,185.73225,162.07025,1089.9492,-390.07474,219.43877,1059.4872,189.05879,162.16962,1087.9185,-352.87784,215.99596,1061.044,140.12347,173.24118,1084.8223,-329.29648,220.37901,1060.3502,160.92393,441.84253,879.77167,-149.71616,454.31006,886.64825,149.71481,370.60056,1017.9412,-132.5772,555.52014,983.4171,165.31015,519.20154,1025.2233,21.041214,699.1158,1027.2434,214.0826,545.26514,1008.74255,38.207504,725.6916,1010.56335,215.5017,515.1673,1083.7158,46.63355,728.8566,1086.2599,145.26259
mountain_left
WhatsApp Image 2024-10-22 at 12.29.44_aa7233de.jpg,mountain_left,233.42747,933.08344,-5.0973616,219.76335,929.5716,-32.91319,218.84857,927.7503,-32.862915,217.84613,925.69434,-32.846554,220.4055,929.205,13.462003,220.09778,927.3847,13.477641,219.63931,925.3511,13.474375,217.96718,905.61615,-107.50577,219.79578,907.00354,104.068794,242.43124,923.81555,-28.9991,243.09958,923.86316,32.130554,250.3505,876.9703,-231.88835,276.62524,884.2235,233.75336,218.84769,976.25616,-375.66714,247.9537,979.1178,294.0226,176.80412,1079.2339,-346.6236,224.72359,1053.329,173.2703,152.91576,1088.448,-392.73285,204.67741,1060.5674,176.66435,152.81302,1086.7737,-354.94214,201.97644,1062.2487,127.44334,163.71332,1084.3582,-331.5355,207.0141,1061.6602,148.25594,436.38394,877.126,-149.02174,446.74655,883.26935,149.00989,363.91727,1014.5395,-129.42294,548.5599,982.1393,168.03513,513.0702,1021.7634,28.699312,688.8219,1026.3616,225.01689,540.0947,1006.4592,46.10516,713.8661,1008.3023,227.35419,507.6095,1081.1766,54.62024,719.9158,1081.3657,157.75932
mountain_left
WhatsApp Image 2024-10-22 at 12.29.44_df2617f7.jpg,mountain_left,401.5705,933.45557,-17.709566,389.52432,924.55176,-41.880554,389.13232,922.344,-41.86078,388.78162,919.8927,-41.844387,389.81976,924.55927,-1.5111427,389.63632,922.4646,-1.4858284,389.4981,920.00415,-1.4926205,394.95895,899.52,-104.71319,395.14093,900.2075,77.96297,414.64963,926.4532,-38.143745,415.12115,927.0108,14.828482,437.7237,894.56964,-209.37369,455.1003,883.3452,195.15201,419.48087,990.2571,-334.35587,428.73395,978.09326,243.18803,393.35425,1086.3635,-322.18863,414.37552,1056.4805,135.88995,370.7191,1099.0085,-364.9544,390.60562,1058.4453,136.75854,365.7641,1093.6475,-332.61545,387.74384,1063.4568,90.815956,375.2776,1091.1344,-309.60507,397.80048,1066.4183,112.11228,599.576,894.5057,-123.96968,612.9186,897.568,123.95129,523.715,985.817,-177.82634,726.0884,970.5981,122.30773,657.9262,1037.5983,-96.78392,867.48346,1022.6415,116.77284,689.6526,1031.3282,-90.069916,895.8346,1008.15784,112.22685,641.49506,1083.1492,-131.00868,891.62933,1085.3376,27.782349
mountain_left
WhatsApp Image 2024-10-22 at 12.29.44_f3246446.jpg,mountain_left,240.78638,932.5735,4.085658,226.53828,928.9627,-23.681862,225.54745,927.09216,-23.627205,224.48846,925.0104,-23.59653,227.19843,928.8793,23.23426,226.81908,927.22437,23.252712,226.31331,925.3601,23.238293,223.75867,905.5047,-100.274666,226.21959,907.3809,113.6992,249.28969,923.4713,-20.639658,249.95705,923.86664,41.17266,253.595,874.4,-227.96829,282.18338,886.22687,241.8031,222.03082,970.8657,-374.31198,252.58936,980.4483,311.99933,186.5262,1074.2074,-344.65378,234.63872,1054.134,207.06956,162.59216,1086.06,-389.5069,216.01607,1061.2225,212.7752,163.1607,1084.8563,-352.26312,211.10338,1063.6848,165.49654,175.08304,1081.8193,-329.4599,216.4746,1063.0168,183.2293,439.94724,877.8804,-147.92674,450.7987,887.2811,147.87833,366.66528,1014.99817,-140.89098,554.0131,981.73346,165.70677,513.06116,1023.135,5.431305,692.3109,1024.4124,212.29762,541.68744,1007.92535,22.093521,718.5737,1008.54346,213.814,509.25647,1082.2833,28.246489,723.4028,1082.7477,145.62494
mountain_left
WhatsApp Image 2024-10-22 at 12.29.45_02d8358d.jpg,mountain_left,400.38242,928.26227,-29.552094,391.71686,917.6372,-51.80306,391.9436,915.4834,-51.792778,392.22467,913.01636,-51.776295,391.51938,917.77075,-12.226899,391.62747,915.86523,-12.201489,391.79456,913.615,-12.180967,402.40408,895.8056,-105.02628,401.0584,897.1061,73.13673,413.8737,925.23596,-46.786232,414.1064,925.85364,4.9389496,450.91983,902.869,-213.72237,467.52383,894.19507,197.7973,430.71268,999.66797,-334.05933,442.18347,989.2425,231.66492,400.92523,1096.9304,-319.91342,425.75922,1064.9446,118.189835,378.1213,1109.5128,-366.65338,403.40814,1069.9985,120.46476,373.9024,1103.6517,-329.44073,405.15112,1074.2638,71.22193,383.58463,1101.2313,-305.40225,408.68973,1078.9272,93.236435,608.6513,906.4853,-124.483696,621.44403,909.0459,124.51339,533.85834,998.6575,-170.31522,739.25696,985.5748,135.65727,667.8926,1049.9893,-80.88759,880.1035,1036.5748,146.00081,701.1133,1053.2238,-74.357765,908.63983,1023.19543,143.40907,650.65845,1098.4661,-118.920235,899.1393,1095.6586,61.61722
mountain_left
WhatsApp Image 2024-10-22 at 12.29.45_49b09ee1.jpg,mountain_left,403.60297,933.01025,-22.992954,391.93118,924.82965,-47.301247,391.56235,922.5967,-47.280975,391.25305,920.16595,-47.273323,392.19525,924.95044,-6.18791,391.99387,922.9276,-6.1466208,391.83563,920.6186,-6.1374884,397.06088,900.10187,-110.99005,396.8872,901.3415,75.24015,416.2723,926.18884,-43.70701,416.78534,926.86,10.306763,440.05066,893.0378,-217.82356,456.56323,882.4872,196.65417,420.19812,990.62695,-341.56442,431.95456,977.3463,241.99516,391.3305,1087.1794,-327.11127,417.22754,1055.3859,131.62021,369.4886,1100.1907,-371.5746,389.61243,1057.6478,133.308,364.9817,1094.9795,-336.63052,386.5574,1065.0399,86.51435,374.16168,1092.223,-313.42627,398.1517,1068.7938,107.490395,600.717,896.5313,-126.46661,614.04553,899.1428,126.46156,523.9314,986.57764,-167.66508,730.41534,973.0592,137.71301,658.2466,1037.5254,-73.73228,867.8854,1023.5737,151.66852,686.74457,1037.2703,-65.682076,896.4331,1010.227,149.42097,645.7502,1083.2275,-100.689674,889.9584,1084.4857,68.520065
mountain_left
WhatsApp Image 2024-10-22 at 12.29.45_967994b9.jpg,mountain_left,388.60553,932.2834,-20.910603,378.87378,922.0231,-43.53891,378.87463,919.95776,-43.526405,378.8459,917.7263,-43.513927,379.05463,922.18066,-3.6941426,379.20688,920.31946,-3.6769035,379.31842,918.1975,-3.6723924,386.45016,899.4275,-100.43085,385.82214,900.7241,79.177185,400.37488,927.5779,-39.699924,401.08142,928.16376,12.4549055,433.83313,898.8627,-206.8889,450.3549,893.08765,198.49792,412.8305,993.62036,-330.5423,422.87344,986.39777,239.12749,382.98825,1092.5789,-324.74005,402.23993,1069.967,121.680405,359.58347,1103.8684,-369.2678,380.31915,1069.2723,122.39244,354.65115,1098.4893,-336.40387,377.3556,1076.1544,74.989365,364.66077,1096.494,-311.9476,385.42242,1080.8872,97.00872,594.52606,900.98596,-124.32585,608.55963,905.6772,124.27643,519.3792,991.0047,-185.89671,720.54736,980.384,130.07927,650.6603,1044.9375,-108.39242,862.0084,1028.0638,125.45955,685.1058,1038.5024,-102.50146,885.99506,1013.688,121.11976,633.6861,1090.8,-149.03467,880.9744,1093.4076,36.73256
mountain_left
WhatsApp Image 2024-10-22 at 12.29.45_974edf59.jpg,mountain_left,389.22552,926.72363,-34.7197,380.03207,916.41895,-56.768997,380.19104,914.2368,-56.764225,380.4674,911.8059,-56.747917,379.7559,916.6779,-17.439373,379.74857,914.8361,-17.410526,379.8359,912.7103,-17.392366,390.30536,895.3273,-108.52321,388.85388,896.718,68.91673,402.68,923.2849,-51.398224,402.74963,923.91876,0.1206578,439.39825,901.2344,-213.50049,457.9889,892.4132,192.80432,419.68167,997.8089,-335.57764,431.7117,989.44855,230.05385,390.19293,1095.4884,-326.33667,415.46472,1064.8684,116.96794,367.79663,1106.7446,-372.27594,393.52963,1066.6675,118.655334,362.72568,1100.9496,-336.9283,390.3936,1073.9353,70.72438,372.50632,1099.083,-312.8222,397.12817,1078.4652,92.35775,595.1509,905.3174,-123.680534,611.80334,909.4695,123.689415,520.47784,995.3169,-196.6825,724.12573,980.3878,128.8718,654.9842,1047.8374,-126.201454,864.7431,1032.1025,116.442024,685.9009,1048.3922,-121.529945,893.0245,1018.56573,111.379005,637.39685,1094.9797,-172.40034,888.22565,1093.1279,28.541052
mountain_left
WhatsApp Image 2024-10-22 at 12.29.45_c7d65d93.jpg,mountain_left,393.51474,931.8069,-14.828726,382.332,922.2485,-38.419666,382.11514,920.16016,-38.42048,381.9247,917.79395,-38.41203,382.696,922.2967,1.582875,382.73083,920.36743,1.6223743,382.77686,918.05835,1.6182959,389.06076,898.72125,-99.81915,389.17,899.5989,80.86276,405.66055,925.53174,-34.797276,406.5587,926.0829,17.62709,433.02353,896.2585,-206.48354,455.45746,886.90826,200.71184,416.41446,991.0078,-333.73352,429.6742,980.07416,250.3603,387.4315,1089.5662,-318.9319,413.17017,1059.1106,148.29175,364.69882,1101.7565,-361.40414,393.1006,1054.28,151.26738,359.59384,1096.5657,-327.60974,390.21478,1061.8506,105.54568,369.36435,1094.2662,-305.44354,394.26624,1073.9196,124.87222,591.5946,899.5211,-122.8778,606.6825,904.21967,122.88833,517.58575,989.85986,-194.09619,718.7096,974.67883,126.057915,652.8075,1043.0203,-125.82931,860.7019,1026.7711,111.639015,682.54974,1043.6387,-120.946556,887.9481,1011.78534,106.20775,637.4526,1091.7098,-169.65836,883.7313,1089.2406,23.79034
mountain_left
WhatsApp Image 2024-10-22 at 12.29.45_f6396c68.jpg,mountain_left,234.8351,933.79443,-5.6729655,221.44351,930.22363,-33.20262,220.51479,928.27936,-33.14823,219.49779,926.09143,-33.13038,221.93915,929.92957,13.282975,221.50919,928.0233,13.2960825,220.93694,925.90454,13.294718,219.12688,905.391,-106.62672,220.65099,906.9354,105.490234,243.6125,924.20465,-29.242186,244.11935,924.1863,32.01426,253.12477,876.4953,-232.17667,276.67645,882.1778,236.01428,222.45593,972.109,-375.62622,248.50171,976.3105,296.4612,179.871,1074.7146,-339.28146,226.44632,1050.362,171.82555,156.21117,1084.4259,-385.2884,208.70424,1058.3041,174.18332,156.37079,1083.0316,-347.73474,205.88441,1059.7947,124.0552,167.72215,1080.5236,-324.16193,210.69626,1058.8386,146.416,436.20462,878.50244,-151.115,447.1668,882.7723,151.0999,363.43704,1015.4249,-118.53333,549.5784,981.3152,165.5447,512.54724,1023.7843,44.627693,689.23224,1025.9752,220.66266,537.59235,1007.6073,62.61692,714.69415,1009.3782,222.62645,506.41205,1080.3444,73.66048,721.52747,1080.376,152.23778
mountain_left
WhatsApp Image 2024-10-22 at 12.29.46_7e0038a5.jpg,mountain_left,400.4852,932.78754,-32.356003,390.5789,922.28955,-54.419434,390.62964,920.1214,-54.411934,390.77957,917.6374,-54.39357,390.4746,922.4867,-15.115457,390.47845,920.6152,-15.084647,390.58478,918.3959,-15.068527,399.9957,899.27484,-107.84524,399.21487,900.3644,69.18785,414.2573,928.5177,-49.757458,414.5063,929.31244,1.6502758,449.27383,901.6117,-214.48914,467.23062,894.86646,190.95105,431.49738,998.12134,-337.35883,442.05685,988.90247,224.58661,402.54657,1094.9443,-323.83365,423.65045,1064.6902,111.48592,380.16595,1108.6989,-369.23,399.30698,1072.009,112.90044,375.34265,1103.6622,-333.24805,395.42926,1077.761,64.545296,384.93628,1100.5701,-309.66888,405.59137,1079.3682,86.6847,608.31366,905.41907,-121.75744,621.7603,909.3829,121.793144,534.26465,997.11865,-170.45288,738.7968,984.54254,128.42915,667.5346,1050.5887,-83.83543,881.2003,1034.9155,137.37923,700.25885,1053.0233,-77.83271,910.77,1022.51984,134.33455,648.0802,1097.2473,-126.05945,901.98755,1097.0641,50.08687
mountain_left
WhatsApp Image 2024-10-22 at 12.29.46_83d4fb4c.jpg,mountain_left,402.9224,932.5985,-49.068333,392.41418,921.1237,-68.68349,392.54117,918.9546,-68.6723,392.6458,916.43567,-68.64951,392.0808,921.6357,-31.147228,392.01062,920.0806,-31.117315,391.91553,918.21313,-31.090118,401.053,898.3426,-110.25917,399.54214,900.438,58.49164,416.21365,928.08765,-62.18721,416.1605,929.5764,-13.202875,453.0166,904.2455,-221.55496,464.99072,896.9197,186.81248,432.8396,1000.1789,-349.03168,442.0847,987.79285,218.10834,402.92102,1096.9663,-333.44055,425.18896,1068.6088,107.91121,381.02136,1110.3804,-380.4882,406.37393,1074.6667,109.42,376.93182,1105.0725,-343.6888,402.77316,1080.9478,59.535973,386.274,1102.0398,-319.33142,410.1998,1082.7683,82.47684,606.09296,907.84393,-124.87916,619.81226,909.319,124.92102,531.8693,1000.6615,-161.61423,736.4545,987.6467,129.75272,664.9692,1051.457,-70.80825,880.08026,1038.0907,137.2461,697.1173,1052.0594,-64.20718,908.28107,1024.6313,133.90584,648.11676,1100.7622,-107.16208,900.87823,1099.2119,51.790245
mountain_left
IMG_20241017_105238.jpg,mountain_rigth,174.08784,408.47845,-272.1313,166.9804,399.19135,-276.22168,167.65434,396.56668,-276.2953,168.42532,393.6461,-276.394,165.59116,403.61948,-252.61613,165.1918,404.18463,-252.60211,164.76215,404.75632,-252.54604,176.23715,383.4243,-236.29138,169.84612,398.34406,-128.66086,184.78375,405.75043,-253.24496,182.60956,410.6215,-221.89296,217.68878,402.68326,-291.96442,218.79446,406.53363,42.96236,197.20834,480.13025,-374.43594,203.53358,474.4378,85.77513,175.30049,553.7978,-385.1405,184.87225,538.10675,17.413921,158.14417,559.5646,-430.73425,166.91579,543.138,16.707857,154.69083,557.0782,-417.60968,165.50133,545.43854,-19.646147,162.01639,556.18646,-381.53812,172.35081,546.84467,-0.753328,346.64688,432.093,-108.880974,329.6602,437.91324,108.836586,435.0342,495.5346,-150.62537,243.43864,482.51505,158.82191,546.39014,514.7372,-127.80687,339.24265,514.6881,278.54083,565.3818,511.26825,-129.97536,370.79538,513.502,287.2368,539.69904,563.0071,-221.99718,318.41504,549.2541,267.45163
mountain_rigth
IMG_20241017_105239.jpg,mountain_rigth,171.96642,408.39456,-274.54868,164.62614,399.2489,-278.04373,165.30547,396.90924,-278.11945,166.06047,394.2593,-278.2119,163.23459,402.85562,-255.37978,162.80986,403.17746,-255.3642,162.34023,403.49298,-255.3173,174.38966,383.81763,-236.51573,168.02945,397.26227,-133.59108,182.65106,406.64697,-255.41008,180.62604,410.55704,-225.43106,217.11337,403.94067,-292.84167,216.79253,406.3197,36.618263,198.43404,482.57233,-374.89603,205.46019,474.6158,74.03702,175.5024,554.5027,-389.56787,189.13792,537.53345,-8.037329,157.16277,558.6873,-435.956,171.19725,539.9418,-12.276348,154.36102,556.12463,-423.06448,169.13336,542.1974,-47.585583,161.75774,555.6014,-386.19232,175.4887,543.6733,-26.082645,346.56866,433.2421,-105.237976,330.97928,437.1211,105.19252,437.25156,488.8772,-149.09056,248.57422,480.43542,138.87152,544.59265,513.23517,-131.1168,355.05798,514.18207,254.62466,566.2074,512.0821,-134.41681,376.61963,513.43567,263.18585,537.2111,562.0565,-234.42189,325.58792,545.0797,236.73543
mountain_rigth
IMG_20241017_105241.jpg,mountain_rigth,170.64667,419.0445,-133.2723,162.52234,411.02432,-155.95668,162.69476,409.71796,-156.02548,162.88145,408.36328,-156.07487,162.30428,411.4096,-123.34603,162.32552,410.3357,-123.32045,162.34776,409.23853,-123.28509,170.86406,395.29813,-199.50632,168.87172,398.0432,-52.83816,180.48941,417.0251,-145.28568,180.08371,418.16992,-102.42307,212.9176,405.6131,-275.85248,219.31554,403.54456,74.25157,193.19208,485.5697,-349.74826,203.63037,472.96344,115.77904,174.70654,555.3908,-347.00067,186.95212,539.89417,57.114185,155.81189,561.37836,-391.1693,169.50642,540.8467,60.283886,153.02206,558.03406,-372.59604,168.5721,543.15063,25.342253,160.14053,556.8796,-340.94302,174.81473,545.2397,39.397038,344.87036,434.474,-103.431046,330.3827,437.17728,103.42707,433.76895,490.03094,-120.373535,243.72485,481.88068,133.16808,542.0918,511.8955,-84.510765,341.7364,511.60297,236.96234,559.85065,508.37155,-84.95318,363.76297,505.65747,245.15337,535.5946,558.98376,-170.67873,326.82956,546.0575,227.68127
mountain_rigth
IMG_20241017_105733.jpg,mountain_rigth,145.22812,436.27667,-89.00506,137.5201,426.42874,-112.200264,138.0202,424.82047,-112.29306,138.52528,423.07767,-112.332664,137.62907,426.33783,-76.96146,138.16872,424.72372,-76.95104,138.656,423.10242,-76.93471,149.47707,409.56488,-160.91528,147.7763,411.9781,-4.364354,155.7676,433.4715,-104.17251,156.3449,434.04346,-58.195778,200.18803,406.14355,-246.73503,203.24017,414.3375,117.009735,204.95049,493.69717,-321.93402,213.58382,492.95712,170.36407,197.58128,570.767,-322.00363,211.60533,562.79285,85.61131,176.96906,578.923,-366.7545,190.55283,564.05347,85.617714,175.20706,575.5888,-343.95105,190.46849,565.2889,46.296207,183.06497,573.2073,-313.8377,198.167,565.7815,65.5577,348.1312,437.56204,-102.3163,327.1391,455.81488,102.53462,443.37454,505.18127,-134.16458,290.51318,548.77356,60.08362,553.9441,543.9853,-81.173096,394.08914,532.09937,186.22919,573.13806,543.4249,-78.26078,407.44525,516.3385,198.0168,569.4298,574.6601,-143.55783,431.56686,568.38513,190.51282
mountain_rigth
IMG_20241017_105734.jpg,mountain_rigth,147.31642,433.37308,-86.587135,139.8135,423.52463,-109.732346,140.32625,422.1276,-109.81746,140.90395,420.58435,-109.85352,139.8988,423.12106,-74.39407,140.37746,421.50708,-74.387245,140.86748,419.88705,-74.369286,151.83202,407.27405,-158.65857,150.24878,408.77518,-1.6526597,157.8883,431.55664,-101.91295,158.33069,432.02185,-55.85548,201.58888,407.27216,-244.31763,209.21252,413.77252,117.45234,207.41743,495.10284,-320.51086,216.31862,491.255,169.28557,200.86258,570.13995,-318.91562,213.2749,562.2045,85.321785,180.68993,577.51764,-363.38712,192.45062,563.1896,84.63508,179.05055,574.7344,-340.73303,191.84227,565.19806,45.64756,186.97812,572.25525,-310.82864,200.26108,565.02826,65.317276,349.817,437.8099,-101.40802,327.94257,454.6424,101.6248,445.342,500.87747,-135.0044,293.4591,550.6233,50.874916,551.4702,533.1439,-76.36649,397.29376,535.6656,178.66345,571.9612,527.96356,-72.85711,410.3192,518.5371,190.6126,570.29193,566.7468,-138.97888,436.95337,571.92303,182.66052
mountain_rigth
IMG_20241017_110229.jpg,mountain_rigth,140.0264,436.42245,-92.94545,128.7745,425.04474,-115.6933,129.17924,423.44833,-115.73061,129.57327,421.70724,-115.74901,128.34756,425.00958,-86.06257,128.43307,423.62097,-86.136345,128.43951,422.20206,-86.1621,138.6541,408.59027,-166.3919,135.64513,410.60318,-32.202374,153.23308,433.81833,-107.97393,152.66241,434.36475,-68.74133,187.7264,404.23425,-226.88051,191.31517,406.35596,67.3309,167.99818,502.8139,-289.75757,182.43953,484.8105,115.035065,124.44552,590.15247,-282.60025,159.66357,561.3948,59.94843,97.024605,597.9414,-323.74152,138.25728,563.8239,59.657177,93.75154,593.4705,-296.97028,135.31952,566.7797,21.921738,103.70149,592.3817,-274.10904,142.49292,568.41376,41.248825,340.88388,460.65778,-79.83133,326.44153,464.6226,79.651276,427.1143,545.29504,-49.55123,277.89462,498.0004,174.0743,518.47784,563.2044,37.79108,326.42676,549.8596,258.60858,560.01154,530.3529,45.232048,333.62744,541.54913,264.57028,526.8184,607.28186,1.6252729,314.94852,583.41425,254.42096
mountain_rigth
IMG_20241017_110231.jpg,mountain_rigth,136.10632,433.84552,-110.473206,125.7313,422.75824,-133.3195,126.06274,421.07965,-133.37265,126.423935,419.09848,-133.41084,125.22372,423.0113,-104.13358,125.158165,421.81937,-104.2091,125.0328,420.50714,-104.234886,135.90204,405.20648,-180.59482,132.17499,408.56033,-48.49155,150.32207,431.04324,-124.017914,149.63158,432.47696,-85.35505,187.40608,402.0023,-238.2204,189.32565,405.2681,55.064297,169.53549,501.01224,-295.1686,174.78447,489.0765,95.08416,123.38651,589.7997,-289.57492,151.21162,564.98517,34.43891,96.22605,598.9582,-331.367,127.15164,568.15674,32.25091,93.273926,594.52716,-306.51868,124.24341,570.4761,-5.203695,102.983665,592.7701,-281.8464,133.7474,574.7503,15.576239,339.52032,462.93024,-79.019066,324.3241,465.23456,78.83968,424.0994,547.3675,-59.94239,260.85168,500.61053,193.20488,523.22284,560.01337,14.9261675,308.932,551.8907,301.18973,560.4519,532.27203,21.053352,331.11856,543.47943,309.7157,555.8234,595.2233,-26.225243,272.42667,583.6718,307.9022
mountain_rigth
IMG_20241017_111804.jpg,mountain_rigth,198.63808,561.02924,-215.52933,190.90804,554.70044,-234.18558,191.31789,553.3313,-234.14296,191.5346,552.0132,-234.16443,190.36554,555.6147,-207.70323,190.49664,554.9013,-207.79745,190.45427,554.2066,-207.84113,197.23628,542.0026,-261.90616,196.50923,544.2926,-140.85349,207.6436,558.344,-222.34903,207.09897,559.27673,-186.94122,240.7073,546.63055,-305.78015,240.98238,540.68085,-31.868032,223.66283,621.0848,-378.21658,239.197,606.2298,-5.714662,210.54164,692.39325,-390.61035,237.71175,663.73413,-90.522285,194.97157,700.2139,-440.60733,219.84337,671.4605,-93.6471,193.21162,696.4357,-419.09088,218.77739,672.1245,-131.12613,199.53702,694.0217,-385.50824,224.70987,672.08484,-108.37247,359.47357,561.40106,-84.994606,336.40912,562.3803,84.759,446.99557,609.71893,-114.68108,250.05054,579.48596,178.4128,542.03326,655.8821,-97.55364,272.9844,667.6275,256.67404,561.25775,656.4654,-101.174324,284.87772,679.8631,259.9041,533.6617,700.59625,-199.33257,230.92432,680.87714,223.14525
mountain_rigth
IMG_20241017_111805.jpg,mountain_rigth,195.33533,560.42334,-188.21834,188.35298,552.97894,-206.7676,188.8652,551.6969,-206.74622,189.23901,550.398,-206.7715,187.72595,553.64453,-180.25087,187.86539,552.8945,-180.3356,187.894,552.0989,-180.39145,197.07016,540.5578,-238.84283,195.71393,542.5355,-117.74377,204.97859,558.62933,-197.30466,204.54318,559.2956,-161.87701,241.6363,547.6996,-288.42435,239.00568,543.08,-16.531372,222.63036,622.06287,-360.7667,235.66327,606.9683,3.0838525,211.11975,689.9177,-374.42126,233.0855,666.7149,-79.75642,195.92867,698.80884,-423.8224,221.0054,671.6205,-81.91873,193.51381,696.37854,-401.6542,217.82162,677.5558,-119.7235,200.8258,693.8443,-369.3425,222.35854,676.5452,-97.99985,361.85068,559.5304,-82.23226,336.78622,562.71045,82.03121,449.3794,608.4582,-109.30533,249.97966,578.32385,160.22063,544.09045,654.6544,-83.640076,270.7063,669.9524,229.38446,563.6003,656.9502,-86.48264,281.12436,681.54565,231.41182,533.4256,698.9054,-185.42131,223.33138,685.9313,188.55122
mountain_rigth
IMG_20241017_111806.jpg,mountain_rigth,192.29082,540.2602,-360.24185,186.21552,533.3283,-372.90546,186.95914,531.14703,-372.84454,187.60976,528.8326,-372.91495,184.71451,536.0196,-349.28735,184.43459,535.8499,-349.43472,184.0845,535.7059,-349.49878,193.1207,517.12305,-374.32892,188.25232,526.508,-265.6087,202.69046,535.38385,-356.39603,200.58629,539.1181,-324.59183,234.77841,500.91385,-388.05313,221.01077,537.94904,-149.16113,259.83386,558.9924,-459.18045,216.30124,603.3849,-142.12784,256.99588,618.0222,-504.78842,204.76102,671.5462,-251.52144,256.93628,632.0463,-559.5037,193.41742,684.5405,-269.07642,253.56421,633.1311,-554.12866,193.18164,686.1437,-309.11237,252.9081,628.8693,-507.1478,198.46283,682.5857,-272.96835,337.11127,502.36548,-77.20864,307.4794,527.75244,77.07735,408.27856,571.3654,-149.32727,255.12216,580.418,29.854757,485.7795,637.8862,-104.810745,275.74707,672.511,58.934307,501.0761,640.6079,-106.13159,284.26028,687.8148,56.72837,490.44473,684.8245,-211.59396,234.2178,691.1081,-10.9078045
mountain_rigth
IMG_20241017_112812 - Copy.jpg,mountain_rigth,222.52483,458.3219,-111.780014,221.86368,447.52618,-130.74309,223.1172,446.40106,-130.7774,224.50905,445.16943,-130.81097,221.52988,447.4351,-101.57057,222.43872,446.4175,-101.63914,223.4779,445.27274,-101.66882,236.48708,439.32376,-168.4024,234.95502,438.56055,-36.239933,231.71318,460.48895,-123.519684,231.60501,460.30435,-84.979965,278.00266,467.22894,-235.4048,282.16092,457.34454,66.01484,253.61287,534.43243,-293.13153,272.6319,520.4142,89.224,229.9035,598.28656,-277.35336,242.94038,585.764,17.525572,216.93283,615.33954,-320.74457,233.22072,597.1778,19.049213,214.54877,614.21674,-294.33273,231.68672,599.9755,-18.370676,221.04198,609.0779,-269.87497,237.5373,598.1016,-0.694351,411.9753,494.57855,-90.94311,386.62735,484.63303,90.849174,480.7344,558.5507,-90.21681,296.44394,506.8244,194.06055,584.8445,580.65,-45.695652,337.17285,589.0069,286.9753,598.30096,578.5066,-44.74238,354.4276,600.56836,292.03674,578.0288,622.5175,-121.27985,301.84494,617.5264,269.02493
mountain_rigth
IMG_20241017_112812.jpg,mountain_rigth,222.52483,458.3219,-111.780014,221.86368,447.52618,-130.74309,223.1172,446.40106,-130.7774,224.50905,445.16943,-130.81097,221.52988,447.4351,-101.57057,222.43872,446.4175,-101.63914,223.4779,445.27274,-101.66882,236.48708,439.32376,-168.4024,234.95502,438.56055,-36.239933,231.71318,460.48895,-123.519684,231.60501,460.30435,-84.979965,278.00266,467.22894,-235.4048,282.16092,457.34454,66.01484,253.61287,534.43243,-293.13153,272.6319,520.4142,89.224,229.9035,598.28656,-277.35336,242.94038,585.764,17.525572,216.93283,615.33954,-320.74457,233.22072,597.1778,19.049213,214.54877,614.21674,-294.33273,231.68672,599.9755,-18.370676,221.04198,609.0779,-269.87497,237.5373,598.1016,-0.694351,411.9753,494.57855,-90.94311,386.62735,484.63303,90.849174,480.7344,558.5507,-90.21681,296.44394,506.8244,194.06055,584.8445,580.65,-45.695652,337.17285,589.0069,286.9753,598.30096,578.5066,-44.74238,354.4276,600.56836,292.03674,578.0288,622.5175,-121.27985,301.84494,617.5264,269.02493
mountain_rigth
IMG_20241017_112813.jpg,mountain_rigth,221.88416,456.75403,-105.464645,221.42693,446.45334,-124.37184,222.63443,445.35028,-124.40674,223.92265,444.09064,-124.43778,221.03807,446.55157,-94.230515,221.87491,445.74985,-94.291374,222.78703,444.86176,-94.30999,235.56323,438.3615,-163.6313,233.71684,438.47977,-26.823162,231.03423,459.17474,-118.0353,230.63948,458.77243,-78.21131,276.72485,467.45972,-235.8285,285.63422,453.37305,78.889015,252.38594,536.5188,-292.49466,274.50583,520.34546,110.174255,228.4138,598.9887,-270.6806,244.93582,583.3319,41.325104,216.6937,615.451,-314.19537,237.74654,595.9269,44.2637,214.29793,614.8811,-287.765,236.86792,598.9791,7.627965,220.51712,609.6938,-262.79572,241.83644,597.2285,23.63371,411.4311,496.03812,-95.76286,392.52338,482.36133,95.63959,480.9213,557.39374,-91.62229,294.8978,507.71918,210.70393,582.70306,577.1522,-43.538925,336.99182,591.61,311.52164,596.98956,574.44055,-41.566532,354.40863,601.2729,317.31387,578.3218,620.104,-113.804726,301.30392,619.1713,298.11456
mountain_rigth
IMG_20241017_112813~2.jpg,mountain_rigth,222.83372,457.04633,-79.754715,221.6407,446.6584,-96.89862,222.76443,445.4924,-96.932915,224.09862,444.22726,-96.95399,221.5476,446.56805,-69.45694,222.48935,445.55145,-69.5242,223.60828,444.45697,-69.56118,236.80446,437.76556,-131.43633,235.45357,437.64307,-7.4686766,232.24664,459.45663,-90.7843,232.27333,459.07697,-54.642765,278.53543,461.7742,-197.67012,286.0953,458.5985,86.90648,252.1427,532.17175,-248.0861,274.95932,520.9914,106.864975,227.56367,598.4901,-229.61516,239.7831,590.47253,36.008934,214.04877,613.7169,-269.17447,230.3972,599.9017,37.14685,212.18065,612.97046,-244.48935,228.97574,602.78064,2.297699,218.90092,608.57996,-222.36145,234.70369,600.6464,18.857431,407.60214,486.16022,-85.752075,384.58618,483.19327,85.65416,481.24637,556.4357,-92.03417,295.13898,504.7865,174.5875,584.5572,578.2021,-67.2209,336.9164,588.68134,254.28313,598.7006,576.0712,-68.736946,354.2522,599.1125,258.37604,576.5691,621.193,-152.55956,301.24948,616.84985,232.19066
mountain_rigth
IMG_20241017_113201.jpg,mountain_rigth,252.31145,478.18594,-95.75766,244.21846,472.10992,-116.41374,244.24725,471.0961,-116.41804,244.17491,469.9468,-116.435425,244.11218,472.02655,-86.82348,244.1336,470.995,-86.878174,244.03857,469.81097,-86.91276,249.58319,458.18964,-165.9411,249.00342,458.44666,-30.935133,262.17282,477.1717,-111.31678,261.99362,477.2251,-71.864624,287.7647,460.04715,-224.05496,299.03976,456.82617,75.05368,286.86972,537.8152,-267.996,302.54245,529.28076,96.80437,274.2798,618.4842,-260.52362,303.13654,591.3702,31.051083,266.6584,632.3895,-298.95758,303.51764,601.08887,34.509,264.4966,631.81793,-277.65628,303.81693,601.40106,1.1407617,269.4475,628.13873,-253.07487,306.20493,601.9555,15.803265,400.46118,503.00665,-91.76422,387.7652,495.71616,91.54913,462.7602,595.01227,-157.34189,298.69623,519.26587,209.65007,574.83813,595.9805,-158.0479,316.05933,612.27716,285.9712,591.19775,587.27997,-159.03123,330.74835,628.00836,288.42517,579.96173,643.6936,-218.4448,266.70795,630.03253,260.63153
mountain_rigth
IMG_20241017_113202.jpg,mountain_rigth,256.26437,481.1766,-104.84826,247.97404,475.53064,-125.83316,247.93956,474.6193,-125.83977,247.82367,473.5387,-125.86536,248.05171,475.167,-96.68604,248.13649,474.05692,-96.74087,248.13805,472.76978,-96.7822,252.86626,461.86386,-174.12903,252.41586,461.81134,-41.371246,266.11697,480.16177,-119.70622,265.92004,479.83737,-80.88329,289.80978,463.26453,-230.94064,300.00082,458.86163,65.84498,288.37918,539.6221,-277.47653,302.64337,531.21625,91.53205,275.51468,618.47516,-268.16833,302.17313,595.11774,25.22106,267.9292,632.0946,-306.61987,304.44717,606.92773,29.001856,266.7044,631.9189,-285.40735,304.3579,607.48126,-4.8571887,271.44867,628.09595,-260.8907,303.5585,605.8825,9.586794,402.0434,501.89624,-90.534225,390.73306,494.14764,90.38184,464.04193,593.6893,-147.80495,301.46378,519.2027,206.79128,576.87415,597.7445,-140.25435,318.542,614.82916,292.18506,592.96423,587.2237,-140.70212,334.5014,629.7484,295.67633,580.4247,643.5893,-196.96434,271.91708,629.47205,268.97714
mountain_rigth
IMG_20241017_113650.jpg,mountain_rigth,365.22104,265.33585,-514.4966,371.70215,255.716,-493.86945,375.2954,255.42563,-493.92432,378.68936,255.20926,-493.9998,359.2172,255.35016,-501.61145,353.6523,254.60469,-501.69766,348.77072,253.64307,-501.7497,381.25348,256.78372,-344.35117,339.45892,254.22736,-384.4999,370.67682,276.4259,-456.38547,354.9615,274.6891,-468.29352,401.78513,308.3568,-226.69373,303.3036,306.2705,-283.85883,416.16208,386.19168,-378.38046,292.03226,391.2228,-433.29327,417.81494,347.93887,-652.71967,295.44003,350.24536,-720.555,422.2307,336.41733,-701.4729,294.2087,338.03665,-773.2457,422.1352,327.34763,-691.37506,292.6847,328.71106,-761.6508,418.60126,330.56134,-653.6333,294.92133,331.27484,-719.60126,389.34747,420.99655,40.830975,328.16794,417.05548,-40.889122,396.33072,516.60913,18.054953,345.82217,455.8076,-483.74405,373.96286,472.53436,574.56116,347.31662,554.1654,-220.26161,372.08154,468.41257,626.5702,347.17017,563.95,-199.9678,374.33417,503.10745,571.79785,355.22763,592.7843,-350.18967
mountain_rigth
IMG_20241017_113650~2.jpg,mountain_rigth,365.88943,262.82062,-379.66806,372.59912,254.33179,-359.58148,376.4415,254.30728,-359.6672,379.98706,254.2409,-359.7237,360.81003,253.32907,-367.46243,356.31042,252.48949,-367.52975,351.45865,251.31065,-367.58807,382.12332,256.29468,-221.53821,341.4747,251.0115,-260.62137,369.94208,274.30432,-325.86328,355.6814,271.2765,-337.40088,400.95218,311.7317,-121.013954,304.39352,305.39273,-171.03793,412.45358,381.13123,-218.80356,291.87323,377.5996,-269.0284,428.56155,372.00406,-485.86084,286.79132,372.0405,-522.94995,435.2122,370.71622,-532.14703,285.29303,369.5673,-568.7371,434.63016,361.02975,-539.587,286.2806,354.75522,-573.6045,431.52975,360.9409,-493.65915,287.95026,355.28625,-528.2148,388.01947,426.25778,37.443264,327.77863,422.6251,-37.479717,399.69434,518.8509,23.042673,348.5013,453.7337,-455.4538,372.62384,479.2681,498.78976,348.75177,558.0938,-262.04343,364.05954,472.95312,543.9805,348.9775,568.3384,-246.60669,364.87225,515.07117,496.3387,355.03738,598.36084,-385.99045
mountain_rigth
IMG_20241017_113651.jpg,mountain_rigth,362.20792,255.31526,-330.4752,368.40347,245.96661,-314.60287,372.44336,246.11818,-314.63193,376.17307,246.21248,-314.7229,356.61896,244.55875,-319.4147,352.09927,243.66852,-319.47263,347.56458,242.91527,-319.53134,378.76962,249.00124,-203.9089,336.2736,245.18427,-228.03233,366.74686,268.31738,-286.22144,352.912,266.4406,-293.1722,400.9849,300.48956,-137.6282,298.04153,299.6132,-163.45311,420.5556,378.76666,-212.96104,288.3212,386.64795,-235.46933,371.60556,361.23923,-388.0617,335.6498,363.9327,-373.2771,360.03125,353.62622,-421.459,345.20914,357.03052,-406.88904,358.2524,341.20862,-405.20856,344.9742,345.32532,-390.91245,360.8326,343.00882,-382.6517,343.08383,346.98425,-367.12115,389.79532,418.068,26.940159,327.7924,417.92972,-27.035412,401.5434,514.09375,-16.967834,346.6577,445.01395,-349.7456,373.10974,461.34225,419.92923,350.65305,557.33575,-183.50212,369.37027,448.66522,466.87994,351.28046,570.13666,-167.1103,374.9656,480.87918,474.27597,357.73148,600.4535,-259.14038
mountain_rigth
IMG_20241017_113652.jpg,mountain_rigth,363.7776,258.81342,-320.3423,369.8966,249.24213,-309.92218,373.96155,249.29976,-309.9453,377.99243,249.28433,-310.0357,357.4056,247.20703,-313.12997,352.51727,246.08185,-313.15784,347.37863,245.04704,-313.22562,380.96786,248.87254,-212.67026,333.61676,244.64273,-228.68533,368.56256,270.29056,-279.4654,352.82196,268.27042,-283.89777,401.5187,292.48727,-150.84393,295.97873,294.95978,-151.86986,412.10764,376.3041,-230.18451,287.06787,383.4841,-211.76411,366.22998,342.7126,-399.15625,335.07272,346.6734,-322.81506,356.09753,334.12158,-427.92365,342.95004,335.9686,-345.4809,355.84277,321.20114,-406.27423,341.07925,324.61664,-326.63232,357.7404,323.4266,-391.28802,339.54028,327.2729,-314.90536,389.99286,411.95258,16.636105,328.6538,411.91177,-16.710094,400.92728,510.03598,-37.446583,343.8777,448.61603,-303.8684,379.13287,455.29462,377.22095,348.9089,552.8862,-164.5283,374.74088,445.6013,422.62115,350.09488,564.64404,-150.4247,374.54883,475.6714,438.83792,353.16647,598.5297,-231.15714
mountain_rigth
IMG_20241017_113740.jpg,mountain_rigth,232.49106,418.46475,-95.61386,228.36897,408.96936,-116.19971,229.00041,407.9452,-116.20493,229.6884,406.78406,-116.23664,228.26657,408.87265,-87.54932,228.8609,407.837,-87.57759,229.57387,406.6357,-87.58045,241.86076,398.64474,-161.94691,242.0258,397.92358,-32.791412,241.20236,420.28064,-109.88651,240.87024,419.92715,-72.223526,281.86743,415.3048,-227.94005,295.90887,410.72964,80.884026,293.77713,500.14816,-230.37369,306.83713,492.69333,103.25724,299.78345,584.8346,-162.00182,316.45706,565.5314,50.64757,295.54602,600.8084,-190.56247,317.51807,576.99493,56.165424,293.07523,600.15686,-172.28477,317.2695,578.6702,23.614176,297.21265,596.35895,-153.58017,318.09677,576.0187,36.083736,396.6212,479.32434,-93.82224,386.84824,474.77866,93.548965,429.36444,596.2394,-119.33966,290.563,485.846,216.74521,531.4254,566.2757,-56.93019,295.1067,568.8989,309.8609,551.4528,550.805,-48.009315,306.89462,578.37067,314.6931,550.04895,609.0091,-56.60278,261.80807,600.91046,305.2763
mountain_rigth
IMG_20241017_113741.jpg,mountain_rigth,238.95988,426.391,-91.05974,233.77188,417.9501,-112.27407,234.12473,416.85306,-112.25541,234.47865,415.55954,-112.26384,233.8649,418.01895,-82.70334,234.3408,416.9591,-82.74693,234.7812,415.689,-82.76792,245.1484,406.0374,-161.16827,245.2344,405.07574,-27.86908,247.64307,426.14017,-106.19513,247.7169,426.1944,-67.33986,288.9611,418.7602,-222.50818,297.61145,411.76306,86.541016,299.08994,498.87592,-230.23602,308.9222,493.46744,112.33146,300.79672,577.3466,-176.71887,315.85678,567.3534,54.588783,297.92947,595.9382,-206.96414,317.5232,581.69434,58.708088,295.66284,595.9258,-187.70435,317.88965,582.37714,26.391222,298.4799,591.4854,-167.95714,318.8043,577.97565,40.242477,399.8443,473.6384,-96.40982,391.79752,468.7852,96.13126,429.92065,593.38715,-116.373985,302.44812,488.66415,227.605,532.52277,565.79175,-56.211002,314.25854,581.1047,329.12326,550.36145,552.1254,-47.61813,319.736,582.25195,335.63544,549.9574,607.17944,-56.516563,278.15674,602.67236,325.44214
mountain_rigth
IMG_20241017_113742.jpg,mountain_rigth,241.25311,428.0981,-101.972565,235.67357,420.70514,-123.86415,235.87425,419.49802,-123.85958,236.07976,418.10645,-123.886505,235.84511,420.87366,-93.75745,236.19907,419.86557,-93.801765,236.5503,418.65778,-93.83062,245.08635,408.35333,-172.73843,245.28758,407.94235,-36.37079,250.3619,427.09842,-116.88378,250.43634,427.37418,-77.122986,286.1215,419.12866,-235.88832,298.01624,413.78595,81.4112,299.5581,499.6995,-251.39748,310.10217,495.34863,100.74592,302.69952,579.6423,-200.64955,318.08374,569.5281,34.152184,298.1922,598.59546,-233.04851,319.05005,582.7115,38.35914,295.09894,597.9236,-213.1219,318.32007,583.7456,4.2445984,299.0487,593.0872,-192.2444,319.6369,580.2527,18.537306,398.53824,471.98688,-101.10932,390.4412,468.04462,100.86212,428.5951,592.3255,-127.99723,299.00146,488.4797,238.85515,532.5064,565.726,-68.53729,311.18878,581.68427,345.9047,551.6385,551.771,-60.409336,322.6329,591.1931,351.89728,550.4629,607.0459,-74.56047,273.66095,601.9628,338.4978
mountain_rigth
IMG_20241017_113744.jpg,mountain_rigth,243.47755,439.71548,-109.98154,236.41476,433.7861,-132.69202,236.37474,432.47723,-132.67723,236.34767,430.89484,-132.70036,236.73318,433.54553,-101.9527,236.9308,432.14334,-102.00775,237.09882,430.47476,-102.048225,243.56062,418.33707,-183.75557,243.44846,417.3166,-44.226547,252.65913,437.07513,-125.676476,253.16681,436.80328,-85.028725,287.8503,426.13882,-245.47377,291.78687,415.88837,73.602684,301.18802,503.48758,-258.66437,307.19257,499.44452,95.55172,301.5629,580.8072,-202.60976,313.27914,568.30664,25.820383,298.41205,599.11755,-234.52827,313.66318,582.1338,28.722958,294.8449,599.0027,-215.62384,312.23944,583.8126,-5.8083706,297.78052,595.0933,-194.37079,313.80215,579.40497,9.777803,400.68738,471.9996,-100.73023,386.76428,467.83957,100.507835,428.47873,592.41406,-130.33704,298.69748,487.75354,238.05615,532.5733,565.1524,-69.1098,308.38208,583.23364,344.74643,551.88,551.99054,-60.69821,305.2551,585.8094,350.77292,550.62506,606.8967,-73.18809,268.70227,602.4097,338.18555
mountain_rigth
IMG_20241017_114249.jpg,mountain_rigth,202.9268,427.3194,-62.175163,198.1428,416.8896,-84.133095,198.78397,415.46368,-84.149704,199.45863,413.80615,-84.14175,198.07639,417.00204,-53.114635,198.58278,415.9469,-53.182457,199.03862,414.81873,-53.239746,209.63301,404.7658,-135.00842,207.86821,406.88525,4.904318,213.66438,427.53076,-78.6617,213.3227,427.55017,-37.947628,249.89247,414.48346,-219.03531,262.46863,417.43988,120.52724,249.84198,496.0691,-241.95404,268.61774,496.53415,152.02473,236.93134,570.4155,-178.20451,282.12128,569.6983,85.16078,234.00836,590.40765,-208.181,280.67163,582.1445,88.58064,232.91432,590.64453,-190.36426,277.04047,585.9346,56.84512,236.56454,583.89264,-170.2416,276.14722,582.1685,69.543274,380.69495,460.68677,-101.973366,368.68408,461.7684,101.755005,454.50403,543.34576,-113.41231,268.6457,483.21133,218.50046,566.12305,571.38525,-81.72288,303.8718,579.3018,324.21466,588.3512,568.79474,-81.614075,319.5984,595.45795,329.65094,562.99164,616.8914,-159.64943,260.94788,607.01697,305.2967
mountain_rigth
IMG_20241017_114257.jpg,mountain_rigth,215.84793,434.13577,-96.076706,207.5898,426.31778,-116.94664,207.78113,425.0412,-116.955666,207.99828,423.53583,-116.950035,207.75613,426.3288,-87.57195,208.02956,425.30432,-87.647835,208.32808,424.2423,-87.7137,215.70695,412.29724,-163.00253,215.50626,415.11957,-30.950363,226.66994,432.49597,-110.97678,226.51323,432.64813,-72.36754,253.11987,414.70996,-237.2109,270.05756,416.06497,81.73864,261.69733,497.51373,-281.30905,284.82632,494.5855,110.78918,246.96962,575.49536,-249.21927,290.07925,567.71564,41.989517,243.36273,591.0606,-285.97842,287.68234,578.30145,46.10669,242.96654,591.819,-264.056,286.91696,581.2252,10.061879,246.84789,587.41473,-241.16797,289.83023,579.2148,24.629715,385.89392,443.14322,-95.74371,376.7172,445.57394,95.62064,463.45905,519.63226,-113.826256,280.39536,475.85187,202.9647,571.42334,573.1847,-96.294815,306.25427,576.5063,299.8364,590.96985,577.20844,-98.86297,322.5465,595.66455,304.1727,562.2747,616.9628,-184.70438,258.7212,605.7136,269.50732
mountain_rigth
IMG_20241017_114345.jpg,mountain_rigth,364.52576,317.9108,-514.5555,368.60486,312.93704,-515.6935,371.70624,311.77203,-515.67926,374.70383,310.37943,-515.76135,360.47537,313.03674,-513.8221,357.66095,312.06158,-513.9132,354.83466,310.92618,-513.93866,379.48755,300.02594,-439.80414,346.6583,301.70645,-431.51785,369.20834,318.03317,-478.77228,359.9417,317.937,-476.42816,402.31607,305.74884,-325.81665,321.63092,308.1585,-323.49905,405.8767,362.59952,-319.5556,316.64798,366.57297,-313.15247,413.70554,416.53268,-365.09393,307.84833,419.56702,-361.8406,419.92084,431.371,-389.81384,300.75864,434.55832,-387.10944,412.4914,431.5405,-408.74612,307.06104,435.79898,-408.88693,409.00534,428.42,-373.5086,310.26266,430.683,-371.36917,382.32498,336.30518,-3.7335224,340.72958,341.12073,3.9565754,376.89148,372.9458,-225.53755,340.43512,389.0367,6.7529635,369.50635,421.16516,-111.448555,354.0008,375.1166,301.6384,363.15918,428.9118,-103.028564,356.51578,367.30695,330.0268,372.2596,445.86664,-200.14587,362.74176,385.2047,289.88983
mountain_rigth
IMG_20241017_114734.jpg,mountain_rigth,1197.2075,2142.805,-521.7974,1167.0813,2105.7188,-648.3968,1167.7999,2101.4443,-648.65137,1169.1163,2096.3196,-648.8097,1169.4685,2103.7207,-503.8253,1171.6936,2098.4229,-504.141,1174.724,2091.7058,-504.24326,1215.9846,2055.61,-928.65094,1221.5067,2048.8198,-275.57382,1240.6561,2145.9536,-603.7766,1247.271,2144.599,-413.20547,1434.7979,2170.9907,-1237.8524,1493.0654,2063.8657,306.33005,1426.7462,2574.0374,-1296.4781,1501.2256,2422.5652,576.7624,1359.6511,2953.6782,-1127.8441,1374.5481,2675.5212,329.86545,1321.3094,3039.7554,-1300.5477,1323.5703,2703.045,351.783,1298.1833,3016.5222,-1201.8928,1311.5452,2720.7588,186.20128,1313.7163,2977.306,-1087.1929,1330.3392,2725.4397,256.71997,2024.3197,2482.5679,-436.08972,1987.8827,2383.4922,435.2513,2398.747,2736.999,-398.03876,1663.1523,2450.171,1277.3983,2944.4397,2747.7815,-166.86057,1877.6781,2718.8682,1999.414,3012.998,2714.2395,-149.22878,1986.098,2757.123,2061.7178,2973.759,2950.3572,-394.37997,1726.3079,2860.2112,2117.5896
mountain_rigth
IMG_20241017_114735.jpg,mountain_rigth,1203.6786,2141.2297,-580.48505,1174.0928,2101.45,-707.98236,1175.348,2097.127,-708.25543,1177.2733,2092.429,-708.4001,1176.1718,2099.9094,-565.53516,1178.4586,2094.6282,-565.8936,1181.5383,2088.2273,-566.02405,1224.6049,2055.252,-978.66797,1228.5056,2047.9731,-340.28015,1248.6068,2145.255,-657.9734,1254.2212,2144.6838,-471.81155,1444.6029,2188.5723,-1277.7828,1496.3477,2064.7693,249.3507,1433.3131,2587.781,-1308.1119,1499.4532,2422.794,545.59985,1366.2965,2960.429,-1116.8455,1381.7053,2679.2554,342.95273,1335.4302,3046.2432,-1286.2789,1326.7234,2707.4666,362.93835,1312.3134,3029.1545,-1205.8446,1315.4504,2723.1287,202.30617,1325.1161,2995.5344,-1082.9935,1336.1147,2723.8235,272.928,2048.086,2488.1917,-418.14676,1990.4685,2387.6829,417.31134,2407.0852,2733.9465,-313.2312,1628.819,2442.0398,1267.8495,2945.7598,2748.6362,-46.407055,1870.0592,2720.7876,1983.0433,3019.6794,2724.3542,-23.609053,1981.682,2753.318,2045.7632,2974.5996,2951.1174,-243.26057,1716.1292,2867.7542,2125.6472
mountain_rigth
IMG_20241017_114735_1.jpg,mountain_rigth,1208.9454,2153.087,-547.608,1179.316,2114.925,-677.0208,1180.0483,2110.0764,-677.32587,1181.4231,2104.5752,-677.5023,1181.5967,2113.8953,-529.2636,1183.5385,2108.8667,-529.5702,1186.2458,2102.707,-529.62646,1227.0823,2061.8127,-956.04504,1230.7684,2057.8044,-291.10834,1254.1013,2153.9414,-629.0564,1260.3566,2154.0159,-434.95407,1444.3741,2183.925,-1255.7496,1502.5992,2069.8503,289.08966,1432.3326,2588.9316,-1337.0814,1506.0883,2423.1226,554.519,1374.6266,2971.0713,-1156.0654,1390.1405,2671.046,323.9255,1338.4457,3046.8738,-1332.1302,1331.0776,2700.9973,345.86594,1315.4369,3020.8616,-1230.5604,1324.4196,2710.042,177.67026,1332.0905,2997.4128,-1116.1145,1343.7397,2714.4778,249.35883,2060.4707,2494.2712,-419.99286,2004.487,2388.131,419.3521,2421.2346,2734.245,-336.94135,1680.2224,2442.2637,1169.2174,2952.0264,2747.4543,-50.581272,1884.9412,2720.9204,1802.861,3030.694,2724.6714,-26.143879,1992.283,2748.6497,1856.6506,3002.1772,2935.214,-233.91147,1736.3275,2859.9512,1905.779
mountain_rigth
IMG_20241017_114735_2.jpg,mountain_rigth,1208.1932,2155.8245,-608.8553,1177.2133,2116.4387,-736.6576,1178.0065,2111.585,-736.9379,1179.5687,2106.0154,-737.13806,1179.2701,2115.1863,-587.67816,1181.2283,2109.9968,-588.0015,1184.1018,2103.784,-588.0642,1226.8035,2062.3352,-1003.7463,1229.5375,2059.2856,-332.05453,1254.0728,2158.011,-685.5226,1260.2312,2156.6372,-489.39447,1443.5946,2186.8723,-1298.2306,1499.6256,2069.1113,263.74634,1431.6373,2592.098,-1385.9133,1510.088,2429.3862,511.25885,1378.729,2969.768,-1232.2952,1385.1637,2700.3142,230.10669,1334.6593,3053.9014,-1419.923,1326.7445,2724.266,248.08412,1311.0822,3034.2764,-1312.6168,1322.4136,2732.9167,70.49662,1330.7959,3000.1665,-1191.2712,1342.6364,2740.2327,150.58717,2050.2698,2494.698,-436.87006,2005.3734,2384.38,436.2255,2411.0696,2733.435,-393.4824,1697.986,2448.6824,1269.982,2966.1836,2753.4478,-153.78084,1891.1276,2719.8086,1982.7092,3038.5435,2727.4514,-136.33162,2001.3804,2756.3535,2043.8345,3008.9382,2929.3704,-382.60098,1732.5388,2870.502,2089.9392
mountain_rigth
IMG_20241017_114746_1.jpg,mountain_rigth,2416.8796,2085.0947,-300.14374,2442.028,2033.8771,-291.29495,2439.0369,2026.716,-291.31165,2435.2043,2018.4894,-291.37393,2442.079,2037.5311,-447.70807,2439.6301,2034.0406,-447.87653,2436.7075,2030.2437,-448.33777,2380.5305,1975.9663,-136.89236,2392.48,2004.0576,-858.0955,2371.628,2094.5679,-222.49094,2370.0593,2098.2285,-431.41968,2105.0476,1999.2626,360.1264,2213.893,2169.753,-1261.0479,1951.0435,2271.1538,548.6454,2171.6252,2536.8633,-1400.1866,2004.9341,2522.29,367.17957,2204.2712,2903.2317,-1054.1149,2018.1434,2582.527,401.83267,2229.1304,2988.2031,-1190.8927,2046.2605,2561.6057,282.43787,2251.4324,2983.3484,-1094.6898,2037.8196,2557.478,311.2786,2235.2097,2953.5342,-1013.3157,1647.7166,2358.8704,539.9688,1619.1267,2483.1187,-541.31354,2187.2327,2404.1516,1400.8491,1294.2017,2789.3748,-446.89618,1873.0157,2688.2534,1967.9286,804.4698,2717.7024,176.6832,1788.9932,2737.5144,2010.8307,717.7132,2649.6748,245.43335,2038.1177,2800.1243,2035.0962,732.9497,2896.2598,54.472195
mountain_rigth
IMG_20241017_114746_2.jpg,mountain_rigth,2417.093,2046.8815,-321.30585,2433.3782,1994.1486,-297.85574,2430.028,1988.4791,-297.89844,2425.5366,1982.2842,-297.86896,2432.1755,1997.6394,-459.6727,2428.8076,1995.0464,-459.89853,2424.7778,1992.2925,-460.32004,2362.8015,1951.715,-90.71476,2376.052,1976.7201,-835.3935,2375.4675,2063.7468,-227.21432,2372.6755,2066.5354,-442.42908,2100.007,2002.239,425.87454,2212.1858,2160.6602,-1228.3676,1989.9879,2325.3853,514.47424,2180.8547,2535.1113,-1384.7139,2023.8724,2612.6458,210.63881,2221.5679,2902.2937,-1096.9203,2062.4436,2623.652,237.44913,2243.7598,2989.297,-1253.9274,2073.4504,2629.1873,107.59164,2268.2632,2985.1343,-1151.4215,2067.6987,2617.142,148.67828,2253.333,2955.4258,-1055.9176,1620.2386,2385.181,538.7923,1638.5762,2492.2026,-539.8322,2196.1106,2364.2295,1295.017,1298.9283,2803.72,-484.03842,1916.0153,2693.0386,1622.4396,808.8159,2723.4692,86.263954,1813.7666,2771.5955,1639.7592,717.07404,2661.0454,151.62015,2106.1997,2808.6123,1645.415,748.4871,2899.3633,-6.830514
mountain_rigth
IMG_20241017_114747.jpg,mountain_rigth,2425.491,2023.3142,-282.0473,2437.1414,1967.3464,-268.30002,2432.7917,1960.7651,-268.3518,2427.346,1953.5946,-268.4233,2437.547,1972.6875,-420.53925,2434.3308,1970.6484,-420.7702,2430.523,1968.4362,-421.23935,2361.2498,1925.9401,-108.49194,2381.1052,1956.4071,-806.98083,2384.006,2042.4905,-204.2149,2383.545,2046.4418,-406.47162,2089.841,1971.099,393.95343,2222.6309,2154.1316,-1219.1779,1958.0251,2280.5881,580.9961,2170.0652,2549.1667,-1304.9305,1996.1554,2536.3816,447.99515,2218.207,2906.5042,-917.20703,2051.1814,2533.3665,496.28702,2242.51,3001.9011,-1052.9261,2072.5752,2549.697,383.81638,2267.2974,2998.8352,-959.6268,2060.7734,2542.694,398.80618,2252.184,2975.3706,-877.27924,1635.6531,2376.8364,536.9329,1644.0505,2512.3997,-537.729,2191.9282,2375.8486,1285.2994,1293.5281,2804.796,-290.60547,1911.021,2691.6687,1772.1848,813.93994,2720.4956,544.9504,1804.8275,2757.829,1809.1868,726.465,2661.1294,639.2045,2067.5317,2782.6997,1846.2325,738.6307,2899.155,513.4341
mountain_rigth
IMG_20241017_115111.jpg,mountain_rigth,1346.7982,2114.0786,-620.57544,1350.0188,2069.1829,-717.57544,1356.196,2066.4663,-717.7914,1363.3347,2063.1018,-718.0325,1349.1104,2067.6418,-577.1188,1353.5958,2064.136,-577.3098,1358.7466,2059.5796,-577.2735,1428.3691,2053.1313,-915.7079,1421.7523,2042.4626,-277.97476,1391.6411,2146.582,-678.5172,1390.7227,2144.8547,-493.51846,1626.429,2259.151,-1194.3115,1639.966,2134.244,279.32495,1612.5872,2634.843,-1212.1223,1678.5348,2473.1062,368.37735,1581.5863,2972.8958,-973.99756,1616.6124,2720.3206,74.311325,1545.7872,3060.2747,-1154.7384,1583.9272,2750.1235,106.092354,1522.5162,3052.4373,-1042.193,1569.8833,2774.5852,-69.74417,1540.0625,3017.9,-932.711,1590.731,2780.6233,-2.469483,2214.9592,2491.8684,-430.28494,2109.9163,2402.963,430.06357,2510.5679,2807.405,-421.57916,1674.8815,2458.2893,1067.824,2938.5935,2794.6892,34.937054,1581.3014,2785.85,1548.62,2971.502,2760.3933,84.35228,1667.2084,2842.553,1579.2347,2949.808,2973.9744,-42.986908,1390.8392,2823.762,1543.5707
mountain_rigth
IMG_20241017_115112.jpg,mountain_rigth,1355.3843,2101.383,-586.5356,1364.644,2059.6804,-677.8705,1370.3862,2056.3257,-678.1083,1376.7474,2052.31,-678.32245,1362.8228,2058.5579,-539.05133,1366.6606,2054.87,-539.1279,1371.1423,2050.332,-538.93787,1435.5931,2043.2861,-861.5597,1429.6641,2037.1324,-233.0723,1393.2961,2132.8972,-641.5236,1390.594,2130.3672,-458.91837,1630.2867,2249.8586,-1135.7504,1649.6023,2163.0723,298.93018,1614.2206,2620.8494,-1144.7582,1670.6057,2492.9019,335.40573,1595.6638,2969.1006,-917.1484,1614.3799,2760.889,46.24812,1563.3259,3058.2483,-1093.4518,1587.0662,2804.307,81.53291,1538.9226,3050.9548,-991.0113,1581.6908,2815.0637,-96.11159,1552.4882,3020.6863,-880.3059,1595.713,2824.7275,-32.318687,2205.3235,2502.6948,-430.14905,2114.9138,2426.17,429.81143,2523.0942,2856.2595,-515.5524,1667.9282,2473.1743,987.53815,2933.3389,2809.067,-78.49727,1639.036,2828.5212,1307.1667,2954.8284,2811.7288,-26.936127,1727.7369,2894.523,1318.0214,2961.1724,2975.756,-106.66286,1469.5511,2893.4944,1260.6295
mountain_rigth
IMG_20241017_115112_1.jpg,mountain_rigth,1334.583,2109.0024,-663.7679,1346.6146,2065.7373,-753.43726,1353.7216,2062.6833,-753.60345,1362.1259,2059.3047,-753.80237,1343.5292,2065.5564,-614.3139,1347.4827,2062.5547,-614.4652,1352.2977,2058.6462,-614.2848,1424.8683,2053.8955,-929.1885,1413.4696,2046.0236,-299.34802,1376.7506,2140.618,-716.0731,1372.9886,2140.555,-532.99835,1616.9751,2267.7795,-1184.8016,1628.2192,2148.5486,254.08316,1596.2347,2644.062,-1197.7347,1661.1078,2479.6023,345.09378,1581.5894,2983.386,-983.99884,1598.4635,2730.158,64.10357,1550.8718,3069.5156,-1170.3573,1567.4639,2762.235,101.633026,1528.4069,3063.6858,-1065.9436,1560.1282,2771.6965,-76.172035,1545.2396,3028.9358,-948.11743,1580.7084,2778.2844,-11.350209,2208.845,2504.7017,-428.38666,2082.262,2412.4514,428.15292,2511.8745,2844.4436,-525.0176,1656.0201,2469.2224,1069.8146,2942.1235,2809.6365,-178.06758,1603.0625,2809.4692,1455.2249,2981.2083,2754.9788,-138.92061,1701.4884,2871.3516,1473.8245,2942.6797,2983.6914,-253.85278,1430.6714,2872.4792,1442.0052
mountain_rigth
IMG_20241017_115113.jpg,mountain_rigth,1334.7946,2102.7932,-646.39545,1343.0671,2059.0361,-744.559,1349.3567,2056.6987,-744.744,1356.7162,2053.9834,-744.9234,1341.7416,2057.544,-602.67255,1346.1884,2054.1548,-602.8668,1351.5841,2049.932,-602.7339,1418.0006,2049.6282,-937.1947,1414.0061,2038.2042,-295.96426,1376.5964,2137.4282,-703.28546,1374.8087,2136.0154,-517.1063,1604.3536,2264.8025,-1223.1503,1632.2257,2141.1777,268.48087,1588.9282,2642.56,-1225.7795,1656.5039,2478.2659,301.26492,1585.7661,2984.9934,-959.85675,1611.7982,2740.5967,-3.07909,1546.9412,3066.9363,-1144.0919,1572.5029,2789.6052,32.373463,1526.8568,3056.3884,-1038.2156,1566.2064,2801.4856,-150.53949,1545.1313,3026.7427,-921.9495,1590.1976,2806.0874,-82.390495,2196.332,2507.0786,-452.5234,2089.2917,2420.6528,452.23233,2505.9163,2840.6064,-540.95197,1639.7776,2469.751,1032.667,2950.0862,2796.3652,-179.6027,1573.8135,2819.255,1442.1836,2991.0947,2741.9084,-141.33209,1672.849,2890.0833,1461.1584,2956.6396,2984.88,-292.53354,1390.2448,2881.7056,1398.757
mountain_rigth
IMG_20241017_120316.jpg,mountain_rigth,934.84656,2379.963,-900.3257,909.31866,2335.7195,-1016.0784,912.3476,2329.6558,-1016.05536,915.36597,2322.91,-1016.16943,909.0137,2333.5552,-864.29065,911.6298,2326.7239,-864.8162,914.15656,2319.273,-864.96277,966.9454,2273.7249,-1239.9476,957.05743,2270.4678,-542.27026,988.1048,2382.5732,-961.2899,987.2449,2379.6104,-758.2101,1181.9474,2378.139,-1516.7449,1187.515,2243.21,129.0449,1161.9688,2765.69,-1738.8492,1229.4612,2599.736,419.8836,1151.5513,3141.9358,-1624.0093,1183.0162,2869.4543,234.62239,1129.3475,3233.8232,-1862.9097,1149.7686,2908.319,286.31552,1102.8154,3222.0044,-1723.9814,1139.9124,2932.7947,81.542404,1117.0306,3195.5972,-1580.0978,1169.9082,2937.5312,150.52583,1818.6205,2455.7964,-524.3528,1705.5944,2388.0757,523.6963,2014.4493,2899.0442,-570.92145,1265.1931,2557.7808,1404.2784,2547.5579,2877.8706,-257.05942,1396.6532,2942.7976,2132.647,2648.495,2814.7708,-241.32129,1484.0986,3017.2869,2182.2048,2537.8062,3100.8047,-496.0838,1194.3231,3055.9702,2154.329
mountain_rigth
IMG_20241017_120317.jpg,mountain_rigth,942.2238,2403.5742,-915.2609,915.3285,2358.513,-1022.08325,918.201,2351.8152,-1021.96875,920.7279,2344.3547,-1022.07166,913.9842,2356.7588,-880.9858,915.6637,2349.6885,-881.55206,916.9851,2341.9045,-881.7103,965.33356,2291.4624,-1217.5465,955.96655,2289.2202,-568.4248,994.264,2400.215,-966.13086,993.05756,2397.578,-776.88617,1189.0837,2391.085,-1456.305,1182.4197,2274.248,62.078007,1165.5447,2783.32,-1657.5327,1201.3434,2636.6328,268.06537,1158.931,3158.3206,-1575.0817,1164.0698,2907.113,40.06033,1133.4421,3239.901,-1811.591,1128.6776,2940.8762,82.15811,1110.9281,3230.5574,-1670.1211,1122.0885,2957.704,-120.33169,1125.3436,3205.174,-1532.42,1142.3765,2962.3718,-43.87185,1799.0963,2467.5972,-486.63892,1682.111,2407.4846,485.611,2020.1692,2914.1802,-518.98157,1259.8707,2570.836,1299.2539,2547.6523,2892.723,-201.14963,1372.1307,2963.7622,1981.137,2650.879,2836.8406,-184.63664,1461.9272,3025.9158,2026.3602,2540.5403,3111.39,-438.61926,1176.715,3062.3845,1983.5878
mountain_rigth
IMG_20241017_120317_1.jpg,mountain_rigth,952.0729,2407.1504,-1047.9963,926.4992,2360.1873,-1158.1462,930.57086,2353.6814,-1157.9658,934.7196,2346.395,-1158.0481,922.494,2359.212,-1021.7852,923.3299,2352.756,-1022.4759,924.29333,2345.589,-1022.7431,982.55975,2293.7966,-1360.8517,968.17804,2292.4458,-734.29596,1005.5952,2405.1506,-1099.1709,1002.7771,2404.4553,-916.97186,1206.8717,2388.9272,-1559.6584,1178.7738,2284.1416,-115.66234,1179.2617,2785.9604,-1716.1982,1206.9623,2613.6758,146.93413,1164.9493,3167.5679,-1632.1736,1141.7179,2898.1055,-20.284767,1134.6079,3255.012,-1867.286,1105.0487,2944.463,17.548,1107.1929,3244.505,-1744.6854,1098.1165,2962.6365,-186.88994,1120.4891,3216.6084,-1595.9802,1116.756,2964.9934,-101.90228,1806.486,2466.2568,-471.93463,1662.9127,2407.086,471.05197,2014.3833,2912.2727,-539.76996,1253.4974,2569.034,1324.5735,2559.342,2884.8232,-262.57596,1348.7778,2955.2605,2010.1873,2665.501,2827.4075,-249.50223,1384.6298,3029.0325,2057.4214,2554.8496,3101.7336,-502.6779,1128.7605,3068.0771,2023.2792
mountain_rigth
IMG_20241017_120318.jpg,mountain_rigth,953.21436,2405.2473,-982.85614,928.8761,2361.2993,-1094.6836,932.0469,2354.868,-1094.6187,934.7807,2347.75,-1094.7648,926.2991,2360.8567,-952.2937,927.58325,2354.8062,-952.86926,928.64435,2347.8882,-953.0434,977.5422,2297.703,-1302.4163,966.2037,2297.346,-648.02606,1003.9463,2404.7446,-1037.037,1002.1691,2403.0159,-846.4123,1196.9436,2395.4924,-1538.4434,1182.0669,2281.98,-14.206914,1169.8433,2795.9304,-1754.8651,1206.3024,2638.3472,251.56255,1149.1908,3171.7268,-1676.2141,1150.1665,2895.1587,74.06717,1122.7485,3261.2307,-1912.8466,1110.6794,2941.2297,120.62893,1096.4153,3250.833,-1780.0052,1104.1804,2959.2063,-84.378555,1109.9408,3223.6968,-1636.4293,1124.8785,2961.01,-9.877363,1806.6232,2484.0532,-480.77127,1673.6663,2424.1611,480.0943,2019.8025,2918.7107,-543.3832,1246.1344,2581.293,1313.9648,2544.5142,2882.5295,-269.4083,1341.6931,2955.895,1998.4966,2647.753,2830.4749,-259.23584,1432.6183,3023.8523,2043.4286,2526.6414,3096.8909,-540.4965,1125.7158,3072.6213,1998.8535
mountain_rigth
IMG_20241017_121207.jpg,mountain_rigth,1082.3556,2007.3115,-713.08575,1071.9495,1961.4421,-822.4925,1075.6466,1958.7566,-822.6699,1080.0658,1954.9918,-822.8642,1073.7319,1956.9319,-679.26074,1077.9388,1951.5278,-679.301,1082.4077,1945.5837,-679.4161,1141.3438,1931.2003,-1059.5222,1136.9681,1923.6056,-413.99106,1124.6885,2027.5614,-784.1794,1128.3081,2025.6633,-596.34717,1314.103,2070.7854,-1375.0853,1367.922,2008.1017,190.71771,1339.7609,2483.076,-1417.7,1408.632,2367.7927,326.31757,1358.1826,2808.1003,-1122.2322,1394.5326,2663.5403,89.26591,1328.2108,2873.7754,-1263.6504,1379.889,2730.2727,121.577896,1310.5293,2862.1877,-1192.6366,1369.7897,2734.3845,-33.56309,1335.113,2836.6758,-1090.7526,1385.0743,2727.7925,20.259485,1828.3988,2432.6863,-457.8112,1757.4608,2378.2263,456.6527,2091.443,2843.4578,-518.07764,1246.2938,2330.2507,1211.1387,2637.5427,2764.8525,-205.44742,1435.7507,2746.257,1760.0854,2734.5005,2702.6626,-171.63213,1513.3724,2823.024,1797.8425,2714.1375,2986.9514,-366.49133,1281.8833,2854.2026,1797.1768
mountain_rigth
IMG_20241017_121208.jpg,mountain_rigth,1081.0464,2012.0892,-658.757,1066.7722,1964.8785,-762.18243,1070.5804,1961.5223,-762.3227,1074.8198,1957.3828,-762.49097,1066.8209,1961.9197,-628.6357,1070.176,1956.7977,-628.72815,1073.8425,1950.964,-628.8276,1132.2035,1935.3823,-987.1266,1128.8679,1928.7601,-386.03174,1126.0197,2032.0117,-726.7313,1128.1586,2030.6437,-551.9431,1314.7241,2075.7498,-1275.2231,1357.7998,2010.8635,176.06673,1330.5803,2473.682,-1279.1893,1379.4784,2368.47,331.69067,1353.2745,2791.2732,-966.57574,1372.3627,2651.2917,143.60077,1332.9702,2870.1467,-1095.8887,1374.2913,2720.9033,175.19171,1314.9932,2869.9517,-1038.1915,1366.985,2723.6416,21.493992,1330.0496,2845.9092,-940.01465,1378.3867,2718.0994,76.20514,1827.5848,2424.492,-425.0272,1740.8129,2368.0088,424.05142,2082.9922,2855.389,-540.38446,1234.8263,2345.4448,1020.1735,2636.045,2767.7305,-207.44817,1432.9934,2753.866,1404.215,2730.7942,2700.9158,-166.52162,1520.1367,2819.7297,1423.9802,2713.0898,2980.4263,-282.4707,1289.59,2877.7715,1413.5947
mountain_rigth
IMG_20241017_121208_1.jpg,mountain_rigth,1088.1019,2013.1891,-660.5492,1075.0433,1965.5963,-764.0726,1078.507,1962.1605,-764.24207,1082.4875,1957.9377,-764.4375,1075.9109,1962.6818,-634.0494,1079.4453,1957.3419,-634.10315,1083.1666,1951.3434,-634.2237,1140.912,1935.243,-985.2576,1138.0286,1928.1658,-398.82272,1132.0317,2032.8602,-726.6386,1134.3904,2031.4519,-555.9597,1322.86,2071.122,-1267.7262,1364.7948,2007.4406,161.94772,1341.7323,2481.8318,-1279.9885,1405.7549,2345.6792,290.52902,1383.2751,2800.7766,-957.2593,1375.4272,2635.7346,77.58165,1360.4812,2864.119,-1079.0957,1371.6073,2705.9932,107.87126,1342.6053,2854.6243,-1013.6659,1365.5479,2706.885,-41.04295,1360.9485,2834.9844,-927.3709,1380.5253,2699.6584,11.767232,1833.2444,2423.9863,-410.243,1750.4822,2377.6843,409.05243,2088.8267,2836.0432,-501.66635,1235.7375,2340.7917,1067.5344,2635.5015,2760.5378,-210.6225,1427.6587,2744.6177,1486.1844,2728.9138,2702.4824,-176.35172,1511.2056,2820.6604,1513.1979,2708.3748,2987.2349,-329.27264,1284.8202,2870.5178,1519.6608
mountain_rigth
IMG_20241017_121258.jpg,mountain_rigth,843.65533,2133.8164,-531.5692,832.36,2084.7317,-631.35626,836.11017,2079.8464,-631.40424,840.5952,2074.8403,-631.4607,832.2836,2085.6218,-511.2746,835.4693,2081.656,-511.5488,839.2523,2077.377,-511.647,891.4909,2054.864,-841.38385,888.48914,2050.4578,-298.50732,892.9882,2154.1528,-592.05707,892.0303,2152.3176,-433.41757,1044.7478,2193.1687,-1093.7231,1131.0248,2109.6182,234.17195,1057.2611,2587.7195,-1100.9489,1155.3698,2471.8293,324.09467,1077.4448,2923.9922,-915.29706,1197.953,2748.715,121.46441,1069.8617,3011.2205,-1065.2653,1192.6344,2808.7214,148.14978,1056.8596,3016.4502,-977.9603,1179.7026,2815.722,2.4812644,1069.5166,2984.2847,-881.7063,1179.7657,2796.6685,61.01954,1622.2869,2418.1655,-422.94073,1589.1085,2359.9417,421.37845,1836.4164,2866.0127,-499.36545,1143.1636,2437.0286,1085.4464,2358.5771,2791.7395,-343.9306,1329.9255,2812.584,1571.0962,2445.228,2744.5063,-327.7415,1411.9966,2872.6365,1599.6721,2382.2905,3016.752,-484.61835,1145.9572,2955.69,1580.0852
mountain_rigth
IMG_20241017_121259.jpg,mountain_rigth,859.40875,2150.2947,-639.47876,844.8365,2100.0867,-739.1518,848.009,2095.3523,-739.1818,851.6453,2090.1323,-739.27325,846.3075,2098.4565,-613.1302,850.1298,2093.0994,-613.3772,854.1576,2087.2664,-613.4094,901.12823,2063.552,-936.2996,900.26483,2056.2998,-362.2014,907.45764,2165.5063,-694.4826,909.38184,2162.9587,-526.47186,1065.7289,2196.879,-1159.6168,1148.4761,2110.5867,190.3688,1058.8445,2600.3662,-1175.983,1159.3292,2454.8267,287.06094,1077.6635,2942.1133,-996.1341,1206.1263,2744.3445,54.414623,1066.8843,3022.5466,-1159.3475,1178.168,2797.5234,83.97253,1057.5272,3024.7173,-1060.0745,1170.4402,2807.9785,-74.23429,1069.5155,2998.4177,-959.24493,1181.818,2807.1438,-10.391789,1647.4518,2395.4788,-431.54355,1608.3204,2337.197,429.9965,1855.6267,2852.3555,-540.23816,1158.754,2433.4282,1163.74,2374.4116,2793.8918,-385.34357,1332.7848,2814.1704,1707.3966,2478.7432,2746.957,-370.93222,1419.0602,2875.0051,1739.191,2392.683,3028.1917,-539.50085,1163.6633,2946.3467,1705.0608
mountain_rigth
IMG_20241017_121259_1.jpg,mountain_rigth,854.6744,2160.009,-654.033,836.57306,2110.769,-748.15607,839.80096,2106.5674,-748.1267,843.7271,2102.118,-748.1694,836.8182,2109.7808,-629.3969,839.8669,2105.0154,-629.7685,843.61896,2099.973,-629.8659,894.5362,2076.8428,-927.1994,892.9638,2068.6562,-387.34924,902.5597,2176.147,-703.5511,902.8313,2173.645,-545.27386,1058.6334,2203.6243,-1138.7755,1134.3636,2108.1035,146.78944,1054.6799,2596.844,-1192.6478,1150.6995,2451.3242,220.02525,1082.5968,2934.4482,-1077.2769,1205.8873,2749.034,-28.960676,1076.2931,3019.256,-1251.7452,1186.3229,2842.8396,-4.16896,1063.725,3028.5676,-1146.626,1169.7498,2817.6333,-167.82762,1075.8748,2997.1084,-1041.0107,1181.0118,2817.7307,-95.68991,1653.7662,2374.8684,-424.92368,1600.3191,2307.7744,423.45047,1855.9646,2832.3633,-565.3153,1153.6642,2425.4292,1157.6791,2395.6602,2803.5815,-467.48578,1315.2642,2803.128,1684.261,2498.767,2757.1406,-460.7736,1400.4182,2865.7297,1713.6003,2389.1611,3030.927,-635.27563,1144.5403,2932.902,1684.2329
mountain_rigth
IMG_20241017_121300.jpg,mountain_rigth,864.8158,2168.7837,-656.0392,842.5236,2119.4116,-750.7705,845.81287,2115.0676,-750.72046,849.8937,2110.184,-750.769,843.49036,2118.2437,-628.81915,846.98535,2113.3857,-629.1889,851.2447,2108.0017,-629.2639,903.60376,2081.0193,-931.0577,901.2554,2074.7686,-377.3699,914.98724,2183.0503,-705.9268,915.3362,2181.2341,-543.5797,1072.3029,2190.0632,-1142.6051,1147.9904,2116.1545,172.70883,1066.6597,2593.023,-1179.076,1165.2565,2454.7542,260.80756,1085.7709,2928.8057,-1035.7484,1209.8236,2750.5894,8.962994,1076.7805,3013.833,-1208.4016,1188.3784,2806.306,35.772633,1062.8137,3020.5503,-1102.0023,1177.567,2816.7256,-125.147026,1075.5052,2991.7483,-997.9646,1189.1072,2815.764,-56.72916,1656.2582,2371.4136,-427.02606,1607.9338,2315.0845,425.57925,1864.3579,2834.955,-542.17267,1166.6862,2412.2612,1162.3678,2392.635,2790.4697,-406.07544,1322.5438,2811.705,1730.6543,2497.3723,2746.4019,-396.96228,1403.5914,2875.602,1764.4098,2390.7185,3019.321,-583.1372,1143.1224,2940.16,1724.9744
mountain_rigth
IMG_20241017_122759.jpg,mountain_rigth,1158.1005,2285.3364,-827.54517,1151.0823,2234.6196,-932.5106,1157.2056,2231.4863,-932.57544,1163.8547,2227.5225,-932.54095,1148.7968,2231.5015,-803.0706,1152.8058,2226.6375,-803.5412,1156.8684,2221.0332,-803.8796,1222.4905,2207.0325,-1144.7383,1210.4971,2193.7659,-550.56744,1203.4027,2307.196,-886.6032,1200.1426,2301.251,-714.714,1386.9312,2373.893,-1438.609,1436.4452,2207.6758,9.030901,1391.1156,2758.3313,-1560.3887,1588.7953,2535.5386,183.43861,1374.606,3064.8086,-1418.1627,1626.2697,2797.1172,-76.33493,1364.6926,3168.4905,-1629.1744,1640.0444,2874.595,-56.775185,1352.9574,3161.1206,-1528.1403,1620.4412,2912.8838,-246.50092,1362.8152,3127.358,-1386.5303,1690.4258,2919.921,-152.97443,1988.3448,2593.7034,-465.1879,1879.4518,2484.6768,463.81912,2249.6929,2893.147,-373.7016,1444.4126,2563.5137,1215.4119,2742.8708,2921.1223,-70.636284,1608.3435,2952.2795,1895.4321,2842.8967,2892.9053,-52.944733,1698.9015,3011.6484,1948.7888,2686.1443,3113.5728,-341.54303,1457.2472,3062.1746,1961.5477
mountain_rigth
IMG_20241017_122759_1.jpg,mountain_rigth,1155.8882,2307.5884,-642.7666,1140.1708,2258.7703,-746.0868,1143.9489,2255.0454,-746.2359,1148.2726,2250.3984,-746.1629,1141.77,2253.9521,-632.3764,1146.0913,2247.3389,-632.7886,1150.8668,2239.8396,-633.0175,1208.1287,2222.8984,-951.14886,1209.3159,2206.9888,-441.8086,1200.7498,2322.6443,-699.21643,1204.899,2316.9097,-550.58575,1394.707,2380.459,-1179.3384,1452.9666,2229.6968,81.93356,1374.2927,2746.696,-1160.6609,1540.7188,2585.1714,249.39026,1374.8306,3082.3066,-971.05853,1542.155,2892.1409,99.56332,1356.0359,3181.2495,-1121.2928,1504.623,2917.0522,126.92002,1341.5614,3175.8853,-1039.3586,1450.8313,2892.1777,-16.043919,1354.4507,3144.5073,-940.217,1517.9347,2929.6963,43.66561,2004.6973,2600.2249,-353.72382,1893.7021,2512.922,352.1696,2264.5127,2903.113,-160.53664,1424.4829,2559.5547,1014.1783,2735.5925,2916.2869,143.12714,1662.5133,2927.9326,1571.7866,2843.46,2896.9487,164.03261,1734.3123,2982.5264,1614.4976,2666.0693,3119.5479,-85.649765,1456.199,3018.3435,1635.5
mountain_rigth
IMG_20241017_122800.jpg,mountain_rigth,1154.7645,2294.8997,-604.1052,1139.8715,2246.3535,-717.73627,1143.7925,2243.198,-718.0293,1148.4868,2239.2258,-718.05994,1142.0984,2242.3406,-593.63153,1146.9597,2236.8936,-593.9725,1152.2632,2230.6375,-594.1698,1211.4196,2212.8616,-955.24164,1212.0635,2200.6094,-395.95685,1201.3264,2314.2205,-671.5182,1204.7131,2308.3352,-508.43024,1388.7637,2370.918,-1209.3982,1457.1534,2231.7544,136.58513,1358.3895,2740.4885,-1267.3658,1509.406,2558.2966,293.60803,1381.8494,3076.1414,-1111.5264,1538.2355,2835.873,121.31778,1365.5718,3163.9924,-1278.9681,1469.1208,2846.981,142.80617,1346.1692,3157.1829,-1195.4617,1430.4094,2870.9368,-3.1368823,1354.9608,3129.8738,-1080.9923,1439.2024,2860.3115,62.045288,1993.8246,2591.6855,-375.87668,1902.5978,2499.2688,374.81882,2247.4731,2872.2766,-261.7299,1445.1738,2545.6738,1025.9128,2742.1667,2903.9583,18.95085,1647.3881,2917.4873,1536.244,2853.1587,2902.4756,36.548023,1737.3604,2969.8625,1569.8613,2662.8591,3114.8223,-210.81229,1457.047,3012.3235,1553.459
mountain_rigth
IMG_20241017_122800_1.jpg,mountain_rigth,1169.005,2291.5938,-617.6579,1152.0001,2244.1245,-727.8846,1156.1697,2240.099,-728.11957,1161.0409,2235.4387,-728.1078,1152.8358,2241.1855,-607.6232,1156.9678,2235.4722,-607.9686,1161.6161,2229.2246,-608.1799,1220.6439,2209.425,-952.3034,1220.281,2199.4448,-412.04892,1218.0636,2307.2231,-680.3131,1220.1576,2303.906,-522.5905,1394.1243,2358.2366,-1194.8766,1460.9564,2226.1208,132.0675,1367.5033,2710.6008,-1232.9229,1500.2104,2572.1028,289.4984,1378.4553,3071.1985,-1089.9373,1499.9297,2870.928,114.514946,1365.9203,3161.2825,-1246.096,1431.0181,2865.039,145.31552,1346.6469,3159.8562,-1162.2959,1407.6907,2886.9128,-0.7261912,1354.9379,3132.9011,-1057.5883,1412.2358,2895.98,55.269497,1981.9694,2577.3232,-366.4209,1910.7202,2489.3945,365.16437,2243.5295,2863.756,-254.59142,1444.8223,2546.501,958.0874,2727.3074,2903.5876,54.658676,1624.8113,2911.0798,1422.3245,2838.4297,2892.0654,75.36127,1713.0681,2966.939,1450.7827,2653.4236,3093.1843,-155.27635,1424.0638,3011.271,1421.2
mountain_rigth
IMG_20241017_122801.jpg,mountain_rigth,222.35,541.88153,-69.054726,220.59058,529.9523,-84.831635,221.87085,528.73486,-84.87511,223.35681,527.47723,-84.855515,219.98538,530.2384,-60.207912,220.71217,529.29565,-60.258743,221.57877,528.29254,-60.310444,236.91376,521.13226,-118.84867,233.98552,521.5957,-7.2035933,232.05698,544.714,-80.25075,231.65039,545.44775,-47.889248,275.85095,548.65015,-199.50993,280.78384,537.9412,86.792885,268.7643,630.9084,-243.76195,297.6622,620.60205,92.851746,267.62552,713.3046,-218.59436,302.52805,700.3571,28.690823,261.04028,729.94696,-251.34496,297.87717,712.71497,29.407335,258.17877,728.63324,-232.32306,299.6029,717.0345,-3.5959811,261.8933,723.9331,-212.10957,296.45273,709.65283,12.636412,395.31158,610.18054,-89.81834,376.29376,606.64703,89.58285,424.80597,659.62415,-85.33565,283.4594,613.6768,169.22844,515.9467,706.8152,-22.551853,332.4895,713.2288,236.0575,581.23846,690.5717,-19.809265,352.9606,726.0251,238.74619,502.66055,746.1673,-85.840775,297.6296,752.53973,217.67023
mountain_rigth
IMG_20241017_122801~2.jpg,mountain_rigth,226.86629,541.42914,-132.6188,223.93073,531.43317,-152.48126,224.76894,530.6101,-152.53828,225.78099,529.6667,-152.55139,223.92946,530.92816,-125.03466,224.70987,529.79486,-125.06381,225.63118,528.5673,-125.06198,238.29633,523.5456,-192.2938,237.71791,522.06714,-69.37819,236.97035,545.93195,-144.7824,236.85638,545.49915,-108.88248,275.68402,547.8401,-255.4202,289.31946,539.2112,49.863567,264.75046,632.68726,-287.85638,288.24768,623.7732,69.66988,265.93732,718.3423,-270.75204,292.5064,701.55896,9.148198,259.70642,735.00195,-308.74304,285.02902,707.9107,11.2553005,256.32297,733.8418,-288.37357,286.73734,709.747,-24.688375,260.80927,728.53485,-263.03406,285.615,714.3032,-7.3158827,391.43182,607.50635,-87.30772,386.0288,602.833,87.01484,467.9027,676.2555,-71.589905,290.78687,632.931,162.9934,574.2728,687.87024,-4.98216,337.4022,710.725,239.01611,597.185,687.8956,-0.8271312,354.97574,725.3133,243.33948,562.9004,735.41144,-59.55704,292.65228,751.74725,226.52028
mountain_rigth
IMG_20241017_122802.jpg,mountain_rigth,227.30608,541.9157,-64.64833,223.82024,530.9797,-82.38141,224.70125,530.08655,-82.391464,225.74283,529.11255,-82.36276,223.938,530.6437,-55.381832,224.83472,529.573,-55.380817,225.8667,528.4189,-55.360523,239.37297,522.8807,-123.07117,238.79729,521.5929,-2.1787598,237.39351,546.3254,-76.75018,237.54968,546.2502,-41.403736,275.29718,548.19977,-188.98807,293.14682,540.6457,101.96703,265.208,632.789,-217.70178,293.28677,622.98267,116.753654,263.40366,718.79047,-184.9135,299.00116,705.36,64.4806,257.93347,733.6736,-215.29323,293.7286,713.8518,67.39911,256.25146,732.19446,-190.98549,293.55902,714.51465,33.090458,260.275,728.23047,-174.58473,292.76544,712.9008,49.00737,386.7182,608.88544,-89.48612,392.62686,606.3437,89.28991,312.38162,633.9752,-61.91387,393.0366,665.1457,107.124146,334.95987,706.885,31.60275,477.69257,720.4172,203.09578,356.31622,723.27576,39.29374,495.73602,721.8432,213.1977,319.59824,742.65857,24.933855,470.5625,760.5489,210.35617
mountain_rigth
IMG_20241017_122802~2.jpg,mountain_rigth,219.68631,537.6958,-134.22513,217.70915,527.0075,-152.75775,218.89445,526.3099,-152.84274,220.25331,525.4833,-152.86583,217.78348,526.732,-124.89578,218.9278,525.88983,-124.88183,220.17708,524.8761,-124.87066,235.02603,521.066,-191.03581,233.86052,519.52026,-66.007195,229.43971,543.11035,-145.91081,229.33064,542.75275,-109.42434,273.35608,548.4725,-254.15591,287.58487,541.6899,48.55782,264.05347,632.0937,-288.12366,289.959,622.32697,61.718746,265.4093,721.33075,-272.47754,300.69214,705.5724,4.714523,257.8726,736.5462,-310.77942,295.07718,714.3738,5.3415546,254.82141,736.0026,-292.8653,296.48212,720.0112,-28.762424,259.22845,731.4221,-265.7165,301.4203,713.46246,-10.923235,394.96292,614.4511,-83.964264,383.51486,612.52673,83.61897,473.63638,679.20416,-32.018017,282.50986,639.83887,141.28526,575.06665,692.348,60.63986,333.75317,710.7903,206.62592,592.5629,692.57306,67.39002,352.5904,723.87555,209.798,563.1362,735.28674,3.171115,286.78915,755.0414,190.16042
mountain_rigth
IMG_20241017_122816.jpg,mountain_rigth,981.9418,2366.087,-527.59375,958.0453,2320.2363,-638.944,960.67126,2315.1375,-639.16534,963.5295,2309.2524,-639.33856,959.4853,2318.6968,-479.93893,962.7499,2312.8613,-480.09763,966.137,2306.04,-480.18677,1010.17694,2265.3528,-868.5914,1010.0281,2260.3513,-149.25941,1027.7788,2368.818,-596.4132,1030.1677,2368.008,-386.0013,1178.4375,2353.7356,-1280.4084,1260.5002,2248.8213,486.41745,1140.7635,2753.1184,-1620.9758,1289.4191,2584.013,693.371,1102.5552,3114.162,-1488.3026,1247.9253,2848.706,342.9694,1056.2938,3185.7275,-1717.5498,1206.393,2877.1028,377.10043,1034.6268,3180.5884,-1571.3655,1208.408,2884.8613,188.7414,1055.8013,3159.638,-1440.9913,1221.0803,2891.7205,253.31842,1885.7571,2391.2554,-524.8335,1808.6108,2361.0981,524.4058,2260.676,2688.4683,-399.66077,1378.248,2530.379,1107.0748,2695.686,2909.433,-97.61959,1631.3931,2911.5693,1739.8483,2798.681,2898.8813,-87.12173,1743.5544,2974.1917,1786.4019,2660.2356,3141.2314,-456.44638,1502.5862,3007.9546,1712.2561
mountain_rigth
IMG_20241017_122816_1.jpg,mountain_rigth,991.20013,2326.8381,-554.3331,973.5008,2280.7056,-654.20404,977.8738,2275.4668,-654.46027,982.28314,2269.0393,-654.665,973.39404,2280.215,-502.5288,976.9794,2275.4788,-502.67316,980.5987,2269.7976,-502.71844,1036.6033,2228.5066,-836.9,1032.6423,2228.3267,-151.34834,1039.4738,2333.985,-606.95996,1042.1593,2333.7573,-406.25104,1217.8218,2332.2969,-1238.6832,1283.0343,2240.8223,488.3901,1162.9443,2735.8157,-1522.4142,1328.6694,2578.1838,601.2564,1102.7632,3092.1196,-1375.8579,1299.0378,2915.8196,218.33318,1058.1509,3161.6604,-1601.018,1203.4606,2887.839,247.13611,1035.3505,3156.4963,-1452.7472,1207.4994,2895.5974,64.617676,1057.419,3137.4746,-1327.5157,1222.6946,2905.1187,129.65147,1910.126,2378.6206,-514.2613,1817.4069,2367.369,513.73175,2258.305,2699.0881,-346.64618,1398.1523,2520.933,1089.2485,2706.522,2924.5637,-4.871587,1651.3452,2906.353,1708.9434,2802.2021,2911.3406,7.970397,1756.2516,2971.7856,1753.6846,2656.5325,3138.106,-376.54416,1496.7817,3011.539,1667.605
mountain_rigth
IMG_20241017_122817.jpg,mountain_rigth,973.5102,2326.3076,-596.0468,954.75696,2278.7341,-697.9094,958.90625,2272.715,-698.17755,963.9836,2265.4941,-698.41486,953.34576,2278.121,-546.42957,955.7831,2272.503,-546.55853,958.8798,2266.0242,-546.53296,1018.16943,2220.4778,-879.77875,1012.50586,2219.8643,-195.74197,1024.7155,2328.6704,-647.9229,1026.5685,2329.1685,-447.52188,1213.7123,2325.9094,-1268.7104,1264.0466,2248.5225,442.2952,1153.4591,2725.4482,-1553.3064,1265.278,2600.0818,569.2969,1101.8829,3074.7957,-1441.3439,1207.1406,2876.0347,218.0385,1062.5842,3152.7217,-1671.651,1173.7882,2900.8752,254.24031,1038.2482,3151.3489,-1526.0245,1172.2982,2911.3394,68.79044,1058.574,3131.1694,-1395.329,1181.7893,2930.1692,129.06949,1902.555,2390.7537,-511.29163,1802.5941,2373.6123,510.93198,2253.1428,2690.7092,-373.54626,1375.1505,2524.953,1032.6438,2698.6492,2924.7415,-67.5322,1639.6565,2904.2153,1637.9141,2797.529,2909.484,-59.07884,1752.4014,2969.8958,1682.0692,2656.1572,3146.5588,-449.34772,1496.8276,3015.49,1591.1438
mountain_rigth
IMG_20241017_122817_1.jpg,mountain_rigth,979.7281,2330.3245,-520.7545,961.6545,2283.9387,-614.2254,966.25836,2278.0393,-614.51996,970.6067,2271.0457,-614.7171,959.55475,2284.2375,-471.8818,962.34985,2279.1758,-472.05457,965.0495,2273.1323,-472.12863,1019.778,2228.4194,-782.9099,1013.3158,2229.7195,-141.21838,1027.1748,2335.144,-569.86017,1028.1016,2336.8982,-381.91483,1199.0641,2332.0195,-1164.0957,1260.955,2247.0833,466.45145,1162.1469,2731.232,-1423.5383,1340.3282,2580.466,584.3224,1111.8823,3084.8562,-1297.4424,1324.8054,2909.8635,230.52867,1071.7703,3156.564,-1510.6528,1222.3129,2876.9775,260.09933,1045.7158,3153.8562,-1374.0443,1221.8346,2905.6062,82.351395,1067.2712,3133.2537,-1253.5295,1294.4475,2944.4417,144.94038,1886.8296,2399.813,-477.56934,1794.9933,2379.5786,477.029,2242.9937,2699.709,-333.5582,1368.2722,2538.3284,1034.1515,2688.7146,2928.8171,-36.23059,1641.529,2910.1074,1578.5957,2787.9138,2915.4976,-27.067062,1746.6042,2972.356,1614.0281,2651.0608,3149.005,-393.661,1491.5967,3018.4504,1525.6337
mountain_rigth
IMG_20241017_122830.jpg,mountain_rigth,732.8996,2183.9062,-676.16986,723.3315,2127.4854,-767.7185,728.0447,2121.3467,-767.76917,733.6473,2114.7942,-767.88275,723.14056,2128.4685,-618.1062,727.3102,2123.4998,-618.3233,732.05725,2117.9092,-618.3169,797.64545,2085.0354,-925.6576,786.6438,2086.9285,-247.66428,782.57184,2199.5725,-720.9416,782.0813,2198.27,-522.454,996.09015,2182.3875,-1310.6006,1037.0078,2142.755,344.64407,851.4432,2591.3645,-1741.2441,978.07983,2495.8728,400.97354,729.0258,2954.3054,-1715.6791,924.63007,2835.0764,-4.278976,674.8104,3045.0005,-1968.2379,830.2362,2809.8074,17.209835,658.4831,3039.381,-1796.0585,828.7199,2820.3118,-177.5384,686.548,3010.4883,-1665.8208,835.6814,2827.9043,-100.42945,1631.4736,2211.5881,-522.93207,1571.7097,2203.957,522.62115,2054.0115,2533.7903,-499.87305,1159.3119,2396.2434,916.72064,2493.6348,2848.3428,-248.5412,1372.7158,2816.6895,1471.1329,2584.879,2867.847,-248.80115,1482.0411,2894.5303,1510.3179,2437.1091,3073.4922,-680.28827,1209.8784,2914.8848,1356.537
mountain_rigth
IMG_20241017_122831.jpg,mountain_rigth,728.9233,2199.159,-582.5558,722.2659,2143.158,-673.6532,727.57635,2137.4578,-673.6978,733.397,2131.1482,-673.7932,722.01874,2142.4019,-525.2039,726.87787,2136.5278,-525.4031,732.0088,2129.8198,-525.4012,796.86444,2098.4272,-834.56683,785.5094,2095.736,-165.00966,778.3746,2213.6965,-629.7643,778.0189,2212.463,-433.6368,995.18536,2192.387,-1227.2412,1039.6338,2141.4146,428.21118,841.3454,2607.3088,-1628.434,992.3537,2518.9966,505.3987,719.59607,2978.959,-1561.7539,910.79456,2813.3494,92.28438,665.29224,3056.627,-1795.7969,853.55115,2782.2456,112.56251,648.0885,3047.668,-1634.2959,849.70184,2794.302,-73.92546,678.52386,3020.1338,-1512.7286,866.56476,2801.2385,-0.32746616,1601.4015,2216.537,-515.9574,1549.733,2208.9363,515.6437,2026.6222,2546.1218,-619.98517,1157.9514,2381.5046,869.5651,2489.05,2863.7095,-511.79315,1385.8026,2819.3872,1299.8431,2605.293,2883.153,-526.8941,1481.3077,2895.8682,1324.4287,2423.7424,3097.2825,-954.5222,1190.9025,2924.9307,1180.4597
mountain_rigth
IMG_20241017_122834~2.jpg,mountain_rigth,131.86006,549.95337,-225.41594,130.63782,537.7599,-236.0962,132.02057,536.0429,-236.0595,133.51065,534.1912,-236.07298,129.92448,539.7224,-209.1367,130.69556,539.39417,-209.21053,131.49231,538.945,-209.20612,147.33391,528.3285,-239.83957,142.4187,533.4413,-117.789024,142.76651,552.6183,-225.36452,141.8832,554.6586,-189.45308,187.05032,544.33215,-304.2713,190.60873,559.2097,-3.906139,160.5369,639.8933,-406.92007,169.13799,644.60486,-14.766131,124.22805,716.8118,-437.93314,134.99356,716.29486,-127.85093,101.81766,736.45386,-498.00363,120.13213,724.6479,-135.13167,101.40674,734.0017,-465.91855,118.51233,725.86127,-174.67311,110.00814,728.2491,-431.04282,123.055336,724.71655,-148.6213,322.97095,554.6835,-100.38538,300.80438,564.1871,100.057686,421.52423,627.50287,-155.34276,200.42006,609.0996,126.00149,532.2875,697.4152,-118.34413,264.2478,708.7748,210.2879,553.977,701.5288,-120.80319,284.81326,723.9166,213.49144,526.8379,747.1717,-235.42418,233.30501,744.1815,160.15195
mountain_rigth
IMG_20241017_122835.jpg,mountain_rigth,130.57014,553.7372,-192.56342,129.27568,541.33075,-205.6009,130.29213,539.7442,-205.58571,131.37659,538.045,-205.60265,128.72504,542.60596,-176.44861,129.33862,541.97394,-176.51321,129.97208,541.198,-176.50972,143.43454,531.7031,-219.34496,140.22406,535.3188,-87.50084,141.31075,556.1734,-196.22897,140.9719,557.70264,-157.46313,186.56543,546.3757,-286.98956,190.20802,562.78,25.736788,159.9965,643.70996,-385.41653,171.97734,646.4512,17.31505,123.771286,717.9318,-414.40613,136.1169,717.1221,-98.40683,102.51221,738.9036,-474.18228,123.173996,725.3393,-103.813416,101.9633,735.52496,-441.00345,120.95286,726.8477,-145.39403,109.6991,730.29803,-406.69452,124.65674,725.71783,-119.960335,320.26953,555.63696,-103.54213,301.9031,564.6086,103.32819,418.96347,627.08563,-156.45695,202.83855,606.39966,141.62994,532.30566,698.6427,-121.24827,263.79282,710.6501,223.39609,554.91736,702.2028,-123.69687,284.60315,727.24274,226.29306,524.9847,747.9239,-233.25142,231.11867,742.74207,171.6521
mountain_rigth
IMG_20241017_122858.jpg,mountain_rigth,1135.2894,2107.1116,-799.5558,1125.5565,2056.3909,-894.3806,1130.3357,2050.9875,-894.4664,1135.708,2044.5681,-894.68915,1123.7678,2056.097,-759.1316,1126.7635,2051.0132,-759.5202,1129.9543,2044.8268,-759.6219,1193.7938,2016.4397,-1053.3125,1184.046,2011.5997,-442.73978,1184.9288,2121.0486,-842.31036,1183.8462,2119.4114,-663.3516,1407.9008,2164.396,-1299.8933,1421.9448,2056.0752,126.53865,1359.0769,2547.7634,-1484.8518,1416.3677,2451.0618,194.86159,1300.4513,2896.5083,-1476.0677,1346.9403,2748.4006,-139.94444,1259.1497,2967.6086,-1704.0673,1301.219,2777.8594,-107.34198,1240.054,2959.0527,-1573.1665,1293.6779,2802.3452,-307.4232,1262.5326,2938.4756,-1440.3818,1316.6738,2805.8538,-226.91158,1996.9799,2308.7505,-432.92883,1903.4797,2249.857,432.1859,2352.4812,2652.3875,-507.1202,1453.6981,2414.3086,861.6916,2898.2278,2823.9568,-365.64655,1700.0696,2769.516,1240.5199,3001.0576,2817.1868,-369.11627,1788.8796,2859.757,1255.1672,2810.601,3043.081,-725.05414,1523.611,2911.1929,1111.7745
mountain_rigth
IMG_20241017_122858~2.jpg,mountain_rigth,219.88385,534.2797,-150.78836,217.95828,522.7263,-166.62903,219.01367,521.3758,-166.6879,220.20366,519.83356,-166.72589,217.68523,523.5133,-139.44528,218.38469,522.82324,-139.47603,219.13223,521.83594,-139.46744,233.77197,514.8314,-189.14699,231.98454,515.3023,-67.939766,230.14836,538.3374,-157.13478,229.70651,538.41565,-121.54951,274.2353,547.30286,-250.42142,288.8784,533.67145,52.129402,265.74515,636.5553,-292.16116,290.74506,621.3923,56.028427,254.02106,722.41345,-279.96558,303.88037,706.60876,-16.589035,242.5952,739.87317,-323.09048,294.33472,713.16235,-11.594789,239.58914,740.1904,-295.31183,296.33606,722.18176,-52.11712,246.86101,734.33545,-271.08862,302.91556,714.2212,-34.72601,400.80975,586.579,-87.00744,393.82892,580.6319,86.86655,491.04044,667.94495,-109.46371,293.82764,618.6445,135.49223,599.53815,686.7738,-62.15361,346.09448,715.80133,185.86867,621.4011,695.09467,-59.49301,363.47015,728.4272,186.0875,603.1636,729.85,-119.8087,307.81238,741.26996,150.00574
mountain_rigth
IMG_20241017_122859.jpg,mountain_rigth,220.67323,536.1761,-134.8688,218.70876,524.5507,-150.47224,219.85974,523.1777,-150.54099,221.0741,521.46765,-150.58296,218.19812,525.06946,-124.393776,218.84456,524.27655,-124.42653,219.51878,523.16595,-124.42444,234.12727,515.14136,-175.07227,232.09413,515.8691,-59.314545,230.7604,539.3956,-142.20915,230.22772,539.323,-108.141136,275.89426,542.8014,-235.44048,290.0393,535.51556,54.11669,265.9773,632.7553,-279.44202,291.29797,622.3996,60.14705,253.46596,721.07385,-274.57193,284.52896,703.0473,-8.705533,241.25505,738.325,-317.25928,286.5804,717.06384,-4.2068753,238.4435,738.00757,-289.80698,288.80338,724.00555,-44.012028,245.73868,732.31525,-265.86615,282.1356,720.5319,-26.5121,398.51447,584.1882,-81.81072,394.07706,579.7557,81.68973,487.55743,667.07544,-105.896454,295.31256,616.48773,128.53612,600.20013,687.21954,-65.7232,347.25357,714.0833,169.15034,616.67017,692.70294,-63.754147,368.84695,731.276,168.70738,595.5578,723.0036,-120.843155,308.0021,742.0431,133.5917
mountain_rigth
IMG_20241017_122900.jpg,mountain_rigth,225.68365,540.69824,-164.86604,222.12256,529.45465,-182.58646,223.20859,527.9326,-182.61942,224.38048,526.1254,-182.63637,221.55722,529.68134,-157.61073,222.13577,528.53485,-157.69113,222.75499,527.1628,-157.71172,236.76746,516.6689,-211.26105,234.42627,517.56244,-100.31541,236.92447,541.65936,-173.19048,236.41,541.4807,-140.5295,279.7434,538.17017,-264.75452,291.26215,529.75024,12.594899,266.6934,630.5285,-305.26736,286.2975,622.3959,27.719603,249.48381,718.24646,-310.70535,261.59372,700.871,-39.645954,237.7971,737.8049,-356.04242,250.54648,715.9557,-34.840927,235.33115,737.7777,-328.85513,252.05168,718.5865,-76.04075,242.29262,731.6039,-302.7348,258.1305,715.81714,-57.782413,404.03424,572.8877,-79.15432,388.51477,569.2761,79.01162,488.63116,649.8512,-100.45394,298.75424,614.3065,130.41876,594.3617,683.0866,-65.47247,352.16565,719.4741,181.15584,615.60846,695.12604,-65.801674,370.45712,736.0866,181.56041,590.5097,729.55597,-142.45958,307.2507,745.0171,142.16096
mountain_rigth
IMG_20241017_123002.jpg,mountain_rigth,1048.6155,2421.0742,-775.21063,1001.8052,2395.3193,-901.70593,1000.84686,2389.8281,-901.9247,1000.10803,2384.0847,-901.9265,999.31104,2393.7307,-751.9153,996.8168,2387.1897,-752.1024,994.4898,2380.318,-752.416,1012.8065,2328.6765,-1193.3069,1005.9243,2325.353,-506.34396,1084.2866,2401.6907,-856.64764,1081.9563,2400.6482,-657.4726,1171.2454,2341.486,-1481.6445,1173.6735,2196.9043,19.812387,1170.1069,2729.817,-1916.6665,1375.0447,2264.0874,587.2253,1138.4496,3113.1743,-1908.404,1449.4673,2428.898,705.94885,1144.4235,3219.4404,-2145.0972,1377.3208,2501.7388,779.1599,1111.0029,3223.2188,-2020.7201,1440.9874,2465.4736,597.96875,1109.8083,3193.483,-1867.0256,1449.0912,2462.2192,639.27264,1792.1648,2257.2273,-497.74847,1685.6888,2242.589,497.921,2132.136,2555.3865,-322.01526,1534.3673,2611.8513,1001.3715,2547.708,2837.9993,-8.05835,1803.8589,2788.5974,1826.969,2617.6257,2818.1624,7.892647,1941.3176,2790.3013,1908.4421,2618.1133,3072.5178,-390.10834,1761.9077,2939.8684,1840.8243
mountain_rigth
IMG_20241017_123003.jpg,mountain_rigth,1055.1758,2422.863,-850.62823,1004.4129,2396.3518,-979.4458,1003.2862,2390.3455,-979.61237,1002.70844,2384.4236,-979.5985,1001.5002,2396.4512,-828.9515,998.38275,2390.3062,-829.20337,995.832,2384.0713,-829.6498,1016.89197,2328.893,-1268.4135,1008.5926,2329.4006,-580.6245,1093.039,2402.1875,-930.62836,1090.6501,2403.0059,-731.1559,1187.2798,2324.9812,-1540.5226,1177.7892,2222.9954,-63.34502,1178.443,2738.6406,-1974.3594,1400.33,2265.531,494.547,1157.62,3115.417,-1997.3134,1517.0865,2321.4312,612.8842,1154.5907,3224.5452,-2236.425,1538.9225,2328.7817,681.7245,1119.8711,3225.8052,-2124.7773,1532.3604,2333.7253,512.01776,1121.9215,3192.0244,-1959.8279,1532.2557,2332.2686,553.27045,1794.5017,2244.537,-486.6154,1656.7742,2264.9768,486.82254,2149.488,2561.112,-365.3209,1532.3192,2624.5684,854.7769,2559.3403,2847.3535,-85.93793,1832.4714,2795.9636,1612.9198,2625.1006,2828.428,-73.70505,1976.1683,2778.5637,1688.147,2618.9019,3082.1282,-490.01956,1794.0046,2925.653,1614.3435
mountain_rigth
IMG_20241017_123003_1.jpg,mountain_rigth,1078.5109,2430.6304,-652.6395,1033.2797,2416.3857,-784.4196,1030.4292,2411.4463,-784.589,1027.9603,2406.5994,-784.5729,1031.5339,2415.1697,-640.31445,1027.7399,2409.1875,-640.52466,1024.35,2403.1533,-640.9415,1029.5475,2351.7207,-1115.2659,1024.6628,2347.8296,-454.55527,1108.5052,2405.5537,-749.515,1109.0366,2404.2378,-557.71643,1171.2367,2329.869,-1416.9752,1175.8999,2203.0125,9.493871,1165.1322,2712.629,-1848.8883,1346.632,2253.3765,559.9714,1151.542,3112.3623,-1878.025,1402.8484,2399.0615,705.23816,1151.6432,3219.622,-2107.6182,1338.7847,2501.6812,776.3914,1117.5094,3221.8186,-1995.3157,1335.0942,2492.828,603.78705,1119.2379,3187.0127,-1840.0822,1400.8312,2436.237,643.59326,1787.0577,2257.946,-488.74677,1670.6816,2246.8323,488.85266,2121.5647,2558.885,-389.77112,1533.9156,2609.809,1008.2118,2557.0127,2847.4263,-183.27936,1830.4288,2799.6472,1794.2808,2630.4934,2815.1216,-177.37326,1933.4229,2801.303,1871.3444,2602.3162,3086.3577,-553.22363,1753.1405,2955.4353,1825.5873
mountain_rigth
IMG_20241017_123004.jpg,mountain_rigth,196.47481,602.5693,-117.571915,185.0751,596.88904,-141.1771,185.02176,595.4949,-141.19499,184.9954,593.9729,-141.19429,184.45757,596.8635,-107.29689,184.03867,595.5189,-107.31285,183.69295,594.05566,-107.33424,190.44386,578.62683,-196.01244,188.81209,580.14856,-42.19983,206.62297,598.67896,-134.72133,206.33315,598.99493,-89.690636,229.76474,571.6004,-281.0919,237.04158,570.4687,73.073524,226.15578,654.1241,-367.32446,233.16908,650.8675,116.29243,218.67268,742.05524,-365.83618,223.02454,734.63763,44.33511,217.1577,764.7756,-413.2322,219.1756,754.0599,48.58784,210.53333,765.34094,-386.49078,215.01329,756.62335,7.799545,211.93027,759.4182,-356.64404,216.85281,750.3035,24.084454,370.89294,576.8371,-100.51013,347.04837,586.5674,100.59036,449.17892,642.3149,-132.65251,303.87326,663.46564,104.484924,545.8626,710.4556,-66.5865,375.7097,738.57697,227.18309,562.4369,706.008,-64.67695,393.77414,749.014,236.43594,571.7833,759.46265,-160.4748,340.77734,771.01715,204.97005
mountain_rigth
IMG_20241017_123005~2.jpg,mountain_rigth,206.14429,614.03357,-117.796906,195.0042,611.0504,-142.28978,194.52348,609.9532,-142.30206,194.11475,608.8232,-142.29155,195.03302,611.0167,-108.09161,194.62491,609.8975,-108.10881,194.3292,608.7506,-108.14351,196.39204,593.60254,-202.12704,196.04576,595.0158,-46.848534,214.35269,608.3055,-136.7315,214.51526,608.4148,-91.191895,232.31416,573.8463,-282.35654,236.28326,575.86523,61.84805,228.28036,653.2994,-368.91864,231.83266,656.0836,102.74692,219.18456,742.017,-373.52075,223.26237,735.16144,33.883217,219.03246,764.0964,-420.61517,222.17339,754.5734,39.538177,212.61948,764.89874,-394.18555,217.45927,757.55853,-1.0031682,213.44794,758.61017,-364.4975,218.75005,751.3465,14.083411,370.29456,578.6073,-99.210556,346.63016,588.98,99.28243,447.06735,642.52563,-161.4234,302.7547,663.4554,116.84598,548.6302,711.70526,-139.57072,373.4918,737.1478,223.95013,565.2696,707.5284,-142.0258,394.39984,747.882,231.37428,574.6194,762.30707,-238.4466,339.02576,769.3464,203.60338
mountain_rigth
IMG_20241017_130021_DRO.jpg,mountain_rigth,447.04584,400.96555,17.73721,457.43466,395.70554,34.55882,457.56296,395.03647,34.52604,457.70837,394.21167,34.480186,457.3838,393.586,-3.2769685,457.38565,391.42017,-3.2744992,457.3476,389.06052,-3.2772617,454.25867,379.9971,128.79689,453.71045,374.74182,-44.837807,436.9635,399.12216,57.65846,437.3628,396.21585,7.225544,406.65024,376.17865,253.30238,415.5599,367.32706,-146.02493,405.9748,455.9907,299.39066,427.10535,457.4656,-254.77637,403.22516,532.025,190.61168,457.36212,547.46497,-250.43784,412.0461,546.99475,195.56917,468.6938,571.60205,-289.86703,413.77826,550.5599,145.68861,469.6289,570.00305,-254.38788,410.12192,548.0351,166.48476,464.18356,563.94147,-235.88074,268.5468,409.36765,135.7467,283.4157,397.34412,-135.65271,235.58134,534.306,108.01864,407.0488,434.39575,-67.991905,104.84943,528.4477,147.35818,441.5541,576.5359,9.555902,78.03057,518.4575,150.73106,436.68552,581.108,16.479145,99.852615,567.31976,94.266266,497.55765,592.22705,-17.008036
mountain_rigth
IMG_20241017_130022_DRO.jpg,mountain_rigth,454.90335,415.8047,-15.172335,465.91605,411.17505,3.7314696,466.16907,410.54703,3.6794071,466.40002,409.783,3.6305406,465.86896,408.44455,-34.9326,466.00534,405.95618,-34.93804,466.0652,403.1951,-34.951977,464.17844,394.28397,107.844376,463.55496,387.5879,-69.32535,445.02844,412.90442,28.537077,445.14713,409.71185,-22.83199,420.1923,385.2957,231.64143,425.01575,374.47098,-167.76527,408.36966,462.38388,265.704,428.55392,461.709,-292.68292,411.55615,539.3916,137.98952,459.14404,549.1107,-295.5554,418.91977,554.04175,136.15373,469.41327,573.8886,-337.15564,426.02774,558.4114,89.44909,472.87115,572.9882,-305.94586,420.1348,553.74756,113.84701,466.0582,565.21674,-282.97092,279.6438,414.31104,137.69481,294.87393,399.6528,-137.58435,234.01794,528.79626,107.789734,414.93234,437.7181,-99.50921,100.896034,531.3935,142.42091,445.68063,560.3643,-28.879524,73.747246,524.3854,144.5996,441.1475,580.5586,-23.432938,109.68654,570.7877,81.11843,497.07925,594.4793,-71.79514
mountain_rigth
IMG_20241017_130023_DRO (1).jpg,mountain_rigth,450.9952,416.19525,29.759811,462.009,411.80914,45.52483,462.4687,411.18274,45.474564,462.8815,410.41904,45.429726,462.23264,409.27606,8.251676,462.82382,406.96613,8.2442875,463.3759,404.46368,8.203147,462.60202,395.69055,135.63635,462.64847,389.67532,-35.839962,442.27884,413.15182,68.47017,443.1285,410.17694,18.607117,417.72244,385.31543,252.86336,428.1408,376.14084,-137.17807,406.82013,459.59924,282.3916,428.76,457.29126,-246.26134,398.9341,537.5137,155.40952,454.5695,547.35724,-243.61662,415.07516,551.3291,156.51964,466.83606,571.6224,-282.05673,415.89084,555.9719,108.68453,468.3512,569.4856,-249.35385,415.31912,552.9634,131.48776,460.7469,562.15094,-230.18445,275.65173,409.84082,136.54277,297.7285,397.7611,-136.4915,233.88397,525.43427,122.84899,419.77362,438.1711,-63.27041,98.001335,532.2777,161.15434,447.91632,561.2538,12.63754,68.923615,525.6589,164.07716,441.482,582.3707,19.393772,106.15944,570.9606,102.96511,502.988,596.0507,-16.99319
mountain_rigth
IMG_20241017_130023_DRO.jpg,mountain_rigth,453.4825,415.73154,42.10238,464.13593,412.10724,60.891125,464.5307,411.68427,60.85079,464.86917,411.17722,60.808388,464.71954,409.1722,23.90278,465.4428,406.69672,23.895292,466.08563,404.1196,23.852196,464.35684,397.05392,159.93102,465.5129,389.0239,-10.724219,445.09802,412.56943,83.23199,445.76608,409.11774,33.52347,414.2499,387.39612,272.9224,429.8452,375.00452,-120.38007,404.36465,464.42514,301.09094,433.16324,461.67575,-255.35245,408.31256,544.8742,181.84863,458.90222,554.3004,-274.38348,417.98117,559.0981,183.87726,470.92432,577.01,-315.90216,418.15222,561.35876,135.68874,473.00558,575.1475,-280.14725,418.10785,558.2109,157.94322,465.8169,568.84973,-260.2885,275.68967,410.04443,134.21022,300.66986,395.75772,-134.14198,234.5448,526.16034,89.67942,423.55582,439.16812,-74.59651,99.97623,533.24225,107.56428,441.72736,582.466,-8.520787,71.059494,525.0914,108.72829,431.0757,579.91736,-2.5511453,97.51736,567.3231,38.094635,491.54227,594.2399,-47.44722
mountain_rigth
IMG_20241017_130024_DRO.jpg,mountain_rigth,451.65152,413.5911,54.961258,462.44824,408.92697,70.35592,462.87354,408.32925,70.30721,463.25156,407.5994,70.25119,462.81046,406.55002,36.20778,463.40857,404.3353,36.205135,463.94092,402.01584,36.173916,462.71854,393.52368,156.62363,462.9991,387.93686,-0.903067,443.00085,410.75684,91.82465,444.08344,407.79285,45.934475,416.63962,385.0913,263.98245,429.73596,375.54337,-102.81472,403.96112,458.93854,289.26538,434.3128,458.04962,-207.66634,396.89532,537.3426,171.60606,456.4531,549.2001,-205.26793,404.5048,550.7321,173.74167,466.2984,572.574,-240.27696,413.7995,555.0398,127.77205,466.55252,570.53613,-206.8164,406.8656,553.08417,148.8835,460.94748,563.3202,-191.48753,273.96362,409.46765,128.72006,302.02975,395.4391,-128.68413,231.89552,524.05786,107.039955,425.36496,434.46484,-54.003872,95.836006,529.75946,132.90771,448.3042,560.43274,9.880049,68.48604,520.88995,135.52812,439.0136,581.10913,16.378845,104.99339,569.2459,75.54101,499.9029,595.03156,-17.207567
mountain_rigth
IMG_20241017_130025_DRO.jpg,mountain_rigth,461.04453,410.17624,68.64651,471.22336,404.77106,85.92607,471.45197,403.97168,85.86969,471.67682,403.02768,85.81479,471.3259,402.8263,47.92287,471.5724,400.79556,47.905148,471.80377,398.5487,47.868473,468.65317,388.03134,174.0645,469.00507,384.53757,-0.7073764,451.42587,407.4862,105.41579,451.85928,405.22324,54.716656,420.52618,381.74988,283.6047,431.4481,376.44342,-109.02932,408.10605,459.23685,315.32886,435.53345,460.58188,-213.08302,399.02182,539.3146,207.3468,455.1853,550.4827,-203.8168,397.2485,552.46,211.54335,466.08008,576.7976,-238.94302,407.07428,555.40924,166.58055,469.5415,574.6047,-204.92079,408.22098,552.62726,184.96838,461.85822,567.5561,-189.91516,279.53247,414.64532,136.17186,301.691,402.35928,-136.10405,238.30992,531.0979,103.61661,426.37012,439.79507,-57.047127,108.102104,528.24194,131.49924,454.7382,566.39264,13.7208805,77.76235,522.88635,134.134,447.96838,585.285,20.073435,106.11128,567.54443,74.058586,502.20755,594.7906,-16.311104
mountain_rigth
IMG_20241017_131055.jpg,mountain_rigth,1047.1998,2459.0527,-734.24115,1000.84485,2447.1526,-850.69244,999.9076,2441.4958,-851.0265,999.21173,2434.281,-851.1898,1000.6479,2447.2383,-699.8207,999.69434,2442.606,-699.8151,999.21045,2435.7144,-699.98175,1003.60266,2375.5886,-1112.6569,1003.638,2371.943,-432.74783,1084.8734,2431.3433,-805.47076,1087.3069,2429.9084,-607.7606,1190.5791,2243.4673,-1391.3005,1184.8317,2211.7424,130.26732,1213.8545,2647.8684,-1600.4929,1240.2217,2535.5396,417.05692,1141.1405,3030.2844,-1629.7172,1172.2777,2788.687,222.80626,1063.9706,3055.6025,-1831.7081,1120.9713,2807.1658,225.1478,1049.7886,3027.9397,-1754.7285,1111.8451,2812.0273,80.82776,1077.8805,3018.589,-1600.2988,1129.0618,2815.978,153.33345,1810.0311,2413.6594,-441.64008,1724.5885,2428.2834,441.30533,2247.249,2601.7224,63.72913,1539.3658,2807.5598,590.42737,2646.2373,2728.091,810.88635,1948.5083,2724.5789,1396.1442,2738.596,2722.2156,879.8685,2026.8406,2676.0964,1479.3818,2586.7632,2912.6638,630.98956,2000.248,2886.7244,1484.3185
mountain_rigth
IMG_20241017_131056.jpg,mountain_rigth,1036.7611,2435.365,-606.3814,992.96844,2423.6309,-724.5124,990.883,2419.4546,-724.7407,988.9936,2414.1733,-724.8402,993.682,2422.0566,-573.71216,992.00287,2417.3418,-573.79047,990.4266,2410.8564,-573.8939,994.1834,2360.1484,-999.2161,991.318,2352.8813,-320.20816,1071.3967,2412.2515,-684.89294,1071.8502,2411.1624,-487.0746,1191.5508,2262.3938,-1290.1947,1172.4011,2205.3782,208.89171,1202.9491,2668.3604,-1522.905,1233.4905,2515.3025,510.58893,1146.131,3011.5051,-1508.849,1180.6268,2748.3054,343.78622,1071.6255,3054.1682,-1698.3937,1141.4083,2756.114,354.20633,1054.4551,3035.6597,-1617.4553,1130.4396,2772.0742,207.34747,1082.3315,3016.948,-1478.4032,1146.9503,2779.3677,274.87534,1788.3577,2425.6816,-444.85764,1697.3907,2421.084,444.96426,2213.249,2616.7642,-175.13417,1534.006,2810.2917,569.6905,2630.811,2722.7996,306.7276,1938.6199,2715.3167,1317.0897,2731.1162,2726.0059,349.7598,2025.4224,2672.239,1392.722,2567.4893,2914.4163,102.67644,1979.3202,2916.7798,1408.1357
mountain_rigth
IMG_20241017_131057 - Copy.jpg,mountain_rigth,1035.614,2412.2185,-548.3365,991.3164,2399.7622,-665.7044,989.6239,2395.284,-665.93195,987.95953,2390.2107,-666.04285,990.5713,2398.3806,-512.39514,988.4552,2393.2432,-512.46466,986.38434,2386.8406,-512.53156,991.38226,2345.8184,-935.752,987.82837,2336.5476,-247.79507,1067.6608,2391.4348,-627.3115,1065.9457,2391.342,-426.36002,1187.8317,2261.2102,-1236.1792,1173.2701,2203.038,284.47256,1230.128,2632.2263,-1486.1775,1233.7141,2510.95,605.13574,1142.7167,2987.3928,-1492.3622,1176.6436,2750.007,421.87442,1067.3821,3033.0552,-1685.899,1123.8728,2750.762,432.54285,1049.0396,3004.663,-1604.0826,1113.3105,2762.3154,286.5647,1083.2117,2974.5732,-1463.8418,1129.5934,2767.6238,351.96658,1788.7358,2414.8857,-439.81177,1710.6536,2409.9165,439.858,2225.3892,2594.965,-278.98795,1547.7863,2791.3687,489.3229,2646.1833,2697.9045,97.00933,1956.4272,2703.8257,1184.3457,2746.9119,2690.7532,126.60822,2041.4148,2651.376,1252.3319,2589.864,2897.1648,-145.54005,2052.9114,2892.8792,1251.9272
mountain_rigth
IMG_20241017_131057.jpg,mountain_rigth,1035.614,2412.2185,-548.3365,991.3164,2399.7622,-665.7044,989.6239,2395.284,-665.93195,987.95953,2390.2107,-666.04285,990.5713,2398.3806,-512.39514,988.4552,2393.2432,-512.46466,986.38434,2386.8406,-512.53156,991.38226,2345.8184,-935.752,987.82837,2336.5476,-247.79507,1067.6608,2391.4348,-627.3115,1065.9457,2391.342,-426.36002,1187.8317,2261.2102,-1236.1792,1173.2701,2203.038,284.47256,1230.128,2632.2263,-1486.1775,1233.7141,2510.95,605.13574,1142.7167,2987.3928,-1492.3622,1176.6436,2750.007,421.87442,1067.3821,3033.0552,-1685.899,1123.8728,2750.762,432.54285,1049.0396,3004.663,-1604.0826,1113.3105,2762.3154,286.5647,1083.2117,2974.5732,-1463.8418,1129.5934,2767.6238,351.96658,1788.7358,2414.8857,-439.81177,1710.6536,2409.9165,439.858,2225.3892,2594.965,-278.98795,1547.7863,2791.3687,489.3229,2646.1833,2697.9045,97.00933,1956.4272,2703.8257,1184.3457,2746.9119,2690.7532,126.60822,2041.4148,2651.376,1252.3319,2589.864,2897.1648,-145.54005,2052.9114,2892.8792,1251.9272
mountain_rigth
IMG_20241017_131922.jpg,mountain_rigth,1117.6783,2107.2046,-436.80283,1096.6459,2069.2673,-528.205,1099.3137,2063.9185,-528.3178,1102.2758,2057.8643,-528.38104,1096.2732,2070.3018,-408.56824,1098.4109,2066.0984,-408.67178,1100.8633,2061.2063,-408.69485,1146.7122,2024.1377,-727.25214,1140.9926,2029.9213,-184.00093,1158.4293,2112.0667,-498.69974,1159.22,2113.7195,-340.39496,1312.7104,2056.6038,-1004.81573,1318.9583,2071.384,278.06628,1239.5457,2352.3867,-1157.3881,1272.0775,2321.6858,424.34943,1145.491,2620.6357,-1027.0392,1182.4374,2580.554,154.3711,1115.8461,2670.3582,-1177.5889,1148.9453,2632.2893,177.49542,1114.3312,2669.0698,-1085.5808,1147.7244,2634.5117,26.757256,1129.468,2654.8042,-991.57587,1162.5925,2625.02,84.90275,1744.1051,2271.0464,-376.8519,1692.7744,2272.2788,376.53708,1805.1213,2666.888,-412.70636,1330.7909,2329.8262,826.36615,2177.888,2575.8123,-41.825905,1547.1903,2593.1304,1198.0624,2234.7925,2514.442,-3.6032832,1603.1093,2643.5894,1223.4883,2270.6418,2712.725,-57.998837,1419.7552,2714.9028,1223.2318
mountain_rigth
IMG_20241017_131924.jpg,mountain_rigth,1128.0969,2144.6296,-148.67801,1107.9064,2107.632,-215.0449,1110.49,2102.055,-215.10469,1113.612,2095.0183,-215.11874,1106.9572,2110.1733,-120.35433,1108.5088,2107.0762,-120.34872,1110.303,2103.2927,-120.134514,1154.6017,2058.2798,-363.65222,1148.8705,2068.487,64.02419,1167.831,2147.725,-193.6156,1165.6163,2150.5444,-68.88095,1309.41,2098.5068,-619.6572,1326.9976,2121.833,422.8593,1233.7625,2391.5442,-769.84326,1274.9283,2360.0674,555.34283,1145.7305,2651.1943,-621.0819,1181.4932,2608.9092,355.2532,1118.2065,2695.3892,-730.08075,1149.3491,2653.4287,385.382,1108.3109,2690.9827,-617.8694,1141.4348,2654.4502,258.25293,1121.5011,2681.8123,-575.82324,1157.7589,2646.9292,297.35507,1735.894,2298.8965,-301.5807,1715.2566,2298.6843,301.27463,1495.0018,2564.5437,-306.1767,1599.2483,2483.1702,498.0088,1810.1625,2587.377,36.458996,1908.9696,2627.974,726.7617,1855.9901,2557.88,76.68155,1965.0974,2620.885,748.86664,1862.3795,2665.2766,181.523,1943.4426,2762.9607,788.40326
mountain_rigth
IMG_20241017_131925.jpg,mountain_rigth,1126.1721,2152.7886,-432.8948,1107.1023,2115.5366,-521.8204,1110.8469,2109.4573,-521.9451,1115.0643,2102.7278,-522.01886,1102.5411,2119.5857,-415.17474,1102.7789,2116.6792,-415.36017,1103.3127,2113.1638,-415.33572,1156.5125,2065.0715,-693.29004,1142.5867,2075.5022,-209.72105,1169.8264,2157.9246,-481.44122,1164.4309,2163.5505,-340.07318,1329.8162,2111.0557,-908.8456,1321.5176,2097.15,217.62367,1254.5388,2409.5781,-1033.3683,1256.234,2366.9893,394.4622,1161.9943,2669.863,-938.36597,1167.5482,2592.691,189.66927,1130.6508,2716.757,-1076.8754,1138.5062,2642.7458,212.22432,1117.717,2709.28,-994.5595,1136.6133,2649.9053,66.11541,1134.0916,2695.9111,-909.0471,1153.5723,2635.5955,124.269005,1756.9962,2308.2134,-331.56845,1683.4618,2302.3694,331.1493,1808.412,2694.3088,-418.69876,1355.7328,2367.8054,718.008,2178.9448,2594.5183,-90.68429,1566.1129,2614.3354,1005.693,2234.4521,2537.3103,-53.85908,1624.9445,2651.2607,1026.7457,2259.9026,2754.0735,-50.464733,1455.292,2729.7402,1072.0149
mountain_rigth
IMG_20241017_131929.jpg,mountain_rigth,1061.505,2197.0342,-156.77249,1030.7732,2167.7893,-236.56209,1031.0941,2161.7056,-236.61038,1031.4293,2154.6199,-236.60135,1031.0266,2169.1985,-123.191345,1031.2482,2164.958,-123.20846,1031.371,2160.1597,-123.14984,1062.0282,2104.7043,-435.4366,1058.6484,2115.3804,76.43199,1100.7686,2193.5098,-216.02391,1100.7789,2195.4636,-67.28125,1212.368,2120.9055,-730.16223,1253.4768,2060.4614,476.97925,1170.8019,2404.0933,-903.7072,1284.6942,2325.3633,593.16986,1108.917,2682.6362,-738.05695,1261.2032,2558.2798,335.63995,1085.7137,2734.8464,-862.8923,1237.0802,2579.3997,350.23672,1077.3807,2733.6528,-753.0357,1134.9283,2650.2764,223.4909,1091.1158,2718.6345,-690.1174,1233.3701,2589.0522,275.8908,1669.6981,2234.2517,-361.9739,1675.1927,2228.7744,361.79333,1293.5847,2390.4268,-179.19753,1695.8622,2580.4087,481.0881,1517.1654,2659.5222,362.54794,2078.7217,2537.9675,952.16284,1597.5516,2705.8943,417.44327,2157.3162,2500.6702,1002.6315,1392.6725,2781.68,438.46326,2138.002,2687.0864,1004.3997
mountain_rigth
IMG_6419.jpg,mountain_rigth,417.79977,2270.3948,264.02722,374.73343,2237.757,153.62532,374.138,2237.567,153.67241,373.231,2237.7231,153.8564,379.13446,2226.986,303.1105,382.14615,2219.5923,303.10406,385.32233,2212.2468,303.1466,398.12015,2196.9717,-158.1459,422.4059,2159.947,518.0954,458.6502,2269.6895,172.28357,469.2345,2257.0896,366.5417,599.1217,2291.5615,-646.4831,741.7123,2051.1233,998.4931,559.04395,2693.3896,-963.1735,776.9417,2390.3606,1440.9686,435.30322,3059.8074,-592.686,683.1005,2707.1958,1452.6803,333.4845,3120.1267,-724.33234,626.1559,2718.4697,1561.2621,318.41742,3090.4304,-552.84595,615.123,2728.5264,1383.9438,358.77737,3071.3865,-510.916,640.1291,2737.5427,1390.3838,1284.1823,2368.156,-504.69492,1408.817,2200.0051,503.2835,1202.1135,2847.4553,-164.95335,1876.6451,2444.8413,779.9121,1723.4547,2769.301,540.4621,2352.1936,2705.4119,901.06354,1819.2921,2702.2544,642.65405,2481.6152,2740.7017,922.24023,1794.589,2953.275,975.42365,2307.9563,2852.718,897.2428
mountain_rigth
IMG_6420.jpg,mountain_rigth,402.1515,2235.2517,138.21675,358.67682,2194.466,16.36423,358.12823,2191.71,16.453592,357.00333,2188.2847,16.677683,365.12253,2184.5151,177.4293,369.47714,2174.67,177.42224,373.64114,2164.1672,177.44043,391.69415,2141.6692,-310.59958,413.9165,2115.1206,417.11484,447.54724,2236.6924,40.8508,461.09314,2224.6108,251.29388,588.1394,2247.195,-763.65094,755.49786,2015.4673,929.66156,574.3964,2636.6035,-1079.8505,800.9364,2377.3696,1275.0477,436.66937,3035.2563,-773.79755,707.4555,2743.9355,1148.1254,330.5347,3082.0786,-931.7128,651.88885,2744.922,1226.2173,319.94193,3056.7908,-759.216,640.84186,2753.9954,1031.5732,359.76846,3040.8025,-695.5387,662.1781,2763.3435,1074.0834,1294.952,2381.995,-512.749,1422.424,2196.6929,511.77765,1213.4994,2865.4722,-280.30756,1899.6921,2449.904,731.83685,1737.5778,2759.5652,498.83084,2373.2363,2708.4663,876.59576,1826.1006,2689.555,603.84357,2477.526,2755.104,894.9836,1813.1167,2972.5525,926.6428,2340.2388,2844.858,827.87463
mountain_rigth
IMG_6425.jpg,mountain_rigth,939.92267,2289.096,-216.9432,898.3102,2281.9023,-313.97028,894.7052,2277.0884,-314.1214,890.6168,2271.8625,-314.05023,901.244,2281.8103,-173.61058,900.15106,2277.4392,-173.58823,898.69684,2272.595,-173.66151,883.9135,2217.8723,-543.8022,891.27856,2219.4639,91.10238,966.2783,2262.5317,-288.8055,970.2408,2264.1824,-102.944984,1001.0265,2121.2422,-852.2189,1089.141,2127.4758,498.84192,1004.32947,2423.039,-1249.4153,1127.3932,2342.3608,762.3741,947.63556,2757.5723,-1204.0824,1113.0597,2574.3193,514.038,881.35046,2785.5933,-1365.9263,1063.7589,2579.1191,526.78595,876.49054,2769.4722,-1263.8599,1059.7083,2589.7024,395.14218,901.414,2758.2869,-1169.2836,1073.0483,2598.8716,448.24905,1590.4113,2177.491,-400.1407,1531.9397,2221.8745,400.4112,1983.3071,2371.4314,-503.94922,1317.1179,2484.999,268.8721,2370.7715,2590.8828,-457.24997,1770.5071,2543.274,589.0439,2463.3555,2571.3538,-466.80176,1809.4404,2447.2766,612.3274,2354.5342,2755.5771,-817.2104,1797.6703,2691.5442,488.61182
mountain_rigth
IMG_6426.jpg,mountain_rigth,924.5164,2277.4421,-124.57232,882.303,2263.262,-213.77109,879.6695,2257.9893,-214.00633,876.80164,2252.223,-213.98828,884.01666,2263.4958,-77.64915,882.8181,2258.6958,-77.57802,881.55304,2253.2283,-77.563705,877.3519,2198.9517,-429.3456,882.15216,2200.0894,185.46259,954.9677,2254.7212,-193.36081,958.97784,2255.2175,-13.468189,1004.8587,2113.75,-752.5626,1092.6891,2126.8618,578.2931,993.2489,2407.5596,-1149.5413,1128.9147,2331.6538,840.6098,941.6163,2734.3328,-1083.5485,1093.7565,2565.7402,591.058,885.39404,2768.4731,-1225.4633,1040.1351,2571.6104,610.35266,876.9801,2752.1665,-1129.8818,1035.2753,2578.345,488.41275,901.4317,2739.0464,-1049.2388,1052.104,2589.1118,530.0986,1574.561,2183.6855,-387.40634,1508.9906,2243.389,387.89124,1976.6156,2369.2546,-614.8393,1290.2136,2487.2864,100.28837,2362.004,2594.6885,-614.72626,1700.8309,2500.642,144.0822,2445.9365,2586.7158,-625.3714,1773.5565,2463.1394,138.49254,2367.5037,2736.842,-977.4528,1699.7489,2667.5828,-10.528626
mountain_rigth
IMG_6427.jpg,mountain_rigth,1018.8139,2345.3213,172.36864,975.77185,2353.024,91.506065,970.0392,2349.6194,91.78937,964.1569,2345.9714,91.831764,977.9746,2351.706,217.96559,974.1619,2347.9368,218.07597,970.27386,2344.0295,218.11404,934.44696,2304.5337,-130.96182,947.5463,2303.456,452.87402,1032.4531,2315.3367,106.031525,1036.505,2316.9553,274.44553,979.3517,2218.2795,-437.91437,1061.5831,2175.707,787.24225,1008.4487,2489.438,-731.3676,1143.014,2420.553,968.1845,955.09186,2767.2678,-574.038,1105.9303,2614.4736,729.23474,875.4938,2806.149,-670.7384,1033.6459,2668.4724,767.8793,865.7615,2784.908,-547.0098,1018.8659,2689.3545,647.765,897.9249,2772.3872,-521.55,1038.694,2688.988,674.5009,1485.5541,2217.6497,-393.39047,1552.2552,2148.6094,392.84695,1275.5883,2615.517,-270.74008,1917.6041,2359.0137,534.84406,1702.7168,2609.0015,70.62566,2293.019,2553.6663,584.2858,1766.8639,2568.3306,116.728195,2358.0195,2508.3015,584.9532,1758.9766,2709.3003,253.7778,2313.5823,2629.2068,455.7465
mountain_rigth
IMG_6428.jpg,mountain_rigth,1026.8018,2346.8708,232.15866,980.0166,2356.1807,152.76042,973.4337,2352.1514,153.05028,966.334,2347.5063,153.15683,982.8272,2355.3801,278.98328,978.84937,2351.4067,279.05103,974.6099,2347.1863,279.08008,930.3824,2298.9216,-76.345215,948.4022,2299.961,507.0617,1044.7397,2315.3547,163.0961,1047.5645,2317.944,331.54733,979.50903,2199.4482,-403.9186,1089.811,2163.0332,842.25104,1011.2586,2471.8816,-720.228,1153.1252,2378.2566,1088.9148,951.4976,2770.2703,-597.65173,1132.7148,2602.3416,958.03656,871.5849,2804.3416,-698.96497,1072.4896,2611.9463,1016.12305,860.9193,2787.4202,-567.2874,1067.8276,2619.8772,901.17444,894.0737,2775.4473,-542.55383,1075.8674,2626.275,909.40314,1488.1248,2217.1997,-392.29712,1564.4683,2153.0408,391.80063,1331.7921,2625.421,-281.7713,1922.8733,2356.8362,538.79614,1717.126,2606.194,-5.0441294,2295.2122,2571.8992,525.8213,1783.2231,2557.005,35.5352,2379.2747,2526.8716,522.28937,1772.0625,2738.1228,159.94891,2307.1223,2649.998,386.14804
mountain_rigth
WhatsApp Image 2024-10-18 at 10.39.03_63999722.jpg,mountain_rigth,327.29916,582.1055,-236.03746,317.6612,574.9253,-267.11487,318.25027,573.286,-267.0788,318.97043,571.56537,-267.06113,316.32092,575.43933,-234.101,315.96448,574.33325,-234.27612,315.69833,573.1306,-234.41988,326.12323,557.45447,-335.16327,320.29596,560.41345,-184.1325,339.39615,578.2438,-254.62679,337.4341,579.0626,-210.56142,369.7895,558.9336,-371.9108,358.11948,530.8811,-60.92794,377.117,658.37006,-426.00314,339.4503,596.18164,17.3312,354.61356,731.99207,-425.86316,321.0421,667.3695,-24.35785,350.9032,751.4388,-481.38812,315.59363,677.3248,-21.650358,344.70337,747.7549,-465.264,315.06747,679.9176,-67.95247,348.03497,742.8209,-422.44537,318.91492,677.4639,-43.541798,511.80496,572.14795,-105.12636,472.8279,564.36194,104.959496,567.6573,670.89435,-146.08714,380.44855,609.84344,216.76654,669.5542,740.717,-111.59427,377.06335,717.15936,319.5277,695.8707,745.5286,-114.084946,393.6979,733.2036,323.05396,647.7024,782.89886,-208.98788,336.74905,749.25586,276.59836
mountain_rigth
WhatsApp Image 2024-10-18 at 10.39.04_7b9a6694.jpg,mountain_rigth,264.7172,560.73444,-177.43779,260.06927,548.7318,-204.64142,260.7155,547.59875,-204.6641,261.32108,546.45483,-204.68887,260.39584,548.62665,-168.47826,261.22122,547.53784,-168.57,262.04623,546.3844,-168.62332,272.36707,539.5186,-254.92854,272.63394,538.06836,-90.82175,276.2906,562.4534,-191.85483,276.82065,562.02924,-143.97748,316.79196,568.21106,-337.44897,331.63123,543.41925,67.772606,311.9721,667.6214,-364.2612,347.76703,633.2343,92.34808,306.3034,742.5989,-313.60913,356.37595,704.915,-2.012408,302.08325,764.97217,-365.07727,346.61603,716.47107,4.63959,300.98785,763.44037,-334.70267,345.2196,724.4556,-42.40781,304.9738,757.2125,-303.18628,348.8436,724.1088,-23.09849,472.6295,609.1467,-126.86485,448.51834,601.6436,126.59664,545.542,695.5911,-91.19576,338.3476,621.90765,304.12045,663.3897,735.122,-7.457718,375.26395,723.21674,465.81503,687.9537,734.9228,-3.9959354,395.24692,737.61694,475.62805,647.7358,780.894,-99.771545,327.34744,756.59766,446.74728
mountain_rigth
WhatsApp Image 2024-10-18 at 10.39.06_87d1dc39.jpg,mountain_rigth,261.16135,555.7512,-184.43806,257.95978,543.7526,-212.58948,258.91766,542.791,-212.60422,259.90076,541.80865,-212.62775,258.05466,543.7966,-175.66533,258.96732,542.9073,-175.76997,259.89194,541.87,-175.82805,272.22308,536.0435,-263.59238,271.6114,535.0228,-96.002,272.87314,559.0046,-198.80782,273.23544,558.37177,-149.96548,318.79956,569.8934,-342.3247,328.62302,544.2518,65.28493,313.53305,667.92065,-351.89926,340.82587,635.629,95.08815,310.01212,741.3967,-284.86853,345.10394,709.96,9.971936,307.2394,763.4887,-332.8161,330.62662,727.58655,17.89286,305.24152,762.79474,-304.70963,338.53867,729.5589,-28.461973,308.20242,755.8742,-274.5936,339.4764,726.72363,-10.673635,473.02667,609.4081,-125.39872,447.2291,602.4403,125.17028,544.48914,696.7149,-90.86868,340.2413,627.08246,310.8641,663.3025,733.3936,-8.538398,372.71616,726.32306,477.08414,686.1385,730.78265,-4.975087,391.4551,739.97394,487.6833,648.7928,782.22473,-101.968315,323.10687,761.2157,461.2424
mountain_rigth
WhatsApp Image 2024-10-18 at 10.39.28_635e10b8.jpg,mountain_rigth,297.88107,437.96786,47.9889,298.77374,428.1279,22.948631,299.80893,427.6636,22.94854,300.87256,427.21912,22.915634,298.85855,427.82736,61.82319,300.00732,427.1196,61.87015,301.35245,426.26147,61.909885,315.0156,426.13947,-42.85738,317.26657,424.20618,133.47661,307.0041,445.76044,25.424692,306.96796,445.10107,75.646736,362.29858,469.14352,-140.47818,360.43097,464.85284,250.82626,365.2055,561.4944,-105.264084,360.7695,540.0636,200.87296,296.52402,524.42957,117.09107,312.90192,513.4787,53.670593,276.1252,516.14886,125.109215,299.27145,503.62518,50.089783,280.99908,504.33575,136.89871,289.9758,499.7635,47.09498,288.25308,506.15628,130.7931,301.0865,501.80637,47.10613,412.85385,615.09216,-125.86551,384.69232,609.49426,125.37986,444.98264,750.6189,-215.04787,280.5364,615.1725,171.0887,565.9288,736.0316,-160.20244,307.88892,727.4615,161.06256,592.20105,726.388,-150.82129,326.9651,749.63104,158.15456,576.2988,787.1096,-156.79916,259.34558,759.0035,165.15247
mountain_rigth
WhatsApp Image 2024-10-18 at 10.39.28_b32a3cb4.jpg,mountain_rigth,287.8328,435.84753,43.536278,288.79126,425.37952,15.800936,290.00717,424.8891,15.819358,291.1992,424.39374,15.814987,288.81125,425.00473,56.077003,290.0378,424.31985,56.09953,291.39087,423.4885,56.09735,305.51483,422.861,-56.60963,306.96402,420.69067,125.04925,297.91855,444.26385,18.547329,297.7716,443.1734,70.45679,345.2302,468.71863,-157.92667,354.61905,455.60114,244.46039,344.5133,560.88873,-118.922585,347.3622,523.3566,185.48332,307.50317,517.9157,126.198944,310.95428,507.89136,15.522351,295.4967,505.7762,137.28076,298.94815,495.38898,12.013771,301.5606,498.70697,143.2015,302.5828,493.51398,9.456846,306.4557,500.6883,137.94247,306.80032,496.19318,8.210727,407.3195,611.77136,-125.25532,386.4895,604.2144,124.79782,447.81824,742.85455,-211.01605,280.2329,611.5615,231.61653,570.1397,736.2655,-209.746,305.85205,726.9505,258.34485,599.5223,728.4098,-206.35141,326.76102,750.35535,258.9521,576.5786,787.24805,-234.46156,260.24136,756.4765,267.64734
mountain_rigth
WhatsApp Image 2024-10-18 at 10.39.30_9e90975b.jpg,mountain_rigth,304.50122,432.49695,34.73462,307.2964,421.4783,12.135501,308.82547,420.98563,12.151578,310.41513,420.525,12.1155205,306.18442,421.48856,49.58251,306.95297,420.97458,49.61953,307.86667,420.40964,49.655605,326.97275,421.29114,-42.89687,323.8279,420.47098,126.49858,313.54532,441.0688,15.765572,311.62744,439.8674,63.809902,369.04843,469.3855,-141.98984,353.17145,465.72076,245.91216,354.4423,561.6485,-114.42105,345.1379,541.062,149.04308,303.98303,499.9823,121.24704,308.07596,496.16272,-55.027866,291.88626,486.81323,133.12747,291.80365,481.72827,-65.654305,295.21777,479.71658,144.04192,300.57364,479.15494,-60.15447,301.75827,482.6164,135.3103,307.9105,482.87973,-59.978714,407.68274,620.6809,-127.18253,378.9513,614.07623,126.70221,441.61923,754.2677,-214.13916,278.0151,616.9397,180.04892,560.6687,738.10034,-173.84842,305.78403,728.07666,164.9669,585.19336,726.47217,-166.0145,327.35898,751.85614,160.88007,571.71155,787.9502,-176.3744,258.54245,758.74005,162.67911
mountain_rigth
WhatsApp Image 2024-10-22 at 12.29.38_8a83e324.jpg,mountain_rigth,109.840706,766.3617,-34.481663,97.89986,752.3081,-65.833984,97.94995,750.0815,-65.89668,97.82541,747.7615,-65.841805,98.594025,753.4608,-15.341762,99.26965,752.16254,-15.338994,99.85645,750.697,-15.320572,108.402725,731.17004,-134.4356,112.48169,734.4693,91.31988,123.93116,764.9378,-55.707413,125.36688,767.1023,10.234941,167.62508,734.6082,-276.65927,210.49979,751.31134,247.8977,129.95302,880.97925,-420.9632,193.36972,879.6786,322.15152,82.45125,1005.8949,-440.0413,167.47012,995.3966,206.5284,51.100418,1020.863,-500.5795,151.73077,1001.1376,197.4929,51.2051,1016.9732,-466.38568,146.69423,1003.6439,149.61221,66.26083,1012.4515,-428.11777,148.67398,1003.2789,179.46945,405.34628,811.4373,-158.8594,392.66626,840.74005,158.70702,579.3689,870.56055,-231.69873,367.45834,968.8684,101.08664,744.3533,938.5037,-212.49934,513.1011,947.17804,305.95032,782.9347,934.3734,-216.09732,543.68005,920.6892,324.986,747.3588,1027.1765,-366.77084,538.76166,1029.8156,303.66534
mountain_rigth
WhatsApp Image 2024-10-22 at 12.29.38_c04fae51.jpg,mountain_rigth,130.24397,781.1083,8.688001,115.15163,768.32166,-25.165308,114.47147,766.58997,-25.228073,113.64552,764.6722,-25.17096,117.401245,768.1861,26.671871,118.3562,766.405,26.685432,119.240456,764.36694,26.693634,122.60253,747.16626,-107.29945,129.88574,746.2475,125.62531,142.77142,780.6245,-15.567768,146.60408,780.4883,52.093,170.73015,753.9216,-257.23605,226.66815,741.4529,289.35315,145.14484,895.99634,-385.55707,216.5422,878.0836,357.95825,91.72637,1022.65265,-393.41382,185.47064,1001.3251,257.0959,61.520203,1032.5026,-453.58673,168.40067,1007.54333,256.54108,59.560947,1028.8362,-414.79468,163.91702,1010.7826,207.43877,74.644775,1026.7651,-378.78757,166.95828,1010.15356,230.88765,406.70038,827.9642,-164.67227,410.02197,839.82776,164.42984,585.77875,881.6092,-188.16795,385.28812,974.92096,161.35562,757.313,950.0031,-116.98801,529.1691,951.05054,370.55258,799.5447,948.7549,-114.221756,567.4431,935.13916,390.9172,761.60394,1034.4521,-233.75421,562.2805,1026.7637,375.61722
mountain_rigth
WhatsApp Image 2024-10-22 at 12.29.38_fef368cf.jpg,mountain_rigth,128.26486,783.11334,-3.6540632,112.78304,770.6738,-37.95752,112.10518,768.9176,-38.014797,111.35542,767.0438,-37.9603,114.943886,770.61414,13.987183,115.85083,768.8396,14.001788,116.72753,766.8883,14.013842,120.49802,749.1041,-119.4853,127.23813,748.7308,113.4021,140.46358,781.754,-28.124466,143.73001,781.8318,39.697083,168.79375,752.97864,-267.6841,220.68721,747.4991,272.93616,142.95285,899.47504,-399.68124,205.1281,888.7707,335.72028,91.172874,1027.0562,-409.63925,176.47891,1014.85815,236.46754,60.056133,1038.3601,-469.01733,162.97505,1019.3824,233.93768,59.701195,1034.2385,-432.33557,158.50928,1021.9818,185.75002,75.646194,1031.2535,-396.19223,160.0046,1022.01733,209.97884,408.72174,825.5567,-164.44289,405.4414,842.46185,164.26,582.71796,881.8019,-223.37332,380.6595,983.32043,133.46799,755.0658,958.2521,-185.01584,533.0949,960.1145,340.23657,794.60077,954.98584,-185.75748,566.2768,938.9105,359.57495,761.7534,1045.8983,-312.26508,561.06696,1029.8358,342.5703
mountain_rigth
WhatsApp Image 2024-10-22 at 12.29.39_fe635575.jpg,mountain_rigth,117.48796,786.7834,-47.11261,104.57614,773.4204,-78.62739,104.362305,771.17,-78.67305,103.944336,768.826,-78.60603,105.32593,774.71387,-28.570515,105.825806,773.50134,-28.56721,106.219055,772.15967,-28.546227,112.93393,751.42456,-147.97809,117.04751,755.3616,75.92526,131.26067,784.4336,-68.700356,132.72505,786.5664,-3.2557504,173.36864,750.999,-286.6933,214.38249,766.1484,226.67856,140.89525,900.716,-427.88892,195.22781,900.1612,299.59125,92.089775,1028.168,-449.17575,174.25015,1018.17224,188.07979,58.949745,1042.682,-511.03662,158.45793,1023.765,179.11194,59.8655,1038.8558,-476.46384,153.74393,1026.25,129.1135,74.92738,1034.9049,-437.49948,156.19171,1025.7627,160.18796,414.0105,823.3352,-155.47244,398.1948,854.8594,155.34665,582.5741,886.697,-233.33862,377.01065,992.09216,76.72679,749.7623,959.2229,-203.43874,526.3365,969.0217,274.53964,787.2843,955.1184,-205.94194,557.82086,942.87,292.26398,760.95245,1046.7373,-349.8744,556.4494,1055.202,268.18158
mountain_rigth
WhatsApp Image 2024-10-22 at 12.29.40_3e178814.jpg,mountain_rigth,259.0342,885.92554,-79.2261,247.91182,877.8592,-107.387024,247.26419,875.52295,-107.45802,246.64415,873.0722,-107.455246,248.48364,878.7247,-63.05482,248.25983,876.875,-63.02688,248.09659,874.71155,-63.06648,249.99115,853.4446,-172.05933,251.76904,855.6109,29.108856,270.05157,877.87726,-98.80433,270.88733,879.26733,-39.999992,292.19836,826.8151,-268.43466,307.63516,848.66455,165.04245,275.87946,932.07855,-396.44775,311.2638,937.05475,251.74971,248.70232,1035.7266,-400.9109,299.70135,1019.39954,169.89906,224.82285,1042.8408,-451.36172,274.57434,1019.8853,172.89978,222.076,1038.5634,-425.80963,269.674,1023.93066,133.51672,232.19174,1036.4891,-392.66812,279.01437,1024.6847,149.50862,481.12735,858.7878,-131.6469,453.80334,882.5019,131.6994,595.4322,925.03235,-197.55205,375.9874,976.287,127.224,730.2751,987.5686,-187.55443,500.36694,987.07184,261.09238,758.01874,983.4712,-190.38573,525.5031,968.6035,272.18887,734.83795,1043.1212,-306.37466,506.35822,1037.4247,244.10431
mountain_rigth
WhatsApp Image 2024-10-22 at 12.29.40_c915d911.jpg,mountain_rigth,283.57767,893.70844,-79.061646,270.196,893.88745,-109.43116,268.6808,892.35583,-109.46479,266.99664,890.64386,-109.46572,271.26,894.25446,-67.24926,270.49313,893.06573,-67.20482,269.58652,891.7038,-67.22358,261.76157,873.5757,-179.89687,265.13162,875.3384,11.499161,289.31415,883.6618,-99.56956,290.89005,885.08716,-43.655994,286.33466,837.52295,-271.5545,301.9681,851.9526,134.12404,276.962,936.98035,-388.21387,302.7173,937.1368,214.9007,249.27704,1031.0798,-397.56128,298.9837,1014.89594,151.54086,227.07716,1036.9932,-445.52832,276.03238,1020.78314,158.12901,225.4218,1032.9249,-424.37415,262.96692,1016.9144,120.87174,234.75085,1031.7786,-391.42184,273.39432,1019.404,132.23305,481.0036,846.08386,-120.1999,453.55597,869.5163,120.3045,602.68353,901.8331,-202.37785,382.99884,963.4308,125.08518,727.64874,983.366,-215.83139,505.36353,985.1079,205.28549,754.8973,983.31213,-219.57172,534.38806,976.7388,210.97168,726.5941,1042.1361,-317.3281,505.30878,1034.0896,181.2283
mountain_rigth
WhatsApp Image 2024-10-22 at 12.29.40_dcf7f923.jpg,mountain_rigth,262.25385,890.0549,-98.46578,250.01793,883.3304,-126.60741,249.43,880.998,-126.71338,248.91443,878.3884,-126.74819,250.4531,884.4977,-82.18467,250.15709,882.99976,-82.11533,249.923,881.11237,-82.14662,252.361,857.66003,-193.04448,253.06042,861.2073,9.930074,272.25552,882.0134,-118.50855,272.77478,883.5288,-59.16163,298.18445,825.93634,-284.34753,310.29633,853.2187,146.8249,286.41037,933.1255,-405.61914,317.85135,942.2153,236.24545,253.03113,1032.2085,-408.94556,305.64694,1022.7455,159.66103,230.48456,1038.992,-461.34842,283.11252,1024.7686,162.7279,227.15727,1035.1097,-436.9128,278.4917,1025.7435,122.5688,236.00818,1033.029,-401.12878,283.7083,1026.6945,138.9895,488.26505,859.1821,-124.96688,459.78278,884.8406,125.097084,605.27576,917.32227,-197.09386,382.7994,970.7805,82.54316,740.43024,985.7988,-188.57664,503.59656,987.8572,187.87308,770.63245,981.4962,-192.29639,537.6458,984.3994,196.06429,741.00165,1044.2302,-310.05685,506.8059,1037.2882,160.18935
mountain_rigth
WhatsApp Image 2024-10-22 at 12.29.40_f924498d.jpg,mountain_rigth,269.60953,888.68835,-105.086395,258.39496,883.07874,-133.39511,257.44336,880.871,-133.46822,256.52826,878.60266,-133.47377,258.8249,883.87415,-89.48147,258.21912,882.15326,-89.44624,257.72458,880.1801,-89.47506,257.0733,858.8958,-198.03647,259.27786,861.5368,1.6193266,279.61154,879.42596,-124.456314,280.3122,880.66296,-66.13663,296.71454,827.6323,-291.88425,308.941,847.9987,137.0412,282.98492,931.14526,-414.2901,310.1671,933.7633,221.68524,252.18475,1029.9983,-416.81528,296.96274,1015.6743,137.86502,231.55165,1038.6028,-467.60815,275.9761,1017.8788,139.33185,227.74854,1034.4609,-444.69772,265.31134,1021.27325,99.113,236.40346,1032.0352,-409.48627,275.52338,1022.55133,116.86249,486.13318,852.2177,-126.56908,456.0703,879.6687,126.63664,602.89514,910.0843,-186.51553,381.85413,969.5736,85.30203,736.8272,980.7348,-175.03174,501.94702,986.22046,189.65636,761.6834,978.49805,-178.2022,528.3641,971.76996,197.05249,738.727,1039.3269,-296.8678,510.46967,1035.2257,159.66052
mountain_rigth
WhatsApp Image 2024-10-22 at 12.29.41_bd20ee35.jpg,mountain_rigth,248.65245,877.492,-79.707596,237.39236,868.2891,-107.252045,237.09096,866.1963,-107.350586,236.82423,863.9246,-107.36565,237.97452,869.09235,-64.245155,238.01852,867.40906,-64.22075,238.07768,865.42236,-64.25878,243.1392,845.727,-167.39948,244.16487,847.7595,26.91864,259.3297,872.17883,-97.681625,260.35114,873.48663,-40.753094,288.57843,824.8523,-257.27588,308.8279,845.17755,162.67465,273.52734,931.74506,-379.2469,319.27695,943.05597,246.05183,247.56883,1033.2365,-381.08362,312.07626,1023.2684,166.83098,223.79591,1040.146,-430.9275,292.36444,1024.3413,168.85045,221.71019,1037.0087,-400.8,286.44595,1025.0668,128.27449,232.1232,1034.9484,-371.43805,293.33313,1026.4856,146.07938,476.64484,856.4624,-122.554306,455.42493,879.00275,122.606476,590.8985,919.41284,-197.46362,389.6908,969.9515,76.687164,728.21545,983.65326,-195.07224,517.7721,970.8005,196.77086,755.61664,979.8463,-199.16539,546.18427,950.4709,207.40695,733.2709,1043.4031,-312.2608,525.25354,1024.514,173.34935
mountain_rigth
WhatsApp Image 2024-10-22 at 12.29.42_0c3c12b0.jpg,mountain_rigth,254.5094,926.541,-121.34404,238.20627,925.15985,-153.23784,236.55531,923.26904,-153.21884,234.7382,921.1393,-153.2128,238.88556,925.14197,-106.337685,237.78714,923.4637,-106.36016,236.55011,921.63885,-106.39926,229.63669,901.8685,-232.89919,233.02805,904.3873,-17.432533,260.77783,916.5625,-146.58261,261.54675,917.06226,-83.671425,258.1024,865.53864,-349.37323,287.12415,877.9491,126.03145,223.56519,967.54205,-492.86243,262.20822,975.07544,204.71336,190.90599,1068.4926,-501.30792,237.24965,1044.5306,101.43225,165.00037,1079.3035,-563.88196,219.97717,1050.3455,102.98741,164.66858,1077.5189,-530.9192,215.57268,1052.5422,55.70383,175.99329,1074.7495,-491.24152,219.29427,1052.7292,76.22206,455.1183,891.67004,-150.63316,433.8239,905.4833,150.43803,573.8986,981.8372,-145.01198,343.30188,977.52496,260.33228,712.5005,1019.2411,-77.211685,468.9454,1014.43085,447.84775,734.1509,1000.16113,-74.05886,497.36612,1005.05896,460.66986,757.0519,1083.5398,-186.87692,448.015,1079.0627,419.29202
mountain_rigth
WhatsApp Image 2024-10-22 at 12.29.42_3bf68b47.jpg,mountain_rigth,256.283,930.60675,-165.9309,240.2109,929.47205,-196.66801,238.37512,927.66974,-196.62886,236.38834,925.67847,-196.61638,240.87917,929.66064,-151.73773,239.53503,928.1042,-151.76643,238.08308,926.38367,-151.80559,229.86996,906.7264,-269.2288,233.75323,908.9316,-62.48738,261.43497,920.8015,-188.1,261.90973,921.5475,-127.68621,258.29773,869.40454,-373.68546,285.54205,881.5455,80.3453,225.9833,970.53735,-514.0879,261.9095,976.4497,159.93901,191.68962,1069.3363,-532.9999,236.30685,1045.552,57.65868,165.02289,1080.2919,-596.87787,219.48938,1050.7878,56.20386,164.03403,1078.0294,-567.01544,215.33713,1052.4706,9.496922,175.11795,1075.263,-524.4074,218.99088,1052.6198,32.79335,456.6658,891.93756,-144.06119,430.59482,905.7117,143.87807,576.0228,983.2555,-126.54509,341.22446,980.2761,243.91711,713.83124,1017.59393,-50.510582,469.8989,1010.67773,452.41815,735.3543,1000.38367,-47.059586,498.75156,1005.16144,468.01572,754.4941,1085.2134,-167.60004,450.7638,1074.9,431.71313
mountain_rigth
WhatsApp Image 2024-10-22 at 12.29.42_7c24262a.jpg,mountain_rigth,223.21489,907.6071,-156.48814,210.75864,899.8722,-186.41222,210.24843,898.1379,-186.41733,209.8528,896.28174,-186.43892,211.11946,899.7961,-141.77547,210.94862,898.1232,-141.80615,210.95364,896.1782,-141.81155,216.6645,880.6145,-251.29283,217.52408,880.1452,-47.496677,235.30878,902.84735,-177.0888,236.59143,902.65753,-117.46111,267.36667,873.02295,-367.42307,282.3827,869.71313,105.80412,232.94673,971.0919,-508.82422,248.77023,967.78516,157.41977,191.55988,1063.6764,-508.3357,228.58722,1045.2986,35.43582,169.5694,1075.287,-573.8868,212.41296,1051.9622,32.499157,166.2218,1073.0568,-539.8816,207.6044,1056.1047,-17.523716,175.42067,1070.905,-498.90073,212.76486,1055.1555,8.403971,457.58527,904.08154,-147.5028,436.43304,904.7382,147.26396,580.66565,986.9659,-142.3375,340.6904,983.56384,255.50096,716.707,1012.4838,-64.5297,463.6571,1015.0974,419.58502,739.7412,994.76746,-61.759514,493.52353,1006.43854,429.7305,747.285,1076.5066,-181.2096,447.23145,1078.8228,388.92307
mountain_rigth
WhatsApp Image 2024-10-22 at 12.29.42_a686bca6.jpg,mountain_rigth,252.871,927.9066,-165.70338,236.93294,926.56744,-195.60753,235.24936,924.7065,-195.56606,233.4542,922.6775,-195.5523,237.57024,926.7437,-152.03534,236.36864,925.11865,-152.06654,235.08609,923.33545,-152.10948,227.73116,903.8935,-266.37335,231.4357,905.69604,-65.44567,258.77957,918.0258,-187.4365,259.02826,918.7101,-128.70374,256.2284,867.7204,-367.0707,281.68048,878.11755,67.54861,223.74266,969.723,-506.82886,257.08517,974.1759,137.69211,191.68144,1064.8923,-524.5522,229.41289,1044.9238,35.060345,163.93858,1078.4022,-587.0416,213.54149,1052.7684,32.16931,162.99754,1076.2843,-557.8255,209.89798,1054.5698,-13.660846,174.43774,1073.0842,-516.4032,214.17654,1053.8383,10.447549,452.08917,892.4128,-138.67108,427.2025,903.7109,138.50323,571.532,979.27844,-126.726425,336.75726,977.81775,238.9355,711.8692,1013.5424,-55.960644,463.65778,1012.801,440.45486,734.99884,996.6339,-53.21401,494.32095,1006.41406,455.1853,753.5784,1081.8438,-173.0707,444.9384,1075.8212,419.00385
mountain_rigth
WhatsApp Image 2024-10-22 at 12.29.42_be8a4e7e.jpg,mountain_rigth,255.64093,925.0668,-161.82065,239.23575,922.92175,-192.10825,237.1979,921.02515,-192.06306,235.11441,918.9383,-192.04597,240.16745,923.2526,-148.34981,238.82353,921.7046,-148.38759,237.43712,919.9786,-148.42635,229.14839,900.65393,-261.69812,233.63078,903.099,-59.87447,260.73047,915.8518,-182.86932,261.11493,916.95276,-123.91357,256.77808,866.506,-364.77847,285.09888,878.7713,79.0119,223.23994,969.0054,-503.94092,258.86,972.82947,149.63306,189.58818,1065.0951,-522.5437,231.98276,1045.6416,46.236553,161.39188,1078.3545,-585.99347,216.67801,1051.793,44.277187,161.31833,1076.5515,-555.9386,211.79898,1053.8329,-2.785613,173.51381,1073.2262,-514.0852,215.97127,1053.6147,21.15119,456.023,892.6167,-142.21494,430.59885,905.801,141.99492,573.8368,980.73047,-123.57113,337.96808,976.25635,262.6251,712.28064,1015.00604,-46.709038,467.89322,1010.75226,471.20337,735.1593,998.47656,-43.229324,497.0863,1006.17395,486.38632,753.55194,1083.7301,-163.84822,448.37982,1074.295,447.7736
mountain_rigth
WhatsApp Image 2024-10-22 at 12.29.42_bf6cbf5e.jpg,mountain_rigth,230.71236,907.1117,-121.71414,217.97052,899.5383,-150.4955,217.41325,897.8307,-150.50235,216.88585,895.9854,-150.50662,218.6846,899.43604,-107.77561,218.69928,897.8256,-107.81736,218.69293,895.98724,-107.84393,222.6424,881.3434,-214.18307,223.41017,880.84924,-19.56869,242.03882,902.36206,-142.24217,242.54536,902.47955,-85.23492,270.60416,873.9548,-325.38007,285.75742,868.9029,121.44202,235.42148,974.43164,-457.29407,250.43106,969.7681,169.08057,195.8731,1066.0305,-457.58972,227.65846,1046.8052,49.62563,169.83614,1076.865,-518.5293,212.2261,1052.4431,47.12577,167.13802,1074.6437,-485.80325,206.6855,1056.2642,-0.95794076,177.8441,1072.4757,-448.26398,212.05193,1055.6555,23.679958,459.13675,903.34924,-141.00934,439.0593,903.90204,140.81853,581.89105,988.9776,-149.6175,341.40842,983.971,233.26068,721.3781,1012.57135,-89.80099,467.2981,1010.3704,390.45554,742.1032,992.87177,-88.626175,497.5226,1003.61365,400.09485,757.1039,1078.8655,-205.6378,452.80176,1075.7589,363.1878
mountain_rigth
WhatsApp Image 2024-10-22 at 12.29.43_e7c6873c.jpg,mountain_rigth,231.84128,911.45764,-149.72382,219.63554,905.32587,-180.49677,218.99493,903.4712,-180.49657,218.28342,901.35925,-180.50813,219.87364,905.42004,-136.31236,219.53265,903.93304,-136.35861,219.14496,902.24677,-136.38959,221.09726,884.7668,-249.5757,221.72636,886.18115,-46.646755,243.20052,905.07324,-171.44148,242.82336,905.2448,-112.039406,266.50153,871.38885,-356.67575,283.11288,868.1444,98.75723,233.23106,974.5806,-496.15323,253.4301,966.4675,151.62152,194.81152,1067.3656,-495.32278,231.92696,1043.3004,32.140244,169.21783,1077.566,-558.28033,214.34698,1051.3658,30.403706,167.60802,1075.2548,-522.66376,211.00674,1054.5287,-19.996729,179.20117,1072.8513,-485.21393,216.57703,1053.8491,5.179993,457.95706,901.61865,-143.5542,438.95035,903.66754,143.32616,578.85223,989.83386,-128.65146,340.55807,979.5399,266.87592,718.7452,1012.2525,-41.177597,465.75085,1012.59485,436.0725,738.9144,994.3175,-37.04543,493.51874,1006.359,446.87964,753.9599,1077.286,-151.50333,451.8492,1073.8307,406.69498
mountain_rigth
WhatsApp Image 2024-10-22 at 12.29.46_1fc37bfe.jpg,mountain_rigth,423.3034,929.0146,-90.94872,412.43616,919.3008,-118.41816,412.13922,917.4907,-118.48434,412.04642,915.7423,-118.53302,412.95486,919.4037,-80.67659,413.04395,917.6062,-80.68613,413.38678,915.65314,-80.73909,420.6463,899.6667,-179.38306,421.53778,900.0963,-9.140661,435.81808,925.5004,-109.94734,436.53073,925.2932,-60.110935,461.69788,905.23566,-271.66476,483.91376,889.8539,126.56806,437.18787,1004.8199,-357.7643,455.6955,980.82666,172.64436,403.47568,1099.1082,-334.76266,427.6905,1065.7034,73.26232,377.03943,1108.4471,-383.41977,408.44904,1054.437,72.92856,372.5895,1102.7849,-355.65558,405.4953,1057.3721,32.43513,383.504,1100.941,-325.74255,413.34903,1060.2596,51.56356,646.9835,924.28455,-113.39541,633.64075,918.86304,113.24577,755.5483,995.4117,-113.88901,518.4982,956.79926,225.22923,900.7617,1045.1145,-85.56456,591.05884,1057.7854,325.00903,931.0585,1042.5059,-88.668274,619.4496,1074.2588,329.66327,887.08246,1102.184,-198.3125,546.656,1092.762,299.1863
mountain_rigth
WhatsApp Image 2024-10-22 at 12.29.47_36e5491b.jpg,mountain_rigth,423.29434,926.8712,-80.10015,412.61862,917.0867,-106.95149,412.32324,915.34656,-107.01754,412.19537,913.6343,-107.06333,413.21274,917.2312,-70.16255,413.40094,915.5355,-70.16804,413.80408,913.7155,-70.21923,420.97916,898.309,-167.67188,422.11536,898.64795,-1.8712058,435.41647,923.99164,-99.1454,436.31882,923.79645,-50.64485,462.54248,905.2112,-260.88736,485.39664,890.879,131.47421,436.5995,1003.8239,-347.67255,470.37225,980.3883,182.58786,403.72458,1098.1346,-320.06052,437.83633,1045.9779,86.3852,377.97543,1107.5623,-366.9422,418.9187,1048.5325,86.079124,373.3948,1102.2421,-338.96588,416.0066,1051.384,46.005432,383.9953,1100.5504,-310.81653,423.3514,1054.2429,65.04247,646.8291,924.2771,-111.10011,630.7575,921.36206,110.93113,755.6788,994.2866,-109.288345,517.7199,957.8989,215.13899,900.1988,1043.6187,-80.25211,590.8641,1057.8444,308.192,929.9098,1040.7473,-83.128624,618.64014,1074.5521,312.16803,888.1506,1102.1376,-192.0723,546.0377,1092.589,281.29852
mountain_rigth
WhatsApp Image 2024-10-22 at 12.29.47_5136e69f.jpg,mountain_rigth,414.16885,923.91876,-87.67781,403.88425,913.2537,-114.332214,403.97272,911.5357,-114.39863,404.0645,909.68054,-114.4425,404.0916,913.28644,-75.75189,404.42853,911.6521,-75.77209,404.79694,909.8642,-75.8335,413.7339,894.6864,-176.40637,414.12234,894.4857,-2.5394402,427.0174,921.84235,-107.789116,427.5733,922.1837,-56.919933,458.22757,905.152,-278.74225,480.0816,887.5961,134.76671,434.97382,1000.60846,-378.98376,457.15118,971.43604,195.58687,403.57172,1093.6661,-344.2185,452.5098,1039.7935,101.40931,380.9993,1106.0264,-391.949,435.3605,1044.5144,102.06165,376.48752,1099.0724,-363.33585,432.62134,1047.5044,60.075554,384.64468,1096.8877,-334.77206,439.52786,1049.3911,79.21673,643.84467,919.8003,-121.66098,627.4259,915.9391,121.502495,750.7787,989.897,-124.17518,517.8394,954.76294,254.57974,897.4356,1044.0541,-105.322395,591.9615,1054.489,366.48618,930.76587,1042.043,-109.29864,617.33563,1070.2755,372.17224,885.5336,1101.7661,-219.07794,546.2664,1086.9529,347.6145
mountain_rigth
WhatsApp Image 2024-10-22 at 12.29.47_b086edbf.jpg,mountain_rigth,417.26923,924.2809,-87.32302,406.4246,913.7877,-112.50446,406.4319,912.04565,-112.57021,406.43356,910.2119,-112.61223,406.46844,914.14606,-77.789696,406.61453,912.6998,-77.81482,406.79926,911.11444,-77.87254,415.3507,894.5895,-165.64433,415.50262,895.5932,-9.084664,430.2441,921.94104,-103.696495,430.46527,922.7007,-57.86412,460.2143,903.5583,-258.30383,482.66522,887.5148,121.6572,435.35626,998.47375,-346.23083,478.4907,977.9847,164.23232,405.91037,1092.2141,-310.34412,451.25897,1045.876,73.17499,384.84036,1106.7784,-354.69177,434.00613,1050.5698,72.6628,380.32486,1100.244,-326.84583,431.323,1053.2561,33.295017,389.20923,1096.9923,-301.07532,438.20016,1055.254,52.195618,643.5033,921.40936,-110.65988,626.42523,919.28253,110.47728,749.0192,991.8622,-108.15021,510.95895,955.32007,230.7563,895.4331,1044.5491,-82.56895,590.5596,1055.8705,331.98068,927.839,1041.961,-85.70235,614.6063,1067.8832,336.61145,884.37286,1102.6233,-192.03094,541.4353,1092.5166,312.5778
mountain_rigth
WhatsApp Image 2024-10-22 at 12.29.47_b20a53c9.jpg,mountain_rigth,414.1735,923.1652,-94.14593,403.73093,912.57336,-121.25104,403.79684,910.8329,-121.31886,403.86682,908.9763,-121.366066,403.85068,912.7072,-82.90084,404.1103,911.0804,-82.91617,404.39923,909.301,-82.976746,413.35028,893.4758,-182.48024,413.36404,893.5892,-9.784569,427.21454,921.03723,-113.60607,427.55887,921.46497,-63.031998,458.64304,903.12775,-282.40765,478.59442,886.25,127.98335,434.8697,998.16113,-380.20157,454.1736,972.9383,178.79124,404.2908,1091.7527,-348.84967,450.4545,1042.3118,78.94314,380.82004,1104.5381,-397.3971,433.29413,1046.9978,78.50755,375.6512,1098.1031,-368.8517,430.83994,1049.7952,36.276062,385.5042,1095.6277,-339.46204,437.79282,1051.7466,56.44539,642.8518,918.0436,-119.95112,624.96423,913.98413,119.78974,749.818,987.59033,-125.12643,515.44507,954.22656,248.11258,898.8612,1042.7266,-104.465,590.68933,1053.6927,357.8165,929.6825,1041.1459,-108.54379,616.21405,1068.8192,363.12177,884.04565,1101.885,-218.41052,547.7467,1089.217,336.6996
mountain_rigth
WhatsApp Image 2024-10-22 at 12.29.47_b6f6acbc.jpg,mountain_rigth,415.28976,922.7207,-91.07694,404.72733,911.9793,-117.100075,404.803,910.223,-117.15165,404.8641,908.3451,-117.191826,404.7453,912.172,-80.84603,404.94473,910.57196,-80.87065,405.15317,908.81195,-80.927505,414.27954,892.7881,-174.01248,413.98328,893.07666,-10.374758,428.4386,920.51874,-108.894844,428.69196,921.12067,-60.985657,460.0808,901.7028,-269.1648,478.9279,885.37036,123.060905,435.1261,997.2167,-358.6617,456.90845,973.0417,162.15015,405.42682,1089.3654,-331.45767,447.57523,1045.9917,64.54709,383.41254,1102.5135,-379.61246,429.37756,1050.4246,63.359226,378.6603,1096.5175,-351.50146,426.92184,1052.9701,22.528103,387.47147,1093.5509,-322.4826,434.17944,1055.013,42.677643,640.0255,917.14746,-116.87399,624.48474,912.3956,116.70837,749.56915,987.8738,-123.01888,514.8077,953.31445,247.7056,895.9339,1039.5665,-103.12413,587.40924,1051.2806,360.35364,927.3056,1036.0167,-107.2117,615.44617,1066.4023,366.00598,882.71045,1098.9542,-218.1621,542.4741,1084.8666,339.3982
mountain_rigth
