IMG-20241114-WA0027.jpg,fondos_down,467.82782,819.6646,-317.53568,472.92026,808.36316,-304.1543,476.80927,807.8883,-304.16977,480.63242,807.2846,-304.2682,460.8718,808.8882,-304.35175,456.39383,809.02655,-304.41998,452.00604,809.121,-304.32587,486.95834,806.0715,-163.64833,443.2508,809.1851,-164.14603,474.2476,828.6222,-258.1758,460.233,829.9359,-258.51816,520.7989,837.47003,-1.6036671,412.41623,839.1418,-39.583485,531.017,891.3813,173.09981,395.49777,868.9912,91.98306,530.3829,915.49896,227.16594,404.78363,917.9048,112.24824,536.58856,924.93225,234.28166,404.82147,925.32074,111.11583,535.523,922.14966,201.32108,406.3568,921.9097,73.34283,530.961,919.75586,216.61261,407.6238,919.397,99.98784,506.46518,975.36523,3.9868097,438.3567,984.28613,-3.83511,513.41504,1029.0295,-308.15344,453.86847,1031.579,-389.07587,542.55914,1144.2987,-541.21625,464.2614,1141.5131,-652.53174,541.3549,1175.5287,-574.26874,470.25723,1170.3468,-686.1081,557.21686,1156.2678,-708.4796,460.0285,1141.6827,-818.1394
fondos_down
IMG-20241114-WA0034.jpg,fondos_down,468.27225,806.2601,-301.50323,472.73666,795.76843,-288.3246,476.51743,795.3037,-288.41537,480.20758,794.8886,-288.58963,460.77454,797.08527,-289.57297,455.9082,797.7169,-289.67004,451.17392,798.37195,-289.60785,485.58685,795.7281,-159.46815,442.26987,801.1182,-164.99611,475.42245,816.00635,-248.00172,461.04886,818.288,-249.7198,521.05615,833.81226,-24.548609,410.3145,839.28284,-58.11447,525.9127,893.42535,96.28122,402.44412,893.334,57.613785,524.41235,918.84546,133.62976,414.78906,921.87634,95.95008,526.40204,929.9519,132.93591,419.39227,935.1188,94.643234,524.97217,925.8407,104.93174,423.33078,931.0665,61.314987,522.6804,923.0521,123.60664,423.8743,928.61237,84.8403,506.62732,971.43,6.5938683,439.22705,978.2922,-6.3848457,515.31946,1022.3401,-345.0496,453.1537,1025.7246,-414.6235,546.3048,1134.3762,-634.7155,462.23236,1137.7977,-727.4553,542.5286,1170.9006,-673.2442,468.5501,1167.6642,-765.2136,569.11304,1135.1531,-790.8673,458.56467,1120.2725,-874.21643
fondos_down
IMG-20241114-WA0036.jpg,fondos_down,471.2487,837.4767,-274.49683,476.96252,826.2407,-273.33997,480.86365,825.9352,-273.40558,484.61792,825.45483,-273.55112,464.73697,826.0211,-273.0019,459.97018,825.9221,-273.02786,455.5141,825.8545,-272.9485,490.37012,824.239,-179.43039,445.26068,826.2769,-178.49806,476.85446,846.98676,-231.58151,463.0866,847.92664,-231.12294,522.60046,854.0582,-68.62791,412.0395,857.7477,-70.20519,531.18823,906.9624,41.944183,397.82373,895.19867,5.8176837,531.4156,932.5758,64.064644,405.15826,933.5575,-25.990707,539.02795,941.2118,58.278282,404.44464,939.7644,-38.122086,537.5766,937.44293,29.319881,408.58694,934.9261,-67.8642,531.52637,935.0405,53.864025,410.1337,931.965,-38.87391,508.91577,993.3765,3.9820383,441.44492,1001.2003,-3.6999156,515.2197,1052.0365,-326.4074,455.11655,1054.846,-334.0202,541.1152,1156.4579,-575.29346,470.69138,1151.0747,-565.92505,541.06384,1194.623,-605.9515,472.27084,1178.435,-592.5764,549.27716,1144.4823,-720.75635,470.7066,1123.3696,-687.0254
fondos_down
IMG-20241114-WA0037.jpg,fondos_down,470.25058,827.6844,-307.40332,475.62552,817.0299,-303.02408,479.27347,816.5602,-303.1003,482.9507,816.0078,-303.25354,463.99457,817.0928,-303.25232,459.50568,816.8719,-303.32388,455.21622,816.66205,-303.26965,488.54065,814.408,-194.00757,445.8665,815.71606,-195.64465,475.71484,837.4114,-258.814,462.1676,838.2364,-259.4155,523.12177,845.9114,-65.57165,410.44223,847.0587,-86.98326,532.04865,901.7422,60.103943,399.8414,898.78326,-6.870342,526.8321,925.4673,101.162056,411.72287,929.2279,-20.73085,532.42255,935.2923,99.54535,411.64648,934.7332,-30.610394,530.5823,931.37256,70.927795,415.59238,931.26025,-62.093803,525.9736,928.95166,91.754616,416.16898,929.4884,-32.95303,507.37018,983.0464,6.4910717,439.9816,990.812,-6.217344,514.4973,1041.518,-342.95865,455.0442,1045.7775,-378.828,546.64075,1149.878,-608.8796,467.60916,1145.6936,-647.93866,540.25745,1185.987,-642.9762,469.85345,1180.7578,-679.50665,549.4462,1130.1537,-760.27734,470.3035,1119.6821,-782.9018
fondos_down
IMG-20241114-WA0115.jpg,fondos_down,257.18658,465.01923,-73.29529,261.53653,454.0083,-90.84495,264.03912,453.18344,-90.9177,266.65747,452.3208,-91.03274,258.59802,454.331,-53.731327,258.93594,453.73227,-53.72164,259.36975,453.0163,-53.78538,283.31625,449.22308,-137.70738,277.4016,449.32144,30.89234,266.95807,471.32095,-89.15521,263.08197,471.75293,-40.182014,321.949,490.0567,-214.2396,307.3163,494.59784,143.11562,404.35785,523.3358,-281.34576,332.45868,576.5461,184.69276,398.98776,600.3936,-293.07422,322.56668,631.80994,117.10176,404.48398,618.1128,-328.49683,320.26105,649.7444,119.56778,388.55286,616.23737,-318.96362,316.2183,649.68134,86.50978,386.5423,611.25055,-288.62292,318.7508,643.0463,100.16832,363.3205,640.3331,-119.98203,336.81158,633.76355,120.39598,257.58658,670.5321,-170.95271,234.2844,641.59485,123.27146,169.3001,702.1174,-100.77843,188.80312,676.76306,154.0527,164.65877,716.34644,-94.75277,188.36879,689.49615,155.17294,123.32954,684.3782,-152.12665,158.23805,669.8343,121.4691
fondos_down
IMG-20241114-WA0161.jpg,fondos_down,336.84207,463.26105,-51.731796,341.31534,447.62604,-75.9472,344.02533,446.66043,-76.0135,347.154,445.5127,-76.10612,338.90765,447.27112,-36.996403,339.9076,446.18262,-36.985012,341.15298,444.82742,-36.97692,369.2491,443.18518,-141.68207,360.83148,442.34863,35.72139,349.50598,473.02924,-72.549545,346.612,472.18408,-20.913008,410.7209,487.0584,-237.64954,394.35074,486.8108,153.96735,506.93115,517.6314,-324.20187,455.988,536.66266,268.0993,506.66946,610.6951,-337.96786,459.4891,604.2079,301.89584,517.2124,632.96954,-377.8943,460.08536,625.35846,323.86456,497.6228,636.375,-360.0467,450.88568,625.8358,288.1475,491.92108,628.2632,-329.27808,461.11066,616.8739,288.26733,408.2486,668.19666,-137.48196,382.30542,656.38635,137.83174,245.85497,673.3652,-174.64412,240.85838,666.9413,133.45546,92.766106,725.2506,-147.20116,100.485825,721.22797,158.71928,79.03397,730.8148,-145.87003,113.685814,730.9905,156.21233,62.13367,698.25806,-218.66264,67.89212,695.2747,105.9137
fondos_down
IMG-20241114-WA0162.jpg,fondos_down,333.75018,456.91132,-88.32298,338.59714,441.29675,-118.85667,341.16068,440.2512,-118.89456,343.82904,439.05533,-118.991104,336.25436,441.0937,-76.16237,337.29437,440.0738,-76.17531,338.49033,438.81076,-76.15549,364.53934,435.217,-202.16335,357.80594,435.26645,-8.526313,345.5901,465.39252,-113.807106,343.17267,465.01175,-57.41727,406.37622,481.02603,-286.16418,398.60757,475.5304,115.04965,502.47418,522.9196,-349.62244,461.86832,516.3349,236.38373,507.14975,612.1996,-323.70187,459.64285,594.9096,283.84576,514.298,630.46106,-362.2751,458.44318,610.1169,312.53162,497.99524,631.56244,-342.08484,456.78076,612.74927,272.62274,493.55438,623.7553,-313.45367,457.05023,608.60443,270.0388,372.55154,662.18317,-146.4928,366.56583,646.8842,146.90219,211.9763,695.0757,-181.1636,211.76257,673.1628,153.05026,62.489246,725.6912,-163.09895,71.22215,720.0955,213.77367,44.854282,736.9803,-163.19035,64.83371,726.3471,216.01297,18.748814,671.9052,-247.1237,34.45175,681.2426,167.69385
fondos_down
IMG-20241114-WA0163.jpg,fondos_down,334.7827,461.656,-22.8715,337.84512,445.9058,-45.801456,340.2494,444.90698,-45.84188,342.89627,443.73654,-45.945114,335.93484,445.92136,-3.945392,336.8061,445.01,-3.9531574,337.8083,443.89435,-3.9430487,363.5445,440.46494,-115.2995,356.88788,440.0204,74.119545,347.41425,470.73065,-45.91301,345.04727,470.37418,9.173733,402.30698,486.34766,-213.87271,396.83746,483.52258,179.56699,502.27823,532.44,-288.31464,462.07617,536.4575,250.98622,509.8176,616.56775,-303.62662,462.90073,605.53265,233.64392,517.7295,633.5919,-346.49994,457.78104,630.26697,248.7336,500.35077,636.06683,-326.0347,454.60306,624.5371,212.37502,492.18274,629.6913,-294.919,453.73798,626.70886,217.99268,404.5971,653.83984,-138.15549,381.3435,646.0984,138.5061,220.22691,674.87866,-208.12125,213.34225,668.0408,83.68238,74.55747,725.3408,-205.40128,80.363014,721.2354,103.44495,64.851654,736.366,-206.27713,67.85343,729.5791,102.3443,45.447823,695.127,-295.0263,48.571545,693.3517,46.21754
fondos_down
IMG-20241114-WA0164.jpg,fondos_down,330.13022,462.75916,-87.22467,333.9031,449.21188,-112.15636,336.00128,448.2077,-112.215385,338.46594,447.0428,-112.30716,332.80872,448.90073,-72.10768,333.98752,447.77255,-72.06731,335.36267,446.51678,-72.044075,360.30316,445.1944,-185.49101,354.9861,444.6626,-3.7474072,342.77808,472.724,-112.394264,340.90125,472.19495,-59.86944,401.50552,491.60162,-270.5927,399.89478,485.28714,98.65465,501.94507,530.3366,-307.03436,479.59915,531.2632,134.66356,503.43436,616.4179,-246.56696,471.43356,616.81934,59.799355,515.27045,639.4406,-280.80283,468.5328,636.42706,57.76982,492.63055,640.22314,-269.33124,461.07263,633.3037,20.683352,486.70248,631.42773,-239.2218,468.546,635.1764,41.012802,443.07056,659.2319,-113.79874,431.83798,651.68945,113.87122,349.55124,640.59155,-116.307556,357.26514,633.3158,220.61348,370.9105,668.45087,34.460777,323.1546,674.06616,264.51114,384.16516,674.8059,48.568707,326.157,686.0473,265.67294,348.39032,669.3371,58.205185,284.29324,674.9781,266.05963
fondos_down
IMG-20241114-WA0165.jpg,fondos_down,328.75333,476.96082,-118.183205,331.2392,463.25436,-140.90251,332.9735,462.2113,-140.95605,334.91144,461.08063,-141.0482,330.28043,463.40796,-103.03393,331.27414,462.5177,-102.99851,332.478,461.51422,-103.03102,354.20917,458.06604,-199.78177,351.74628,458.67126,-29.91339,340.71796,485.15225,-137.06483,339.0288,485.6411,-88.127014,408.39658,500.35617,-277.9407,396.67868,506.0061,80.29982,504.64243,531.18915,-312.15268,457.02048,560.5654,115.18121,514.39935,618.4241,-266.83734,464.34927,618.1745,31.893152,526.4141,638.1288,-302.65744,465.4824,635.43146,24.363201,503.2428,643.37427,-298.37332,470.14987,633.1208,-9.320882,497.5844,635.535,-262.73566,464.45898,630.30566,13.733934,491.28198,644.004,-109.54787,475.38437,643.15405,109.68264,383.72543,636.41516,-48.523087,402.37885,651.0918,285.64413,418.32166,639.7352,206.65271,419.4762,652.0798,368.4803,430.35306,642.45636,234.30072,424.80014,654.5602,378.12756,406.07297,639.92096,280.05545,407.88623,651.829,397.33344
fondos_down
IMG-20241114-WA0248.jpg,fondos_down,335.61615,964.0957,-8.10712,341.60843,946.55554,-35.29742,344.23636,945.59296,-35.37544,347.27795,944.5814,-35.49395,339.81656,947.1965,11.623792,341.01895,946.6926,11.695633,342.4195,946.0471,11.60817,370.1951,945.1126,-106.94264,365.17508,945.11127,106.12519,348.6528,974.73773,-33.01118,345.8923,975.8818,28.942059,417.14566,997.66656,-235.19563,402.08426,1015.3139,239.60236,546.77405,1030.6167,-338.01666,443.6373,1110.0537,296.41022,535.6059,1152.3408,-341.84454,410.88937,1189.3727,217.74196,543.54553,1187.3579,-381.03662,400.17572,1218.7524,218.20668,516.9941,1188.9288,-373.33206,394.6834,1219.7302,172.59477,516.3458,1178.8322,-335.95114,400.13678,1209.419,193.77606,444.03632,1218.2706,-151.5616,413.7216,1219.9572,151.57417,295.7963,1204.161,-205.50172,255.89227,1224.58,127.27793,308.98532,1285.1412,-48.704147,268.5136,1334.0415,114.304634,328.30896,1302.5193,-30.390305,287.0928,1351.3705,110.489265,267.32742,1301.9125,-17.806171,223.71254,1370.9417,104.841125
fondos_down
IMG-20241114-WA0249.jpg,fondos_down,329.48206,963.4121,-32.57915,336.67026,944.86676,-58.627872,339.5558,943.3219,-58.77332,342.45425,941.9551,-58.93708,333.91095,946.57794,-8.180857,334.84387,946.19275,-8.138221,335.9087,945.751,-8.262424,364.43854,944.1084,-126.94885,357.05573,947.161,99.559364,345.73978,973.6962,-56.11451,341.5125,974.65784,9.504173,418.1143,995.8955,-270.59326,392.67004,1031.1907,241.3775,539.3305,1022.99146,-366.3402,422.04758,1127.0894,293.93155,512.006,1152.3003,-357.0823,405.78036,1210.4084,200.14043,517.90326,1186.0303,-397.03882,402.8838,1238.3435,200.6337,494.92014,1186.7303,-387.01117,398.73633,1237.0656,155.81818,495.6439,1177.3436,-349.08118,401.7212,1227.492,175.54529,522.9726,1209.0363,-150.2051,474.23425,1225.3743,150.3848,482.63223,1296.8448,-292.09003,378.61362,1304.6753,114.904076,494.04007,1350.4807,-25.443213,455.1248,1354.7666,201.60553,507.61188,1352.7485,4.280172,473.63083,1357.4438,210.16808,458.58362,1387.5747,1.2798548,440.42734,1393.5488,203.49686
fondos_down
IMG-20241114-WA0293.jpg,fondos_down,337.80707,973.1898,-121.49173,343.4077,956.27747,-146.29977,345.84875,955.0656,-146.4888,348.47702,953.9308,-146.7106,341.50146,957.259,-98.38374,342.59943,956.67944,-98.34019,343.92325,956.0585,-98.448265,371.76627,954.92975,-206.27167,364.48273,956.97784,9.702648,353.71872,984.2012,-141.45026,350.3553,985.5655,-78.72693,433.02002,1001.9624,-325.80264,391.7785,1044.0353,157.00243,552.58624,1028.5162,-386.1403,427.91205,1136.266,234.04953,547.026,1151.1785,-378.20532,417.60425,1205.9524,136.29268,554.9958,1184.3158,-427.10648,417.53607,1229.437,130.46854,528.9789,1184.2549,-428.05542,412.9295,1224.9213,85.30718,528.05273,1174.8829,-374.6463,415.26804,1217.0754,112.123314,537.851,1209.973,-148.89915,488.44254,1220.5732,149.1703,489.1933,1291.2053,-199.09163,389.94043,1273.7399,168.3256,513.9835,1426.4032,-1.9601259,427.53986,1361.2646,358.46915,534.7713,1449.6484,16.125868,446.4675,1375.1488,376.65167,466.28723,1465.3213,-61.887394,380.31363,1401.3856,355.3043
fondos_down
IMG-20241114-WA0295.jpg,fondos_down,337.19562,956.9337,-66.67672,343.32684,940.87427,-94.89463,345.75745,939.8007,-95.05017,348.12503,938.86597,-95.21125,341.21378,942.00507,-46.13677,342.1506,941.68225,-46.065792,343.1576,941.362,-46.200375,369.36932,940.93726,-166.42535,363.0139,943.3363,53.000305,351.81448,968.36835,-90.47279,348.47037,969.65015,-26.978266,419.6781,998.6048,-293.86862,400.5511,1024.4812,190.92679,543.56024,1026.1447,-378.93683,424.38495,1123.9631,241.54065,534.4241,1152.6404,-377.63458,408.93362,1209.2606,142.18987,535.3427,1188.0884,-420.9508,405.19363,1238.6847,141.33914,511.6922,1188.431,-417.11295,402.60425,1236.8234,92.69068,510.14078,1179.9989,-372.86368,405.8106,1227.2742,116.98192,504.9005,1222.3225,-147.20175,463.6084,1232.4897,147.36299,434.10873,1233.0983,-202.89557,346.87567,1265.204,183.20847,448.00534,1304.4207,72.472244,422.69904,1325.6284,236.3698,460.7009,1312.8116,103.94145,442.84927,1330.2894,242.78825,420.07562,1332.2501,126.90607,406.17224,1360.3254,250.73218
fondos_down
IMG-20241114-WA0344.jpg,fondos_down,249.96335,907.24316,-423.44748,254.99504,893.2887,-443.64618,257.70636,892.7655,-443.66022,260.326,892.45844,-443.8225,251.12491,895.44727,-421.14606,251.7584,896.1083,-421.23868,252.24599,896.81323,-421.29767,282.44827,896.949,-444.41968,275.51205,900.115,-345.3502,272.14542,921.0448,-415.44077,265.84933,922.8512,-386.83054,321.5705,963.5605,-402.29785,312.99634,966.7698,-232.95451,387.21082,1052.2009,-297.31985,343.687,1052.2802,-116.77032,374.5281,1096.6001,-135.01086,342.06888,1100.6079,-96.012245,373.90445,1107.3538,-138.58264,341.35574,1110.3008,-109.14414,368.2278,1106.3186,-147.41776,341.107,1110.8043,-128.94466,369.4407,1102.6836,-132.89195,342.93036,1107.568,-105.5152,393.91312,1109.4532,-58.124744,385.30078,1107.3192,57.850193,408.064,1100.3765,243.8136,397.0653,1137.2556,371.89987,434.4186,1177.8545,555.02795,436.2326,1198.4962,675.88025,446.48685,1192.8938,586.8792,452.93863,1206.9957,708.19714,415.49072,1195.2828,566.4354,404.604,1228.749,700.96814
fondos_down
IMG-20241114-WA0387.jpg,fondos_down,243.91,945.5173,155.63431,251.73024,928.14014,153.32835,256.3268,926.219,153.35986,260.93408,924.3719,153.22972,243.27393,932.31775,181.0946,240.98387,933.19244,181.08118,238.69699,934.1402,181.02713,281.4754,923.99615,180.24197,250.44377,935.16455,306.49384,259.2841,953.30884,165.81795,247.63016,957.9034,202.63942,360.59848,965.74677,93.14265,246.72429,984.07996,384.5874,443.4743,1039.729,-95.46153,161.93233,1013.83325,245.86084,502.38663,1084.9843,-257.49417,100.24154,1005.37756,16.368683,521.6217,1096.702,-283.914,80.73743,1004.59564,4.593455,518.91974,1093.5212,-303.34293,82.978645,1000.19635,4.0637565,508.09158,1093.6416,-268.9285,92.85925,1004.69006,7.6698785,342.01187,1134.6333,-115.71846,284.05606,1149.6152,115.294586,260.6862,1087.1959,-312.45908,188.62871,1088.8513,-38.03053,206.17741,1252.0441,-328.08777,142.87799,1256.524,-104.26029,209.7445,1288.55,-330.71426,154.1684,1291.045,-115.27169,141.67621,1276.9552,-411.81836,70.79521,1291.061,-193.1885
fondos_down
IMG_20241112_103944.jpg,fondos_down,254.1896,440.40045,-180.88635,256.87646,415.84457,-180.08257,262.51984,411.04388,-180.02478,267.57974,406.03522,-180.14468,232.95659,426.36963,-176.47868,224.57835,428.2196,-176.327,218.15033,429.08755,-176.26047,275.83542,393.02567,-79.261086,206.5982,426.7273,-48.702206,269.3304,446.08334,-132.37671,249.15884,457.46335,-123.976746,336.21555,423.88562,-16.58587,192.36063,463.67407,36.176403,433.70306,456.03488,-160.27208,224.61221,541.4652,-44.036415,426.7312,484.02237,-347.05627,273.11545,543.0852,-171.93047,437.86353,496.51825,-379.41656,285.73245,557.12823,-200.61707,415.55853,497.2073,-385.82663,285.73563,543.74097,-201.77628,407.60376,493.99686,-351.51743,287.90063,542.0306,-173.44392,330.8704,627.28125,-76.65204,249.6976,619.69904,76.789024,240.23398,675.08203,-423.58655,132.13731,649.64935,-192.56989,276.97604,849.03174,-349.73273,163.22917,820.4264,-161.25494,294.12933,862.9968,-341.55496,188.00629,844.6917,-160.41824,263.34662,949.37463,-454.43015,111.626854,912.29254,-248.6129
fondos_down
IMG_20241112_104001.jpg,fondos_down,469.2729,236.4256,501.86383,472.1447,227.31265,481.51474,471.09628,226.83917,481.48706,469.54437,226.80945,481.40958,481.2313,224.71931,493.96704,482.3546,224.52238,494.04407,482.75235,224.77951,493.8464,463.53143,228.54633,386.72876,489.38535,229.20303,433.38443,468.76968,244.50174,466.09076,477.4593,246.15585,479.656,394.73526,313.6957,189.2854,514.7858,279.10626,379.72668,375.96863,385.4047,105.16971,546.6514,313.746,274.79547,374.96793,446.28708,135.42621,552.476,327.61438,212.4731,372.01126,461.65778,120.50879,554.8258,336.37955,215.12308,380.10886,458.8525,131.62367,545.0736,339.03778,223.24239,382.96808,453.69968,140.26566,537.2167,334.9383,214.62326,404.11847,474.63803,-100.9175,463.6319,469.25598,99.78207,293.1628,573.03735,-117.767105,389.6233,499.09796,125.22937,233.75562,749.4492,-296.8496,363.88422,660.2457,41.38908,243.97478,788.2901,-317.44806,372.28043,690.265,24.90029,162.15176,762.91223,-348.5809,318.6876,692.68713,1.0267949
fondos_down
IMG_20241112_104003.jpg,fondos_down,467.73566,212.97804,240.40875,461.12408,204.24106,221.00659,459.80814,204.26787,220.95862,457.52356,204.26926,220.90875,466.9841,204.93286,224.11023,466.58936,205.44098,224.08952,465.70782,205.9841,223.95845,444.64804,219.45815,153.67902,467.14417,212.2267,157.91348,464.43405,223.53151,219.33173,456.49304,230.1629,220.4119,405.6128,282.09015,58.064392,496.296,258.39185,167.03229,390.73898,339.17212,91.27937,477.11545,293.86218,98.104614,393.63864,384.48468,145.31935,500.78165,281.4048,20.702906,392.42224,394.46323,131.17412,509.6042,281.76617,9.055234,399.4182,384.09946,125.5591,508.3188,282.30774,8.049307,402.50885,381.55585,144.1534,502.63287,275.8064,18.923965,393.58133,464.05334,-84.990456,442.93652,457.0334,84.60008,302.0319,580.8761,-134.41608,425.03442,520.477,125.795975,247.76003,729.6994,-199.99866,434.50177,673.2321,148.53337,252.76952,778.7511,-209.68285,444.34952,701.3926,146.92395,167.85378,767.35565,-271.85666,396.26025,699.3296,112.52754
fondos_down
IMG_20241112_104005.jpg,fondos_down,252.04222,422.00842,-267.23666,256.7,401.69724,-275.1651,265.3946,398.15582,-274.9506,273.83853,394.07516,-274.9821,234.85707,406.50845,-256.69284,228.05135,406.9314,-256.55334,222.70023,407.23727,-256.3794,290.48956,381.7141,-209.2321,217.23438,403.59003,-117.3885,271.56863,434.1053,-235.23613,249.20612,440.30228,-208.54788,360.0183,401.41873,-124.32084,222.84367,433.15598,34.90502,453.00604,379.28088,-71.991104,247.29807,478.81,217.23312,444.4688,467.81305,-6.776011,253.31268,492.08847,331.62115,447.25873,486.0846,-0.028828116,249.37823,501.33643,347.568,429.5504,485.58173,-21.81573,247.08398,497.8029,335.93024,425.26636,480.98846,-11.328126,253.06548,495.9231,330.9171,342.67502,589.03784,-80.83263,267.9693,575.6975,80.479614,265.141,604.42377,-458.8742,176.0336,591.7935,-180.6044,291.1842,786.1271,-442.10498,206.32024,755.2969,-166.39554,302.6483,799.07654,-439.08182,234.22243,779.6886,-168.62212,269.06058,872.8613,-547.3182,160.61662,836.24744,-260.95374
fondos_down
IMG_20241112_104006.jpg,fondos_down,233.9669,313.1305,-412.51657,240.36201,293.8294,-428.43268,248.79123,291.41412,-428.27115,258.14087,287.78906,-428.39578,222.68437,294.2956,-402.63004,216.95801,292.82996,-402.59402,211.51031,290.72415,-402.52197,281.8609,270.97723,-378.96432,216.77019,279.82257,-251.54617,253.94434,326.9076,-381.39175,235.03632,327.287,-344.87738,373.6051,310.88025,-296.7362,202.736,316.91168,-122.67963,458.3627,377.91046,-213.23146,237.91658,401.7679,17.17907,423.14108,483.8127,-150.47614,286.0984,466.906,29.920662,422.67786,504.85074,-156.86679,297.9721,497.22144,15.259726,404.05255,502.66937,-178.57452,300.71207,488.25934,-8.051451,402.9703,494.5379,-152.28203,301.36255,478.68625,21.044388,353.5242,531.2694,-75.15292,257.55493,517.6875,75.13659,269.21066,635.02997,-433.36176,159.80128,609.2435,-189.3203,284.0889,788.25635,-120.853096,202.8938,768.9053,100.1186,304.8404,799.8691,-91.19329,231.27885,786.11426,124.69588,262.02057,883.31396,-215.42188,143.30211,849.4453,27.695522
fondos_down
IMG_20241112_104455.jpg,fondos_down,316.61295,368.86597,-199.15341,325.57547,352.84363,-209.81374,333.13406,352.05817,-209.75046,340.8264,350.9674,-209.88388,311.57455,353.40375,-182.79216,308.29605,353.19574,-182.7626,304.50882,352.95435,-182.67142,361.83072,346.69836,-151.65706,311.34625,349.01282,-20.49154,334.1601,381.4484,-168.37497,315.62857,380.94458,-130.60434,433.6011,384.56494,-91.35475,291.6141,382.49588,148.25365,536.9211,410.71832,-14.653032,311.23315,430.22372,431.58356,513.0432,503.14395,56.871727,316.2331,484.21262,543.54724,512.4907,529.0287,47.7577,307.105,503.4521,540.9669,497.84818,529.9201,20.74729,312.73877,502.91443,505.839,495.43878,522.33374,54.053253,313.8778,495.0559,529.2975,394.85748,596.6433,-78.8211,313.16315,570.5916,79.14772,308.5453,724.6361,-378.10333,241.57394,676.33856,-332.79047,193.02235,869.2572,-619.026,141.90575,843.7804,-621.0154,166.66502,916.9761,-648.817,150.32275,895.9696,-658.0736,128.7162,888.4979,-840.7869,68.15519,866.0204,-827.4736
fondos_down
IMG_20241112_104500.jpg,fondos_down,355.8099,384.86078,-111.421364,357.55173,372.1682,-143.94714,357.97226,372.82812,-144.00964,358.35852,373.47693,-144.16576,360.2361,369.34418,-119.061104,361.96136,368.11255,-119.06095,363.7733,366.84662,-119.11433,371.46854,376.95663,-242.98831,381.254,366.81714,-131.41628,361.60043,404.6887,-141.10867,364.504,393.30276,-108.823814,377.10013,450.9152,-304.2677,450.53528,405.4488,-74.23723,412.75204,540.9893,-286.94888,512.7861,485.32974,-16.222092,419.89386,633.8169,-226.77235,516.7922,543.3384,-9.780681,417.08963,651.8387,-257.24838,521.69385,555.09186,-22.676687,412.1259,645.1244,-267.20853,510.34705,560.0245,-40.626762,412.59586,640.5563,-230.27989,510.6289,553.8231,-19.891922,419.9508,608.93414,-87.957375,447.51706,570.18243,87.73466,319.30777,627.871,47.616978,346.20105,546.07263,373.74942,355.94055,668.5735,331.0821,306.2534,578.71454,565.0025,373.71115,677.37085,363.21625,308.28336,591.78503,584.93445,319.21997,671.2314,413.50153,264.2315,564.5693,619.3169
fondos_down
IMG_20241112_104501.jpg,fondos_down,349.12314,400.35385,-151.92238,352.0231,386.21338,-182.3733,351.83536,387.3508,-182.43617,351.4943,388.85736,-182.65015,354.87668,384.3564,-157.59155,355.35016,381.4737,-157.58617,357.22266,379.92072,-157.62593,364.01505,396.29004,-270.18716,374.76212,379.51816,-159.32944,357.93268,414.1974,-176.16379,360.30954,412.04065,-144.3832,369.5936,461.21454,-292.40305,449.13892,417.5785,-117.57173,423.42773,575.7151,-251.83752,512.9443,496.22772,-70.68268,412.01254,635.71136,-144.62454,532.01776,560.02905,-39.763172,413.7205,667.40283,-163.22476,527.27563,566.996,-47.439674,399.1912,644.86084,-168.84077,521.62573,567.6549,-59.774403,400.57196,641.39136,-145.6376,518.818,575.1768,-47.005215,423.51303,609.29346,-54.92707,462.5523,559.64667,54.670322,360.7137,614.4373,169.33926,417.3944,491.66473,342.1514,404.88876,653.7534,467.07965,455.44055,498.7362,600.68555,422.43723,658.58704,499.0448,469.3912,503.58228,627.1718,372.72937,660.06586,508.45575,429.58008,487.72174,651.436
fondos_down
IMG_20241112_104502.jpg,fondos_down,323.03583,410.54306,-200.12299,330.77026,396.01376,-225.55585,333.00772,395.6514,-225.64282,335.21576,395.46442,-225.83582,329.64584,395.3561,-197.4505,331.11902,394.396,-197.4726,332.75162,393.40967,-197.4924,356.78903,399.37286,-286.9824,353.05252,396.7483,-161.6755,334.8762,423.11377,-216.31483,332.11533,422.17758,-180.11937,360.75702,467.75946,-316.08493,408.54608,428.12103,-70.19461,400.42798,563.81604,-276.9853,457.0558,510.2594,11.024689,407.92532,635.78625,-167.06601,443.77393,559.56616,34.281612,408.32544,653.8739,-185.70059,441.76892,567.4757,35.177475,398.64127,649.7108,-192.87926,431.48685,569.1709,8.793742,398.85977,640.9343,-167.91573,432.59653,568.60156,22.475042,420.03345,618.85956,-82.24283,433.83636,573.0649,82.15518,325.55124,624.386,24.177713,355.33972,525.2496,335.55994,372.7035,641.7864,315.83926,381.35953,576.0054,516.5345,387.84784,642.938,349.39917,393.82535,585.6792,536.5162,352.7792,642.9315,418.79468,356.93777,582.2984,596.1659
fondos_down
IMG_20241112_104915.jpg,fondos_down,321.43924,445.46545,-217.38934,327.6512,428.06088,-245.4948,332.74222,426.4137,-245.31604,337.96066,424.46045,-245.45056,318.5842,427.78488,-213.49927,317.3149,426.22238,-213.48848,315.92688,424.40497,-213.37659,363.5542,416.2115,-247.42778,331.52884,417.77563,-92.91357,336.9681,453.5643,-207.05302,326.35693,452.33453,-162.15697,459.66135,466.76276,-162.82497,316.14767,446.83807,43.01772,578.7218,489.57422,-51.84154,327.63266,488.68332,386.31308,555.9928,579.0072,104.80015,317.07065,540.21356,601.8011,557.46875,604.6223,115.88088,307.82043,555.9829,610.2783,535.77344,600.7201,89.32894,315.30075,558.1859,582.47015,530.189,593.4093,103.69042,324.27582,556.4863,591.3243,392.86972,681.56793,-81.507195,307.19223,652.39417,81.56545,271.71365,790.4845,-410.55087,205.10556,765.2739,-207.7905,146.08875,996.5193,-554.50464,91.48524,967.9645,-393.14816,146.85596,1027.5084,-570.0674,85.00066,1008.0238,-417.8041,51.504055,1037.438,-730.5302,-2.9539275,1005.9375,-544.6609
fondos_down
IMG_20241112_104916.jpg,fondos_down,360.36383,404.68124,-49.2281,369.3713,384.6587,-91.2357,368.21576,385.9059,-91.230385,366.90857,387.38953,-91.43051,375.6571,382.82178,-61.303795,378.9724,382.7453,-61.23068,383.46237,382.57278,-61.300987,378.11163,400.49292,-225.92459,404.38116,391.86346,-93.09488,377.9154,415.82416,-92.18548,384.39264,413.73328,-53.666813,382.37302,483.43927,-315.8811,490.3599,435.07706,-83.036095,402.1748,592.8373,-300.45428,595.16125,498.4663,-58.235622,398.22427,684.1657,-193.21971,583.5487,594.37354,-72.387596,400.0519,701.78503,-217.05804,585.4003,614.26807,-91.0727,396.53195,695.8935,-223.5553,574.37036,619.19,-101.60219,399.54688,689.1304,-194.38394,567.7621,612.0156,-80.07755,392.674,655.77136,-97.3333,451.9056,634.8542,96.9722,233.22919,646.453,63.65897,341.19254,620.1084,393.40796,340.14413,704.862,359.8206,382.35443,694.6601,599.7253,370.3587,714.6344,397.46017,399.5067,705.31323,623.30066,317.08588,717.90967,509.75464,364.1691,710.5335,694.3489
fondos_down
IMG_20241112_104917.jpg,fondos_down,357.68652,447.87573,-42.368538,365.56088,430.94324,-82.267296,367.78998,431.10938,-82.30023,370.02957,431.3341,-82.48384,365.77032,429.84268,-52.520832,367.84412,429.13147,-52.426826,370.2099,428.36594,-52.437637,388.43887,436.71753,-202.63153,391.4285,431.60934,-70.207825,369.5709,466.6214,-79.00971,369.75372,464.7629,-40.70622,385.39288,505.22598,-293.47137,483.06216,465.4103,-55.391087,394.09653,617.50354,-268.1402,584.9415,525.5781,-23.89955,404.75235,661.22974,-138.79892,576.94916,601.925,-33.033825,405.1357,672.32367,-157.94832,583.322,617.8079,-48.23755,403.66656,665.9219,-160.3059,567.8757,621.3495,-57.984177,407.00818,661.57996,-137.4476,564.58875,617.13605,-40.34276,418.12378,668.0444,-95.56227,463.69153,643.80164,95.21518,316.22296,626.60657,133.3163,374.69446,619.01746,426.10867,364.92184,693.95233,434.7214,388.73477,690.2346,686.90906,386.72394,712.25006,470.73746,400.43433,703.9295,714.9008,336.64474,687.31067,557.16205,367.3044,696.4987,776.02075
fondos_down
IMG_20241112_104918.jpg,fondos_down,346.67,431.73325,5.3490815,351.03897,415.6678,-34.144283,352.2583,415.79352,-34.22472,353.7001,415.93063,-34.44603,352.60104,413.70538,-2.5339248,354.95773,412.35876,-2.4428546,358.06555,410.72516,-2.4894314,372.55957,419.72375,-165.1764,381.12036,411.72073,-22.499592,357.29,448.96124,-35.884335,359.69357,446.88806,5.394762,368.7489,494.73404,-259.8955,479.19107,456.09406,-15.368002,384.2312,612.05316,-260.11185,576.75604,506.31335,-9.472425,383.54202,675.8416,-141.278,581.62415,603.9881,-33.46511,376.68726,703.5389,-158.8309,599.7925,633.187,-48.30477,373.02527,688.7366,-154.82089,575.8321,634.7055,-57.48284,380.5231,686.75226,-137.11925,569.83417,626.7587,-41.581417,396.96716,672.91296,-96.739456,458.29233,646.5696,96.23829,304.63217,628.82764,143.19363,391.01395,607.21216,442.2147,379.36212,697.718,454.71158,402.97516,688.2105,723.1959,406.07626,712.02295,491.96774,414.50082,704.75616,753.4397,356.16827,701.4539,578.5814,380.05804,696.0373,817.7912
fondos_down
IMG_20241112_104920.jpg,fondos_down,352.00894,437.38815,36.76567,357.70636,420.6433,0.93551517,359.52432,420.72372,0.92370045,361.658,420.93854,0.7778165,358.50635,419.94482,31.634611,360.73596,419.3656,31.76488,363.38974,418.7823,31.74511,378.70853,426.0458,-124.120346,383.72678,421.70776,12.86307,362.2225,453.41333,-4.1707735,363.116,453.34296,35.796417,379.63034,485.96103,-238.80867,479.6976,458.58963,28.348131,395.3331,599.0261,-275.1112,573.91095,510.332,-2.2684658,405.5315,666.0813,-216.18246,578.4733,603.7632,-81.78941,409.14963,681.2347,-239.17468,593.4989,634.467,-92.35794,403.9916,676.94794,-234.16423,573.5138,627.6759,-100.53747,405.77753,671.38214,-213.09695,570.0814,620.7831,-89.89823,401.9549,660.4331,-111.14319,447.21506,637.2677,110.48441,237.43752,657.51575,36.554966,343.066,622.7944,375.19427,350.8954,721.2389,130.55547,379.38824,711.2238,359.88962,379.68167,724.8322,147.12085,396.4241,718.823,358.50778,339.2711,752.685,254.66199,361.22565,747.9114,412.5339
fondos_down
IMG_20241112_105543_1.jpg,fondos_down,366.79544,397.64825,-442.41254,363.67258,383.44287,-421.88693,363.981,383.0761,-421.83432,364.0796,382.61536,-421.9146,357.21512,383.85117,-470.19174,352.3174,383.94568,-470.40393,347.09323,383.82138,-470.52942,343.51645,385.16418,-273.13635,320.09146,385.51794,-489.3992,362.03156,414.02228,-377.29407,353.18298,414.34647,-440.71686,343.11722,423.93506,-72.90697,258.4615,470.34918,-439.08002,305.51566,506.8692,195.7285,161.46977,541.35547,-398.5078,318.0062,553.2983,338.383,197.48903,613.0454,-270.8983,318.66534,565.6861,377.30356,207.52568,630.3608,-265.8783,318.03433,557.0997,345.3521,219.29646,622.3373,-253.36827,318.97192,555.3246,329.8106,219.65479,616.4075,-256.9931,395.4344,609.7396,130.40173,347.05603,660.9564,-130.36232,530.7391,682.29095,19.574133,508.64932,726.8152,-175.73254,659.87146,770.2416,79.11217,654.9646,803.98865,-135.7062,661.8607,806.27734,78.82403,665.7281,827.9347,-138.13101,727.2994,759.1018,-5.8989754,738.5353,796.58374,-257.59912
fondos_down
IMG_20241112_105544.jpg,fondos_down,328.23108,445.8697,-410.20813,342.111,431.06873,-423.27216,347.9381,431.14465,-423.31488,354.17383,430.85175,-423.47656,331.1998,429.7918,-394.95428,329.83,429.0121,-394.97696,328.6499,428.0939,-394.87537,380.70667,435.02927,-379.7059,344.8891,429.46057,-249.34444,342.71426,462.5265,-385.29294,330.4207,459.9148,-347.17957,432.9828,498.43085,-323.4602,335.75232,480.41443,-37.575706,543.06976,551.8763,-259.1213,349.26636,535.90814,266.82483,511.86212,632.3206,-191.46115,334.90936,591.3245,331.28333,510.4663,656.71075,-207.62808,331.99344,620.35095,338.3863,492.12372,650.85297,-221.58298,331.6867,624.5934,288.13968,490.4475,642.88324,-189.69713,330.8366,601.6398,312.21655,382.9419,696.8848,-85.715614,320.56235,666.3904,86.242615,240.27106,785.81934,-218.72289,201.06766,756.4538,-128.7093,98.70696,888.9147,-242.70831,88.49805,870.0819,-190.032,89.204155,930.47296,-250.28857,82.7987,905.0126,-202.79762,30.078012,879.15283,-392.75128,24.35508,865.3296,-328.1394
fondos_down
IMG_20241112_105546.jpg,fondos_down,317.7521,345.07758,-394.59058,308.8211,332.28168,-371.173,308.50906,331.75714,-371.1624,308.0696,331.194,-371.2439,302.68192,334.1417,-422.03043,298.03345,334.9585,-422.24243,292.95514,336.0511,-422.3662,289.20593,339.49866,-220.65056,267.16928,347.35355,-448.59744,316.16205,361.67273,-330.34012,307.87305,365.72433,-397.0848,306.8003,397.1236,-29.165894,213.38025,437.50674,-417.58926,278.06595,486.99603,200.62245,123.76727,520.1341,-397.45786,294.08597,552.4445,293.20453,154.48228,594.9929,-310.17023,297.24182,567.9917,323.76666,162.15948,614.4833,-315.7581,295.02582,563.30756,289.04974,174.39514,608.11536,-304.85153,293.7257,559.94147,281.3002,175.68329,601.6991,-299.0189,357.38303,584.6923,141.87672,308.74347,636.09985,-141.73009,489.4897,653.6339,39.75311,462.19812,698.8717,-264.22354,625.6764,740.8924,114.399414,617.7261,782.072,-277.566,632.35364,766.099,114.886536,633.10114,813.8933,-289.27975,705.3914,717.35925,27.135656,690.97565,757.3358,-444.1556
fondos_down
IMG_20241112_105547.jpg,fondos_down,315.0418,312.44327,-355.57877,304.55844,299.0484,-336.4627,304.04938,298.04663,-336.47,303.13535,297.09277,-336.5403,298.47186,302.02786,-387.29312,294.12607,303.21887,-387.52032,288.98166,304.50223,-387.66602,283.7957,306.0757,-210.01648,263.23117,316.81354,-437.7423,314.52957,327.96402,-299.673,306.97742,332.8681,-366.2755,296.13736,371.9191,-43.452602,214.72815,415.61206,-420.36435,255.94626,472.08313,152.89006,132.50229,515.6478,-415.5588,272.16647,542.3363,222.99501,148.64337,584.5374,-332.8957,273.81934,557.7352,247.45929,161.08755,607.0622,-342.35168,274.16748,553.14154,217.5369,171.12695,600.5784,-329.75577,273.31927,550.5687,212.15312,170.99762,593.5229,-322.22644,358.55817,569.3958,138.10136,311.3752,619.7781,-138.06812,491.15637,643.9362,198.42133,463.36737,687.4617,-160.32129,614.9604,733.7792,367.50983,609.59656,779.0567,-103.666855,621.5266,761.80145,379.20053,625.1054,811.76746,-106.624344,687.6281,700.44324,333.65506,681.14954,735.15015,-222.26009
fondos_down
IMG_20241112_110306_1.jpg,fondos_down,304.62537,520.0271,-601.0346,302.66873,505.61432,-586.23694,303.14944,504.2417,-586.1136,303.5752,502.77063,-586.2346,296.02454,507.96478,-629.9725,291.9062,508.44476,-630.26917,287.15555,509.01123,-630.3937,284.74548,500.1562,-445.2092,264.0294,508.90323,-642.8861,300.33105,530.2042,-537.3758,292.90955,531.7998,-595.6489,267.82413,522.9575,-244.15912,211.14182,566.0511,-572.0174,256.88318,581.98175,2.721541,101.48318,581.7887,-532.7763,255.83109,625.3209,161.55876,140.63597,664.9215,-362.51236,260.2449,636.5134,200.94098,145.36804,683.9255,-354.11716,251.30733,640.6566,170.43698,158.61694,676.7898,-343.76862,259.32034,635.7621,155.70609,159.97087,670.11383,-349.3438,306.13297,683.03595,121.283966,272.86768,729.21716,-121.01625,435.5651,719.9334,57.963722,426.23175,760.3689,-248.26387,563.7015,781.5564,139.02896,573.70636,817.4134,-251.45804,561.2784,795.1952,141.59825,589.1383,844.64594,-257.28632,623.12,757.13135,70.116806,627.8647,784.8211,-382.94925
fondos_down
IMG_20241112_110307.jpg,fondos_down,355.01224,577.11255,-381.36368,365.20383,563.1343,-404.88974,370.11273,562.1784,-404.89563,375.56818,561.05035,-405.08643,357.44882,562.5629,-374.63687,356.4669,561.2482,-374.70435,355.54926,559.8121,-374.62546,401.4722,558.77576,-390.36093,372.99738,556.09296,-249.56888,367.7401,587.77026,-364.78912,359.378,586.24567,-323.516,457.2003,599.5312,-312.99817,372.5956,586.2213,-58.426704,557.19073,591.33844,-281.30615,381.01538,615.6918,297.73083,535.1083,684.03577,-200.88177,394.4158,655.8764,518.0331,534.4907,703.49,-206.52109,384.61346,665.866,545.40027,521.92163,702.30334,-224.62355,400.42993,677.19226,510.8562,519.9452,696.6193,-200.75084,402.53644,673.45667,510.46576,431.0845,791.5248,-80.63101,378.2558,763.0221,81.42983,303.54843,846.8732,-400.8082,266.44284,820.6522,-247.40973,176.52722,947.088,-527.40393,148.4242,925.3456,-404.80344,167.68068,977.92426,-541.5913,141.41924,956.8896,-425.48517,93.14166,925.7275,-695.5386,83.57353,898.34357,-553.0809
fondos_down
IMG_20241112_110307~2.jpg,fondos_down,358.34686,576.8495,-380.66525,368.0765,564.2257,-386.4311,372.98395,563.53033,-386.44482,378.633,562.85706,-386.5937,359.2276,563.31323,-363.69107,358.03564,562.0794,-363.75116,356.9855,560.92645,-363.65436,405.28363,561.74554,-323.61017,371.27884,559.102,-216.56763,372.20084,588.34296,-348.43213,363.52356,586.5223,-317.1629,458.57156,604.50415,-270.21768,376.65677,582.8095,-34.52197,555.92175,606.7427,-324.34314,405.34048,513.5073,213.3896,538.24817,693.694,-391.62192,438.0605,498.28162,337.05685,537.52136,710.58966,-422.70697,443.44647,496.50632,340.18576,521.4311,707.14996,-434.8851,439.3455,478.4367,318.2934,519.16724,702.19604,-394.5014,445.85764,510.02405,328.12134,430.2209,794.1528,-77.234085,373.0439,764.6414,77.60354,305.5505,844.1311,-412.73175,263.29346,816.33966,-251.81421,183.02393,949.78265,-493.34732,145.90135,921.32556,-368.05466,171.30063,982.5656,-503.29565,138.48358,951.0047,-385.68665,95.23561,936.2306,-660.40875,85.71675,899.81824,-510.7824
fondos_down
IMG_20241112_110308.jpg,fondos_down,348.4016,570.49774,-384.61002,359.44196,555.3721,-401.8734,364.63663,554.3639,-401.86606,370.43732,553.2067,-402.03888,350.73846,555.6321,-373.72174,349.7307,554.7444,-373.80167,348.8675,553.85034,-373.69995,398.37073,551.8171,-361.45456,365.74585,551.15125,-230.24556,362.92087,582.0606,-358.99936,353.30774,581.058,-320.5739,459.5277,592.5219,-284.36407,360.14026,588.963,-24.521912,547.37823,596.77905,-194.39839,360.93857,609.3704,318.37497,525.7487,689.77545,-60.990536,357.6395,650.91174,488.0102,522.0389,705.7254,-56.2573,357.81866,662.33813,511.10565,508.55078,704.17535,-75.4429,371.69473,677.5792,476.973,506.8122,699.4564,-60.693985,373.86325,673.19763,478.49503,429.24725,791.55334,-88.45599,368.03055,763.48254,89.090294,304.66653,839.7088,-444.4462,258.56662,811.4216,-232.10962,173.0478,949.37585,-539.12177,139.07642,918.7377,-372.85608,161.48904,977.85046,-550.46515,131.67459,951.604,-392.80304,90.065895,936.9587,-713.27576,73.24366,895.1114,-525.60565
fondos_down
IMG_20241112_110308_1.jpg,fondos_down,310.15744,513.57416,-587.327,308.3012,499.1659,-572.4805,308.72186,497.8235,-572.3753,309.05,496.31598,-572.4911,301.61218,501.57513,-616.28345,297.0749,501.96884,-616.57043,291.99637,502.2977,-616.72046,289.6737,493.17175,-428.25394,266.8279,500.8767,-626.154,305.395,523.8053,-522.2081,297.99472,525.5165,-580.5931,274.0872,519.2433,-221.517,223.48235,568.3096,-560.3294,252.88298,568.74963,58.991642,105.050156,582.73975,-545.6917,253.22057,610.2609,247.69737,143.55684,660.3317,-421.20908,259.78836,622.61505,293.54382,147.10394,680.9777,-421.52936,248.25554,626.1038,261.33783,161.29034,674.6377,-415.22174,243.52771,623.04156,242.16884,163.08969,667.544,-411.06476,311.29358,684.4782,125.51624,279.45016,732.3413,-125.2161,439.29358,716.1626,56.94486,429.9623,754.99054,-284.42105,570.6601,779.4211,137.5781,581.7859,812.4071,-307.66196,566.23474,793.7025,140.12276,595.5014,843.0433,-315.1591,625.8989,757.896,62.17263,639.5302,779.62146,-452.16537
fondos_down
IMG_20241112_110309.jpg,fondos_down,315.37335,523.8958,-629.7647,314.79022,510.27512,-611.61755,315.32703,508.86664,-611.50806,315.79202,507.26874,-611.62616,308.00885,512.382,-653.145,303.4637,512.5675,-653.43085,298.4008,512.6307,-653.5895,297.96857,502.72617,-456.64093,273.14185,510.11438,-644.3501,310.06696,533.0486,-561.5406,302.574,534.4196,-616.9764,280.12915,527.345,-243.55353,224.22366,566.3367,-577.0061,272.69247,576.38055,48.38485,109.82856,586.04376,-610.6935,271.7681,618.0199,259.48044,149.77661,664.59705,-554.82007,277.52972,628.6781,310.95618,153.87218,683.96936,-564.84235,278.84473,629.123,276.19998,168.85909,677.50867,-556.2781,276.63123,626.84534,254.31595,170.44589,671.1643,-545.70355,316.65237,690.05566,126.65985,285.98383,737.61816,-126.39395,443.68085,721.7449,71.38805,436.45764,762.5276,-272.3475,576.6826,781.2909,168.76802,586.9123,816.29,-281.88608,572.66675,792.6642,172.75069,600.6293,847.2748,-287.82947,636.34094,758.5161,101.728615,643.9776,785.89264,-418.45685
fondos_down
IMG_20241112_111124.jpg,fondos_down,371.64084,508.517,-174.09586,374.57382,494.37564,-171.28671,374.00378,492.77258,-171.30057,373.43286,491.0395,-171.3279,373.76343,494.8011,-217.86923,372.6271,493.68414,-218.04802,371.42123,492.57074,-218.16942,357.80777,481.0003,-121.854034,356.25537,486.72882,-333.67212,361.7,512.42426,-147.16017,359.71124,513.0993,-209.71666,312.42014,493.2794,-8.119693,300.9236,523.2954,-377.6749,268.94305,574.81573,111.95744,206.18669,580.0126,-442.39627,256.78058,646.9227,101.26638,210.38297,674.624,-453.48996,253.58617,664.49005,116.884995,207.50659,696.4007,-495.5972,252.35333,663.655,65.80831,225.7393,692.3883,-477.71283,253.15047,659.556,81.99968,229.34775,685.2073,-444.0844,327.39578,659.34314,128.54349,308.36572,702.21625,-128.03696,473.85736,682.5405,130.87689,466.43393,761.67554,-199.39368,609.90564,734.42255,203.30447,616.9836,783.3705,-220.21182,622.24805,767.18353,203.63159,633.17786,810.27856,-227.48016,674.9879,701.611,132.11922,686.58875,749.0582,-341.5759
fondos_down
IMG_20241112_111125.jpg,fondos_down,363.45468,503.3755,-311.8878,364.9447,487.97504,-309.91034,364.36526,485.9987,-309.88483,363.8126,484.00995,-309.90982,363.1069,489.9928,-352.4713,361.11227,489.58795,-352.6844,359.10483,489.24945,-352.896,345.59933,474.19867,-252.94362,340.2933,484.44543,-445.61887,353.88336,507.8746,-281.4929,350.88303,510.1551,-338.4264,300.12347,481.51605,-123.87193,281.89297,529.0685,-458.81314,271.45877,535.4235,70.696594,186.46465,593.3236,-545.0244,266.48077,578.522,143.93977,194.71448,680.85583,-590.7506,264.85394,587.28906,168.29561,197.3123,701.3715,-635.76666,259.81638,586.4324,127.70737,214.10869,695.9396,-629.5759,262.5642,586.5504,131.69363,215.61801,688.96936,-586.0287,326.33813,657.5862,130.33667,308.5483,707.20734,-130.01686,462.45013,693.7422,177.61871,458.83313,759.9868,-256.22476,595.8,740.3336,304.8871,609.05664,791.784,-298.43256,606.13995,759.7178,309.9404,633.91077,807.4971,-308.9631,646.7286,695.13525,240.63295,676.4126,747.7432,-432.93253
fondos_down
IMG_20241112_111127.jpg,fondos_down,341.94348,512.483,-146.86774,345.76758,499.4922,-141.75806,345.0191,497.90466,-141.74966,344.23526,496.14322,-141.73012,345.26346,500.06348,-187.56999,344.12207,499.1145,-187.74425,342.89505,498.1521,-187.87988,328.34067,486.12943,-89.70896,326.44733,491.1407,-298.358,330.3354,516.8093,-120.128204,328.88,517.2279,-181.75859,279.0277,499.95758,22.744524,270.93793,528.80566,-347.67322,217.79207,564.5838,142.25679,174.05118,586.8454,-407.83795,235.62595,637.0608,141.98404,178.77501,680.8191,-417.28336,235.14708,653.41394,158.29263,182.13885,703.49335,-455.40823,234.22534,648.9542,115.35602,200.97891,696.26984,-437.90753,235.51974,644.44434,125.739296,202.9693,688.923,-407.5987,310.13724,667.60065,128.59886,299.52274,709.7141,-128.14798,458.72797,660.3869,151.89851,446.11017,766.47534,-223.3548,583.1643,740.75006,245.4205,588.2633,792.49915,-260.6255,594.928,758.3389,247.70566,617.3382,807.15186,-270.43665,635.38586,693.5974,184.91876,654.6484,740.31433,-387.7954
fondos_down
IMG_20241112_111127_1.jpg,fondos_down,338.16602,517.5886,-200.51001,340.99643,504.41705,-197.30203,340.26086,502.85724,-197.28683,339.61273,501.1824,-197.27763,340.27106,505.1923,-243.06274,338.9279,504.32263,-243.27042,337.57645,503.4461,-243.42212,323.3759,491.6433,-143.13574,320.88538,496.89246,-351.62402,327.28485,521.3103,-171.35301,325.89636,522.024,-232.98569,277.17145,498.51385,-22.036592,265.9431,534.3859,-385.28818,235.45117,572.2373,116.62423,171.47977,590.0033,-444.77347,240.40866,632.0063,124.80018,174.86533,680.25885,-461.5504,241.76494,647.3413,142.15007,176.71158,703.7648,-500.98447,241.02187,643.8337,98.6896,196.0745,696.85156,-489.8852,241.76422,640.5466,109.213104,199.10394,690.1542,-454.32712,309.64197,667.5898,133.79984,296.356,710.3409,-133.32854,453.37134,663.54785,199.60611,442.93213,770.429,-286.27087,573.0122,737.3165,320.67712,587.6147,797.24634,-367.47324,586.20825,756.4076,325.56104,616.46564,808.3267,-382.29388,623.12524,695.28076,265.30374,656.6344,741.91113,-509.76395
fondos_down
IMG_20241112_111128.jpg,fondos_down,274.64923,204.8337,-50.571796,285.41727,192.07954,-26.512854,291.40097,192.95074,-26.509771,296.3386,194.167,-26.565468,267.01306,191.10617,-31.04714,260.33667,191.2435,-30.94176,253.96533,191.4572,-30.90079,304.14743,201.1958,118.40285,247.38503,197.5669,100.365074,285.84372,220.5827,5.8315105,263.35483,218.89536,0.48659813,333.7658,278.3946,158.87859,228.80414,284.7132,126.44244,314.26797,357.14624,77.87378,247.00607,361.7738,-21.799316,235.30406,330.19897,25.689655,297.9242,345.327,-167.61679,232.86917,326.82318,2.5304747,320.73325,342.20456,-198.9962,232.80383,315.57758,25.04065,317.5201,325.3517,-184.79738,238.27788,321.28983,34.27879,314.03253,331.19354,-163.27707,356.55618,512.79364,37.778725,298.54367,511.3408,-37.870575,385.22528,683.40295,-153.66956,305.68994,683.1874,-244.78374,221.47777,838.36316,-83.806595,118.6379,870.87756,-202.12181,193.69124,844.79645,-81.423134,89.518364,872.56604,-197.7856,181.14798,915.4126,-206.96255,72.34733,912.3898,-297.59753
fondos_down
IMG_20241112_111129.jpg,fondos_down,280.54373,213.47125,-153.45612,290.82562,197.59479,-136.68115,296.59912,197.92416,-136.67545,301.6814,198.65735,-136.67514,273.87604,196.50757,-133.42487,267.5553,195.94669,-133.36627,261.62543,195.35759,-133.39392,309.96533,205.97882,-16.578783,256.17255,202.16312,-1.2427338,291.34616,230.2203,-106.19611,269.7138,228.64035,-101.76916,340.07852,281.02527,-15.31506,263.75015,308.5067,51.254036,336.04532,361.87048,-139.08131,249.8744,364.18878,-123.859924,239.40552,337.79895,-170.49219,298.58047,352.61533,-303.34677,236.53513,333.60275,-196.06305,310.64764,344.1009,-334.69034,231.3168,325.53748,-171.65298,307.76077,330.4928,-315.6267,234.89334,326.7437,-159.7206,309.8545,346.075,-298.4046,392.6479,539.7613,-5.5059924,326.6625,542.65967,5.425875,379.41953,706.7673,-181.54105,293.22226,700.7991,-172.91629,219.26776,841.58295,-57.294773,118.4978,876.3585,-121.59386,196.8514,848.07666,-50.44885,91.409836,879.3956,-118.39842,147.76096,936.1304,-165.35365,93.4738,921.6999,-216.57048
fondos_down
IMG_20241112_111129~2.jpg,fondos_down,278.75186,205.66534,-163.22249,290.02026,191.91139,-154.01021,296.27823,192.18033,-154.0236,301.39557,192.7756,-154.0408,271.6898,190.76859,-143.1612,265.4353,190.35149,-143.16109,259.86313,189.98352,-143.21378,310.97247,199.55078,-67.616974,257.0526,197.11105,-17.624022,290.70428,222.34003,-128.2516,268.3477,220.25784,-113.83996,353.57123,312.3438,-102.187325,256.20737,304.0855,83.93357,372.14667,370.32477,-189.6983,262.08392,365.61368,-5.0756617,243.24292,335.0581,-101.76051,307.2049,358.49786,-90.630974,240.3527,328.99277,-111.895805,318.91586,350.7257,-99.12629,241.7944,321.2586,-76.93609,315.8455,350.61707,-89.985466,244.66257,323.2621,-81.942474,314.48868,357.9643,-89.3986,394.1533,577.04535,-73.4806,335.97223,578.32733,73.37007,310.91617,787.2364,-134.86818,276.0483,749.39746,1.7652429,146.54173,903.9442,-31.919989,117.990845,878.60706,42.369873,153.64232,896.43463,-26.148993,93.98682,894.13855,42.630154,107.93112,931.54065,-138.759,50.671413,894.7009,-56.162624
fondos_down
IMG_20241112_111130.jpg,fondos_down,278.9625,207.58452,-258.2503,289.8677,193.40503,-242.2813,295.9622,193.4831,-242.23221,301.09018,193.78497,-242.22137,272.18457,192.61981,-241.70091,266.26425,192.18056,-241.70825,260.83148,191.67717,-241.77069,309.80896,199.79065,-119.20201,256.55972,198.59723,-117.749275,290.27817,223.81981,-208.32086,268.8062,221.80931,-207.71501,366.17166,314.77838,-89.68063,272.06552,325.61874,-24.99696,417.18256,408.60703,-101.07433,259.40784,357.52972,-115.493645,398.95013,482.7793,-109.732285,316.04257,347.59106,-218.0843,405.24368,503.57416,-120.37451,333.0062,343.63928,-235.36914,390.44714,499.85165,-122.105484,332.32288,335.1847,-228.47052,387.24768,494.60675,-106.69655,328.3329,335.50766,-216.20084,393.10098,568.0759,-44.621536,335.4234,566.95044,44.261024,316.7376,775.4652,-123.41214,270.9024,724.9082,-22.240675,163.03784,873.90027,21.661375,117.717606,875.573,48.66485,150.94005,885.546,31.25675,130.72115,879.78076,52.324883,107.80511,932.9416,-74.37355,54.01559,901.8747,-44.66971
fondos_down
IMG_20241112_111130_1.jpg,fondos_down,359.24847,525.3777,-178.99149,363.25165,511.8424,-174.78766,362.6009,510.20288,-174.78123,362.00043,508.41492,-174.80136,362.644,512.4595,-221.65471,361.50385,511.51923,-221.828,360.3452,510.6101,-221.95752,346.24225,499.27148,-123.51694,343.96542,505.31494,-336.51132,347.85303,529.8913,-152.38426,346.15826,530.39417,-215.22021,297.66486,509.826,-13.630719,287.1546,542.65204,-381.392,257.58615,585.44104,130.47983,186.50914,596.43164,-454.2742,255.91113,641.19293,152.29478,189.45605,686.6819,-468.91605,254.69276,655.1454,173.45232,193.58418,709.3409,-508.9933,255.26195,651.8033,128.05937,212.16849,702.97064,-493.6248,256.63974,648.99304,135.7695,214.03049,695.76855,-460.56335,318.17883,680.3334,126.259285,304.74377,722.69867,-125.78163,459.83655,702.8021,144.09152,453.69724,782.1927,-205.09569,589.54987,757.50757,230.3917,597.42993,816.8689,-235.83153,603.47736,781.7526,231.96977,618.588,831.4916,-245.02693,654.1878,721.5479,166.3466,673.7794,762.62054,-358.40073
fondos_down
IMG_20241112_111132.jpg,fondos_down,374.06757,581.3744,-245.87953,371.09436,567.1151,-239.22746,369.59213,565.3101,-239.19185,367.9771,563.4026,-239.15106,370.8514,569.3624,-281.1237,369.39554,569.3661,-281.32117,367.76532,569.3681,-281.5035,350.9914,558.0509,-169.64014,349.91135,567.0939,-358.8798,364.825,586.63654,-212.598,364.68155,588.89526,-268.4648,305.96713,568.8068,-33.396706,293.77493,595.87756,-391.44037,246.71573,607.5178,172.97511,187.41444,594.40704,-548.1318,250.65417,661.23206,283.1671,185.11964,684.6493,-635.74243,244.45976,667.8795,321.70523,190.35495,705.70044,-677.23486,246.6175,670.3091,279.1335,205.49103,701.381,-660.88086,247.99907,670.782,271.8144,207.64798,694.76447,-627.71716,302.58752,728.40857,126.92616,286.45242,771.2891,-126.66428,451.6164,735.25964,128.54266,438.0018,798.15186,-202.12447,587.50946,764.11584,194.99976,595.4987,802.9742,-226.5113,605.2127,786.1681,193.03804,615.978,824.33704,-234.72458,636.8047,716.3164,115.520096,627.875,777.5463,-343.65167
fondos_down
IMG_20241112_111132_1.jpg,fondos_down,381.19086,627.22925,-110.95447,382.77307,614.29694,-113.05576,382.063,610.9168,-112.972275,381.3269,607.36,-112.96642,382.72842,618.00806,-151.58797,381.88446,617.9943,-151.72163,380.92047,617.8461,-151.82219,366.75668,594.35205,-98.022865,365.84152,610.1628,-271.13324,370.09738,626.3784,-98.316765,369.93372,629.97516,-148.8514,307.96933,588.2707,-49.17694,316.81094,641.87286,-320.01965,239.94662,569.525,68.535065,208.79837,601.8082,-388.3637,255.75787,609.64514,129.5272,193.8566,686.8176,-381.8645,262.9541,613.212,136.38258,196.67412,709.7803,-414.29367,257.85403,614.7081,98.48729,212.9258,707.7603,-402.16122,255.6563,618.27106,115.85933,214.84319,700.7995,-374.07678,255.58229,754.9924,121.03513,271.39,778.1482,-120.847145,385.55713,754.7519,157.26935,432.77554,783.22046,-158.30089,462.04703,812.13043,250.42717,582.2785,779.5169,-174.34982,473.769,826.495,255.05023,626.1332,786.6371,-179.76959,491.24713,802.6764,207.825,634.81287,728.34424,-269.95554
fondos_down
WhatsApp Image 2024-11-15 at 11.00.01 AM (3).jpeg,fondos_down,339.78284,692.3245,-688.6775,348.77124,678.70276,-730.01105,354.5216,676.1608,-729.9135,360.2975,673.74634,-730.02527,319.08557,664.5637,-726.6617,315.7774,663.5753,-726.80414,319.46292,679.16675,-726.70886,368.50778,641.7722,-714.2945,302.56104,640.708,-702.08594,339.22336,670.8481,-657.04895,323.48383,671.26776,-654.2387,410.71585,609.162,-534.5389,270.37173,606.8478,-557.72534,463.74866,598.69257,-332.6248,208.15526,626.4953,-339.2942,439.5044,682.7107,-233.49382,247.01718,673.35974,-191.39809,447.03082,701.00653,-252.14853,237.85706,692.5543,-205.68251,430.9052,703.46423,-259.43436,253.34955,690.1114,-218.34172,425.52786,699.16125,-232.3197,260.0686,682.9694,-191.83594,389.66107,685.11584,3.994623,306.88712,696.22565,-3.9414039,399.05026,702.5837,502.8935,289.3782,729.37744,473.68634,368.66345,701.61835,983.6174,289.14117,734.6426,971.8153,356.23392,697.74414,1037.8948,289.851,726.6828,1028.0571,380.00333,724.9321,1035.4115,307.65842,761.2439,1012.2871
fondos_down
WhatsApp Image 2024-11-15 at 11.00.02 AM.jpeg,fondos_down,352.64108,457.7127,-231.68237,362.74457,441.06702,-234.15036,368.1975,439.45703,-234.16164,373.7359,437.39587,-234.23431,343.9406,439.549,-235.03496,336.60327,437.34186,-235.03543,330.3113,434.95224,-235.036,383.04083,426.61084,-120.430786,318.95193,423.9536,-120.476845,361.73608,465.95325,-174.66075,339.8937,465.3521,-174.98863,427.41647,478.9098,-2.387916,266.4814,473.6458,-7.5446434,429.42484,592.9819,64.1936,257.54745,588.7022,63.34907,431.03055,686.4061,-37.55086,244.7435,686.7904,-15.442955,437.03232,716.2103,-66.39131,236.30257,713.5175,-46.647503,429.95312,713.7572,-106.75756,240.49295,710.499,-88.54341,423.7988,704.069,-55.152264,245.4253,703.6959,-33.47652,386.32037,689.183,-8.588059,290.63864,687.66473,8.924095,388.55487,791.397,-361.78983,259.53812,790.96313,-392.25873,392.42993,1011.47675,-364.59567,282.0913,1006.4764,-388.1575,385.70895,1030.1731,-370.16577,294.27267,1029.1417,-390.9916,377.24124,1102.532,-553.3865,288.08398,1099.4407,-564.5771
fondos_down
WhatsApp Image 2024-11-15 at 11.00.03 AM.jpeg,fondos_down,361.86627,445.67847,-228.5331,372.11865,427.77252,-231.1412,377.47235,425.9925,-231.1637,382.80853,423.94647,-231.25594,353.76764,427.6438,-233.97415,345.77493,425.9572,-233.92561,338.37286,423.8891,-233.90588,390.41745,415.80103,-113.92141,324.57184,413.5173,-121.81382,369.01294,454.72076,-169.77684,346.29138,455.1023,-172.29474,433.0271,474.95895,-10.1121025,268.20038,467.71387,2.2840872,431.10196,593.4784,37.208584,261.61298,584.9834,108.71571,431.23703,686.7673,-81.1414,251.00781,684.89136,89.63391,437.69974,715.6625,-111.92705,248.23021,712.4769,71.601234,430.3879,714.02496,-150.05797,252.21545,709.3454,30.503784,424.9498,705.2447,-98.582016,255.71867,701.96545,73.21181,392.66788,692.4912,-12.222598,293.8307,690.36505,12.578118,396.25015,787.1826,-367.99252,267.61072,785.55396,-372.47595,390.97025,1024.9082,-360.0244,284.016,1020.848,-351.4322,385.69913,1042.3851,-364.6125,291.20828,1047.0275,-352.5679,378.1079,1144.6929,-562.32294,281.92432,1136.3477,-529.6616
fondos_down
WhatsApp Image 2024-11-15 at 11.00.30 AM (5).jpeg,fondos_down,359.62943,500.6868,-289.36502,365.67896,482.76035,-287.6756,370.80762,481.94055,-287.5765,376.34314,481.0954,-287.71188,348.18677,482.7561,-295.79044,340.51495,482.0232,-295.7024,333.42056,481.08704,-295.5672,380.04633,480.36536,-151.05003,317.0109,481.96793,-184.15306,366.11124,515.8829,-225.50932,346.5043,514.2179,-235.17668,421.9664,535.9507,5.7192025,271.79773,528.49884,-14.992706,456.0653,574.16205,185.45741,248.72438,576.50757,198.01886,454.486,649.0738,219.13141,250.08235,647.9789,302.4864,456.51846,668.62366,220.29852,249.24734,671.0687,315.40308,443.11887,663.69495,187.85793,256.45303,669.6951,276.0576,438.73502,658.2034,210.07903,260.18607,663.143,292.32257,389.52072,736.3319,-12.148733,297.9493,740.41254,12.353268,382.93314,797.15027,-378.51093,276.5521,804.74365,-344.3084,371.24356,1062.6503,-433.73853,260.776,1063.8439,-359.18683,356.85608,1088.4474,-445.62488,276.7922,1091.1777,-366.1666,354.5114,1168.9464,-643.43463,264.3584,1178.1804,-535.0172
fondos_down
WhatsApp Image 2024-11-15 at 11.00.31 AM (1).jpeg,fondos_down,359.62823,499.33594,-198.8464,363.9364,481.93854,-188.19994,368.44943,481.81516,-188.15929,372.5675,481.92163,-188.31628,349.20544,481.15433,-200.1491,341.6467,480.51697,-200.04494,333.6377,480.0462,-199.92087,370.52017,483.76297,-41.402676,311.80145,484.12625,-92.27768,363.0878,515.23926,-134.92134,346.25793,513.9747,-149.78581,413.1658,546.79584,92.976326,260.91827,540.0957,44.12831,450.0934,584.4272,242.20009,240.49986,581.51843,217.52216,445.02808,656.01526,251.07144,243.73073,654.7244,303.33466,446.74194,675.1535,244.73994,241.1881,678.20496,311.02228,432.70435,671.08826,214.73781,248.7238,676.25305,272.36157,428.71228,666.2518,240.8465,253.18417,669.3351,292.67792,379.38498,751.07513,-8.961437,286.18958,755.6205,9.280548,372.8892,801.4022,-382.02112,271.3849,809.03467,-368.36545,359.64136,1073.7264,-488.393,250.17279,1078.3862,-426.51004,345.49554,1099.121,-506.1208,264.37888,1107.3477,-437.0294,344.87497,1175.8174,-718.01514,258.16306,1183.7037,-617.7486
fondos_down
WhatsApp Image 2024-11-15 at 11.00.31 AM (2).jpeg,fondos_down,356.42343,489.90634,-84.65259,364.36853,472.18872,-78.45782,368.4654,471.68707,-78.52891,373.42368,471.25656,-78.68079,347.0467,471.7016,-83.372925,339.7802,470.98904,-83.21444,332.83786,470.32242,-83.157005,377.44977,470.6631,26.239485,318.094,470.7339,7.6236043,362.93463,505.1175,-37.18335,342.42798,503.43033,-42.34916,417.4923,539.6012,97.65732,267.43692,539.2567,62.411324,429.91983,647.3797,139.32204,250.02776,650.94543,111.45022,444.0962,740.0984,35.480892,239.10692,743.0686,38.264084,453.30945,767.187,1.1523769,231.84908,769.8327,7.9525423,442.59872,763.46423,-34.340645,239.16037,767.6883,-25.997332,435.80576,754.6985,18.191315,244.44221,759.60583,22.489851,380.63187,765.5358,-6.59822,288.42984,763.72046,6.8058553,380.5943,907.8164,-176.60716,256.63834,880.76697,-228.80011,362.406,1137.5305,-283.70807,263.92838,1124.1627,-311.8495,343.0863,1164.677,-300.7673,276.23868,1151.7445,-322.61914,354.17883,1229.9744,-456.29092,271.05243,1213.1823,-463.51572
fondos_down
WhatsApp Image 2024-11-15 at 11.00.31 AM (3).jpeg,fondos_down,352.61838,498.20087,-88.80716,362.83456,480.2676,-86.35826,367.9262,479.6489,-86.415726,373.07614,479.1245,-86.56407,344.3321,479.79956,-87.11326,337.87924,478.83356,-86.967636,331.98557,477.8804,-86.969864,380.5829,478.9258,10.619219,323.6759,477.00558,11.189507,362.45612,512.9015,-43.099983,341.7604,510.7885,-42.756428,421.06638,545.728,84.76024,273.81665,545.25397,68.6073,429.3606,654.57324,107.62616,257.389,654.602,115.37889,445.2236,745.84204,-18.420975,243.40991,746.46844,33.46958,455.57812,771.6316,-56.274914,235.63454,772.68616,1.4818774,445.44186,767.4405,-90.41948,241.06514,770.8086,-38.385246,438.57425,759.108,-35.786827,246.43459,762.9088,14.822386,381.9776,771.94775,-6.521645,290.76846,767.9825,6.8006372,378.2142,902.7795,-201.72516,264.53665,880.05304,-247.25375,365.0666,1145.2452,-314.6074,268.77563,1134.579,-343.99268,347.68634,1169.2633,-331.80637,278.37024,1160.0703,-355.94403,355.35016,1239.5237,-496.53925,278.6275,1228.9026,-509.39502
fondos_down
WhatsApp Image 2024-11-15 at 11.00.31 AM.jpeg,fondos_down,366.56235,493.75397,-191.93169,369.23624,476.49734,-181.79933,373.2868,476.21643,-181.74811,377.20712,476.0326,-181.88173,355.0546,475.6299,-196.02983,347.54,474.93463,-195.92696,339.50497,474.4548,-195.79153,373.63876,475.8667,-35.349888,317.1598,478.4117,-95.53903,369.32367,508.77222,-127.63269,353.0255,507.55432,-145.08588,416.88538,537.7384,92.735245,265.73242,536.1997,44.96347,453.47876,577.2528,248.5156,250.91594,584.07074,230.22934,449.1694,646.0344,260.93884,249.44728,642.8555,320.3013,452.7634,666.4662,257.37534,246.77658,665.32776,328.93475,438.16357,663.3281,225.94609,252.36798,663.28766,288.50894,433.97345,658.1011,250.48796,257.69867,656.73004,308.612,387.0788,746.58594,-11.985995,292.83704,753.36633,12.280575,379.17242,796.6594,-388.6078,276.38303,803.1914,-355.3341,366.6645,1067.6289,-457.24673,257.66983,1068.9866,-385.53647,351.58716,1090.468,-470.23978,273.4428,1097.9531,-393.04163,347.244,1177.9286,-668.1069,260.69202,1188.374,-560.4425
fondos_down
WhatsApp Image 2024-11-15 at 11.00.34 AM (2).jpeg,fondos_down,355.61972,476.57147,-81.845695,364.9991,460.0338,-72.30113,369.40207,459.8697,-72.39073,374.3358,459.65298,-72.514275,348.16357,458.75455,-78.176636,341.23474,457.9478,-78.06264,334.4428,457.31354,-78.046684,379.5956,460.8062,32.264446,321.7142,458.0854,8.995832,362.86624,492.80728,-35.63628,341.56873,492.27402,-42.29361,418.834,533.2594,99.237305,270.20917,535.6207,55.659744,426.60898,639.9253,134.45105,253.20773,642.9961,95.07471,437.0389,733.5723,21.6601,237.78946,733.0079,20.512428,445.41208,760.3405,-13.925353,228.78456,758.1408,-11.718507,436.83237,757.4264,-49.78334,235.84456,756.1339,-46.272484,430.991,749.46423,3.7615726,241.6323,748.28894,4.646056,378.7107,755.157,-5.4498734,290.1321,753.90375,5.602533,363.3195,881.62225,-153.71533,264.332,872.8485,-204.24901,340.50897,1119.8445,-229.44464,262.71188,1108.0668,-253.92781,328.5597,1139.3152,-243.61353,272.17465,1130.6272,-261.8813,323.21088,1201.9453,-395.785,273.02737,1187.3196,-397.9106
fondos_down
WhatsApp Image 2024-11-15 at 11.01.04 AM (3).jpeg,fondos_down,389.8302,535.05286,156.4528,382.15823,525.98364,185.19432,381.45605,526.07007,185.33266,380.90002,525.92096,185.32242,377.61002,525.9199,165.5867,372.95236,526.1887,165.50577,367.85214,526.50305,165.44966,363.30844,530.93604,315.05176,337.14224,534.06854,224.35101,385.0951,549.4546,202.34906,378.0756,549.7025,175.21854,404.7402,571.0902,342.83167,255.20256,564.8703,252.35721,429.10095,560.9602,434.62466,228.16037,565.2329,358.33075,377.83514,558.9269,630.80975,263.5713,584.3942,566.7678,379.72372,564.69824,657.22144,267.58224,595.4148,587.75964,374.14932,567.5048,669.395,269.8056,599.1344,590.37024,376.78308,567.0443,636.7311,269.55746,594.63165,571.6652,388.1337,748.8006,-10.578399,295.1621,759.3071,10.863165,381.32236,790.8428,-321.02756,297.71796,795.4919,-375.331,397.95288,1050.4143,-576.33734,316.12903,1048.5477,-568.318,388.35815,1074.041,-608.4244,334.03354,1077.6094,-589.5355,393.4039,1131.2175,-779.8115,324.41537,1124.8079,-748.00684
fondos_down
WhatsApp Image 2024-11-15 at 11.01.22 AM (3).jpeg,fondos_down,364.57373,556.9988,-690.98566,373.00412,542.199,-687.6298,377.77142,541.8879,-687.51434,382.29105,541.11273,-687.6184,358.0867,539.3708,-698.1878,351.46164,537.1183,-698.4042,344.49368,534.8223,-698.31824,386.99225,534.14197,-512.8395,328.1162,528.15393,-562.659,369.42975,567.7727,-609.11707,350.5867,566.5747,-624.2619,424.12558,556.4275,-253.19272,272.4037,566.38666,-324.67444,438.87582,583.51624,31.731594,244.95819,601.22266,-52.357513,443.98456,656.7382,163.9532,251.23135,663.165,136.13106,448.5802,677.71185,186.5646,246.52408,682.77985,163.13837,441.18372,677.49,147.12643,255.48083,679.68634,123.895355,436.47882,672.28577,155.89377,258.80725,673.04785,131.80821,395.28278,735.0654,6.187997,308.2524,741.08923,-5.7470236,397.86435,848.99817,-356.23785,303.8766,843.6632,-342.05414,431.81396,1005.618,-420.8815,272.07733,1006.51697,-298.23853,428.7718,1044.7915,-437.8116,273.67136,1041.053,-304.085,450.56897,1055.4847,-656.5986,282.09625,1033.6456,-509.52396
fondos_down
WhatsApp Image 2024-11-15 at 11.01.23 AM (1).jpeg,fondos_down,357.93814,575.2667,-751.9041,366.86584,561.62384,-745.0869,371.4445,561.0228,-745.0093,376.1427,560.08203,-745.1355,350.50375,559.51025,-753.9013,343.59412,557.71844,-754.1243,337.03107,555.777,-754.0439,380.42938,552.25256,-557.70905,322.55508,547.69525,-601.432,363.11642,587.42377,-666.82227,344.63522,585.1961,-679.9006,419.32437,573.59845,-283.20633,267.73944,581.045,-349.49197,430.6006,599.28217,1.1219019,240.26186,611.0082,-35.278713,434.88327,666.4396,148.66425,245.63443,672.87866,194.73804,437.7278,688.2893,174.3718,238.15054,691.38074,231.70087,431.45258,687.6523,132.21265,246.78821,689.7407,190.0918,427.45486,681.01807,139.0057,251.50008,683.15765,190.6204,383.58646,752.8466,12.988989,298.5348,756.81616,-12.486686,389.85553,870.4236,-301.30463,295.19077,865.33356,-381.6898,417.2895,1017.4661,-318.61627,263.53082,1021.3984,-343.21957,409.32693,1055.3591,-331.15057,263.22543,1049.7258,-350.2567,428.26416,1054.3768,-523.5439,273.4504,1051.3099,-553.5082
fondos_down
WhatsApp Image 2024-11-15 at 11.01.23 AM (2).jpeg,fondos_down,346.96036,571.0637,-748.76025,357.8848,557.7793,-742.80896,363.03192,557.28906,-742.7062,367.90805,556.4835,-742.7986,339.40317,555.671,-747.89575,332.73755,553.3885,-748.10425,326.74725,550.6389,-748.0252,375.87738,548.1031,-557.86707,318.0493,542.0407,-584.6894,354.48834,583.28577,-664.71313,335.10782,581.15186,-672.847,413.96124,570.3371,-286.70767,267.55746,579.0496,-329.99124,426.94016,598.75574,-0.65043324,232.92398,610.78625,-38.635,430.805,667.0642,143.19096,240.24203,674.6311,140.11055,435.18744,688.97595,167.22418,233.90314,694.5971,168.63495,430.52017,687.34735,123.53196,244.30904,692.87134,125.06223,426.1453,681.17035,133.32196,250.21062,686.71265,133.73341,387.17383,749.6453,6.8295484,300.16086,755.35156,-6.364864,392.54688,865.1144,-284.78198,297.4689,866.9159,-362.05246,418.72153,1016.6281,-291.22348,268.58966,1021.92596,-317.1519,416.09473,1042.143,-302.6229,268.5754,1051.3324,-323.771,431.67944,1056.3976,-489.77994,260.75433,1060.6033,-524.31244
fondos_down
WhatsApp Image 2024-11-15 at 11.01.44 AM (5).jpeg,fondos_down,344.13864,631.4459,-612.7725,349.3997,618.15625,-595.7443,353.75916,617.8339,-595.629,358.01657,617.1542,-595.76556,333.66995,618.02844,-600.1612,327.54767,617.96655,-600.3397,321.8542,618.01953,-600.2416,360.99826,616.0309,-401.19684,309.5278,619.96265,-429.78772,350.53305,645.60046,-532.234,333.17105,644.8868,-540.9901,402.13266,655.1813,-175.99829,266.99316,659.6753,-213.43187,458.34525,655.0015,72.325615,217.26929,654.44,77.81883,439.4457,729.4802,250.19406,234.44511,718.7531,307.861,437.23618,747.14264,274.794,226.92673,741.57135,341.77365,426.3716,744.6817,231.6145,241.8974,741.8364,315.81998,423.07333,740.0995,240.66449,246.85507,736.0359,308.43802,379.877,838.0222,15.98321,299.58792,848.50287,-15.971773,391.16492,961.8933,-395.002,303.4344,972.8114,-351.9865,428.77545,1118.2451,-494.56876,304.6317,1137.2776,-402.21146,417.58878,1160.7377,-516.4289,314.17838,1155.766,-420.03772,458.2405,1127.917,-748.43427,302.77423,1152.0411,-646.5887
fondos_down
WhatsApp Image 2024-11-15 at 11.01.44 AM (6).jpeg,fondos_down,346.0044,636.3545,-574.19617,351.57092,623.65826,-557.1932,355.56656,623.1451,-557.0714,359.59,622.3851,-557.1986,336.12762,623.43414,-559.6352,330.5658,622.9757,-559.7845,324.61203,622.60706,-559.68225,362.8952,620.9081,-368.60474,313.11682,623.2317,-389.1422,352.9315,649.9841,-496.30673,335.67276,649.05273,-502.74176,402.3209,658.9491,-154.98126,270.1242,661.0971,-180.85715,466.02243,653.74994,89.30169,214.63208,648.16766,104.23424,441.54297,727.8983,294.93372,236.49208,719.5242,341.70294,441.2081,745.527,325.2179,233.20001,743.9037,380.1863,430.42575,743.43256,285.9105,247.09042,741.81506,357.5511,426.86752,738.6358,287.8917,251.15973,735.59265,344.36008,381.01675,842.7523,13.474404,302.10028,851.98303,-13.494062,394.05405,962.7142,-402.19553,305.1596,973.7887,-354.07452,433.31772,1117.2621,-521.0313,303.6743,1134.9158,-426.27686,419.7611,1163.6797,-544.6652,314.52063,1156.5083,-446.22534,463.4106,1130.869,-773.0136,311.20563,1153.5745,-668.7756
fondos_down
WhatsApp Image 2024-11-15 at 11.01.45 AM (1).jpeg,fondos_down,347.77292,619.15625,-530.1118,354.25577,605.178,-509.09622,358.79346,604.4382,-509.0133,362.67657,603.86554,-509.10614,338.72165,604.9976,-511.9427,333.38516,604.0654,-512.08374,327.70486,603.46423,-511.97937,366.15805,603.34546,-308.42102,318.41077,604.93494,-331.43954,355.61053,632.5597,-448.87604,337.16522,631.2217,-455.93134,406.25415,647.257,-96.48864,277.16107,648.2069,-124.13864,465.00922,653.6087,147.97914,220.07446,653.09924,165.32622,447.087,729.42377,288.18842,244.27856,723.4768,373.12488,445.60745,746.5539,311.77173,238.96976,744.3096,408.32895,434.51804,743.4469,264.72202,252.87598,741.5198,383.36093,431.275,738.5381,276.96402,256.77783,734.8957,375.4776,387.02365,831.9604,12.2384815,310.23438,842.682,-12.229672,399.16245,954.8186,-384.60886,311.31375,966.46924,-358.62405,433.79614,1119.6262,-480.19907,308.43564,1131.3533,-401.7359,416.3421,1166.176,-501.40775,320.21298,1155.5295,-418.85608,468.2369,1131.2249,-728.1312,311.58777,1149.882,-644.9388
fondos_down
WhatsApp Image 2024-11-15 at 11.01.45 AM (2).jpeg,fondos_down,357.10367,596.41565,-524.42883,361.28815,581.827,-499.46606,364.53125,581.3449,-499.42065,368.21216,580.75287,-499.52893,347.55817,581.39014,-507.6275,341.83853,580.82324,-507.75638,336.5188,580.428,-507.57874,369.99298,579.91785,-282.8966,323.4333,580.5552,-326.92352,361.63736,610.0993,-436.58813,344.89966,610.54126,-449.5313,411.38916,632.51337,-66.43805,275.14163,637.837,-122.564766,466.8372,646.67285,185.09274,220.33571,655.6676,171.04375,447.141,725.2832,291.01636,245.40308,722.4145,351.6442,447.20294,743.83453,310.08585,240.20607,744.2821,383.10724,437.1238,740.88434,262.80615,252.2516,741.07025,356.43362,433.95584,736.7099,278.3448,256.38736,734.4691,353.41446,393.12326,822.30133,16.504654,315.35934,833.5733,-16.350685,405.47925,953.43945,-260.78244,317.56564,964.03143,-327.13324,434.7234,1117.777,-291.30347,317.63568,1133.3708,-340.23682,422.45032,1166.6521,-305.959,325.4938,1159.6797,-354.49582,474.76453,1135.7899,-507.96155,320.0724,1153.4109,-573.437
fondos_down
WhatsApp Image 2024-11-15 at 11.01.54 AM (1).jpeg,fondos_down,329.65268,659.12195,-538.0649,337.60397,650.6054,-559.22894,343.39746,648.00903,-559.035,348.77972,645.3777,-559.11633,321.83072,651.3816,-561.94696,317.00894,649.404,-562.168,312.67902,647.2961,-562.2001,355.69513,631.4384,-495.3051,302.79935,634.8458,-511.1931,339.03928,653.25433,-495.33984,322.0467,652.684,-500.8822,401.76337,618.1128,-303.39148,252.33632,615.0124,-336.5698,422.68884,635.67804,-59.41557,232.16156,640.086,-116.4957,414.96503,702.9778,156.12207,242.52457,704.9399,68.693504,414.64252,722.6525,188.39508,235.73227,724.5421,93.12769,408.00858,722.4189,160.3208,246.00146,723.88336,55.81085,405.00336,718.51416,153.5849,250.81418,718.72894,63.683838,369.22998,770.6676,-10.757214,287.53174,774.83453,11.206797,363.21255,854.234,-341.57568,285.5358,859.8126,-379.49078,353.52652,1016.32947,-375.4526,278.06738,1019.6288,-358.63345,349.98172,1032.1675,-386.76938,286.2676,1052.4458,-365.39252,355.51556,1057.5101,-553.53564,257.04117,1040.3062,-530.9338
fondos_down
WhatsApp Image 2024-11-15 at 11.01.54 AM (2).jpeg,fondos_down,336.40915,648.16833,-572.52295,342.90945,641.00946,-592.7791,347.8049,639.42017,-592.54474,352.5701,637.5153,-592.5963,326.8435,640.14557,-597.4892,321.09723,638.17554,-597.727,316.00473,636.2458,-597.7346,356.94507,624.26855,-519.898,305.27835,626.1341,-545.86426,343.30106,647.1351,-526.5569,326.1213,645.2523,-534.8372,400.9601,611.1421,-316.9889,253.35614,611.52246,-362.30746,426.77985,631.32684,-62.710423,231.08768,640.5335,-128.17493,416.59964,699.6559,150.72711,241.13132,702.08484,72.00884,419.31927,720.9814,183.77759,233.96732,724.7074,97.81987,410.66354,721.56915,156.59622,245.87555,724.2356,64.17768,406.40814,716.8879,148.77477,251.72903,718.5801,68.65628,370.56772,765.1019,-0.099129125,287.10843,768.28186,0.38626698,365.5121,856.23627,-328.85782,289.1234,859.6404,-391.39896,356.42963,1017.7667,-389.3727,278.8786,1022.6051,-410.0216,351.59915,1033.0952,-404.03046,288.56876,1058.6521,-419.99106,350.87463,1036.8671,-573.6765,272.97403,1042.2999,-578.76
fondos_down
WhatsApp Image 2024-11-15 at 11.01.54 AM (3).jpeg,fondos_down,337.4359,651.21893,-655.86523,344.373,641.1008,-677.54803,349.0352,638.7836,-677.30756,353.44446,636.0731,-677.39935,328.55997,640.65826,-683.3088,322.5277,638.22437,-683.5489,317.04144,635.71295,-683.50476,357.38925,621.2844,-586.9818,305.65686,624.31824,-617.60986,344.85724,648.58453,-600.4479,328.0822,647.5971,-610.0854,401.9006,611.8615,-338.64777,253.00458,613.8632,-405.0726,425.40128,631.3782,-23.428905,233.80756,642.8533,-143.70518,417.01196,702.31213,222.53992,246.55353,707.6179,82.269295,419.0282,723.8758,264.5967,240.53325,727.0407,114.898186,410.6026,723.5858,231.32388,252.03899,725.5482,77.52841,406.62256,718.84186,219.91197,256.3315,719.7968,79.386894,371.3121,765.6089,5.1044183,287.75406,767.412,-4.7836347,364.78043,853.30115,-372.4661,284.79532,856.70807,-395.58844,358.61484,1017.81006,-444.71262,277.31216,1020.8719,-439.83606,346.11606,1036.9368,-461.14963,287.75815,1056.78,-453.22836,356.99582,1059.6052,-650.7025,268.99005,1059.5696,-625.619
fondos_down
WhatsApp Image 2024-11-15 at 11.01.54 AM.jpeg,fondos_down,340.2713,658.1701,-523.4324,345.14328,650.3973,-542.35175,349.08844,648.1642,-542.13336,353.20865,645.46295,-542.19147,333.5068,651.3367,-549.40173,328.9391,649.9633,-549.62744,324.2607,648.14453,-549.6583,358.21664,631.1532,-470.65503,308.71158,635.73846,-506.70605,346.4364,654.7004,-478.29773,333.02676,654.75836,-489.6655,400.43552,614.57745,-284.6522,249.29625,619.9004,-338.4492,425.70038,632.6025,-40.298397,231.03859,640.4856,-137.58224,415.2886,700.9565,172.09116,243.6793,702.4021,52.472607,417.18475,721.0929,205.67496,236.62126,723.09424,76.24726,409.7049,721.82855,179.57812,249.30394,721.95166,45.45386,406.12524,717.39655,170.2152,254.06665,716.87805,49.514156,371.05966,772.128,-2.417115,286.79865,775.0874,2.724033,364.00366,851.91455,-380.51855,285.45297,858.4331,-405.86954,351.9631,1014.28986,-422.0381,276.01007,1019.47906,-415.92316,344.54147,1030.4908,-433.74048,287.29407,1055.5096,-425.16626,352.77725,1055.2904,-602.13196,260.86923,1042.2673,-586.89435
fondos_down
WhatsApp Image 2024-11-15 at 11.01.55 AM.jpeg,fondos_down,295.9723,645.33356,-640.05505,305.28726,633.0189,-652.67804,311.79343,632.33496,-652.5122,318.9816,631.32654,-652.62683,293.92053,630.29407,-647.5886,291.81476,628.1035,-647.8169,289.91788,625.63574,-647.8175,333.02432,620.90247,-545.51886,290.26218,613.6172,-523.9698,307.83353,650.6655,-583.38135,294.15555,646.11475,-578.01495,393.0712,617.42487,-321.98868,246.1285,619.84656,-322.76624,423.78525,636.1152,-95.20976,232.39728,644.55066,-82.296,412.46753,705.0813,91.354355,239.95995,705.29236,77.77615,413.63312,725.3614,114.07834,233.4275,726.6568,92.62145,405.9881,724.1979,80.10805,245.42412,725.7095,47.716724,402.39517,719.7342,86.334595,249.28688,720.5442,67.69184,365.76825,776.16266,-9.042016,283.67645,779.53296,9.3606415,362.84854,860.6946,-399.6169,285.27338,869.9026,-404.73688,354.55292,1014.274,-498.30014,278.69092,1023.10095,-494.23392,347.70032,1037.3918,-518.71826,288.36856,1062.0656,-514.04504,363.6127,1053.6205,-698.64105,261.08218,1050.8926,-679.77014
fondos_down
WhatsApp Image 2024-11-15 at 11.01.56 AM (1).jpeg,fondos_down,331.31473,606.62103,-753.836,336.98724,593.2,-740.364,340.7904,592.4438,-740.22833,344.90234,591.18805,-740.34375,323.30014,593.39514,-746.00354,318.36246,592.8992,-746.2115,313.0313,592.0508,-746.11707,350.05585,585.1803,-542.8874,302.47836,588.64453,-572.4334,337.1236,616.5323,-668.33844,321.94992,617.8289,-677.4353,394.53598,614.59564,-272.0081,256.95197,620.15076,-323.2723,423.17624,639.03656,21.845623,229.92986,646.62646,-38.772205,413.1138,709.3782,191.52974,246.15456,711.06757,159.3926,417.25946,726.9868,220.09319,242.09435,728.4774,188.60196,407.81723,724.9653,177.61458,250.13055,727.2763,145.17001,403.48917,720.83484,183.83708,252.83382,722.33594,153.78154,368.10376,773.855,2.5441782,285.89468,777.56683,-2.1747613,361.2475,856.40247,-414.01953,285.78574,863.59216,-425.3472,354.83762,1022.69946,-505.62146,277.30887,1024.3885,-503.97723,342.92606,1057.9153,-526.2327,289.28754,1063.4167,-523.7897,348.49814,1035.8618,-735.6234,275.34796,1056.456,-724.10956
fondos_down
WhatsApp Image 2024-11-15 at 11.01.56 AM (2).jpeg,fondos_down,337.73862,651.5477,-613.3594,344.50714,641.8631,-636.25464,349.1676,639.6311,-636.01404,353.82977,637.1955,-636.09973,329.9905,641.79376,-640.2858,324.5865,639.57733,-640.52124,319.5292,637.2266,-640.5121,359.2377,623.9785,-559.83,309.07578,625.5213,-582.7194,344.7829,649.00934,-564.3564,329.19342,648.6929,-571.8217,405.88535,616.23865,-335.70798,255.53354,616.10925,-385.1834,422.66794,638.34906,-38.949123,230.38309,645.6274,-142.7239,415.1475,706.1315,212.97368,241.64926,706.93146,71.01898,414.49316,726.1683,255.22182,235.78235,727.0515,101.60098,408.6882,725.8176,226.39537,245.88661,725.83997,66.35828,406.14532,721.5006,211.83621,250.93936,720.4153,68.13438,366.1272,767.94946,-0.13159946,284.322,768.20013,0.56140536,359.019,844.14087,-362.78305,275.09885,854.177,-400.37213,356.70978,1009.9352,-389.72836,268.72943,1013.2172,-377.37955,348.28857,1029.6927,-400.29947,273.4165,1028.4935,-382.55887,353.25958,1062.611,-589.8352,266.53357,1058.1776,-563.0164
fondos_down
WhatsApp Image 2024-11-15 at 11.01.56 AM (4).jpeg,fondos_down,354.39917,632.2143,-661.39,356.64502,621.5259,-674.07104,359.7369,620.02936,-673.8048,362.83087,618.0091,-673.88495,344.4742,622.1069,-680.6786,338.69638,621.15875,-680.92957,332.74664,619.74585,-680.8877,362.60654,605.31177,-555.8202,315.7225,610.2729,-589.85443,357.0106,637.224,-598.4193,342.3341,636.2605,-608.9537,403.18692,614.92035,-303.29248,256.14865,618.28674,-365.708,424.64062,639.7651,30.945139,224.4485,647.5465,-100.73999,414.89203,703.6316,275.2058,239.14088,707.2922,119.7613,417.66217,725.0491,318.401,233.06036,728.9173,152.76553,408.98187,725.2558,283.5915,243.8346,727.8938,114.77447,404.13113,719.939,272.2513,249.44696,722.65955,116.53656,368.539,773.25574,2.937943,288.94785,774.3175,-2.4883754,364.08783,850.4055,-395.3659,280.1921,849.166,-410.81146,359.42917,1016.4612,-450.08258,272.90384,1015.27246,-423.14294,350.16266,1033.0299,-464.93732,273.99365,1027.9708,-432.4829,353.3873,1067.3204,-675.972,268.09045,1046.8394,-623.21106
fondos_down
WhatsApp Image 2024-11-15 at 11.01.56 AM (5).jpeg,fondos_down,288.87006,661.0886,-526.14185,296.56375,653.00464,-548.78687,302.63934,652.03094,-548.6162,309.4446,650.7035,-548.7252,284.67865,650.9296,-536.1331,281.67728,648.7393,-536.3265,278.7124,646.337,-536.3369,326.11185,639.46545,-497.86307,277.65112,634.9014,-442.22192,299.2358,662.5375,-491.543,286.2934,660.4095,-476.14862,386.76312,626.6657,-318.7351,244.56421,619.87573,-269.3987,420.3651,634.8914,-179.80658,223.5143,638.12366,-39.802498,405.4556,702.3453,-25.739124,234.1138,702.7548,137.36134,406.714,723.8061,-19.062386,227.06844,719.154,147.99205,398.9062,722.8345,-42.469357,239.70947,720.2133,117.04803,395.54575,718.30066,-29.604158,244.7455,714.85095,129.6681,357.929,772.619,-23.451157,280.21826,775.72864,23.894411,351.63196,848.60803,-385.63943,270.2703,854.5697,-376.91376,349.358,1004.8697,-473.03082,265.08682,1011.352,-431.0316,345.06964,1024.4424,-489.07404,278.1297,1055.822,-445.02234,344.07947,1040.4264,-651.58777,239.96191,1048.8362,-592.28503
fondos_down
WhatsApp Image 2024-11-15 at 11.01.56 AM (6).jpeg,fondos_down,295.4921,653.7754,-610.2907,303.74866,644.7995,-627.4345,310.482,643.40674,-627.22174,317.47107,641.2788,-627.2931,289.81174,642.1136,-624.4833,286.41168,639.54315,-624.7076,283.2264,636.9206,-624.66406,329.5604,626.1732,-536.00085,279.17795,623.91345,-525.5374,305.2061,653.0677,-557.8557,290.03775,650.74646,-555.654,384.84323,616.2207,-314.77808,237.83086,615.5707,-322.10327,412.6474,632.20013,-67.58746,227.68173,639.2053,-65.87267,405.73532,700.02875,132.51279,231.75806,697.2627,116.37564,406.78125,720.2197,159.43121,224.87323,718.9576,138.34563,398.1988,719.6382,128.30801,236.01147,718.34503,95.6625,394.28412,715.2772,128.78577,241.46805,712.7686,107.92149,357.77618,766.45807,-12.294989,275.40665,768.7707,12.573348,348.37256,849.7611,-367.96454,269.4015,856.8143,-365.57376,345.46625,1010.0097,-445.10486,267.00693,1017.19086,-404.4845,338.99243,1028.8032,-462.32056,276.4844,1053.861,-418.34958,350.45703,1046.9829,-638.7098,244.29257,1035.5891,-577.00586
fondos_down
WhatsApp Image 2024-11-15 at 11.01.56 AM.jpeg,fondos_down,290.72415,633.847,-666.81366,300.51514,623.24756,-674.94934,305.6994,623.1129,-674.7977,311.90268,622.5241,-674.9013,292.00806,620.3968,-668.44403,290.57028,618.2628,-668.6543,289.0676,615.6221,-668.64215,331.59814,613.31854,-550.22845,293.0926,606.28906,-524.6343,299.598,641.4737,-605.3236,290.34988,638.65967,-598.61285,388.3081,619.1034,-317.25998,250.04799,617.1489,-306.95624,428.45187,636.2551,-89.39371,232.40517,648.0963,-45.877464,415.30325,706.81104,93.35621,242.23497,706.611,114.26268,417.17947,725.7193,117.9887,238.44357,726.0986,131.63574,407.6553,725.13794,80.851456,248.30449,725.4204,88.20636,403.14365,721.8273,87.672646,251.82686,720.06647,105.8174,365.10233,778.0584,-8.021683,282.69568,782.8586,8.211592,361.93863,858.88416,-421.42633,285.03177,865.3423,-409.68948,352.93994,1022.96985,-538.2584,280.0716,1028.5073,-525.0081,342.01987,1063.0144,-560.6934,290.85388,1066.9056,-547.2808,357.179,1053.1945,-748.2501,264.57455,1051.426,-715.2762
fondos_down
WhatsApp Image 2024-11-15 at 11.24.44 AM (1).jpeg,fondos_down,202.99393,619.6023,-128.5892,199.87363,605.31775,-150.82741,201.69307,603.7162,-150.8302,203.62152,601.8176,-150.94905,198.18362,605.6159,-111.01418,198.77269,604.4254,-110.99543,199.44409,603.04865,-110.9321,223.71924,591.70056,-195.18066,216.97952,594.01276,-10.4469795,219.26535,624.74426,-141.46117,217.54608,625.8134,-87.770035,284.688,615.651,-256.1172,268.65842,616.0628,127.36267,376.28915,620.1161,-299.91245,322.5348,663.49243,249.19904,381.31168,717.3333,-263.22598,335.06396,713.3849,250.46135,385.97375,735.36035,-302.45032,344.1741,728.9611,266.90573,373.13013,738.1281,-291.44696,332.60736,732.1138,230.74797,369.98407,733.2134,-256.85968,332.51947,723.968,235.8379,297.73474,795.1217,-151.97049,290.6681,773.62915,151.90898,146.0896,709.2423,-205.00493,172.5769,692.8928,142.96991,76.33992,839.99414,-161.46904,123.72476,814.7445,166.16972,75.75614,872.0307,-158.54242,133.67856,840.1697,162.20496,4.799781,850.68335,-208.66963,69.93856,833.66455,123.08322
fondos_down
WhatsApp Image 2024-11-15 at 11.24.44 AM.jpeg,fondos_down,213.22246,634.2779,-131.136,206.61433,620.5232,-146.20265,208.7706,618.1858,-146.18591,210.99533,615.70795,-146.28818,204.20934,622.8678,-112.742096,204.44287,622.4969,-112.707954,204.54196,622.0966,-112.63384,226.50652,605.874,-161.03563,215.02332,613.5707,-4.197238,229.28035,636.01776,-133.24751,226.61546,639.03845,-87.59264,281.55737,621.0938,-204.02028,268.13098,620.94214,134.11903,371.7354,616.56744,-262.90207,321.95282,661.7573,282.31998,383.39615,708.3889,-269.60437,335.62354,711.20856,333.37714,383.45697,727.9172,-305.78113,331.7592,729.9055,358.2446,369.79324,729.59326,-296.46393,330.67923,726.8994,325.68024,367.3602,723.03784,-264.91913,332.12222,724.3146,322.31747,296.36523,795.3539,-139.45143,288.31967,770.87836,139.38216,146.30328,714.4695,-176.1202,171.44286,698.0398,104.96665,82.203964,833.06085,-136.63678,106.31388,819.6361,114.76044,81.97715,860.04144,-132.40282,113.70691,843.67163,110.45543,11.916025,838.859,-173.51996,55.40639,839.6866,66.74969
fondos_down
WhatsApp Image 2024-11-15 at 11.24.45 AM.jpeg,fondos_down,206.34613,627.3606,-128.43382,202.60956,613.75574,-149.79436,204.29892,611.82465,-149.82225,206.06094,609.6271,-149.95804,200.72453,614.7747,-111.37108,201.00105,613.8021,-111.344406,201.31448,612.6634,-111.28374,223.01022,598.5574,-196.01198,216.99344,601.7447,-16.860138,220.97505,631.12177,-141.85843,220.07146,633.17615,-89.781975,282.33173,617.03534,-253.68013,265.56952,620.96814,111.27317,377.05017,620.0923,-303.62173,326.23608,659.8898,233.6182,380.25467,712.7493,-280.5912,346.17914,708.2084,255.84015,384.81918,730.61163,-323.2812,353.77393,725.22327,274.02155,372.3361,734.3605,-312.52026,345.96628,726.9491,238.66603,368.56577,727.6521,-275.21826,344.8879,720.0756,242.19705,300.26996,796.6214,-146.18457,291.9296,773.3017,146.13393,145.98785,712.2373,-195.69608,167.59438,694.071,156.25581,82.709755,833.1097,-149.94519,141.81992,799.0314,182.03098,83.218666,868.2234,-147.34033,150.95784,824.1794,178.35236,6.2504053,840.37225,-199.20303,95.95335,815.4904,145.2525
fondos_down
WhatsApp Image 2024-11-15 at 11.24.46 AM (1).jpeg,fondos_down,209.39894,628.1969,-167.59183,205.15637,614.85486,-188.06384,207.15512,612.9082,-188.0942,209.24275,610.6143,-188.24217,202.04707,616.43805,-153.31131,201.68912,615.9067,-153.29543,201.36456,615.21515,-153.23174,226.47281,600.03467,-226.60658,215.5114,603.8694,-65.07391,223.8109,632.26807,-177.69116,220.64662,633.5099,-130.67291,281.98584,623.2348,-275.3281,265.15558,617.8983,74.44027,373.7278,626.5847,-311.43033,327.81235,665.5795,219.17783,380.98135,715.972,-291.57605,347.03384,712.4484,262.55115,383.59503,734.7377,-329.71527,347.2373,726.61426,282.55936,370.63928,736.8066,-324.2774,337.37634,728.3972,248.10199,368.80365,729.802,-287.89926,338.43094,721.8064,250.11198,296.33545,780.33997,-138.51971,284.15518,755.76294,138.58939,151.57983,721.73425,-198.98817,159.55194,693.6469,68.044395,75.512764,828.3298,-166.49332,98.79714,804.92255,59.89171,87.77503,856.89545,-164.43077,105.03608,830.1832,53.588047,14.269738,818.8122,-220.89226,49.48476,816.3614,2.9090428
fondos_down
WhatsApp Image 2024-11-15 at 11.24.46 AM (2).jpeg,fondos_down,209.27075,623.93787,-127.605644,205.42784,608.47015,-148.98154,206.60704,606.8784,-148.97499,207.69055,605.2466,-149.06946,202.83719,610.45667,-115.416534,202.76723,610.18,-115.39473,202.43893,609.69556,-115.35978,224.93964,598.4252,-189.10349,213.51346,603.079,-32.29147,217.70302,627.00696,-138.60345,220.72827,630.91077,-92.922676,287.30313,613.68164,-221.10973,262.4265,623.161,86.14168,378.95322,653.69965,-298.82355,297.24365,688.3768,223.89185,379.68243,715.5737,-348.15512,295.79694,728.70776,284.70047,383.1654,730.03595,-384.7487,291.73502,744.1027,307.33685,370.77252,730.64996,-380.6315,289.0992,740.9342,281.71497,368.31436,725.60645,-346.45563,292.0171,735.4914,277.2667,286.90778,791.7773,-129.16862,272.84082,760.71484,129.0997,143.44514,711.6498,-163.03835,164.27649,700.0842,145.78674,59.138172,835.9103,-114.56718,136.22588,803.0537,208.40137,74.72514,865.1406,-107.57496,148.21259,822.0605,212.37476,-3.3183002,839.39545,-136.43552,86.746956,824.828,195.39987
fondos_down
WhatsApp Image 2024-11-15 at 11.24.46 AM.jpeg,fondos_down,206.69682,613.4944,-162.44301,213.15007,597.1482,-175.0935,215.50003,595.005,-175.12447,218.77425,592.8957,-175.2531,206.11043,603.61395,-149.18579,204.41515,605.07745,-149.13397,202.81024,606.2627,-149.10515,228.08942,590.41223,-182.3397,207.71379,600.24634,-60.357582,233.82948,617.77795,-161.4789,222.65446,623.8519,-125.77959,277.72495,613.3653,-206.81172,247.98558,619.21765,55.838394,356.92813,661.72144,-240.8006,307.23175,677.4877,126.48136,379.99365,723.67523,-260.84958,330.61465,720.8487,88.45119,376.8975,737.2594,-297.4723,333.23267,736.297,86.20503,366.10437,735.98914,-298.69345,330.82834,730.393,63.902134,363.23697,730.9827,-261.34888,331.24307,724.95044,78.31291,261.8925,753.5829,-114.20906,244.2344,739.1729,114.0433,137.36414,718.33954,-213.64594,150.16574,696.5281,13.789354,64.5189,838.39777,-173.65605,110.17026,802.28973,70.70874,72.20661,857.7224,-169.45328,120.61887,820.9051,73.13983,15.741692,851.8949,-228.88583,65.16453,831.42145,29.329714
fondos_down
WhatsApp Image 2024-11-15 at 11.24.47 AM (1).jpeg,fondos_down,216.34695,632.0546,-189.5927,209.68008,616.35126,-200.37637,211.44452,613.8781,-200.39078,213.58667,611.24884,-200.5027,206.85239,619.9923,-170.24763,206.6017,620.14716,-170.21939,206.16125,620.1872,-170.15695,227.49641,602.1245,-195.84334,213.48906,612.7252,-52.882744,232.43126,633.401,-184.05614,227.14487,637.37756,-142.34471,282.7376,623.28656,-217.30219,267.96182,622.4447,90.620514,376.85785,620.5758,-285.26358,330.17374,673.9824,240.41953,381.79773,713.4746,-321.92813,335.64746,721.1271,286.8418,381.1962,730.98645,-360.83633,333.61768,741.1714,307.73602,369.75912,730.91064,-356.01126,328.9596,739.3119,274.2244,368.9963,723.5646,-319.43518,330.23163,732.8004,275.90933,293.00006,797.26685,-129.93915,284.25705,768.4612,129.95935,142.40588,728.7384,-172.33232,172.67503,703.33057,65.776375,66.19677,843.12836,-147.1967,107.81692,821.00745,61.36667,77.158966,868.6994,-144.59381,114.2196,845.0436,57.06536,8.254037,840.3093,-189.22186,57.33825,835.6855,12.934377
fondos_down
WhatsApp Image 2024-11-15 at 11.24.47 AM (2).jpeg,fondos_down,215.50885,636.2091,-106.03958,208.69206,619.4298,-121.2936,209.9922,617.1101,-121.306305,211.33511,614.8632,-121.42702,208.38756,621.76447,-87.02835,209.20767,621.3338,-86.99509,209.72931,620.98804,-86.931496,225.92734,606.404,-142.59819,219.33252,612.9786,17.39804,232.127,638.8418,-111.06593,231.03308,640.1001,-64.50488,281.85037,624.8904,-202.59514,268.85254,627.04926,152.9094,373.37482,621.40607,-264.89413,343.6154,641.43286,285.68375,385.65656,716.1071,-266.4904,364.1672,705.5919,314.29236,389.79025,731.12805,-305.96255,370.09103,722.2733,333.66562,376.94263,733.4177,-296.39984,359.38077,722.44543,302.02597,373.58044,728.82806,-261.91916,356.3054,718.2478,302.42142,298.88568,802.24927,-149.24352,290.11816,776.83264,149.1873,150.59367,713.9368,-178.82999,168.8215,699.52405,115.695244,77.734406,828.37744,-134.42891,91.73133,821.27246,136.83372,75.74872,860.0068,-130.23817,96.631256,844.81055,133.5944,5.554533,835.7842,-175.31236,42.90116,821.9593,93.42268
fondos_down
WhatsApp Image 2024-11-15 at 11.24.47 AM.jpeg,fondos_down,207.4334,627.37024,-135.37277,209.90506,609.3261,-145.11218,211.59003,607.157,-145.13635,213.157,605.28516,-145.26093,207.3551,611.8673,-118.606346,207.23184,612.0477,-118.546555,206.9879,612.16943,-118.47645,225.82103,599.9595,-141.02544,212.72894,609.86383,-16.231398,232.75107,630.5734,-130.6963,226.93268,633.54407,-94.24971,282.30045,624.0498,-162.30614,254.34152,636.92145,103.72482,374.73132,633.87335,-184.35773,309.5602,691.1483,219.46504,384.17566,716.3213,-175.72182,320.30142,731.124,240.65381,385.61505,730.51086,-203.31245,318.68307,747.20636,254.23123,374.45853,730.9699,-202.38438,315.9278,743.05426,229.28899,372.47156,725.97504,-174.2358,317.32843,737.4914,231.86462,269.97803,789.1216,-118.98603,258.8596,772.3955,118.79432,143.7807,716.7651,-162.13515,167.31963,698.5064,106.37652,56.09057,840.3128,-130.36476,134.00426,800.3748,131.95149,72.18008,868.0066,-124.17025,144.99863,820.79626,132.4157,-1.9264698,842.1946,-146.03749,86.29848,819.09973,113.66947
fondos_down
WhatsApp Image 2024-11-15 at 11.26.37 AM (1) - Copy.jpeg,fondos_down,302.48148,647.004,-179.85477,301.61118,632.418,-199.83539,303.75253,631.0166,-199.80777,306.13416,629.2579,-199.95544,299.47635,632.1383,-160.34204,300.1078,630.6895,-160.39957,300.63757,629.15643,-160.42955,326.8668,617.55743,-245.62709,316.17365,618.67334,-66.2475,315.76852,651.977,-193.64651,313.19025,651.98413,-141.8536,392.24286,651.2627,-298.4179,342.9009,655.3704,43.673016,493.78006,648.41895,-307.41846,411.60043,690.6272,111.82307,505.0701,741.6607,-219.5616,453.82162,747.1369,108.43318,509.089,762.59827,-246.7487,460.48486,763.71765,116.99035,496.95026,762.37805,-235.97226,464.33112,764.5822,89.464645,493.4555,756.9901,-212.0943,465.0876,758.84106,96.60107,474.62494,755.2003,-116.19013,439.60367,754.2536,116.0213,330.3306,743.85016,-218.43297,286.47293,711.63446,9.535679,268.19128,847.85803,-235.52406,262.6746,845.58057,-37.26441,285.694,876.6495,-237.25742,279.34384,870.6416,-45.945892,218.77193,883.6455,-309.01465,215.47849,883.284,-109.23115
fondos_down
WhatsApp Image 2024-11-15 at 11.26.37 AM (1).jpeg,fondos_down,302.48148,647.004,-179.85477,301.61118,632.418,-199.83539,303.75253,631.0166,-199.80777,306.13416,629.2579,-199.95544,299.47635,632.1383,-160.34204,300.1078,630.6895,-160.39957,300.63757,629.15643,-160.42955,326.8668,617.55743,-245.62709,316.17365,618.67334,-66.2475,315.76852,651.977,-193.64651,313.19025,651.98413,-141.8536,392.24286,651.2627,-298.4179,342.9009,655.3704,43.673016,493.78006,648.41895,-307.41846,411.60043,690.6272,111.82307,505.0701,741.6607,-219.5616,453.82162,747.1369,108.43318,509.089,762.59827,-246.7487,460.48486,763.71765,116.99035,496.95026,762.37805,-235.97226,464.33112,764.5822,89.464645,493.4555,756.9901,-212.0943,465.0876,758.84106,96.60107,474.62494,755.2003,-116.19013,439.60367,754.2536,116.0213,330.3306,743.85016,-218.43297,286.47293,711.63446,9.535679,268.19128,847.85803,-235.52406,262.6746,845.58057,-37.26441,285.694,876.6495,-237.25742,279.34384,870.6416,-45.945892,218.77193,883.6455,-309.01465,215.47849,883.284,-109.23115
fondos_down
WhatsApp Image 2024-11-15 at 11.26.37 AM.jpeg,fondos_down,299.7166,649.18933,-230.48964,301.82532,633.05554,-247.35898,304.36935,631.3567,-247.36284,307.18747,629.4508,-247.51468,299.15564,632.93207,-213.97443,299.74796,631.33344,-214.03966,300.2213,629.7489,-214.06721,327.50635,618.2458,-272.10205,313.10034,621.7233,-121.339355,311.9274,655.2029,-235.52101,308.41986,654.93066,-192.15533,390.64154,658.28687,-301.1696,320.2205,673.0122,-1.7653832,488.1777,648.0409,-304.78873,378.89932,714.6148,68.776764,501.16354,738.0303,-247.95331,433.7958,762.11096,67.98912,510.3427,761.0718,-272.154,444.05872,775.7337,82.2078,495.04376,761.89197,-263.12115,448.95068,775.9311,53.437946,491.9367,753.32513,-241.28908,449.24307,771.4371,57.442806,475.71616,756.68756,-97.53508,430.52283,759.4863,97.478676,374.92114,732.0871,-227.40004,283.48987,711.4985,-21.407911,318.2665,834.5398,-247.34741,260.724,845.0996,-153.0181,319.05356,853.2889,-248.92398,278.2381,876.5752,-169.84134,266.40823,853.70044,-311.04996,220.86957,888.6489,-224.17987
fondos_down
WhatsApp Image 2024-11-15 at 11.26.38 AM (1).jpeg,fondos_down,305.94736,642.38245,-61.466133,309.01697,628.19116,-79.06,310.94922,627.2487,-79.039795,312.87378,626.3097,-79.11661,306.65164,627.8564,-46.992302,307.7997,626.1646,-46.996395,308.31653,624.74274,-47.059345,329.8589,618.29724,-111.687645,321.70532,616.64355,32.57279,316.8031,650.01416,-70.03321,314.84454,649.2758,-28.654364,381.88763,659.53827,-165.04451,335.24863,657.3462,122.91071,463.92975,682.1249,-190.10034,388.3831,701.83417,120.242004,492.4608,737.09045,-143.79436,441.5789,751.9048,30.96933,503.7841,750.97406,-171.29588,451.57123,768.0542,29.594797,494.12436,751.68713,-165.46423,458.8632,765.3209,5.3274136,489.47253,742.80054,-140.07903,457.59567,760.72687,19.32236,466.68878,772.1337,-103.838554,445.27176,769.9767,103.36722,354.86942,705.9195,-192.56456,301.47403,708.3534,12.020086,341.54602,838.9289,-237.28572,273.72842,841.9573,-106.82158,348.01126,860.83344,-241.70346,286.8105,867.9437,-122.27804,305.79724,866.214,-290.98334,259.11615,876.40454,-173.89331
fondos_down
WhatsApp Image 2024-11-15 at 11.26.38 AM.jpeg,fondos_down,304.64954,646.94653,-374.3824,304.494,634.7877,-395.16827,306.50616,633.5129,-395.11133,308.54178,632.0939,-395.23972,302.40497,633.9325,-368.0257,302.98404,632.1389,-368.19568,303.46182,630.2412,-368.19815,328.49594,618.89136,-432.602,319.46735,618.1448,-310.9057,319.41998,651.1681,-383.01648,316.0984,650.21796,-347.62073,393.626,659.18304,-417.16675,341.28342,621.8287,-205.84593,490.94833,658.5809,-378.68076,399.75836,651.9831,-98.42857,503.55508,740.2966,-268.47012,434.5374,712.5739,5.2031665,508.902,760.8938,-295.4563,435.02487,725.5808,17.819735,497.42712,760.55414,-299.2327,444.03738,730.40576,-10.544598,492.44904,753.1247,-269.98917,447.5571,727.28076,-3.0076418,481.43646,722.03827,-75.69429,442.24228,694.9814,75.80593,343.36935,765.3823,-148.07689,299.36426,699.3926,11.035452,268.1674,841.9599,-122.07673,267.7023,838.673,36.48694,280.7726,870.6604,-122.64069,281.9203,864.4149,33.519676,211.46416,844.29517,-194.19281,231.68909,854.20197,-15.703708
fondos_down
WhatsApp Image 2024-11-15 at 11.26.40 AM.jpeg,fondos_down,304.91626,635.55963,-336.75543,301.77942,625.44794,-360.39984,302.92953,626.1554,-360.40335,303.49524,626.55566,-360.5795,301.77145,622.39307,-339.5804,302.17612,619.99036,-339.60696,302.836,618.24335,-339.6797,314.25668,622.03296,-401.06534,314.0871,607.3805,-311.75867,316.81653,640.9281,-345.08643,315.2402,635.6086,-319.08673,373.3301,650.8574,-396.95032,352.4963,582.0263,-236.95517,467.87082,680.0391,-379.69278,433.6218,599.50653,-136.57175,509.4669,734.5847,-346.129,447.39053,623.7289,-88.70861,516.95575,753.74725,-381.37347,448.7552,621.32574,-92.42642,508.9803,756.4442,-386.79492,440.45868,633.6059,-111.71944,502.67715,747.18274,-348.9171,441.21185,636.1872,-96.48692,440.0821,690.1053,-42.216236,429.56097,665.37573,41.813057,429.00955,719.5426,217.77798,443.64166,704.16254,274.58783,480.70255,743.71704,486.049,481.0532,735.7501,523.3364,496.58533,745.8435,514.5423,493.10944,739.1468,549.61475,464.72485,759.2966,507.77655,468.2834,750.23425,536.4781
fondos_down
WhatsApp Image 2024-11-15 at 11.28.21 AM.jpeg,fondos_down,166.28271,533.9051,-121.574135,175.44733,522.64575,-146.06007,177.58563,522.681,-146.12946,179.80463,522.66113,-146.20747,174.52881,521.68384,-109.53869,176.13316,521.05725,-109.48925,177.922,520.3705,-109.42148,199.65775,527.6678,-209.98105,196.8285,525.0571,-44.912796,173.93349,547.27246,-141.63536,171.96985,546.566,-93.840454,223.14261,587.153,-263.18387,226.70648,578.2113,42.222214,319.81558,619.20557,-287.751,309.85474,615.256,82.231445,325.7315,702.4514,-255.16174,318.3056,689.8791,35.23098,327.3679,720.7809,-290.7739,317.06943,705.5724,33.884075,315.603,722.63336,-284.1494,309.1876,711.7445,3.2905805,314.44476,716.6574,-250.68536,308.3899,705.4388,20.902185,216.37184,750.1549,-113.76551,207.05978,733.98346,113.9062,141.83577,722.5458,-183.59882,132.20241,685.4208,169.84213,65.359955,726.58606,-101.17891,180.51328,726.55164,201.06834,60.17348,736.6448,-92.03064,190.13214,736.0251,204.60774,20.923355,699.7501,-121.32554,177.39214,726.80237,207.8215
fondos_down
WhatsApp Image 2024-11-15 at 11.28.26 AM.jpeg,fondos_down,165.38962,535.1535,-55.07602,173.21892,522.9974,-83.45369,175.05197,522.89874,-83.52662,177.14523,522.7479,-83.665634,172.6464,522.4549,-44.149918,174.14978,521.94147,-44.06328,176.11586,521.2333,-43.994232,196.71597,526.8583,-157.8566,197.07721,525.31494,19.11408,172.23993,549.1984,-78.31235,170.95113,549.4844,-27.523623,223.70848,586.74493,-243.40718,236.18958,580.6615,123.59337,320.54788,618.8674,-270.6872,312.0992,612.3628,174.37431,319.82065,708.8874,-199.55174,313.41504,690.9761,119.88595,320.09604,729.9126,-233.59077,309.83694,708.0093,113.86358,302.82602,734.0384,-228.98132,300.4151,714.2833,84.68261,303.27164,724.1163,-193.85197,301.2117,706.5503,104.84208,182.83298,772.51514,-133.63487,188.5469,756.8804,133.6692,71.87931,711.15186,-50.65245,103.80467,696.2973,259.8974,91.1008,739.414,253.32108,146.10089,726.29663,343.6005,102.46642,745.96094,286.83997,157.27014,732.7387,352.8683,70.147514,741.457,346.22897,138.40295,727.17035,379.70102
fondos_down
WhatsApp Image 2024-11-15 at 11.28.29 AM (1).jpeg,fondos_down,167.74051,536.2709,-188.27478,175.09372,524.94257,-206.39334,176.93219,525.24677,-206.40996,178.98962,525.58093,-206.51007,174.46808,523.73755,-173.79593,175.9144,523.1183,-173.72214,177.5279,522.4591,-173.7177,196.56232,532.49084,-257.47617,194.95314,528.3063,-107.0761,174.10802,548.4262,-205.71118,172.31209,547.7203,-162.30016,216.5725,591.4138,-330.83682,235.06761,575.652,-12.976964,304.7859,625.2583,-371.41522,310.9399,612.4497,-13.168821,324.5499,698.6341,-345.23117,320.82623,689.25146,-86.20727,330.25153,717.56396,-383.1955,322.73215,702.3748,-88.9766,313.59088,723.61816,-378.62213,317.02744,704.32776,-120.13524,312.27884,717.8979,-342.65457,315.42752,701.53906,-102.490234,260.14975,725.0065,-115.87261,252.47064,714.77856,115.97944,250.56488,807.7223,-132.8516,228.60878,777.7338,231.83275,277.46066,720.26135,106.159904,278.04175,727.9187,375.1462,261.68997,702.55225,132.87706,273.98026,718.2162,388.00223,308.19006,693.7164,213.79578,303.06982,709.53125,448.68195
fondos_down
WhatsApp Image 2024-11-15 at 11.28.29 AM.jpeg,fondos_down,165.7518,538.0659,-75.06544,171.18272,525.7971,-100.45711,172.7999,525.6011,-100.53985,174.60435,525.3289,-100.68257,170.40108,525.5013,-64.13878,171.46594,525.0506,-64.05682,172.72862,524.4006,-64.00397,192.29704,528.0928,-163.55821,190.40497,526.30237,1.0308766,173.07965,549.2773,-94.64836,171.31552,549.46747,-47.185528,225.02054,585.1079,-250.72432,228.42223,583.2638,111.208046,314.2521,616.60004,-301.20245,304.21365,614.9615,154.92065,316.54492,707.3321,-258.54858,314.30087,690.6633,93.11503,314.38876,730.99426,-297.0082,310.57608,708.08997,86.0789,300.40762,730.5471,-291.52777,310.84705,717.83136,56.9862,301.53616,720.31946,-253.44487,310.8503,711.33966,77.90411,195.48665,755.79803,-138.06094,187.50154,744.82605,138.07893,60.954746,709.9881,-113.1506,90.77649,691.62085,223.02025,52.40811,757.96533,115.5269,137.91855,739.18097,265.7014,63.42477,767.67883,140.99596,152.99756,747.0672,270.49567,14.044476,765.20435,174.61505,123.51641,751.60254,289.00864
fondos_down
WhatsApp Image 2024-11-15 at 11.28.31 AM.jpeg,fondos_down,165.62585,532.1181,-195.91678,174.78769,521.7385,-212.89392,176.90305,522.2765,-212.91318,179.10515,522.80756,-213.0295,172.95839,520.26953,-182.14148,173.85982,519.71655,-182.11565,174.91228,519.0803,-182.05638,198.20946,530.87213,-256.37717,194.27557,525.40295,-115.74056,172.45898,546.2722,-209.12839,168.20049,545.1385,-168.60559,222.6836,584.5456,-296.3744,236.32713,575.15436,-22.636074,304.59695,630.10516,-293.14844,308.65875,613.9125,-0.882075,320.32706,702.6323,-229.20485,321.2263,682.7899,-58.499832,328.5569,720.88354,-255.69717,325.1216,693.8142,-61.659473,313.42545,725.0874,-251.18935,322.47247,691.8867,-86.7019,313.0655,720.01276,-224.93393,320.6989,690.3095,-71.10474,258.7861,720.2609,-104.86904,263.1862,707.3921,104.661156,230.63062,743.70154,-21.602081,251.79012,729.98987,331.86298,259.34836,724.6476,159.77246,267.7063,730.16187,450.41876,262.99664,720.3146,182.21797,272.45566,731.1698,465.6775,264.04446,729.4904,237.43509,259.87534,737.81885,513.6802
fondos_down
WhatsApp Image 2024-11-15 at 11.28.33 AM.jpeg,fondos_down,172.70595,532.5209,-264.48416,181.48907,522.9795,-282.04224,184.32022,523.6335,-282.0226,187.39067,524.3679,-282.13245,178.19633,520.9208,-248.22261,178.53305,520.025,-248.17085,179.07455,519.10657,-248.13075,206.78387,532.73364,-315.55865,199.83191,526.7687,-160.70934,179.74516,546.31537,-273.31946,175.54701,544.2009,-228.90002,224.07906,596.447,-364.57886,227.3488,569.17145,-40.693382,303.88803,637.7208,-407.17328,310.20255,611.43335,11.982349,320.91602,710.4695,-403.63538,358.3344,669.16077,-3.5917192,334.94043,734.8203,-446.43597,370.08798,684.3771,5.4575005,323.1337,736.9885,-442.52875,368.11258,687.2399,-23.73741,320.4621,731.88245,-401.45047,363.97238,683.7117,-15.4388075,245.99403,728.6924,-126.6096,239.98868,711.6131,126.47099,223.53311,764.4012,-172.79309,216.87213,739.3517,376.9427,270.247,709.33685,12.3719425,264.55276,722.5412,523.8328,264.71634,694.488,35.090458,264.2169,718.70276,537.2334,296.96393,697.68945,87.78725,280.00592,716.0987,586.9724
fondos_down
WhatsApp Image 2024-11-15 at 11.28.39 AM (1).jpeg,fondos_down,166.31827,531.8188,-157.83522,174.68813,523.38153,-177.71141,176.35167,523.73236,-177.76134,178.30054,524.1343,-177.86368,174.62344,522.219,-141.25333,176.296,521.7593,-141.19041,178.25829,521.3349,-141.23277,197.26485,529.9542,-237.75493,196.50781,526.5919,-72.82132,170.66528,543.99915,-179.30547,169.25253,542.8708,-131.21431,218.37859,590.84204,-301.82346,233.34787,576.4375,9.782076,300.7334,628.23724,-334.22095,309.1619,617.8823,19.850508,316.28052,703.67334,-320.01758,314.8612,690.7323,-37.341972,324.69693,717.59467,-358.44943,315.9183,703.7029,-31.031654,312.652,722.1416,-349.91245,308.51233,706.636,-65.62552,309.47354,717.42126,-316.768,310.47678,701.41797,-53.29412,307.88898,713.0582,-102.12845,290.44736,696.52924,102.51672,291.83508,832.52234,-192.63063,234.918,772.7146,143.36397,289.3652,742.29767,59.329456,276.81985,735.13495,274.391,278.84726,725.78064,87.361694,274.33878,726.2556,286.6637,294.19107,709.66504,156.46613,293.58865,719.0838,337.36185
fondos_down
WhatsApp Image 2024-11-15 at 11.32.17 AM.jpeg,fondos_down,322.7513,555.2347,-37.73974,319.2933,540.9661,-63.631252,321.4135,538.39575,-63.668613,323.82294,535.3846,-63.748394,317.16528,542.08264,-24.019485,317.5894,540.6654,-23.943178,318.34006,538.90485,-23.82225,341.97354,520.08594,-136.86568,335.3746,524.4978,44.28583,337.27902,557.4199,-60.794323,334.76535,559.1113,-8.20209,400.9768,544.48584,-219.91757,383.26923,553.80914,144.593,494.54852,588.66235,-279.9587,453.92728,592.8408,261.03915,501.78345,683.67035,-226.10439,452.32727,674.5143,307.11612,507.451,707.5759,-257.83173,450.22552,691.1242,329.8102,491.64664,709.05084,-234.7127,441.2622,694.66797,292.78018,487.1494,699.4259,-214.15714,449.16843,687.28296,293.66855,398.4837,741.4144,-142.63371,389.6882,722.82043,142.74974,236.99997,719.33563,-212.07442,243.19937,710.76965,72.15488,111.93804,792.74567,-213.39073,115.89963,782.84576,71.180664,92.25385,822.59186,-213.87503,97.99788,814.699,66.22387,49.108715,747.8447,-273.82053,54.12743,745.5872,17.12411
fondos_down
WhatsApp Image 2024-11-15 at 11.32.22 AM.jpeg,fondos_down,325.8757,554.96246,-67.015915,321.04663,541.86896,-90.84383,322.75385,539.9843,-90.87467,324.62952,537.7301,-90.9773,318.88663,542.60175,-51.47227,319.0727,541.52924,-51.434414,319.46692,540.1582,-51.350822,341.40054,520.8009,-147.96176,335.4377,524.23157,32.6407,340.4423,557.4444,-83.39336,338.00903,558.249,-31.04955,406.28094,549.04504,-218.0411,377.66537,547.9711,145.24065,495.2768,596.3616,-282.07874,435.0175,599.5431,283.50037,499.7802,685.6299,-259.1953,434.58832,670.2245,344.46716,503.8131,708.4801,-293.7765,427.81512,694.27374,365.56638,490.78915,709.6449,-278.6907,425.10287,698.5415,329.67432,487.09976,699.1938,-251.37454,431.29175,691.3433,331.6134,397.16327,741.38354,-141.6803,383.0831,719.9844,141.87611,230.09363,718.84973,-217.91243,231.78989,711.33887,50.446014,109.51045,792.7322,-213.83482,111.182755,786.14923,57.86533,95.33597,827.0959,-213.8799,98.79599,816.8956,54.17323,45.02807,755.8533,-284.3706,49.309303,755.534,-5.536268
fondos_down
WhatsApp Image 2024-11-15 at 11.33.02 AM.jpeg,fondos_down,321.1208,569.17993,-28.721914,319.55646,553.2281,-57.22723,321.55832,551.58997,-57.220932,323.9043,549.5283,-57.30272,318.0154,553.5275,-15.144234,318.8435,552.31494,-15.090731,319.92947,550.7475,-14.918103,344.54578,539.2368,-140.96313,338.87057,541.5677,51.314262,335.7649,574.09766,-56.223026,333.9318,574.76733,-0.58880913,401.3635,574.9616,-221.4015,380.4388,572.30896,148.69151,502.5197,607.246,-220.37581,443.7342,607.9513,298.51047,487.86847,689.28467,-52.84577,446.34674,674.71674,385.75098,488.27646,709.05396,-66.78443,439.1483,693.76917,418.07288,473.8296,709.1864,-41.38388,438.6053,692.6863,381.46466,472.19153,701.7813,-36.697826,439.56735,688.00653,374.15143,396.18555,770.78845,-146.85579,386.37543,746.16486,147.04424,237.47116,729.2467,-217.62267,241.93646,717.07605,109.41762,109.2771,800.9596,-200.07182,116.5293,781.6792,119.18362,87.18332,827.2626,-199.09499,96.979126,803.0768,114.74012,48.281414,755.4278,-258.15778,57.72766,747.31067,74.97213
fondos_down
WhatsApp Image 2024-11-15 at 11.33.07 AM (1).jpeg,fondos_down,330.07208,573.85144,-61.391033,327.41547,559.38245,-88.87001,329.34558,557.9585,-88.89351,331.59103,556.0681,-88.962105,325.65936,559.455,-49.621178,326.14984,558.3654,-49.58385,326.8258,557.04456,-49.465683,350.52106,544.85504,-167.20926,343.2957,548.1324,11.829675,344.56085,578.8678,-86.29099,342.48657,579.58923,-34.291733,408.84033,571.61334,-245.03204,387.5707,572.5869,115.93959,499.17914,595.4874,-296.376,448.9306,607.4648,270.277,500.8073,688.72754,-233.8758,446.03946,676.00134,358.5572,503.62775,711.26904,-263.69022,439.05994,695.7637,386.86472,486.80884,709.557,-244.22755,437.94333,700.0593,348.4729,483.47473,702.3314,-222.87503,439.16037,692.4926,345.93765,401.05093,771.38196,-136.6205,389.44867,740.1211,136.84854,247.84137,728.235,-200.06499,246.78831,712.33887,76.80405,120.158714,795.7562,-200.89362,122.829445,778.86865,77.00174,105.84475,827.28723,-201.90404,111.74911,806.8733,71.79116,57.80727,756.14136,-261.078,58.640858,747.9926,27.47156
fondos_down
WhatsApp Image 2024-11-15 at 11.33.07 AM.jpeg,fondos_down,329.6205,573.18225,17.239601,328.2731,557.3377,-11.316859,330.2201,555.6831,-11.359831,332.54532,553.66504,-11.464786,326.59985,557.8122,30.160997,327.2792,556.71136,30.23518,328.1949,555.41425,30.357841,350.78888,544.33905,-94.65471,344.06342,547.371,96.208206,342.98862,579.1999,-9.623701,341.39426,580.0066,45.58477,403.25922,569.6266,-188.95708,387.41135,577.37805,195.22458,496.58624,591.60455,-195.77441,446.72482,624.7368,343.51492,485.67862,683.9464,-32.10117,445.36993,682.2948,438.65607,486.35605,704.2626,-40.89343,432.24036,705.42065,473.5985,470.08493,704.56354,-14.736001,433.16385,704.3851,441.8207,469.16672,700.13477,-15.580492,434.04745,695.6571,428.7968,402.6225,768.98224,-154.14178,391.83667,748.8547,154.29837,248.951,727.8949,-225.91756,247.47717,715.7508,95.57012,119.18053,791.5301,-222.99516,120.97349,779.8278,97.050156,103.490265,822.3699,-222.53859,95.257256,790.7795,91.94736,54.880226,750.4204,-273.69107,57.540634,746.5032,54.345566
fondos_down
WhatsApp Image 2024-11-15 at 11.33.08 AM (1).jpeg,fondos_down,327.57437,577.874,-86.54493,323.07138,563.29535,-115.07968,324.78204,561.4086,-115.10009,326.72833,559.3193,-115.19168,321.61792,563.7644,-76.241356,322.20984,562.3955,-76.200935,323.01495,560.8054,-76.03225,344.70093,548.2102,-194.37059,339.2121,550.63464,-16.776682,342.0301,582.97314,-111.84138,340.25903,584.0551,-60.35269,403.82593,579.03314,-265.81534,388.19067,570.57947,88.624565,502.5509,602.28845,-275.55377,455.13666,605.61804,247.69997,501.81668,689.7826,-141.05264,445.7314,672.49316,353.80234,506.17593,712.0529,-160.95387,434.19797,691.2268,384.51343,489.93967,712.42505,-144.29301,434.96014,692.93646,346.50174,484.27185,704.1201,-129.55336,436.86786,688.8437,341.74533,399.91238,772.93646,-136.2196,390.24854,743.6754,136.40016,241.4731,732.1027,-187.34557,246.0564,713.1164,113.7137,112.886154,800.6771,-174.39664,121.35741,782.40735,114.00214,95.931694,828.67926,-173.64581,105.758125,808.82697,107.97668,48.09085,757.5283,-226.89697,56.634438,750.28394,67.15172
fondos_down
WhatsApp Image 2024-11-15 at 11.33.08 AM.jpeg,fondos_down,332.93192,579.5279,-60.363415,328.97653,564.20984,-88.13843,330.84674,562.52594,-88.14506,333.058,560.3374,-88.22899,327.45364,564.68555,-47.909565,328.04202,563.55524,-47.85384,328.81845,562.11316,-47.68206,352.13586,547.9088,-164.17345,345.9512,550.84174,20.141582,346.7604,583.972,-84.42684,344.466,585.2345,-31.028637,410.02594,576.4761,-241.29807,388.2413,570.89307,124.48308,511.10956,606.00684,-262.18646,453.98212,602.55255,295.1809,501.19943,691.2533,-139.12456,444.0299,675.9205,405.33496,506.52252,711.401,-158.02226,442.14062,693.8278,437.7048,490.01822,711.2728,-137.4474,442.09854,695.87775,401.12555,484.9242,703.945,-125.753235,443.2438,689.95386,394.2995,399.88943,769.89087,-141.52632,388.86633,742.63116,141.67755,245.13936,730.2343,-216.27522,244.98666,715.1525,79.663025,119.46512,795.6198,-217.81479,121.66367,780.5258,86.34265,103.31873,825.7528,-218.36595,107.222725,807.88934,81.865265,52.333504,752.64294,-277.22397,58.381134,745.3048,41.781002
fondos_down
WhatsApp Image 2024-11-15 at 11.33.11 AM.jpeg,fondos_down,327.032,579.2614,-83.28591,321.88837,567.34393,-110.17262,322.98782,566.0121,-110.175606,324.19696,564.60297,-110.249016,321.59317,567.22034,-74.01496,322.4206,565.9012,-73.977455,323.40875,564.4455,-73.83065,341.14392,552.8235,-184.48126,338.39914,554.01056,-19.81589,342.59857,583.4137,-106.47587,341.53024,583.6164,-58.690666,403.99878,579.8468,-252.32431,390.17395,564.01624,82.48182,502.85635,601.1588,-270.79773,448.00885,600.69836,249.0618,498.68918,692.1613,-178.0901,442.35828,666.91516,365.00882,502.67343,714.2738,-200.9972,437.69775,691.18066,396.27652,489.42926,712.92114,-186.36536,438.97314,691.8119,361.37912,483.26447,704.7339,-167.95197,440.6021,687.77167,354.90768,393.5573,772.0911,-129.21373,388.0313,740.0019,129.38739,239.08272,731.7261,-176.694,241.4237,717.5017,92.70932,118.40075,801.5435,-161.35353,123.54931,783.51184,96.28864,104.78754,831.2094,-160.31131,112.16863,812.5929,90.90516,53.359245,763.4366,-209.86877,59.993828,753.17334,50.183727
fondos_down
WhatsApp Image 2024-11-15 at 11.33.12 AM (1).jpeg,fondos_down,326.25726,573.0171,-143.51315,322.35986,562.1544,-171.63698,323.52246,560.76855,-171.64134,324.9134,559.4142,-171.7357,321.73428,561.9483,-134.18121,322.3819,560.44885,-134.16539,323.28763,558.86957,-134.02429,340.48117,548.3654,-246.29668,337.54382,548.20184,-75.56843,340.70328,575.55853,-166.3519,339.04825,575.9985,-116.80524,397.0455,577.0603,-311.6015,379.43082,558.3291,41.27431,493.74902,600.1262,-322.1005,437.58252,596.1349,224.70448,495.0169,689.6119,-206.66019,439.2149,670.41284,363.14725,500.91364,711.2286,-228.36989,438.31412,690.06195,400.0647,488.18585,711.7279,-213.58258,437.64404,691.23865,363.8094,481.88434,703.0834,-196.07832,439.2281,686.9147,353.37512,395.53726,767.8402,-132.42477,385.2033,737.0554,132.62172,242.05267,733.49316,-189.4574,240.75452,717.9717,66.939835,115.57049,804.43555,-176.2787,120.66016,786.8006,72.45833,102.03679,834.24365,-176.17651,106.75864,813.907,67.166336,48.65866,764.5014,-236.03142,55.2184,755.29724,22.887981
fondos_down
WhatsApp Image 2024-11-15 at 11.33.12 AM.jpeg,fondos_down,331.2583,580.4551,-149.46255,325.94214,569.7777,-177.93861,326.93448,568.26935,-177.96193,328.0023,566.7126,-178.07037,325.37335,569.7894,-139.17572,325.96606,568.3137,-139.14435,326.76505,566.75464,-139.0136,343.27524,554.03894,-251.9093,341.18124,555.0146,-75.07503,345.75748,583.96655,-171.33946,344.83545,584.45215,-120.013115,403.5164,578.7136,-321.94385,384.50085,562.43274,52.51848,500.79395,602.65814,-364.11188,444.23492,598.6494,239.32085,497.44962,695.7943,-289.27484,436.31485,663.8555,373.89642,500.35507,718.84314,-317.3782,431.8169,687.2965,408.9928,486.34677,718.38245,-301.97083,429.77628,691.6194,372.74002,480.61258,709.39,-279.1395,432.0515,684.943,363.46112,395.0584,768.80194,-137.5891,383.12643,737.7229,137.84172,242.47672,731.9666,-215.58838,242.70297,717.5595,28.173605,114.95838,801.2729,-222.4781,118.564926,786.8826,15.547936,96.70861,837.4917,-224.35693,105.13852,816.09546,8.544059,55.12828,758.3066,-295.81537,56.222683,751.73224,-51.507732
fondos_down
WhatsApp Image 2024-11-15 at 11.33.13 AM.jpeg,fondos_down,324.09543,572.5291,-133.8691,319.3846,562.1472,-160.9772,320.3608,560.79175,-160.9981,321.48804,559.4132,-161.12105,318.91568,562.04266,-122.23066,319.52963,560.61224,-122.209435,320.3608,559.0339,-122.10091,337.71033,547.2261,-233.56567,335.51678,547.0614,-57.0089,339.07086,575.45447,-155.68637,337.91043,575.87775,-104.51136,398.42932,576.0419,-311.06714,378.12122,557.2218,66.78294,496.64056,595.4617,-346.39288,436.88382,597.4512,244.74179,492.94104,688.0448,-251.77594,431.20612,664.6658,375.075,497.1432,710.70825,-276.58063,421.1607,688.2574,407.73105,484.3679,711.0846,-263.41757,420.31332,691.7379,372.3182,478.25125,701.6155,-241.8005,432.32245,684.14,364.5386,394.70898,763.49414,-139.62761,382.70862,735.58154,139.89748,236.3548,732.0886,-226.90265,237.5187,719.1025,16.867897,110.75959,803.7546,-238.31927,113.57022,791.31354,5.2773957,94.701675,840.2829,-240.51962,100.36884,820.45374,-1.2430276,49.059578,765.04736,-313.76938,53.883648,760.66125,-61.881905
fondos_down
WhatsApp Image 2024-11-15 at 11.33.14 AM (1).jpeg,fondos_down,332.74527,563.0681,-94.19271,328.33054,551.1862,-120.470215,329.7806,549.8806,-120.53127,331.28867,548.46594,-120.64774,326.96136,550.74896,-81.98985,327.44235,549.2012,-81.959435,328.1045,547.53235,-81.90085,345.15048,536.3943,-190.20653,340.87357,537.18896,-14.570839,346.6862,566.06506,-115.20427,344.3759,565.7388,-64.259,399.58133,565.61035,-272.01245,383.93604,551.1268,99.745674,497.39227,589.1002,-343.75247,451.25146,594.9643,227.5922,500.2382,687.3675,-308.55457,443.6557,667.5698,298.32843,505.57452,712.6532,-343.81577,435.9926,689.06494,322.06476,492.54413,715.5491,-327.8575,435.19614,696.4496,285.06183,487.02127,702.9322,-300.21094,439.33566,682.3933,284.94083,398.69006,753.52515,-142.59705,387.29825,726.74567,142.75584,235.36865,725.9189,-220.09795,239.99892,709.344,42.473717,116.0082,795.1118,-226.80794,119.8752,781.03546,35.775776,102.76912,831.34875,-228.78801,109.24837,810.8957,29.441809,52.289856,759.6437,-303.6282,57.98275,752.8925,-31.884626
fondos_down
IMG-20241114-WA0010.jpg,fondos_up,382.10577,488.6996,-528.24744,386.3032,480.95355,-522.5223,388.97327,479.7368,-522.5236,391.7003,478.2209,-522.66895,378.48495,480.45416,-525.73737,375.39154,479.20142,-525.93915,372.09814,477.76538,-525.9488,394.4577,470.26752,-393.52374,363.31754,471.4838,-409.39133,384.7379,491.84302,-471.16907,375.34085,490.71915,-476.1504,424.6165,492.53302,-222.313,322.91266,486.143,-241.37308,432.34763,536.5338,-73.42928,299.14325,522.9253,-74.51671,442.85236,582.4843,-37.927113,291.68085,574.3645,7.303695,447.92444,591.9013,-35.650505,284.13617,588.299,14.205766,443.7683,590.13574,-73.43729,292.30792,586.8194,-24.140755,440.6177,587.63513,-49.79124,298.03104,583.449,-2.5242531,392.4517,627.0379,2.6452599,331.23676,625.05524,-2.41728,402.33246,701.94366,-330.81445,320.5073,686.3047,-438.33228,397.04932,790.1679,-479.84027,295.2047,784.8895,-704.0558,385.9889,812.42664,-504.20224,297.96112,809.6588,-739.368,408.7275,797.63086,-638.4925,271.75647,772.4114,-875.2216
fondos_up
IMG-20241114-WA0011.jpg,fondos_up,396.22235,404.35916,-141.84529,394.09027,395.46228,-120.61229,395.0016,395.45355,-120.71326,395.76843,395.53583,-120.78118,387.67667,396.12305,-131.69505,384.21045,396.60046,-131.70541,380.293,397.2034,-131.75208,390.05966,400.18164,-2.6415036,367.39044,402.90967,-55.123478,397.06195,413.97632,-95.773636,389.31656,414.20496,-111.31813,420.94864,449.26468,79.0305,331.1577,450.25803,4.35961,429.8365,518.90735,131.70654,309.068,514.13654,24.463621,442.4057,577.0683,14.909434,295.18076,573.5431,-50.020542,450.42075,592.65106,-10.468893,284.96262,587.916,-72.62692,444.56882,591.2409,-46.636993,292.7997,588.80963,-104.2976,440.18964,586.91235,-1.6643387,297.75232,584.36066,-62.57716,401.42123,584.4148,16.951817,341.51617,584.4193,-16.814856,403.86798,664.7437,-350.3383,330.10126,679.8486,-247.43932,419.95935,782.16626,-512.9088,310.34344,777.6256,-398.86786,412.8737,806.6011,-536.4313,311.72748,799.0962,-422.8699,442.6947,798.34814,-697.16016,300.05313,790.5325,-576.5296
fondos_up
IMG-20241114-WA0012.jpg,fondos_up,375.28052,439.30884,-531.90234,380.2928,429.1,-520.00525,383.83188,428.3296,-520.0611,387.45306,427.3208,-520.18286,370.7033,429.101,-519.3976,367.39108,428.37897,-519.5127,364.1336,427.6274,-519.5697,394.51114,423.7663,-370.01242,359.2719,423.7566,-367.47183,381.46906,445.3413,-467.30054,371.36618,445.21976,-466.6621,421.6255,449.53476,-201.24857,331.8927,448.6946,-216.19873,432.97333,512.2771,-149.50433,312.08264,511.26926,-174.3185,442.6113,573.921,-285.26315,299.42453,571.7404,-297.96475,449.19205,590.551,-325.45453,293.99054,588.06616,-331.35376,443.82126,589.10187,-362.00165,299.1177,586.96954,-375.0475,439.3134,584.28326,-302.32022,303.47025,582.8092,-316.27606,400.00067,587.237,6.89225,342.9095,587.21136,-6.725604,405.12842,675.7266,-359.02454,329.06946,680.2017,-255.81702,403.90894,783.86145,-448.9042,318.27853,780.5842,-284.38446,406.45908,810.417,-466.48016,324.21274,804.8083,-296.1675,438.59003,804.7336,-649.1162,299.30075,801.8912,-461.17078
fondos_up
IMG-20241114-WA0013.jpg,fondos_up,148.77373,261.30615,-163.68764,150.50746,249.39377,-152.92546,152.87756,249.73056,-152.91217,154.77454,250.00388,-152.93472,140.46764,248.9548,-169.54678,135.6372,249.03441,-169.43883,130.35297,249.09854,-169.42062,149.44913,256.31824,-67.757645,115.68241,256.64896,-146.27072,151.81332,274.3209,-128.93121,139.91205,273.7354,-151.26862,174.27682,328.63757,-0.1380018,79.74051,322.66718,-145.11409,203.47774,387.90527,98.17868,66.633644,398.03116,-148.57204,225.64282,444.82782,67.380714,95.21674,463.79962,-166.47328,228.71814,458.80627,53.567753,97.726906,487.02805,-187.13904,222.93271,457.7209,28.10928,108.57054,482.9879,-196.1416,217.5962,454.77234,54.38152,110.61448,477.2897,-170.38701,175.1274,484.12982,36.265892,123.14842,493.5295,-36.169815,197.61441,572.953,76.94699,131.68816,583.03577,54.82444,215.38481,693.80347,168.2704,131.21277,663.20184,241.52509,199.97096,682.64624,174.24217,130.77806,677.84106,258.9523,234.96625,743.9313,87.94753,152.85948,722.3772,183.03075
fondos_up
IMG-20241114-WA0028.jpg,fondos_up,465.18265,718.91656,8.4558325,469.51468,707.41284,31.965792,473.84384,706.8645,31.85006,477.5071,706.41754,31.719925,456.58112,708.63293,29.742004,452.06564,709.13324,29.720388,448.04794,709.74756,29.688387,482.8286,708.468,155.71474,440.94855,713.1218,145.39117,473.36853,729.11145,56.535965,457.29788,730.99915,52.791355,516.7277,755.2469,231.87746,413.55627,758.76074,195.71588,529.31464,831.73895,271.3968,407.87766,829.3606,227.03386,522.7138,887.58826,204.91742,409.666,890.80066,170.86787,524.2912,904.9061,187.56456,406.73065,908.2422,156.03967,521.8135,898.7261,163.91406,412.10944,908.2653,130.08376,520.39685,896.0678,192.72937,415.73172,902.93604,160.52486,508.2263,881.9557,6.2041025,445.72925,888.34564,-5.890398,516.6669,967.17474,-314.38986,455.74744,969.5336,-272.11795,545.10583,1104.996,-491.71036,453.57922,1101.36,-392.0901,547.50073,1139.0101,-520.0685,452.70187,1120.4066,-412.47745,554.52094,1122.6866,-696.5975,459.08685,1138.9391,-576.20166
fondos_up
IMG-20241114-WA0029.jpg,fondos_up,454.1802,693.08704,-87.18893,459.36487,680.968,-70.54165,463.88028,680.34204,-70.59163,467.39062,679.80225,-70.72048,445.67572,682.36,-71.22528,441.37036,682.5438,-71.25579,437.58527,682.7609,-71.33,474.33853,680.5719,46.078896,431.59888,685.25446,42.721554,463.39374,702.66675,-39.340015,447.04932,704.51465,-41.097015,509.48044,725.746,154.81172,403.2467,725.4135,121.501,514.8149,797.9434,259.26358,396.93985,792.9101,204.71301,508.2205,848.10046,253.35245,396.3943,855.0772,181.77277,510.82187,861.2756,247.24286,389.82336,872.9108,171.98341,507.43237,859.41174,219.12897,396.47485,873.062,138.82529,505.4255,853.2492,241.62323,401.11475,867.47034,170.09297,496.74347,851.10913,5.649939,434.1391,855.4003,-5.3580627,507.82104,934.35156,-269.4232,447.8676,934.2087,-289.60098,533.26544,1068.5406,-379.45016,444.4018,1063.7037,-365.5497,527.5984,1098.6647,-401.28354,447.07773,1093.0809,-381.72205,546.7545,1114.3549,-576.5365,450.57837,1108.5833,-554.60254
fondos_up
IMG-20241114-WA0030.jpg,fondos_up,543.14343,761.1331,43.071934,547.5187,750.1936,63.01376,551.9108,749.5608,62.934746,556.3676,748.7733,62.820377,535.90234,750.8786,62.347496,531.9899,750.9089,62.341373,527.68066,750.9555,62.26101,563.5785,749.5367,174.36171,519.2349,754.06213,170.408,550.6035,770.87494,86.90301,537.2574,771.27686,85.12616,597.35443,791.5558,243.77087,492.32547,798.16046,217.87448,613.30084,865.8658,276.18695,485.9557,867.1332,268.2328,610.3347,924.816,196.25507,483.9426,935.5826,224.03717,615.2185,939.4671,177.03929,478.01807,954.50195,210.92561,612.7381,937.14105,152.2449,483.5555,954.52295,181.77467,608.3129,934.3592,182.76239,488.38348,948.5604,212.63225,595.4178,922.2864,2.9158096,531.49854,930.99243,-2.623742,613.1115,1018.5009,-270.52087,546.9595,1019.33813,-285.93207,646.2299,1159.0798,-391.9563,550.2657,1156.1215,-369.61987,641.43414,1187.8192,-413.22968,555.56995,1186.2352,-384.76163,649.1595,1180.9443,-575.5804,560.6842,1200.0873,-540.8696
fondos_up
IMG-20241114-WA0033.jpg,fondos_up,461.14185,716.86,24.620697,464.859,706.1046,48.255783,468.42365,705.6653,48.146976,472.66077,705.25085,48.036728,453.10995,706.75134,47.3507,448.8051,706.81006,47.33252,444.8586,706.99927,47.263367,478.8447,707.4629,169.20906,436.66617,710.3256,165.38661,468.0432,727.53656,71.21689,453.49298,727.9733,69.32236,513.37,753.924,247.5485,410.62054,755.08966,213.98163,524.55774,828.443,290.96564,402.94058,824.7171,260.42575,519.9945,885.02185,226.48349,397.71323,886.14526,213.5084,522.39154,903.27356,212.02603,394.5198,903.2166,200.71584,519.2232,900.64685,186.40338,397.87048,902.8014,172.21011,517.0189,893.5369,213.45035,401.331,897.57153,202.54723,502.77396,879.6628,4.6645274,440.98444,883.38983,-4.3837724,513.07574,966.2542,-295.21576,449.9579,967.4366,-275.5298,540.7405,1101.5847,-472.81808,450.57193,1098.08,-407.83362,542.16003,1134.4587,-501.98068,451.42783,1120.3293,-429.92484,562.7436,1140.384,-679.12463,460.73743,1136.6326,-597.2777
fondos_up
IMG-20241114-WA0078.jpg,fondos_up,275.5751,352.25378,-408.6802,283.2056,341.16943,-408.47974,287.83395,341.07172,-408.59134,292.74707,340.8905,-408.80435,275.32724,341.56876,-377.94437,273.80438,341.781,-377.93234,272.32257,341.91208,-377.93103,309.1437,347.3622,-348.6567,283.71048,345.89932,-210.66844,285.40878,364.61792,-382.11307,276.49176,364.3428,-341.786,326.43875,414.4722,-351.54877,299.36224,410.66284,18.999237,353.9046,507.0929,-377.14832,311.27133,496.19318,155.19948,382.74738,592.3198,-448.551,334.89023,549.67004,107.39979,394.50827,612.0801,-502.34686,343.5092,568.44354,120.04256,387.16095,612.2185,-505.6633,336.03186,562.93506,76.64671,379.97195,604.6129,-450.69046,334.14395,557.3751,90.60586,288.08215,583.698,-134.1337,276.11597,568.77234,134.41962,172.18137,649.4898,-165.36156,173.258,636.216,139.31445,50.39596,723.00226,-28.060585,58.657143,714.9317,276.66528,37.37197,735.82434,-20.01459,42.534386,727.93066,285.75964,-11.105568,695.24304,-133.17995,-3.9504004,696.43225,195.62326
fondos_up
IMG-20241114-WA0112.jpg,fondos_up,249.04573,409.28256,-21.544558,250.79886,396.45004,-41.155884,252.58478,395.4895,-41.23178,254.33122,394.5839,-41.344654,250.90814,396.41107,-3.5608072,252.72992,395.42148,-3.5179813,254.47229,394.38644,-3.5657268,272.4332,390.8513,-99.676155,271.3592,390.01428,70.49699,260.4137,417.31006,-40.34889,260.1247,417.6537,9.244255,308.52896,434.3117,-203.18465,300.95096,439.8006,175.31503,367.7136,495.7657,-275.85486,352.01248,506.6776,197.92123,389.60733,590.6216,-293.0888,364.42224,583.6454,145.5413,400.9656,611.5496,-327.59296,369.6541,602.3974,165.16896,383.41946,612.0141,-305.48972,361.10974,605.0214,133.39603,379.76364,603.9168,-283.67764,360.18796,601.2882,131.29947,310.58823,597.7904,-133.60663,304.76755,590.56104,133.65012,176.65717,658.9526,-181.10254,175.14471,639.5518,98.96075,70.826965,716.5923,-155.3262,67.67988,704.52234,150.89343,63.10914,739.08984,-154.46445,57.78068,724.71423,153.10075,12.69026,696.4365,-234.73926,15.725834,695.8678,101.30068
fondos_up
IMG-20241114-WA0116.jpg,fondos_up,267.3044,351.02493,-208.32802,274.89844,340.148,-234.36975,276.96515,340.0573,-234.437,279.121,340.00635,-234.57849,273.57877,339.66333,-188.85286,274.60345,339.23035,-188.78084,275.7858,338.73346,-188.83736,296.7289,346.8715,-301.75842,291.60834,345.0685,-99.10634,274.01282,361.9493,-230.33243,271.94534,361.38916,-171.05464,327.62708,415.84033,-377.4972,304.61673,407.50812,46.821075,354.20358,503.40958,-437.90704,320.2799,492.4844,129.29515,383.62253,594.13904,-476.01318,354.8914,566.4363,111.03774,397.23996,613.78766,-525.4222,364.35446,585.3169,132.1788,388.69638,612.9591,-515.5262,349.43567,577.5117,94.24287,381.19443,605.714,-472.0592,348.81918,576.0083,95.66532,290.48846,582.0747,-138.0094,273.51587,563.7489,138.19595,169.42767,658.6231,-116.16178,173.77802,637.4659,175.94064,55.509754,724.27466,3.4978645,50.669697,701.9758,319.73022,42.33189,738.0969,10.425805,39.234386,722.5455,330.51218,-10.909295,703.31604,-88.482666,-5.6643963,691.36096,266.19073
fondos_up
IMG-20241114-WA0117.jpg,fondos_up,274.6062,348.51984,-401.67612,282.34033,337.11328,-401.93927,286.91068,336.84534,-402.04944,291.82068,336.648,-402.2536,274.58282,337.93503,-369.8092,272.88937,338.22296,-369.7888,271.17944,338.53064,-369.79294,308.17084,342.99402,-347.86343,283.19034,343.26147,-202.3453,284.88348,360.78436,-377.55005,275.3972,360.83493,-334.96765,327.30063,410.40344,-357.03986,299.75558,409.0399,24.265617,355.4023,502.54276,-387.94162,313.90894,496.52115,146.12602,382.0649,592.45,-457.72064,338.21387,556.73206,88.15931,393.53003,612.6336,-511.9066,345.73257,577.32153,99.35991,383.37027,612.14606,-512.5801,338.01297,572.15906,56.083195,377.3507,605.07086,-458.54645,334.83615,566.3102,71.164444,288.80484,582.8374,-133.8209,274.29517,568.9235,134.1068,169.52141,652.8406,-197.18431,171.52916,631.69196,94.422966,53.74265,718.2429,-78.84001,58.722095,701.53375,226.13599,44.79564,733.62195,-73.05205,46.652992,725.0499,235.04712,-11.785477,690.57404,-188.75246,3.52556,690.60254,149.41412
fondos_up
IMG-20241114-WA0155.jpg,fondos_up,372.2313,353.06168,-172.59569,378.64767,336.77243,-202.75417,381.6733,335.97876,-202.7613,384.88635,335.05457,-202.82353,375.3665,337.0074,-157.61613,375.95184,336.41626,-157.59732,376.78815,335.66095,-157.62949,407.58832,335.91272,-284.08557,398.78534,335.3698,-82.52557,383.936,364.33838,-197.51796,380.17087,364.79617,-138.85654,444.88315,405.52625,-360.2084,426.1542,400.0445,62.42951,493.6073,504.641,-414.32504,455.9758,499.7287,169.88074,513.6277,605.23346,-421.14777,451.66327,572.2733,157.03835,526.40576,626.6318,-461.60318,464.9186,585.76746,183.8001,511.78714,628.51196,-443.60043,451.3317,590.3042,140.21255,503.76065,621.8165,-412.29745,450.52936,584.74176,140.33084,388.6345,596.02747,-137.00658,376.90338,578.0858,137.07045,219.81635,657.695,-123.97301,234.15901,640.8572,203.35356,102.90956,722.45886,-34.57981,114.51193,707.121,290.3291,95.401,753.6429,-29.31139,103.25215,736.257,296.19247,36.335007,713.48157,-110.270744,41.926617,686.4463,246.28322
fondos_up
IMG-20241114-WA0156.jpg,fondos_up,371.33676,354.76447,-181.62827,377.39972,338.49164,-209.22726,380.2314,337.91266,-209.22829,383.18454,337.17444,-209.27686,374.32013,338.42218,-168.06383,375.00714,337.83096,-168.09969,375.8853,337.0664,-168.16498,405.50366,338.27692,-278.27115,397.7779,336.80334,-94.53581,383.0446,366.7071,-201.90088,379.35422,366.53745,-148.41797,442.70795,411.22308,-340.66663,420.79547,398.60077,47.75469,493.1862,504.83972,-396.87912,414.3311,483.64594,188.62637,511.54373,598.38196,-415.90634,390.5017,554.1144,226.13815,527.11896,618.8945,-451.90283,387.16632,569.2829,256.76352,514.6547,621.54877,-440.18896,379.686,572.8738,211.79433,502.4897,612.8504,-410.66315,382.1773,569.4906,208.87604,389.18176,593.3351,-123.5398,381.03207,576.7727,123.665405,224.11989,652.92017,-150.95618,246.37914,640.7861,141.29475,102.842545,715.78516,-94.30269,109.46983,702.69415,188.5379,108.31622,756.55426,-92.0767,107.583984,743.08484,190.29631,40.324116,711.42206,-181.63724,46.53547,690.53455,128.70961
fondos_up
IMG-20241114-WA0157.jpg,fondos_up,368.9416,358.93622,-123.2262,374.13916,343.31323,-151.86674,376.6541,342.36212,-151.93211,379.36267,341.21384,-152.04181,371.75455,343.23044,-104.44385,372.70355,342.3404,-104.37074,373.92804,341.26117,-104.38053,400.78842,340.19965,-236.4149,394.38742,340.3128,-24.571829,379.729,370.18124,-150.95984,376.7006,370.1909,-89.17295,440.3536,411.36383,-325.0583,426.91046,409.44336,107.01511,491.03867,508.40448,-395.05338,467.95575,505.2752,168.88963,518.70264,613.1197,-434.6124,484.065,589.1084,132.09898,535.58575,634.5446,-480.8521,494.2086,612.1781,156.2871,523.7367,638.08997,-462.722,481.40924,616.8311,115.78423,513.56775,630.52014,-426.9824,471.41443,602.8632,115.44307,380.0979,604.7537,-142.73645,376.4833,587.9292,142.91965,219.17007,663.17017,-118.230286,239.78014,651.5863,204.887,97.22106,728.5383,-28.952862,112.873146,720.5425,299.66522,84.26578,761.7035,-24.522593,101.18105,745.50854,305.48624,26.141926,715.5279,-110.700745,46.82152,699.8438,246.93387
fondos_up
IMG-20241114-WA0158 - Copy.jpg,fondos_up,372.33408,367.6527,-206.46167,379.22797,351.47455,-239.80408,382.45996,350.7746,-239.85716,385.8894,349.9661,-239.96011,375.68964,351.01117,-193.44594,376.38165,350.26123,-193.41847,377.31644,349.43604,-193.4463,408.02228,349.2458,-316.11304,396.8415,348.32336,-108.05328,384.1548,379.43738,-226.91315,380.48788,378.8725,-166.50581,443.02393,415.83734,-382.35855,433.93185,408.09137,46.95615,494.20642,511.53165,-453.47287,475.8304,498.84732,168.58282,517.6686,613.99805,-487.79025,478.8007,587.7023,148.22333,527.9153,633.53906,-543.5261,476.45404,597.8682,163.91417,515.89075,634.3828,-527.2022,468.84363,603.1253,118.224915,508.46542,627.36945,-481.0492,469.41678,599.6337,130.24109,370.58688,613.11163,-141.68257,375.57178,595.7035,141.80933,221.76923,662.97534,-3.682832,241.78015,651.92883,330.24112,99.55633,733.8337,170.75114,128.40541,722.38745,533.22314,81.966484,759.5477,184.84654,108.1295,747.29834,551.10834,36.9408,718.7612,108.926056,60.426094,694.1161,501.12997
fondos_up
IMG-20241114-WA0158.jpg,fondos_up,372.33408,367.6527,-206.46167,379.22797,351.47455,-239.80408,382.45996,350.7746,-239.85716,385.8894,349.9661,-239.96011,375.68964,351.01117,-193.44594,376.38165,350.26123,-193.41847,377.31644,349.43604,-193.4463,408.02228,349.2458,-316.11304,396.8415,348.32336,-108.05328,384.1548,379.43738,-226.91315,380.48788,378.8725,-166.50581,443.02393,415.83734,-382.35855,433.93185,408.09137,46.95615,494.20642,511.53165,-453.47287,475.8304,498.84732,168.58282,517.6686,613.99805,-487.79025,478.8007,587.7023,148.22333,527.9153,633.53906,-543.5261,476.45404,597.8682,163.91417,515.89075,634.3828,-527.2022,468.84363,603.1253,118.224915,508.46542,627.36945,-481.0492,469.41678,599.6337,130.24109,370.58688,613.11163,-141.68257,375.57178,595.7035,141.80933,221.76923,662.97534,-3.682832,241.78015,651.92883,330.24112,99.55633,733.8337,170.75114,128.40541,722.38745,533.22314,81.966484,759.5477,184.84654,108.1295,747.29834,551.10834,36.9408,718.7612,108.926056,60.426094,694.1161,501.12997
fondos_up
IMG-20241114-WA0159.jpg,fondos_up,372.07828,370.75476,-143.27011,377.48587,354.48438,-176.05847,380.32037,353.87177,-176.13487,383.25983,353.09717,-176.23828,374.63208,354.4303,-126.77988,375.31903,353.8356,-126.714905,376.26135,353.06262,-126.74563,405.18222,352.8518,-263.12296,397.58582,352.44617,-42.36022,383.30325,382.94543,-169.83018,380.13278,383.1104,-105.607086,442.83112,418.40958,-349.66605,434.37372,413.7699,103.74349,495.43848,513.392,-427.63513,477.976,501.74557,186.98914,522.68726,613.9987,-463.1327,484.47144,587.371,139.61026,533.35236,634.63043,-515.8469,493.3703,611.5653,156.8717,523.2564,636.13086,-498.68677,479.75153,602.8901,114.04827,517.93866,629.7225,-455.94617,474.90494,600.69934,121.55231,377.64786,616.0745,-150.03726,378.58017,598.9067,150.21825,221.84604,672.2497,-49.300564,246.21155,663.751,280.8156,104.66681,743.0462,98.10709,123.73865,737.9851,433.18353,86.149124,769.22205,108.41165,109.93216,758.7452,444.72296,35.1125,717.9227,31.049963,59.586197,708.44617,388.81335
fondos_up
IMG-20241114-WA0203.jpg,fondos_up,582.1063,1213.2538,-1058.1752,569.5921,1231.1992,-1072.1665,569.17786,1233.3607,-1072.0312,566.0594,1245.0701,-1072.3936,597.9208,1223.854,-1085.1437,605.49866,1221.2738,-1085.3967,613.02997,1218.7311,-1085.459,575.50446,1261.3854,-928.5296,638.7749,1223.4521,-991.5044,575.5274,1220.9048,-980.5814,600.69836,1204.1296,-999.71936,564.87823,1266.5227,-654.0855,693.5456,1175.7423,-722.07806,530.3097,1235.9839,-297.36148,705.4928,1094.2059,-355.90103,554.0224,1221.8726,-24.93153,676.6058,1091.2792,-14.980097,555.00305,1217.477,15.714662,668.95154,1086.0449,37.412354,559.42303,1219.1483,-1.93962,670.30347,1091.839,11.879723,562.6788,1219.0703,-19.678911,670.956,1096.5261,-9.350351,502.00772,1110.1577,15.350916,579.88184,1049.4546,-14.986793,398.96027,979.7175,87.061104,501.79437,892.5314,90.18175,375.79065,960.3475,668.67645,533.8476,903.3147,671.34814,377.78308,965.4712,734.4922,543.26056,921.4694,743.2201,351.94086,918.4977,750.4104,509.10333,860.18085,781.61194
fondos_up
IMG-20241114-WA0244.jpg,fondos_up,404.65088,838.8879,105.347595,413.29025,820.16876,83.03214,416.59946,819.19196,82.93915,419.86548,818.29034,82.823326,409.62946,821.5414,128.6332,410.40918,821.5064,128.60191,411.24115,821.35913,128.40369,438.70825,823.90155,18.58445,428.70023,826.38654,222.9675,417.46237,853.7496,84.98492,413.1221,855.0617,144.20135,462.14224,895.2583,-117.607414,458.87015,911.9231,338.5611,515.98615,1016.1807,-262.5186,448.8366,1034.5117,364.44528,516.8226,1111.225,-348.16763,421.642,1109.7906,279.12436,529.3448,1133.9933,-393.59476,417.75546,1131.8256,291.0152,518.1058,1132.8943,-375.53516,410.55624,1129.5205,248.08961,511.53903,1126.7737,-343.4199,412.47174,1122.5994,258.17755,457.1294,1144.621,-160.03464,451.44806,1143.5577,160.17441,280.52234,1158.3126,-208.84982,307.79678,1154.6469,98.51541,176.17299,1275.4277,-220.46532,275.7727,1257.0415,77.95798,174.71584,1310.237,-221.45836,280.23395,1280.176,76.13756,112.89317,1258.9043,-301.8386,234.47005,1262.7021,20.734499
fondos_up
IMG-20241114-WA0245.jpg,fondos_up,382.7418,862.0611,50.288815,390.25223,842.1236,11.205228,393.57855,840.8552,11.127754,397.0911,839.6274,11.099832,388.15695,843.22205,71.696945,389.84915,842.63666,71.66361,391.7647,841.9568,71.49979,420.38617,842.95166,-97.02816,414.99045,844.99133,176.28912,397.7551,874.6398,16.362814,394.87732,875.91095,95.7261,451.43008,913.9177,-269.1224,464.17874,928.1146,348.41577,392.41382,1027.6506,-349.816,457.43845,1051.0258,387.61417,308.14423,1093.1503,-246.90213,412.78046,1135.205,249.29802,291.26392,1112.3969,-291.6793,403.93594,1158.4576,255.33972,289.1838,1101.9843,-264.5446,398.74664,1155.3331,201.37262,297.05652,1097.9786,-233.42456,401.92963,1147.0344,222.37411,490.2848,1175.2286,-202.03838,487.63834,1172.0001,202.26161,288.56137,1200.9668,-221.57625,311.3966,1190.0771,226.77547,127.02416,1315.2018,-128.19156,197.78656,1300.1709,278.17776,115.605965,1352.2001,-119.92289,191.03577,1329.6381,279.95615,47.820747,1279.5459,-207.96829,133.51382,1285.7446,219.29597
fondos_up
IMG-20241114-WA0246.jpg,fondos_up,375.91693,870.9376,-10.891132,381.28033,850.87024,-48.868088,384.28387,849.6809,-48.950104,387.3328,848.5428,-49.057472,378.9535,851.7475,12.431891,380.36148,851.111,12.530693,381.90732,850.3403,12.3683405,413.63437,848.8699,-157.44945,407.98972,849.1233,116.772194,391.9837,882.5489,-47.121914,388.75128,883.52954,32.853992,455.89316,916.5804,-313.77585,461.3702,924.99817,278.4424,508.74042,1029.9453,-391.72986,460.08374,1041.1305,316.4088,500.72598,1141.1105,-338.47794,433.0518,1143.4913,204.76178,510.60306,1169.3972,-390.83264,422.25565,1173.2416,208.13747,494.77997,1171.378,-378.3384,421.3842,1175.0896,157.42651,511.35233,1171.6998,-332.50357,427.48642,1164.8175,177.78009,507.1894,1155.978,-186.13298,484.52478,1150.5864,186.4734,353.98215,1218.2795,-235.70374,353.74542,1200.0502,139.62735,267.16946,1355.8344,-131.2467,318.31277,1325.3254,230.9027,271.51913,1390.537,-123.24435,326.94696,1351.5486,236.97554,192.86505,1354.6584,-200.3616,251.05228,1344.5907,192.22186
fondos_up
IMG-20241114-WA0247.jpg,fondos_up,376.4621,866.5507,124.0206,382.42355,847.7802,92.509445,385.29974,846.3591,92.470024,388.2932,844.97235,92.42063,380.526,848.83765,146.0348,381.96533,848.1434,146.00006,383.65503,847.3219,145.79572,413.69305,845.6775,-5.7982984,407.04547,847.70715,234.79399,390.61804,878.23926,92.17364,388.1723,879.2037,162.14383,457.86917,908.82947,-170.9024,458.69717,929.90906,374.73438,457.8463,1020.07806,-263.7135,474.6926,1049.6278,398.3042,402.73627,1120.8304,-248.14816,440.94464,1141.7957,289.63623,398.02734,1147.1816,-296.73453,435.44498,1166.5533,297.73865,384.59882,1144.4497,-268.3907,429.9036,1165.3828,249.06306,386.55203,1137.1389,-235.13235,432.27676,1156.1512,265.77643,475.11707,1148.2864,-183.54405,479.1752,1155.0535,183.6133,277.83844,1150.1464,-198.17303,317.35532,1189.5383,210.69554,130.43425,1274.4004,-126.64448,243.74088,1280.3722,303.85742,125.17301,1314.9849,-119.48655,244.92377,1304.6128,312.69476,39.002323,1246.8307,-191.56044,179.26689,1273.4167,274.81094
fondos_up
IMG-20241114-WA0296.jpg,fondos_up,378.20456,869.5923,69.06111,384.13004,849.4164,39.74192,388.0351,847.8536,39.685585,392.059,846.25415,39.638832,379.97263,851.14795,89.68146,380.8482,850.8601,89.70954,381.95032,850.3915,89.58855,417.379,846.7331,-40.74506,405.65106,849.8994,183.56364,395.86673,881.68805,42.38401,389.69485,882.73334,107.57602,457.0369,913.984,-200.14043,453.23355,926.62604,311.86203,384.8822,1039.2484,-278.0245,452.91498,1052.4482,318.39017,262.14105,1106.847,-193.54672,405.07132,1142.6963,186.71335,237.19002,1126.854,-228.4419,396.33435,1167.6072,179.15309,230.19687,1115.0068,-200.19054,391.09235,1163.9843,135.15538,240.73778,1109.3195,-178.90332,394.0736,1155.0173,162.99051,434.81357,1159.4603,-174.85333,433.84372,1158.1768,174.76634,212.30774,1132.5914,-215.52013,230.69284,1148.0286,148.58308,100.62819,1275.2285,-135.20984,146.3957,1260.2593,147.5451,107.34569,1313.0319,-123.75338,150.83937,1286.6455,145.52237,7.1388245,1261.6774,-166.19589,77.13833,1259.2976,100.64206
fondos_up
IMG-20241114-WA0297.jpg,fondos_up,376.0663,851.729,114.4288,386.0575,834.2173,83.455635,389.66663,833.24414,83.36303,393.42914,832.2796,83.29438,382.2291,835.35126,136.0603,383.13098,835.153,136.03938,384.20328,834.8274,135.84373,417.4913,838.6755,-2.6866682,405.53323,840.72504,232.305,390.41788,867.2499,87.04674,385.60873,867.91943,155.33391,450.4285,905.1897,-170.21846,448.78928,925.24054,372.90744,410.21713,1018.6946,-276.26352,446.41315,1041.369,403.13687,323.95502,1086.8545,-245.41852,407.92523,1121.3146,284.1729,308.83713,1105.986,-285.11542,403.23132,1144.0918,286.73404,304.52002,1095.8363,-258.45914,397.0838,1139.7925,240.94327,310.78006,1091.8481,-232.44757,398.66806,1131.5488,260.45856,439.41367,1157.3252,-186.36935,438.86597,1162.601,186.39017,215.33559,1165.3643,-232.54117,249.98415,1188.4504,171.81865,87.45997,1311.7124,-192.955,194.11824,1305.2235,236.4216,88.40003,1355.69,-187.38397,199.93393,1330.3263,242.67558,-4.341316,1289.0999,-260.64972,128.39098,1313.5524,204.37282
fondos_up
IMG-20241114-WA0298.jpg,fondos_up,378.10944,856.7256,162.41518,387.48822,837.46625,135.22057,391.3512,836.24554,135.1413,395.34598,835.11115,135.04245,383.5295,838.5598,187.16603,384.5142,838.0529,187.15012,385.6617,837.4649,186.94089,419.66846,838.79565,53.56003,406.58047,841.2481,285.5757,393.14517,870.45953,135.05722,388.28812,871.2467,202.44273,457.38202,906.07776,-107.70055,448.195,923.0662,398.23322,448.9531,1028.3763,-213.90814,433.67694,1050.7013,417.19736,380.18536,1118.0231,-219.47354,399.41833,1133.236,310.43417,372.09338,1140.9637,-263.85983,395.9993,1154.438,310.5292,362.37524,1136.0663,-243.00856,389.85492,1152.8241,266.57675,364.48932,1129.6847,-210.59285,391.63922,1145.1797,286.9998,448.6528,1149.2089,-168.29318,431.8601,1150.5509,168.26364,227.5562,1161.871,-227.2027,256.085,1173.008,135.13237,146.46388,1313.5281,-210.78677,240.02339,1298.9664,126.24852,154.91565,1350.6982,-207.98712,252.89795,1321.5568,124.73873,67.851166,1318.1931,-270.6851,188.87192,1325.954,74.608894
fondos_up
IMG-20241114-WA0300.jpg,fondos_up,394.09213,855.6341,222.21999,404.08627,836.7488,187.54973,408.10455,835.4277,187.42755,412.25858,834.0914,187.36986,400.9172,838.2119,238.25008,402.46225,837.9122,238.19681,404.25958,837.4153,237.96082,436.0526,838.4679,63.21371,428.10785,841.8247,292.7297,407.7442,868.5854,182.01517,403.87238,869.8963,248.47739,458.65604,903.2496,-107.42536,474.2942,923.2612,396.2697,395.23267,1011.63257,-211.4411,499.88773,1055.8046,405.23132,306.33746,1078.2335,-184.28444,452.54996,1139.8765,275.91858,288.1143,1092.4261,-224.21877,448.01724,1155.6599,281.88058,284.6686,1083.9315,-187.63295,438.0665,1154.3699,233.80531,292.53146,1082.31,-167.34508,439.81082,1149.0992,252.5603,479.26633,1145.973,-167.98328,516.1319,1156.415,167.49034,343.18515,1187.2573,-76.01949,459.88367,1244.5083,273.286,263.9619,1327.4564,-174.69841,497.38058,1350.8491,163.9671,267.07938,1363.8169,-187.19102,510.044,1369.7831,154.70891,198.9631,1328.1655,-261.7143,477.3874,1377.4761,108.356865
fondos_up
IMG_20241112_103914.jpg,fondos_up,434.28677,206.2519,-245.15099,429.1098,188.56537,-219.63693,428.73984,188.05267,-219.74147,428.12265,187.488,-219.84433,421.95673,188.50378,-263.80438,416.36218,188.00764,-263.9081,410.32275,187.387,-263.97,395.9156,188.63748,-91.520706,378.32498,190.16742,-288.48996,427.39722,224.72153,-193.74922,417.27856,224.1901,-250.74742,383.8861,269.28897,61.095455,344.4633,306.62054,-342.32114,371.46927,392.22028,188.4038,299.81253,425.69617,-321.22162,394.27914,465.90457,213.04962,290.2512,515.7257,-193.03412,403.66382,491.91455,220.68231,288.575,536.12256,-209.47499,401.91684,487.4509,194.19789,296.46448,529.8457,-218.33403,395.36554,480.2401,200.5244,300.3817,524.6478,-193.84431,389.02634,474.80453,137.25208,363.88217,513.9989,-137.32889,578.1287,491.10074,192.07288,586.4938,520.21924,-157.98233,568.2705,651.2643,315.49176,563.13416,679.9816,77.62793,538.2415,681.5396,324.65515,531.28,705.5724,108.39243,636.27185,677.2772,331.81946,630.17413,724.75415,160.76744
fondos_up
IMG_20241112_103937.jpg,fondos_up,264.17188,275.3167,-349.7299,269.94708,253.36227,-337.99783,275.9553,252.27989,-337.90607,282.23383,250.91595,-337.9523,247.75574,254.35112,-336.8931,237.79749,254.13391,-336.8084,228.04475,254.06299,-336.64224,290.18405,250.06905,-197.75676,209.58952,258.37387,-187.4246,273.56793,295.08395,-288.4206,250.0145,297.53476,-285.28214,346.6627,327.04132,-116.55344,172.35406,338.4527,-66.33851,379.6282,431.64862,12.928955,208.62462,450.92444,-28.50694,402.75443,498.6012,26.91784,261.83286,487.45435,-141.19313,416.03946,518.6401,19.77534,272.35,513.7955,-182.85248,411.8879,515.6589,-25.379631,277.5141,497.72476,-209.29178,399.4487,510.4407,11.477376,278.2567,487.75012,-156.13602,319.7848,574.54706,-64.70721,221.24176,565.1261,64.72717,236.1059,693.33185,-419.63092,120.569214,666.7368,-204.29184,262.9637,865.19714,-108.22094,156.04361,850.5759,60.503586,275.25955,879.60095,-82.89136,189.45631,869.8255,78.296646,254.26323,969.32874,-199.98895,99.02965,939.3738,-28.337812
fondos_up
IMG_20241112_103938.jpg,fondos_up,269.51382,307.99933,-319.32486,271.38324,286.96878,-309.9471,275.86966,284.41858,-309.9859,280.31158,281.42776,-310.15887,254.63965,290.44623,-313.64227,245.99213,290.5295,-313.56985,236.49974,290.21704,-313.5365,281.13528,274.40338,-161.98814,211.36292,288.92798,-171.43997,276.94672,321.1592,-251.69572,259.1373,327.51093,-254.80052,344.26047,337.1291,-101.50079,176.6587,347.5,-64.12764,385.27063,433.80557,-102.26328,221.24986,441.17923,-70.03314,405.16504,502.34525,-186.89471,298.6577,475.61316,-130.03737,415.65833,521.4907,-211.37546,318.87143,499.44543,-156.96118,408.94464,517.04474,-246.65959,318.77435,487.56912,-170.6549,399.17673,512.5969,-200.9279,314.80588,479.1914,-137.69543,321.17444,585.7751,-62.069958,222.43369,575.76794,62.279488,235.70674,694.7406,-453.74567,117.911316,673.6307,-223.40381,265.4905,868.1395,-164.99802,157.89122,849.0571,42.584755,279.39972,880.933,-140.22383,186.38988,865.7714,62.878967,256.33087,967.7288,-268.01425,106.497444,937.1044,-42.82465
fondos_up
IMG_20241112_103939.jpg,fondos_up,286.3004,270.47003,-297.3734,285.57092,249.7803,-278.6066,289.67432,247.54657,-278.5923,293.4807,245.18231,-278.69318,269.69785,253.07614,-289.9361,260.7281,253.3536,-289.8641,250.41386,253.89824,-289.7735,288.5721,244.3895,-116.21382,221.61702,258.0686,-161.87189,292.5203,285.34784,-227.93636,275.29065,292.47937,-241.3868,353.13882,316.11688,-47.34303,184.10715,332.71606,-68.64917,393.30646,410.06894,8.829309,222.12845,424.55127,-105.574936,416.63443,498.18982,-39.195953,276.593,437.8744,-220.8297,422.33148,521.2487,-53.578568,289.6564,456.5368,-256.80527,416.03574,521.8955,-88.89814,289.87286,440.68323,-272.34888,406.49707,514.41785,-52.53459,288.22327,433.7201,-231.33853,328.4661,563.31335,-47.74111,227.53947,554.37177,47.71671,253.7488,669.87665,-422.9812,134.44914,657.4777,-298.99692,266.88773,857.87384,-207.0274,162.39711,838.16626,-102.76559,273.4604,873.2425,-193.2925,190.2791,859.0595,-90.44973,253.49098,962.31396,-352.59366,110.217384,929.11365,-222.78816
fondos_up
IMG_20241112_104457.jpg,fondos_up,327.4665,325.8166,-44.569805,330.84885,310.8145,-82.271645,332.04095,310.29453,-82.32708,333.23755,309.8457,-82.49188,332.30157,309.903,-42.79463,334.642,308.5239,-42.706432,337.2871,306.91757,-42.747562,352.52264,311.4018,-222.3619,362.71912,305.2689,-45.60698,339.33243,339.50714,-90.58487,339.3123,338.50113,-39.269703,360.61295,388.99692,-326.0613,463.0377,360.9585,18.563555,390.22604,511.47385,-346.73355,523.1786,458.14673,6.069247,417.7266,633.6139,-285.9381,523.3243,565.0592,-60.1278,432.2834,655.64197,-326.2545,518.19855,577.65405,-71.46902,412.33783,650.10657,-321.10858,505.33063,578.5693,-95.356636,413.6056,642.16974,-284.0639,506.31073,575.3213,-75.582146,401.55093,590.0771,-117.26749,457.78256,555.52496,117.100784,264.3109,628.99115,134.60112,388.42722,549.5364,473.62006,197.86111,653.31494,481.95206,380.66284,605.45636,748.70807,181.2236,670.9296,517.5485,388.48743,622.0438,777.51324,130.61232,609.82294,530.36554,341.0957,601.0841,798.20087
fondos_up
IMG_20241112_104458.jpg,fondos_up,328.73483,295.163,-163.89452,333.8379,280.36237,-197.56358,335.85593,280.10916,-197.64099,337.7105,279.80807,-197.81137,333.64462,279.55145,-152.57297,335.532,278.70404,-152.4815,337.49786,277.54025,-152.5676,358.03082,281.78595,-317.4721,361.78348,276.3047,-117.82105,337.80246,309.05728,-202.46547,336.10477,307.97864,-144.40048,358.67807,367.86438,-423.21567,442.5031,331.00165,-11.627308,384.90244,502.9815,-462.20657,491.96988,440.16327,2.508218,413.39325,632.6851,-438.84995,508.75085,555.5352,-50.3812,406.76193,655.0818,-500.67383,507.72543,570.4364,-59.27926,399.7234,653.8061,-493.32742,487.4788,575.46106,-90.68978,404.15872,647.5863,-437.22278,486.7972,574.4132,-68.62756,396.34955,555.68964,-126.36664,440.90884,527.2725,126.2204,276.32327,607.2671,204.89038,386.0727,562.5188,494.65158,187.07039,651.4599,545.4806,388.42795,636.047,879.83093,170.2091,674.1466,578.2956,394.16434,656.0419,920.9172,130.09973,616.13025,534.1575,361.53778,634.9564,917.2077
fondos_up
IMG_20241112_104503.jpg,fondos_up,351.1089,263.85007,-141.35796,359.4405,254.35934,-170.99117,360.3039,255.15732,-171.03334,361.09442,256.14313,-171.20557,362.79013,252.5955,-129.91565,366.69418,251.97906,-129.82332,369.85992,251.69878,-129.87042,378.89893,265.9232,-274.55832,391.02466,259.72308,-93.19667,359.63162,281.25107,-175.03598,361.91895,279.88077,-122.174034,365.96344,360.39624,-367.30658,458.78653,333.98087,-2.2761579,389.45047,499.4078,-360.1234,505.0703,465.54977,11.497434,412.20737,623.96466,-310.77194,528.1162,568.66974,-52.643,409.40048,645.5399,-357.101,526.36975,576.2108,-67.400925,406.4502,647.6309,-365.06668,514.79364,577.37445,-94.8008,410.76178,639.054,-314.06686,513.8384,575.95856,-68.81307,395.18613,548.7524,-120.390816,446.85858,528.8578,120.19501,248.26111,594.69977,135.7629,390.495,557.18396,453.34088,247.3997,655.5386,455.85114,406.2222,633.7961,697.79254,260.60062,671.5899,491.3262,416.95175,651.9214,724.8578,202.38777,652.3703,533.91614,376.86783,636.561,754.9291
fondos_up
IMG_20241112_104506.jpg,fondos_up,367.97903,165.69055,-357.45514,380.602,147.1496,-348.06097,388.3888,146.12999,-348.05746,395.83,144.84682,-348.12744,360.15097,148.61862,-330.74612,354.20535,148.98042,-330.68964,350.5804,149.41078,-330.63818,411.103,148.6174,-236.60431,351.47217,153.63324,-152.69107,384.79697,184.2118,-310.8882,360.24255,185.99127,-286.9574,470.43512,240.33037,-198.59604,319.61804,237.95105,10.42031,504.30328,367.0246,-193.71928,326.3871,351.8164,123.30917,522.8036,483.10706,-266.99774,316.99527,425.73035,8.511765,530.47955,513.95026,-295.8881,315.89767,451.32465,-22.908268,517.3708,515.49225,-346.09842,316.7298,443.54694,-63.140118,513.14545,505.89557,-285.11557,320.79355,440.197,-11.208041,412.54837,454.76758,-85.65412,328.61343,445.02667,85.532745,297.69305,577.595,-307.77493,239.28111,565.3512,-120.36835,318.39044,724.2785,-137.48361,176.84007,776.6674,-182.97725,344.8696,740.0134,-123.19287,194.34175,825.6605,-199.32712,255.89476,792.9309,-237.31833,99.98052,817.1145,-351.92804
fondos_up
IMG_20241112_104909_1.jpg,fondos_up,335.96014,293.25183,-223.54324,348.8724,270.5226,-230.70673,357.3671,269.15784,-230.68301,365.2955,267.45343,-230.79053,327.60226,270.9914,-210.6071,322.55423,270.4257,-210.41061,318.41742,269.71942,-210.33891,381.13464,264.73636,-158.50766,321.9318,267.30084,-59.41854,353.10873,308.42288,-185.41193,329.70825,309.26755,-156.70811,456.08453,360.03943,-114.642,284.0425,335.09967,78.14184,503.07504,468.097,-53.160427,277.67264,431.51514,271.6212,519.2624,547.41125,-43.22057,256.76675,487.64056,303.48843,528.1339,583.41864,-47.191483,252.695,529.0643,303.15848,506.65076,575.4322,-82.31345,255.64188,520.9905,266.909,498.77737,563.83105,-52.4327,264.03903,512.8142,287.32468,366.9296,605.914,-77.4361,277.64606,577.1776,77.48521,269.21848,766.5414,-111.16608,194.77927,740.8219,44.68297,185.51486,953.9177,-80.72074,112.90106,920.9919,62.62376,182.01862,984.5801,-86.01933,120.90879,961.3397,56.1657,96.10198,1025.7671,-231.56601,40.2041,997.82043,-46.020424
fondos_up
IMG_20241112_104910.jpg,fondos_up,330.62015,290.1441,-176.58392,343.4899,268.1439,-181.66026,351.7889,267.17007,-181.68529,360.03348,265.96677,-181.83304,324.311,268.46686,-159.6745,319.99365,267.8687,-159.4747,316.50348,267.20563,-159.42424,377.35754,263.01434,-105.79346,322.6922,264.33856,2.397184,347.97052,305.33786,-138.25688,325.89218,304.76062,-106.888214,454.1443,350.83698,-57.173534,285.5745,336.55124,125.585,503.38065,463.62366,-22.105303,278.87296,446.73926,253.23096,523.4816,554.62195,-58.560524,242.3193,484.05215,157.7794,532.194,584.55963,-73.692444,238.7057,501.0876,132.89769,509.47018,576.6323,-111.74728,232.48294,501.39307,93.58526,504.12637,567.2766,-70.06184,243.61676,495.96204,136.78436,365.11865,606.37866,-66.470825,277.0916,575.5889,66.62954,265.83124,774.5208,-141.7646,189.93349,739.2856,-22.621574,172.96443,966.5521,-127.41373,100.17615,934.0504,-24.458632,168.72334,987.86304,-134.03552,105.37359,966.50256,-32.76853,97.05367,1028.7068,-282.73804,35.30849,990.4463,-154.59738
fondos_up
IMG_20241112_104911.jpg,fondos_up,357.5402,278.3726,-58.207485,364.05817,262.28854,-96.8918,365.86847,262.67212,-96.95206,367.99213,263.0768,-97.14159,366.98026,260.771,-56.35837,370.82797,259.97742,-56.297314,374.79507,259.04285,-56.411522,389.94315,268.07568,-239.89366,399.9656,261.75845,-59.05085,369.44113,296.4905,-105.07562,371.23825,294.95938,-52.566967,383.2187,363.65384,-349.78146,484.49316,335.7049,8.774276,401.39603,511.90903,-365.80905,545.66785,443.2522,7.7316,417.08295,654.05237,-299.02325,567.8221,557.9457,-33.698696,414.45364,683.1554,-338.0842,569.9857,583.39075,-41.677,406.89914,678.58734,-340.08667,556.3819,590.5568,-63.999313,408.07108,668.02637,-299.83868,554.0143,585.2581,-47.538433,406.20566,584.91486,-115.55499,452.90396,554.2929,115.52123,273.72827,615.6585,105.84575,336.35687,567.4851,433.3992,206.8286,641.8445,476.2708,279.2115,627.54736,677.85724,207.94147,658.2891,514.42706,280.31903,648.3743,703.9865,142.73326,612.53784,541.99994,224.53117,612.126,728.1276
fondos_up
IMG_20241112_104912.jpg,fondos_up,358.13394,295.12762,-96.32398,363.19617,278.51215,-135.34273,364.50293,278.54596,-135.35919,366.00476,278.645,-135.533,366.48233,276.87027,-96.05685,369.8316,275.71674,-95.98906,373.31033,274.49396,-96.07764,387.0348,282.78247,-276.2209,399.6179,276.60162,-101.27581,369.60754,312.2881,-142.02946,372.22873,309.75052,-91.17697,388.02536,377.67422,-377.00345,501.06708,346.9784,-31.935448,414.72574,526.0481,-383.51105,555.50323,458.03198,-41.31667,421.97595,665.1941,-299.16412,565.9084,570.6753,-107.87499,417.8317,691.2938,-337.70544,576.4226,593.9611,-122.05478,411.9517,688.6449,-337.87344,560.46094,598.28015,-146.18161,413.10953,679.02045,-298.1918,555.7542,594.0399,-122.83863,418.39642,589.0165,-113.56636,483.14188,556.72296,113.296555,276.1933,613.26697,144.72018,398.89096,557.2008,477.08197,221.45169,640.6343,529.41516,376.89645,630.6245,767.0989,233.56374,678.0215,569.80347,385.16177,649.9511,798.3654,172.08751,641.76575,601.8627,327.75806,627.49384,834.96344
fondos_up
IMG_20241112_104913.jpg,fondos_up,358.05777,304.4024,-170.5051,364.49454,287.69772,-206.26985,366.14746,287.7242,-206.26054,368.07568,287.87262,-206.43248,366.94507,286.31055,-166.74261,370.24664,285.229,-166.7297,373.8006,284.07483,-166.84232,389.9459,293.19983,-333.89603,398.0035,287.54337,-158.72502,370.42392,322.66486,-211.79973,372.54883,321.0419,-160.88916,392.28906,387.61917,-415.45966,492.66495,357.48346,-93.36823,409.52542,538.2522,-435.7123,549.2479,464.16348,-89.94323,417.69638,667.88116,-389.67447,564.1375,578.0286,-139.03459,416.3153,695.5653,-439.31778,572.4582,597.8469,-155.53496,409.3399,691.8503,-443.0454,559.9189,599.57196,-180.98773,410.59937,680.4865,-392.5303,559.30853,596.7866,-153.8955,416.0796,591.1321,-112.60468,472.50864,554.5025,112.36943,272.96158,627.8514,154.69211,404.46884,558.8956,470.1443,210.62186,654.9313,525.2064,399.61816,620.4034,771.21765,213.42981,668.42285,563.8286,408.03494,638.4846,805.13214,147.09583,633.7036,577.5827,359.66833,613.04565,833.69794
fondos_up
IMG_20241112_104913_1.jpg,fondos_up,354.91644,326.91724,-173.36168,365.14322,305.9354,-185.18831,372.53867,304.3665,-185.18973,380.7739,302.12115,-185.32358,349.0943,306.76733,-160.09262,345.9255,305.93292,-159.86725,342.72318,304.88,-159.77956,402.40024,294.34454,-127.75484,351.8094,299.05542,-3.980484,373.13763,339.83218,-139.45164,353.03738,339.019,-103.596924,482.55066,380.01062,-73.07138,313.81442,353.6798,122.017334,536.5171,488.93567,-33.159214,302.9072,457.18414,303.52542,546.4956,566.9332,-45.26659,276.13654,491.09555,294.2235,549.8169,599.86365,-56.854008,282.78973,519.2019,283.95627,528.92346,589.6592,-91.34564,275.7292,499.20898,244.78796,524.5871,579.5099,-55.040108,285.9515,493.07953,275.43378,387.82574,635.9241,-73.6273,296.08768,607.0296,73.90957,291.7168,793.8492,-122.570175,217.63736,764.45886,33.599422,204.53484,969.38403,-53.608673,121.32884,944.60913,57.55546,194.49397,995.9601,-54.46211,124.27237,983.19116,51.8181,130.3604,1033.3762,-193.95818,41.132854,1005.7897,-62.22424
fondos_up
IMG_20241112_104914.jpg,fondos_up,371.91586,322.09222,-123.959885,383.735,302.1253,-124.41369,390.6672,301.25836,-124.41501,397.92044,300.16068,-124.541534,365.37573,301.5656,-106.74111,360.199,300.3744,-106.519455,355.87888,298.98898,-106.46669,412.8478,294.5424,-37.311714,356.80823,295.1205,52.47239,385.22913,336.47202,-82.87308,364.2387,335.0671,-56.966183,483.62384,379.48135,1.237385,313.2091,363.83026,151.07022,530.2104,483.36758,25.58801,296.06866,465.27643,227.21423,548.8934,564.5423,-25.167675,268.52182,486.8726,114.52986,555.98126,600.4321,-43.43924,260.166,500.37866,77.939316,534.70264,592.4603,-85.28395,258.12872,487.10327,45.767296,528.5591,582.31213,-39.480133,269.86914,486.90842,95.4304,386.56302,618.9824,-79.58029,297.84482,589.0692,79.765305,279.2545,772.72516,-192.84567,202.4691,749.06195,-34.24647,178.27611,973.3145,-275.80862,117.64615,951.9321,-146.69547,176.95892,1016.3746,-291.12402,125.469765,1003.74524,-165.34099,88.335335,1022.6935,-433.69583,32.956387,996.95996,-270.65952
fondos_up
IMG_20241112_105532.jpg,fondos_up,360.61462,284.3957,-509.64023,359.6643,267.1464,-471.58908,362.7789,266.46347,-471.6943,365.58853,265.82312,-471.78018,344.2617,268.43295,-500.95978,336.26144,268.724,-501.14835,327.40564,269.23944,-501.22873,356.0651,270.2339,-269.5537,306.8757,276.1381,-398.629,363.1344,300.67834,-429.67136,347.74698,304.1096,-467.17197,348.37366,332.1097,-20.718225,282.4373,373.77686,-407.5527,336.6866,449.68448,95.88492,253.00351,511.0109,-455.33987,354.90997,528.9875,54.754036,249.19353,610.1094,-481.55643,364.6161,551.47974,62.598553,254.51408,637.8376,-521.7679,369.86783,552.8799,26.56446,274.53754,635.38464,-513.0824,363.23444,547.4208,36.924686,275.38858,625.1233,-476.9498,396.94183,533.53577,131.79317,341.84473,573.7208,-131.73006,519.91534,631.98175,105.14426,499.89948,666.0353,-203.20004,638.7486,739.8832,176.52078,617.2096,792.51624,-171.42027,641.3313,769.3896,177.81476,624.80615,823.59644,-174.36449,713.36865,728.18164,124.326546,691.44806,789.06915,-286.4994
fondos_up
IMG_20241112_105535_1.jpg,fondos_up,305.52985,281.10938,-451.6413,296.0763,265.85446,-428.0054,296.54507,265.22668,-428.0782,296.70126,264.67834,-428.1433,287.82977,268.41016,-473.40067,282.40005,269.8578,-473.64224,276.21365,271.50507,-473.78485,278.95325,273.53177,-287.982,252.39146,283.35474,-489.32324,305.50998,298.32587,-392.53168,296.56778,303.0833,-451.417,291.59515,340.4356,-114.44917,222.36719,390.87903,-479.34808,268.1649,461.5346,-19.894388,196.6379,522.96436,-463.61523,268.8717,549.4964,-51.365654,199.72612,614.51624,-365.19287,273.72095,573.64307,-48.87996,204.2779,637.3078,-384.63544,274.46744,575.7352,-78.5677,215.56308,634.4728,-378.32434,270.58563,568.5525,-66.21709,216.16605,625.75806,-359.23154,343.36395,533.389,120.030594,286.91928,576.4734,-119.98039,465.35403,631.25824,95.99021,443.5695,668.1475,-134.04478,580.6723,740.6013,203.55116,562.245,795.5854,-55.27111,584.4119,768.4657,209.87965,569.6543,823.70715,-53.793846,658.8286,723.5759,149.1378,633.4054,786.5561,-165.05818
fondos_up
IMG_20241112_105537_1.jpg,fondos_up,301.9905,281.22845,-532.0756,293.84833,265.11176,-502.6203,294.87845,264.18164,-502.71243,295.57523,263.1953,-502.77533,283.8669,267.96036,-543.68195,277.7939,269.5017,-543.953,271.03925,271.5362,-544.1431,278.56226,270.75055,-335.6774,248.09468,283.06686,-517.61,302.77203,298.60565,-463.94986,291.89767,303.96442,-517.14,293.15936,335.02588,-128.6434,219.73227,387.09595,-502.67798,269.36795,464.02094,-33.671185,188.81824,523.18665,-505.17358,261.99945,559.0443,-81.98152,192.77065,614.8722,-450.93994,266.96808,584.4104,-83.19725,198.27975,637.0306,-478.76602,266.96387,588.2053,-113.92007,212.43814,633.97705,-473.23767,262.8363,580.5339,-97.83776,212.26535,624.60516,-445.9358,338.57706,537.9647,127.70006,280.94513,581.26154,-127.62921,463.38232,639.1637,107.09,440.19693,668.9792,-171.77754,577.47284,740.0642,224.79243,556.46075,794.15344,-101.64584,577.1517,771.5728,231.61378,563.75867,822.65796,-101.15574,652.9824,731.1974,170.67387,630.1694,785.67126,-223.88168
fondos_up
IMG_20241112_105541.jpg,fondos_up,319.1776,425.46646,-340.79984,330.57736,408.88107,-342.06918,335.8315,407.58014,-342.04916,342.49753,406.08038,-342.16647,319.70477,410.7886,-316.08908,318.0732,410.93622,-316.1498,316.6306,411.01355,-316.08228,368.11322,410.8705,-267.11908,329.25748,412.12103,-147.0233,333.52426,439.2311,-306.49875,321.6203,438.37488,-271.4256,424.95255,473.95084,-209.20572,324.87827,470.46442,46.89831,528.88434,540.1551,-173.25813,318.2276,530.9042,279.4713,490.63275,623.049,-182.80884,321.6608,571.19995,252.2665,489.828,646.48737,-209.563,327.17914,593.32635,236.18637,472.5958,639.8068,-231.6603,323.4337,585.29285,196.97513,470.46655,631.08655,-187.11946,324.1679,575.928,235.312,383.4955,664.4502,-94.00056,321.7513,636.73145,94.4543,232.69116,728.9835,-353.78662,188.68602,684.9079,-230.6977,116.26385,865.7868,-480.51044,106.96023,853.9596,-367.83664,104.006714,908.67584,-497.1366,107.1035,893.82495,-387.36502,37.070423,853.1695,-678.128,26.625923,846.2243,-542.78656
fondos_up
IMG_20241112_105542.jpg,fondos_up,318.71814,408.41217,-334.14407,330.32217,393.36288,-353.9048,334.75394,393.03775,-353.8852,339.47504,392.60712,-353.9407,323.29874,393.3391,-316.45123,322.67773,392.87305,-316.534,322.12482,392.3523,-316.47083,367.43826,398.03363,-354.89722,340.16904,394.54095,-184.75746,331.01376,423.88568,-327.71533,322.26572,422.04135,-278.03088,430.27704,468.56903,-319.29922,333.18192,448.75836,-20.38021,532.27783,536.8307,-291.3548,347.38812,497.73413,250.98239,492.2684,619.9728,-229.82454,324.81815,540.025,295.58658,489.65598,643.0353,-251.71626,323.09106,554.62244,294.84406,475.31458,636.8094,-261.81378,320.07278,552.9133,246.81796,474.42432,627.7391,-227.36026,322.29053,549.27747,275.62903,378.97147,665.28296,-87.70718,314.98935,633.4759,88.12948,243.25258,754.2535,-260.40726,194.28708,715.6299,-133.92386,120.80011,872.3352,-299.184,103.480034,846.9559,-197.13641,104.58624,909.8816,-308.57666,89.21706,879.6383,-209.95508,45.535667,883.6197,-462.57175,36.786606,832.6043,-337.00638
fondos_up
IMG_20241112_105544.jpg,fondos_up,328.23108,445.8697,-410.20813,342.111,431.06873,-423.27216,347.9381,431.14465,-423.31488,354.17383,430.85175,-423.47656,331.1998,429.7918,-394.95428,329.83,429.0121,-394.97696,328.6499,428.0939,-394.87537,380.70667,435.02927,-379.7059,344.8891,429.46057,-249.34444,342.71426,462.5265,-385.29294,330.4207,459.9148,-347.17957,432.9828,498.43085,-323.4602,335.75232,480.41443,-37.575706,543.06976,551.8763,-259.1213,349.26636,535.90814,266.82483,511.86212,632.3206,-191.46115,334.90936,591.3245,331.28333,510.4663,656.71075,-207.62808,331.99344,620.35095,338.3863,492.12372,650.85297,-221.58298,331.6867,624.5934,288.13968,490.4475,642.88324,-189.69713,330.8366,601.6398,312.21655,382.9419,696.8848,-85.715614,320.56235,666.3904,86.242615,240.27106,785.81934,-218.72289,201.06766,756.4538,-128.7093,98.70696,888.9147,-242.70831,88.49805,870.0819,-190.032,89.204155,930.47296,-250.28857,82.7987,905.0126,-202.79762,30.078012,879.15283,-392.75128,24.35508,865.3296,-328.1394
fondos_up
IMG_20241112_110251.jpg,fondos_up,263.99902,380.68793,-391.62424,257.5916,365.92188,-363.14117,258.12845,365.394,-363.1611,258.7105,364.659,-363.21564,250.23782,367.77734,-407.52347,245.63644,368.6762,-407.63132,240.40501,369.65652,-407.68994,243.15817,369.8136,-191.98921,218.87456,376.10675,-391.80225,263.80295,396.54587,-321.71176,255.16628,397.81946,-380.12265,251.81635,421.47003,14.346533,183.25835,463.62177,-367.9659,274.57385,493.07828,313.60434,157.22244,560.0161,-385.9047,301.82697,531.4507,455.635,151.56042,651.25397,-418.18686,301.27618,544.05176,497.4142,151.03625,676.89307,-443.55258,297.28143,528.64905,456.8652,163.79095,675.52673,-459.8172,294.55737,528.04175,442.68307,165.4925,667.1807,-423.02243,342.42203,593.1414,126.3153,298.49377,629.92444,-126.23991,464.1607,671.5827,69.16034,442.2385,706.7804,-274.39255,567.0208,766.25146,157.03075,564.16864,813.222,-240.56065,571.8657,794.6868,158.06223,576.06805,837.5067,-246.59329,643.41235,759.51953,64.5057,627.837,797.4433,-400.8948
fondos_up
IMG_20241112_110252.jpg,fondos_up,269.48376,389.69083,-347.67184,263.39667,375.10638,-328.27277,263.57663,374.83398,-328.2699,263.5572,374.45917,-328.29474,256.59708,376.7945,-374.31415,251.94865,377.68866,-374.43954,246.29822,378.66693,-374.5041,242.82617,379.44452,-196.31512,221.38834,385.0838,-403.53757,267.7936,405.18762,-291.08136,259.1588,407.5479,-351.72684,249.4387,426.93558,-29.502151,180.25856,468.94012,-386.21136,256.86295,504.70398,195.44292,152.41913,571.93896,-387.05057,291.5099,559.0286,286.86588,152.95607,658.3766,-352.9478,300.2661,570.97235,317.24472,154.87762,684.10455,-365.7487,300.41122,566.55096,282.9634,164.92815,680.2087,-376.43726,297.10187,564.6128,274.32852,165.27374,672.2861,-353.97482,337.96155,597.04205,122.95771,294.00302,636.3406,-123.014015,462.3254,675.5842,43.403507,438.7833,708.44885,-226.00092,561.3279,771.0006,104.73896,560.56055,821.52576,-196.51936,566.60754,802.6828,102.86573,573.0991,848.49176,-203.69994,635.8204,758.7334,12.506018,623.44556,788.5718,-342.94162
fondos_up
IMG_20241112_110254.jpg,fondos_up,367.4968,396.37415,-91.79801,377.4068,381.62347,-96.29756,382.45786,380.4757,-96.38312,387.76614,379.1757,-96.46849,370.60748,381.9937,-67.098915,369.98688,381.54205,-67.034294,369.52258,380.95596,-67.08908,415.54382,379.4839,-60.505894,388.18976,380.2747,75.04475,380.4419,410.2246,-74.31277,371.67352,408.48218,-34.97822,471.7979,444.6016,-58.99864,381.65112,431.97147,172.60786,502.05975,544.36224,-138.7317,380.9063,523.91473,313.4764,524.751,630.61884,-253.07678,374.8702,579.6228,312.88086,534.5815,651.6575,-283.94168,370.11252,602.4862,306.35373,526.2089,651.3287,-302.65076,371.46854,602.07153,273.0697,521.0147,643.89966,-261.53738,375.5926,596.09717,297.0545,395.79285,631.8501,-74.37091,335.81827,610.6731,74.65755,276.0975,735.40027,-284.85254,238.40067,714.65155,-134.44502,182.96553,876.74774,-375.38147,139.35397,846.83057,-252.4335,175.80783,909.46466,-388.59235,131.64638,880.3348,-270.52774,105.27462,895.0874,-528.07367,73.42161,830.1663,-390.25793
fondos_up
IMG_20241112_110255.jpg,fondos_up,362.88602,394.8407,-84.63846,373.98984,381.4407,-89.67834,379.02673,380.52292,-89.73524,384.03925,379.55002,-89.79578,367.28253,381.1167,-59.074963,366.80896,380.20187,-59.019333,366.3651,379.13132,-59.05983,409.34225,380.6561,-61.432533,384.683,378.85498,79.46643,374.959,409.21118,-70.27486,366.27966,406.32565,-29.469946,468.5711,444.0204,-63.86181,377.1276,423.84192,169.72273,497.66626,545.11743,-108.10244,387.8433,509.64673,316.17734,522.7878,628.2031,-156.37024,375.55063,572.39465,324.81213,529.4781,649.2822,-177.43666,386.62094,605.6664,318.46426,520.2644,648.8716,-192.96594,388.2376,607.3568,288.31628,516.416,641.62646,-160.7812,391.1262,600.6327,310.41434,396.66772,626.165,-76.8963,335.30304,604.7903,77.02423,272.47955,733.0551,-306.97992,234.45956,710.1737,-155.73297,180.39484,880.2302,-414.98544,134.27394,846.1077,-285.7647,174.67545,913.68616,-429.5315,127.847404,881.8285,-304.6806,101.57845,901.37244,-569.9579,63.73504,831.92633,-422.44144
fondos_up
IMG_20241112_110256.jpg,fondos_up,360.11053,395.8751,-118.00182,371.7129,381.43,-123.93019,376.77856,380.6986,-123.96891,382.02582,379.943,-124.04784,363.89645,380.80075,-94.932655,363.04733,379.6756,-94.87394,362.16156,378.51242,-94.92018,407.41476,381.25366,-90.049225,379.67178,378.1598,44.04368,370.9786,409.908,-100.4092,361.6637,406.6179,-61.497383,464.1985,445.96503,-79.75481,369.7136,419.13495,143.8922,492.87878,543.64746,-105.188385,373.5678,490.91437,313.8642,523.16626,625.65845,-137.91902,375.205,561.87415,348.53326,534.0767,646.8899,-153.98065,372.48404,586.6331,348.29797,527.60187,648.04877,-177.13478,376.2645,587.12024,319.1763,520.6384,640.29895,-145.40251,379.73358,580.8261,335.27737,394.31317,628.3411,-73.68844,331.25308,605.9172,73.979,268.55164,730.65076,-300.98492,231.10638,712.9267,-146.14128,177.08565,879.05554,-406.7503,130.22635,848.51654,-278.01324,168.53943,912.02545,-421.03387,121.91745,881.87976,-297.46753,94.52626,903.5271,-563.35657,65.97599,831.2745,-418.30927
fondos_up
IMG_20241112_110257.jpg,fondos_up,358.53568,410.11444,-103.20607,369.74014,395.13486,-100.91275,375.3509,394.21707,-100.977715,381.35278,393.3188,-101.1018,360.35333,394.50558,-75.69875,358.80682,393.39084,-75.63308,357.36057,392.31763,-75.63546,405.5132,394.5555,-35.640663,372.9733,390.8523,82.390785,371.33484,424.03174,-74.45553,359.76044,421.15906,-40.27516,456.9328,457.6651,-18.530375,362.449,439.69086,204.4035,489.79324,556.17004,-20.156073,366.71033,523.2905,365.66205,514.29944,641.5091,-43.874207,342.7708,582.9795,356.84167,525.72107,662.20087,-62.379845,333.8966,603.50055,352.27145,516.97894,661.7496,-84.33899,335.75415,604.42163,314.13623,510.37506,655.54254,-51.157047,342.13916,599.401,338.93765,390.29575,639.7635,-73.392075,325.28995,621.4434,73.64147,266.46835,744.89014,-342.70386,225.92847,721.7362,-172.3009,175.05125,886.49445,-473.83328,125.146034,861.5355,-333.65207,166.84563,921.1908,-490.42673,120.29338,896.3986,-354.72797,114.3439,890.6062,-641.1515,60.13768,842.771,-480.37674
fondos_up
IMG_20241112_110257_1.jpg,fondos_up,300.78784,427.57047,-359.31406,297.78815,414.12967,-324.02835,299.22226,413.39264,-324.105,300.64786,412.52844,-324.16718,288.42383,415.35812,-365.68213,283.0737,415.57123,-365.78217,276.563,415.94177,-365.8429,287.512,414.22247,-131.57037,255.74692,418.85266,-318.72507,300.9812,441.0086,-282.33572,289.0412,441.41986,-336.8828,290.3337,464.65308,81.18129,217.79181,492.91183,-303.24796,298.2625,553.8044,238.87431,187.1969,583.21844,-314.6315,328.57907,602.1473,203.27145,176.15965,677.54004,-353.10867,338.4015,616.795,214.57312,174.1945,699.6292,-385.3816,340.27075,610.4121,169.68605,185.50917,698.29895,-394.0497,335.83804,606.56433,182.38768,189.06223,691.3623,-355.9197,367.09708,630.0679,136.00519,324.4117,663.0158,-135.80894,488.07947,704.0219,59.489048,466.11993,738.34216,-281.84293,591.6929,802.5571,135.6359,586.3511,847.8047,-251.42117,592.35297,829.802,134.31728,596.4555,877.08813,-258.66266,665.5227,796.57996,35.240097,650.3999,829.0643,-421.4903
fondos_up
IMG_20241112_110258.jpg,fondos_up,350.27814,409.06256,-69.279976,360.1293,392.9651,-74.86018,364.99347,391.69086,-74.902275,370.27847,390.17493,-74.95636,351.7787,393.63898,-45.055145,350.73096,392.93146,-45.01619,349.82574,392.34787,-45.065083,396.31955,389.8678,-45.669167,367.97806,390.4209,92.979965,364.24612,422.08908,-53.975853,354.32065,420.64914,-13.820285,455.70242,457.11948,-35.07636,359.88266,442.13464,185.8416,481.46,555.44696,-81.85234,368.23236,527.2218,357.57935,510.16507,634.1503,-161.63489,349.75983,571.62524,385.33945,523.04266,655.4367,-184.47275,341.65646,598.7302,384.41824,513.25543,656.1518,-204.93047,343.45392,597.9815,349.67575,506.03894,648.29926,-169.68037,347.84863,592.22363,369.91302,381.47318,638.70703,-73.13112,318.2937,614.88586,73.37348,258.91574,745.3067,-281.6487,221.07893,722.132,-149.59435,169.06305,885.6531,-379.05893,118.64361,856.8595,-259.84528,162.28226,918.77856,-393.03967,109.51578,886.82135,-276.5087,112.75747,900.6327,-542.0544,59.62027,844.8552,-402.64786
fondos_up
IMG_20241112_110259.jpg,fondos_up,291.7,416.88684,-301.61276,285.66672,403.2825,-277.225,285.96503,402.8038,-277.2555,286.11618,402.24298,-277.29996,279.74716,404.44885,-324.9682,275.22516,405.02844,-325.0576,270.3569,405.56992,-325.10864,267.785,406.65314,-130.87334,248.90681,410.3189,-345.64243,290.71237,431.47214,-240.50194,282.83264,432.31372,-303.27255,270.1591,458.41095,50.527973,206.95045,490.01654,-337.71356,283.9741,537.2906,294.0945,175.56978,580.8396,-349.3792,311.47974,581.0566,380.90393,165.34756,671.2352,-361.62524,319.2402,594.334,413.75217,161.0155,693.49036,-386.92255,320.00018,587.27686,369.83438,171.33463,692.2686,-397.52753,317.52066,583.86426,364.57867,175.40714,685.8125,-364.35495,356.66003,625.1189,130.43152,313.48703,662.1222,-130.30638,479.3915,700.72095,20.163902,454.70975,737.6316,-213.8116,582.92084,795.31226,64.75138,573.6651,847.6423,-166.25873,587.15967,830.32983,60.65659,584.95844,873.4384,-172.08806,658.09204,788.6893,-40.511223,637.8246,825.1102,-316.41193
fondos_up
IMG_20241112_111110.jpg,fondos_up,254.19402,357.07944,-107.480545,248.47377,342.1999,-92.844,247.35593,341.64148,-92.93668,245.92894,340.90762,-92.91679,246.20346,342.863,-139.23956,243.36136,342.81155,-139.37408,240.10986,342.6668,-139.56671,224.93117,344.26334,-15.085359,218.25066,347.85828,-222.96321,249.388,369.80658,-73.10737,245.2101,372.04083,-133.81848,212.77417,408.8847,115.69346,194.78256,420.5893,-304.70663,193.94524,508.23883,167.02924,167.71846,536.17914,-357.85745,194.88979,582.35095,101.44578,151.20317,639.49255,-367.85815,196.50696,605.9539,103.89734,154.61641,663.5005,-409.68686,196.51117,602.3476,69.13244,171.78671,660.46375,-405.2027,195.51422,595.4442,83.68951,172.87782,651.6663,-364.85492,266.3231,585.83563,131.52335,238.1666,617.3851,-131.31438,400.92587,637.6715,174.99333,398.0097,697.76013,-156.16495,526.72253,700.5889,289.96466,541.4088,753.615,-158.45908,538.4754,725.4257,294.90344,559.00916,778.17334,-166.40668,587.2357,663.5725,239.49503,603.3448,713.4479,-277.91568
fondos_up
IMG_20241112_111112.jpg,fondos_up,274.96545,376.92926,-275.6557,262.64572,365.42252,-260.79327,260.97546,364.91522,-260.88568,259.0885,364.3423,-260.89078,261.6979,367.0896,-314.86984,259.60135,367.7823,-315.03076,257.08334,368.40747,-315.22287,239.60655,373.30927,-165.26587,240.35847,377.02246,-407.8885,273.38232,390.6977,-232.2084,270.99557,393.42188,-303.03232,219.1885,437.4101,0.90663034,223.40794,457.37384,-460.89285,214.11476,535.39734,74.20456,193.69557,571.3783,-529.6318,223.0253,607.8799,-29.040047,183.28894,671.3672,-547.1584,225.64662,626.89484,-33.664783,179.75769,693.3563,-603.6971,227.92317,624.2666,-79.96239,194.21904,692.3417,-596.754,227.01917,618.90344,-52.481323,196.50346,684.4396,-543.9691,300.3454,613.69965,154.42229,283.27444,648.9985,-154.22775,431.6059,670.88556,337.49728,424.66776,724.0853,-98.345146,553.95984,726.52045,592.987,568.05804,781.30286,-24.595562,565.3171,753.4325,612.82166,584.9214,806.4145,-26.859974,604.51086,685.05707,564.4929,626.8805,741.7677,-156.55418
fondos_up
IMG_20241112_111116.jpg,fondos_up,268.58316,200.28296,-47.61097,277.23587,185.00674,-27.55595,282.6239,184.43306,-27.550297,287.31427,183.87901,-27.601788,261.2433,186.69136,-25.170195,256.2967,187.19049,-25.005693,251.51277,187.87042,-24.996206,295.47784,186.35645,90.10611,246.2332,193.04544,98.44402,281.65225,214.72932,-2.95318,262.30902,216.98677,0.11717986,351.34088,253.39456,125.0593,223.1997,273.28607,146.62115,395.399,359.43842,116.36096,207.14584,364.15604,143.27226,417.11316,437.28516,-16.555614,207.96954,441.42517,3.5550442,399.22797,439.69006,-56.047318,203.45877,464.22183,-31.512003,384.2707,427.1665,-82.91565,215.72554,459.4317,-60.393444,376.56833,424.3417,-32.242138,220.22318,453.23746,-11.361993,349.78146,485.33978,5.0933886,292.0376,479.39728,-4.932795,315.53104,666.809,-85.48066,260.51038,647.1863,-136.05673,174.01843,833.7953,-47.112984,145.87048,821.3307,-95.756966,161.72118,830.6009,-49.180058,131.43735,811.42993,-94.24283,145.36179,895.20483,-184.12025,103.17153,877.58844,-212.0665
fondos_up
IMG_20241112_111117.jpg,fondos_up,323.73367,457.61652,-375.76483,320.49384,443.27835,-367.62222,319.5472,441.94476,-367.6221,318.51532,440.47275,-367.6564,318.71988,444.70764,-424.31406,316.51746,444.57672,-424.50443,314.25067,444.4184,-424.75027,300.09683,435.37564,-283.6636,295.63757,441.5771,-538.61115,317.31824,466.3578,-333.5967,314.3484,467.26074,-408.31763,257.6366,461.2954,-100.026634,253.20467,498.96243,-579.7381,259.5792,553.6273,72.83893,216.49118,599.7813,-665.349,270.32144,610.3666,88.52632,204.13095,697.7842,-701.0709,274.8714,626.1192,109.84244,203.87299,717.139,-760.313,275.85175,623.029,64.10439,216.97386,714.70935,-755.2213,275.87427,618.6509,69.89745,219.56494,707.48584,-698.54156,322.0403,638.9231,161.3461,295.63818,680.04407,-161.22847,442.92593,697.295,351.56683,435.97714,750.17065,-165.51813,567.6461,751.7551,619.6761,582.6776,802.3569,-84.88479,581.6786,777.9784,640.4208,596.37976,822.49567,-86.30325,623.7173,720.1834,587.46436,636.09045,763.92773,-226.14014
fondos_up
IMG_20241112_111118.jpg,fondos_up,312.70883,432.66602,-231.2555,305.2014,418.8771,-218.80246,303.35736,418.2341,-218.89783,301.3709,417.44055,-218.91277,304.84006,419.7232,-269.58624,302.91296,419.84216,-269.7509,300.864,419.87665,-269.94388,281.1442,419.80148,-139.49026,281.9742,423.86414,-367.30435,305.84988,446.53854,-194.10239,304.33957,447.76697,-260.9123,247.21742,472.36774,6.26518,247.0484,493.8905,-420.03592,230.4997,565.18774,68.46131,215.16544,603.3718,-487.11807,231.0866,635.76843,-20.734072,208.89102,703.52167,-506.23593,247.96645,651.76337,-21.368477,209.93103,723.8856,-559.02704,251.86295,649.38684,-64.77569,222.18253,721.55084,-546.27844,251.4487,645.1232,-42.00788,223.01341,714.93396,-500.6999,323.43597,647.7158,145.57884,303.43726,684.0237,-145.38046,444.91357,699.9259,282.98553,437.03177,757.54834,-97.300835,568.9842,762.6915,487.08337,585.9104,807.77454,-39.75479,578.87976,781.7164,501.75388,600.76855,837.12415,-43.80012,623.35223,719.1052,455.57465,644.127,763.86646,-162.88588
fondos_up
IMG_20241112_111119.jpg,fondos_up,390.46423,392.91406,-126.7531,402.78296,380.6537,-124.160446,408.57913,381.7189,-124.20446,414.14413,382.98212,-124.3018,387.67892,378.42218,-106.83295,383.35675,378.0404,-106.76873,378.959,377.9861,-106.803246,424.72662,390.26642,-48.758286,379.81903,381.84637,28.04634,400.60358,408.77966,-93.826675,383.8697,404.90222,-71.43475,457.80673,464.04047,-31.024618,353.8052,433.73642,136.7602,486.11288,550.8423,-36.742317,332.37225,448.2508,150.81502,506.62457,639.41516,-75.98092,335.71802,449.23145,-2.9894595,517.6837,665.7352,-96.499054,334.14252,462.92056,-27.349983,506.7614,663.4651,-124.71984,336.38925,465.9051,-43.955753,500.7562,653.89453,-85.33958,338.38803,465.22446,-16.190765,392.62885,647.15186,-42.631374,330.34583,619.71826,42.79764,300.43594,782.8496,-171.58676,251.76596,739.93994,-132.04393,157.76651,873.45734,-216.76352,129.69691,845.4918,-204.52675,132.98526,898.8168,-226.36134,109.72143,877.31995,-217.46227,117.48354,901.8633,-351.17325,47.873074,822.99255,-338.56854
fondos_up
IMG_20241112_111120.jpg,fondos_up,382.14148,404.82693,95.27143,390.18134,392.9497,106.25713,393.5207,393.1391,106.156136,396.0821,394.01688,106.069305,381.46964,392.2998,119.50394,379.33405,392.07062,119.51622,376.69623,392.687,119.22469,407.1924,398.01053,161.54683,374.4764,400.72925,221.11404,389.85242,416.6356,115.664665,379.5876,412.90866,133.29301,444.28806,461.84186,118.69305,346.24933,445.748,213.65671,474.17816,530.10535,50.897053,292.44452,462.85187,53.02866,496.05176,601.6445,18.447235,321.83682,448.96823,-142.47552,506.77216,630.4677,5.2038774,327.46216,456.08627,-169.23962,493.62747,619.4578,-5.715617,334.81805,450.72876,-162.23642,485.8278,616.51685,14.49063,335.75925,451.2948,-146.05432,416.1088,638.9772,-47.76294,351.66574,626.20886,47.981785,314.36884,757.30743,-184.32303,266.24655,721.8006,-160.11641,168.54875,864.56396,-297.36777,144.90338,843.89954,-286.1589,138.94426,888.6356,-311.59183,121.33895,873.6681,-301.99667,107.305466,887.4563,-415.46216,79.290436,843.8286,-405.19144
fondos_up
WhatsApp Image 2024-11-15 at 11.00.30 AM (4).jpeg,fondos_up,353.97333,502.16232,-171.69739,360.1299,485.09262,-170.32205,365.74384,484.5343,-170.25085,371.79544,483.86975,-170.40245,342.19592,484.88403,-174.7063,335.14606,484.4484,-174.60846,328.2919,484.16162,-174.48328,377.10364,481.69177,-51.00148,313.91504,484.50485,-67.5139,361.92236,516.7103,-116.22472,341.3855,516.4636,-121.10895,420.40945,541.3246,65.27611,267.2826,536.1111,63.373314,458.52405,573.95746,195.67844,242.1775,577.6001,231.39389,453.45743,645.924,206.74954,244.24033,642.9285,300.39105,455.8783,665.52155,197.17754,240.16165,663.0793,300.7799,441.90924,660.99493,166.2052,249.5614,664.0243,264.70746,437.35095,655.7672,196.95044,254.74405,657.68976,289.8986,388.48798,739.48254,-18.184923,296.22375,746.6635,18.46929,379.43045,802.8174,-347.74066,276.60376,800.2715,-323.6133,376.83102,1059.171,-420.7644,259.12735,1057.936,-370.20352,364.92123,1080.9967,-432.2106,274.42938,1087.7428,-378.53308,365.88452,1161.212,-606.9502,260.88107,1174.5005,-534.97473
fondos_up
WhatsApp Image 2024-11-15 at 11.00.30 AM (5).jpeg,fondos_up,359.62943,500.6868,-289.36502,365.67896,482.76035,-287.6756,370.80762,481.94055,-287.5765,376.34314,481.0954,-287.71188,348.18677,482.7561,-295.79044,340.51495,482.0232,-295.7024,333.42056,481.08704,-295.5672,380.04633,480.36536,-151.05003,317.0109,481.96793,-184.15306,366.11124,515.8829,-225.50932,346.5043,514.2179,-235.17668,421.9664,535.9507,5.7192025,271.79773,528.49884,-14.992706,456.0653,574.16205,185.45741,248.72438,576.50757,198.01886,454.486,649.0738,219.13141,250.08235,647.9789,302.4864,456.51846,668.62366,220.29852,249.24734,671.0687,315.40308,443.11887,663.69495,187.85793,256.45303,669.6951,276.0576,438.73502,658.2034,210.07903,260.18607,663.143,292.32257,389.52072,736.3319,-12.148733,297.9493,740.41254,12.353268,382.93314,797.15027,-378.51093,276.5521,804.74365,-344.3084,371.24356,1062.6503,-433.73853,260.776,1063.8439,-359.18683,356.85608,1088.4474,-445.62488,276.7922,1091.1777,-366.1666,354.5114,1168.9464,-643.43463,264.3584,1178.1804,-535.0172
fondos_up
WhatsApp Image 2024-11-15 at 11.00.31 AM (1).jpeg,fondos_up,359.62823,499.33594,-198.8464,363.9364,481.93854,-188.19994,368.44943,481.81516,-188.15929,372.5675,481.92163,-188.31628,349.20544,481.15433,-200.1491,341.6467,480.51697,-200.04494,333.6377,480.0462,-199.92087,370.52017,483.76297,-41.402676,311.80145,484.12625,-92.27768,363.0878,515.23926,-134.92134,346.25793,513.9747,-149.78581,413.1658,546.79584,92.976326,260.91827,540.0957,44.12831,450.0934,584.4272,242.20009,240.49986,581.51843,217.52216,445.02808,656.01526,251.07144,243.73073,654.7244,303.33466,446.74194,675.1535,244.73994,241.1881,678.20496,311.02228,432.70435,671.08826,214.73781,248.7238,676.25305,272.36157,428.71228,666.2518,240.8465,253.18417,669.3351,292.67792,379.38498,751.07513,-8.961437,286.18958,755.6205,9.280548,372.8892,801.4022,-382.02112,271.3849,809.03467,-368.36545,359.64136,1073.7264,-488.393,250.17279,1078.3862,-426.51004,345.49554,1099.121,-506.1208,264.37888,1107.3477,-437.0294,344.87497,1175.8174,-718.01514,258.16306,1183.7037,-617.7486
fondos_up
WhatsApp Image 2024-11-15 at 11.01.06 AM (6).jpeg,fondos_up,357.44675,398.93005,-46.67705,358.55157,384.45715,-22.685568,361.77585,384.5482,-22.794546,364.41968,384.58813,-22.942293,346.0843,384.05637,-40.63987,339.74744,383.85315,-40.57491,332.36682,383.9602,-40.65173,355.70688,387.54675,109.634964,308.43945,389.04373,28.271374,359.98718,414.7664,5.506761,344.8862,416.11176,-18.57409,403.8379,484.6676,177.0123,241.20964,480.32864,44.016518,402.50568,589.2622,254.51752,228.89957,589.46735,103.6193,394.75262,688.971,205.11748,249.00525,694.27856,126.04447,391.8402,717.67566,191.06607,249.01396,720.91034,113.34125,389.87296,717.97003,160.8406,259.28558,716.7813,93.01888,388.27847,708.7537,190.1868,263.22733,708.9751,120.021126,376.90503,696.3905,16.90488,282.98593,703.2219,-17.027882,385.60944,861.83704,-225.69809,286.0004,875.073,-231.59485,394.32593,1105.1997,-325.90332,304.66846,1104.6667,-320.28088,376.5768,1156.3258,-343.6917,312.5289,1149.8854,-334.12234,410.81323,1148.5632,-529.4227,309.84705,1142.7432,-512.5415
fondos_up
WhatsApp Image 2024-11-15 at 11.01.06 AM (7).jpeg,fondos_up,353.74808,389.23843,-123.77667,356.38834,375.14246,-100.88715,360.10608,375.16846,-100.95741,363.3315,374.99756,-101.07524,342.63666,375.67023,-115.03469,335.859,376.00946,-114.97771,328.06378,376.7843,-115.03372,356.8202,377.9456,41.986263,305.7476,382.14786,-21.397415,357.18973,406.59564,-66.75928,340.44855,408.65292,-85.60001,406.06976,474.422,131.98865,244.78354,470.09357,32.44358,407.41446,578.84924,258.63736,237.15906,586.37134,135.10216,400.12164,679.0319,243.60237,257.4688,692.1176,170.87094,398.81653,705.0595,237.43024,256.5667,718.0332,162.11322,394.61,703.73956,200.9972,267.91336,714.5879,138.99944,391.52847,695.90546,228.04141,271.67365,707.1686,164.25235,380.8474,688.24927,6.9498477,286.8164,697.99896,-7.074402,386.64218,862.41815,-227.05238,292.91376,876.4725,-206.70714,406.62018,1094.6484,-285.484,309.63623,1098.8481,-272.72662,396.45383,1121.9004,-300.18655,320.21622,1149.4636,-286.0034,401.5412,1142.3732,-501.42755,309.04837,1136.9363,-477.0019
fondos_up
WhatsApp Image 2024-11-15 at 11.01.07 AM (1).jpeg,fondos_up,338.2198,390.92715,-214.10103,344.2678,377.6507,-193.08292,349.78955,377.96207,-193.1011,355.57364,378.23834,-193.2691,327.76782,376.67575,-202.73083,320.3621,376.7173,-202.67186,313.00977,376.83945,-202.71625,357.4714,382.15686,-34.35048,296.30298,382.95953,-78.64812,345.1552,410.49615,-149.31796,322.82724,409.95593,-162.78996,404.11517,471.64545,106.495125,242.22473,469.09583,25.04247,407.8871,569.64496,311.5759,236.53612,573.2932,205.86954,394.35892,663.14606,372.5509,256.11945,666.1416,296.5117,394.21848,688.47205,381.45355,258.26663,693.2087,302.50925,389.36066,685.9093,346.5188,266.48154,688.4735,269.2515,386.6618,677.1606,359.68866,269.91022,681.9989,287.8882,377.23895,684.39343,9.194527,282.5778,692.4293,-9.272295,387.70935,854.74884,-227.58911,295.01794,871.0857,-225.85127,402.99097,1094.1145,-265.40253,309.9074,1096.5587,-255.76479,392.4759,1139.9025,-279.8496,319.2691,1141.3821,-266.95462,415.7607,1156.3317,-501.7907,320.35248,1142.4675,-480.91202
fondos_up
WhatsApp Image 2024-11-15 at 11.01.07 AM (2).jpeg,fondos_up,369.4417,377.6989,-64.281685,367.5882,363.94812,-45.12398,369.57065,364.19125,-45.15434,371.0762,364.5108,-45.231396,356.26816,363.14203,-65.31416,350.20352,363.22308,-65.25191,343.44986,363.97372,-65.31947,357.085,369.67072,67.701775,315.37134,375.22253,-24.882818,367.7278,394.99832,-19.03216,354.0711,397.41644,-46.23628,404.60617,472.31067,132.1155,245.44887,467.26337,0.95782244,403.98938,577.9432,247.09357,237.18379,581.6365,98.81574,397.31104,676.651,255.54701,258.0467,684.3529,189.35127,396.46838,701.14355,256.85367,257.66064,710.4926,190.68834,392.8332,699.7919,228.5301,268.92017,706.7189,173.64688,389.75964,691.93445,243.48824,272.6222,699.92004,186.57494,382.34912,687.1595,13.711242,288.49408,696.38824,-13.908582,388.8059,854.47363,-212.85217,295.6363,872.5322,-201.00659,401.64938,1095.616,-289.32922,310.87112,1097.2957,-258.29752,389.40906,1140.7905,-305.29123,320.3902,1134.411,-269.93457,409.50183,1152.7942,-493.57495,316.8433,1136.5964,-444.23325
fondos_up
WhatsApp Image 2024-11-15 at 11.01.07 AM.jpeg,fondos_up,331.36478,391.89362,-251.97708,341.20508,377.89017,-239.41795,346.3006,377.98193,-239.40718,352.80725,378.16986,-239.55869,321.2767,377.5791,-242.59058,314.05817,377.39203,-242.52353,306.99832,377.68216,-242.53749,359.5761,381.1603,-106.493286,295.12885,381.92868,-122.18682,342.59033,410.23178,-195.60574,317.4568,411.67935,-200.75107,407.37793,474.15002,24.154116,243.71585,464.74258,-22.157616,405.33005,577.1021,223.41644,237.44069,578.5389,149.18513,393.4091,673.1689,316.21716,262.74274,680.43823,242.71556,391.51987,698.1559,328.88858,265.56287,706.79944,248.56909,386.13614,696.59143,295.58096,274.96362,702.1813,219.44135,383.7988,688.7975,305.69962,277.14322,693.2848,235.02693,376.96414,687.8659,6.8321753,281.99768,695.9808,-7.029878,388.1566,853.0536,-218.03055,294.39432,870.1842,-211.36429,403.23816,1095.9504,-256.47296,308.19003,1096.5527,-250.21815,391.92108,1142.3119,-270.1228,313.74622,1125.4498,-261.41788,419.45853,1153.8928,-480.4107,316.92517,1143.3259,-462.2729
fondos_up
WhatsApp Image 2024-11-15 at 11.01.08 AM (1).jpeg,fondos_up,376.55356,373.26306,-84.59746,374.47647,359.93994,-68.0773,375.8759,360.369,-68.11964,377.0666,360.8472,-68.235435,363.83868,358.68866,-86.743034,357.85913,358.30017,-86.64883,351.2954,357.8651,-86.675606,362.94937,367.43863,39.214397,324.33658,364.48032,-45.96565,371.72223,391.05106,-41.478897,360.09833,390.32147,-66.35781,405.71008,464.21118,92.91676,244.06778,455.67612,-3.7721996,396.836,568.0394,228.04887,235.39955,560.10223,101.063965,390.14786,664.4032,301.26465,257.74942,661.82196,198.63176,388.8169,687.77765,310.05707,256.6031,687.1854,204.74527,384.17838,685.80835,288.44647,266.55713,685.8359,189.58418,381.12808,677.90845,293.61426,271.2861,679.3228,195.93048,382.2093,678.56604,6.8930726,287.12888,688.70496,-7.0533295,388.2073,847.97644,-200.0513,293.54108,857.8325,-178.1453,405.95547,1089.9546,-273.47818,313.90033,1089.3988,-247.5196,393.61487,1133.2993,-289.10666,325.47583,1125.1539,-260.32465,414.0827,1153.0986,-463.78513,311.19336,1146.1492,-419.7198
fondos_up
WhatsApp Image 2024-11-15 at 11.01.08 AM (2).jpeg,fondos_up,385.08887,357.85272,-64.1412,380.5383,344.8617,-47.43471,380.8972,345.21448,-47.47452,380.89307,345.41977,-47.572586,372.266,343.5818,-71.66332,367.00546,343.17136,-71.60755,361.23367,342.58307,-71.66412,361.57367,350.93097,58.610737,330.96652,348.68423,-51.9491,378.6877,375.39453,-20.53331,368.78168,373.1699,-52.771404,402.77588,443.46564,121.34586,237.75555,442.08795,-16.422491,392.42163,547.97144,251.16579,230.82196,553.6979,77.11198,383.26062,648.342,278.36072,252.05258,653.425,160.5485,380.0252,674.7364,280.41907,250.12112,679.7529,160.53601,377.09872,673.65796,255.82674,259.1556,677.77185,145.46782,368.8831,665.368,267.76807,263.6914,670.7905,158.18607,379.12262,661.0885,12.518968,284.13647,669.32275,-12.661936,391.52948,832.1659,-172.34686,290.6415,836.55365,-199.8174,404.6347,1080.1738,-235.78519,309.73846,1074.0461,-232.46953,384.73627,1122.2002,-251.05264,319.5533,1107.9854,-241.44757,413.16626,1150.9242,-433.43558,317.3434,1139.5033,-412.57706
fondos_up
WhatsApp Image 2024-11-15 at 11.01.08 AM.jpeg,fondos_up,370.25858,368.64526,-59.53663,367.4187,357.64508,-43.20467,369.01608,358.02814,-43.26141,370.27457,358.4043,-43.386562,356.7644,356.6421,-57.571083,350.84378,356.79974,-57.490032,344.71588,357.40308,-57.526127,356.15933,365.4405,55.688454,317.76447,368.19186,-9.991269,368.38608,385.60327,-20.016798,356.18127,387.09744,-39.2693,404.81207,469.23447,104.066536,246.14409,458.9118,15.161538,401.12595,576.06616,209.5377,239.49124,568.65326,128.64752,384.81747,662.3514,247.63182,257.87387,672.3793,236.95445,381.18118,683.70703,250.78961,258.5134,699.6384,243.24997,373.39996,679.95575,229.9372,269.11377,697.0533,231.76186,371.9637,672.6254,239.39516,272.8147,689.78894,235.50346,379.97845,682.82074,9.124064,287.85117,688.70215,-9.30191,392.431,858.17145,-192.60318,295.4549,869.3168,-181.5925,401.12454,1093.5438,-250.11595,311.81198,1092.7328,-230.01352,388.12396,1133.9034,-263.2379,323.61566,1131.8315,-240.53314,415.4427,1152.0118,-432.26038,317.78848,1139.8506,-405.12466
fondos_up
WhatsApp Image 2024-11-15 at 11.01.26 AM.jpeg,fondos_up,383.29373,458.55606,-251.56615,390.074,443.53918,-235.17253,394.4,443.8066,-235.22688,398.64923,443.95117,-235.29245,375.60193,440.59738,-246.07918,368.7558,438.86996,-246.10736,361.59357,437.76263,-246.09683,400.5495,445.16962,-88.622375,343.8057,439.28064,-140.86676,386.19815,474.07147,-188.30936,368.14877,472.67004,-203.82385,435.30554,509.56616,32.312737,287.499,514.3121,-36.206352,457.435,594.7486,114.66318,266.68594,605.77625,5.868241,458.53662,680.3478,3.8565521,263.67917,680.31836,-96.966805,463.46283,704.178,-24.645542,256.52222,707.64703,-127.348045,453.08926,702.0159,-62.261185,264.61188,703.54095,-164.06313,448.82898,694.37915,-13.023286,268.95422,694.5434,-112.030655,411.9872,696.1423,10.519084,321.32483,699.3873,-10.394863,408.23886,825.49255,-246.46553,311.50677,822.51465,-285.22354,427.4402,1008.0358,-317.2115,283.46887,1002.49866,-319.46674,416.43488,1054.3025,-333.2987,294.65308,1041.4193,-330.5775,437.69867,1055.9913,-522.11896,273.51163,1060.4802,-519.01215
fondos_up
WhatsApp Image 2024-11-15 at 11.01.45 AM (3).jpeg,fondos_up,367.0385,519.31573,-101.16544,373.2644,503.0431,-89.35266,376.99066,502.84274,-89.389275,380.72653,502.37653,-89.42828,358.0338,502.31976,-93.24455,351.21646,501.7116,-93.18987,344.55664,501.1348,-93.12962,383.60086,502.6812,20.959251,331.02078,502.60248,0.8861736,372.9961,534.8701,-54.323578,353.61273,535.17194,-60.34006,422.10663,574.9048,85.36338,286.25446,575.3613,47.79885,466.1014,647.71936,130.5059,232.73404,641.79254,105.58915,448.02454,725.3374,38.72635,255.92035,725.99,94.143776,448.37476,746.96387,10.100784,251.8838,749.20935,79.58358,439.1077,743.36273,-11.889695,263.3019,746.0558,65.74619,436.24564,736.3345,29.3726,268.83737,740.4287,90.89122,394.32675,765.21,10.607648,316.4086,766.2037,-10.7325535,408.8108,893.25555,-156.33076,311.00458,899.5027,-186.82358,429.84357,1094.3567,-234.17601,307.82764,1097.9915,-231.3636,415.03894,1122.5646,-246.45201,315.28055,1124.4382,-239.37697,459.73486,1149.5342,-384.3027,315.91696,1155.4336,-383.18338
fondos_up
WhatsApp Image 2024-11-15 at 11.01.46 AM (1).jpeg,fondos_up,357.37878,472.17188,-92.26371,363.93018,458.94678,-72.05771,368.53986,459.1604,-72.12067,373.34702,459.41974,-72.13016,349.22018,457.46445,-79.183136,343.4651,457.29507,-79.1202,336.4899,457.6506,-79.033325,374.113,461.9252,46.08317,320.86346,464.13068,9.665859,361.72763,487.8644,-46.455227,345.7491,488.29422,-56.71544,412.2367,540.96747,92.6759,276.69366,544.1177,29.01839,428.73798,635.15936,105.72693,258.8383,643.2179,31.985954,435.21918,729.2968,-1.9251573,250.52313,731.9294,-49.829426,442.91718,749.7416,-39.504467,239.04047,757.84735,-84.810715,436.35876,748.21436,-72.77682,248.14348,754.8003,-107.84568,430.96494,741.8175,-19.24902,255.76936,747.20557,-61.333393,392.1842,743.2506,18.542282,312.73264,746.71173,-18.492064,403.488,894.39087,-64.52864,310.24448,894.61536,-97.938545,425.7176,1067.3188,-31.904692,304.30426,1065.6243,-44.666054,417.2468,1110.4178,-35.069664,312.3597,1095.9854,-46.937042,467.4974,1085.8094,-155.56152,305.16156,1116.1257,-183.7729
fondos_up
WhatsApp Image 2024-11-15 at 11.01.46 AM (2).jpeg,fondos_up,338.40207,493.0981,-121.04269,345.13034,479.65927,-99.900635,349.3607,479.93365,-99.9785,353.98987,480.06516,-99.9899,330.67563,478.32922,-107.40503,325.149,478.11316,-107.37234,318.3406,478.38852,-107.336845,354.50156,481.84555,30.031807,302.39633,483.79877,-7.9254,342.5439,508.50586,-70.0008,326.1448,509.2306,-80.68735,391.73752,556.3895,86.05711,257.70355,561.593,24.855652,410.94485,650.177,90.467476,240.80818,659.8684,0.07079045,418.93228,747.1532,-43.423756,233.3887,750.53906,-133.31612,427.41876,769.8962,-85.404594,220.93199,776.2551,-177.6238,418.6515,768.52673,-121.21676,231.68651,773.1342,-204.19966,412.87784,761.4477,-62.294235,240.40982,765.9339,-147.37048,377.40994,761.26196,18.051882,297.23245,766.2731,-17.890118,387.89786,909.80096,-76.088394,296.69977,912.31616,-136.29611,411.6649,1083.4895,-35.26069,288.85867,1085.2408,-78.10518,401.1619,1125.3257,-38.682266,297.93683,1117.9341,-80.82946,450.2449,1103.262,-173.36195,290.58102,1138.9003,-238.09868
fondos_up
WhatsApp Image 2024-11-15 at 11.01.46 AM (3).jpeg,fondos_up,335.01727,521.9944,-82.31764,341.11188,508.6502,-61.860195,345.0751,508.86505,-61.93033,349.31534,508.9433,-61.958454,326.6851,507.47647,-68.99704,320.7657,507.24573,-68.93004,313.75092,507.33292,-68.85229,349.20227,511.53046,62.09854,297.9922,512.26184,24.719181,339.14667,536.69495,-33.94129,322.39108,537.3027,-44.47212,387.41763,587.6162,113.06284,251.25114,589.8223,47.537643,401.5878,683.36206,126.14531,235.79031,687.4783,16.625397,407.60162,774.04736,15.3029175,224.85043,775.91516,-114.5888,414.02728,797.5338,-24.34023,208.92366,801.8805,-157.48242,406.19073,796.4509,-60.874165,219.88132,798.7262,-180.65146,401.53314,789.55475,-3.3091378,228.06679,791.43134,-126.96614,368.99124,787.9335,15.24516,289.8285,791.09094,-15.1005125,379.28207,942.5394,-65.76204,286.45462,949.45435,-88.42293,395.87936,1120.9491,-25.605736,276.47513,1116.5234,-45.924076,382.9866,1164.7219,-28.639397,284.98532,1153.4424,-49.681633,428.3881,1144.3226,-155.79985,274.65942,1160.556,-193.00635
fondos_up
WhatsApp Image 2024-11-15 at 11.01.58 AM (3).jpeg,fondos_up,311.89578,537.28174,-607.4481,321.04886,522.12085,-607.46594,326.35773,520.827,-607.4242,332.23315,519.2494,-607.4992,310.29965,522.0344,-598.6869,308.16437,520.741,-598.8851,306.1524,519.02563,-599.013,347.80142,511.9366,-470.0457,314.8831,510.70428,-431.16248,324.52692,546.4422,-543.54016,309.91782,544.8743,-532.8182,410.86838,564.53394,-256.52353,265.2293,568.1404,-256.8608,420.13074,643.4403,-109.85657,249.23643,651.41675,-140.8224,410.66803,728.65204,-132.75726,253.00279,728.7329,-205.35803,412.43002,751.78284,-143.50383,251.5791,747.5824,-232.45427,408.10065,750.3205,-186.34126,257.74753,745.86884,-277.95758,404.31476,742.78345,-147.4851,260.55853,741.1736,-222.67757,380.87448,739.0321,2.9763014,297.16495,738.6175,-2.7648823,367.42963,847.9416,-368.44882,302.38254,847.0749,-391.1358,367.28427,1019.8205,-411.77274,298.74573,1019.3991,-428.45877,357.0507,1063.8867,-427.42,306.11118,1054.6887,-442.47208,362.4227,1032.9131,-656.4835,304.88928,1035.5265,-663.8997
fondos_up
WhatsApp Image 2024-11-15 at 11.01.58 AM.jpeg,fondos_up,359.36728,560.445,-737.7606,362.33102,547.83636,-737.1459,365.79486,545.9169,-737.0567,369.22748,543.5659,-737.08014,349.9079,549.31036,-749.18665,344.40393,548.4216,-749.4546,338.92117,547.11035,-749.50214,369.9344,531.6743,-572.35913,323.8775,537.77856,-629.30426,363.70813,565.9934,-659.498,349.4837,565.7624,-676.5445,410.1398,569.8867,-330.33246,259.37097,574.9488,-396.12494,419.00232,643.37634,-126.75222,249.09741,657.2161,-175.94028,411.06848,725.2251,-136.16579,251.55765,731.84375,-92.05924,411.57385,746.4358,-141.69145,247.22234,752.5464,-90.37177,409.07748,745.04004,-187.40543,253.58586,748.813,-137.15883,405.2899,738.04504,-151.47864,257.2882,742.6221,-102.45522,378.5424,734.48145,3.0107894,295.22464,737.2702,-2.5550456,364.76508,852.92065,-300.91043,299.83224,852.8137,-391.88574,370.99255,1013.3093,-290.07944,296.38516,1013.6679,-327.83252,364.59006,1042.9088,-302.03085,300.83698,1033.7172,-333.0268,362.91727,1042.5681,-522.71375,285.8285,1055.8082,-542.8925
fondos_up
WhatsApp Image 2024-11-15 at 11.01.59 AM (1).jpeg,fondos_up,342.81134,547.1786,-699.401,348.85718,532.78613,-687.0488,352.6793,531.49744,-687.02606,356.7102,529.5733,-687.0758,335.92358,532.4704,-695.36383,330.13824,530.9247,-695.58826,323.8508,528.8687,-695.676,360.08722,519.0057,-499.51825,306.3805,518.17487,-540.04376,347.69342,554.79706,-616.86536,331.23563,554.7887,-629.1394,399.94363,559.0891,-276.08435,250.1235,567.74725,-339.67148,409.63257,642.0188,-140.0685,242.07344,652.3471,-229.05545,400.76068,723.9562,-230.66434,247.64044,727.2921,-295.34134,402.0135,748.39874,-256.43335,245.13414,748.52454,-325.72925,399.5256,747.28406,-299.87888,249.55702,744.92303,-375.13342,396.22342,739.4696,-248.50046,252.9651,738.6919,-313.50717,373.1082,729.5303,13.947273,288.84543,732.6228,-13.591074,360.10635,841.86365,-387.83585,296.3863,840.4898,-430.4703,361.80347,1006.5671,-362.20215,293.12698,1004.96765,-385.2493,354.67197,1045.197,-371.66016,301.23785,1025.6907,-392.40103,368.3679,1051.6261,-610.8961,299.44772,1053.0917,-630.81885
fondos_up
WhatsApp Image 2024-11-15 at 11.01.59 AM (2).jpeg,fondos_up,360.62646,525.3971,-649.131,358.68985,514.745,-635.264,359.68472,513.36914,-635.2514,360.80313,511.64548,-635.2886,351.92914,515.9512,-652.9083,347.66058,515.577,-653.16705,343.0542,514.84076,-653.3047,353.18454,506.47675,-452.89413,322.9093,510.92953,-536.6633,357.8382,533.18665,-569.49835,348.81705,534.4977,-594.37384,394.61444,555.12305,-247.36003,243.44145,561.8266,-357.78375,403.08075,638.5717,-115.33563,233.56612,643.98303,-267.8295,396.4738,721.0223,-225.44003,239.18405,722.7716,-313.45673,399.54053,744.5541,-250.38623,235.39034,746.04834,-341.70117,395.0787,743.81354,-294.43195,241.96465,743.23596,-386.7521,390.31818,736.8882,-243.94612,246.09799,736.4238,-328.91183,366.53653,725.9198,18.733376,281.8039,728.5514,-18.418898,354.33075,838.4215,-375.89392,287.22662,835.77246,-427.1249,352.50183,1011.14374,-409.39792,287.40305,1006.3939,-426.05066,344.49625,1049.3479,-424.71014,297.56018,1025.7128,-437.4797,343.3859,1029.7793,-663.8745,284.41306,1046.9082,-670.185
fondos_up
WhatsApp Image 2024-11-15 at 11.01.59 AM (3).jpeg,fondos_up,353.05484,530.08606,-693.4242,352.95563,517.72516,-678.2069,354.77756,516.0788,-678.18195,356.7527,513.84576,-678.20825,344.54086,518.6615,-693.94977,339.85242,517.7793,-694.2234,334.6089,516.38074,-694.3467,351.36853,505.64978,-482.92374,311.79703,510.363,-558.9352,353.1143,538.4355,-608.5523,342.14502,540.08765,-631.2227,391.9654,554.0058,-256.68326,242.14369,563.14844,-368.84915,401.30817,638.2101,-104.45502,231.61212,643.28784,-257.22705,393.65335,721.7699,-198.81235,238.04512,722.10803,-298.21564,395.58337,746.0055,-220.86052,233.60849,746.16815,-326.41125,391.58636,745.53595,-266.57007,241.09004,743.642,-372.07385,388.01834,737.352,-217.09958,245.56763,736.81305,-313.4865,366.87653,727.0973,20.929148,281.39294,729.5585,-20.59145,354.09128,841.5239,-396.11884,285.7254,838.8947,-451.9242,352.92313,1011.5935,-375.72238,285.99356,1010.5527,-401.2988,345.248,1054.5461,-385.81964,294.9678,1032.6418,-408.2431,361.18036,1058.4292,-627.28845,290.58105,1060.3079,-648.4384
fondos_up
WhatsApp Image 2024-11-15 at 11.01.59 AM.jpeg,fondos_up,300.46732,537.9544,-451.94977,307.78156,524.2886,-462.2623,312.3146,523.1315,-462.23642,317.05826,521.67834,-462.3164,299.76584,524.59424,-445.46753,298.38974,523.6724,-445.6281,296.98065,522.4518,-445.74164,335.5948,513.6916,-376.3717,308.66046,514.5807,-299.53668,312.82736,545.9396,-406.8499,300.3755,545.4298,-385.02707,410.38583,564.7751,-203.68579,261.261,568.3583,-160.23103,417.43402,650.49225,-102.77929,244.46089,656.44965,-66.92462,401.03946,731.8733,-140.4404,257.21252,733.4719,-153.51367,401.21667,754.71924,-155.61916,259.95844,751.8993,-179.8925,397.2439,753.5868,-189.86584,266.27496,748.7178,-216.90625,393.96744,746.6881,-152.72075,267.4271,744.06445,-168.65102,376.19415,737.44775,-4.8180466,292.17822,735.5755,4.961729,363.6141,842.4462,-388.35648,300.23657,840.0513,-394.10513,363.17825,1017.1355,-475.3541,295.74704,1012.67,-485.96716,354.1813,1061.3379,-493.66962,303.00824,1035.1316,-503.30063,355.96872,1030.2013,-715.5338,295.05023,1049.0522,-716.3261
fondos_up
WhatsApp Image 2024-11-15 at 11.02.00 AM (1).jpeg,fondos_up,350.46603,539.3082,-731.5933,351.70663,525.59045,-719.6195,354.11703,523.75946,-719.59155,356.64005,521.61414,-719.64496,341.58133,527.3631,-735.6175,336.73117,526.7666,-735.89044,331.5967,525.7485,-735.99695,353.4697,514.5529,-531.4273,313.06546,519.3888,-608.0104,351.49323,546.4232,-648.56903,339.28998,547.7857,-671.20557,393.1558,564.67523,-306.6959,240.74194,566.6877,-400.0066,401.5504,645.4735,-157.94582,232.20253,651.31116,-256.65607,391.21674,729.68634,-242.09775,233.20828,729.25476,-245.19524,393.2636,755.1761,-263.9603,229.50702,751.4142,-261.9511,388.04263,753.0549,-308.93588,236.62492,748.6909,-312.03897,383.88098,745.29016,-260.19907,241.16226,742.76404,-260.70032,363.1331,733.6817,15.0618,277.21927,735.8152,-14.650596,346.33734,844.2643,-348.15958,282.13162,844.9331,-435.95145,341.9474,1016.01794,-390.57812,275.90613,1013.80945,-472.5921,331.26532,1058.1115,-406.93573,290.12857,1036.5497,-487.86014,336.33377,1033.5598,-633.5261,285.83078,1037.273,-708.35205
fondos_up
WhatsApp Image 2024-11-15 at 11.02.00 AM (2).jpeg,fondos_up,357.45517,541.3467,-753.92596,359.7984,527.61536,-742.5372,362.41132,525.9075,-742.45776,365.094,523.8388,-742.4451,349.33905,529.28827,-758.7135,344.1045,528.7057,-758.9901,338.04602,527.6836,-759.02496,362.5891,515.57874,-549.7129,316.10162,520.98816,-627.881,359.43353,548.8956,-668.78687,346.49884,550.88934,-691.8203,400.98566,559.7021,-307.53622,250.7265,568.53986,-409.83655,409.14227,638.68616,-111.55702,240.67415,648.54785,-222.57085,401.38718,722.611,-147.42964,239.77519,725.31067,-162.75002,402.6901,744.5379,-154.90512,233.77159,746.3805,-168.51933,399.6388,744.82336,-200.94849,239.61032,744.10956,-213.79996,395.94333,737.5189,-163.90216,244.55325,738.114,-173.80278,371.71957,733.5058,15.708379,287.30777,735.38635,-15.327684,355.50735,846.89264,-350.85168,287.35913,840.2543,-433.21048,351.7783,1020.19745,-366.85464,285.82693,1013.56726,-400.97333,341.4546,1062.3381,-381.9057,294.95587,1032.8627,-410.36786,349.73053,1036.5149,-613.4437,281.1873,1057.9395,-631.32306
fondos_up
WhatsApp Image 2024-11-15 at 11.02.00 AM (3).jpeg,fondos_up,346.76544,544.2979,-756.3968,352.1921,529.4103,-742.3103,356.41675,527.7337,-742.2526,360.41992,525.6609,-742.27924,338.82462,530.1168,-752.4191,333.08554,529.03467,-752.6495,326.927,527.48267,-752.6627,364.51425,516.7274,-541.07385,310.25424,519.1024,-590.7644,352.2927,552.6698,-668.8442,335.75183,553.8681,-683.548,404.27625,561.0918,-286.90317,257.01254,567.9731,-368.85855,412.68546,641.65375,-90.33424,243.93115,652.5717,-191.50967,406.88623,723.2156,-128.7278,244.57416,724.08136,-171.9885,409.0699,745.92163,-141.00581,239.87561,745.2384,-184.13504,406.12982,745.2556,-188.39722,245.62877,743.1199,-234.4015,402.08395,737.87256,-146.27972,250.07498,737.47186,-186.78542,376.25055,733.0504,14.32631,292.09543,735.2097,-13.930988,360.44052,842.12744,-378.67065,294.26907,841.5277,-421.21896,356.06482,1018.8623,-426.40198,290.71262,1011.7864,-425.42624,345.98935,1058.2325,-444.13608,299.8232,1029.9688,-438.66962,367.76123,1056.1284,-681.2701,291.75305,1053.7485,-668.44824
fondos_up
WhatsApp Image 2024-11-15 at 11.02.00 AM (4).jpeg,fondos_up,345.43045,544.50977,-679.6009,352.3845,529.1184,-671.74695,357.3623,527.3146,-671.74915,362.09732,524.9623,-671.85364,337.6622,528.91125,-678.3313,331.94763,527.1518,-678.5634,326.227,524.96106,-678.62164,367.98874,512.884,-494.02493,313.76538,513.7122,-524.28845,351.84644,551.79675,-599.4835,335.38885,551.0253,-608.6643,410.18533,562.26355,-265.04343,264.2209,564.1328,-327.72308,417.62265,641.8883,-130.7968,252.77852,650.6574,-195.10097,406.1393,729.5083,-208.62799,252.55016,729.0036,-209.18333,406.08975,754.6699,-231.31763,249.79349,750.9751,-227.39818,402.7784,750.97644,-274.48633,255.30304,748.0936,-276.46866,399.69797,744.1226,-226.28029,259.34558,742.50824,-225.97122,379.84714,736.06836,12.830715,297.29648,736.08636,-12.505286,366.27963,841.7813,-381.93115,299.17712,838.05304,-392.96118,357.7098,1014.9712,-474.2857,298.44284,1006.66064,-493.47922,345.17834,1053.6284,-493.90286,301.01068,1036.5988,-513.48334,353.85767,1030.5781,-713.43304,304.87546,1026.7225,-725.92505
fondos_up
WhatsApp Image 2024-11-15 at 11.23.42 AM.jpeg,fondos_up,267.53806,446.1455,-12.608538,269.20035,430.841,-38.26825,270.98657,429.81714,-38.30358,272.89584,428.69778,-38.376923,268.7187,431.00815,8.573749,270.0805,430.16443,8.640383,271.47754,429.20975,8.54462,293.65738,425.19067,-118.18462,291.3585,424.53772,91.31706,279.02994,455.9876,-41.213886,277.89825,456.07715,20.184752,326.18628,481.03082,-247.30453,338.4938,479.0586,208.13867,357.0981,595.0532,-342.4758,354.74515,588.0096,213.77214,374.00824,686.22095,-353.8067,361.80725,671.84753,119.06345,380.8999,707.29974,-400.64838,362.26068,693.5823,122.85841,376.73102,710.46265,-386.03302,356.86438,695.2012,90.30809,373.54675,703.87665,-348.50534,357.2999,690.50574,101.34834,315.88312,684.87335,-164.93224,323.35718,673.83484,164.9915,134.82933,695.6317,-188.38727,163.27531,698.97864,172.10687,67.04969,837.41754,-75.95131,84.25033,823.1185,302.29727,75.9858,866.55286,-65.062546,93.48391,854.13916,310.45737,-12.091527,863.1699,-95.435425,20.500618,845.3419,277.21472
fondos_up
WhatsApp Image 2024-11-15 at 11.24.17 AM.jpeg,fondos_up,273.7986,444.73465,-25.149124,275.3104,429.28342,-51.85165,277.16492,427.98438,-51.88086,279.115,426.55624,-51.951283,274.52307,429.76288,-5.436068,275.71545,428.94708,-5.3696914,276.8556,428.02597,-5.4472656,297.53357,422.8332,-130.30745,293.27722,423.32623,77.1125,284.71045,453.2276,-52.447582,283.20154,453.67645,8.296576,329.08618,478.37146,-260.2384,343.3683,477.83688,205.88547,360.783,590.0033,-352.26492,351.9112,581.8402,225.28105,374.8759,688.5946,-368.61856,341.7771,662.3379,138.07684,381.57574,711.56036,-418.17633,339.18185,699.2636,145.13388,373.20062,713.2849,-402.3583,333.66284,703.05365,107.38672,370.05576,705.82776,-362.57828,336.33383,695.0514,118.86441,314.60315,683.7294,-165.70107,316.7986,671.09607,165.71342,137.93289,694.36255,-195.85988,155.81956,687.61285,158.62701,67.54023,839.19995,-87.432755,81.37238,821.9532,285.07114,77.7475,870.17334,-76.58168,91.48067,856.02344,293.66574,-1.2212205,851.5531,-108.431786,11.65761,838.0416,263.33405
fondos_up
WhatsApp Image 2024-11-15 at 11.24.42 AM (1).jpeg,fondos_up,266.68176,457.08093,-46.666748,268.10834,442.2818,-74.06284,270.12292,440.74316,-74.1079,272.29263,439.04987,-74.19323,267.05,442.93738,-26.852919,268.10287,442.03345,-26.786413,269.11404,441.05127,-26.88462,292.7596,433.34222,-155.67851,287.67285,434.26315,56.352642,279.251,464.7625,-74.52893,277.4521,465.5635,-12.437577,328.94608,485.85883,-279.49957,336.46832,484.10477,188.27763,359.1721,600.38153,-365.7113,346.47592,590.89404,209.50294,375.77792,694.5169,-371.2627,341.22406,671.09705,129.373,381.52274,715.8948,-418.67957,333.77496,704.08844,140.64326,374.8172,718.9446,-401.81458,327.1197,707.7375,103.23744,373.1014,711.6931,-364.57245,329.68607,700.08374,110.8775,317.83145,690.39575,-164.4533,319.0769,676.49023,164.52316,141.04688,701.6719,-198.8595,162.53226,696.7535,153.4159,68.111565,842.0149,-93.5425,86.97741,824.302,277.10068,76.365326,872.02344,-83.68503,93.06999,856.4993,285.4455,1.7843986,854.7781,-124.54538,17.759829,845.912,251.72458
fondos_up
WhatsApp Image 2024-11-15 at 11.24.42 AM.jpeg,fondos_up,266.0467,454.89716,-17.579054,266.82242,440.00763,-44.179188,268.32684,438.78876,-44.22353,270.0151,437.4511,-44.30214,266.82202,440.1448,3.011849,268.15808,439.14362,3.087698,269.54977,438.0484,2.9859087,290.52655,432.00195,-127.15359,286.9773,431.93152,84.41424,277.1921,462.64246,-46.939365,277.02258,463.08203,15.074551,328.70462,481.50793,-257.5181,342.33917,478.8232,207.7418,360.62357,593.5035,-348.80463,351.05585,586.5651,219.90395,376.17908,688.5605,-358.5229,344.2702,669.4874,133.14853,383.54163,710.96765,-405.96967,342.36133,692.85046,141.52695,377.08502,714.43445,-390.2495,330.93665,705.91406,105.69265,374.24704,707.7093,-352.76352,333.3029,698.10767,114.63698,314.26007,685.4389,-164.7631,319.0734,674.0299,164.84348,136.97911,696.2546,-194.43117,157.30733,692.6415,162.96878,67.51925,837.46216,-89.08385,84.162224,824.7797,298.34692,76.9559,867.8012,-78.98179,94.509415,856.8194,307.43634,-0.62806606,852.3478,-113.758125,13.43173,841.65765,275.23895
fondos_up
WhatsApp Image 2024-11-15 at 11.24.43 AM (1).jpeg,fondos_up,258.47964,456.43585,-69.463356,260.95685,442.24207,-99.36714,263.05374,440.80878,-99.4076,265.3139,439.25085,-99.46708,260.51218,442.52594,-54.4814,262.1245,441.36917,-54.47266,263.8779,440.08966,-54.571682,287.2386,434.97827,-186.48256,283.08374,435.53308,15.260224,270.19156,465.27283,-98.17074,269.82126,466.23193,-39.04888,327.06036,485.523,-286.16345,333.41196,483.55597,147.09416,356.65994,594.2212,-351.69373,328.81033,579.4854,210.08363,374.99274,694.40735,-343.8201,303.49194,644.7369,169.08282,381.7039,718.63275,-389.4194,295.2264,663.4366,184.26614,372.53,720.81274,-375.29785,288.32507,665.99725,142.8174,370.55783,712.1815,-338.1914,292.6024,660.1941,150.42433,318.10834,693.9349,-147.46979,318.0875,677.68445,147.66315,140.43777,707.5837,-166.57611,161.28326,689.4687,142.23776,69.96757,846.738,-79.69478,87.36347,820.31323,285.90918,78.48609,881.14,-72.99477,102.56733,852.90076,297.03802,-5.6086707,850.28503,-130.07347,26.89333,835.3171,271.63007
fondos_up
WhatsApp Image 2024-11-15 at 11.24.43 AM.jpeg,fondos_up,260.52573,457.89343,-35.061832,262.88492,443.8047,-62.89954,264.99423,442.3784,-62.941147,267.27286,440.7106,-63.018784,261.4804,444.2784,-15.811214,262.44968,443.30328,-15.772402,263.46082,442.1734,-15.882372,289.5873,435.1494,-145.4269,284.02783,435.90002,65.79554,272.21225,466.4206,-63.228878,270.15173,466.96365,-1.307881,325.34622,489.81473,-267.9136,332.78845,488.4677,198.70892,356.4584,601.8769,-352.5338,333.07022,593.4659,227.73993,376.39902,697.9618,-362.48953,311.10907,671.8429,147.26637,381.46432,720.30896,-411.9794,304.25104,693.21497,155.88933,373.51236,722.98206,-397.32333,298.2085,695.13275,116.346855,372.28586,715.03394,-356.9118,301.98392,688.0627,127.359985,317.38934,691.9918,-158.82874,315.27505,678.58997,158.97339,134.95184,705.47046,-187.87672,154.61786,712.5067,137.26854,68.54582,845.1786,-80.515755,88.67276,839.3173,260.8469,78.15616,877.51636,-70.5458,93.27601,864.8777,269.38538,-2.0623183,860.9326,-116.337494,16.72733,862.1594,232.27745
fondos_up
WhatsApp Image 2024-11-15 at 11.25.20 AM (1).jpeg,fondos_up,340.9758,537.08777,-162.48398,339.12717,521.42126,-171.2625,342.97705,519.11194,-171.29616,346.9309,516.6347,-171.44138,332.25644,523.2728,-139.32613,331.46478,522.5739,-139.27403,330.64645,521.72595,-139.2619,359.5341,506.20398,-148.77638,339.7789,512.44476,-0.47047007,357.02527,539.67725,-149.25398,349.52206,541.4603,-106.70479,426.5746,528.09766,-192.54016,363.2682,543.10645,158.24954,485.22153,620.9348,-232.38545,384.837,623.3854,212.80649,516.8013,726.09106,-233.8536,376.65698,688.7997,107.31091,530.22675,748.45386,-264.97336,370.9547,705.94086,108.35544,519.2917,752.0374,-275.91885,365.65955,707.1207,70.039276,511.37704,743.7127,-236.70752,371.21432,701.5229,87.76759,441.7483,703.64856,-130.11826,393.96014,704.8041,129.80435,309.96606,662.0212,-375.8147,303.182,664.59357,-12.395698,274.06122,832.82275,-340.92807,273.44992,817.49536,-8.866709,289.13705,863.0571,-337.7662,285.13025,842.0123,-10.620751,208.99359,871.7447,-439.49725,211.79353,851.6504,-89.9279
fondos_up
WhatsApp Image 2024-11-15 at 11.25.20 AM.jpeg,fondos_up,340.0104,535.3916,-152.11647,337.84354,520.89746,-166.86047,340.96826,518.6435,-166.84776,344.13068,516.1385,-166.93446,332.91248,521.8328,-132.5123,332.75394,520.56964,-132.48466,332.48514,519.14984,-132.50102,358.97083,503.6535,-171.81711,344.1399,507.86707,-13.66129,354.3121,538.38837,-148.67575,348.97925,539.4732,-103.21598,428.71606,528.32336,-226.17184,371.43167,540.99194,142.87067,485.703,623.6755,-268.1234,407.08014,626.92084,218.78865,511.2637,720.90186,-276.7447,412.4928,698.3375,144.58228,526.54956,745.4239,-308.76157,411.6905,718.1173,149.6426,515.90125,748.053,-315.25137,405.73315,717.8922,116.52812,507.3199,739.06274,-278.2885,409.41302,710.4419,127.677635,446.05493,702.24023,-136.8548,402.08154,702.12976,136.66177,306.20132,671.8556,-318.51025,296.93533,678.0901,5.672384,271.04266,831.4933,-221.50356,269.05392,823.6732,64.14742,286.46466,863.3015,-211.28265,287.15845,857.00385,66.48134,204.51363,869.67664,-283.6096,204.03941,860.5482,-6.635666
fondos_up
WhatsApp Image 2024-11-15 at 11.28.13 AM (1).jpeg,fondos_up,209.95175,448.17145,6.69886,216.3322,435.823,-20.844269,218.43361,435.33112,-20.86172,220.651,434.8191,-20.946512,215.84976,435.6172,26.525108,217.63483,434.93454,26.600847,219.77718,434.1351,26.550621,239.86314,436.84607,-103.48791,238.81453,435.249,109.7988,219.92126,459.917,-21.465887,219.388,459.90817,40.94784,268.25775,501.20825,-220.05667,295.5313,499.9211,221.49055,297.72974,605.9759,-296.61877,320.09735,597.66595,243.01247,324.55762,702.68646,-318.82843,341.26834,680.7291,168.36093,326.9386,717.7756,-366.18976,342.36102,695.242,170.94817,323.82385,719.7318,-355.98685,339.0898,697.0074,145.0233,322.93872,715.09283,-315.72534,336.9457,693.2177,153.81984,229.55008,698.5068,-167.69302,250.98051,689.733,167.66335,50.91458,696.09143,-191.1667,88.600266,693.7611,232.46025,-10.092381,804.5089,-67.22815,32.659264,777.1467,417.45047,1.6954994,827.41284,-54.638153,39.172462,797.7686,432.09906,-78.770966,819.21326,-68.47371,-31.371567,790.3808,425.656
fondos_up
WhatsApp Image 2024-11-15 at 11.28.13 AM.jpeg,fondos_up,230.64136,445.50095,-10.453708,237.48555,432.86407,-39.88302,239.47629,432.4973,-39.930912,241.54372,432.0899,-40.007835,236.6359,432.65503,5.1041436,237.92207,432.09958,5.156764,239.42026,431.4303,5.1309385,260.60144,435.7691,-126.17169,258.44855,433.49658,74.51585,239.30501,456.04028,-39.07158,237.51729,456.04132,19.580288,282.92792,495.61865,-228.29169,310.44693,499.3686,189.63615,311.56274,597.9867,-283.4306,345.85553,593.01184,225.14667,340.14948,693.5509,-277.4943,360.79785,674.1936,180.86302,345.00378,713.05945,-316.5891,360.59485,690.7555,191.64482,340.78998,714.9689,-308.6834,357.57037,692.11536,163.86746,339.51965,708.4457,-273.752,356.98553,687.0287,167.37189,249.54767,696.0863,-152.67084,273.96393,690.0272,152.78241,76.31215,692.8168,-169.06369,135.45636,675.93225,288.27606,13.834383,805.964,-76.09965,105.68086,772.9679,479.34003,22.612373,831.8694,-67.09173,115.04925,795.5303,495.57913,-64.4964,828.8382,-99.70831,40.013172,784.94824,495.34473
fondos_up
WhatsApp Image 2024-11-15 at 11.28.14 AM.jpeg,fondos_up,216.31741,449.16614,8.104934,223.58736,436.3476,-20.864628,225.3947,436.1859,-20.904772,227.2316,436.05942,-20.98711,222.7883,435.81866,24.04058,224.13547,435.26276,24.102057,225.60912,434.65247,24.050386,245.46289,441.6943,-106.63472,244.5417,439.301,94.22866,225.39978,462.62946,-20.68504,224.41772,462.31155,37.997124,267.28308,500.7495,-215.73056,299.73538,504.8511,203.99817,298.1026,605.727,-275.09003,333.40213,597.43005,232.24156,330.32227,700.71783,-278.5714,349.62366,680.50244,183.08487,334.5213,717.199,-318.57236,351.35428,693.2312,189.48279,333.23734,717.53296,-312.5172,347.0332,694.6725,165.03241,331.09088,710.77075,-275.95044,345.03152,690.62494,170.15768,237.15088,702.2321,-157.97118,262.3692,696.87836,157.96272,59.06985,696.7077,-178.8997,109.17033,680.40186,269.8722,-6.683893,806.3867,-84.66173,58.05459,778.62036,454.42636,0.9349966,832.74603,-74.790085,65.665634,801.0757,469.6592,-79.064674,814.21716,-98.628914,-10.149608,789.4718,468.535
fondos_up
WhatsApp Image 2024-11-15 at 11.28.19 AM.jpeg,fondos_up,221.40817,450.72858,-16.634274,228.2518,437.93707,-45.439877,230.2072,437.8447,-45.475147,232.14041,437.76575,-45.543205,227.35474,437.3885,-1.0252931,228.79118,436.89844,-0.9721817,230.31453,436.35718,-1.0065895,250.23538,442.6648,-129.78992,248.92506,440.27747,70.50739,230.79662,464.40088,-44.73626,229.52728,464.08563,13.794292,273.89893,502.66913,-227.3242,304.41074,503.4764,182.6356,304.4753,609.0862,-288.67462,331.8572,597.61597,221.97466,334.04877,704.71936,-305.26215,351.68063,679.99854,178.33414,339.47183,717.46985,-347.2541,353.9375,692.65,184.86487,330.01096,713.37335,-341.1665,351.4769,694.4839,160.2294,335.8257,713.8833,-302.91458,348.869,691.3342,165.80486,237.54576,705.25446,-154.9071,258.71033,695.9183,154.92503,63.63482,697.5097,-182.60048,126.69937,669.3891,326.12622,4.1222763,807.08545,-108.59586,76.46997,762.14996,532.40674,13.7028265,834.27155,-101.287476,83.25341,784.5763,549.7292,-75.40271,817.2384,-138.2589,10.390341,771.56067,552.36536
fondos_up
WhatsApp Image 2024-11-15 at 11.32.57 AM.jpeg,fondos_up,349.53137,451.07275,-331.15582,352.7072,434.97156,-336.35645,357.14355,432.8105,-336.4134,362.11084,430.19467,-336.52676,345.06152,437.26712,-302.82553,343.32272,437.3022,-302.83856,341.75543,437.27594,-302.81354,380.87296,425.79187,-299.1609,356.11456,433.4009,-144.90024,363.96375,460.0735,-311.70486,354.72278,462.2077,-266.85776,424.9585,481.83215,-310.77853,397.30225,480.35068,49.75935,480.66147,580.6418,-369.78574,435.2478,578.5134,189.47633,500.59476,683.0783,-437.75836,424.07077,637.6267,162.54422,507.2501,703.31445,-486.42813,421.50873,655.2302,174.56616,494.6917,702.1469,-481.8982,410.66232,656.0601,129.65546,489.6634,694.1387,-436.93115,414.46674,651.5785,144.21329,400.84293,682.46936,-129.77876,380.90613,652.39044,129.96951,237.68286,703.2211,-218.60913,250.40283,674.50916,32.830017,123.25339,791.364,-169.23793,140.35194,780.1069,84.75798,109.54043,821.8134,-167.48276,138.63107,797.814,87.98143,53.380035,762.0108,-257.3348,73.38588,763.7351,33.50144
fondos_up
WhatsApp Image 2024-11-15 at 11.33.17 AM (2).jpeg,fondos_up,359.2644,479.3603,-126.91807,358.91138,464.7441,-158.1257,360.99597,462.7273,-158.18616,363.12274,460.42615,-158.25117,357.15875,465.26108,-116.87445,357.87946,463.94226,-116.863335,358.58975,462.46332,-116.91584,379.6935,448.61182,-238.92107,371.42603,453.125,-52.133972,373.48892,484.97552,-150.15909,371.6673,485.90723,-95.74757,438.2589,490.5921,-306.8439,412.71823,488.40057,65.7012,481.04944,598.2166,-352.9254,441.79965,593.70795,163.29768,505.98773,699.5742,-326.5266,433.2395,673.069,174.56303,515.26917,722.713,-351.35806,430.53995,694.84924,194.56512,506.85385,725.7514,-344.5834,424.17706,698.80927,157.6442,499.92358,715.5087,-321.99817,426.4079,692.312,159.91933,439.58398,695.3067,-123.84233,416.51337,674.83826,124.02391,269.2626,735.29407,-235.23306,279.05124,724.5098,-21.078295,135.59373,809.44214,-264.65244,144.69743,795.16675,-68.13171,114.92317,838.6538,-268.78323,123.9649,815.9983,-75.40039,74.77149,761.2588,-351.07718,79.27887,751.8936,-151.20381
fondos_up
WhatsApp Image 2024-11-15 at 11.33.17 AM.jpeg,fondos_up,370.32388,460.7927,-135.34538,372.27957,443.26508,-163.4703,375.32446,440.88397,-163.48453,378.63724,438.16565,-163.52005,368.76538,445.0261,-122.9139,369.04077,444.26773,-122.90519,369.45667,443.3769,-122.931145,399.64752,428.5443,-233.5003,387.09387,434.97498,-50.05387,385.2821,467.50333,-154.72363,381.43497,468.8296,-101.421265,450.6068,481.06274,-294.01437,428.19638,484.14767,69.70478,487.847,590.65717,-339.17862,444.3074,593.95483,166.39833,509.87823,700.2385,-338.04395,433.4321,662.2761,174.90332,534.62244,725.1006,-366.31586,418.65176,685.56006,196.0286,517.11365,729.0791,-357.4447,410.56107,687.83636,159.24794,510.41394,717.95496,-333.967,413.3193,682.716,160.20804,433.371,688.5004,-125.90018,414.71338,665.76465,125.98312,256.5177,719.3409,-209.36382,269.6246,698.39655,39.177773,139.48743,802.72754,-195.33955,151.10092,785.0305,61.911526,117.3004,835.462,-195.95282,139.43674,810.02936,61.806873,73.40019,756.7782,-277.11502,81.0078,746.98035,4.140954
fondos_up
WhatsApp Image 2024-11-15 at 11.33.18 AM.jpeg,fondos_up,366.46313,465.01184,-251.71169,367.84128,448.17413,-271.73166,370.96237,446.214,-271.7848,374.2483,443.9156,-271.8681,362.81976,450.00574,-235.63657,362.2728,449.6645,-235.66077,361.82468,449.2425,-235.71346,393.56805,435.4904,-295.23135,376.71017,442.07727,-132.60883,381.66873,472.3916,-253.57365,375.72238,474.15634,-206.35724,446.2211,492.66168,-336.75662,417.7457,479.55988,19.8166,485.57278,601.71155,-390.7202,448.56638,584.93536,124.05577,515.7547,707.3327,-408.41302,437.88263,658.13574,119.02649,525.18036,733.43085,-444.08524,434.01117,679.28094,133.07648,517.75916,734.151,-442.05432,427.12527,682.9947,94.77245,509.57632,721.8517,-407.30215,431.22354,677.49567,103.09525,435.6584,689.09766,-120.634056,414.62326,661.1676,120.836914,269.13168,732.20044,-215.64778,277.36633,720.26953,-9.644969,140.19489,806.98865,-217.3458,145.11177,792.0928,-4.7902718,120.79296,835.60706,-219.78484,127.5453,816.78455,-6.013191,79.471,757.0914,-315.5371,85.63714,747.4546,-74.65842
fondos_up
WhatsApp Image 2024-11-15 at 11.33.19 AM (1).jpeg,fondos_up,369.38647,443.76862,-177.09807,373.13934,426.28516,-198.08908,376.9364,424.17975,-198.15959,380.78085,421.9069,-198.22073,367.7568,428.38608,-164.63516,367.48962,428.07117,-164.63786,367.44894,427.5177,-164.68678,401.83994,415.80237,-226.17703,386.68185,421.47247,-75.43028,385.60617,451.0348,-180.37575,379.55475,452.87604,-136.50166,446.38098,473.81964,-276.59067,424.22595,475.14136,61.688435,487.4117,582.2399,-336.3284,451.57993,583.35474,161.11409,509.8442,684.6176,-327.64713,443.59616,657.81305,167.14479,518.31464,707.6779,-348.64038,443.62625,674.036,182.51048,513.31744,709.63995,-343.16342,435.50113,688.6018,151.03062,507.0109,701.7054,-323.80588,438.67807,682.27545,153.87175,442.36502,681.3281,-111.55941,421.36148,663.2905,111.710434,273.63828,719.60333,-208.35999,283.02292,709.281,-26.758234,143.89284,795.14417,-247.09067,144.22499,784.57275,-72.25709,125.34915,828.103,-251.95676,126.309814,815.6553,-78.55101,85.04858,751.00275,-338.99152,86.28677,742.8585,-147.55605
fondos_up
WhatsApp Image 2024-11-15 at 11.33.19 AM.jpeg,fondos_up,370.5098,451.89572,-237.13719,373.65784,433.85147,-259.83926,377.00195,431.84067,-259.90826,380.58298,429.52728,-259.99445,368.1792,436.22375,-224.07988,367.6482,436.0745,-224.10292,367.29468,435.80783,-224.15057,400.5946,422.75375,-289.23868,384.85953,429.19986,-127.54454,385.7318,458.76062,-240.27116,379.1552,460.92896,-193.25269,447.4268,481.1422,-319.7712,425.01062,475.9406,19.46522,487.57428,591.47644,-360.38962,449.34503,580.98035,112.41846,515.3709,688.6277,-353.7947,438.6586,660.4519,82.86646,523.84467,710.43774,-381.2979,437.17386,682.96014,92.36601,513.14545,711.78894,-380.25812,431.71265,685.2185,55.389397,509.52795,703.0433,-352.0943,434.43542,678.7861,67.03812,442.0512,682.6647,-111.28985,422.8532,659.4256,111.494965,274.5966,722.83966,-193.7573,285.9062,709.81757,12.542297,145.54884,797.72925,-199.49385,154.9641,779.6926,-4.536763,125.18927,828.697,-202.59213,141.61626,802.5342,-8.161816,82.05568,751.85724,-295.54166,91.50253,743.6073,-77.65149
fondos_up
