IMG_20241017_104318.jpg,zancada_left,1644.0764,1454.2417,-2593.378,1683.4231,1408.451,-2570.018,1700.8586,1406.7327,-2569.9536,1717.6704,1403.103,-2570.4998,1635.4712,1394.643,-2581.3203,1616.284,1382.9692,-2581.7258,1597.8835,1370.2462,-2581.6191,1743.2501,1375.3687,-2046.062,1563.3475,1327.01,-2085.3857,1655.0986,1481.8564,-2362.1028,1608.4926,1469.5747,-2375.1238,1848.7386,1511.6619,-1443.878,1352.7435,1477.6104,-1608.9583,1927.8044,1879.0046,-1963.4021,1254.9716,1854.6625,-2064.854,1741.0433,1794.6439,-2924.3008,1531.66,1776.4673,-2853.4033,1677.6265,1778.35,-3126.682,1612.4037,1773.5044,-3051.6956,1684.5994,1711.6368,-3095.2324,1609.0382,1709.905,-2973.8933,1694.77,1716.7418,-2922.9326,1589.9543,1704.5721,-2828.9631,1642.9014,1927.9071,39.98474,1398.323,1946.7585,-39.88057,1709.7922,2273.3975,-652.20386,1284.5404,2447.6719,-290.53027,1632.7412,2525.0854,699.1499,1343.9689,2223.5737,1589.8064,1606.3921,2544.2769,828.9049,1375.0386,2183.0405,1785.8335,1634.0132,2712.002,481.60358,1331.1753,2331.7786,1712.7805
zancada_left
IMG_20241017_104320.jpg,zancada_left,207.5395,276.6219,48.9856,205.93707,267.23666,30.869942,207.41254,265.5287,30.895044,209.18236,263.4208,30.845303,203.7628,269.18732,62.513332,203.68208,269.19922,62.496857,203.6138,269.19156,62.488125,221.6321,255.07417,-13.077365,214.26765,261.95346,127.69706,217.9636,280.65268,35.85338,215.38647,282.92093,76.49028,265.37643,288.57053,-90.90394,243.00545,303.05865,213.597,256.44147,357.12485,-85.63583,231.0192,375.2102,140.13197,195.45206,364.66333,25.8988,199.56114,366.65768,-45.337883,183.90529,366.26776,17.68771,189.82776,368.46613,-64.543236,183.91782,357.07413,27.719198,188.61542,357.70236,-69.90581,188.01448,356.19952,36.36105,192.58002,358.1918,-54.941315,283.2528,419.40802,-100.28027,273.9582,422.52747,100.20631,163.48482,443.3776,-144.61172,258.42786,530.67084,67.78024,211.56044,538.6464,-82.18263,351.99063,531.523,142.00839,228.04349,551.01184,-75.471535,369.68982,520.6968,152.13643,179.91403,567.6374,-88.50601,346.3397,566.77997,148.98799
zancada_left
IMG_20241017_104815.jpg,zancada_left,1621.1744,1052.3622,-1313.8662,1633.196,1013.91223,-1283.4109,1642.5054,1011.2605,-1283.4076,1651.2129,1008.26843,-1283.7314,1598.6459,1012.89496,-1296.3169,1581.7795,1009.7844,-1296.5344,1566.4414,1007.3075,-1296.4604,1653.4722,1004.07715,-929.3439,1527.5115,1006.44135,-981.2785,1627.8572,1083.7781,-1160.0159,1590.836,1084.111,-1175.8641,1739.5098,1169.762,-599.6223,1377.6907,1145.385,-655.5504,1744.3114,1401.6017,-423.41907,1316.3014,1361.7468,-466.24646,1740.7672,1624.5194,-727.08105,1312.7802,1596.8846,-645.20154,1756.2261,1685.6793,-798.9934,1299.249,1667.4911,-707.32263,1739.5288,1683.3944,-897.9418,1325.3336,1665.1384,-791.1652,1732.3608,1662.0437,-767.36304,1338.5896,1648.674,-676.60034,1606.7463,1541.2089,-14.265842,1427.0709,1552.7007,14.240183,1572.5044,1740.3711,-952.02356,1410.6003,1877.5575,46.27289,1553.0823,2037.9257,-485.28506,1476.8379,1791.956,1361.7095,1548.1436,2066.2402,-446.17303,1500.6713,1759.463,1495.0247,1533.4792,2211.9573,-791.9574,1465.1401,1901.5704,1421.7537
zancada_left
IMG_20241017_104817.jpg,zancada_left,261.939,272.71408,-38.429623,264.87448,262.96228,-53.76435,266.6109,261.9974,-53.746613,268.49023,261.00665,-53.77067,263.13605,263.84396,-23.346365,263.39893,263.55978,-23.323265,263.6611,263.2672,-23.338232,284.45828,259.44586,-92.63514,276.10663,262.19736,42.21344,269.96616,278.72324,-50.06484,267.5734,279.5176,-10.728903,326.14905,292.52658,-166.30371,308.3406,308.09702,139.89517,367.1162,353.4517,-194.08719,331.22617,375.49045,157.85953,356.36823,419.99783,-168.40776,333.86896,433.20187,77.72304,356.3083,437.81943,-199.34894,332.1812,449.6655,65.930534,346.07623,436.06125,-193.83337,331.60324,448.1586,39.468437,344.6903,431.3239,-163.3864,326.68555,436.85056,62.608658,356.61084,415.1515,-103.32884,348.05316,421.23038,103.247154,255.7742,443.99094,-86.242744,384.78406,521.4481,114.36218,277.50238,552.1586,-28.253527,489.58215,541.5235,190.29762,292.36914,569.89264,-25.100538,510.05344,538.71906,199.36847,219.80342,573.2034,-64.66007,471.9364,577.3247,181.47845
zancada_left
IMG_20241017_104819.jpg,zancada_left,258.69153,267.51648,-54.394512,261.34564,257.33627,-71.37334,262.96335,256.22842,-71.35609,264.7024,255.05795,-71.38175,259.8335,258.44144,-39.030968,260.27435,258.2312,-39.00131,260.73676,257.87686,-39.00167,279.4092,253.1775,-114.075485,273.211,255.34811,29.56126,268.33438,273.21686,-66.94095,266.0106,273.7253,-25.064144,324.24054,284.98453,-187.459,309.63086,300.15985,135.64513,366.33035,345.86798,-219.27103,334.85742,368.37067,156.48735,353.21707,412.23685,-197.28577,339.8764,425.3933,70.78985,352.49597,432.32843,-230.80663,337.29776,441.3827,61.642155,341.55063,429.8049,-224.54103,331.0992,437.80035,33.872066,339.95593,424.7881,-191.76355,328.53238,431.09573,55.526585,359.8246,405.10574,-106.14549,354.73077,411.36578,106.10485,265.5903,443.02972,-89.90515,393.46884,508.364,138.34915,280.69052,553.6314,-32.022205,498.5791,543.5508,202.49684,293.9944,572.3014,-29.60303,522.3107,544.1313,209.36403,221.01134,574.3828,-74.30644,474.7359,579.0379,186.49553
zancada_left
IMG_20241017_105202.jpg,zancada_left,254.3353,281.57944,-64.74116,259.17462,273.18463,-63.778053,262.1048,272.67862,-63.776684,265.60046,272.05396,-63.820778,253.15396,274.55865,-43.036526,251.86751,275.01245,-42.989708,250.83403,275.2861,-42.987698,275.45474,274.55603,-44.80136,257.92087,278.23038,47.29316,262.84082,289.6165,-56.3648,255.60722,290.40698,-29.80559,290.2398,312.48535,-123.010315,281.91312,321.2284,150.26297,292.62384,377.116,-160.95903,288.3244,384.50333,154.808,265.2569,434.63608,-134.74425,276.78763,434.0799,90.22926,262.68942,451.33954,-158.0217,273.75635,450.1566,80.995384,255.4323,451.07193,-150.93419,268.47455,449.16382,64.07705,255.76793,446.8666,-129.27173,268.19534,443.85294,79.54283,298.68167,432.5984,-95.492004,301.818,435.78015,95.28063,194.62009,446.0151,-124.384575,296.7509,545.91254,60.658947,241.97221,535.6381,5.4195094,384.12067,525.5126,176.98814,253.01761,552.58673,19.124153,399.7607,513.79175,191.41763,207.92738,569.0176,18.214783,389.24918,562.9516,194.84698
zancada_left
IMG_20241017_105203.jpg,zancada_left,256.05148,282.5148,-67.58407,261.00797,273.6028,-67.44171,264.10168,273.2028,-67.45812,267.68567,272.7958,-67.5097,255.37209,274.50375,-45.67987,254.28032,274.78415,-45.632027,253.40417,274.90353,-45.63906,278.38855,275.5156,-52.746292,261.68942,278.04776,43.700886,264.46133,291.2122,-61.220684,257.82214,291.44254,-33.34432,294.35446,315.04578,-133.70619,283.10406,323.21426,146.45395,295.80685,383.32376,-171.23035,289.8302,388.25665,150.60109,266.0227,440.0422,-142.7887,267.5743,443.8322,82.55725,264.69766,457.01776,-167.8928,261.47217,459.03186,73.28214,257.0676,456.7542,-160.23381,264.57022,461.0466,52.639282,257.25586,452.4894,-137.26582,266.2343,455.18823,69.91915,304.05704,436.18146,-97.51268,300.52554,439.4526,97.3505,194.80927,445.6137,-130.45503,294.5676,547.25525,73.67203,246.19041,534.04584,16.315557,380.9932,526.5426,182.1933,262.6522,541.7845,31.371685,396.70325,511.8821,195.84787,216.77412,567.0726,33.022293,391.02722,560.0464,195.16049
zancada_left
IMG_20241017_105204.jpg,zancada_left,252.74097,282.8543,-58.197517,257.68896,274.19452,-56.98658,260.78427,273.85925,-56.990173,264.28693,273.56622,-57.0299,252.4332,275.0389,-35.495815,251.40341,275.22702,-35.45364,250.49019,275.27777,-35.473892,275.07614,276.91202,-39.964634,259.1024,278.70856,55.10449,259.97733,291.80038,-51.058716,254.05246,292.1657,-23.595,290.83167,314.76663,-123.54409,277.91803,324.84824,156.958,291.6705,379.5939,-164.94261,282.82156,388.3405,162.4389,262.17255,438.53574,-142.42606,265.2226,445.40872,96.7321,261.44666,454.88248,-166.4223,265.63342,461.76743,86.620346,254.54971,454.72723,-160.26965,267.06927,459.2152,69.76542,255.02762,450.85913,-137.43816,269.57047,455.38947,85.77941,302.26697,433.44525,-99.11728,299.30344,438.8956,98.91234,194.86713,446.4466,-134.90733,293.32733,549.9198,61.13597,237.1984,540.6984,2.160271,380.16962,524.94434,172.9383,252.35745,553.70154,16.546295,399.79993,514.2614,186.80484,194.55594,559.3972,10.921489,390.81973,559.6707,183.51196
zancada_left
IMG_20241017_105704.jpg,zancada_left,146.75655,266.72183,14.853133,151.68005,256.41193,-5.92755,153.02881,255.7938,-5.9500055,154.58408,255.07642,-5.941766,151.65804,256.86942,24.575665,152.86028,256.60263,24.635681,154.17346,256.2198,24.639196,166.70349,256.41092,-68.130455,165.7469,256.95416,70.356804,152.55997,273.90747,-5.011101,152.34503,274.25418,35.10322,177.62907,294.08804,-159.54837,201.2519,307.31293,169.65555,160.63977,365.12732,-198.47305,171.24306,372.88736,210.8154,120.266335,438.9394,-169.8237,130.3057,434.28516,182.60275,113.08458,459.24045,-199.07462,121.38071,447.98102,190.9918,103.20078,453.99533,-183.6348,118.45508,443.17502,160.10954,106.784,447.69336,-161.2013,119.5986,441.24402,168.62717,185.76414,432.1502,-100.09308,199.79633,439.93634,99.76713,181.70676,520.5495,-93.00544,122.8049,487.03937,184.37877,301.6104,527.50586,-74.859505,138.412,557.0958,198.57039,322.25418,522.3739,-70.790375,150.97675,568.90424,199.64424,341.1918,571.73785,-70.80853,105.66868,570.6398,200.84505
zancada_left
IMG_20241017_105705.jpg,zancada_left,146.56435,263.90005,-36.166676,151.72504,252.89565,-57.1154,153.20383,252.2624,-57.14474,154.8556,251.59244,-57.12484,151.5731,253.65758,-24.843643,152.72906,253.60117,-24.778046,153.93317,253.44568,-24.788307,165.95085,253.27907,-111.28078,164.69171,254.49548,35.616413,152.39774,271.23715,-53.31472,152.15242,271.7753,-10.762884,177.28192,288.8411,-201.9302,201.30103,304.98853,149.37663,163.12608,360.99387,-254.43631,166.0365,373.47827,195.26459,123.33772,435.27594,-243.50365,127.744354,434.89743,159.46782,116.695045,454.30304,-279.51495,119.03858,449.13162,162.34428,106.93667,449.9393,-269.09573,115.65348,445.56976,131.29227,110.93756,444.2264,-237.46022,119.099144,442.27576,144.6616,189.01216,431.5918,-104.11138,193.05948,438.9377,103.865524,226.43262,546.09863,-156.03023,88.7558,465.82056,182.35101,346.40378,537.1388,-106.2886,121.70319,546.1201,280.65057,363.81168,522.75726,-100.97977,138.20383,557.8311,288.37823,356.4372,571.95447,-135.17642,85.91105,572.7034,287.668
zancada_left
IMG_20241017_110140.jpg,zancada_left,253.55956,220.15805,60.418552,259.83133,210.80658,39.13404,261.39377,210.39218,39.168205,263.15497,210.00739,39.123276,259.4023,210.76854,75.10081,260.5803,210.27582,75.0959,262.0274,209.72777,75.079445,278.96417,212.96019,-13.557538,277.9872,212.46922,144.08235,260.1309,229.45166,45.247112,259.27667,229.0944,90.8847,301.60928,263.14365,-107.71576,302.52908,269.63092,244.76459,308.5153,338.9639,-137.68106,297.08774,359.08786,209.66342,245.13425,350.19962,-52.698025,283.98016,380.8669,58.68004,232.71725,353.26227,-69.97582,281.0015,387.698,41.22377,232.92786,342.94156,-55.423935,281.14966,378.93454,26.173796,238.15594,342.11615,-40.76312,282.5316,376.4651,46.013115,287.3312,409.1018,-116.81722,305.7054,424.20026,116.641075,155.04398,435.9866,-100.431564,311.9679,558.8109,81.016884,206.88571,561.2439,-44.68642,413.51013,565.52496,103.96584,229.72006,576.9255,-39.37699,430.9939,550.78925,108.7657,152.924,593.3534,-38.093166,440.86465,588.7169,102.34989
zancada_left
IMG_20241017_110140~2.jpg,zancada_left,243.58441,231.668,88.04121,249.08638,220.87613,68.944786,250.69011,220.0578,68.9901,252.4669,219.1049,68.96197,248.3394,221.2255,103.69075,249.34647,220.65578,103.70173,250.48514,219.88174,103.6996,268.1188,218.68262,18.251251,265.48154,218.66507,170.37775,251.54822,239.01308,72.9156,250.13358,238.8537,116.9636,297.42035,266.65503,-82.87096,293.55402,274.21848,269.54376,310.5338,334.50247,-135.38332,292.08105,357.7048,234.36555,243.45326,354.48584,-81.384125,274.39777,384.21313,88.217125,231.71071,360.8361,-103.74125,270.04514,392.5647,71.91329,228.56418,351.8056,-83.70525,268.8328,385.10657,56.35545,233.74127,349.7747,-68.21174,270.2777,382.19904,75.41579,286.2336,409.45483,-122.246826,305.84406,423.81686,122.07564,156.23721,433.8834,-124.957794,309.68225,556.39746,73.80592,207.36372,557.8478,-81.54743,422.0704,554.71747,88.017624,230.55464,571.46295,-77.54442,424.0221,556.3048,91.089516,154.07848,590.6986,-84.41958,434.45963,593.0745,82.131294
zancada_left
IMG_20241017_110141.jpg,zancada_left,241.0701,232.02965,79.42129,245.95041,222.29166,59.825104,247.60905,221.36893,59.856564,249.38403,220.25969,59.795666,245.20978,222.53003,94.94952,246.32433,221.77263,94.93958,247.63031,220.76878,94.93947,264.8067,218.18463,10.281352,262.93512,218.26782,164.45256,249.65446,239.11154,65.04619,248.16988,239.21451,109.58505,300.82092,263.24716,-83.05216,287.97702,275.24677,262.07404,312.84073,331.53354,-111.31484,280.86743,359.06183,195.70512,244.12222,349.12952,-18.36789,254.64183,359.3505,13.859615,231.49539,354.02435,-32.33468,249.26877,360.83847,-7.402854,229.33432,344.93045,-16.97774,259.80518,359.42563,-13.513508,234.80173,343.36313,-5.4569902,262.40826,358.62292,3.5468247,287.2092,407.20486,-112.52098,300.6104,423.44583,112.36844,157.06516,436.53455,-120.74369,311.78006,554.0846,71.00951,211.642,562.02606,-58.705215,416.11542,560.9255,73.184715,233.77638,575.5437,-52.94694,434.9191,549.27856,75.24157,157.81999,593.05176,-68.096985,442.33057,586.9534,56.09035
zancada_left
IMG_20241017_110142.jpg,zancada_left,238.91098,217.49483,40.48933,243.9793,206.6458,22.036158,246.45862,206.10475,22.042477,249.54927,205.58032,21.990162,240.5616,207.11255,57.918518,240.46033,206.89264,57.91785,240.36366,206.69641,57.912746,266.67572,209.29816,-16.926659,256.34305,209.30965,141.1021,247.51418,227.62558,30.29744,243.40811,228.25427,75.971275,293.47415,253.94252,-114.32558,282.08963,268.69196,258.57248,320.10226,322.1571,-191.57085,292.89297,358.41132,233.58429,249.18434,344.13696,-161.04726,278.05515,387.2331,96.150764,235.79813,352.07196,-183.14996,273.47955,397.52094,82.70119,234.06932,342.46515,-161.12459,271.80563,388.85944,68.326096,238.73436,340.3314,-146.79611,273.6814,384.9432,84.09752,287.89636,404.82593,-128.19238,302.92545,417.09982,128.009,156.95955,435.13193,-140.55167,313.83813,545.56415,74.66758,209.19893,563.85846,-93.197495,439.06403,553.0002,82.444695,234.55759,581.7755,-87.790855,459.8886,536.8013,85.47026,150.59856,595.418,-96.50086,440.33972,591.59375,77.46684
zancada_left
IMG_20241017_110450.jpg,zancada_left,1621.8798,1241.7662,-1201.32,1641.4559,1209.2709,-1133.816,1652.7594,1211.071,-1133.9249,1664.315,1213.351,-1134.1594,1601.0767,1203.6565,-1140.6635,1584.368,1201.8073,-1140.9761,1568.7433,1200.1134,-1140.9589,1674.8837,1229.7662,-720.76575,1543.2026,1214.8132,-742.5017,1637.3901,1286.0651,-1044.657,1590.373,1282.3658,-1051.5938,1752.5475,1441.804,-446.43,1418.753,1432.436,-535.4688,1806.1567,1688.1626,-742.8264,1342.2328,1703.0903,-780.30853,1682.2028,1695.6775,-1487.0526,1512.2456,1690.8207,-1348.6428,1643.8151,1705.1082,-1628.5715,1565.008,1696.1781,-1475.2363,1638.9922,1666.2393,-1633.4792,1572.8674,1658.322,-1457.4679,1646.3401,1659.7308,-1496.9608,1560.7656,1654.7161,-1342.6212,1649.6863,1856.2842,-1.5616822,1467.397,1871.1062,1.5702996,1670.3236,2039.3977,-1167.4436,1418.3618,2252.0652,-75.957756,1642.5073,2289.6658,-455.1655,1440.0083,2124.1333,1433.2472,1627.1326,2309.8838,-389.5844,1455.4374,2102.1836,1588.2938,1635.8082,2423.256,-737.1952,1421.5322,2221.081,1505.0984
zancada_left
IMG_20241017_110451.jpg,zancada_left,243.3526,254.5559,36.08975,246.27414,242.98308,16.256823,248.14085,241.98875,16.249014,250.16408,240.98497,16.194016,244.9248,243.6091,50.03645,245.57826,243.08307,50.04114,246.35466,242.4427,50.025925,266.55267,239.37445,-32.36695,262.32852,239.73424,116.72579,253.02142,262.15018,21.9442,250.7108,262.38098,65.270386,301.95212,277.133,-119.57619,291.93832,296.5337,223.86551,310.30466,348.98203,-159.73503,299.5384,374.0153,204.01515,242.9672,372.6754,-115.59293,253.59383,387.3564,85.43144,228.68196,375.27478,-135.20892,243.06816,381.00568,74.72372,227.11891,365.08398,-119.45728,237.4335,373.27695,62.994507,232.1302,363.7346,-103.99584,240.8721,373.97128,74.82045,304.9746,428.93167,-110.69381,316.93536,441.10843,110.623726,177.39873,460.9965,-113.22934,305.67432,573.3829,73.66289,228.16336,576.2606,-64.288994,413.18854,567.2055,104.30815,245.28796,593.7813,-59.659355,434.85446,556.11255,109.38443,184.17235,604.90796,-77.73946,420.90732,604.7416,95.23456
zancada_left
IMG_20241017_110452.jpg,zancada_left,247.58069,246.46974,26.95188,250.1466,234.12866,6.115003,251.95517,232.93552,6.1152945,253.88252,231.71616,6.0660615,248.7446,234.8898,40.824863,249.4273,234.27141,40.81868,250.26909,233.55786,40.81652,270.07275,230.05104,-43.912663,266.5346,230.80077,108.90385,257.19818,253.49413,12.439622,255.44257,253.96513,56.87323,310.173,270.83286,-125.72847,297.9875,288.78125,217.22523,316.8809,345.89487,-152.56126,288.85843,377.9702,181.38304,245.60612,356.88968,-85.56975,249.37724,374.2622,35.617455,228.6254,357.76505,-102.76081,234.0456,372.85303,21.274004,226.94997,348.0303,-87.91967,233.67168,363.5517,9.5694475,232.15816,347.5204,-73.517494,239.56946,363.61737,24.31518,310.3455,423.202,-112.05539,318.57098,437.0206,111.97881,180.13272,456.87857,-119.614655,307.01175,571.4221,73.75174,228.64418,582.5149,-69.42595,418.7685,566.1642,128.10016,243.87918,603.4464,-64.68752,439.07318,549.6527,136.16728,178.88638,606.1497,-83.53002,430.05194,604.75134,128.56734
zancada_left
IMG_20241017_110453.jpg,zancada_left,245.5937,236.10959,14.217484,248.86101,225.02078,-3.8599982,250.81729,224.13521,-3.8633728,252.76901,223.23112,-3.8966722,246.74983,225.74437,32.313065,247.02751,225.42458,32.338276,247.41637,224.96237,32.30399,270.04663,221.42114,-54.497658,265.28235,222.27771,105.34656,254.41087,243.9115,-1.4499533,251.40819,244.61568,44.961487,312.456,269.01688,-150.89,288.3228,282.8179,206.91875,308.0183,349.67032,-180.84853,293.42947,360.11304,209.33655,234.87833,395.877,-133.41872,256.492,411.8188,105.32807,219.79858,410.51627,-163.98468,251.341,421.30966,89.41035,214.10876,407.47522,-151.86424,249.67332,415.47165,65.66669,217.3924,403.92462,-124.83714,252.57358,412.40015,89.410645,312.56158,418.1622,-119.609116,310.56866,425.9056,119.43386,180.81734,457.99384,-167.35246,311.81418,559.88654,108.37982,231.18817,581.154,-85.921776,422.3861,568.24524,196.87592,248.90796,601.1671,-78.31388,443.65372,556.9433,207.60165,181.98888,607.1949,-102.44029,423.35507,607.64496,188.9793
zancada_left
IMG_20241017_111722.jpg,zancada_left,1658.5323,1419.4075,-1322.4026,1681.9722,1388.0397,-1279.728,1695.008,1387.4335,-1279.826,1704.675,1387.1866,-1280.0261,1641.207,1387.5981,-1281.8195,1629.3748,1386.6051,-1281.9683,1620.0157,1385.6107,-1281.9353,1717.7104,1394.7147,-914.00134,1607.4307,1389.352,-917.7953,1681.7817,1454.6244,-1178.457,1634.5657,1449.9365,-1179.7437,1799.6558,1584.5309,-610.16644,1498.5767,1558.6307,-627.8849,1877.7993,1759.2108,-700.7374,1411.7366,1769.5166,-497.99863,1928.1372,1939.0104,-1235.3479,1338.5509,1954.3275,-749.04724,1937.5945,1995.8213,-1340.7191,1310.1707,2009.1415,-816.0603,1922.0354,1992.9999,-1435.8972,1322.1309,2014.5973,-925.2687,1916.2229,1974.3125,-1280.243,1334.884,1997.5013,-792.271,1714.9244,1946.6382,15.485186,1548.3074,1950.3939,-15.350977,1743.2322,2191.9292,-841.4962,1520.1075,2262.7532,68.490585,1703.3193,2442.5752,-374.19562,1520.474,2177.2568,1430.3887,1688.569,2469.4668,-338.9046,1512.5474,2140.1826,1565.4031,1699.5831,2563.7405,-732.93536,1499.7007,2270.0015,1471.1666
zancada_left
IMG_20241017_111724.jpg,zancada_left,261.5142,401.1569,6.0390964,257.49203,394.6621,16.507057,256.6538,394.49487,16.466724,255.71742,394.25204,16.446154,256.76602,394.73007,-13.164071,255.40538,394.63492,-13.1575575,253.91666,394.50232,-13.22505,245.41873,395.7618,65.658615,242.95915,396.50555,-68.6355,258.57608,408.50287,26.513216,256.92834,408.40656,-12.596036,230.66185,437.91803,154.67847,218.87265,432.45715,-149.13496,227.52089,490.022,180.53381,220.5709,482.4787,-204.99706,224.08435,535.6942,131.04771,220.04712,539.26514,-223.53723,225.61684,551.4313,130.97809,216.80864,555.1155,-254.60606,224.24677,550.82495,108.60438,221.72385,557.39087,-245.21817,225.2552,546.2519,119.21283,223.23576,552.17206,-219.55363,239.76198,546.2074,90.6179,223.12004,546.1496,-90.76704,308.56906,581.27203,53.122955,202.37343,643.7446,-130.0352,289.60916,672.94147,89.92417,104.70882,661.67896,-80.35514,277.95386,687.0414,91.59659,90.16744,655.654,-74.160095,330.1727,690.6042,63.671513,111.92904,694.869,-97.62634
zancada_left
IMG_20241017_111725.jpg,zancada_left,261.09103,397.55722,-1.3904672,257.47943,390.73087,8.346586,256.94623,390.56445,8.316316,256.3115,390.3722,8.303671,256.0822,390.6442,-23.66115,254.60039,390.46417,-23.654507,252.91055,390.29022,-23.721727,246.19641,392.83502,60.16199,242.21681,393.14008,-85.04718,258.3802,404.49048,20.606361,256.11914,404.71317,-21.62513,230.46342,429.29297,153.60394,223.56114,424.58997,-161.11974,232.67606,480.12262,175.31357,223.64001,473.3984,-211.39243,229.901,525.1706,102.23429,222.67036,531.24634,-211.6544,232.94814,537.2529,97.54601,219.59059,545.47363,-241.1213,232.20905,537.55927,73.92229,224.19308,548.0483,-232.55873,232.74629,532.1504,88.950485,225.89545,543.031,-207.12305,242.66528,543.9406,91.97575,226.42834,544.60345,-91.967026,308.79114,580.53326,26.520157,200.32323,636.1105,-119.908394,290.3384,673.86676,57.21401,100.00691,660.8534,-103.2074,278.37946,690.04193,57.369904,83.747665,656.01776,-101.88655,331.23566,692.942,18.643093,113.0452,697.63727,-146.73265
zancada_left
IMG_20241017_112734.jpg,zancada_left,1358.3224,1472.4067,-1486.655,1379.397,1426.6072,-1427.9148,1390.2441,1426.5342,-1428.0144,1400.9941,1426.8171,-1428.3767,1336.3224,1424.4338,-1440.1321,1317.7058,1423.5444,-1440.4177,1301.3812,1422.8403,-1440.5281,1415.8096,1436.3004,-982.87744,1279.9851,1428.7047,-1031.2328,1377.1023,1505.2505,-1307.2405,1327.534,1508.7297,-1322.861,1506.8597,1641.3093,-673.3567,1119.7432,1629.542,-692.4031,1557.3105,1911.5375,-1084.4065,1033.6985,1905.6846,-1009.67456,1435.6829,1850.743,-1938.4149,1203.4894,1833.9357,-1680.4006,1390.8176,1837.4479,-2093.488,1265.1641,1831.6466,-1807.7589,1395.3292,1789.5125,-2055.8643,1261.9186,1776.7157,-1761.7195,1403.1704,1791.0685,-1931.1486,1246.925,1772.5602,-1664.0217,1409.3091,2064.1763,-53.97717,1208.0098,2092.0012,54.250042,1380.4167,2307.685,-1068.6285,1212.8882,2431.672,168.47354,1391.1443,2579.8997,-403.8383,1313.676,2302.2112,1772.2566,1396.4768,2611.57,-352.13348,1337.9208,2273.939,1931.0183,1344.6244,2750.767,-793.61774,1312.1196,2403.0205,1814.1377
zancada_left
IMG_20241017_112734~2.jpg,zancada_left,248.23486,323.2938,105.90579,253.25607,314.81375,90.52096,254.77115,314.65884,90.577354,256.36688,314.4776,90.57713,252.3392,314.41354,120.406296,253.20314,314.0362,120.41209,254.26836,313.61136,120.38973,267.9663,317.5657,47.71245,266.13275,316.53384,177.85884,254.0357,331.53928,93.16647,252.62503,331.82697,130.598,296.8591,356.50955,-51.244755,284.4524,361.82974,255.82191,301.66913,418.46338,-164.4357,305.21082,426.089,294.7778,256.03665,390.33066,-185.72795,327.53436,458.3352,269.2824,245.46358,384.79565,-203.92873,332.73016,470.23044,272.3976,248.60748,379.23602,-186.76292,329.67432,464.23737,261.88043,253.05652,380.46466,-176.15034,326.95316,459.7757,262.6482,320.10034,483.8724,-105.16156,316.6499,483.91876,105.04131,215.89204,494.75156,-53.0861,342.18176,584.1317,51.684277,240.66446,590.0546,12.350016,439.5976,569.32166,27.718098,253.94469,603.74457,17.974455,461.23932,556.03625,26.51187,195.24301,608.4676,-6.0710406,448.52347,608.75977,7.139386
zancada_left
IMG_20241017_112735.jpg,zancada_left,244.82803,324.24954,84.45898,249.17213,316.68063,70.14459,250.54564,316.58994,70.19412,252.18243,316.53983,70.196495,248.6439,315.97186,97.68788,249.53412,315.41577,97.68229,250.68556,314.96304,97.63606,264.5171,318.86588,33.796448,263.54285,317.93552,153.11168,250.50665,332.89108,74.53606,249.28102,331.98138,108.8858,292.84534,356.19073,-58.036037,282.88037,362.59323,234.85135,303.31592,413.0919,-160.2636,303.81375,427.09705,260.63263,256.1085,392.44287,-184.12666,321.3388,463.33636,209.6157,245.28416,387.44217,-204.38896,325.25906,476.42026,206.84016,247.84192,382.03116,-187.65286,322.97314,470.00183,194.72368,252.31064,383.09058,-175.09563,320.9809,464.967,201.43503,317.3161,481.37878,-101.25348,317.19055,483.91663,101.12099,216.43694,493.22382,-57.58959,344.2672,583.19385,53.64053,240.53038,589.5228,5.9017606,442.22913,566.2232,63.677624,255.14548,602.07745,11.959338,460.71274,555.6349,66.71083,196.53893,607.6267,-11.887611,450.1576,607.9554,52.821167
zancada_left
IMG_20241017_113107.jpg,zancada_left,1567.9944,623.4056,-1305.8695,1595.9204,578.75214,-1261.487,1608.655,578.70825,-1261.592,1623.6702,579.062,-1261.7869,1547.5939,573.24756,-1270.3679,1527.4396,569.8378,-1270.5533,1511.9679,567.18604,-1270.7195,1643.0283,587.9152,-841.4497,1483.7461,572.37634,-872.2656,1588.6213,666.2054,-1129.7208,1528.3423,658.3847,-1139.6997,1725.7467,807.29584,-538.5352,1329.1351,770.1832,-548.83997,1725.984,1149.073,-977.8296,1300.0637,1116.6161,-920.3307,1557.4529,966.86005,-1734.6472,1461.5254,933.71576,-1538.7462,1518.3514,899.06616,-1847.7788,1514.6606,887.0669,-1651.9819,1532.1587,858.2461,-1771.6025,1511.5376,842.42676,-1578.7876,1537.887,875.3669,-1708.7825,1498.8981,853.6702,-1512.113,1614.3076,1331.1426,-38.043636,1385.9703,1325.2897,38.072643,1625.9722,1731.7416,-931.0239,1393.3448,1659.7715,610.7038,1607.8286,2136.132,-615.7286,1403.961,1710.6671,2234.369,1601.5155,2173.925,-605.114,1414.5983,1704.9276,2389.9443,1569.1388,2294.8494,-1170.601,1365.0286,1884.8384,2208.514
zancada_left
IMG_20241017_113111.jpg,zancada_left,273.65472,303.36386,34.732407,276.57028,295.3376,15.016964,278.1301,295.157,15.0298395,279.75714,294.9867,14.99082,275.19168,295.269,45.57665,275.7233,295.08585,45.590313,276.37903,294.92004,45.611797,291.43683,296.23422,-26.800062,289.18018,295.65762,107.75455,280.33762,309.72507,24.590115,278.629,309.9842,63.316753,312.91937,329.65714,-94.37724,313.2773,334.05646,209.80316,292.6865,390.7655,-143.38542,296.20355,401.96497,263.67175,274.9575,357.0658,-60.639412,288.89624,395.94278,262.19385,271.17688,350.45465,-64.82365,285.81668,393.91522,271.0872,275.89728,347.11334,-58.09374,287.29123,388.63855,268.1937,277.6942,350.29483,-53.157787,288.98618,389.12784,259.14493,303.43954,456.6998,-104.72632,318.3788,461.98206,104.77876,215.32666,496.31586,-89.85577,342.222,556.1909,58.284912,213.42058,606.1046,-59.590157,440.8181,591.4545,-4.5659227,224.58304,622.0476,-57.006165,464.33752,591.9072,-10.719825,166.53256,627.5671,-83.65688,430.15097,632.96216,-31.113853
zancada_left
IMG_20241017_113112.jpg,zancada_left,250.8941,362.55518,63.382774,251.52536,353.6323,43.247505,252.54391,353.1007,43.286236,253.65561,352.47235,43.241913,251.12247,353.75787,72.87187,251.81703,353.35376,72.8842,252.61996,352.79526,72.916405,266.1599,349.43842,-6.20696,265.29474,349.6377,123.557274,257.21268,367.50775,49.194855,256.78528,367.49588,86.50262,285.5996,384.1346,-72.97371,297.01105,387.8341,210.29219,262.43567,449.56616,-35.045815,268.21323,457.19113,133.72699,247.49973,410.1922,158.34242,255.16426,418.8067,-11.697362,244.12866,397.27838,172.69801,254.01111,401.8488,-21.74078,252.03691,394.96588,175.34746,258.7161,400.9529,-11.865812,254.52,398.41187,167.7495,262.097,403.61844,-13.927601,280.66586,504.6976,-85.99846,289.70764,508.39905,85.93493,175.87828,505.16525,-39.054916,314.07022,613.5562,54.23144,209.2059,603.31384,-10.910463,404.98022,594.23517,-55.011387,224.579,619.28925,-8.547308,412.9099,597.23785,-65.837456,190.3092,619.89996,-2.5815334,425.155,625.53015,-83.67738
zancada_left
IMG_20241017_113113.jpg,zancada_left,251.33858,364.77557,46.358635,252.48076,356.80566,25.373434,253.58798,356.06134,25.411264,254.81943,355.1837,25.369177,251.83896,356.99182,55.109673,252.43504,356.4682,55.11915,253.15378,355.8127,55.15546,267.1001,351.87665,-27.269533,265.44592,352.55362,103.36047,257.71698,369.61163,31.263062,257.00116,369.62076,68.864365,284.87186,386.5408,-90.71883,297.7075,391.2873,192.64734,261.5186,449.63007,-46.027622,265.9163,459.8711,136.47052,246.65025,414.58472,149.87044,254.42564,423.74326,14.525167,242.35085,402.67383,163.69656,254.67398,406.1142,8.549774,250.80382,401.52393,167.59167,258.54294,406.03705,15.480064,252.98134,405.19052,159.75655,259.3537,408.5073,11.925167,279.35382,505.08667,-86.349014,292.3195,509.78204,86.32417,176.09392,503.1477,-47.911606,314.27887,614.17365,49.17004,208.46822,601.8504,-14.073624,403.96814,593.7666,-52.370617,222.87012,616.1357,-10.704116,416.4661,575.81177,-61.641235,184.50124,622.4177,-5.433465,425.3449,625.2503,-82.23453
zancada_left
IMG_20241017_113114.jpg,zancada_left,243.16177,342.46527,67.3766,244.8303,334.25742,47.21138,246.47998,333.53793,47.2521,248.25317,332.8062,47.223907,243.58871,334.65247,77.81973,244.25836,334.237,77.8583,245.0754,333.7566,77.88434,262.1139,331.09094,-3.153246,259.3828,331.314,131.51866,251.26167,348.71588,53.11574,249.58884,348.9552,91.882164,277.99097,364.3598,-82.06985,290.67053,366.6233,217.06946,257.4585,431.0689,-56.09858,286.15945,434.8836,205.20143,246.48073,392.0405,107.8745,284.83902,434.47427,121.1079,242.30489,381.37564,115.25462,285.15158,433.5351,114.910385,250.57648,378.22632,115.49899,284.16882,427.52142,113.86595,251.76335,381.74347,115.058266,284.0388,427.72513,116.05819,283.99646,486.4954,-99.594955,295.75064,490.4279,99.47425,182.51964,500.5072,-55.111954,322.80206,590.7761,41.829716,207.33649,602.095,-6.4164605,425.2364,594.0831,-18.162949,223.41101,617.7195,-1.3027003,446.65576,584.2132,-23.674961,172.98795,629.26526,-10.032113,430.24728,634.22424,-39.18271
zancada_left
IMG_20241017_113657.jpg,zancada_left,357.14243,221.40323,-393.56155,363.0298,212.22253,-386.69666,366.89142,212.02238,-386.68506,370.3447,211.87965,-386.81223,351.96512,211.89967,-387.7543,347.82205,211.56223,-387.84146,343.84943,211.16263,-387.9059,375.31464,213.17233,-275.73923,335.0292,212.01515,-276.09808,364.37427,231.08618,-344.04395,350.54767,229.99295,-344.5344,404.40802,248.66835,-188.83896,309.54947,260.57233,-200.9205,410.77618,330.74872,-317.7025,321.15555,344.38504,-331.7726,370.635,269.23474,-481.8467,348.67282,273.8479,-502.38553,364.82416,253.90143,-507.9462,348.21164,257.0335,-530.70874,367.188,246.45064,-485.74857,341.47763,248.87231,-510.8177,367.7306,250.2477,-473.6754,341.96896,253.5779,-496.22433,393.53458,377.4123,-4.9801116,337.30927,385.52466,4.967544,384.32535,398.5746,-366.1821,336.05008,461.39035,7.9403815,387.40448,495.54828,-159.34633,349.1466,413.5824,521.52704,387.4357,508.36807,-136.17725,350.0407,405.29526,577.5576,386.30203,534.1124,-225.96736,356.55228,469.28857,579.1379
zancada_left
IMG_20241017_113658.jpg,zancada_left,239.2446,299.7079,105.31707,243.51656,290.78452,86.26555,245.1387,289.93198,86.339035,246.7672,289.08667,86.319435,242.09729,291.04715,119.04702,242.73471,290.40247,119.050964,243.49864,289.68533,119.08023,258.93146,288.841,36.290134,255.50519,289.2739,180.78568,247.2484,305.02078,90.4532,245.29004,305.02948,131.99495,291.42755,314.5407,-53.03478,276.97827,327.182,274.36063,260.36057,384.2654,-30.731586,262.98944,398.99103,202.46687,243.64511,339.03793,145.97871,249.56223,357.40952,58.272274,237.50797,326.98523,156.61256,245.09082,341.73642,48.128162,245.11249,323.86023,158.77182,250.5665,337.4107,62.973335,248.20462,326.45413,154.38905,254.6919,342.18997,57.1206,321.88373,438.7295,-105.50606,313.9272,445.49597,105.36113,214.95668,466.79358,-101.42686,350.77856,562.9811,37.539925,239.49713,579.70654,-56.650097,452.94785,568.26544,12.562435,255.46155,598.88104,-52.913036,475.24667,561.25104,11.905666,189.24733,607.4274,-84.23136,453.5722,603.9225,-4.1353164
zancada_left
IMG_20241017_113659.jpg,zancada_left,236.90623,304.07306,127.43174,240.56335,294.3357,107.92533,242.07538,293.49338,108.01127,243.57582,292.71802,108.00545,239.87689,294.65277,141.97519,240.89502,294.04715,142.00491,242.06197,293.41217,142.01692,256.2228,291.95328,49.239376,254.60464,292.25998,199.78905,244.54462,310.71817,109.29404,243.42064,310.6862,152.6235,284.36536,319.96863,-57.986458,287.6171,326.49588,289.38382,249.13753,392.88263,-32.850674,282.14413,398.84094,289.26447,238.85445,346.46658,148.17012,281.52917,387.0172,221.68163,233.56361,332.05618,157.0329,283.46127,382.72598,219.59544,241.57664,329.23038,154.1517,282.9188,375.91513,227.50761,244.63934,333.48624,154.70874,282.792,377.10242,219.67937,319.09628,443.83673,-116.1554,316.54144,449.75766,116.01237,213.95616,466.62402,-100.31447,347.58292,570.3942,60.441322,239.57454,578.9276,-74.77349,451.08383,566.77734,46.69793,256.5045,597.7639,-73.278656,474.225,561.0673,46.138252,188.5714,607.1309,-103.30151,451.16913,605.213,34.023556
zancada_left
IMG_20241017_113700.jpg,zancada_left,234.32887,313.1865,116.64038,235.83801,303.56503,95.170845,237.05936,302.579,95.24633,238.18298,301.6915,95.236755,234.8577,304.21704,127.97773,235.38501,303.71643,128.00664,235.97385,303.24658,128.02959,249.55475,299.6313,39.55178,247.33984,301.11728,184.74406,240.7128,318.37054,101.009056,239.354,319.07562,142.86469,274.17365,324.826,-46.107414,286.37222,333.6371,278.37518,234.14973,398.86038,-16.313673,264.6687,408.6597,270.3012,230.11224,347.56705,149.04161,246.88162,383.89163,204.49689,224.18633,333.73666,155.49344,244.9751,371.786,202.54256,233.87196,330.32428,152.92549,244.21338,365.31586,211.01555,236.08972,334.4832,154.67784,245.55743,369.8816,204.13667,312.14005,447.52646,-109.21992,320.2803,455.68347,109.08177,207.41472,466.83426,-68.47599,346.6753,570.5319,55.96303,238.35425,579.4474,-38.65739,450.79404,568.20557,21.162285,257.61224,598.5568,-36.28715,475.58588,562.4685,18.804495,188.31813,607.1009,-47.73232,450.95273,604.28186,11.199527
zancada_left
IMG_20241017_114155.jpg,zancada_left,389.99466,187.04756,-182.62195,392.14136,179.23468,-172.03247,393.45773,179.25452,-172.04504,394.8724,179.34947,-172.09161,384.82025,179.02174,-174.95479,381.01938,179.10275,-174.98154,377.405,179.32246,-175.02072,395.63318,181.76884,-99.90529,369.13147,182.88968,-111.24672,392.49344,194.84898,-153.36252,383.49005,195.18292,-156.81929,415.18314,222.92516,-64.379234,341.81073,223.42667,-73.55272,430.97546,272.87045,-144.44833,336.026,275.50104,-148.1432,390.31702,239.83148,-273.28226,370.94748,238.5153,-247.13744,381.51956,229.39722,-292.54428,377.60443,228.33624,-266.5953,381.4746,224.55551,-278.28162,377.0092,224.45815,-251.54079,382.79465,227.92664,-268.30353,376.0137,228.17273,-241.84637,401.51035,314.99185,-3.1558423,355.64468,316.80505,3.0049562,395.14044,369.10486,-162.28493,353.28574,393.52832,-33.948635,391.27637,421.97324,-12.108991,363.25192,362.16605,267.00482,390.2144,428.73975,3.2434223,367.51633,355.65753,299.265,389.49957,451.21463,-53.88543,370.4617,386.9631,306.56683
zancada_left
IMG_20241017_114156.jpg,zancada_left,379.67548,194.00745,-206.17671,384.97656,187.00882,-195.09283,387.97943,187.03183,-195.11371,390.53525,187.11852,-195.1566,375.33405,186.7369,-194.17618,372.46768,186.67963,-194.19945,369.7765,186.66583,-194.22226,394.588,190.11977,-116.901825,365.77573,189.774,-110.46289,385.162,202.50082,-175.33516,373.98492,202.14128,-173.67902,416.7653,229.7871,-70.88237,344.9551,229.8379,-71.63444,431.27072,280.25455,-173.29176,334.54,279.20438,-160.80038,392.64587,244.29468,-323.80038,373.04443,243.11606,-277.06094,385.87057,234.68109,-346.44345,380.08652,231.8638,-298.9576,385.83923,228.43082,-333.03018,378.58356,225.9609,-280.234,387.07056,233.34497,-319.95923,377.53757,231.21082,-270.4543,400.7203,319.72968,-3.4072785,356.8054,321.70297,3.2932847,396.7327,371.6659,-179.78561,355.01065,400.93033,-28.561674,391.25882,429.30112,-15.379159,364.02237,373.8549,286.7172,388.70187,436.54242,0.30560136,366.33887,367.71985,319.63593,389.94125,455.08115,-69.82358,367.11133,397.04382,309.30255
zancada_left
IMG_20241017_114157.jpg,zancada_left,197.60548,294.41153,131.00175,202.28699,284.195,109.95156,203.7202,283.77933,110.02016,205.33354,283.4665,110.02871,202.51361,284.18213,138.67195,204.00603,283.74445,138.6855,205.6897,283.39783,138.72076,218.3383,286.2872,50.311405,218.54416,285.9516,177.33516,201.88647,302.1635,112.961365,201.87473,302.0567,149.59007,222.59885,320.79916,-37.705494,249.88374,328.20267,266.56473,166.97914,356.48245,10.731087,216.12813,373.25476,368.16708,185.9176,340.24487,213.45416,193.61914,350.2566,462.75186,191.9768,327.44238,228.69307,191.07098,340.31976,483.82513,199.01144,331.4722,219.68027,191.5891,337.84763,489.3046,198.38222,339.22058,216.82805,192.18507,342.2132,466.03586,254.83981,442.9421,-105.220116,272.0956,443.92505,105.16912,155.00647,482.73224,-60.8331,280.5598,553.5875,49.287594,186.62532,591.0297,-40.05515,376.49353,570.67926,-15.926866,199.33943,608.362,-37.763245,401.43152,565.46906,-22.306196,133.03685,607.5229,-55.302353,373.48462,607.1603,-34.879078
zancada_left
IMG_20241017_114157~2.jpg,zancada_left,379.56314,205.00859,-194.94257,384.52338,198.37495,-184.2911,387.56277,198.38554,-184.31236,389.65277,198.3872,-184.36394,375.06577,198.37695,-183.49698,371.7152,198.32483,-183.51424,369.33173,198.43344,-183.53618,395.23883,202.01003,-111.155655,364.59506,201.86765,-104.46991,385.3958,213.24815,-165.92932,374.0952,212.95001,-164.14789,414.4624,241.70004,-71.57528,342.50525,240.83896,-68.08048,426.01157,293.3306,-161.76257,334.43253,293.13107,-149.34386,388.5284,253.76244,-293.3912,370.95,254.20749,-258.37253,382.62234,242.15672,-313.05423,376.85757,241.24976,-279.40558,383.08405,237.30702,-300.2608,374.9838,236.1677,-262.4552,384.26746,241.96872,-289.4252,374.51746,241.44823,-252.86043,396.90088,332.05124,-3.521482,351.92688,333.97025,3.4172747,392.6747,385.06992,-160.18727,350.33163,413.56882,-29.215485,386.78818,438.50824,4.4194837,357.79953,385.03845,281.05954,384.42004,447.02817,20.513391,354.67993,386.53723,313.80115,385.1736,467.57068,-43.82038,360.9092,406.98944,309.3014
zancada_left
IMG_20241017_114158.jpg,zancada_left,197.0367,292.20956,113.783226,202.1029,281.67972,91.95511,203.05046,281.3317,92.004845,204.09787,281.02792,92.006874,202.95282,281.86423,122.35103,204.36551,281.64056,122.36342,205.88313,281.4765,122.39316,215.20056,283.48904,31.174053,216.85281,283.73083,166.47021,200.56313,299.0303,95.20346,201.04837,299.75275,134.23169,226.15125,312.87622,-55.251648,247.37653,328.64767,261.5044,169.7429,352.87665,-0.14045566,202.7888,377.60434,328.9458,185.04303,348.6692,222.76234,185.94029,355.2209,356.86404,188.20656,343.82495,239.87834,179.469,347.6453,369.418,193.8434,347.28574,231.17963,180.57681,343.68774,372.83224,195.25148,351.19394,227.43097,182.64467,347.67917,357.66586,257.92368,440.46506,-107.846504,270.93524,444.85593,107.72773,158.85884,482.83582,-69.973114,281.72604,548.98083,46.569244,186.05943,593.4489,-44.13097,378.95926,571.88904,-9.610464,198.91591,608.8962,-41.74032,402.00647,568.31805,-14.834061,132.74976,610.87476,-71.47638,373.10294,609.48883,-26.803104
zancada_left
IMG_20241017_114159.jpg,zancada_left,197.58751,288.62155,172.6266,202.30202,278.9132,150.53984,203.52016,278.52835,150.59789,204.92911,278.15073,150.6107,203.10265,278.6294,178.9083,204.78499,278.08093,178.92075,206.62172,277.58313,178.94824,217.08841,280.1232,82.2799,219.23282,279.87424,207.574,201.8142,296.43793,151.53458,202.26825,296.02756,187.74313,219.97673,312.9746,-15.210613,255.9593,325.2401,291.46252,161.89365,355.49548,39.908836,224.85622,370.55515,387.59503,184.91306,355.15298,246.62538,193.23514,365.25803,473.98883,189.19293,348.79602,261.46793,188.42711,358.87534,496.11844,195.91806,351.59784,255.82922,186.96259,357.25925,496.06534,196.69116,355.89703,251.34943,188.17935,360.48654,475.07748,251.7029,436.81412,-104.48977,276.89285,440.69186,104.40691,155.49524,480.72873,-62.764503,280.13385,548.9604,45.24248,185.72415,588.5976,-43.32791,380.21854,569.91394,-34.2008,199.9398,608.9037,-41.009052,401.55795,566.00507,-42.290787,136.82257,608.091,-47.520275,374.06778,606.91797,-54.25819
zancada_left
IMG_20241017_114652_1.jpg,zancada_left,2743.4329,1526.2627,-343.09024,2727.3196,1474.6451,-287.50027,2721.6812,1471.3016,-287.92456,2715.5947,1468.1742,-288.222,2725.9937,1475.4795,-454.03204,2720.4539,1472.9884,-454.28812,2714.77,1470.7839,-454.47632,2645.7532,1465.3604,-15.247133,2660.3691,1474.7334,-780.0389,2703.8606,1560.7167,-229.586,2702.423,1560.6627,-452.32687,2387.7166,1644.6704,482.19547,2543.3574,1719.2219,-1132.8047,2429.7258,2024.766,609.1726,2505.8093,2102.2314,-1092.9197,2600.4465,2232.4507,297.04013,2663.0308,2336.9978,-533.6801,2680.9727,2278.333,288.11816,2722.1338,2396.7434,-620.2406,2688.6428,2265.5176,168.30446,2746.8677,2357.0583,-569.4558,2668.4485,2254.296,231.45483,2730.581,2325.5925,-497.99396,2222.3606,2305.7292,476.87384,2220.3533,2346.1409,-477.53378,2668.0322,2306.801,1046.9581,1884.4227,2784.3008,-590.77606,2582.1506,2850.9414,1656.989,1345.7301,2817.3235,-238.40932,2496.3394,2946.9285,1702.8881,1253.6672,2765.6167,-201.34851,2773.36,2967.3838,1678.4235,1303.863,3028.8042,-435.93497
zancada_left
IMG_20241017_114652_2.jpg,zancada_left,2758.7905,1530.6432,-383.98233,2743.4646,1483.5894,-328.046,2738.1655,1480.4962,-328.46716,2732.3037,1477.5188,-328.7873,2742.5996,1484.3695,-492.6324,2737.581,1482.0796,-492.8598,2732.1511,1479.958,-492.9987,2662.6133,1474.9933,-52.27822,2677.025,1485.1036,-806.5374,2721.862,1565.7653,-269.3847,2720.0928,1566.555,-489.18216,2412.9763,1656.8071,452.4651,2560.3315,1724.9849,-1154.1757,2451.984,2039.5231,581.5433,2528.6943,2112.7773,-1109.9691,2634.582,2252.985,287.72104,2692.9856,2342.5498,-575.0521,2696.701,2302.3286,279.37726,2748.1448,2403.76,-667.87067,2724.1062,2282.8918,159.58539,2774.5962,2362.7278,-618.40826,2686.2803,2275.2756,222.6675,2755.5432,2335.1553,-540.8766,2246.528,2305.5166,462.91257,2233.2898,2347.3257,-463.53265,2752.123,2357.1492,1035.1542,1912.7122,2793.5293,-582.68445,2609.6448,2842.2217,1670.4259,1367.2627,2828.9824,-230.34274,2521.064,2930.2544,1719.1788,1278.1106,2767.6072,-193.53377,2800.9211,2962.6606,1691.0437,1311.4584,3022.5999,-435.7945
zancada_left
IMG_20241017_114652~2.jpg,zancada_left,377.88205,166.47862,52.21458,373.73154,160.12389,28.13592,371.33008,160.16351,28.09855,368.92694,160.36847,28.101322,379.7919,160.3481,26.109655,381.57373,160.44894,26.08493,383.39056,160.62436,25.990158,363.31927,164.931,-36.225548,383.95355,164.76114,-46.22995,374.95218,172.74277,36.02774,380.973,173.70482,32.98631,332.75003,202.09341,-40.366505,408.5122,206.39522,-82.99975,333.7633,256.3721,-41.223515,400.18484,259.24258,-68.11416,356.20572,269.09885,-38.436283,376.9801,274.0825,-29.054407,357.28464,276.23718,-45.623512,373.79852,279.12735,-32.816994,363.5627,273.40378,-45.401436,367.25677,274.19717,-37.835293,365.39325,270.9484,-39.191525,365.20877,271.50113,-31.459007,348.81354,311.46573,39.129158,386.04648,315.46423,-39.166264,357.67065,316.34665,299.42297,394.58337,378.174,131.4819,367.57285,375.67157,481.5631,387.59424,442.25494,247.90637,367.6932,385.45068,501.7536,380.69778,450.78284,260.41476,372.62204,374.5864,507.86206,402.2087,468.87384,233.00189
zancada_left
IMG_20241017_114653.jpg,zancada_left,472.3666,337.75412,-30.374413,475.3899,328.566,-19.08096,474.75687,327.62512,-19.13275,473.90512,326.48474,-19.182886,474.8119,327.79825,-52.157948,473.90384,326.55252,-52.175255,472.8904,325.22388,-52.227615,462.21457,318.20465,36.145607,463.58255,318.75946,-115.740585,463.8392,339.41327,-7.430102,463.096,338.6159,-51.82393,417.22934,340.91562,131.36372,431.78363,336.98624,-193.4281,413.3253,408.98596,154.77086,421.01608,403.91345,-213.0897,438.65417,449.03217,81.75002,456.7237,452.74567,-141.65477,452.86597,460.62842,78.32624,468.89963,463.66266,-159.4028,459.1203,463.56973,53.9476,474.35672,458.07785,-148.39577,455.40268,460.51172,68.27598,470.55707,454.51068,-133.86433,379.54828,461.58923,98.00376,369.12558,461.59488,-98.25466,477.48907,472.94797,161.31128,311.2618,564.0723,-177.1724,458.776,572.6019,246.89096,192.5252,563.796,-162.69666,442.71985,589.5231,251.94289,174.00204,550.5568,-160.80602,498.93542,597.5101,236.79973,174.53989,602.83124,-213.95662
zancada_left
IMG_20241017_114654.jpg,zancada_left,458.3198,299.83395,-30.222948,454.6966,291.4742,-19.54738,453.3951,291.06256,-19.604895,451.7886,290.62665,-19.650723,454.59216,291.1216,-52.75101,453.4345,290.58395,-52.798607,452.18454,290.10947,-52.872173,439.08282,290.69934,35.09607,443.01678,291.46042,-117.1799,453.0249,307.0846,-7.6719904,452.6536,306.42352,-52.0423,405.3764,329.0062,137.64775,427.3965,324.88733,-207.54253,413.79562,400.19498,152.97151,428.20358,394.5893,-223.27837,443.67014,437.5956,59.66232,457.30298,441.8685,-127.22388,457.261,448.4271,51.99206,470.33987,454.08484,-145.10147,463.51575,448.50302,26.061432,475.44733,450.42905,-133.48955,454.29474,442.3656,44.198723,469.6023,446.89993,-119.19351,381.04056,457.10803,102.15546,372.9536,458.96793,-102.35756,483.33087,468.08325,199.96826,308.1815,546.74365,-166.89987,459.392,571.2407,309.49292,188.2061,558.45044,-136.5947,442.8028,590.5898,317.23752,168.183,548.8366,-133.36163,502.16367,597.59296,301.54282,172.728,602.69135,-196.71344
zancada_left
IMG_20241017_114655.jpg,zancada_left,468.54694,305.41788,-51.16092,464.6092,295.79538,-38.999985,463.43466,295.2208,-39.0699,462.06787,294.6367,-39.121452,464.52692,295.81882,-72.97534,463.3737,295.31815,-73.01137,462.04834,294.80692,-73.07075,448.3839,293.87527,21.207499,451.70166,294.86526,-134.56949,462.12723,311.30798,-26.623497,461.75455,311.09375,-72.07545,412.91443,326.66162,128.72275,429.21255,326.27612,-220.68799,418.773,401.97803,146.70161,429.9376,398.1459,-233.589,453.1714,442.2771,45.568947,460.96716,444.56793,-140.77827,467.0706,449.99146,36.103947,474.6632,453.30182,-160.92432,471.26184,448.69943,8.597878,477.68246,448.66934,-150.97148,462.6022,445.6738,29.233492,471.32077,445.94965,-133.26231,385.6683,456.16812,105.29961,373.63745,458.18445,-105.47058,485.44797,468.2974,217.467,307.938,547.4041,-161.759,457.8417,571.30444,344.00674,188.68082,557.7374,-136.47157,442.65323,588.0475,353.11877,167.48848,546.96924,-134.03125,500.8108,595.18195,335.68958,174.90204,599.9115,-200.37077
zancada_left
IMG_20241017_114657.jpg,zancada_left,468.09268,296.7585,-30.821262,466.5785,286.85803,-18.380198,465.84375,286.45154,-18.43772,465.04062,286.00287,-18.483772,465.21625,286.07135,-51.601986,463.4989,285.23862,-51.621822,461.57126,284.41315,-51.67517,451.05292,283.81567,41.55321,448.8288,284.07324,-111.68468,461.83777,303.70367,-6.2605615,459.704,302.6782,-51.061428,409.453,318.1297,141.26384,429.27762,316.25613,-195.48509,399.41434,385.44653,171.97061,425.16043,382.92526,-227.87962,421.6846,433.5052,91.73333,451.48315,439.89597,-161.53502,429.48715,445.62726,88.30814,463.32034,453.14816,-182.01308,432.37054,443.16748,61.334732,469.3332,449.38666,-168.8432,432.0701,441.2846,76.63496,463.5654,444.81555,-153.22466,369.84308,441.5082,96.088425,367.37228,440.4286,-96.24958,470.80746,466.22647,138.63832,303.06854,527.7672,-162.80835,459.71143,567.15076,209.68591,184.13551,555.31934,-153.05013,444.36826,584.98914,212.92584,160.86626,548.7731,-153.02693,504.0098,588.9891,191.54382,171.3599,599.7562,-228.41545
zancada_left
IMG_20241017_115041.jpg,zancada_left,1240.9022,1416.3644,-644.3081,1271.9626,1372.6042,-724.80084,1281.054,1372.0159,-724.8301,1290.744,1371.509,-724.913,1264.9362,1371.3225,-573.658,1268.3036,1369.9246,-573.51825,1272.248,1368.3689,-573.42426,1356.9955,1394.915,-902.563,1337.3408,1391.2242,-230.15015,1270.2715,1465.0326,-694.8786,1260.0284,1463.599,-499.47653,1477.0483,1630.6509,-1239.3207,1387.4839,1652.8651,386.42264,1638.9772,1960.4519,-1375.8168,1441.9507,1984.2623,668.892,1486.3254,2293.2505,-1306.0741,1284.93,2192.0173,259.71054,1471.7974,2391.3662,-1477.8995,1232.7748,2262.3318,206.46953,1422.7627,2381.6904,-1476.3198,1224.3838,2259.542,54.564323,1420.8097,2350.5608,-1288.4662,1250.0288,2241.2388,179.1111,1549.0012,2295.2786,-502.85745,1478.6906,2273.2764,502.66608,1107.668,2504.669,-310.7102,1748.2598,2662.9011,887.71454,1111.754,2989.6765,40.676144,2144.4038,2815.075,1303.7559,1179.1113,3077.1624,59.582783,2259.901,2834.6687,1341.9768,882.1468,3089.7275,-175.79663,2079.9807,2997.8042,1282.3706
zancada_left
IMG_20241017_115042.jpg,zancada_left,374.6284,185.37798,-331.85477,380.88165,175.58781,-316.06992,384.2441,175.56287,-316.0693,387.28125,175.70102,-316.04034,369.27603,176.25418,-316.93274,364.607,176.6878,-317.00076,360.6112,177.2263,-317.0433,391.98752,180.79648,-223.9536,355.0236,182.19124,-228.35583,380.73804,196.7319,-297.3,366.72046,197.27467,-298.5913,416.85022,247.96838,-168.62091,323.52722,241.12561,-171.06264,416.45676,316.54587,-146.20062,312.69952,312.47583,-135.28859,414.77286,381.65292,-223.41966,309.99564,380.70844,-192.41153,416.7328,399.1149,-245.59848,309.06747,398.8888,-211.73193,411.56055,397.93942,-265.0671,313.04532,397.23987,-233.8245,408.58533,392.41928,-231.7672,314.72925,391.73434,-201.664,385.4487,357.73007,-3.1491745,337.06644,360.223,3.106563,384.35944,397.80353,-222.14035,329.3095,432.5938,70.74131,381.64172,478.1101,-66.66679,341.24292,410.66547,432.7,379.54648,485.69876,-53.262962,343.5809,413.94824,468.40027,377.36948,523.3251,-145.34158,342.0865,436.10754,440.02982
zancada_left
IMG_20241017_115042_1.jpg,zancada_left,1234.0521,1579.2273,-519.991,1249.7894,1522.5303,-605.64996,1257.4375,1520.1764,-605.59576,1265.5322,1517.3528,-605.76465,1244.9039,1521.6304,-453.93704,1248.2238,1518.6787,-453.86105,1252.0261,1515.0402,-453.8565,1331.1489,1522.0662,-807.3208,1312.6345,1519.3018,-139.26097,1270.019,1616.1232,-578.35065,1262.0582,1617.0863,-384.269,1485.8402,1765.7396,-1150.5731,1425.9133,1751.7576,430.45776,1586.4812,2148.1328,-1226.0624,1530.5203,2092.2542,545.57605,1457.8357,2454.8289,-942.22614,1465.9808,2330.32,143.49788,1437.5956,2548.202,-1091.1688,1448.5536,2399.9858,87.7188,1392.8666,2548.801,-1067.0566,1422.9833,2392.6006,-46.6027,1395.5562,2522.996,-914.19543,1457.5133,2379.8225,69.471306,1577.304,2397.7693,-471.82007,1554.4696,2391.746,471.80002,1114.0074,2482.5225,-184.86513,1731.937,2758.0537,949.93713,942.5642,2982.6409,188.096,2156.046,2825.4338,1375.87,995.7148,3091.1675,212.29126,2278.2903,2813.6025,1428.6359,716.8346,3070.2136,56.750893,2128.4602,3006.1833,1433.9203
zancada_left
IMG_20241017_115042~2.jpg,zancada_left,372.415,187.35963,-260.54227,378.95258,177.3511,-251.31741,382.7186,177.15118,-251.31491,386.43753,177.12814,-251.2825,367.31342,176.90509,-252.97563,363.49448,176.35994,-253.0633,359.86407,175.7984,-253.11237,392.00726,180.02011,-184.92484,354.40045,178.55817,-192.74484,378.61105,199.07224,-234.43983,364.87622,198.52544,-236.65756,415.7044,238.98982,-139.22592,321.93997,232.57515,-158.32031,417.07346,308.14526,-114.26592,311.83105,303.0292,-132.82484,423.7524,369.5712,-159.5568,308.12427,372.94482,-169.92802,429.37,387.30737,-171.58438,305.25964,390.68848,-185.46619,425.18948,387.19916,-189.54512,311.89856,389.57748,-201.8564,422.36304,382.84753,-167.4233,314.34982,384.34793,-176.6027,385.17838,349.49762,-7.238077,336.12732,350.9997,7.1264544,377.35788,392.5152,-142.33275,332.98483,416.47076,100.825645,382.36966,479.6307,-78.29341,342.4329,407.82816,380.8095,382.14948,488.65213,-74.21165,342.10907,412.07916,408.56552,377.36,526.6226,-136.37602,341.3373,434.3089,410.86902
zancada_left
IMG_20241017_115043.jpg,zancada_left,378.89816,195.61891,-349.7501,385.33154,184.45937,-338.3027,388.30704,184.35345,-338.2457,392.12146,184.30711,-338.20987,373.98276,184.21198,-340.39862,369.24554,183.90198,-340.49188,365.3311,183.6628,-340.5137,395.91254,187.51086,-246.17108,359.15448,185.31134,-256.14648,384.29312,208.08176,-312.07034,370.45007,208.19737,-314.98196,420.8239,247.58743,-174.62872,326.05624,241.03658,-190.30223,426.73477,318.5253,-137.17622,316.66925,311.66013,-152.13036,435.03156,382.13852,-197.11954,314.95523,381.02365,-189.8965,441.9461,401.11264,-212.55957,314.57394,401.0236,-206.98299,436.7719,401.31744,-234.86748,319.77866,400.65488,-225.12112,432.83936,395.87698,-206.00108,321.03833,394.20108,-196.80739,395.88687,361.93106,-8.291625,346.7878,361.56302,8.266772,394.54364,400.592,-268.16034,337.807,413.27057,151.50568,398.39206,496.2216,-197.38417,354.65384,402.3158,527.3775,397.2428,506.99124,-191.40048,356.86014,401.91888,565.34985,384.44116,543.2596,-294.75366,352.21796,427.0728,551.7583
zancada_left
IMG_20241017_115043_1.jpg,zancada_left,1145.8325,1642.3333,-528.3883,1174.2489,1592.3972,-606.38727,1181.1719,1591.3898,-606.4098,1188.5903,1590.4321,-606.46344,1169.8727,1590.7881,-465.59933,1173.8063,1588.7139,-465.46585,1178.1659,1586.5299,-465.5377,1253.3724,1606.7435,-812.04663,1241.9077,1601.9937,-192.75217,1178.9141,1683.4526,-592.9362,1169.6941,1683.4415,-412.97055,1384.8685,1876.2543,-1166.1184,1357.5924,1858.0515,335.36395,1412.0566,2276.6997,-1248.7086,1406.5128,2211.2595,463.68335,1338.297,2594.8289,-996.21875,1380.9514,2491.9846,155.5574,1333.7208,2698.9202,-1141.1355,1359.6263,2566.4673,123.00786,1285.0962,2701.6816,-1123.6128,1357.2612,2567.0193,-0.37518448,1281.5226,2674.4534,-975.6104,1371.7677,2543.0645,91.58991,1497.717,2507.5862,-451.75513,1467.0873,2487.272,451.5901,1188.6332,2715.2065,-133.4756,1455.1833,2679.4802,894.1525,1228.9166,3016.85,418.6866,1709.8373,2897.7288,1318.5333,1295.1289,3078.4802,467.773,1781.8236,2934.1072,1366.1884,995.1934,3088.6226,363.06693,1627.9589,2988.9092,1417.3741
zancada_left
IMG_20241017_115044.jpg,zancada_left,205.15071,298.46686,-30.453535,210.18889,288.82953,-49.420162,211.65305,288.44748,-49.45537,213.28818,288.10602,-49.45738,209.23898,289.10327,-15.312048,209.8671,288.8955,-15.23735,210.6393,288.6829,-15.2202835,225.41122,290.80746,-105.77299,223.33072,290.70563,50.911922,211.07245,305.72653,-49.984142,209.59874,306.0578,-4.859821,250.77393,332.59833,-201.5531,243.54848,339.9577,156.41818,273.4069,398.2815,-254.79561,261.90674,404.10553,194.66844,254.10474,461.83694,-219.87535,250.56306,454.458,132.96056,253.10545,481.3777,-247.75526,249.83995,474.64737,135.5913,241.9775,480.54504,-237.48926,247.22124,475.9171,105.25506,240.53296,475.81143,-212.77467,239.71373,468.0152,117.7845,263.03076,470.2099,-105.25507,248.91531,468.35565,105.13701,307.83633,559.98035,-157.11002,166.63242,483.84036,42.029263,403.8585,574.2764,-100.11815,120.67047,584.49634,43.237072,426.9701,570.5814,-94.68461,126.39705,605.7245,40.739902,398.9343,613.1259,-136.66574,65.817764,609.1899,12.855146
zancada_left
IMG_20241017_115045.jpg,zancada_left,193.93619,307.36832,-72.93967,199.1808,298.71964,-92.36183,200.71931,298.7091,-92.37672,202.33173,298.70688,-92.3588,198.636,298.1754,-58.61255,199.67049,297.82104,-58.555695,200.79085,297.53302,-58.551365,214.97874,302.62863,-148.05696,213.71532,302.04245,6.187735,199.52522,316.94788,-92.58769,198.6243,316.8226,-48.043285,237.10835,348.9264,-238.95364,232.56232,354.0418,117.32586,246.2857,418.719,-284.83057,238.94392,420.77,151.93666,229.14099,491.65558,-250.50755,225.88675,475.5428,85.58783,230.76006,510.04807,-282.89517,224.34041,496.99316,87.21149,219.45235,509.41434,-275.09164,220.34921,493.4355,53.729546,218.21269,503.93454,-244.82378,220.71327,489.63275,69.64293,251.8319,486.9504,-104.506035,236.47522,484.04874,104.35273,303.39346,574.56024,-167.20705,147.8577,479.69775,121.78954,397.8723,576.80347,-84.15433,116.86155,587.01013,159.06602,418.52625,568.01337,-75.53373,129.66557,608.32336,160.29642,398.436,614.8028,-102.334274,69.100586,612.58246,150.62227
zancada_left
IMG_20241017_115046.jpg,zancada_left,189.73778,312.60535,-68.767654,194.71385,303.3669,-87.88628,196.25766,303.24988,-87.90119,197.8922,303.1365,-87.8865,194.11136,303.10663,-54.71203,195.15692,302.82233,-54.649326,196.29378,302.55536,-54.641357,210.78705,306.45312,-142.05232,209.20334,305.8433,10.055891,195.45685,321.78598,-87.633064,194.16379,321.89212,-43.749855,234.78813,350.40485,-233.59589,229.47061,357.23184,120.96033,247.1157,421.09424,-283.59467,237.27121,422.51187,157.64581,227.5288,492.3217,-253.56857,226.95488,476.86032,91.752625,228.15993,511.802,-286.63855,223.98776,500.1507,92.70209,216.89957,510.9724,-279.33377,223.25305,500.41837,59.201305,215.36234,505.60208,-247.87769,225.30896,494.3912,75.80571,250.58408,488.44263,-104.118034,232.80463,486.31143,103.98677,299.35452,574.1431,-171.5778,146.00954,479.06842,132.21637,397.41354,573.8739,-102.315636,116.06159,585.0138,169.04303,418.5032,566.00854,-94.807594,128.37323,605.67883,170.54356,399.8422,612.7981,-121.309494,68.298,614.03125,161.98705
zancada_left
IMG_20241017_115047.jpg,zancada_left,188.45506,311.87524,-75.87262,193.56335,302.48767,-96.370056,194.99684,302.3581,-96.39266,196.51527,302.24786,-96.382126,193.31133,302.1079,-61.418175,194.49046,301.74002,-61.35823,195.75449,301.41983,-61.35485,209.55644,305.6325,-155.04817,209.04282,305.01508,4.956188,194.24483,320.79105,-96.33635,193.45253,320.97745,-50.191845,232.98059,349.1182,-251.669,231.79459,355.7845,121.797165,243.16602,420.52966,-304.37656,239.87335,422.0948,161.37181,223.3565,494.1033,-270.42386,227.8157,477.4786,96.89767,224.37831,513.14185,-304.6694,225.83392,499.07336,99.5562,214.4142,513.3636,-295.4274,224.05151,496.09485,64.29389,213.28766,507.98087,-264.07895,223.34369,491.9731,80.19474,248.34068,488.8983,-109.1009,237.36255,486.8898,108.93409,300.59473,575.6773,-168.08467,146.92825,480.1506,133.33873,396.63162,575.61896,-90.14202,115.35109,589.246,176.17972,417.2037,566.6693,-81.64342,128.65158,609.8401,177.96913,398.63272,612.7737,-108.7105,66.15654,612.41473,165.27397
zancada_left
IMG_20241017_115943.jpg,zancada_left,382.28262,188.64497,-246.07031,391.53326,176.76863,-235.73883,396.6564,176.77281,-235.75319,401.36545,176.96043,-235.7526,375.854,176.19336,-235.3883,370.92633,175.87163,-235.45517,366.66904,175.93431,-235.5128,410.20773,182.40306,-161.72803,360.0091,180.38509,-159.63599,390.3081,202.60106,-217.29416,372.4028,201.77812,-216.83533,437.88644,252.67535,-116.305,321.14536,249.56494,-128.71828,442.71024,341.37347,-84.09054,309.26212,331.97293,-94.48604,435.25464,415.48065,-133.85019,317.189,410.0547,-134.7692,439.03055,439.1926,-148.35641,316.4285,434.7876,-150.12137,431.64587,437.68182,-170.48131,325.07904,433.496,-165.72928,428.33392,429.66907,-141.93987,327.94165,425.47,-140.16495,402.18457,393.8489,-0.52087915,342.74356,395.1005,0.26425815,390.4444,482.99063,-155.83374,337.16293,510.04572,-38.337727,395.44962,568.5879,-12.331933,345.88348,491.7317,306.76352,396.2853,576.4374,-0.13656874,353.5236,491.84583,343.6417,382.18295,619.2291,-66.09921,350.6401,525.28485,358.08603
zancada_left
IMG_20241017_115944.jpg,zancada_left,387.83636,182.22539,-253.2235,396.53598,170.06752,-241.43782,400.63095,170.24179,-241.46242,404.6462,170.51341,-241.48439,381.73337,169.67206,-241.78532,376.65158,169.54471,-241.84924,372.1079,169.55109,-241.90004,411.7113,176.13823,-163.80093,364.68607,176.28792,-165.20238,395.88928,194.37102,-223.52472,378.17273,193.70038,-224.07103,441.02545,253.15149,-120.04532,323.68936,249.33772,-133.29485,446.06436,343.1054,-88.00505,312.74548,335.5069,-99.70507,438.0418,416.53757,-137.2267,319.8312,413.95605,-141.43831,441.0588,439.21124,-152.24286,318.84735,438.81735,-157.18604,433.00256,437.7411,-174.81917,326.54938,436.67032,-174.21994,429.83997,429.49695,-145.26361,329.4481,428.79865,-147.32191,406.65573,392.46387,-0.98307556,347.6437,394.86017,0.7340079,393.21338,479.8448,-182.78488,337.97388,514.11884,-40.990555,395.85812,569.638,-45.241737,353.06094,496.20346,306.1395,396.67322,576.068,-33.204834,358.16293,486.16418,343.7366,382.796,621.2218,-102.01408,358.73596,534.9709,358.18726
zancada_left
IMG_20241017_115944_1.jpg,zancada_left,963.6802,1296.928,-312.54758,987.1593,1245.1317,-385.39777,995.5017,1244.6681,-385.56503,1005.38635,1243.7666,-385.73398,982.4068,1244.1163,-220.60385,986.6856,1242.7509,-220.47792,991.45087,1240.8599,-220.62929,1085.3538,1254.0278,-595.86096,1068.101,1248.8778,128.24051,1001.8235,1347.4517,-384.45407,994.226,1346.239,-173.95709,1235.9753,1518.9342,-1077.5908,1217.4814,1512.0272,661.7196,1378.3799,1941.7115,-1199.8197,1358.8203,1902.5049,705.1606,1237.6628,2310.057,-891.32263,1278.2135,2235.304,290.63773,1229.221,2405.149,-1046.0156,1262.0435,2326.2153,216.70418,1182.8956,2403.6204,-1015.9486,1237.299,2314.8557,89.51987,1187.5916,2377.81,-864.36646,1248.5963,2288.7595,214.18636,1441.1986,2189.1353,-557.6545,1426.1271,2190.0732,557.69305,945.7197,2522.6948,-167.83392,1439.0948,2685.8254,329.89194,1140.3154,2992.6577,558.47314,1968.3372,2741.4128,782.7621,1324.7264,3049.7292,621.8895,2096.1182,2707.1724,826.851,904.10187,3121.0935,424.91376,1957.5068,2966.5725,746.68427
zancada_left
IMG_20241017_115944~2.jpg,zancada_left,395.32727,176.40672,-262.7104,404.12238,165.84703,-248.30179,408.10498,166.11238,-248.3244,412.44705,166.27184,-248.36,388.94296,164.65887,-249.74876,383.50586,164.4252,-249.80096,378.64197,164.27682,-249.83835,418.6057,172.52667,-163.93956,370.54156,169.89493,-170.8185,402.38464,190.89468,-231.1297,384.29584,189.3693,-233.2726,441.82224,255.68216,-122.553314,326.0892,246.12546,-136.84117,445.14517,344.4525,-97.60231,305.70575,329.5319,-112.12259,437.48932,418.0793,-152.03535,311.85974,410.33157,-155.69836,440.66492,440.748,-168.56729,310.89584,437.64984,-172.7244,431.94778,439.2743,-191.4002,319.69092,435.96686,-188.59828,428.83682,431.15372,-160.34863,322.1254,426.66052,-161.32677,402.15115,394.8234,0.28407604,343.00443,394.2172,-0.5601348,388.25443,483.9648,-193.67624,336.51337,511.71777,-42.121613,393.7385,572.93243,-51.91486,346.28445,492.80978,325.18915,393.4677,580.9498,-39.48574,350.43652,489.4776,364.3911,382.3976,623.27954,-116.31477,351.32242,523.4345,373.03867
zancada_left
IMG_20241017_115945.jpg,zancada_left,393.71918,178.47432,-235.48407,401.77765,167.13927,-221.91939,406.1593,167.60583,-221.95688,410.36176,167.95749,-221.98709,387.7673,165.68684,-222.56425,382.67767,165.30223,-222.61867,378.2304,165.03278,-222.6824,417.08273,174.32014,-144.80031,369.67154,170.7892,-148.08536,400.69382,192.94316,-207.17319,383.55334,190.88954,-208.29692,441.34967,256.98434,-112.27895,325.2696,247.44572,-120.547714,444.59662,346.46048,-89.69456,306.1551,332.43433,-99.0105,435.1841,420.73575,-138.68117,312.5887,412.54382,-146.38739,438.31036,444.87308,-155.44254,310.7976,439.7735,-163.52669,430.93304,442.77585,-176.6072,319.8135,438.3758,-179.95984,428.0846,434.51447,-146.59322,322.35284,428.77005,-152.52602,400.3547,396.48718,-3.008477,340.98444,395.73184,2.7372055,386.87994,489.8964,-149.46953,337.27722,509.65878,-34.56976,393.188,574.95386,0.34181342,344.36258,492.3119,309.4121,394.5475,582.0342,12.8222,347.82565,490.71368,346.11612,378.5201,625.2725,-55.31459,349.99323,525.0349,357.0083
zancada_left
IMG_20241017_115946.jpg,zancada_left,209.88206,267.20676,5.883733,213.26619,257.16354,-12.292306,214.46678,256.69547,-12.306532,215.75308,256.28842,-12.31432,213.23534,256.76657,22.628313,214.37892,255.98933,22.669498,215.63004,255.24414,22.630316,229.19408,257.72147,-61.867107,229.16791,256.95224,92.88386,215.7767,274.86337,-9.724342,215.26569,274.32123,35.32992,254.78828,299.35464,-171.01627,258.69482,307.15375,208.28854,278.77173,371.80756,-225.06488,279.062,381.37582,225.22882,250.00981,440.24042,-187.08252,254.17194,442.94415,140.2658,247.94762,462.0142,-217.07022,243.61588,464.99976,132.57545,238.4747,461.05524,-208.16574,240.94072,461.32016,103.01047,238.7195,455.47174,-180.33582,244.34354,455.78793,122.77085,284.0332,437.44763,-125.89085,287.7277,441.29,125.83946,177.07176,493.73676,-117.25646,286.78418,559.5534,85.31198,210.31363,607.253,-61.215954,398.85773,579.05493,146.85712,226.06033,628.0017,-58.964928,430.0508,579.72614,152.17966,156.97342,632.1076,-122.89057,394.84735,627.9458,129.10492
zancada_left
IMG_20241017_115947.jpg,zancada_left,210.0828,265.507,43.59549,214.96414,255.39516,27.404577,216.34866,255.04688,27.379316,217.81079,254.77542,27.367401,214.16066,254.94313,61.074852,214.98062,254.24895,61.121933,215.90012,253.62338,61.06433,230.93935,256.89038,-21.148592,229.52263,256.10095,127.716515,215.63612,273.80975,28.192673,214.34798,272.92535,71.47889,253.42262,297.64423,-138.72943,254.34525,305.60675,235.33264,273.31802,370.6068,-204.4696,268.37775,380.81866,252.74759,240.66718,436.6323,-184.27995,258.8645,444.09232,179.35329,238.02003,456.4303,-214.51552,251.90825,464.17395,174.55685,229.18555,456.68155,-202.89522,249.01321,462.19534,146.73444,230.65112,451.00156,-176.6091,247.91257,455.01672,163.1599,278.7284,434.0042,-121.90818,286.6384,439.4178,121.83587,176.44301,495.7444,-127.496544,288.90607,561.5604,67.92882,208.90147,609.96295,-91.846275,406.76343,589.0294,97.608376,224.9971,631.0225,-90.968735,429.57938,584.50555,99.35989,156.21915,635.85236,-146.9136,392.0065,631.7567,69.74021
zancada_left
IMG_20241017_120003.jpg,zancada_left,376.84286,187.20836,-347.70123,383.49915,177.14162,-360.2248,387.70258,175.30135,-360.19702,391.41235,173.284,-360.25204,369.50668,178.93971,-355.2626,364.93845,178.13567,-355.37183,360.6913,176.89494,-355.49722,396.52054,160.45834,-327.38586,352.29193,164.42426,-303.93173,385.71793,189.83148,-325.70117,369.98624,190.95715,-319.21634,443.13516,185.92516,-262.60184,323.86914,198.3478,-220.25566,467.41675,274.75616,-227.31468,325.32184,283.44736,-165.95798,466.02734,358.54037,-243.49585,332.72412,362.7316,-205.10895,471.92413,380.3634,-259.72797,331.77356,384.72028,-218.00476,464.18738,380.40063,-277.22708,338.82574,383.79932,-241.6055,459.9352,375.00378,-249.61624,340.94266,376.7668,-213.68745,424.26166,327.59082,-26.011814,364.69757,327.6366,25.776342,414.0191,436.18854,-29.353107,359.267,425.46146,151.7124,409.0092,546.70856,-18.248348,366.92157,447.14392,407.82294,406.15518,557.6171,-22.316906,372.10544,444.48257,433.2112,404.04895,597.2201,-93.055626,361.00665,494.205,451.92252
zancada_left
IMG_20241017_120005_1.jpg,zancada_left,963.79224,1566.6091,178.06512,993.9363,1530.0273,109.82226,1002.0191,1531.0986,109.739105,1011.2342,1532.2986,109.49127,989.0173,1529.7623,264.48053,993.53033,1529.7859,264.6086,998.62524,1529.6536,264.5474,1066.5645,1560.663,-72.568275,1054.8127,1553.6017,606.51807,982.9099,1618.2335,122.80996,977.6043,1614.605,319.9873,1136.9856,1764.641,-574.24744,1182.1774,1782.7191,1144.3359,1288.675,2144.4556,-809.761,1286.63,2154.8547,1225.198,984.8584,2330.9126,-629.33124,1090.01,2329.029,842.3598,924.5124,2387.7705,-750.4202,1079.003,2364.5332,805.48346,898.4027,2357.35,-657.55884,1027.6937,2356.8257,698.28516,915.79956,2341.9622,-573.51263,1050.2897,2331.303,773.3904,1291.691,2410.3555,-585.785,1353.4534,2429.6492,585.8253,722.482,2559.1343,-595.32806,1355.6356,2899.5222,463.52246,929.1337,3087.8093,-257.88547,1885.3851,2883.4028,816.9296,1026.5958,3166.7432,-221.2748,2004.0647,2836.2554,861.7369,719.2419,3232.8977,-316.98608,1894.6907,3075.2827,838.47296
zancada_left
IMG_20241017_120006.jpg,zancada_left,209.11963,303.58765,187.78162,216.01308,295.63184,174.32559,217.45401,295.52377,174.34938,219.11617,295.5001,174.32626,215.38994,295.71277,204.55899,216.24246,295.60403,204.62277,217.26338,295.55154,204.62299,230.14299,300.78845,123.278755,228.37209,300.76428,255.92108,212.44836,311.95084,171.36772,211.47055,311.70334,209.82578,241.41756,334.04703,-0.51383615,254.2825,352.1154,332.51813,260.0231,397.9876,-94.6137,268.37833,421.24423,325.0161,190.79517,440.33545,-129.34729,261.46878,462.73056,242.87149,177.29355,451.1362,-161.591,264.4058,468.1621,233.14987,172.06699,446.39233,-137.90758,258.9933,465.82016,216.1768,175.90608,444.45667,-118.26414,256.9613,464.29916,230.69865,254.15541,459.38715,-110.156,272.2784,477.30627,109.99025,131.09459,482.83405,-114.62973,269.64838,594.8547,83.21166,166.10101,611.7479,-86.817535,382.1652,602.81647,109.57891,185.7238,628.5131,-83.92515,404.60193,593.8773,114.26134,123.91157,645.01495,-102.88333,384.4786,642.44244,95.43087
zancada_left
IMG_20241017_120006_1.jpg,zancada_left,942.7017,1558.1088,31.016039,973.8478,1524.0934,-45.470707,981.90314,1525.4476,-45.493027,990.57227,1526.3954,-45.660442,968.2482,1522.5525,111.46419,972.6039,1522.7378,111.53477,977.5115,1522.5079,111.40422,1046.8807,1556.9427,-249.81717,1034.8184,1548.0737,440.1336,961.90857,1616.0817,-31.344568,956.45874,1610.3798,168.88359,1133.5052,1786.8553,-720.93463,1167.2828,1797.4409,967.0363,1224.2118,2180.8643,-855.2681,1250.5365,2152.054,998.31134,928.6083,2356.3123,-523.6727,1108.1385,2360.402,555.4874,863.1519,2408.435,-630.2339,1088.4338,2396.2869,494.80453,842.2757,2381.0984,-557.5293,1065.4261,2369.5007,394.78702,858.7664,2367.6067,-473.5204,1071.8547,2359.2078,486.946,1288.1721,2427.9817,-579.7272,1342.5972,2445.6443,579.4409,717.3218,2571.682,-477.09225,1360.44,2905.0361,435.7844,924.78827,3095.2559,-66.302734,1877.3765,2886.328,786.745,1028.3523,3177.7192,-25.858768,1987.9666,2844.6467,830.35736,720.6449,3238.1843,-136.69511,1893.087,3073.6753,805.23425
zancada_left
IMG_20241017_120006~2.jpg,zancada_left,395.7339,220.18553,-286.32465,402.54855,210.18001,-272.50516,406.53723,210.15366,-272.4736,409.47986,210.48373,-272.50494,389.52005,210.50734,-271.28116,384.70615,211.09119,-271.3673,380.52612,211.57466,-271.3946,415.80652,216.10187,-189.94641,375.99673,217.24216,-181.9363,404.50522,231.98682,-254.80612,388.43195,232.14778,-252.30743,452.47284,279.53915,-130.62949,341.2706,283.9346,-155.08174,476.15695,357.5838,-125.33782,329.33087,364.16357,-150.9637,441.7019,407.3112,-213.48244,385.9295,407.90738,-204.72302,433.72913,424.52383,-239.79869,401.6018,424.1992,-232.20361,423.99973,415.96014,-252.46524,407.1101,416.67075,-230.72754,424.9628,410.1382,-217.9923,404.81082,410.66617,-202.74364,424.9205,414.7766,0.7343587,367.87732,414.89288,-0.84130645,425.48926,487.4497,-180.09999,354.6322,519.30786,-10.698219,412.01886,561.1411,-44.898434,368.62076,478.3928,351.1243,406.69995,571.77625,-31.852766,374.80453,468.9544,389.64526,407.63312,610.06866,-99.98943,368.33548,505.75797,413.89725
zancada_left
IMG_20241017_120007.jpg,zancada_left,205.79794,308.27783,226.90234,211.5933,299.49792,211.24777,212.86804,299.14322,211.2795,214.35658,298.94147,211.26526,211.48676,299.76825,241.4905,212.5464,299.54434,241.56439,213.77539,299.4398,241.58089,225.84824,302.99384,149.95114,225.41005,303.25006,283.18143,210.012,316.03323,207.06201,209.52084,315.98047,245.67377,237.64828,332.58423,18.952942,253.10886,351.00333,348.40973,251.6824,392.69928,-95.23274,275.62204,419.40317,342.7225,190.56808,441.70676,-160.96149,275.04025,468.9187,275.15796,178.60204,450.8613,-195.34364,280.13223,474.53552,267.28378,174.21709,447.2818,-171.64885,273.80286,475.13037,250.21834,177.95236,445.4172,-150.85956,270.56296,473.89017,263.24612,251.41786,460.72458,-109.95782,275.22073,478.19687,109.82605,133.67227,484.4941,-104.0352,270.7135,597.52313,95.070496,165.04811,608.27167,-81.60349,383.168,602.5499,118.421074,182.70056,626.6914,-79.32558,406.99246,594.0176,122.79912,121.53797,643.6736,-97.82503,384.45193,641.97174,104.33606
zancada_left
IMG_20241017_120015.jpg,zancada_left,1586.8225,1446.1183,-437.52704,1621.6678,1400.0131,-530.733,1629.4089,1400.0928,-530.5263,1637.6063,1400.1368,-530.6019,1615.2952,1399.5912,-378.49036,1617.9344,1399.5808,-378.39484,1620.8524,1399.1785,-378.6945,1709.7137,1428.1407,-776.6929,1695.2174,1420.9249,-109.898506,1608.6277,1500.3901,-509.13464,1600.7693,1499.602,-316.1707,1860.0765,1708.1854,-1119.2915,1837.1909,1705.883,409.459,1916.488,2189.5303,-1164.7058,1891.0256,2137.102,499.79962,1807.7817,2588.6365,-829.7403,1824.7037,2512.6736,216.80563,1809.8876,2693.686,-957.19946,1830.5018,2598.2646,172.99239,1748.8171,2697.429,-940.4916,1808.0206,2614.0588,59.874386,1741.5547,2664.0676,-803.736,1801.48,2572.8342,154.63889,1854.0668,2444.8997,-488.337,1915.3737,2437.503,487.1838,1337.6577,2652.2373,-297.70755,1944.7393,2905.699,887.5883,1529.934,3159.8345,312.9743,2479.733,2925.9321,1231.7954,1612.5417,3245.9695,375.99554,2589.0906,2881.329,1279.2443,1299.0784,3263.82,455.4201,2484.3975,3067.0027,1312.7373
zancada_left
IMG_20241017_120016.jpg,zancada_left,397.74066,161.41388,-243.0686,404.95065,153.42937,-231.1711,409.3266,153.9201,-231.16129,412.58215,154.47588,-231.16798,392.16376,153.12968,-229.72974,388.66705,153.44888,-229.77162,385.77512,153.8017,-229.79517,418.2043,159.88304,-162.64987,382.2486,159.96071,-155.16252,406.7935,173.55502,-217.25945,390.1237,172.35176,-214.99202,447.99307,224.43474,-129.38377,352.6981,224.55293,-122.30812,449.87442,301.8919,-114.23686,339.83197,299.3691,-97.64577,442.77014,367.5821,-167.20094,342.50616,365.02335,-136.47955,444.1842,387.5444,-185.01007,340.04947,385.62558,-152.86266,438.16226,386.62817,-199.47672,346.40326,384.35657,-166.16568,435.92694,379.7051,-173.01814,349.4469,377.5975,-141.86635,421.671,343.08017,-10.502965,370.8625,345.09247,10.322962,419.70364,403.20474,-162.20541,355.96637,416.98123,-60.901947,415.846,468.5217,17.772543,379.13617,403.71585,258.27835,413.2768,477.28745,34.016666,390.61417,403.05362,292.16632,409.66284,508.39795,-18.626425,375.20358,433.04758,303.304
zancada_left
IMG_20241017_120016_1.jpg,zancada_left,1570.5463,1454.716,-300.7812,1600.0709,1408.1147,-377.11795,1608.2098,1407.5193,-377.0632,1617.5479,1406.5897,-377.17883,1594.7139,1407.4773,-215.26794,1598.3015,1406.8451,-215.03053,1602.7468,1405.3885,-215.11392,1692.9817,1429.3408,-603.9713,1678.4391,1424.1635,109.062584,1597.0182,1503.888,-374.34796,1590.1418,1504.339,-168.4454,1853.1865,1710.9976,-1052.8444,1776.0319,1732.9202,631.0778,1896.4679,2174.6477,-1235.3431,1815.6223,2124.67,716.82526,1803.9459,2574.3318,-1031.0918,1764.7683,2463.8752,339.99634,1820.0048,2679.8176,-1209.3326,1752.0071,2560.9824,274.38623,1755.3921,2683.9893,-1179.8113,1762.924,2556.8103,147.58574,1742.1719,2651.7717,-1006.7539,1778.9077,2529.9043,267.01266,1840.573,2450.7598,-552.13104,1859.456,2431.1091,551.5115,1305.8599,2624.0479,-233.71558,1951.2037,2877.2,776.3628,1523.2545,3149.945,409.2809,2469.6655,2916.1497,1147.463,1619.3494,3238.3342,474.13086,2592.2444,2883.5598,1191.8333,1316.3524,3258.1077,443.05484,2450.4087,3093.5208,1128.7471
zancada_left
IMG_20241017_120016_2.jpg,zancada_left,1557.2755,1471.2603,-444.63864,1589.4633,1423.12,-526.31903,1597.6414,1421.9233,-526.19714,1606.7437,1420.2384,-526.30975,1584.9071,1424.0985,-363.09116,1589.0098,1423.6715,-362.89313,1593.6603,1422.2366,-362.96317,1681.2332,1440.8796,-741.9121,1665.9832,1435.9578,-23.371765,1588.7831,1519.7684,-511.00974,1580.7139,1517.8922,-303.02075,1849.6753,1712.1022,-1161.7037,1775.5791,1734.5957,537.46094,1892.4176,2176.913,-1325.9518,1814.2106,2152.4639,627.4331,1789.7917,2588.7527,-1131.8315,1766.2489,2492.6584,226.3805,1805.2603,2692.2483,-1318.3823,1755.8452,2592.155,155.17786,1743.311,2695.4717,-1295.1055,1747.9226,2584.5999,19.590496,1730.4529,2663.2476,-1108.8739,1742.2454,2558.884,149.91533,1845.3174,2453.0125,-551.58813,1872.0869,2443.948,550.8938,1299.7349,2609.1301,-185.80458,1952.3687,2893.9624,924.2604,1514.1086,3151.0642,532.0108,2478.8691,2922.645,1409.1067,1604.0458,3233.5906,604.46454,2605.794,2874.6294,1466.3162,1296.2032,3263.184,601.63635,2457.2698,3092.6995,1426.8496
zancada_left
IMG_20241017_120016~2.jpg,zancada_left,398.11652,177.85869,-260.41556,404.81543,167.68192,-248.88086,408.48413,167.95291,-248.87334,411.41785,168.2445,-248.86859,391.9703,167.89894,-248.32169,387.71765,168.1636,-248.38135,384.735,168.53732,-248.41188,417.58783,173.35495,-179.06325,380.1892,174.51357,-175.79576,406.29065,188.63156,-233.80603,390.0963,188.89067,-232.77892,447.4756,233.6574,-139.7841,352.15244,237.55893,-140.429,451.10962,312.47528,-120.858116,341.4821,312.34824,-115.57994,445.14835,376.3442,-171.41695,347.65475,378.48444,-154.0858,446.022,396.52155,-188.40855,346.55588,399.0653,-170.38559,440.053,395.3817,-202.62817,353.19403,397.02527,-183.45589,438.32425,388.56705,-177.14069,355.3031,390.15448,-159.02704,422.66357,351.95422,-11.536449,373.45074,354.64297,11.372341,415.87943,409.0013,-158.76299,364.98022,428.18088,-21.456541,415.4216,478.95667,4.981649,388.82706,413.2768,289.73788,414.1144,488.48758,20.07259,396.68597,406.0348,323.16837,413.51187,518.84357,-30.53956,381.8491,433.98447,337.0761
zancada_left
IMG_20241017_120017.jpg,zancada_left,330.1925,283.22717,6.479307,334.82858,273.92627,-12.655149,336.33237,273.4764,-12.619102,337.97296,273.0212,-12.618541,334.32877,274.10577,24.94196,335.29932,273.77106,25.01598,336.47943,273.32236,25.0,351.8625,274.87808,-71.499374,351.07294,274.21613,94.85187,335.09695,291.0313,-12.447357,334.3106,291.60223,35.80379,376.92197,316.03513,-180.2644,383.21533,324.26138,204.25726,393.48953,391.54584,-236.51004,389.71405,400.5144,211.2516,369.33456,474.83307,-207.93834,373.32388,473.3254,136.7735,372.95465,495.5988,-240.3566,375.90775,498.45233,130.71013,360.6918,497.10788,-229.66249,370.31317,498.63562,104.378975,358.37506,490.77002,-200.77144,366.80157,489.3766,121.36031,376.532,464.23645,-127.26763,390.07025,468.93164,127.10901,265.81085,495.3351,-125.00281,396.6559,587.57837,134.4512,303.58997,621.9976,-34.125313,521.4085,601.691,201.38805,327.8681,629.43933,-25.754768,546.66064,596.0965,209.18312,254.71892,642.3688,-37.58322,515.0898,644.58307,196.68672
zancada_left
IMG_20241017_120020.jpg,zancada_left,320.23462,292.24777,-4.2541885,324.5007,283.34555,-23.718592,326.2723,282.55313,-23.677061,327.9656,281.74878,-23.68999,323.42474,284.0848,14.210584,324.40463,283.76196,14.269125,325.51138,283.351,14.248465,342.3972,282.46384,-81.98,339.50763,283.66736,86.555626,327.7348,299.19946,-22.956394,326.3607,299.58023,25.863724,379.00922,321.7865,-190.76707,365.98343,336.6255,200.32512,391.8274,403.55978,-249.32458,369.11664,417.39975,219.89844,368.1567,481.25806,-236.4993,351.94873,478.23978,136.95868,370.62393,504.1057,-277.10242,346.76535,511.22717,128.08473,356.60352,505.8404,-265.0401,347.08374,511.81793,96.5692,354.95554,499.68634,-229.0224,349.11102,492.53964,119.4007,378.91553,472.58853,-126.59066,383.843,477.045,126.43813,265.38394,494.13376,-137.7018,391.2104,593.017,140.15837,303.8349,615.5878,-7.072136,518.2535,596.25415,234.43863,335.5607,614.0005,6.163099,544.44836,590.393,245.70622,255.54314,638.6568,1.2325989,517.8702,640.2145,232.5408
zancada_left
IMG_20241017_120025.jpg,zancada_left,373.18118,214.48163,-241.86053,380.31116,205.8567,-227.89679,384.87918,205.834,-227.89395,388.61145,206.00626,-227.89676,365.32623,206.27347,-227.8066,361.40237,206.61896,-227.87367,358.24152,206.99245,-227.96286,396.3138,211.82332,-153.65663,355.07562,214.05489,-153.70668,383.53317,226.86046,-214.11409,366.0034,227.58441,-213.89981,428.30783,272.3861,-109.52165,330.9699,280.78192,-130.92488,436.8255,349.47028,-98.05787,319.05884,357.55988,-122.64979,424.9111,424.97418,-140.78423,321.7669,427.73047,-159.24248,424.8753,445.55353,-161.0201,318.6549,450.4229,-175.85912,417.33353,444.5205,-169.62337,324.17773,450.20404,-190.76752,415.6712,438.3132,-144.165,327.10876,442.4894,-164.84322,403.94952,392.8622,14.82674,353.978,388.63882,-15.052491,397.35834,479.61807,5.319686,362.8015,442.0253,-242.72232,374.24338,468.47415,305.59213,365.10522,524.52405,-148.09868,370.4391,461.97705,336.17438,367.28174,530.9715,-139.76704,369.9454,486.29437,322.91754,368.0987,564.07526,-208.87941
zancada_left
IMG_20241017_120043.jpg,zancada_left,400.30453,260.77722,-341.22128,404.16367,250.38176,-332.55322,406.7462,250.0553,-332.53473,409.24686,249.79114,-332.60883,394.81665,249.83423,-336.05243,389.85492,248.83788,-336.1142,385.26825,248.01482,-336.11212,410.60596,249.50867,-242.3388,375.42004,248.6123,-258.7986,402.19894,269.79343,-302.6809,391.2462,269.71527,-307.60876,429.52127,290.38104,-163.78488,339.1244,287.04288,-183.52255,436.21857,358.39548,-120.79502,322.10605,346.7643,-139.56987,436.2797,414.5812,-194.34393,323.84293,410.63165,-180.6524,437.42184,433.83994,-212.52187,323.85074,428.81494,-197.24414,432.0848,431.93906,-239.70546,330.10068,427.35913,-216.57794,429.7865,426.44125,-205.04655,332.28964,422.8238,-187.72581,404.84808,392.71945,3.75348,357.0932,395.5005,-3.8368843,404.19363,448.37274,-205.2471,340.6365,479.87616,-33.53064,384.8439,507.25497,-33.158913,363.19556,445.80322,304.62366,378.87473,512.8378,-16.461369,369.899,437.0916,340.00372,384.1631,542.1941,-87.100204,362.70847,467.3695,333.08856
zancada_left
IMG_20241017_120043_1.jpg,zancada_left,1414.0542,1721.859,-714.6239,1431.7136,1664.007,-770.02527,1442.7589,1659.1246,-770.0321,1454.9058,1653.8064,-770.2643,1417.793,1669.4601,-624.96893,1418.4143,1668.7687,-624.93335,1418.9312,1667.5646,-625.07043,1540.409,1649.3105,-870.4682,1495.1681,1660.3339,-230.04341,1461.2435,1752.537,-741.0319,1443.3457,1756.1166,-555.82513,1778.5935,1836.2465,-1210.2819,1653.2831,1903.2085,347.67715,1959.1069,2232.098,-1332.839,1758.5083,2272.1628,485.20593,1871.7122,2617.7966,-1105.5428,1692.5831,2562.1423,41.83423,1882.9523,2713.7605,-1255.9043,1632.571,2625.9163,-33.93722,1826.6512,2719.8384,-1259.2285,1636.6562,2623.868,-166.11285,1815.3021,2691.9019,-1091.1306,1677.1514,2605.2222,-35.56011,2058.6096,2426.6536,-494.59338,1971.9282,2444.1475,494.14307,1530.6217,2702.8022,-90.107704,2091.8013,2914.2646,662.929,1832.5934,3135.4146,669.08954,2575.9058,2907.2976,1077.8416,1916.6624,3211.4692,741.2253,2688.4792,2862.83,1123.09,1629.1498,3259.3645,691.97833,2587.035,3122.511,1066.5521
zancada_left
IMG_20241017_120043~2.jpg,zancada_left,404.49518,262.62564,-337.6605,407.70065,252.96353,-328.90884,410.15103,252.52739,-328.91202,412.38754,252.04039,-328.97263,399.1779,252.65648,-333.15256,394.72522,251.88426,-333.2159,389.87015,250.97455,-333.24063,412.15164,251.39471,-239.63315,379.6293,250.74446,-259.67578,405.91702,270.4662,-299.79333,396.24738,271.08398,-305.732,432.68695,292.8907,-162.50873,342.12552,290.37936,-187.37177,438.73254,360.2153,-122.03065,325.08472,352.50186,-146.65364,437.1378,415.4422,-187.55756,328.12985,414.32788,-187.03769,437.9593,433.0172,-204.68481,326.6399,433.36075,-203.42094,432.40393,431.17825,-230.51546,332.68167,432.03107,-223.35965,429.77112,426.18808,-197.6682,335.15082,426.28027,-194.39157,406.69055,395.00146,7.363403,359.37753,397.36545,-7.41914,403.33603,454.31308,-159.02914,342.81165,478.7384,-24.834732,386.71533,511.32706,1.0509574,350.7611,454.41507,298.8683,380.72263,522.4195,16.406548,355.71945,446.66626,332.3573,388.15692,545.8814,-51.966217,349.44153,475.62485,321.66302
zancada_left
IMG_20241017_120044.jpg,zancada_left,413.92596,262.67856,-324.85654,416.64548,252.28056,-314.03534,418.88263,252.07089,-314.02783,421.034,251.91058,-314.07812,409.01114,251.5293,-320.54364,404.53067,250.59454,-320.58572,399.66956,249.7912,-320.5859,420.60544,252.39212,-220.78224,388.23245,250.02051,-251.51964,415.3887,271.81253,-286.0446,405.83582,271.79837,-295.0204,439.59732,295.78845,-150.77202,347.9445,292.3902,-184.20395,442.99655,364.00974,-112.71592,331.18146,352.72275,-153.30595,441.41595,420.41083,-192.95213,334.66998,416.52597,-199.71613,443.0216,440.32092,-214.90372,333.35358,434.1625,-219.45438,435.62955,438.85278,-241.89186,340.10504,433.61322,-240.23285,433.6519,433.89932,-204.02884,342.13898,428.99136,-207.65923,412.65207,403.30493,7.1800323,364.12604,404.0438,-7.2146087,412.63803,458.0789,-172.76848,348.27338,482.71048,-45.780758,391.72766,513.2963,26.030928,365.01666,449.37262,304.60352,385.2548,520.10876,45.848473,370.3488,440.01407,341.49045,392.1524,552.6137,-11.634724,365.0326,472.61145,345.52417
zancada_left
IMG_20241017_121917.jpg,zancada_left,361.87952,393.1858,-396.34238,367.32306,385.43878,-382.6915,370.39413,385.54056,-382.7042,373.03708,385.75653,-382.7741,357.0098,384.88974,-382.54816,353.19104,384.6148,-382.6345,349.6702,384.37698,-382.66107,376.8958,388.83157,-274.97928,345.30817,387.95328,-271.67633,367.19522,402.98257,-353.33795,355.25705,401.78818,-352.70816,402.34662,432.83682,-193.79686,317.6781,434.12717,-190.78975,419.17947,495.35883,-292.72293,305.218,500.07803,-269.83835,385.1121,492.7787,-498.29462,346.99677,495.1018,-431.06207,375.62424,492.11008,-541.3572,359.21082,494.16583,-465.66028,373.33383,481.57465,-536.9007,359.4893,483.58914,-458.38098,374.74088,480.2685,-499.38263,356.3322,482.6319,-428.93637,384.14172,529.50635,-14.948223,336.0734,534.9105,15.017896,381.33755,577.7281,-333.9055,339.84668,616.26416,42.48842,381.97867,652.2059,-167.5753,347.0585,594.8404,453.8922,381.80206,658.6103,-156.09518,350.14206,590.6385,492.97458,378.04547,690.68616,-283.91666,349.23273,605.3303,444.93823
zancada_left
IMG_20241017_121917_1.jpg,zancada_left,1069.292,1636.5319,-86.419624,1095.3527,1597.5441,-197.07063,1103.1868,1597.7114,-197.00543,1111.5466,1597.94,-197.28658,1092.8846,1595.0182,-36.784943,1098.5046,1593.2675,-36.866623,1105.0424,1591.092,-36.827812,1170.1079,1615.897,-453.54135,1166.3646,1607.5421,245.83954,1099.449,1680.9463,-161.70398,1094.1207,1674.5443,39.935448,1248.522,1881.1527,-792.73376,1281.5847,1815.4027,782.05457,1226.7627,2222.0447,-525.71735,1233.7858,2141.5786,652.0679,1040.409,2108.9268,428.74283,1078.8115,2073.7617,61.49111,985.53265,2092.8835,461.22354,1024.5541,2053.8381,14.987186,1004.76764,2057.7253,465.47028,1037.9822,2036.6333,-8.864109,1025.6691,2061.7727,468.69785,1057.8556,2042.4471,24.857794,1372.0945,2438.4546,-501.28836,1397.5393,2421.6597,501.07523,873.6695,2505.073,-66.50886,1499.069,2867.8638,377.137,1001.2453,2967.0813,540.6529,1948.4852,2843.5957,342.6805,1081.1768,3043.7556,601.4581,2030.3146,2785.3967,345.34555,794.92737,3036.4883,616.2539,1984.7922,3000.591,338.5595
zancada_left
IMG_20241017_121917_2.jpg,zancada_left,1069.4933,1625.0128,-209.55788,1094.2047,1584.1887,-317.11325,1101.9781,1583.3588,-317.011,1110.6848,1582.6442,-317.2902,1091.6501,1581.3584,-166.94392,1096.9808,1578.6936,-167.06512,1103.4836,1575.849,-167.00607,1169.9359,1597.3453,-554.179,1166.0679,1590.5427,99.37879,1103.4279,1663.7523,-276.82922,1097.1765,1658.407,-88.16825,1246.0592,1864.0881,-832.6396,1292.394,1797.6012,637.38226,1238.3934,2215.142,-567.2032,1246.2599,2125.1797,655.3264,1044.4554,2102.8315,328.037,1089.4734,2047.7836,280.8454,989.0379,2083.3792,355.68143,1034.6868,2026.7534,251.39165,1006.3784,2050.819,366.1397,1032.5961,2020.3624,225.0701,1026.3922,2053.6523,368.35995,1060.9004,2024.7388,250.10092,1360.4703,2422.5107,-479.83353,1399.3948,2402.5952,479.50772,872.50183,2515.3472,-43.542458,1501.0863,2852.3374,320.8313,1003.9977,2973.7966,543.96204,1960.0629,2848.1953,354.54385,1080.0037,3044.9204,604.18835,2048.623,2782.6904,362.17114,787.7766,3038.4783,631.59106,1989.2935,3014.0537,350.54535
zancada_left
IMG_20241017_121918.jpg,zancada_left,1081.304,1626.2472,-202.57797,1104.1361,1585.7682,-314.2446,1112.396,1584.4331,-314.14453,1121.304,1583.0581,-314.42252,1100.6478,1582.65,-159.40805,1105.6903,1579.4265,-159.5556,1111.7572,1575.9602,-159.52753,1180.3224,1592.4863,-555.7043,1173.6753,1586.2517,118.74117,1116.0164,1665.3265,-269.80963,1109.7996,1659.1512,-75.368996,1264.3699,1856.1854,-856.89087,1299.8308,1793.6279,668.8432,1248.7045,2211.8826,-596.2954,1244.9349,2127.718,511.9656,1054.9229,2093.3362,328.98816,1088.2869,2046.8485,-100.04423,996.2139,2081.5205,359.86377,1037.6215,2027.4701,-155.53642,1012.4016,2042.513,367.01752,1045.3234,2010.4783,-170.14243,1034.9467,2044.6069,369.70142,1064.934,2015.6583,-132.79167,1385.7286,2406.018,-495.45898,1426.0515,2391.7534,495.0118,887.2607,2510.0996,-52.505505,1509.171,2836.4114,343.03735,1005.18677,2972.3176,551.5742,1972.958,2840.913,378.28262,1082.9165,3046.8154,613.7787,2062.7207,2775.7202,387.32684,795.1777,3043.8152,640.67267,1991.0327,3009.5059,380.1283
zancada_left
IMG_20241017_121919.jpg,zancada_left,203.01978,387.20593,146.30165,207.57014,378.71066,128.33391,208.95462,378.60898,128.39127,210.43742,378.57822,128.40369,206.82884,377.9486,158.54176,207.6567,377.3816,158.53847,208.77536,376.89856,158.51836,221.71132,380.3967,75.42948,222.85602,379.51135,207.4955,208.38481,396.02753,130.3821,207.51337,394.74808,168.50475,229.77444,419.5511,-27.186977,251.27211,424.32108,294.73428,229.48918,479.30008,-104.15043,260.56714,485.3941,355.56384,189.27301,473.4463,-96.49334,246.47754,487.07614,386.58456,178.1826,472.2756,-110.22028,247.32974,484.26385,400.76248,180.40219,464.22855,-92.47129,240.37463,480.0727,392.63828,185.3851,464.4727,-86.44768,239.03586,481.1378,382.46942,255.44084,537.7414,-104.917786,270.10474,545.27106,104.84958,145.5424,559.44916,-78.43995,284.0364,655.4453,50.706326,165.38852,671.0265,-50.142967,385.8396,655.62,7.3492475,177.93845,688.0668,-47.229454,404.11996,641.8402,3.5881922,121.69886,688.39764,-67.72212,395.07916,692.93616,-21.48455
zancada_left
IMG_20241017_121920.jpg,zancada_left,206.52162,381.95663,67.3611,209.63588,372.5151,46.160404,210.76604,372.31482,46.188114,211.91725,372.04263,46.188274,209.76688,372.07684,79.332954,210.9858,371.58517,79.322365,212.3203,371.00906,79.30747,223.92917,372.85068,-13.609622,227.10616,372.24176,132.64954,211.63141,389.32773,48.82089,211.6246,389.72842,90.97174,236.28178,415.38586,-112.930145,253.34796,414.7477,239.15968,232.00563,476.86362,-153.01108,246.04747,475.9028,351.14035,193.75311,463.44223,-67.50029,211.82506,468.98727,426.28583,184.84161,463.77606,-69.62476,200.5852,462.6375,449.10104,185.00198,454.6358,-62.917404,196.72755,456.5116,438.9115,189.05379,454.0841,-59.22654,204.58867,456.05737,422.25284,260.17392,539.99384,-113.57991,262.8109,541.2658,113.56165,148.25967,559.3094,-81.61542,286.0472,641.38763,48.674248,164.97963,670.73737,-41.938023,387.45526,654.4435,-0.4268311,180.67957,685.62286,-36.842327,406.8991,641.5491,-4.098579,118.31681,685.4565,-62.882336,393.62283,693.0703,-21.658142
zancada_left
IMG_20241017_122418.jpg,zancada_left,352.47037,313.07565,-298.88168,356.91766,305.07013,-289.63675,359.85605,305.14062,-289.62265,362.4529,305.35458,-289.6636,348.19772,304.649,-288.3141,344.62842,304.42725,-288.39304,341.80734,304.23615,-288.42453,366.82727,308.00818,-214.13928,336.22702,306.9627,-207.29346,356.9482,322.30185,-268.58667,346.59045,322.15527,-266.73434,388.20074,348.1175,-157.43127,313.02383,349.86566,-148.82353,402.8505,406.73584,-147.42583,304.13608,409.09082,-126.37124,382.8092,457.00162,-212.26852,304.72522,464.27643,-182.77162,377.45746,470.39117,-234.03394,303.4185,480.18695,-202.07657,369.63776,466.51678,-245.5193,309.2759,478.91275,-218.05971,370.12823,461.88907,-216.48212,311.07654,473.8056,-189.15584,363.27484,445.3363,-10.527103,323.71576,446.8706,10.424655,353.73303,503.672,-171.68147,312.8531,518.0371,12.938913,356.83542,567.4418,-69.30285,340.03647,504.4748,298.46487,357.52228,574.50934,-60.357502,345.83444,497.95007,327.9635,350.53604,601.40393,-137.24492,337.16647,519.0743,320.86673
zancada_left
IMG_20241017_122421.jpg,zancada_left,1462.8759,1577.4333,-106.45036,1489.7467,1528.0526,-180.16197,1499.223,1526.8965,-180.19223,1509.807,1525.7793,-180.29839,1481.0265,1529.4739,-50.048584,1483.4774,1529.1711,-49.83247,1486.1708,1528.3298,-49.96728,1575.6865,1545.609,-339.34958,1541.9133,1542.3687,231.59534,1491.87,1620.9502,-146.70132,1481.9806,1619.7559,19.055721,1650.8889,1721.396,-723.05817,1679.1755,1742.135,712.219,1586.423,2060.9036,-834.1889,1729.8928,2052.77,775.9052,1457.7875,2351.6284,-528.91876,1714.4746,2293.153,467.31885,1427.5226,2410.9473,-636.1205,1704.0676,2355.325,416.9851,1409.2417,2402.1426,-611.56085,1703.9008,2343.94,330.51062,1418.3425,2387.703,-501.92105,1709.7651,2324.8215,413.57324,1737.2496,2335.4688,-440.6319,1803.6685,2349.4368,439.89792,1291.3662,2538.1438,-113.95221,1901.6487,2785.0635,456.5235,1415.1538,2985.3828,348.19998,2357.7412,2894.2166,671.42163,1482.5911,3057.9514,393.45557,2461.9724,2896.4248,696.1082,1208.3425,3073.881,349.0033,2332.9377,3051.2163,630.4886
zancada_left
IMG_20241017_122421_1.jpg,zancada_left,1467.604,1601.8892,-56.980118,1491.2476,1552.4752,-134.1941,1498.8234,1551.4198,-134.18333,1507.6847,1549.4907,-134.2612,1485.3987,1551.9672,-1.0154016,1488.4463,1550.9088,-0.80941516,1492.0029,1548.9688,-0.9466634,1574.245,1564.7135,-323.64078,1553.1251,1561.6543,261.13828,1496.8687,1639.5593,-109.8082,1487.4652,1638.2944,60.02466,1655.7478,1750.2147,-708.39716,1701.645,1772.3143,713.864,1585.3425,2098.1558,-800.5552,1727.9147,2077.9807,766.3223,1461.277,2375.69,-483.74637,1703.9514,2298.8628,447.4411,1431.8756,2427.7307,-591.0931,1690.1053,2371.6753,392.81067,1414.6652,2417.927,-565.2427,1688.8083,2360.6055,303.33417,1424.4038,2404.8328,-456.7695,1694.7089,2343.5703,391.94482,1731.4749,2362.8286,-434.36212,1807.9144,2373.6426,433.56387,1288.7455,2546.083,-85.74771,1900.4086,2800.067,489.56802,1418.7678,2994.3496,393.51144,2362.8726,2906.584,711.49493,1485.7635,3068.369,440.32104,2478.1238,2903.4326,737.82935,1210.6915,3077.217,404.93344,2344.5818,3063.9807,680.3056
zancada_left
IMG_20241017_122422.jpg,zancada_left,270.3797,396.0121,106.38572,274.04425,386.04465,90.93084,275.65295,385.46286,90.953896,277.43185,384.91193,90.96288,272.55453,386.64697,122.06191,273.08005,386.42932,122.10653,273.7075,386.19666,122.10697,288.40848,385.83765,45.17628,285.34293,386.2749,182.99945,276.78174,402.27722,92.976524,275.19232,402.99588,133.00964,303.79013,411.6156,-69.74043,319.74576,423.12997,283.31448,294.4297,467.14157,-152.9564,327.06793,486.57822,304.06985,267.45267,535.8245,-171.51569,324.3268,531.78546,246.72528,261.15594,546.066,-204.03665,326.45944,540.5028,242.77908,256.22595,546.81604,-187.77283,323.18808,539.03186,221.21838,258.93793,544.1319,-162.88588,321.92133,535.9499,233.87363,328.231,537.96606,-112.56262,345.69983,546.96606,112.36216,230.57674,574.4191,-123.56182,363.92062,656.48724,80.5066,251.92143,690.475,-96.79542,471.45395,675.1967,90.82304,266.85083,708.00305,-94.95179,495.20825,671.01917,92.93395,204.01543,717.0607,-133.71628,472.55258,716.6318,67.22037
zancada_left
IMG_20241017_122422_1.jpg,zancada_left,1314.5145,1352.2473,-569.401,1343.9755,1305.4904,-550.6889,1362.5411,1305.2771,-550.87976,1381.9536,1306.444,-551.1645,1294.8895,1311.2881,-468.74106,1281.4849,1314.3984,-468.35266,1269.8501,1317.7345,-468.2329,1419.9308,1325.3484,-357.09064,1285.7494,1341.9589,-3.8007054,1364.8188,1397.1256,-485.87173,1303.0011,1408.6497,-383.22733,1464.8931,1536.3918,-625.9409,1485.682,1543.1627,585.2471,1490.0778,1908.964,-723.93567,1622.0144,1820.3848,703.33856,1411.1738,2197.5007,-454.66943,1631.481,2091.5874,427.9571,1391.769,2271.8145,-533.1417,1627.6244,2168.0269,394.10864,1372.3346,2276.7285,-520.0037,1622.7961,2158.729,323.202,1380.8599,2256.846,-434.43686,1607.0756,2138.0344,385.69388,1656.8604,2150.6,-378.66837,1717.9067,2141.028,377.65347,1330.0474,2521.0283,-238.45312,1890.6396,2524.1414,511.91797,1424.9832,2992.3262,7.8881526,2285.4375,2836.9436,661.23303,1492.602,3072.385,25.563557,2368.6362,2859.889,663.8119,1212.4562,3072.4587,-56.713387,2242.9844,2994.7197,570.652
zancada_left
IMG_20241017_122423.jpg,zancada_left,270.47507,393.68497,111.44583,274.85138,384.5186,96.56247,276.4734,384.06845,96.59234,278.23535,383.65616,96.60919,273.4241,384.77722,127.525085,274.00513,384.4752,127.576935,274.70776,384.13293,127.58111,289.94196,385.59628,50.58551,286.96338,385.2569,187.33968,276.80655,401.19897,97.73498,275.2546,401.34277,137.44075,304.68228,414.55502,-64.50241,319.92703,425.5995,286.31085,290.38483,472.46884,-144.87286,324.08115,488.96576,305.2626,265.21576,539.8882,-153.15637,323.90234,534.52686,254.34602,259.19315,550.16156,-183.87086,326.7977,542.262,249.7265,255.30667,550.29865,-167.54012,324.54422,540.59644,231.84732,257.3368,547.5827,-144.56471,323.00534,538.0677,242.80038,326.83652,541.654,-110.38782,342.66864,549.6231,110.14987,227.6512,580.32983,-112.53734,362.75885,658.14545,66.749214,250.79884,693.45966,-79.27297,470.4567,677.93176,72.78196,266.62735,712.45984,-76.28692,492.64575,671.8593,74.34485,206.6743,717.4503,-114.45274,470.89313,720.04816,45.41986
zancada_left
IMG_20241017_122424.jpg,zancada_left,266.19708,391.94412,76.39415,269.85388,382.51218,59.834995,271.34024,382.04742,59.846855,272.84033,381.63535,59.8508,269.17917,382.62933,91.89438,270.03958,382.2555,91.94356,270.9934,381.87628,91.94143,283.86234,383.29712,11.927794,282.62296,383.0637,154.21423,271.70065,398.4464,62.16834,270.77884,398.88977,103.52846,299.90665,410.69885,-97.63264,314.4173,420.40286,256.7845,288.06097,470.2661,-175.44472,316.75208,486.32776,277.85812,265.24994,536.3256,-187.04688,315.32446,534.84845,216.27933,259.28275,547.1295,-220.20517,317.4264,544.7867,211.33296,255.21219,547.6869,-205.64182,314.6338,543.6774,188.10258,257.92004,544.14844,-179.15944,308.84253,539.06195,202.71692,326.34756,539.39014,-112.18286,341.60715,545.9435,112.04583,231.38065,578.39215,-113.80544,365.15967,651.1221,80.59355,252.6999,695.5055,-79.53213,474.78958,677.6001,85.773094,265.84894,713.8928,-77.48187,498.46567,674.4419,86.401245,203.13564,720.424,-117.61342,471.8118,718.5989,56.820583
zancada_left
IMG_20241017_122441.jpg,zancada_left,1371.6018,1805.203,233.42996,1373.2617,1754.6616,160.80128,1382.2384,1749.2295,160.83908,1392.2612,1742.765,160.97064,1361.2637,1760.4418,299.71954,1360.7009,1759.8992,299.77167,1360.2964,1759.1663,299.75293,1451.3197,1725.4792,-5.353201,1418.5159,1744.6093,619.0274,1404.4177,1823.1794,190.23796,1392.5266,1830.0245,372.01413,1570.8419,1847.8003,-427.14197,1585.7241,1917.8887,1051.9556,1480.0443,2038.7991,-1068.5037,1635.6656,2181.9644,1297.0715,1235.0736,2215.1267,-1442.3671,1643.0896,2415.4673,1217.6261,1182.025,2269.5793,-1623.1646,1653.7882,2470.222,1217.3284,1162.402,2268.7644,-1541.4788,1647.9576,2458.3916,1140.0898,1185.2627,2252.8918,-1410.7405,1643.9867,2438.5754,1178.182,1753.5757,2427.5596,-493.82938,1768.3726,2443.2393,493.4856,1307.8828,2644.8027,-622.05786,1904.5819,2777.9727,696.0274,1400.5669,3131.4912,-543.9004,2332.7742,2922.5657,1050.852,1471.2194,3214.3574,-535.4227,2429.0027,2940.95,1091.8507,1198.5269,3178.9194,-720.6009,2245.7422,3084.0227,1037.5453
zancada_left
IMG_20241017_122441_1.jpg,zancada_left,1375.7465,1777.6222,-166.44557,1379.6704,1727.7222,-241.93883,1388.7596,1722.8754,-241.99031,1398.552,1717.4752,-241.71817,1367.771,1733.2911,-119.02134,1367.5431,1732.8981,-119.22566,1367.6321,1732.2599,-119.44822,1462.4292,1705.5416,-393.49878,1428.4119,1720.6927,158.6416,1412.2545,1802.0015,-205.47168,1398.692,1807.4657,-44.17838,1594.5013,1851.195,-714.903,1540.2917,1910.6775,611.079,1413.3849,2050.3457,-1163.9755,1525.2812,2209.548,960.70856,1199.0409,2202.6775,-1368.7563,1364.8601,2448.5684,940.24615,1145.8547,2265.9355,-1512.9846,1321.0724,2491.0632,936.6935,1128.1971,2270.758,-1474.6122,1312.5612,2488.893,849.86176,1145.4292,2261.251,-1349.0895,1322.6368,2472.3225,898.56915,1802.0159,2439.057,-446.4343,1740.9948,2431.86,445.68552,1326.2606,2649.9607,-457.1075,1879.79,2751.5476,631.2231,1403.7673,3117.7964,-328.906,2314.4678,2904.3079,916.1119,1474.9362,3203.9055,-318.1543,2410.3777,2917.476,953.7585,1196.4254,3176.854,-474.09058,2246.2358,3073.7917,932.00916
zancada_left
IMG_20241017_122441_2.jpg,zancada_left,1372.8475,1712.9579,-302.2351,1390.2042,1662.7949,-382.85788,1397.3828,1658.8721,-382.7832,1405.4248,1654.6401,-382.8303,1384.941,1666.3988,-245.89728,1388.3562,1664.7136,-245.81178,1392.3256,1662.4423,-245.89905,1472.9095,1655.0546,-569.62354,1456.0267,1658.9438,35.476448,1405.6741,1740.1163,-354.58447,1397.5918,1740.2797,-179.06407,1599.9697,1854.869,-896.5827,1577.209,1844.0184,517.7931,1521.2217,2174.0203,-945.9155,1557.8551,2155.2864,617.44745,1399.5337,2443.4202,-611.3397,1458.956,2429.7231,264.7389,1375.9548,2501.901,-726.93536,1438.5409,2504.817,215.95084,1353.0276,2491.108,-707.21594,1430.5316,2493.4167,98.89078,1361.4794,2477.4434,-586.90076,1454.166,2466.0603,200.26746,1736.3527,2402.5352,-438.43347,1777.8152,2389.59,437.674,1313.9207,2633.5427,-148.7514,1938.9149,2717.788,816.543,1408.7043,3112.6077,246.29965,2335.8845,2915.9902,1159.0214,1478.1829,3187.3784,281.65063,2424.2288,2938.3083,1194.4095,1206.4982,3170.94,178.61502,2250.2446,3076.382,1120.769
zancada_left
IMG_20241017_122442.jpg,zancada_left,254.36842,417.8896,69.02627,254.1987,407.9969,52.11466,255.96191,406.6504,52.08081,257.95947,405.28012,52.071457,251.10951,410.1354,83.373634,250.59982,410.33994,83.441246,250.15855,410.5429,83.41767,266.26013,402.28873,10.439224,258.4408,407.16962,149.86641,261.90463,421.04926,58.314354,258.17227,423.24734,98.73442,279.99738,424.34515,-100.720215,295.68625,435.64758,263.0898,267.62253,485.53458,-179.7333,301.2665,502.77652,281.68704,233.86015,552.748,-180.32716,282.96722,565.20245,227.59799,224.74706,567.9101,-213.23602,278.77438,577.3314,228.11366,219.2803,568.4169,-196.97546,276.19208,577.2804,202.64966,222.36066,563.8064,-172.03302,278.07355,573.3661,213.57483,313.77594,552.8721,-116.34208,324.87723,558.65247,116.21286,218.65848,591.74365,-95.34156,352.10873,646.57874,58.34794,243.36649,699.9033,-45.387505,457.45065,682.69446,58.756744,259.2139,720.2811,-41.291183,480.8215,682.8142,59.627037,196.66585,723.1523,-77.767845,446.0683,720.2584,35.176308
zancada_left
IMG_20241017_122443.jpg,zancada_left,253.32996,416.59418,169.1986,254.29694,407.70453,151.75337,255.16197,406.78693,151.7622,256.22034,405.79108,151.7829,254.457,408.29767,180.3245,255.36131,407.83368,180.33759,256.63644,407.2569,180.34547,266.9535,402.9122,99.32483,268.58984,404.38477,226.66098,258.37808,420.40305,153.62573,257.959,421.05154,190.75102,284.50998,419.70197,-9.789197,302.48727,440.9255,311.0644,253.8688,451.76733,-130.74567,280.20126,497.57663,402.95425,211.26802,488.69037,-193.84998,229.57616,517.314,458.3024,201.57866,496.4633,-226.79361,220.18065,515.7709,473.93643,198.69908,497.72302,-209.30655,214.36386,512.2208,456.08698,202.17,496.61566,-187.29008,213.46164,504.6663,450.7984,318.01,537.83887,-99.91696,338.19363,550.2218,99.81379,226.13722,590.67053,-111.497246,354.97525,631.472,58.72936,240.94061,700.29846,-113.56348,461.1356,681.9202,28.50943,256.78537,717.0417,-112.56795,483.32104,687.21063,26.817139,199.1484,721.48425,-139.84,445.90573,720.2118,3.325911
zancada_left
IMG_20241017_122444.jpg,zancada_left,250.22495,400.69672,161.14603,253.06949,390.46027,144.82916,254.2551,389.8391,144.81517,255.62279,389.24915,144.80556,253.13667,390.4697,174.94589,254.31143,389.8083,175.00468,255.76797,389.09366,174.9697,267.76913,389.46735,85.507965,269.7734,388.7235,219.29065,256.07336,405.8692,142.17018,255.94872,406.37723,180.99509,279.16602,419.7785,-42.235535,305.91187,430.7862,305.94858,274.42035,481.53296,-129.31924,321.48163,496.57816,329.04004,247.33806,544.2358,-135.93593,302.49988,547.54083,286.81024,243.54955,561.5169,-165.46907,299.01587,557.2474,287.60342,235.32986,559.294,-151.29471,293.97882,558.16345,267.5968,238.80547,555.4225,-128.80962,294.56488,554.52594,275.122,311.81027,544.607,-104.20624,336.55472,549.02893,104.02457,225.95905,592.6201,-86.084526,360.45917,633.20764,33.420483,241.96008,699.65875,-51.288254,460.82532,680.2686,-6.7740836,257.4237,718.0473,-48.967575,483.3317,684.13153,-11.771925,198.58446,717.26984,-84.870964,449.0216,718.1921,-49.654114
zancada_left
IMG_20241017_122500.jpg,zancada_left,963.77655,1512.8708,76.59634,965.5704,1461.2081,-23.66275,971.51324,1456.7124,-23.87231,977.81805,1451.7461,-24.060398,961.13385,1464.6226,130.22398,964.17633,1462.4948,130.55844,967.7403,1459.6663,130.4209,1041.0941,1437.1493,-288.754,1035.181,1438.1671,391.88098,1007.5788,1535.8679,-2.5537455,1001.04535,1539.8763,195.70114,1192.027,1595.71,-675.56244,1225.7306,1600.3778,824.75586,1294.5774,1937.3895,-878.51105,1285.3992,1912.1316,887.7563,1069.6829,2116.6165,-675.94794,1247.2699,2141.1128,476.9655,1028.386,2165.8447,-790.71466,1222.8848,2206.7756,437.01733,1011.43744,2144.3772,-750.8035,1199.0774,2199.895,335.73444,1029.1011,2130.343,-643.25854,1220.6862,2165.4731,415.94348,1279.4473,2240.814,-440.12033,1376.1564,2235.351,439.76886,891.0089,2581.5654,-335.74463,1544.2596,2629.78,552.43646,992.0366,3058.0576,-109.31031,1879.308,2964.5137,566.3844,1052.0413,3144.8328,-92.562355,1960.9248,3049.2258,560.46075,755.0321,3156.28,-198.94841,1705.4062,3019.5837,468.29617
zancada_left
IMG_20241017_122500_1.jpg,zancada_left,990.73773,1483.768,47.95207,998.3781,1432.0433,-47.869686,1005.1296,1428.725,-48.097694,1012.1514,1425.1869,-48.28885,993.7974,1432.6514,100.84937,997.21204,1430.0704,101.09557,1001.2136,1427.0942,100.920395,1077.7795,1419.1425,-293.84567,1071.309,1417.8304,363.6054,1030.759,1515.6976,-23.69426,1022.90045,1518.59,167.83125,1217.3877,1588.1035,-654.2055,1238.4806,1593.3945,795.6428,1319.3696,1926.8167,-854.56836,1273.2625,1910.483,890.5103,1086.0082,2103.8882,-687.93,1200.1864,2115.5132,498.02002,1045.4515,2162.398,-808.7759,1157.6163,2184.9648,455.2024,1024.4438,2137.9058,-771.58246,1132.7585,2172.6702,348.90918,1039.8153,2121.8655,-657.3321,1141.4269,2151.5984,435.08078,1288.1682,2232.1306,-419.26505,1390.457,2226.2534,419.02698,915.4696,2580.159,-318.07584,1552.5264,2629.0833,535.8234,995.70575,3058.926,-84.575325,1883.9645,2973.0537,565.95654,1056.3022,3144.36,-67.51386,1958.687,3058.9517,562.2106,764.45917,3155.5105,-179.44167,1705.0312,3029.7441,461.32977
zancada_left
IMG_20241017_122501.jpg,zancada_left,384.19742,300.48117,-334.2225,389.63913,291.00436,-322.87732,392.58527,291.31964,-322.8894,395.9589,291.65033,-322.9326,377.8949,290.67828,-322.74316,373.8567,290.7244,-322.80368,369.90146,291.058,-322.8223,400.94214,295.9666,-230.00519,365.21014,295.6267,-225.80188,390.81335,312.2555,-296.41125,376.7733,311.95654,-295.30435,429.98947,345.29764,-169.45752,333.48242,350.63623,-148.80025,442.30746,410.814,-191.68384,321.65207,417.4411,-158.386,414.40237,442.9437,-333.54343,360.62308,446.454,-262.27902,406.66873,455.43674,-376.88818,373.97186,457.74097,-294.33655,400.1315,446.94113,-386.44116,377.86765,449.9989,-307.99902,400.85318,441.79858,-339.2869,374.69354,445.58466,-267.97885,407.38174,470.5585,-27.621498,357.22488,473.93103,27.619532,410.15155,551.78516,-180.271,356.18796,546.9933,204.62595,414.71667,637.242,-75.98458,365.9871,593.26416,494.00964,414.4592,644.6932,-71.941124,374.41342,601.77625,519.1178,405.78836,674.6373,-202.35258,341.49188,623.1292,451.46368
zancada_left
IMG_20241017_122502.jpg,zancada_left,185.31612,369.75827,127.382774,187.66313,360.56476,110.87076,189.25381,359.9917,110.816284,190.84305,359.30917,110.78767,186.03409,360.70456,146.62746,186.3022,360.38235,146.70554,186.60553,359.9287,146.73013,202.85765,357.40494,65.031265,198.90236,358.86798,225.38484,192.57584,376.07605,113.88584,190.62738,376.616,160.37283,227.23814,379.11545,-56.656,229.0174,393.08783,326.69446,244.5085,433.42966,-189.54164,246.61566,459.9361,366.19092,198.38783,473.05685,-241.64355,238.37526,510.76306,308.21683,189.06895,486.68753,-279.0055,245.61008,522.42773,306.9349,184.48732,482.32526,-260.9946,241.44505,521.7823,285.77396,187.47658,478.34854,-233.05313,232.07181,518.78485,295.56836,240.15178,513.1615,-110.23205,254.54518,519.0236,110.293205,152.84564,581.3916,-155.61847,290.03223,609.5389,19.238192,161.43286,694.37286,-170.70079,369.69635,689.6578,-23.025234,176.92773,713.907,-174.26747,390.24084,703.91833,-29.47401,108.819954,720.6869,-231.88916,331.90048,715.7167,-78.16683
zancada_left
IMG_20241017_122502~2.jpg,zancada_left,195.7282,366.21042,126.93894,197.24405,357.40076,107.64973,198.22261,356.89594,107.605194,199.19873,356.29306,107.57856,197.13509,357.1478,143.16673,197.98843,356.58963,143.23294,198.88663,355.96463,143.23479,209.53691,354.44394,48.06507,210.09503,354.90805,207.43161,201.04137,371.404,108.59856,201.0833,371.62384,154.80373,230.8469,377.87805,-77.886734,242.84694,392.82678,303.63464,246.95956,434.5708,-209.69028,256.1008,459.76324,340.12753,202.59268,472.1364,-268.207,241.36911,510.44897,284.10016,192.97768,486.61447,-305.30072,244.6035,520.26953,282.575,188.81367,484.02344,-288.6517,238.9349,520.13824,259.43134,191.69775,479.74005,-260.36093,238.14087,515.5457,270.41373,236.5529,512.8308,-109.400955,259.2935,518.46844,109.40235,154.97519,581.0604,-141.61108,289.12555,608.7228,4.567715,162.7243,694.74365,-146.48206,370.51355,692.07135,-50.239807,175.37112,713.7701,-149.08836,390.44675,707.33624,-58.049774,108.79513,721.03986,-203.00034,331.4498,718.717,-109.103966
zancada_left
IMG_20241017_122520.jpg,zancada_left,1234.6486,1638.3501,142.28462,1253.8964,1593.0726,38.496307,1262.3203,1590.7255,38.707203,1271.3363,1588.5258,38.647892,1249.1388,1591.5249,187.29594,1253.3032,1588.4512,187.20444,1258.234,1585.4569,187.37965,1336.7603,1597.1115,-203.48547,1321.7125,1595.2229,443.907,1271.226,1681.8693,73.52264,1264.4747,1678.6602,260.40903,1456.2263,1815.7333,-536.264,1477.4949,1805.3822,932.4792,1301.7819,2164.0847,-313.21115,1360.3652,2169.5989,680.9088,1179.2406,1977.017,560.23376,1214.1088,2008.0237,70.86049,1129.675,1919.8721,614.8585,1184.1162,1949.4226,23.407713,1195.9591,1911.4456,613.342,1218.2048,1932.8964,52.98851,1218.0455,1924.8053,599.773,1239.4609,1942.2571,56.739326,1613.6057,2409.799,-486.7541,1658.3528,2414.0518,486.3664,1096.6505,2508.5103,-59.543827,1719.5955,2866.1694,181.59262,1242.0626,3021.9275,460.87137,2207.5847,2844.1753,128.61682,1317.6578,3098.2144,511.52722,2308.2903,2809.3171,132.32799,1023.112,3096.747,500.53513,2193.8093,3019.5723,130.13542
zancada_left
IMG_20241017_122520_1.jpg,zancada_left,1246.6863,1629.7169,104.34019,1271.697,1578.4767,-0.3701589,1279.7355,1577.0186,-0.09437292,1288.8175,1575.5428,-0.18213098,1269.3741,1578.0887,151.28386,1275.1003,1576.2189,151.23521,1281.5992,1573.8994,151.43027,1355.8036,1592.3359,-244.26178,1344.9785,1588.0474,415.21597,1275.9031,1668.3528,33.55198,1270.6404,1664.5619,223.89606,1469.556,1819.1495,-571.4569,1469.7109,1807.9944,907.7217,1301.9171,2179.673,-357.24454,1351.4788,2154.3694,567.80164,1195.9725,1989.9008,491.4248,1237.1656,2014.0061,-170.16632,1151.1165,1921.4299,535.88104,1200.851,1944.1707,-228.89046,1210.3025,1911.2396,546.4706,1233.5051,1932.366,-190.71613,1232.6952,1929.7842,534.62244,1252.1952,1949.9742,-181.98492,1628.8567,2394.3499,-497.75607,1659.9464,2394.9905,497.26068,1092.7976,2514.3901,-183.08952,1728.3652,2869.0059,338.83987,1239.9194,3007.431,230.75478,2202.8025,2846.5593,402.8988,1309.0016,3089.1895,273.51437,2318.2393,2824.504,418.3255,1019.08405,3094.2417,276.62848,2190.829,3021.033,436.7259
zancada_left
IMG_20241017_122521.jpg,zancada_left,234.49289,398.9686,136.11049,238.93794,390.71973,119.26769,240.59517,390.4061,119.33337,242.5522,390.07816,119.32088,237.97961,390.6351,152.27,238.81566,390.29352,152.28267,239.86647,389.94937,152.31564,255.58093,392.12238,78.13463,253.65758,391.8499,226.51144,241.30931,407.4233,122.590355,239.96126,407.8107,165.0263,277.89514,429.16302,-28.36843,275.77573,439.50272,313.51544,253.19672,499.8124,-10.677545,265.48758,506.6813,198.1139,220.54648,461.48215,191.61913,231.85406,467.20892,-6.887265,212.75746,452.53973,205.82521,221.72635,457.8948,-21.087252,217.083,449.76062,212.52524,222.65628,454.19778,-12.016194,221.80379,452.29034,203.75319,226.44781,457.10754,-10.079148,313.2731,554.46655,-112.77336,309.179,566.8356,112.57263,266.4761,632.77356,-148.33382,252.01213,647.1882,70.68887,345.62946,675.93634,-181.59177,280.1696,702.0196,-14.354774,364.57907,677.39374,-186.08904,293.70123,708.59814,-24.99278,334.6508,713.1996,-197.69597,264.85413,731.23157,-34.027798
zancada_left
IMG_20241017_122521_1.jpg,zancada_left,1252.6741,1640.9952,210.39163,1276.8461,1593.2703,106.271164,1285.337,1591.8429,106.508095,1295.4594,1590.254,106.47997,1271.6644,1591.5275,253.66516,1275.9719,1588.8164,253.60704,1280.9728,1586.0266,253.76918,1361.6294,1602.3744,-138.33275,1347.0049,1598.4675,501.488,1285.3302,1679.2819,141.88585,1277.902,1675.6532,326.99728,1465.4128,1810.3115,-474.8916,1495.5254,1811.2115,978.0534,1294.8254,2166.2043,-226.8218,1371.2924,2161.2715,769.4022,1196.4832,1989.3555,654.7887,1247.4268,2008.701,213.69417,1149.9716,1928.2295,707.3288,1218.6025,1950.9152,174.73578,1214.722,1919.9297,699.03125,1256.8839,1940.1161,211.3143,1238.6329,1936.9004,689.78156,1274.0938,1949.7314,205.92264,1644.4783,2399.825,-484.6454,1686.7454,2410.144,484.31485,1114.2498,2515.9856,-161.05865,1721.87,2860.143,276.70706,1243.0864,3036.5981,236.33026,2228.1035,2865.2734,270.39178,1310.6809,3119.4102,274.42184,2333.0735,2835.0925,279.2097,1016.1353,3109.7444,253.65257,2209.79,3032.8267,287.03918
zancada_left
IMG_20241017_122535.jpg,zancada_left,1527.3582,1507.1475,-230.95532,1558.2125,1464.7362,-308.38776,1565.0463,1465.8724,-308.3289,1572.5829,1466.4054,-308.42224,1555.7825,1462.0215,-151.60283,1560.6886,1461.4357,-151.61046,1566.2079,1459.9509,-151.81398,1642.5488,1491.9424,-515.5633,1636.4113,1484.4904,177.28491,1549.3936,1561.7089,-294.89648,1543.7341,1560.1494,-94.77549,1731.2075,1766.2482,-927.1955,1739.9148,1738.4174,686.1105,1681.6415,2173.3682,-985.19934,1686.2351,2095.8486,744.97784,1388.99,2342.351,-640.8306,1496.4606,2306.097,277.86118,1325.4448,2395.782,-767.2208,1424.6222,2354.4854,198.07698,1299.9818,2367.8882,-728.49097,1413.7115,2339.1611,78.26402,1318.209,2351.8098,-605.5242,1437.8457,2331.2927,202.68141,1746.7065,2375.2273,-522.8761,1782.6476,2355.0605,522.0595,1234.2808,2472.957,-450.71783,1764.2902,2822.8462,605.7194,1489.8099,2921.4153,334.28723,2253.5508,2776.933,1153.1521,1567.6906,2991.9126,416.48917,2343.2808,2727.4048,1220.3484,1297.4705,3008.9426,473.51056,2260.0117,2940.0632,1240.8849
zancada_left
IMG_20241017_122535_1.jpg,zancada_left,1545.9069,1572.4552,-180.63382,1578.7423,1528.6523,-259.64545,1586.0841,1529.5515,-259.59637,1594.3143,1530.3605,-259.73328,1574.8032,1525.7168,-106.078156,1579.2113,1524.8008,-106.03976,1584.4081,1523.401,-106.256714,1667.9781,1560.0721,-469.54388,1659.1956,1549.7212,208.55309,1563.9515,1626.3425,-245.0195,1558.6267,1625.2787,-49.098927,1751.832,1841.3894,-867.9287,1732.9987,1813.6152,701.75714,1698.1755,2254.1353,-890.3752,1676.5214,2170.1072,727.1161,1397.2533,2377.687,-529.6477,1467.9293,2366.0771,269.9219,1324.983,2418.475,-646.14264,1407.1761,2413.5198,194.36617,1301.7742,2391.1157,-599.4705,1395.8693,2390.1028,80.478745,1328.1794,2377.8076,-492.3613,1414.2875,2377.1924,196.89694,1756.9148,2431.4307,-527.3224,1760.613,2417.0623,526.51227,1218.884,2480.6758,-564.4035,1745.0352,2892.766,532.03076,1487.6417,2912.7603,291.83206,2226.9265,2788.9224,1026.1614,1569.152,2969.451,383.66354,2314.6418,2720.5872,1088.8704,1294.2979,3018.4026,500.73477,2252.4744,2943.017,1143.1547
zancada_left
IMG_20241017_122536.jpg,zancada_left,358.55807,333.23642,-230.04295,363.7978,327.05084,-214.60101,366.33374,327.28534,-214.58258,369.53018,327.61105,-214.61176,353.3537,326.36032,-214.09315,349.78564,326.3831,-214.13557,346.6634,326.6637,-214.13495,373.59296,332.27164,-136.74455,342.24017,331.8371,-133.17195,364.0693,343.62442,-201.53314,351.67514,343.37033,-200.56265,397.96558,385.38184,-99.41957,315.1812,383.58383,-92.06244,413.0477,448.6947,-95.74277,300.49942,447.23404,-78.466644,386.85458,483.2065,-181.5225,333.3407,486.6844,-142.55118,383.9209,497.53482,-206.76945,341.53622,498.84006,-165.64337,375.92755,492.07776,-217.55164,348.9302,492.29868,-172.65346,374.67245,486.7522,-185.4609,346.89215,486.78262,-145.17451,375.6923,489.87643,-9.376442,330.21515,491.6132,9.258913,372.4039,526.61084,-236.30911,326.35,574.0022,-11.606059,378.07474,589.0717,-93.912315,344.36383,538.1544,325.81723,380.75128,596.68463,-80.418686,346.3706,536.7274,361.0704,366.81235,620.5451,-156.1512,344.5276,565.31714,362.07208
zancada_left
IMG_20241017_122536_1.jpg,zancada_left,1544.1265,1537.8964,-202.30865,1572.787,1491.3411,-280.77808,1579.8439,1491.7656,-280.73257,1587.126,1491.9994,-280.85733,1568.8047,1489.251,-126.7697,1572.9183,1488.312,-126.76308,1577.5721,1486.9479,-126.960945,1656.4849,1517.9758,-485.44492,1646.1094,1508.2435,194.5148,1562.3462,1589.6924,-264.7079,1556.438,1588.9034,-68.14653,1751.7981,1803.4783,-882.83856,1739.8848,1776.9055,694.2879,1678.9363,2211.5034,-910.9227,1679.7893,2126.4504,732.35913,1399.9604,2361.2004,-534.4189,1477.2971,2323.343,263.11993,1329.1891,2409.2256,-650.22015,1419.252,2382.0884,183.33972,1306.3436,2379.1067,-608.35626,1397.6226,2361.942,68.253845,1330.0409,2363.7085,-497.8402,1428.9054,2346.8796,189.3124,1756.7645,2399.4553,-513.0671,1770.3036,2384.0444,512.3445,1239.5635,2488.1426,-483.56137,1749.0673,2846.346,554.20404,1485.292,2940.916,260.92172,2240.263,2791.2854,1054.3969,1563.2504,3017.4695,337.06015,2338.684,2738.7695,1115.5247,1290.2662,3023.612,372.78156,2259.1208,2960.1301,1129.7101
zancada_left
IMG_20241017_122537.jpg,zancada_left,297.27438,400.10266,31.898962,301.9451,391.65787,14.181161,303.0704,391.68588,14.189727,304.26993,391.65176,14.163383,302.11673,391.65607,45.402065,303.38544,391.6546,45.460773,304.81635,391.52747,45.42841,316.89267,396.36868,-45.7023,318.35968,396.2772,92.80586,301.42316,409.1778,12.394837,301.1602,409.1016,52.459023,327.72235,440.5654,-142.05678,346.70248,447.58264,174.0542,315.8684,512.3442,-176.47957,351.14343,514.6927,191.64828,256.9496,551.6635,-115.094215,318.19965,562.7366,145.87546,244.38475,561.4012,-132.61758,312.2472,569.9231,144.40628,239.27747,556.61005,-117.63518,308.5088,569.06757,126.81061,245.17607,554.65393,-105.7176,310.2024,567.0407,134.75668,328.5743,561.06726,-98.951744,346.75397,565.17694,98.72721,226.14226,584.3039,-113.877045,337.54102,669.96094,101.01247,287.71878,683.49347,3.1849008,432.4434,680.55664,156.14133,312.88412,678.9995,14.818702,462.57712,657.8845,161.87552,274.1068,696.4315,15.16009,456.559,708.64014,150.30098
zancada_left
IMG_20241017_122538.jpg,zancada_left,296.79926,393.17703,-41.953003,302.36063,385.07245,-62.75256,303.7093,385.0957,-62.77237,305.10574,385.09225,-62.791462,301.6823,385.17734,-31.241226,302.5788,385.2255,-31.181852,303.57053,385.17642,-31.203863,317.01523,390.00403,-121.62181,316.63303,389.671,22.0134,301.23013,402.3251,-61.081882,299.97913,402.4091,-19.621918,328.2553,432.53574,-203.0159,339.8459,440.08408,121.14248,313.4229,505.9523,-229.2519,340.7333,509.89185,162.39603,256.41415,548.1377,-155.55705,302.21228,558.41327,136.04768,245.14568,557.8992,-177.38762,294.82056,566.8002,139.55812,240.0998,555.1767,-164.35266,292.92072,566.8277,112.85882,245.39798,552.83636,-147.34875,295.75824,564.14197,122.68546,330.55298,558.39355,-98.49692,337.26825,558.8627,98.28937,323.1151,647.86,-151.79608,248.51166,616.98883,122.38959,453.1874,669.6738,-49.302456,293.16843,684.29224,199.03499,470.656,657.1469,-38.839714,309.10443,690.78906,204.23555,463.24524,709.08234,-53.612545,278.2844,719.4295,196.01884
zancada_left
IMG_20241017_122538~2.jpg,zancada_left,296.35303,390.53613,-36.19786,301.42545,382.00558,-58.78416,302.8233,381.91382,-58.81565,304.27002,381.80548,-58.840813,300.7628,382.1839,-25.849403,301.655,382.18988,-25.785063,302.71332,382.06577,-25.800379,316.62634,385.7639,-123.02467,316.39798,385.5349,27.299604,301.56204,399.23743,-57.089485,300.4233,399.39844,-13.675302,331.6489,428.25574,-206.696,343.77435,436.17383,126.75053,316.30383,500.78415,-234.02467,343.8163,505.94974,166.94264,257.78018,547.36206,-157.84448,304.69247,556.1712,139.02145,245.62929,557.9369,-181.87312,296.96906,565.1041,142.29057,239.82686,555.30975,-167.8975,294.89478,564.7805,113.954285,245.75351,552.8755,-149.23058,297.66568,562.0187,125.10822,332.34244,556.1483,-100.1046,340.3305,557.16895,99.90326,341.40915,668.45776,-144.75723,237.24265,586.2089,130.55307,458.1238,670.2315,-47.220184,281.62366,689.08203,213.69305,476.65958,658.8251,-36.732353,296.15652,698.06354,219.39233,463.62985,710.6047,-51.02043,248.09811,712.04504,208.68523
zancada_left
IMG_20241017_122539.jpg,zancada_left,310.3228,376.35263,-234.70479,315.3625,368.1509,-233.33179,318.56607,367.8063,-233.37112,322.08432,367.7932,-233.43819,308.2003,370.30045,-208.44165,306.32803,371.2283,-208.39806,304.33694,372.21844,-208.3858,332.69217,374.5063,-191.8162,309.49026,377.44086,-75.61677,318.33273,385.54398,-217.08871,310.70654,386.66577,-183.72244,336.9504,422.617,-231.71785,341.2893,427.8857,91.16073,314.28384,503.20648,-263.4783,335.78027,500.05127,180.71603,256.93713,542.2876,-219.74588,302.57028,541.8181,163.5602,243.81743,552.9817,-248.75294,293.0734,554.44794,168.36583,239.36198,550.51886,-245.04369,292.56216,553.67065,137.04652,245.007,547.8459,-216.01389,296.23904,549.6123,149.8264,333.73865,551.7917,-106.00881,336.89822,549.0449,105.93842,328.83585,650.6081,-180.59358,239.52055,585.3244,108.54029,462.5971,667.7474,-82.935196,289.62466,688.0285,178.45042,484.10513,661.9015,-73.741104,307.0542,709.863,181.82135,462.73077,710.2496,-107.802246,244.28412,712.638,156.41524
zancada_left
IMG_20241017_122539~2.jpg,zancada_left,300.84106,381.2521,-106.18169,305.2277,372.85342,-113.04198,307.53146,372.18134,-113.054146,310.1157,371.66132,-113.10451,300.61777,374.73044,-84.02245,299.8254,375.27124,-83.96083,298.9866,375.87863,-83.96489,321.80627,375.0475,-108.21653,308.28616,378.27805,23.83306,308.42938,389.16708,-101.12367,303.94522,391.30453,-63.130783,327.8997,418.49347,-182.09822,341.8746,425.3789,174.22655,310.4326,494.68976,-225.21024,335.71283,495.4566,265.3041,255.38449,544.9985,-179.97511,299.073,537.19037,264.1407,241.7922,556.7974,-206.25012,288.37817,547.67816,275.47705,236.89767,554.6105,-197.79688,287.75433,547.2163,248.45981,242.66916,551.3486,-174.10042,292.22684,543.4847,252.0532,328.86685,549.26843,-112.249176,342.98877,550.5446,112.09597,277.00677,634.8813,-154.61102,306.37912,626.5682,112.73995,373.63705,666.10675,-62.550274,380.46262,684.8854,167.1584,394.4301,662.6368,-53.04461,397.98773,689.29877,170.75644,374.22916,701.0368,-70.10891,376.9672,718.2477,150.64117
zancada_left
IMG_20241017_130400.jpg,zancada_left,2217.953,1667.13,-873.9033,2188.3718,1620.7911,-810.98663,2184.4778,1619.7567,-811.44055,2180.3948,1618.1583,-811.8435,2181.9038,1622.3207,-971.76685,2173.432,1622.6282,-972.1631,2164.096,1622.6742,-972.43274,2109.0398,1636.5621,-484.12387,2093.071,1645.83,-1215.7571,2204.629,1718.4198,-736.1265,2197.3848,1721.2642,-948.70886,1909.4242,1859.3903,118.35752,1999.5433,1948.7015,-1488.4692,1907.7146,2248.5334,369.88385,1928.8752,2412.4304,-1479.1399,2037.0886,2507.9387,194.2225,2120.7812,2682.2979,-1053.6057,2079.653,2581.8804,175.68088,2152.329,2742.1543,-1175.9584,2089.4055,2573.9087,52.172543,2182.2874,2713.0664,-1150.3418,2070.1704,2551.361,131.39804,2164.6074,2684.4382,-1034.8186,1836.0278,2504.067,493.8334,1796.7848,2614.1995,-494.40274,2190.139,2682.5713,1263.9093,1843.4058,3201.5442,-694.66614,1997.6349,3057.3752,2228.9146,1284.902,3150.36,-219.67775,1988.6528,3116.3855,2314.9226,1253.4991,3085.2837,-168.71815,2142.1619,3178.034,2335.2583,1083.2593,3311.7327,-327.52563
zancada_left
IMG_20241017_130400_DRO.jpg,zancada_left,382.04346,268.6382,-106.06413,375.80835,258.71967,-94.07432,374.49646,258.1247,-94.16277,373.13794,257.5452,-94.22167,375.95712,259.26294,-128.63023,374.83398,259.0643,-128.59818,373.63068,258.88028,-128.67188,360.6963,257.4689,-34.49027,362.2042,258.99243,-191.08224,377.86752,275.35977,-80.37777,377.54398,275.2519,-126.14378,333.47443,298.8645,77.89051,347.38153,297.1059,-261.67596,340.70804,370.5765,112.99096,344.38522,378.5184,-298.29477,371.71146,423.5239,79.5623,375.0246,436.3793,-275.8932,373.58093,433.84323,81.09778,380.99875,451.7303,-310.31543,382.68164,434.83792,54.751225,387.85196,448.1585,-300.7208,379.32944,431.17932,66.7827,384.1372,442.71277,-271.7299,314.23767,417.58603,103.69795,308.7337,422.8364,-104.07424,401.56937,460.8118,179.5067,329.95047,518.02905,-140.23679,390.99942,551.74963,309.4967,236.73543,558.4983,-58.996643,362.3427,567.6969,320.7736,215.54073,558.45386,-49.298393,436.9709,569.49786,300.60556,240.39513,583.7926,-85.345375
zancada_left
IMG_20241017_130401_DRO (1).jpg,zancada_left,388.17377,262.5945,-74.871185,382.74008,252.44072,-62.10001,381.3252,251.75664,-62.183846,379.8697,251.03354,-62.24693,383.18954,253.06215,-97.503075,382.1592,252.79596,-97.479645,381.0271,252.51788,-97.53963,367.21356,250.99115,-2.2164054,369.2308,252.55632,-163.65262,382.74393,269.60217,-49.539413,382.78076,269.66522,-96.77997,323.95554,287.8703,106.55268,354.3878,293.40213,-243.37628,341.72644,370.36362,131.23619,357.05908,376.28763,-270.0374,368.46317,425.5115,82.409935,385.0872,432.0219,-227.30681,372.32263,434.762,82.88031,390.51346,446.04376,-256.85278,379.82462,435.56882,57.32362,394.90808,440.81842,-246.91489,374.6012,433.68173,69.51937,392.68378,437.14716,-222.0578,321.0217,420.1917,114.267235,317.56964,421.7326,-114.775,408.30185,461.56915,193.20432,321.71625,549.77686,-166.97438,391.65863,557.64886,333.09503,204.5643,555.7824,-102.97393,356.8314,571.2426,345.22546,186.55809,550.5473,-94.957855,423.83014,594.7072,325.84027,172.68147,574.88336,-136.5174
zancada_left
IMG_20241017_130401_DRO.jpg,zancada_left,385.88818,262.9162,-51.654938,380.65186,253.11728,-40.14734,379.22766,252.52385,-40.236282,377.75702,251.8981,-40.30398,380.93524,253.56546,-75.42167,379.76462,253.27158,-75.40446,378.4803,252.94923,-75.472275,364.4662,251.69266,14.04506,366.04636,252.73714,-146.37776,380.27115,270.16217,-28.350817,380.13834,270.03714,-75.31595,325.00015,291.259,118.50377,348.4464,294.4747,-229.72398,338.48193,373.27167,143.97057,355.16058,379.79547,-251.58315,366.9619,427.2305,95.67003,382.95966,434.79956,-200.60014,369.83566,438.9056,96.878235,386.79718,448.57516,-227.68207,376.7042,438.67722,71.66925,392.23715,445.05743,-217.10387,371.61456,432.08194,82.759735,389.82095,441.43768,-194.90132,321.4701,425.73456,109.937805,310.37192,430.58395,-110.34489,411.39035,463.44156,202.4556,321.6081,555.8425,-165.8449,399.5684,553.5707,352.12613,206.35626,555.834,-89.650185,384.5038,566.8233,365.28748,188.77702,549.48505,-80.05266,442.74918,574.0549,349.72534,176.05695,573.27515,-119.04453
zancada_left
IMG_20241017_130402_DRO.jpg,zancada_left,384.9107,259.63608,-236.39757,382.08783,250.33324,-211.77449,382.2756,250.27673,-211.82408,382.41013,250.15979,-211.89879,378.32898,249.97797,-244.72699,375.3078,249.7058,-244.71696,371.75238,249.4339,-244.73059,371.15714,250.91403,-91.83254,358.11954,252.51219,-240.45454,382.76636,268.17404,-189.29932,377.74908,268.65787,-232.66438,331.2517,291.85342,77.13182,348.53293,294.63333,-304.05066,351.32596,373.63452,120.74993,345.98898,375.44452,-338.4981,378.06708,434.70044,56.012604,391.6788,437.1839,-309.32846,386.74564,449.9115,52.39836,397.11697,451.94293,-345.22723,390.9091,448.18488,23.780722,403.00653,449.3749,-340.8034,386.06387,442.085,41.019157,400.3996,444.21838,-306.11795,326.47012,424.35007,120.329956,311.68155,426.52097,-120.93024,415.11407,461.5637,191.24452,318.50198,562.35065,-216.8725,395.88,550.43097,336.15356,197.01297,546.66327,-132.63197,367.73108,566.4879,349.61942,180.91985,538.632,-120.916504,429.68616,571.9717,332.52054,158.84569,580.6771,-150.22243
zancada_left
IMG_20241017_130906.jpg,zancada_left,1474.4541,1494.9794,-613.9224,1489.2788,1437.9823,-709.5409,1496.8438,1434.7483,-709.5219,1505.4005,1431.4194,-709.75696,1485.5181,1438.2079,-543.35425,1489.8331,1434.8104,-543.2538,1495.1252,1431.0817,-543.2765,1581.689,1431.6786,-947.3228,1569.7571,1429.0571,-207.70003,1510.0182,1531.4509,-682.8892,1503.3229,1533.7632,-468.55746,1759.2223,1630.8448,-1282.7316,1748.3413,1629.5774,369.418,1857.3126,2026.6786,-1409.0138,1792.237,2014.0323,579.9648,1606.0662,2295.8813,-1151.1423,1695.4794,2296.3547,218.62628,1560.6067,2371.0857,-1309.4358,1661.1963,2364.8125,177.91284,1529.7096,2362.2336,-1260.955,1641.0482,2360.0588,35.679466,1546.825,2339.4282,-1113.7358,1658.5742,2333.9548,143.1115,1850.8098,2263.7021,-486.6177,1929.1078,2254.8848,486.12787,1436.0613,2561.5508,-51.18204,2081.232,2650.7734,1032.143,1655.0322,3066.0012,631.2075,2493.2837,2745.5383,1608.843,1741.3279,3133.2822,697.6875,2580.246,2734.36,1669.9292,1442.5829,3144.6426,618.01794,2430.689,2909.215,1608.5427
zancada_left
IMG_20241017_130907_DRO.jpg,zancada_left,272.2834,242.91396,-71.871826,274.4908,232.4712,-86.605484,276.61548,231.49619,-86.62198,279.03104,230.47041,-86.66268,272.3169,233.3081,-54.351612,272.40823,233.17885,-54.3259,272.54926,233.01863,-54.334198,294.7183,229.79642,-114.067314,285.7798,232.88603,30.596601,279.79916,251.0098,-78.65736,277.17014,251.86145,-36.806576,331.4121,262.38733,-194.3732,307.05963,280.52133,146.27878,345.2219,338.481,-238.92264,328.13214,352.41672,167.99338,293.6716,388.4437,-195.48557,321.24463,407.44968,70.20151,280.99902,405.7086,-222.89232,312.35416,418.1434,58.831192,274.69455,404.8914,-214.4759,312.38538,417.53616,33.788773,280.115,399.60028,-188.5247,315.56918,405.98425,55.124245,354.43393,391.3393,-113.21591,349.64822,398.5398,113.08245,257.1977,438.257,-112.029854,387.3509,496.03,144.40674,293.39502,549.49506,-24.77295,477.9662,535.2561,197.66322,311.47757,565.676,-18.546074,498.20203,535.1125,202.25757,248.00287,573.4727,-56.254425,461.7161,570.8299,173.68907
zancada_left
IMG_20241017_130908.jpg,zancada_left,1476.5237,1477.4515,-665.0687,1497.0934,1425.8613,-758.25323,1505.3276,1423.7786,-758.1813,1514.5319,1421.3179,-758.44116,1492.1066,1424.928,-596.1081,1496.0483,1422.5447,-596.00024,1500.8802,1419.6155,-595.9651,1592.9253,1427.1113,-981.7181,1578.2206,1424.1621,-260.28146,1507.1454,1518.8673,-730.141,1500.3634,1520.3462,-521.2406,1784.3052,1636.289,-1302.2461,1697.3265,1668.7336,304.43393,1922.5858,2041.636,-1422.3098,1779.9226,2032.9265,484.2258,1821.6106,2443.2441,-1213.0895,1735.7744,2369.3027,154.2381,1813.2308,2526.7085,-1390.2162,1741.2184,2458.333,107.70113,1764.8617,2530.9927,-1361.7721,1714.5277,2461.5444,-38.882053,1759.0962,2509.4536,-1186.0472,1717.1396,2436.0781,79.00577,1832.1914,2321.1255,-483.86005,1845.1731,2311.5789,483.53094,1385.8539,2559.3606,-123.38099,2044.5857,2662.3333,1233.1876,1629.5122,3056.632,506.70908,2469.9272,2769.5002,1937.1951,1710.0302,3125.424,566.26697,2551.2427,2752.7568,2014.3949,1399.6991,3153.5354,472.05493,2400.4668,2916.6357,1999.8096
zancada_left
IMG_20241017_130908_DRO.jpg,zancada_left,261.7039,249.34285,-46.44491,264.1842,238.98625,-63.11662,266.0594,238.18301,-63.126755,268.14185,237.29553,-63.156326,262.46216,239.58104,-29.937695,262.91644,239.2561,-29.914286,263.48404,238.81073,-29.94228,283.39407,236.39102,-101.94075,277.37323,237.8407,46.277622,269.1173,256.34113,-57.479614,267.07053,257.32068,-14.520347,320.57025,265.99698,-183.51791,301.01895,282.3589,154.31241,336.5262,341.02423,-227.02184,322.92264,359.09665,175.56035,286.32404,393.8805,-192.10959,309.91324,419.73383,83.42819,273.949,410.94724,-219.88794,305.7296,433.71228,74.497444,267.52744,410.03442,-210.80602,305.24722,432.90982,47.133354,272.35175,405.6773,-185.269,308.0533,426.7367,67.677246,347.10797,390.33353,-110.4396,345.65802,397.7165,110.29266,250.77888,437.4383,-119.15013,385.86935,497.15234,130.20905,292.9586,549.0711,-30.65706,477.13248,534.34827,191.25793,311.44833,564.7918,-23.923967,498.66144,536.20135,196.74081,248.81679,572.75543,-55.944115,459.0771,567.9481,170.78064
zancada_left
IMG_20241017_130909_DRO (1).jpg,zancada_left,259.41315,245.47989,-83.809814,263.20316,234.97319,-99.558846,265.10147,234.407,-99.57987,267.1029,233.77057,-99.63836,261.8953,234.8474,-66.11087,262.78323,234.27086,-66.07799,263.81647,233.62346,-66.03867,282.02576,234.45345,-132.26738,277.85254,234.68866,17.242867,266.41705,253.26648,-93.28575,264.59555,253.94147,-50.098366,317.15024,268.33014,-214.39618,294.98462,283.8185,133.34344,350.6552,341.3652,-265.85754,309.32834,347.73114,145.88281,305.30536,394.0436,-233.76947,295.35013,369.2528,16.267807,299.33203,412.2396,-264.09808,290.82532,377.21408,1.0738258,291.66208,407.73672,-254.75955,285.75754,371.88773,-21.896717,292.83725,403.5096,-226.11488,287.8094,368.641,1.0096594,343.71414,397.7187,-117.58529,330.9352,403.13925,117.54036,249.04517,441.19687,-107.381516,380.48154,497.31232,137.89307,293.72534,549.2304,-26.394726,473.3297,533.44305,184.25807,310.7179,563.19495,-21.058586,495.80087,532.35095,187.92416,249.20386,574.7461,-62.177597,457.35468,568.57916,158.81514
zancada_left
IMG_20241017_130909_DRO.jpg,zancada_left,257.54703,248.42265,-43.18447,260.965,237.43887,-58.817135,262.60587,236.69366,-58.83026,264.36877,235.97006,-58.861744,260.0069,237.83167,-26.318718,260.8562,237.3589,-26.286896,261.81503,236.82751,-26.301788,278.75378,236.07819,-96.71468,274.7306,236.73143,48.26406,264.55832,255.1507,-54.584816,262.9951,256.19507,-12.595035,316.56183,266.84222,-179.15019,296.36386,282.7974,152.04102,344.7003,339.00314,-227.32527,319.8326,348.044,180.2763,291.16928,387.68823,-199.47978,316.14862,410.51093,87.06395,279.34296,401.29657,-229.07198,307.66714,421.57324,76.91864,273.0302,399.21448,-217.92616,304.51294,419.4017,49.251553,277.19434,395.30417,-191.63893,306.99365,416.0899,71.44367,346.1003,394.22635,-107.50981,340.89383,402.02313,107.41441,248.27116,438.91718,-85.8446,385.03632,498.294,111.068085,291.9801,543.65063,23.57244,474.34406,534.6347,163.42815,309.06274,556.9594,32.873234,497.299,534.28485,167.72742,256.01178,568.61505,10.610273,460.86008,567.5534,139.60387
zancada_left
IMG_20241017_130910_DRO.jpg,zancada_left,263.9991,245.65125,-84.91233,267.19348,235.36496,-101.484215,268.8689,234.6243,-101.50102,270.69983,233.81166,-101.53312,266.104,235.68683,-68.12453,266.83432,235.24847,-68.07718,267.74503,234.64627,-68.03176,286.02225,233.7461,-140.35423,281.71555,234.5272,9.481863,270.4969,252.94481,-95.815605,268.92282,253.73026,-52.442753,325.79553,269.26584,-223.08917,299.92395,287.6059,128.12456,348.14642,346.35086,-281.2512,311.4192,366.567,168.80318,335.53326,417.95154,-291.16132,304.63962,423.02917,86.92469,337.757,437.63065,-329.85065,300.1244,438.67212,77.38587,328.4994,438.07288,-324.1131,298.32465,436.68155,46.84736,326.40503,432.52133,-286.5545,301.6311,430.33856,70.407555,336.18417,403.43713,-114.75905,330.91962,407.5149,114.64462,245.24539,441.8624,-78.97948,381.6182,503.54205,178.38664,294.71805,550.07965,39.048786,474.11664,530.6569,269.22546,311.37454,564.9556,49.5551,496.0901,528.83826,279.03934,251.36543,572.3172,24.0385,463.93948,569.90796,255.95477
zancada_left
IMG_20241017_131344.jpg,zancada_left,1121.879,1581.9116,-506.38647,1120.3157,1520.9993,-624.91394,1128.4039,1511.5695,-624.7737,1137.8617,1500.1758,-624.9175,1111.717,1526.512,-426.7703,1113.7281,1521.1589,-426.62225,1116.2095,1514.8219,-426.80634,1206.8693,1460.8295,-882.9445,1176.5049,1472.3451,1.5762734,1173.3041,1595.7151,-574.34296,1162.5571,1602.7262,-317.32416,1458.9487,1579.2546,-1321.3721,1361.1394,1651.777,632.3728,1339.422,2093.7915,-1525.0242,1352.974,2049.1265,492.0752,1177.7102,2427.1729,-1197.6786,1249.3759,2361.7605,-291.1512,1150.3464,2495.4934,-1389.1936,1228.553,2430.9705,-402.4124,1126.7623,2474.9644,-1350.0906,1220.065,2423.4165,-533.9338,1129.6423,2464.97,-1168.8738,1244.9688,2403.5347,-379.63205,1654.013,2290.8242,-659.07733,1642.6606,2292.8694,658.3743,1081.4464,2658.4326,-438.47568,1786.3744,2791.9277,970.3695,1327.1726,3203.4226,119.30155,2345.9888,2911.081,1696.5629,1432.8192,3300.5386,171.36557,2505.7966,2902.6418,1775.2229,1081.297,3344.1765,11.115656,2293.863,3123.309,1685.6942
zancada_left
IMG_20241017_131345.jpg,zancada_left,1121.2236,1564.7092,-739.0077,1117.6946,1505.4309,-870.921,1125.5983,1496.9199,-870.7785,1134.662,1486.6584,-870.92847,1109.5233,1509.2896,-666.22284,1111.5468,1504.0972,-666.04675,1114.2429,1497.63,-666.25476,1215.9968,1439.9541,-1163.026,1183.5336,1453.7292,-241.14279,1173.341,1583.7415,-815.76965,1163.2609,1585.9736,-548.5323,1458.7426,1593.8092,-1555.9904,1375.4991,1592.6173,426.4789,1313.768,2101.8943,-1753.6099,1351.064,2016.6654,511.07513,1142.275,2468.6138,-1422.8325,1281.7556,2361.4834,-42.01851,1124.0844,2526.5442,-1619.247,1215.3289,2413.2007,-119.71612,1070.1715,2520.591,-1582.9775,1209.8993,2399.3743,-279.59933,1093.4639,2489.228,-1395.1808,1215.7035,2391.0637,-133.10115,1616.5112,2299.8335,-642.12994,1631.394,2287.0107,641.30676,1051.754,2658.1655,-345.7255,1794.4381,2786.2417,998.628,1319.2664,3205.3247,308.54544,2358.3508,2904.413,1624.8475,1429.5676,3296.4219,371.16818,2518.2256,2910.7544,1691.8983,1070.0684,3349.235,247.02716,2278.5823,3129.874,1592.4679
zancada_left
IMG_20241017_131345_DRO (1).jpg,zancada_left,196.46216,222.90997,110.6162,197.61586,210.92966,92.76456,199.83812,209.26001,92.75958,202.26694,207.19032,92.74173,194.63585,212.7433,131.9967,194.67957,212.53717,132.01718,194.77724,212.19801,131.99536,218.51112,200.30646,43.283783,209.76498,206.09415,218.8672,208.39941,227.35223,95.45939,205.16028,229.3787,146.30562,264.45584,219.78348,-76.87865,249.09712,252.62215,317.34897,246.49219,304.7766,-181.54782,243.08896,332.24365,339.80673,209.445,376.61615,-207.3016,220.8816,390.8861,253.96472,205.14127,390.24844,-243.95229,215.411,404.26178,247.82028,200.1539,389.32074,-231.41382,212.0846,401.41388,220.2182,202.83266,384.13037,-200.93059,214.80754,396.167,237.17038,306.94077,372.90768,-127.35064,299.7631,388.30405,127.25922,179.01817,424.17432,-255.28877,316.8528,498.8232,119.993744,227.30298,553.5203,-226.42586,439.6741,528.01166,158.81146,252.04971,575.60693,-223.78236,474.20425,518.9395,164.13643,168.11874,585.2882,-281.9145,438.78003,572.92194,135.88159
zancada_left
IMG_20241017_131345_DRO.jpg,zancada_left,194.98329,226.09935,108.893715,195.76567,213.24292,90.27152,198.0325,211.10925,90.250824,200.41376,208.7513,90.2135,193.14398,215.80165,127.27071,193.33434,215.65013,127.312004,193.58672,215.33902,127.288216,215.90012,200.35506,36.735382,207.60138,207.43231,202.56015,207.24594,228.91107,92.58199,204.25543,231.32524,140.63618,256.52112,214.77254,-82.82613,251.97133,250.21777,299.32547,253.18877,291.6898,-180.93976,249.16212,332.05237,323.16895,214.67538,371.3648,-205.99146,231.06653,403.5282,254.30432,210.727,385.2727,-239.74043,226.39629,417.84378,252.63103,207.07323,384.41714,-223.14093,224.36264,418.03793,223.15416,208.04926,380.4652,-197.68054,224.983,410.17313,237.6824,306.3034,371.4501,-123.35512,307.2783,386.6289,123.26704,178.92766,424.65158,-146.3753,315.95404,496.6416,120.57338,227.74655,554.7692,-104.64853,441.21817,529.0846,148.2898,251.63152,576.16,-100.265465,476.53864,518.7089,152.34702,164.7122,586.538,-134.61684,439.0734,576.9162,129.6448
zancada_left
IMG_20241017_131346.jpg,zancada_left,1108.9283,1497.2982,-606.8278,1115.2546,1431.0078,-738.347,1125.0149,1422.6844,-738.28955,1136.2935,1412.6606,-738.40234,1103.4724,1435.9819,-532.9095,1104.8273,1431.4897,-532.77167,1106.6599,1426.2831,-533.0312,1209.6388,1383.8381,-1021.20844,1171.2354,1395.2374,-102.88233,1160.6526,1518.7805,-680.3764,1146.4177,1524.2639,-414.53415,1437.4656,1558.6903,-1430.7148,1375.8048,1573.2767,589.51526,1301.9219,2074.8687,-1589.2551,1347.7358,2008.614,753.68365,1117.3652,2457.128,-1216.3876,1249.253,2360.213,260.889,1113.7837,2525.6433,-1389.2355,1183.2384,2407.9517,194.34435,1046.6013,2529.118,-1359.1624,1172.7998,2397.2554,37.154335,1071.0653,2492.9026,-1186.7892,1202.3894,2382.9412,172.65724,1586.697,2309.3245,-632.5547,1611.6881,2289.4944,631.2807,1029.894,2670.198,-254.20082,1819.309,2767.9607,965.36786,1324.9979,3198.213,448.72272,2354.8171,2907.1045,1472.6891,1435.4358,3285.8438,518.412,2513.3367,2910.2717,1529.4272,1074.0939,3339.8923,446.6422,2282.3987,3126.2625,1451.6638
zancada_left
IMG_20241017_131346_DRO (1).jpg,zancada_left,195.41716,218.60796,139.22095,197.1404,206.85034,121.731285,199.42235,205.23033,121.72008,201.94112,203.23222,121.699715,194.06055,208.50897,161.0312,194.03615,208.35008,161.05846,194.03261,208.03816,161.03387,218.99094,197.0314,71.75559,208.59718,203.18808,246.8088,207.06631,223.86427,124.025665,203.73395,225.7518,174.65118,260.81158,217.04097,-62.510548,248.60875,248.89316,351.89047,244.59427,300.25903,-178.48059,245.556,328.86838,379.78754,207.34409,374.86905,-208.40167,223.54189,390.15402,302.79254,203.72328,388.24313,-243.8602,219.31071,404.12155,300.66376,199.16254,385.27695,-229.13535,215.68738,401.07895,273.32245,200.8985,383.07925,-200.62314,217.54758,395.68903,286.42218,299.9405,369.73572,-131.43924,299.81992,384.46304,131.28595,174.83481,424.6027,-164.72916,319.19724,497.34406,106.0102,225.65056,552.9548,-129.7171,441.33432,532.24817,102.515434,250.42484,575.5088,-127.04665,474.93317,522.7659,103.15238,164.55098,585.5921,-175.09267,435.08563,573.9229,72.4285
zancada_left
IMG_20241017_131346_DRO.jpg,zancada_left,197.53476,223.95515,118.139336,198.27899,211.48228,100.60528,200.49687,209.74207,100.597084,202.93181,207.72815,100.57595,194.98009,213.53731,138.0614,194.77792,213.36775,138.08328,194.65674,213.09714,138.04721,219.29369,200.01064,53.603092,208.55904,207.18582,220.65028,209.4926,227.92377,104.32482,206.00891,230.12561,152.61748,263.15704,220.11842,-68.856926,250.32932,249.13135,317.11304,247.47923,307.06796,-176.74371,249.03905,327.76636,346.4994,210.00752,377.01675,-197.40163,231.55661,392.6827,276.37888,204.28816,392.77484,-229.53479,226.80072,406.756,273.4046,200.90176,389.936,-215.4621,223.52576,404.4929,246.89244,202.30501,385.6508,-190.15349,225.74834,398.94186,260.7239,303.71683,371.04434,-124.88324,302.3721,383.65277,124.717,179.08888,426.66006,-150.51299,311.83014,493.86853,98.66026,228.81288,554.73706,-112.73347,437.6921,529.634,96.58876,253.30602,577.1491,-108.7699,477.78088,520.3115,97.60698,165.31757,586.6454,-142.50072,433.4265,574.31067,71.00798
zancada_left
IMG_20241017_131347_DRO.jpg,zancada_left,198.0933,217.32626,149.28627,199.89828,204.79376,134.47435,202.27168,203.09227,134.46782,204.87592,201.21213,134.44884,196.5608,206.75995,173.08119,196.52728,206.57106,173.11455,196.5296,206.2575,173.0968,220.92865,195.30524,90.93652,210.40698,201.27113,264.09418,209.71524,222.00847,135.78871,206.22597,223.80359,185.92014,260.75308,217.41957,-41.16294,252.17497,245.75972,359.607,246.386,303.68222,-167.94676,251.9232,332.27762,380.01526,206.95374,376.28235,-219.4959,226.29623,400.3868,302.40152,201.46776,391.9174,-260.02322,219.15515,414.13013,296.75235,195.7384,389.022,-243.99591,214.93274,413.2575,268.5307,199.51247,386.20178,-212.67265,218.51161,407.5738,285.07715,302.6053,370.05673,-129.36633,301.07407,384.85394,129.23734,178.56732,424.29037,-241.04922,313.03546,498.2924,91.21457,227.88184,552.4116,-202.68118,443.13165,528.9286,131.13449,252.61856,575.3171,-198.78534,477.28503,520.9174,136.8163,166.83855,585.8899,-259.01834,439.57208,576.41125,105.85289
zancada_left
IMG_20241017_131348.jpg,zancada_left,1123.5144,1451.4816,-634.7064,1139.2003,1386.1516,-757.6551,1149.8284,1379.817,-757.55853,1162.0432,1373.1589,-757.6743,1127.6816,1389.853,-554.8603,1129.4437,1386.4409,-554.7154,1132.1493,1382.863,-554.8745,1246.5543,1357.6501,-1020.92316,1211.0011,1366.8225,-115.138626,1169.8862,1484.6108,-704.28674,1156.9137,1490.8895,-441.81476,1437.6138,1566.526,-1458.1722,1384.5712,1570.8158,585.9514,1343.8821,2072.8875,-1598.1149,1357.814,2000.402,771.34204,1191.0371,2435.4863,-1171.3052,1243.6885,2358.7617,290.53754,1154.5422,2515.911,-1337.0034,1195.7701,2429.1562,223.58904,1124.6761,2503.0107,-1312.6425,1186.27,2419.372,60.352535,1146.8665,2469.1006,-1143.0394,1212.8667,2400.7551,196.9648,1601.6085,2294.628,-657.6418,1634.055,2285.995,656.6796,1064.5283,2648.0354,-238.05847,1840.6262,2760.0283,1097.2039,1325.7439,3205.915,427.2297,2384.0076,2900.4138,1799.0724,1424.717,3304.1372,488.39462,2537.8877,2920.6484,1874.4119,1076.7267,3337.9448,330.2407,2291.539,3117.233,1785.3807
zancada_left
IMG_20241017_131349_DRO.jpg,zancada_left,193.14687,209.81445,123.57055,194.13597,197.68347,107.036896,196.22508,196.05032,107.01058,198.61203,194.08006,106.98946,191.65059,199.54605,144.08376,191.89046,199.36208,144.12833,192.12895,199.04651,144.09306,215.85127,186.2553,57.849075,206.72354,193.21013,223.76335,204.67143,214.61478,108.23411,202.05975,216.62743,156.31517,257.5735,200.01912,-66.60984,248.74315,236.5426,315.7598,251.2344,285.35208,-166.11903,251.35692,323.8545,337.8966,218.15485,359.6187,-195.00601,234.56837,399.19034,262.73007,211.28848,374.27176,-228.76764,229.70622,416.23706,257.6952,204.27193,375.35812,-218.31952,227.09633,414.49863,230.23465,208.0727,370.55835,-188.94907,228.32085,407.13086,246.61777,300.38397,358.68155,-120.705894,301.44156,372.26187,120.54968,181.51266,425.71277,-138.86229,326.9175,488.38248,107.9943,227.21878,552.112,-102.26458,447.73248,534.1666,112.59323,251.92168,575.8406,-99.247894,483.9406,527.34454,112.992546,163.14452,583.32404,-141.39264,434.28622,574.056,82.060905
zancada_left
WhatsApp Image 2024-10-18 at 10.39.10_e8a0e915.jpg,zancada_left,257.29257,407.29724,57.97932,261.69708,394.80377,32.576836,263.20044,394.18082,32.62988,264.85904,393.6311,32.623764,261.85043,394.49115,66.53948,263.4193,393.60043,66.562164,265.24954,392.69565,66.58013,280.65192,396.46472,-33.010197,281.1394,395.2013,117.52265,264.4173,416.1391,38.89137,264.25507,415.47522,82.31617,295.79697,450.37817,-132.07124,321.59613,447.60303,218.01353,218.69724,504.54776,-69.62567,289.61856,510.6136,286.5921,257.39688,459.0522,163.12703,277.44455,510.64386,316.5648,262.5325,446.563,175.833,276.801,510.71057,327.80338,272.2071,445.44208,162.34308,278.97366,504.89633,325.94202,271.95743,450.62994,165.62025,278.74725,505.2578,314.44543,332.93863,594.8441,-122.81048,338.4434,590.99994,122.77581,219.47679,638.98,-46.046642,357.0189,702.3127,73.458595,252.8231,751.42145,41.6311,465.318,717.05255,36.69022,269.4271,773.9037,50.33294,487.90222,714.39514,33.7015,200.89046,771.6198,41.58791,453.4776,756.828,34.847614
zancada_left
WhatsApp Image 2024-10-18 at 10.39.10_f53bcf86.jpg,zancada_left,259.88193,405.54102,16.466087,265.88635,392.84656,-9.097528,267.7304,392.61176,-9.047741,269.7882,392.44778,-9.069885,265.4991,392.35175,24.190836,266.94696,391.74557,24.205256,268.60208,391.12335,24.237482,286.1772,397.93625,-67.42095,285.18958,396.2312,79.81787,266.196,415.3658,0.5505585,265.464,414.359,43.015587,299.009,453.52426,-147.44008,317.1594,449.65808,193.34555,225.16579,507.07874,-79.75218,263.88535,499.76453,254.60558,256.29837,456.5423,152.76761,253.9916,466.60406,271.23697,258.80258,446.22794,163.44427,253.46727,448.17206,277.72485,268.68698,445.1731,147.19225,264.06256,442.48413,280.57617,269.29932,449.2898,154.23048,265.20856,448.1441,270.78323,333.91013,596.7176,-119.51255,338.04266,593.2532,119.56899,217.55498,640.1354,-32.83646,355.5354,707.29706,71.48041,250.97173,751.29047,71.02088,462.2765,717.83484,40.489605,270.0235,774.31665,80.313576,486.35428,712.40485,37.718025,199.82973,771.6066,64.60849,451.38324,760.06885,33.68178
zancada_left
WhatsApp Image 2024-10-18 at 10.39.10_fa1961f4.jpg,zancada_left,258.17853,407.10553,-2.1090841,262.93265,393.92892,-28.541237,264.63998,393.4302,-28.483896,266.53302,392.98416,-28.504997,262.6927,393.64838,4.85268,264.14127,392.90555,4.8568406,265.81976,392.10736,4.8786855,282.50708,396.67236,-87.04355,281.7382,395.45172,60.63772,265.53375,416.34573,-17.659967,264.9206,415.63763,25.01167,299.8966,453.3506,-166.10866,316.2819,449.83563,179.30284,223.30777,507.17554,-109.82943,259.74283,500.7414,243.65372,255.37396,457.5661,105.58936,250.04756,464.98993,269.19916,258.3176,445.07242,113.74758,252.43793,450.8452,276.87033,268.92615,445.23734,99.352516,259.00406,450.40765,281.03906,269.31036,448.34714,107.36464,261.2551,453.34967,269.18582,337.68625,595.40826,-121.22806,335.46292,591.6281,121.287636,219.9045,638.7624,-40.55278,356.10193,705.31744,86.71941,252.751,749.6449,59.24349,464.6354,716.8549,83.38451,269.60742,772.677,68.3262,487.27094,713.2669,83.61599,200.90433,771.1159,53.882416,453.5601,756.4847,82.26073
zancada_left
WhatsApp Image 2024-10-18 at 10.39.22_0ddc65c5.jpg,zancada_left,315.4744,415.4853,92.70341,320.54218,404.36783,65.04157,321.76746,404.66418,65.14649,323.02655,404.9805,65.15386,319.69727,403.72736,101.368835,320.41544,403.54297,101.36848,321.031,403.26984,101.384186,335.0281,410.82086,-1.5554311,333.10272,407.5841,157.53786,320.9056,427.23706,74.799286,319.159,425.2863,120.42005,350.87103,465.76523,-115.660545,364.04785,457.9751,263.77283,303.15607,550.1864,-64.847046,347.97305,518.9565,272.41687,304.60297,483.4361,173.74887,339.78918,473.13693,249.10135,299.31552,465.18808,191.44386,340.65518,458.15506,255.88506,310.8705,461.7134,183.80179,343.08566,451.9122,275.02304,314.9688,466.3591,180.9986,344.11417,457.29846,254.09157,405.26282,604.8756,-134.80066,405.99985,605.2488,134.81863,278.76633,622.3915,-54.96971,424.66714,718.80554,95.47087,309.91315,746.33954,15.294187,541.48773,711.5703,57.651707,330.42056,766.52997,20.662796,564.7095,702.90607,55.56128,257.35306,775.1041,15.414819,544.0586,751.16077,59.205055
zancada_left
WhatsApp Image 2024-10-18 at 10.39.22_b2179ea6.jpg,zancada_left,314.0553,401.951,72.36934,321.70706,393.2919,46.91488,323.4882,393.78436,47.000267,325.50507,394.27972,46.999382,321.27454,392.3617,86.486115,322.5759,392.2704,86.465645,324.1218,392.16254,86.49604,339.29715,403.16373,-14.603772,338.46484,400.85883,156.31453,317.62744,414.48868,54.38058,316.6749,412.68402,103.559845,353.17334,463.9787,-117.53036,360.5474,459.20953,274.0056,303.6239,545.72,-61.062576,329.1714,533.8003,247.50677,304.91205,479.91956,177.2042,311.66736,492.98413,143.92659,301.84906,461.27347,193.87936,309.89328,465.50394,143.9813,312.43256,459.2712,185.16095,320.04828,467.78647,155.09512,315.99026,464.40738,184.86002,314.68973,482.8632,143.53612,404.76538,605.6792,-130.24034,407.24796,605.8068,130.28117,278.0124,624.30286,-47.862854,425.76065,717.86676,87.1522,309.41638,747.7235,36.137905,543.1619,713.6641,33.44248,330.63693,768.30084,42.086884,566.8774,704.58563,28.972143,256.7821,774.23413,29.643774,545.1465,752.3746,20.271309
zancada_left
WhatsApp Image 2024-10-18 at 10.39.22_fa0efa35.jpg,zancada_left,313.77237,423.93777,165.95587,316.2436,411.421,136.87982,317.18668,411.19583,136.99117,317.93497,411.15802,137.01305,316.2606,411.0149,171.53642,317.3585,410.3976,171.56519,318.4129,409.8847,171.58098,328.84433,412.50677,58.40929,332.6619,410.6229,211.48349,320.85297,431.88812,143.93883,320.1737,430.5712,187.87296,352.9213,464.23346,-72.68953,367.86957,456.6563,303.01102,306.56522,550.63776,-23.576567,380.1706,515.80945,360.86176,305.96747,484.3852,213.4884,372.61127,481.968,403.28635,299.20258,466.83713,231.066,373.45148,470.7558,416.03226,311.99112,461.953,222.7073,373.15125,465.8056,435.73206,316.30075,466.9171,220.0148,373.8523,470.32312,410.11542,404.30667,604.82574,-136.7576,403.8352,603.7125,136.77286,278.5203,623.18805,-77.215,423.81494,718.01215,117.39283,310.4861,745.4702,-36.603523,541.0,712.12695,97.95769,331.68814,767.4269,-34.682182,567.44507,703.9047,96.94376,257.517,775.4387,-51.51929,543.27734,751.85626,101.48213
zancada_left
WhatsApp Image 2024-10-18 at 10.39.23_7677c8a8.jpg,zancada_left,309.45224,435.24365,75.662125,309.53503,423.40033,46.353573,310.4747,422.66226,46.43529,311.18933,422.2199,46.428566,309.51526,423.0484,83.45987,310.56955,421.96066,83.4701,311.5069,421.12823,83.47061,322.9858,421.00732,-27.838213,325.36288,419.635,135.90273,317.23373,442.17557,55.23684,317.27417,440.88794,102.32236,354.1397,465.73096,-125.10108,366.46082,456.1347,242.38164,310.70465,549.0716,-77.47871,338.2853,520.27606,272.0145,310.12903,487.09134,139.46368,310.82205,474.74033,262.22186,304.59015,469.51578,154.04947,306.9737,460.5026,270.39603,315.66254,465.06305,145.18018,315.80676,456.87537,280.37988,318.88882,469.89017,144.76747,318.3618,459.78522,263.1697,401.92575,605.9269,-127.81876,403.5068,604.076,127.77603,277.28122,624.62085,-59.827824,425.679,719.3463,68.93218,313.0124,748.2977,11.572737,540.3866,712.0437,17.783707,332.2494,767.9981,16.815132,565.7757,703.2317,13.536632,257.9002,774.20105,7.6428103,544.5098,749.9771,5.0460396
zancada_left
WhatsApp Image 2024-10-18 at 10.39.23_7b2fcb12.jpg,zancada_left,307.35858,433.49512,78.57823,308.78235,420.15982,50.303993,309.94217,419.60748,50.38997,310.97348,419.21735,50.385674,308.16714,419.7241,86.81269,309.0191,418.84003,86.82919,309.9264,418.0215,86.85385,322.91174,418.68204,-19.818996,323.2702,417.10104,141.04454,315.43457,440.83597,59.651443,314.6719,439.73196,105.91797,355.38608,465.63785,-120.432335,366.86215,457.99106,246.70253,309.61905,549.4963,-78.22166,342.42917,527.40515,252.38858,307.27563,483.94382,142.9932,315.22742,483.1328,222.35066,301.52676,468.3371,158.25179,315.49646,461.73138,229.13148,312.77313,462.4736,153.99382,321.75458,460.7179,244.48747,317.1887,469.01276,150.38419,324.3912,464.3554,225.21835,402.9836,602.65967,-129.10324,404.58527,603.8205,129.09715,278.15875,622.1807,-59.12982,425.42633,719.3257,63.51334,311.14734,744.482,8.79368,538.21954,713.42206,22.927439,331.28946,766.00433,13.846517,557.48395,703.5138,20.197947,258.50113,775.9016,5.188263,543.59283,750.627,16.835403
zancada_left
WhatsApp Image 2024-10-18 at 10.39.24_0154ed64.jpg,zancada_left,310.66376,435.85403,61.782722,310.4574,423.1695,32.88087,311.44562,422.36612,32.961178,312.1916,421.9005,32.947807,310.42163,422.80017,69.00618,311.50394,421.6542,69.02008,312.4491,420.81616,69.0394,323.9478,420.5951,-38.531307,326.3647,419.4667,121.20305,318.26294,442.3913,42.39138,318.07526,441.1745,88.36164,354.816,465.2584,-132.0791,365.9788,456.44656,226.61157,311.4815,546.1397,-81.46907,337.4823,517.7559,254.28252,311.74277,487.66827,135.443,313.46225,475.25458,245.47873,306.75378,468.6621,149.63405,311.54553,459.86008,251.80312,317.88837,463.77338,140.14584,317.97812,456.77136,263.3476,321.0027,468.61658,140.21518,320.67383,459.71298,247.05948,402.21268,605.0998,-125.93067,401.48407,603.01526,125.92707,276.30914,623.3576,-64.41336,423.7206,719.5255,79.54841,312.5867,746.92236,5.118152,540.286,713.4172,66.381165,331.7533,767.3624,10.4837475,564.04987,703.3655,66.30553,257.43512,774.10657,-3.207639,544.8212,750.7637,64.50608
zancada_left
WhatsApp Image 2024-10-18 at 10.39.24_09b40d9d.jpg,zancada_left,310.74594,435.22186,68.25662,311.34976,422.4205,38.78811,312.1957,421.67575,38.87183,313.06125,421.14755,38.864746,311.16406,422.0424,76.359795,311.95538,420.99472,76.37461,312.74686,420.0982,76.39342,324.8167,420.0607,-34.794643,326.0293,419.08917,130.90913,317.85254,442.08444,47.989548,317.63467,441.06625,95.61263,356.674,465.44513,-131.28308,368.85342,457.846,236.7335,310.03268,546.77765,-82.431564,337.22153,525.4101,254.52292,310.22495,482.37363,143.48692,313.9766,476.06906,228.47253,304.13882,466.25803,158.21704,312.56757,459.5955,234.04851,316.1259,461.3213,149.90762,319.16,456.87405,245.91321,319.70312,466.1099,149.1333,322.03198,459.99316,229.78409,404.16937,607.49335,-126.55524,402.70407,604.6088,126.54211,277.42252,625.3678,-42.565655,425.28763,720.7511,63.673645,313.3582,749.5719,46.03434,540.1023,712.0155,5.437266,332.5622,769.56696,53.41882,562.4825,702.3031,0.7626226,258.32767,774.80133,42.757015,544.34344,749.4337,-13.765826
zancada_left
WhatsApp Image 2024-10-18 at 10.39.24_87ebbdc1.jpg,zancada_left,310.1758,434.09213,81.324905,310.1928,421.7514,54.106888,310.87567,421.065,54.186775,311.3824,420.70837,54.179028,310.4741,421.34177,89.75283,311.49786,420.4044,89.76458,312.46387,419.71133,89.771996,322.4995,419.63354,-15.038202,323.51978,411.20053,142.31209,318.09637,440.68692,61.842346,318.59283,439.41644,107.08908,350.9986,466.16653,-114.87508,369.45914,454.37463,241.4573,312.11676,548.00037,-68.70001,345.17673,512.48706,244.89948,310.92947,488.70197,148.2474,313.77838,473.31265,203.6165,306.08606,469.71222,164.10597,310.60696,459.83182,206.67973,316.96356,465.80682,155.52142,315.89752,456.57507,218.57985,320.3264,471.71332,153.56334,320.63776,459.24258,204.53293,401.3552,602.9535,-125.173676,400.85696,600.28125,125.10444,277.82983,624.0803,-61.713097,423.9134,716.36346,81.23281,313.64062,745.97687,-4.6188836,541.22235,712.38696,62.181385,333.9923,765.6865,-0.97726035,564.28595,705.38696,60.65709,258.1191,773.3694,-14.145812,542.0924,751.0913,59.577957
zancada_left
WhatsApp Image 2024-10-18 at 10.39.25_0aacefb2.jpg,zancada_left,311.28027,435.44873,80.26294,312.0314,422.47263,51.914524,313.13834,421.61584,51.999943,314.138,420.95267,51.990776,311.47842,422.26117,90.04975,312.28882,421.23083,90.060974,313.12717,420.28055,90.109604,327.56625,419.6984,-17.812319,326.98886,419.15927,150.02608,319.63757,441.91055,60.934258,318.9682,440.87277,109.15418,362.3744,465.58292,-116.47098,365.69687,461.36398,258.27893,311.86856,544.828,-69.91447,334.88776,533.5907,217.10422,311.27298,483.33224,159.59265,314.66833,482.77057,116.36978,305.74307,466.5608,173.90196,313.41815,463.1488,113.974,317.9977,462.57376,169.13353,320.2591,458.74945,128.6641,321.81345,467.13672,167.02509,323.5848,463.61716,116.888695,403.02112,604.6748,-127.874916,401.77057,604.2961,127.84302,277.6689,622.8907,-53.068985,423.93503,720.4301,68.96345,310.97427,744.27686,20.117134,537.97876,713.2585,12.7205925,330.58127,766.0725,25.385979,557.01074,703.3451,8.460528,258.01083,774.689,9.549063,542.11566,751.2269,-3.5403533
zancada_left
WhatsApp Image 2024-10-18 at 10.39.25_74bcf1b3.jpg,zancada_left,314.0313,434.4499,73.36508,314.09634,422.0692,44.040382,314.9579,421.25604,44.120625,315.75162,420.62582,44.109035,313.91495,421.71695,82.73365,314.73105,420.62976,82.74904,315.48602,419.67825,82.77108,328.1566,419.38016,-29.483759,328.9445,418.46185,141.30602,322.51968,440.90457,52.758503,322.36044,439.67783,101.81949,362.99832,463.84592,-128.61661,368.90613,456.74454,249.86746,313.61172,544.4536,-81.38774,338.05597,522.834,262.39395,313.64804,481.62402,149.72784,316.13422,473.03494,224.06543,307.16568,465.0111,164.83083,312.6573,457.57474,228.73846,320.75558,461.929,155.92526,320.53198,454.0153,239.33429,324.46277,466.6413,155.36821,323.73596,458.5549,224.39928,406.19135,607.60065,-128.75233,402.72147,604.3119,128.75676,277.5234,626.07043,-43.400406,424.49066,720.6262,67.0449,312.5398,748.7245,40.402428,541.6535,711.8834,2.5906549,331.5353,768.9574,46.8257,563.7145,703.5789,-3.1992283,257.21637,774.569,31.581923,544.78217,749.8775,-18.792294
zancada_left
IMG_20241017_104311.jpg,zancada_right,198.95071,302.54422,14.129153,200.24216,292.95663,-5.753554,202.03607,291.82462,-5.740651,204.20769,290.482,-5.816215,197.42482,294.693,21.502865,197.23314,294.70007,21.584766,197.0726,294.65646,21.622732,216.83429,287.2729,-51.253372,207.8626,291.3685,73.04247,208.58096,308.0453,-0.38976315,205.30205,308.88962,35.17807,252.72696,322.73907,-109.85546,235.63416,333.55087,159.47717,243.6965,397.98904,-53.56746,241.37648,397.67395,123.57571,206.61406,383.78696,124.804375,214.30031,386.95963,10.406395,193.25162,381.92175,135.08177,204.19093,386.76227,4.4881716,196.20609,373.09595,137.60956,205.21338,374.08194,2.8391392,201.644,372.7292,133.38042,212.03975,381.5683,5.8361077,283.36014,440.15198,-88.0218,263.38885,439.804,87.74365,263.22568,548.9041,-126.39576,174.01997,458.5138,146.99399,366.57303,532.3959,-84.62573,214.43774,539.15173,154.45694,379.3852,518.6046,-77.92171,231.8125,548.6709,152.94666,377.22968,571.2147,-68.65541,183.20854,568.2394,160.19742
zancada_right
IMG_20241017_104312.jpg,zancada_right,1200.8391,1518.42,-1868.6931,1218.52,1460.5023,-1822.8752,1238.81,1454.255,-1822.813,1257.4681,1448.6309,-1823.2065,1169.0042,1473.6954,-1810.9973,1153.7677,1475.7346,-1811.3807,1139.0144,1476.6263,-1811.7188,1289.5059,1445.418,-1423.6914,1122.4165,1478.4965,-1362.3373,1246.8959,1545.439,-1704.5203,1187.254,1558.9436,-1687.794,1497.8142,1671.0256,-1081.8856,1028.7673,1719.2839,-1064.1077,1640.3591,2008.8313,-1428.1307,941.263,2053.5935,-1442.5537,1378.8264,2032.3318,-2006.9124,1166.7598,2070.2043,-2118.7617,1303.4415,2060.017,-2134.2754,1241.1647,2083.0864,-2270.435,1283.1229,2000.6672,-2059.8306,1239.6337,2018.1588,-2186.0483,1302.3174,1987.7771,-1975.1011,1222.5353,2005.1212,-2085.6367,1453.93,2155.689,5.63929,1200.1664,2162.9832,-6.0424366,1569.4325,2593.6157,-549.3151,1142.6296,2407.0374,-1418.2168,1506.9698,2386.6335,1286.6593,1245.6396,2666.781,-328.939,1490.5076,2346.1436,1472.2933,1281.8655,2689.4402,-230.8201,1533.645,2464.1606,1393.5957,1208.7644,2857.0146,-559.1466
zancada_right
IMG_20241017_104313.jpg,zancada_right,210.0039,292.6077,32.346905,213.52174,284.64545,11.842508,215.0608,284.2001,11.825447,216.66454,283.7527,11.779818,212.17314,284.88452,40.216152,212.56175,284.63406,40.2465,213.00687,284.35687,40.25424,228.04654,284.6822,-37.81638,223.61078,285.3007,91.849754,216.55086,300.04712,16.667744,214.85324,300.31204,53.85783,244.04472,317.29602,-114.04913,251.2739,324.63873,182.92969,239.81706,381.56433,-72.738525,250.24774,387.97754,202.37729,211.80722,391.17084,95.161064,220.74602,390.0305,122.389114,203.20557,394.89136,98.11415,210.12202,391.71564,120.96872,203.38504,386.64557,94.55405,209.10037,384.4832,105.71546,207.07208,384.97375,100.10388,212.73325,383.61905,112.55101,278.32547,443.82208,-93.1612,263.1528,444.61856,93.016525,262.15814,548.9004,-149.83496,172.30658,457.41492,159.88657,372.3306,537.2356,-104.29812,216.24535,537.43933,189.6254,386.4661,524.06586,-97.35631,233.70905,548.54944,191.03218,383.07816,574.134,-100.90946,189.30766,565.6286,200.64073
zancada_right
IMG_20241017_104822.jpg,zancada_right,1361.7174,1084.809,-1590.4243,1382.7886,1036.3025,-1565.565,1396.1337,1030.528,-1565.5063,1408.2374,1024.9288,-1565.6466,1334.3507,1045.7157,-1557.4988,1319.3159,1045.3556,-1557.7935,1308.7474,1044.4933,-1557.9539,1432.4199,1012.85626,-1208.6349,1295.7014,1037.0541,-1182.6304,1392.4482,1108.8372,-1436.3059,1342.1101,1118.9595,-1429.3407,1590.884,1144.5051,-832.72064,1217.492,1184.3983,-819.4993,1650.2487,1377.7224,-687.333,1223.6284,1423.6687,-640.4293,1641.0803,1605.0596,-902.55774,1247.0432,1663.7834,-900.04675,1644.8179,1675.3866,-981.8391,1242.9696,1733.3717,-988.1406,1620.489,1667.8346,-1049.8018,1254.3987,1733.5892,-1068.4697,1612.66,1650.0479,-925.75366,1262.6034,1711.9408,-932.17505,1539.5182,1554.5466,44.858,1360.1553,1555.4244,-45.235382,1555.5593,1801.4083,287.43417,1362.0192,1751.4907,-1111.7904,1539.8542,1818.267,1742.8604,1361.9121,2049.5688,-657.9567,1526.0094,1817.7178,1880.7014,1362.5796,2074.9558,-626.7962,1561.3704,1939.5425,1695.7485,1384.4841,2240.9653,-1100.4269
zancada_right
IMG_20241017_104823.jpg,zancada_right,237.13188,295.6975,2.8717437,238.14539,284.56274,-12.968495,239.62599,283.09793,-13.052643,241.1322,281.6324,-13.113054,236.28598,286.4827,16.049202,236.37863,286.34644,16.10993,236.39114,286.33206,16.111015,252.22166,277.78915,-47.818817,245.31406,284.20035,84.4421,246.14342,298.26477,-7.326208,243.74814,300.70316,30.705786,287.5083,294.7299,-145.77766,282.4571,314.8878,193.267,329.49435,337.6876,-229.6197,323.6337,369.03476,227.64053,306.01764,399.30884,-234.47827,351.85342,405.66196,161.0714,303.68933,416.59357,-258.514,360.8449,418.90787,160.26949,296.81726,415.72833,-245.64168,358.6294,417.69672,141.81287,298.24762,410.69855,-225.58365,354.7513,413.35956,150.4105,358.5362,412.4399,-101.722595,337.83923,419.21045,101.63084,416.7215,495.75616,-161.62769,250.6465,448.48337,78.22438,527.5419,542.3121,-197.75711,265.80853,550.759,89.50461,553.51776,548.493,-203.14638,280.94318,567.9291,88.14719,507.14578,582.8345,-288.82678,217.26093,571.09515,65.30942
zancada_right
IMG_20241017_104824.jpg,zancada_right,246.20447,288.04712,9.245281,247.35725,277.2851,-8.182589,248.6789,275.90076,-8.2488365,250.19675,274.32587,-8.298127,246.33292,278.58215,23.099846,246.77786,278.16278,23.159752,247.18237,277.74207,23.16428,262.4144,270.15894,-52.324234,257.38055,274.33478,89.080086,255.78448,291.4499,-4.970019,254.2566,293.6984,35.813866,298.62473,290.3617,-156.84465,291.29892,310.41736,194.86507,336.331,336.303,-223.73613,325.7888,369.23907,224.40192,329.7011,403.52277,-214.3416,351.2981,415.1089,154.77927,333.58328,422.74765,-239.77382,359.7504,430.12094,156.1881,325.68942,423.5735,-232.60994,358.29205,429.50778,134.33467,324.32428,418.49588,-207.7058,354.91693,424.38458,142.90292,363.7733,406.53973,-104.917076,341.22815,412.8101,104.885994,415.77643,494.40146,-169.01996,255.5429,446.41104,127.978355,526.8228,543.8539,-189.46239,265.98987,545.3788,175.83244,552.53485,552.48334,-193.22049,279.70987,561.587,178.63792,503.22354,584.8753,-275.99026,217.65459,568.43774,162.62764
zancada_right
IMG_20241017_105155.jpg,zancada_right,234.71606,267.3273,-156.38683,241.07402,259.36438,-155.9047,244.61008,259.25626,-155.9735,248.4791,259.31244,-156.05275,233.90688,260.15826,-133.56616,232.3898,260.43668,-133.48444,231.20734,260.67084,-133.4836,257.17654,264.2084,-126.43434,235.85431,264.7895,-23.365025,241.69356,277.09116,-144.62535,234.17773,276.95078,-114.95641,267.08508,307.74646,-185.94153,251.14174,315.1952,114.42463,264.44446,378.65445,-219.71265,259.53397,378.83713,149.74574,228.1095,430.8784,-191.21878,240.14337,427.31897,65.46536,224.3847,448.3028,-218.96428,233.19363,442.5047,61.244537,217.4236,446.60626,-214.87975,232.7146,443.32574,30.959723,217.95953,443.07428,-187.1239,235.44296,438.4039,50.563644,271.47922,434.00598,-96.8195,255.47823,431.73224,96.82228,259.72678,541.535,-189.38249,168.86731,451.85782,63.129066,357.1397,523.8184,-45.89047,206.63303,535.2337,155.39398,372.3934,512.45166,-31.251444,216.28801,550.33057,161.34799,367.8344,564.1784,-44.15504,165.8877,558.31464,147.55714
zancada_right
IMG_20241017_105156.jpg,zancada_right,225.52997,269.41983,-156.78783,231.71007,260.60858,-157.06891,235.32153,260.34747,-157.13283,239.5569,260.21225,-157.21674,225.21095,261.62524,-134.0718,223.95715,261.89603,-133.98848,222.91965,262.07047,-133.98679,250.1167,264.4761,-127.506775,229.54164,265.70706,-21.57172,233.73224,279.41956,-144.66803,226.65642,279.4237,-114.201546,262.6633,306.5556,-185.0311,246.37144,314.1272,117.13531,260.57086,375.54565,-216.59189,253.10698,376.81662,151.34766,227.78868,429.91995,-188.1732,238.48668,425.52176,63.19864,225.16263,448.5216,-215.68503,232.66959,440.27005,56.936924,218.68736,448.81372,-214.13208,233.48714,441.3804,27.096388,218.86308,444.885,-185.36383,236.41115,436.08633,48.185238,272.6806,433.52917,-97.64649,253.77545,431.84363,97.6334,259.62543,545.8385,-201.72203,167.89333,451.3278,57.958057,357.12885,522.62897,-36.547768,208.7706,533.9761,155.8969,372.5293,512.8949,-19.203209,226.43387,546.97296,162.89882,366.21283,564.21643,-32.05185,168.69753,557.15015,148.82451
zancada_right
IMG_20241017_105157.jpg,zancada_right,223.52559,271.099,-170.3522,229.51384,262.64523,-171.31157,232.97823,262.28705,-171.37688,236.80809,262.1297,-171.45905,223.27167,263.71765,-147.60175,221.915,264.00018,-147.51128,220.71199,264.1851,-147.49835,247.20972,266.7733,-145.53954,227.60794,267.4726,-36.493324,230.80212,280.685,-159.70996,224.06451,280.9049,-128.23447,260.168,309.4233,-202.68898,242.83615,318.02637,100.0402,259.0063,378.4099,-233.1142,251.1289,379.79797,134.25935,230.40813,434.34,-200.60327,234.87753,428.20212,50.22792,228.84021,452.07764,-228.11185,226.62892,451.45554,46.379524,221.06769,452.26846,-224.45651,226.81969,449.11862,14.5622225,220.68806,448.96637,-196.86365,229.84024,444.01587,34.795723,275.94955,433.22388,-96.10165,255.55818,432.84183,96.06537,261.13364,544.8095,-194.36847,170.72157,450.01,69.53306,358.27106,526.9827,-42.35614,210.99774,536.7261,164.49144,377.01413,516.33075,-26.656803,228.82648,550.8431,171.17278,369.50513,563.07935,-39.364677,169.65433,557.2482,158.34735
zancada_right
IMG_20241017_105655.jpg,zancada_right,1531.019,1091.2528,-2243.313,1560.9622,1043.4039,-2145.4873,1579.0089,1044.6707,-2145.594,1596.5889,1046.1904,-2145.7827,1502.9536,1039.3208,-2167.6758,1483.4922,1038.9429,-2168.1128,1468.2927,1039.1672,-2168.7136,1630.3323,1063.7867,-1554.5059,1446.4738,1052.1779,-1663.4883,1559.246,1140.9048,-2020.7273,1495.0605,1142.2578,-2052.3628,1758.9631,1331.4094,-1045.6167,1294.6791,1321.4408,-1381.386,1834.9995,1666.4458,-950.0216,1167.0684,1643.0474,-1418.5676,1807.7566,1983.638,-1237.0385,1172.8226,1989.8469,-1745.742,1800.4028,2071.091,-1339.8951,1156.9982,2069.7432,-1886.0947,1764.581,2061.3206,-1414.6508,1195.1311,2058.8452,-1966.1217,1756.3173,2035.1122,-1268.669,1212.3982,2030.3657,-1776.7339,1619.569,1817.7645,163.22255,1393.7795,1806.1171,-164.72539,1668.8481,2242.1824,322.60147,1469.8036,2000.4332,-1672.6791,1559.9667,2079.1924,2289.705,1429.6014,2313.506,-838.0186,1541.2947,2039.0901,2481.2817,1432.6665,2399.5005,-765.61584,1537.6255,2192.953,2309.9438,1477.2467,2476.855,-1258.8177
zancada_right
IMG_20241017_105656.jpg,zancada_right,140.97948,278.07663,41.644962,143.65897,268.18127,23.667528,145.46202,266.90417,23.675352,147.61511,265.42392,23.650618,142.0897,269.49023,49.878624,142.57219,269.28146,49.927856,143.17566,269.0294,49.90246,160.19908,264.17813,-34.128445,155.90994,266.44183,82.12748,148.04277,283.5099,23.529053,146.55214,284.58606,57.428585,175.33583,293.39996,-107.9788,199.3239,306.63394,147.50616,170.3168,361.18332,-146.48264,198.60991,383.82208,148.42087,137.7915,436.66965,-128.86372,194.78304,460.51968,106.138664,133.88356,455.9504,-150.75215,197.67415,474.58987,109.442314,126.47609,455.84927,-133.75835,195.55536,477.17584,89.33862,127.608665,450.1811,-119.65255,194.35439,473.19385,96.835495,184.3107,426.13406,-82.76174,213.42346,436.97662,82.56708,90.00639,453.01703,-25.673517,191.43965,513.90594,152.81409,140.15758,546.2552,16.15854,219.14055,564.31415,157.65068,162.45522,560.08575,23.451717,230.72984,568.6946,159.87477,114.34087,582.4717,65.07905,209.97797,590.0393,164.14925
zancada_right
IMG_20241017_105657.jpg,zancada_right,137.76991,272.4595,34.580265,142.27261,262.88815,18.498648,144.29596,261.51303,18.504166,146.60321,260.10394,18.480072,140.55304,264.47736,45.505093,141.21559,264.2835,45.53852,141.9945,264.00842,45.496243,160.74142,260.43237,-30.445583,154.4059,262.7669,88.25938,144.87578,277.98392,19.415268,143.2479,278.88837,53.994576,178.90987,294.56766,-109.612366,186.71616,308.58182,163.59102,171.12837,362.90518,-140.02345,188.60696,378.84167,179.40373,136.36871,438.61322,-117.92889,179.4104,441.95905,144.95863,131.27051,458.17795,-143.27446,181.24016,453.16415,145.45811,122.739456,457.65695,-128.10919,179.0159,453.06964,124.10921,123.678055,452.25302,-109.27849,178.45702,449.7073,134.50873,187.31667,427.0104,-83.88582,203.42,436.20062,83.7633,88.55055,453.0486,-75.212875,178.57843,521.5091,93.83251,137.07185,541.5948,36.48413,219.36974,563.5427,161.88239,158.54033,556.821,49.41929,232.8515,564.3409,170.09822,102.70333,574.25354,78.67766,213.93427,592.48303,168.5643
zancada_right
IMG_20241017_105658.jpg,zancada_right,142.96103,219.5652,22.754292,145.45952,208.54129,1.9342108,146.68222,207.34839,1.889651,148.03409,206.08354,1.9409026,145.7088,209.01889,30.826967,146.93633,208.28505,30.885141,148.28307,207.47905,30.86803,160.19566,204.07559,-57.48094,159.90854,205.18074,73.91541,150.67365,224.97745,4.2560234,151.11662,225.67953,42.125126,174.14812,236.20901,-158.98538,203.03079,246.21362,167.0886,174.7083,302.92734,-220.83652,215.35521,312.86227,199.98354,139.00471,377.822,-202.51323,206.7113,379.21307,158.32237,132.15755,395.80093,-225.5976,205.43463,397.0867,161.47125,129.88927,395.77844,-211.40881,197.57498,396.98367,135.15924,132.73354,390.8595,-194.00516,202.10544,396.59146,145.39702,213.93414,384.80963,-100.82141,216.13466,386.4887,100.5185,258.377,484.25235,-146.44612,129.52098,432.5936,8.241179,366.6135,548.1549,-147.66048,148.2012,545.0534,42.47213,393.79724,549.2606,-148.92552,166.08392,564.7674,43.410812,350.15616,590.0352,-215.54375,112.729195,573.6374,13.354271
zancada_right
IMG_20241017_105702.jpg,zancada_right,1561.5472,1140.484,-1910.0872,1592.3119,1092.3323,-1839.5095,1610.5273,1093.4454,-1839.4757,1628.9182,1094.8176,-1839.7205,1531.1602,1089.9446,-1828.9207,1510.0304,1089.9062,-1829.1621,1495.0991,1090.7046,-1829.3699,1662.1062,1115.9106,-1350.5747,1469.1194,1106.638,-1299.3932,1594.4462,1193.6187,-1723.2871,1525.0315,1195.804,-1709.1052,1786.2664,1381.2122,-984.80695,1324.9293,1366.1138,-929.00415,1880.2441,1705.4015,-970.4026,1204.9418,1687.6304,-890.15564,1889.8491,2018.9407,-1383.3481,1188.0356,1998.2487,-1224.0232,1909.8367,2101.244,-1502.7537,1166.5991,2080.9802,-1340.6327,1868.4536,2099.574,-1620.0342,1209.2964,2080.2937,-1445.3339,1855.9023,2075.3337,-1430.2183,1231.0581,2057.8547,-1267.4502,1669.4631,1865.2261,-57.787434,1439.2128,1887.9092,57.143326,1640.3794,2034.5892,-1542.4019,1356.5901,2323.5159,-284.50842,1631.2028,2342.5068,-618.9436,1527.0009,2188.0774,1614.4224,1633.779,2382.246,-533.0852,1569.083,2140.857,1806.8608,1569.95,2556.1748,-987.5634,1544.2958,2320.1802,1694.9689
zancada_right
IMG_20241017_110130.jpg,zancada_right,248.45403,269.0548,163.17091,253.37758,259.60126,145.61287,254.35979,259.10092,145.59221,255.39278,258.6629,145.54044,253.78804,260.09384,178.78595,255.03062,259.8661,178.838,256.40942,259.63882,178.86346,265.83188,261.443,95.3609,267.29538,262.56976,246.48877,252.1198,275.9536,147.56773,252.38652,276.44406,191.17006,268.1261,297.46667,-23.774685,289.60214,315.39822,353.2158,249.31696,360.4081,-49.594906,264.17017,386.54233,406.43436,193.61684,377.4553,36.297405,217.02527,398.2725,378.75943,184.51021,385.01443,15.269104,208.68854,399.53577,386.59158,185.50197,380.10376,29.384064,206.36517,393.42993,359.34158,189.14116,378.31952,45.866337,208.40181,392.90848,364.96533,256.07645,440.64774,-116.395256,263.25848,453.53735,116.355896,241.50089,528.1888,-180.74821,159.27538,467.61807,142.6913,338.76773,545.94543,-158.7994,215.0117,556.0906,138.20323,352.31238,544.05756,-156.02968,232.84969,568.8875,135.33311,357.83392,565.48553,-159.34685,223.812,591.8161,140.15938
zancada_right
IMG_20241017_110131.jpg,zancada_right,239.96846,271.80338,125.34,245.26146,263.24567,108.475655,246.43167,262.7531,108.440735,247.65701,262.3091,108.36371,245.37389,263.48502,142.02744,246.56906,263.12186,142.08472,247.86502,262.7738,142.13206,258.4346,264.58087,63.863617,258.86426,265.14767,218.1063,244.7014,279.60886,111.16792,244.7365,280.18045,155.57703,264.18286,301.72287,-35.209496,283.6039,318.5145,320.86417,248.77332,365.47614,-53.18065,259.3213,387.791,386.5425,196.6748,377.04037,39.571426,219.23302,397.0479,346.43158,188.68185,381.94568,15.930058,207.7702,395.6531,348.51498,190.79933,376.65082,24.110746,207.00456,393.825,317.64236,193.9004,375.41998,46.129833,209.49179,393.4139,330.569,254.40485,448.95615,-108.24284,251.92926,448.88748,108.31377,279.23615,550.9894,-198.4575,150.8392,459.54266,141.58237,394.76785,554.31396,-164.53484,206.77611,557.72107,172.82095,405.98526,549.2329,-160.75102,219.15671,575.3354,172.61313,437.71448,579.24524,-179.58723,172.95491,587.02795,166.25926
zancada_right
IMG_20241017_110133.jpg,zancada_right,236.26549,273.68768,167.64467,241.29887,265.39648,151.4942,242.64514,264.68613,151.48022,244.07355,263.91455,151.41109,240.89493,265.68814,185.13618,241.90527,265.18835,185.18268,243.07112,264.59393,185.2409,255.61928,264.7789,107.5544,254.8264,265.6891,262.164,241.39781,280.17163,153.47664,240.95276,280.71698,197.90329,262.9948,301.98184,0.26239344,279.34793,317.44443,365.85632,246.37682,365.0227,-14.92469,253.92729,388.6752,414.80923,193.9872,376.7244,88.33273,211.73283,393.30457,362.4939,186.52843,378.85257,67.17566,202.87318,390.6478,365.59705,188.49806,372.64383,75.085976,202.82571,385.79224,339.28983,191.66833,373.10492,95.50376,204.60681,386.91754,348.35916,267.97,446.3012,-111.94241,255.10951,449.74417,111.99156,270.7761,544.4867,-196.40651,150.05067,461.52277,156.32565,383.74762,549.2361,-180.93382,206.06902,557.61646,170.755,393.51218,543.7263,-179.48166,226.16374,571.37024,167.85153,425.9385,572.5101,-191.28258,193.13455,589.18933,165.22511
zancada_right
IMG_20241017_110442.jpg,zancada_right,209.12164,262.46628,57.31543,210.57158,250.5681,36.57484,211.99892,249.49226,36.49685,213.50885,248.40775,36.388836,209.8827,251.07855,74.580574,210.71027,250.37027,74.66656,211.5794,249.6165,74.72129,229.35356,244.5075,-18.844877,225.98978,244.81978,154.95811,218.87381,267.93088,38.7679,217.47841,268.98053,88.66348,271.81418,273.53076,-130.099,267.0165,288.1031,272.65152,309.6036,338.19904,-192.98529,296.92355,366.35306,257.9962,238.61246,371.4597,-114.65613,243.17766,375.2126,103.47073,220.18983,374.10312,-133.35991,225.49513,373.81046,99.38809,217.11295,361.8191,-109.35848,222.84769,361.9601,83.64321,222.34697,360.58212,-98.28877,233.79936,361.3107,91.441414,315.06317,426.53622,-122.08306,300.9935,428.46686,121.882904,327.76657,566.2032,-178.01268,193.689,453.21994,96.928535,467.1637,565.23364,-146.14659,223.20616,570.66974,122.87506,495.32193,552.23425,-139.95851,240.71538,590.8796,124.0229,478.27197,609.4597,-172.82993,176.60962,598.37897,106.35607
zancada_right
IMG_20241017_110443.jpg,zancada_right,223.92006,256.56503,71.40909,225.88722,244.68527,50.84518,227.2139,243.85138,50.800373,228.66919,242.97112,50.722214,225.13771,245.03069,85.6974,225.8931,244.44244,85.75475,226.69876,243.76843,85.78627,244.70177,240.75937,0.25804833,241.33957,240.78145,157.77077,232.8634,263.98538,54.925274,231.44969,264.67462,100.12541,279.2445,277.44623,-96.299255,283.19128,288.33386,260.21085,302.0825,349.32056,-157.24345,296.4967,366.97806,240.02652,232.91817,357.68307,-97.4115,240.8278,366.49442,88.34502,216.2174,356.0854,-112.92185,225.6491,363.75632,82.35133,219.21365,346.32675,-94.212654,226.68085,353.68298,68.41016,224.28352,345.8877,-84.411255,232.65198,355.1739,77.15981,306.55624,427.06815,-106.24477,301.05258,429.00558,106.00334,324.6443,569.0688,-155.96384,191.5495,455.97858,96.53647,460.92108,568.0293,-140.65062,223.85635,573.03326,102.772415,480.1929,557.19324,-136.074,245.84473,595.7303,101.92094,473.10458,612.08167,-159.61298,175.7019,599.2825,84.32681
zancada_right
IMG_20241017_110444.jpg,zancada_right,236.25241,250.6794,66.64639,238.7646,240.20291,49.447243,240.2302,239.47577,49.383858,242.01787,238.61732,49.314487,237.61316,240.59407,84.51086,238.15234,240.2401,84.63708,238.76836,239.82387,84.6882,257.4362,237.399,0.7444317,252.86168,238.37366,160.6945,244.74214,259.15085,50.15251,243.11847,259.9699,96.28661,291.75098,274.96698,-108.12689,290.49658,287.34497,254.5448,289.2896,355.71448,-165.92612,299.5329,369.5529,270.66275,221.6657,404.30426,-127.8156,285.67365,413.24792,171.73222,207.79599,414.76575,-159.29527,284.13724,425.33453,163.07704,201.15689,409.78375,-143.84933,280.97153,421.08823,137.11336,205.58498,406.38776,-118.341866,280.596,416.39008,156.62791,314.13535,422.57495,-108.94801,301.5131,426.93805,108.67677,326.65085,565.61096,-179.87308,188.8615,453.70053,77.21676,462.19812,561.55194,-114.56742,220.42766,570.70294,126.08601,486.8849,549.71185,-105.191475,238.46147,590.8563,129.26828,478.4613,605.1493,-133.18272,174.70476,598.6174,107.51304
zancada_right
IMG_20241017_111729.jpg,zancada_right,1707.1677,1399.7549,-1409.3082,1725.8523,1369.3369,-1349.2725,1734.7798,1369.5544,-1349.4052,1743.8104,1369.5393,-1349.5505,1689.773,1366.9878,-1367.4369,1676.3748,1365.8027,-1367.6582,1664.0063,1364.2758,-1367.9463,1754.2324,1380.5911,-939.88245,1644.3208,1373.4946,-1032.4174,1723.1451,1433.343,-1249.7438,1680.1267,1427.9908,-1276.5675,1837.3398,1581.4253,-606.54175,1526.8899,1572.9069,-746.9877,1925.7239,1776.7032,-502.87775,1443.8037,1797.2274,-644.52124,1984.2089,1957.2068,-814.0981,1360.4683,1994.717,-930.916,2003.4316,2018.2034,-893.2776,1338.715,2049.907,-1020.1321,1992.6841,2018.7135,-984.93835,1346.2307,2056.5757,-1119.4119,1980.9778,1999.6257,-852.9633,1357.6279,2037.0944,-972.85785,1758.0388,1969.0535,104.90361,1602.7605,1960.9648,-105.67577,1733.1497,2239.612,337.07684,1680.8779,2234.3362,-646.9603,1659.9686,2351.387,1565.719,1630.2493,2488.5312,-118.08606,1621.2777,2354.002,1681.3738,1610.0159,2514.4893,-79.81955,1665.2529,2469.6917,1507.469,1665.9487,2614.6648,-484.44315
zancada_right
IMG_20241017_111730.jpg,zancada_right,268.526,383.83728,-34.727043,265.1212,376.55573,-21.636202,264.82767,376.43744,-21.664967,264.48285,376.32593,-21.707565,263.06064,376.40076,-50.96497,261.3329,376.15756,-50.961323,259.45645,375.92654,-50.99235,255.28175,378.06555,46.76713,249.50812,377.54553,-85.28804,266.27866,390.88303,-6.1014466,263.87628,390.7103,-44.590786,247.47316,417.71735,160.28612,230.6698,414.92953,-156.47125,252.7443,476.62344,204.10674,239.64687,472.33987,-198.16008,262.1868,522.49695,145.14673,250.54193,531.5767,-204.26271,266.35406,535.95026,143.72108,248.30919,549.3418,-234.07393,266.51373,535.32837,117.250824,256.82413,549.17615,-227.75179,264.1483,530.5065,131.3707,258.4991,544.16296,-200.3464,256.6911,534.2388,94.42077,241.3154,532.5114,-94.44163,333.1122,573.37415,18.81709,212.3625,627.02026,-146.67372,307.66562,679.39355,43.174126,120.9115,660.61487,-147.45337,295.38965,697.0979,42.671776,102.251854,657.3442,-147.53264,353.11273,694.9342,1.8773507,133.10167,697.70746,-190.65201
zancada_right
IMG_20241017_111731.jpg,zancada_right,266.0098,393.0837,-12.441469,262.61877,386.13782,-1.9513621,262.18207,386.0372,-1.9720126,261.64624,385.92456,-2.023994,260.918,385.89194,-29.192774,259.24338,385.62225,-29.188004,257.3832,385.38965,-29.202265,251.806,387.76108,59.21352,246.88799,387.46143,-63.58101,263.70084,400.2611,14.299772,261.57974,399.6726,-21.549679,242.17093,424.8992,166.85808,230.93178,418.82275,-133.26334,250.88924,480.73993,207.63564,245.36075,469.74506,-178.06,263.4199,524.8094,154.11293,260.89557,523.26953,-180.11032,270.258,541.17596,154.05971,262.4832,538.76416,-205.47514,270.37177,541.42865,129.34999,268.687,539.29456,-195.08511,269.19577,534.9727,141.3862,268.74362,534.33813,-174.11412,254.5664,539.6666,89.11576,247.51538,536.2823,-89.14878,336.63882,576.7903,18.51019,218.86375,630.3573,-147.4043,309.43256,680.1875,37.02804,127.36378,661.15106,-156.54936,296.3211,697.47675,36.161167,107.21074,657.4333,-157.22151,353.25143,698.07556,-0.6430847,133.339,698.10034,-196.90718
zancada_right
IMG_20241017_111732.jpg,zancada_right,270.22906,392.30365,4.573647,266.5153,385.55984,14.172284,265.92545,385.43204,14.191398,265.2212,385.29587,14.233726,265.18414,385.38644,-14.946289,263.6781,385.1247,-14.943766,262.0938,384.85953,-15.0008135,255.44786,387.06918,67.218704,252.00945,386.72797,-64.90533,267.61047,398.8701,27.675468,265.9803,398.62204,-10.269679,246.07063,425.69086,164.1038,234.46805,420.3843,-141.17633,251.33543,482.54962,209.57007,248.4668,472.92355,-223.68387,261.77646,531.17395,173.28682,261.62802,526.90857,-263.4294,265.60184,547.81354,174.93541,263.0327,544.75696,-294.34958,267.51382,548.0366,154.57271,270.05316,544.3036,-282.6685,266.2923,541.37933,162.40332,270.50677,538.6981,-258.2962,248.87402,540.7849,92.00589,249.15594,536.20807,-92.13966,218.41478,636.92505,82.416306,337.48083,575.8235,-82.31549,124.91924,662.066,75.73457,312.02023,677.8722,-41.758564,105.19593,660.9849,75.07435,299.59735,695.64746,-39.00077,132.52289,696.0084,45.931465,356.36188,695.61816,-63.70798
zancada_right
IMG_20241017_112740.jpg,zancada_right,1482.4863,1399.7539,-927.3281,1511.901,1351.5026,-882.19995,1529.9153,1353.4983,-882.3447,1543.456,1355.3389,-882.38293,1463.7688,1348.0542,-882.6733,1451.1234,1347.4623,-882.8583,1439.6227,1347.1287,-883.37317,1564.4585,1368.775,-562.9217,1427.3385,1365.7032,-563.667,1513.5902,1437.7849,-799.8937,1458.681,1439.6488,-800.48804,1675.6842,1584.5867,-333.82047,1300.5322,1563.5172,-388.89355,1704.196,1881.2356,-658.4211,1249.4028,1872.943,-679.7193,1549.8167,1735.5732,-1227.8796,1391.0767,1734.785,-1180.2559,1497.0668,1693.7007,-1312.3701,1438.0234,1697.7686,-1247.6882,1506.9087,1659.0293,-1216.2593,1434.3727,1658.883,-1168.2164,1521.0265,1671.8562,-1191.2297,1424.0754,1667.1897,-1145.6436,1556.9365,1995.036,59.500977,1355.9928,1964.8701,-59.799072,1515.5393,2313.7666,-28.868677,1404.7769,2170.5237,-1048.7537,1507.057,2214.3076,1286.0778,1429.803,2471.3552,-623.4121,1495.8564,2181.4995,1419.0728,1433.1787,2496.7942,-592.5451,1500.1136,2305.0862,1358.9507,1435.0358,2619.275,-915.12573
zancada_right
IMG_20241017_112741.jpg,zancada_right,264.39932,326.52216,-26.47156,270.01755,320.4879,-48.26492,271.2378,320.70798,-48.234776,272.6411,320.92715,-48.24111,270.05353,319.68246,-16.229052,271.12097,319.43665,-16.218384,272.39197,319.31595,-16.192087,282.28937,325.50522,-97.64033,282.13336,324.59015,46.724976,267.86267,335.76743,-42.961033,267.50906,334.2209,-1.5988607,299.14587,366.30585,-167.94737,295.90283,367.91223,153.8525,283.92172,427.50162,-108.66066,288.77747,427.93137,106.988754,250.21545,390.96384,111.9488,256.97058,396.76965,-42.09392,242.55287,383.75314,122.62476,248.3223,389.91998,-50.0646,246.78218,379.67795,123.555916,251.46599,385.72006,-54.14659,251.4261,382.7619,120.529625,255.75545,388.8789,-49.11482,337.79742,489.44888,-101.53276,316.1795,487.12048,101.336716,356.8855,585.83514,-164.19974,237.37146,498.9049,198.90082,460.97952,566.88635,-108.99299,274.05484,586.9106,245.65707,479.62875,558.45935,-100.65304,291.47495,601.59656,249.11287,467.4963,612.1047,-103.82072,234.8255,608.7501,272.48624
zancada_right
IMG_20241017_112742.jpg,zancada_right,259.1034,327.54977,-27.015654,264.32434,319.4355,-48.59906,265.7627,319.34586,-48.573563,267.33228,319.27484,-48.613228,263.9652,319.23218,-17.738794,265.01245,318.97827,-17.703615,266.21558,318.67123,-17.66373,278.36722,323.5715,-98.39012,277.35098,322.66583,41.66624,263.6304,335.65884,-43.651512,262.7788,335.1287,-3.6346126,300.2496,365.73828,-162.56386,294.49207,370.54916,145.97894,283.9695,428.17096,-106.07211,290.95267,434.55234,113.732315,251.70648,386.88846,105.60094,258.6557,399.51044,-9.652127,243.78029,379.55774,115.98187,249.34056,389.7299,-16.074083,248.69589,375.02795,117.46582,254.8156,385.007,-17.90608,253.8746,377.1777,113.8649,260.1526,389.04425,-15.002228,342.30942,485.57855,-100.19248,322.8755,485.56,99.96381,357.96344,584.00525,-156.92332,238.84087,495.3677,186.19905,463.67563,564.9272,-94.867035,275.1067,583.3722,217.85428,481.6803,554.8814,-85.60233,291.28925,598.73645,220.01599,468.9567,611.45416,-91.18245,235.36026,605.6829,235.61911
zancada_right
IMG_20241017_112743.jpg,zancada_right,253.96535,330.08508,1.8491004,259.24084,321.83533,-19.985178,260.5174,321.69305,-19.97756,261.983,321.53293,-20.037031,259.33267,321.679,11.460158,260.53885,321.42398,11.497073,261.93845,321.1117,11.537629,272.44467,325.2759,-71.40808,272.61816,324.49445,71.35665,258.19858,337.6434,-15.394792,257.61044,337.34616,25.36271,291.57315,367.35715,-140.23463,293.8162,372.47638,171.14825,281.46426,433.16318,-95.966064,293.73785,434.78082,119.599495,249.53433,393.70288,103.82558,263.2949,406.1237,-27.057018,239.699,384.33658,112.43805,256.23447,396.84348,-35.222336,246.38492,380.3037,115.411545,261.8526,391.49542,-35.00274,251.80978,383.21774,112.55649,265.664,394.74432,-32.069893,334.9295,486.72528,-99.012405,326.87283,485.68024,98.773895,348.77106,558.0277,-159.08742,238.34734,497.41586,186.59796,463.60855,568.21234,-125.10993,276.88248,584.3234,209.3192,481.0558,558.60297,-119.03586,290.13525,600.04346,209.79422,468.9648,610.3319,-131.75082,235.92607,606.53455,214.64064
zancada_right
IMG_20241017_113055.jpg,zancada_right,1616.5242,1267.1223,-1024.6831,1612.7517,1219.5015,-981.6417,1614.992,1217.0765,-981.7751,1617.0912,1214.4028,-981.81213,1593.5416,1221.9158,-1052.1387,1581.1428,1220.9103,-1052.5045,1567.4939,1219.4707,-1053.0194,1556.1338,1223.5334,-639.4438,1496.2375,1227.02,-951.8292,1607.9447,1307.6194,-879.34106,1588.2902,1306.9756,-970.0497,1663.6257,1426.5673,-340.88022,1262.1104,1446.2942,-813.4685,1704.0348,1751.1096,-601.3866,1280.2349,1770.2477,-739.07324,1506.1476,1619.5092,-1222.9885,1463.8042,1623.6805,-543.99585,1472.0723,1572.4865,-1311.2146,1503.5461,1588.7205,-537.77734,1481.9888,1539.7694,-1211.7177,1489.0344,1545.7941,-502.65628,1486.2108,1546.3998,-1190.892,1476.4508,1552.7382,-507.57318,1543.4095,1888.6421,138.14651,1330.3575,1868.8352,-138.11482,1566.0883,2286.5933,-43.22132,1389.9478,2146.5896,-1223.977,1489.8972,2091.54,1499.8939,1331.2054,2367.3796,-309.95328,1463.3789,2058.8054,1664.154,1313.9631,2385.557,-215.61273,1497.8054,2164.743,1689.3567,1352.8251,2514.4624,-399.10254
zancada_right
IMG_20241017_113056.jpg,zancada_right,222.0903,357.26175,-77.37856,226.60947,348.512,-78.95071,229.53038,347.94278,-78.93228,232.6882,347.47562,-79.032326,220.83498,350.26108,-59.763226,219.68102,350.72098,-59.713963,218.68315,351.09506,-59.67752,242.10051,350.6716,-42.75861,225.67102,352.658,45.96257,230.10486,364.39838,-61.12039,222.51988,365.34235,-35.92074,249.55301,390.45782,-75.111145,241.52023,397.31134,160.99664,220.0728,458.20493,-8.371206,224.6582,461.02115,134.20613,211.14658,420.8123,186.52927,222.58551,420.92868,54.6915,209.11185,412.13718,204.09988,221.80637,412.35114,53.890907,215.65617,408.7844,203.48178,225.1992,411.7741,56.362278,217.51573,410.5501,193.48993,225.68538,412.61572,53.1974,250.8474,515.3751,-84.48076,236.41092,515.30634,84.44368,269.446,620.99963,-147.26358,147.8066,524.9556,109.44245,372.42764,589.2792,-75.82141,193.96307,605.7802,169.2989,384.72977,576.41425,-65.40341,209.83774,619.5418,174.34648,384.64142,624.8483,-58.38202,156.0573,628.285,181.57428
zancada_right
IMG_20241017_113058.jpg,zancada_right,231.48705,345.16342,-114.5346,235.65935,336.83893,-123.069725,238.10217,336.3962,-123.05675,240.78423,335.94614,-123.15216,230.85902,338.09253,-100.39357,229.87115,338.5543,-100.34992,228.98528,338.93457,-100.307526,250.93384,339.87918,-108.67044,236.1645,341.87048,-4.982817,238.0392,353.91104,-105.97969,232.1663,354.886,-76.46569,259.95374,383.14093,-142.28065,249.40494,389.5217,126.80333,232.52531,455.54828,-70.58866,232.93639,457.92896,113.64778,213.68716,416.81274,135.34528,221.66136,424.02338,25.21557,209.92232,406.73447,150.63545,220.40106,409.03152,25.509157,217.70769,403.12338,152.64961,225.94441,407.46298,23.928833,220.72751,406.06665,144.21652,227.7337,412.67862,21.918541,253.2073,513.8342,-91.64666,239.97757,511.32523,91.54132,263.59692,618.2989,-142.17746,149.50192,520.7772,115.29609,366.68994,587.45374,-42.402634,193.75597,603.94165,153.37515,376.696,584.4418,-29.352556,212.25525,617.9227,156.03065,383.21692,626.42377,-13.134609,158.41072,624.4658,166.03938
zancada_right
IMG_20241017_113058~2.jpg,zancada_right,259.07797,343.41354,-37.762768,263.29456,333.92902,-49.919113,266.11996,333.3247,-49.91823,269.05038,332.74225,-50.003975,258.30618,335.17798,-25.242496,257.41418,335.4246,-25.187233,256.6315,335.5879,-25.173857,279.04254,334.98788,-51.818317,264.51422,335.90564,60.833145,266.09207,350.6442,-35.227913,260.08582,350.89346,-3.1662247,288.39877,377.3693,-98.88283,277.37445,384.22394,171.49017,258.65686,447.61005,-34.278465,257.1667,447.75974,116.53457,241.25032,410.08115,178.57797,245.91096,417.8328,-1.5426369,237.41402,398.17938,197.65047,243.70236,401.3159,-4.5577493,245.66907,394.7063,202.67444,251.71667,399.43332,-0.99760795,248.81622,398.55124,188.78831,254.0425,403.12186,-3.7291856,278.82053,509.24243,-95.08853,265.15704,504.13998,94.884926,270.6104,619.50226,-156.74463,174.43024,507.2788,106.72746,373.92194,589.4005,-59.772186,198.49861,601.2695,141.25362,386.95395,573.4978,-45.362213,212.75743,618.7178,144.10439,386.8488,633.29047,-24.110222,159.90164,622.0083,153.68358
zancada_right
IMG_20241017_113649.jpg,zancada_right,247.51146,294.55508,-3.3777192,251.58528,284.97565,-20.306454,253.19357,284.68396,-20.329813,254.94704,284.372,-20.36164,250.02617,284.88098,12.907563,250.56961,284.50198,12.929588,251.19429,284.07675,12.969011,269.198,285.94446,-61.067253,264.34708,285.48203,92.50085,255.33458,303.23514,-16.43543,252.87752,303.2628,27.497852,304.34418,319.1856,-143.79576,274.43024,333.46216,197.3111,291.16867,389.7132,-182.54645,257.2333,400.90674,177.5931,217.97168,362.15585,-105.35803,209.80086,371.1848,32.632664,199.75926,361.7645,-125.092735,189.06558,366.50778,21.650692,197.15524,351.78662,-110.654594,188.18332,359.23065,5.1813245,202.80135,351.7811,-95.99778,195.58379,359.22705,19.81357,332.7514,454.57355,-106.92526,302.5989,456.1113,106.71848,365.78192,563.90173,-212.40918,216.35898,473.06204,115.822464,477.59656,567.6178,-109.43465,234.15747,577.4696,195.12755,502.7456,559.6218,-97.49387,250.5409,598.58246,202.62494,484.2767,610.81226,-139.34402,189.23024,607.7896,185.17413
zancada_right
IMG_20241017_113650.jpg,zancada_right,241.87527,313.2379,156.3382,244.07883,304.1366,135.44305,245.01022,303.20334,135.4906,245.88255,302.28503,135.44505,244.35268,304.2577,169.6881,245.59389,303.36633,169.7724,246.84926,302.4707,169.83752,257.68808,299.60608,79.053116,259.43063,299.4766,235.47723,247.63506,317.2891,138.15074,248.31516,317.6435,182.55354,283.0688,332.63626,-28.285038,287.0691,340.8197,322.78458,234.77391,390.9062,-8.539484,260.84506,395.22058,240.5009,225.3627,340.72305,209.08504,246.94699,363.83484,76.49666,227.45697,322.11148,219.8992,245.34781,354.94733,68.41967,231.50887,324.93518,222.1039,244.89928,351.47842,75.95491,234.19176,330.9977,218.2175,246.42441,354.51764,73.26013,318.1611,462.32062,-112.86141,291.9677,464.66028,112.67947,363.4263,577.59045,-221.6187,207.02943,474.74966,145.95923,472.8505,568.4598,-219.2245,231.976,580.46857,165.5872,493.23694,557.6718,-217.24107,249.59749,600.0337,165.37683,485.71716,609.55585,-248.48807,185.8942,608.44684,159.29387
zancada_right
IMG_20241017_113650~2.jpg,zancada_right,365.88943,262.82062,-379.66806,372.59912,254.33179,-359.58148,376.4415,254.30728,-359.6672,379.98706,254.2409,-359.7237,360.81003,253.32907,-367.46243,356.31042,252.48949,-367.52975,351.45865,251.31065,-367.58807,382.12332,256.29468,-221.53821,341.4747,251.0115,-260.62137,369.94208,274.30432,-325.86328,355.6814,271.2765,-337.40088,400.95218,311.7317,-121.013954,304.39352,305.39273,-171.03793,412.45358,381.13123,-218.80356,291.87323,377.5996,-269.0284,428.56155,372.00406,-485.86084,286.79132,372.0405,-522.94995,435.2122,370.71622,-532.14703,285.29303,369.5673,-568.7371,434.63016,361.02975,-539.587,286.2806,354.75522,-573.6045,431.52975,360.9409,-493.65915,287.95026,355.28625,-528.2148,388.01947,426.25778,37.443264,327.77863,422.6251,-37.479717,399.69434,518.8509,23.042673,348.5013,453.7337,-455.4538,372.62384,479.2681,498.78976,348.75177,558.0938,-262.04343,364.05954,472.95312,543.9805,348.9775,568.3384,-246.60669,364.87225,515.07117,496.3387,355.03738,598.36084,-385.99045
zancada_right
IMG_20241017_113651.jpg,zancada_right,362.20792,255.31526,-330.4752,368.40347,245.96661,-314.60287,372.44336,246.11818,-314.63193,376.17307,246.21248,-314.7229,356.61896,244.55875,-319.4147,352.09927,243.66852,-319.47263,347.56458,242.91527,-319.53134,378.76962,249.00124,-203.9089,336.2736,245.18427,-228.03233,366.74686,268.31738,-286.22144,352.912,266.4406,-293.1722,400.9849,300.48956,-137.6282,298.04153,299.6132,-163.45311,420.5556,378.76666,-212.96104,288.3212,386.64795,-235.46933,371.60556,361.23923,-388.0617,335.6498,363.9327,-373.2771,360.03125,353.62622,-421.459,345.20914,357.03052,-406.88904,358.2524,341.20862,-405.20856,344.9742,345.32532,-390.91245,360.8326,343.00882,-382.6517,343.08383,346.98425,-367.12115,389.79532,418.068,26.940159,327.7924,417.92972,-27.035412,401.5434,514.09375,-16.967834,346.6577,445.01395,-349.7456,373.10974,461.34225,419.92923,350.65305,557.33575,-183.50212,369.37027,448.66522,466.87994,351.28046,570.13666,-167.1103,374.9656,480.87918,474.27597,357.73148,600.4535,-259.14038
zancada_right
IMG_20241017_113652.jpg,zancada_right,226.28024,313.87268,95.32767,229.66972,304.48914,83.8427,232.48007,303.51306,83.87492,235.43976,302.53192,83.83588,225.254,305.5476,112.00222,224.67365,305.51974,112.017166,224.11977,305.5915,112.04229,249.12474,300.88834,60.81794,235.82614,303.14288,190.48729,236.45737,320.60342,88.15907,231.27272,322.24225,124.995316,284.7044,326.11407,-14.895841,249.42473,351.0834,278.511,285.23666,395.57327,-39.44938,244.2524,423.6411,213.49461,226.57231,354.22638,88.96661,217.22025,381.39667,49.700726,214.4322,347.80533,92.26789,207.51883,369.80762,35.168873,215.78737,340.1073,101.42081,208.81995,365.85297,42.03118,220.89677,342.3902,98.67887,214.42874,367.736,46.70194,327.8199,455.50793,-96.443855,298.46823,459.85406,96.05994,365.89822,569.7277,-179.44844,211.96849,468.94522,73.33102,476.14914,566.86395,-210.19376,233.1462,579.6248,75.374084,498.5695,556.4277,-212.4899,252.89413,598.9996,73.74765,483.72617,613.0027,-272.19632,187.0818,607.22595,47.08181
zancada_right
IMG_20241017_113653.jpg,zancada_right,222.51213,309.79953,72.948395,222.60027,300.3667,51.334053,223.67758,299.65506,51.335106,224.78102,298.9325,51.28599,222.3296,300.4931,86.01102,223.13902,299.9269,86.03636,224.11093,299.27417,86.06084,236.74875,296.8896,-3.3568938,236.49666,297.10458,153.51753,230.63799,314.98422,54.553825,229.59589,315.56354,99.238525,269.80923,322.8151,-97.69806,265.0145,333.63928,261.0164,275.434,392.7723,-61.15186,268.90228,404.9253,198.72893,230.61354,379.31152,163.79156,235.36925,389.27924,19.890223,219.87845,375.94098,181.05295,221.88054,384.53473,11.231997,221.38936,368.67615,183.24706,224.16013,378.35013,13.293537,226.02707,368.6892,175.37825,231.77354,378.68433,14.158774,323.79984,453.67795,-109.37729,300.1782,455.82172,108.966736,367.6733,561.4635,-187.17485,212.62836,469.4562,187.48608,480.32916,567.1699,-239.12871,234.48601,580.63525,224.21056,507.32166,557.4853,-243.37796,254.9281,597.64185,225.27351,482.28625,610.70166,-305.73825,189.56451,605.8377,220.65778
zancada_right
IMG_20241017_114147.jpg,zancada_right,357.31165,209.94777,-217.52231,361.42865,201.88646,-204.69453,364.47565,202.02803,-204.69843,367.09778,202.36348,-204.746,353.31738,202.03885,-203.31929,349.8461,202.11884,-203.33444,346.4704,202.40596,-203.37305,371.35596,206.32053,-124.44283,339.09808,206.61508,-117.42396,361.79227,218.85161,-186.0457,352.68222,218.54916,-184.28479,390.36877,244.22849,-90.66107,318.70792,246.10768,-83.13924,403.19095,299.64847,-179.04892,306.82565,295.61218,-170.02333,359.18726,261.98245,-283.39447,352.92337,260.72662,-273.35107,349.0798,251.96028,-304.33447,358.05173,252.53906,-299.85226,349.38342,247.21756,-283.1093,356.3937,247.57219,-277.40518,352.21072,250.38266,-275.23898,354.28085,251.6627,-265.98755,376.2588,334.9371,8.815036,334.31372,332.80768,-8.8603525,375.72345,388.0717,-40.99276,351.69415,381.84744,-172.08151,365.2016,376.7715,321.68994,349.22308,435.56458,16.170168,361.84732,375.70135,359.4204,348.8706,438.68982,34.884716,365.78317,402.35822,345.00876,354.77365,467.56485,-34.015614
zancada_right
IMG_20241017_114148.jpg,zancada_right,367.68356,219.90173,-243.81512,372.97028,212.2219,-231.05913,376.36423,212.36012,-231.0834,378.88467,212.63875,-231.1606,362.55753,212.21274,-230.29123,358.994,212.18924,-230.31383,355.36743,212.18724,-230.35791,382.57913,216.49666,-147.90689,351.157,215.48938,-144.40294,373.31555,229.91832,-210.95308,360.93933,230.59058,-210.17226,402.29965,257.40726,-117.09262,328.1498,255.9768,-108.60633,412.3184,306.00244,-205.25778,310.11163,300.43332,-210.3869,368.95837,277.33786,-315.0247,358.5634,269.262,-331.1504,355.7732,274.2284,-340.8676,365.81036,264.64532,-362.16293,355.18332,269.4992,-324.18503,366.48688,262.0223,-341.81516,358.8015,270.959,-308.7053,364.21463,264.7208,-325.35175,384.88934,348.3572,10.953358,343.32437,348.51114,-10.981755,387.52463,407.66678,-70.08199,357.77725,401.02383,-178.93219,364.11646,398.23825,303.74695,355.8065,447.94214,24.466967,364.87573,389.74664,342.87405,354.34647,451.7436,44.451694,370.37134,417.26932,328.01028,358.9369,476.1751,-25.939491
zancada_right
IMG_20241017_114149.jpg,zancada_right,215.91946,305.6673,89.01798,221.19174,296.4647,67.73464,222.734,296.12628,67.7486,224.44246,295.83664,67.72111,221.50914,296.13596,99.459946,222.98033,295.57675,99.47231,224.5595,295.09134,99.50939,237.11761,297.62247,17.114061,237.0686,297.08502,160.35281,221.64224,313.03787,72.16531,221.41196,312.85077,113.018166,247.50415,331.99783,-69.54131,255.24599,342.77948,253.26085,207.12538,390.17188,-16.730942,220.88535,402.31485,163.15675,206.50282,367.6747,213.41637,207.6198,370.51965,-11.590251,204.55685,361.87793,234.4583,203.34975,359.28464,-18.460926,213.25607,359.05115,233.71246,206.51231,355.2302,-8.017412,214.97548,360.33878,222.88327,209.52124,359.273,-12.234507,283.72018,460.01657,-107.48084,270.05368,460.40076,107.076324,307.80908,574.4453,-133.60812,182.38875,484.50952,110.159256,412.66498,570.9661,-147.61528,207.51492,583.1397,88.2078,433.81155,562.83386,-147.74515,222.87517,603.63104,83.457275,419.86475,610.1211,-168.54205,161.41298,604.5287,79.66047
zancada_right
IMG_20241017_114150.jpg,zancada_right,218.80377,303.82053,103.346115,223.94868,293.8596,82.231346,225.4383,293.53687,82.24463,227.15771,293.30106,82.218575,224.41801,293.50577,113.610374,225.90201,292.97275,113.62362,227.50162,292.56592,113.65428,239.66518,295.3666,31.613628,239.87105,294.74792,173.67467,224.75948,311.00565,86.615295,224.71548,310.73935,127.09496,248.42813,329.85526,-54.977722,263.10162,341.15152,262.78644,205.60031,384.2516,4.0198135,223.49867,398.39117,170.79778,208.19414,367.83664,231.71379,209.00606,370.97754,-4.855001,208.78404,362.67224,252.58748,205.16061,358.3562,-13.049536,216.45041,359.502,249.59496,208.61061,356.7012,-3.4665582,217.58026,360.952,239.98586,212.0479,358.30225,-6.1473246,281.8651,457.10214,-105.655685,275.58655,459.71832,105.19199,310.16446,573.5965,-130.48697,183.92311,482.91153,89.31437,415.35922,572.81836,-147.39812,206.79549,581.46625,59.388023,436.61398,564.1483,-148.14168,222.05545,603.0282,53.882156,419.3259,610.3724,-171.55907,161.2991,605.5663,43.827335
zancada_right
IMG_20241017_114150~2.jpg,zancada_right,217.98697,304.92902,120.94045,223.27037,294.43436,98.93901,224.38129,294.03476,98.9829,225.64761,293.69916,98.98675,224.01627,294.575,131.9758,225.50143,294.25507,131.97128,227.19167,294.00616,131.99225,237.87791,295.9976,40.86785,239.31638,295.9304,190.84914,221.97247,311.73306,101.26055,222.39212,312.29456,144.12898,244.579,327.69128,-47.92447,263.32004,341.76407,279.50168,199.61525,368.713,11.200575,224.92009,393.0503,231.42082,186.9154,351.40155,257.456,187.65575,364.47684,81.74816,182.0597,345.1165,277.05222,182.31604,357.01016,73.669785,189.7228,345.5653,278.078,184.30258,353.4878,73.7457,192.78996,348.49228,267.24884,186.60374,356.1937,76.17743,281.41296,458.51755,-106.25227,273.82925,461.64804,105.781784,308.24356,574.3952,-180.53369,182.84744,484.68842,135.56934,413.5738,571.4243,-207.42343,207.20079,586.0439,170.54564,437.53424,564.5917,-208.27458,222.85602,607.299,172.68723,417.41788,611.33813,-251.09183,160.30971,607.09515,167.02017
zancada_right
IMG_20241017_114151.jpg,zancada_right,217.23114,305.91925,117.42583,221.36885,296.18753,94.69531,222.42903,295.82376,94.72758,223.6823,295.49936,94.72503,222.64616,296.0685,126.00711,224.38724,295.65024,126.013504,226.2593,295.30707,126.04444,235.30301,297.14575,38.46634,237.97876,297.01785,180.82948,222.28377,313.04788,99.04825,223.31364,313.04044,139.74968,240.90211,330.62946,-43.36799,268.91895,342.2889,263.8631,194.4643,374.92252,13.490803,228.87794,400.5807,194.70622,198.55132,363.7039,232.33994,202.18684,372.44138,40.885387,200.89476,358.7275,249.51665,198.09088,362.09158,31.477018,205.83934,361.15234,244.00166,199.92102,358.73547,36.741055,207.1975,363.01202,238.48933,200.43114,359.7161,38.25737,276.23135,456.93445,-98.882866,279.89517,458.77975,98.46819,298.2817,547.78076,-131.59167,184.69846,483.3497,114.73416,415.83475,572.61774,-169.76291,208.10866,580.96454,108.46563,435.19226,564.79,-173.26572,223.78598,603.61786,105.47551,420.05344,610.42993,-209.88048,183.62085,615.0403,94.96028
zancada_right
IMG_20241017_114642.jpg,zancada_right,1093.2742,1666.0559,-138.53557,1100.1731,1612.6342,-267.3135,1105.775,1611.4535,-267.42407,1112.1063,1610.3411,-267.53424,1100.7804,1610.94,-98.781425,1106.6613,1608.1924,-98.55286,1113.0781,1605.1831,-98.36558,1186.5673,1612.453,-541.65015,1182.6537,1604.6742,220.19438,1127.8857,1700.3784,-226.82605,1126.6614,1698.6644,-8.063017,1337.6057,1828.6682,-921.86194,1372.1986,1792.3673,781.53876,1342.6467,2255.0273,-596.161,1391.4517,2137.2263,448.1063,1176.3196,2271.3,378.5317,1214.5996,2237.9277,-510.61307,1137.4307,2293.275,387.6465,1162.3162,2266.3604,-568.402,1131.1655,2240.5784,380.22986,1161.5627,2225.3218,-632.1794,1150.8124,2226.9148,411.42325,1177.516,2215.1367,-563.511,1641.0632,2450.4126,-521.21844,1570.9026,2392.158,518.90753,1930.4198,2962.0862,-827.57764,1088.5358,2385.9673,1176.4109,2476.5137,2882.8562,-563.5496,1142.8518,2854.9817,1288.0151,2584.6277,2830.3423,-523.3377,1220.7504,2944.9001,1291.1981,2529.3325,3073.4048,-556.16675,958.88025,3022.4443,1386.9697
zancada_right
IMG_20241017_114642_1.jpg,zancada_right,1170.0134,1615.6321,-254.3236,1178.178,1568.5619,-380.287,1183.8665,1566.6294,-380.4441,1189.8728,1564.6855,-380.5604,1176.6626,1566.5098,-198.56708,1181.0476,1563.2383,-198.36656,1185.8925,1559.4153,-198.20146,1262.8503,1563.8143,-676.8933,1257.3438,1558.6698,151.8801,1214.1553,1651.2418,-352.72595,1211.1963,1647.5908,-114.72029,1439.4976,1792.0918,-1054.9673,1441.1638,1758.3717,750.6795,1393.808,2237.4724,-786.49066,1412.3698,2107.1135,526.00934,1180.4683,2291.1091,151.6808,1223.0472,2222.4304,-340.4666,1148.5092,2285.984,122.269875,1169.4594,2248.1794,-377.9009,1143.9836,2226.6914,149.00674,1169.2649,2198.659,-487.87607,1157.4563,2216.68,192.77708,1181.9446,2187.2031,-409.45538,1673.666,2455.7568,-563.44434,1591.4397,2403.2441,561.52594,1948.0107,2958.4019,-902.8419,1102.9484,2400.9302,1291.5459,2486.3582,2864.5664,-503.11633,1160.2443,2872.639,1463.0884,2601.7002,2805.2822,-449.61646,1249.8715,2964.2554,1471.3577,2552.7344,3078.9165,-453.09628,958.10596,3025.858,1546.8911
zancada_right
IMG_20241017_114643.jpg,zancada_right,1207.4973,1581.2948,-275.5972,1221.5239,1531.4095,-400.73218,1226.9655,1530.6932,-400.8392,1232.7223,1530.0497,-400.90674,1221.0424,1528.8666,-215.65474,1226.4524,1526.2096,-215.4922,1232.458,1523.3579,-215.2966,1302.4391,1538.7476,-696.44324,1301.6868,1532.94,148.11008,1244.7421,1619.7388,-373.20422,1242.2114,1614.6255,-130.87508,1479.8137,1782.2303,-1071.5931,1463.3043,1746.9108,766.1869,1440.203,2195.6553,-804.24005,1435.4658,2084.5696,586.379,1206.9827,2240.382,178.11603,1232.2501,2171.1074,-266.40036,1158.5107,2237.3506,155.0845,1174.9344,2189.0645,-296.94583,1149.8042,2183.306,187.90068,1168.2949,2158.0664,-409.02414,1168.1101,2174.4756,225.94533,1185.8724,2150.9856,-334.34537,1697.8197,2433.2178,-565.72437,1603.3169,2376.3667,563.9044,1970.9708,2934.8887,-999.2016,1138.9772,2389.1711,1272.9785,2502.0994,2860.2192,-576.26404,1171.4376,2863.4133,1506.7603,2610.3418,2807.47,-520.56793,1257.0999,2960.241,1522.4406,2555.5854,3078.4705,-549.1912,967.9048,3010.3381,1586.5453
zancada_right
IMG_20241017_114645.jpg,zancada_right,419.90308,162.41275,-342.49088,420.08694,151.41002,-325.99857,421.99054,150.76315,-326.07346,423.871,150.03542,-326.15485,412.68906,151.9571,-341.2382,409.2396,151.844,-341.29987,405.7688,151.76894,-341.3767,416.19696,152.56633,-223.52309,387.2827,155.22842,-292.35535,419.8384,171.02237,-301.0086,412.60748,171.48775,-320.8843,433.8204,197.07379,-134.32472,342.5341,202.64894,-264.9663,428.6449,265.8997,-144.81258,354.55078,279.2703,-279.61267,394.96503,298.80148,-227.13393,410.16983,297.65,-310.8585,382.80786,308.90088,-257.03568,424.60193,304.97717,-344.20322,375.74033,298.79065,-259.34225,427.68256,295.94272,-340.9687,378.13132,293.9206,-230.78065,422.52585,291.80927,-309.22565,401.23495,290.06332,42.664455,357.47418,290.725,-42.573746,412.89948,325.74225,-17.481222,386.86768,330.68747,-323.34613,408.28674,382.45447,248.96825,384.68903,418.01587,-181.60744,399.91214,387.17593,272.54776,377.67972,427.66043,-170.03584,425.69675,417.794,211.03711,401.33926,454.33148,-275.33893
zancada_right
IMG_20241017_114646.jpg,zancada_right,172.91788,287.72443,-122.91183,177.02383,276.24628,-136.03119,179.70012,275.23657,-136.07542,182.41011,274.31628,-136.14351,172.25128,277.92877,-103.89102,171.72075,278.0916,-103.89423,171.29008,278.25638,-103.83764,196.07306,276.14438,-138.97006,184.28526,278.0463,7.423756,183.58688,295.09415,-121.61938,177.26172,296.44876,-79.74864,223.93552,325.6018,-202.12262,212.58473,325.6438,160.09814,199.84227,410.85477,-140.25313,199.20932,398.31985,130.46854,157.87428,421.91504,81.14013,156.422,413.35187,-54.362347,145.30411,423.82803,84.6199,143.4221,416.93353,-66.65273,145.29521,412.11462,85.29622,144.52611,408.60715,-86.110146,150.71425,410.54266,90.07808,149.92094,407.14017,-68.22503,263.00455,464.3976,-111.93266,239.23148,459.80774,111.562294,319.44452,569.2997,-197.50119,137.4637,455.39145,173.92488,433.72357,562.27716,-115.52407,135.13223,571.58,218.60327,456.01694,550.01215,-103.81586,152.79475,592.4847,221.81752,441.13535,605.8774,-123.72443,86.358765,599.7612,217.55739
zancada_right
IMG_20241017_114647.jpg,zancada_right,170.75565,287.23718,-120.34007,175.22456,275.93805,-130.10814,178.1503,275.2588,-130.1434,181.13882,274.7798,-130.2155,170.31271,277.67984,-100.57672,169.63002,278.15067,-100.57857,169.02194,278.57367,-100.52837,196.36877,278.38947,-121.06816,182.30418,279.29526,13.310636,180.23734,295.00443,-114.87555,173.78943,296.7902,-76.60557,223.21562,327.66498,-180.2584,202.61607,330.1378,163.89342,198.97116,412.27713,-118.72616,194.6203,404.10477,129.89114,154.59898,424.14532,94.04069,153.34923,416.27606,-62.714485,142.03911,424.4015,100.07139,139.50912,418.84393,-77.175644,142.60352,411.9728,99.13316,141.24266,409.9005,-94.75474,147.54007,410.78256,102.49848,146.53204,408.31485,-75.90362,261.52405,465.417,-107.02185,233.657,462.17035,106.61078,321.21658,571.0001,-198.2218,135.06311,455.51334,133.21483,433.12848,561.48816,-106.88303,135.9534,572.4694,160.09932,455.11588,549.31714,-93.89353,152.43686,594.49176,161.45833,439.79382,604.53046,-110.42713,87.378876,599.12775,151.07466
zancada_right
IMG_20241017_114648.jpg,zancada_right,163.9986,288.49768,-71.63772,168.539,277.18738,-91.162994,170.94069,276.76697,-91.18898,173.59628,276.3145,-91.227234,165.09308,277.98862,-57.02557,165.09808,278.05728,-57.02551,165.1259,278.06497,-56.98405,189.80278,279.50613,-124.46739,181.08694,279.9698,30.160847,171.92253,296.5576,-81.86472,168.04404,297.49127,-37.62201,217.20352,328.927,-197.84871,207.60078,329.9683,159.20325,196.3888,416.45654,-132.64616,198.24207,403.3474,117.40818,153.92354,424.08127,84.86951,154.40514,418.58832,-62.944088,142.24176,420.30875,89.35371,141.57442,418.17816,-75.453865,143.22386,409.7309,89.74771,141.9342,410.42105,-90.84802,147.5746,409.97473,93.20187,147.2632,409.9105,-75.09291,259.77155,466.13937,-109.95119,235.16254,461.78427,109.51656,319.59625,571.5731,-185.29025,134.26414,456.73837,183.0459,432.77475,560.75977,-91.08445,134.5475,570.1038,209.5053,454.91782,548.8621,-77.552765,151.2515,590.88855,210.94617,441.45685,604.5055,-84.67431,86.53439,598.17236,213.07442
zancada_right
IMG_20241017_114651.jpg,zancada_right,404.81555,196.03761,36.45328,401.94022,189.10912,23.53352,399.54306,188.54256,23.509594,397.15945,188.04271,23.511543,406.50198,189.87018,13.314179,407.25598,189.8708,13.29724,407.90125,189.88033,13.208405,390.1221,188.96275,-14.519367,402.97894,191.29901,-60.728912,398.4055,199.40335,28.33896,403.19965,200.7988,15.05336,345.30237,214.79666,-10.25355,413.94266,226.07764,-98.05828,331.47906,264.9021,43.039955,407.98392,280.5116,-56.07306,356.01404,270.9568,118.583176,393.3865,292.19492,34.474377,356.82208,276.18817,130.37119,390.51666,295.50616,41.539856,362.55646,271.27908,129.04536,388.17203,289.4953,44.93579,361.5715,270.79776,119.842415,387.51126,287.6307,37.957363,347.1062,319.74164,41.55107,382.58453,325.75482,-41.813652,366.10544,337.14822,274.03546,394.4745,379.46118,121.906815,369.72046,369.22757,331.72424,398.91504,429.88513,150.00626,366.8691,379.42264,339.01202,386.97147,449.1088,154.73712,379.26346,390.67203,353.752,407.2471,454.8825,152.72331
zancada_right
IMG_20241017_114652.jpg,zancada_right,374.86874,158.27684,69.94369,371.25983,152.08148,46.880787,368.82544,152.1066,46.86011,366.26398,152.249,46.86563,377.68503,152.25557,46.066956,379.68887,152.37999,46.044876,381.76917,152.63799,45.976,362.23825,157.04121,-17.492178,383.6894,157.95877,-23.0292,372.0835,164.81113,53.283733,378.45038,166.00894,51.52973,332.41614,196.05591,-34.724457,408.86835,200.52821,-58.762287,329.97998,254.3197,-63.114998,400.94803,255.76538,-72.914635,358.75677,275.56296,-89.8244,376.5936,266.90372,-80.27151,361.13785,283.57544,-102.88825,373.1932,272.3981,-91.23564,367.46362,281.53052,-101.88261,366.91855,267.94852,-94.209595,368.73233,278.5856,-91.235146,364.78476,265.10834,-83.36906,348.64636,306.61102,30.278236,386.84012,311.8673,-30.349533,354.28586,313.95172,294.25726,392.65634,372.41794,141.97435,365.56488,372.57242,475.57266,388.68054,440.0686,255.42943,366.13577,383.80823,495.60205,382.41345,449.12766,267.0875,369.53784,378.22272,495.8078,396.90656,460.48105,235.16182
zancada_right
IMG_20241017_115030.jpg,zancada_right,1361.2684,1638.2727,-706.1216,1395.2474,1597.5287,-799.62195,1402.7256,1598.5092,-799.927,1410.7728,1599.4698,-800.0692,1391.2783,1594.9117,-637.3391,1395.3455,1594.2242,-636.9209,1399.901,1593.2301,-636.79,1464.4316,1625.5223,-1027.2932,1454.6382,1616.0024,-282.1243,1381.36,1688.377,-781.91974,1375.8031,1684.4917,-567.13574,1567.0254,1875.2058,-1383.6582,1554.135,1847.1102,273.1367,1645.8086,2252.4343,-1548.1238,1636.582,2199.3677,433.7326,1578.8411,2593.2554,-1327.4105,1602.1306,2474.3884,161.04274,1587.7736,2686.4153,-1493.9423,1595.6711,2570.2205,138.44113,1543.9346,2692.2124,-1478.8912,1597.3563,2568.239,-16.51818,1538.7141,2665.7139,-1310.5144,1605.1696,2546.9429,85.036255,1709.6442,2524.6382,-493.7164,1655.0011,2492.8943,493.12613,2039.6844,2874.7068,-677.45154,1229.1373,2510.0974,910.2794,2533.306,2937.0552,-265.56024,1363.9819,2917.1416,1381.3046,2653.2666,2913.5706,-229.85486,1440.9752,2989.4302,1419.1964,2510.096,3120.3315,-514.5926,1189.0066,3052.243,1366.7253
zancada_right
IMG_20241017_115031.jpg,zancada_right,377.69656,122.53447,-262.48325,385.188,112.99288,-248.04749,388.45987,113.21298,-248.03622,391.18756,113.33386,-248.02112,372.30334,112.78808,-250.33348,368.24747,112.65023,-250.40598,365.05603,112.48275,-250.4936,395.60638,117.84419,-167.01457,360.34366,116.738976,-178.99345,384.50647,133.52515,-231.92107,369.0188,132.87215,-235.21883,420.00238,183.36485,-112.25923,327.8547,175.94182,-152.44409,424.98434,256.29306,-96.87504,318.04944,242.49902,-136.91966,421.98486,322.82852,-150.24731,310.59814,307.47122,-167.43126,422.86813,342.51593,-167.33446,307.24298,325.80432,-182.97165,416.80637,341.0229,-177.78596,310.6885,326.01904,-198.8252,414.88245,334.2823,-155.24571,313.39835,320.53485,-173.46442,393.57358,287.3577,25.309055,346.13803,282.48907,-25.627062,391.9947,358.75162,22.860455,360.93915,331.4263,-230.2083,375.2021,328.56198,337.356,357.28043,409.17578,-101.240616,372.79297,322.28366,369.79044,352.9159,418.9053,-89.407684,374.09714,350.53867,369.55432,367.2644,447.48434,-149.29773
zancada_right
IMG_20241017_115031_1.jpg,zancada_right,1362.3323,1656.1364,-666.5653,1397.4182,1615.2942,-754.9593,1405.0361,1616.2247,-755.1935,1413.8608,1616.9773,-755.3043,1392.5653,1611.8514,-595.9025,1395.9368,1610.6077,-595.5222,1400.0411,1608.8972,-595.39874,1476.014,1642.831,-975.09705,1461.4829,1631.6873,-246.57109,1383.0826,1702.6113,-741.45807,1375.5519,1698.0073,-531.511,1589.6714,1892.4138,-1329.9467,1545.7063,1868.5673,289.45706,1694.7198,2245.1692,-1515.0234,1621.477,2200.3616,429.96426,1604.202,2613.0803,-1300.4015,1594.1362,2479.7795,159.26445,1612.0964,2702.3918,-1461.4819,1577.8046,2578.069,140.1493,1561.5007,2710.5283,-1447.2794,1580.8536,2580.6511,-13.359928,1554.1719,2687.8184,-1284.4749,1589.7343,2558.9744,83.50638,1699.4161,2534.276,-477.62222,1633.2662,2501.2837,477.00772,2000.9988,2908.2732,-719.5238,1222.8776,2508.4592,917.9958,2518.383,2923.2874,-381.61832,1354.4757,2912.2935,1327.3217,2628.133,2897.5627,-351.54532,1425.7866,2994.5803,1358.6741,2505.79,3115.8723,-613.4801,1166.8411,3048.5708,1297.1742
zancada_right
IMG_20241017_115032.jpg,zancada_right,377.71057,141.39018,-293.50897,384.6222,132.14886,-278.6046,387.86713,132.22519,-278.60608,390.98312,132.31451,-278.6006,371.70273,131.37239,-281.18607,367.22583,131.07072,-281.257,364.23196,131.01433,-281.35,395.59653,136.20644,-188.38956,359.70352,135.2949,-201.91202,384.24966,152.38734,-258.82867,369.87543,151.79872,-262.66437,420.39957,198.5664,-118.999016,328.71664,193.27408,-164.50406,426.78485,268.58356,-97.100395,320.47998,257.129,-137.11076,426.87262,335.56418,-164.04567,313.9811,322.63583,-166.4595,427.6841,354.33472,-181.95235,310.10022,341.17096,-181.81122,422.12442,353.68448,-194.22533,314.24667,340.97464,-198.12068,420.1332,347.61462,-169.56839,316.93268,335.06616,-172.34258,394.79266,306.00018,33.523907,347.96747,302.3133,-33.88374,397.49088,373.48953,53.70718,365.19305,343.91568,-267.0599,381.39154,342.87592,403.96896,360.15305,419.00598,-118.14975,379.25146,335.2199,439.86932,356.5463,428.90195,-104.06663,384.08844,356.70215,436.21616,371.26395,458.36987,-169.16074
zancada_right
IMG_20241017_115032~2.jpg,zancada_right,379.1289,144.26036,-274.26627,386.0981,134.54128,-259.7675,389.46014,134.53888,-259.7699,392.63312,134.65646,-259.77338,373.43378,134.84912,-261.8817,368.9103,134.86687,-261.9622,364.87674,135.08044,-261.99222,396.54803,138.39105,-174.70201,358.88022,139.25523,-188.15202,385.121,155.92502,-241.9958,370.67773,156.30682,-245.67088,423.78207,202.59084,-129.11453,326.78717,195.26361,-147.38812,428.03598,269.58746,-112.22248,317.53955,261.5853,-126.5066,427.1588,340.75922,-172.74344,315.39917,326.81384,-162.53616,428.0693,359.8001,-187.92473,310.2108,345.23367,-177.62363,422.55844,359.58664,-202.161,315.20755,344.9017,-189.71803,420.79166,352.6537,-178.58102,318.19397,339.55185,-167.43234,398.10553,316.87674,19.904673,350.5886,309.66412,-20.128466,393.22995,372.888,13.969582,364.78442,346.37915,-247.36615,378.99326,339.44308,366.4986,360.63318,418.86365,-90.9191,377.4283,332.0747,403.86948,357.18542,429.445,-75.236176,381.39926,358.48596,425.63815,371.57422,462.27228,-118.94195
zancada_right
IMG_20241017_115033.jpg,zancada_right,370.10117,160.5149,-271.31128,376.9213,150.64398,-257.34674,380.5459,150.64816,-257.3328,382.9568,150.83995,-257.31836,364.17746,150.3445,-259.36584,359.9674,150.1704,-259.42935,357.19843,150.12239,-259.47263,387.71484,155.14557,-177.11803,351.86325,154.92198,-188.75749,377.22147,171.65935,-241.02054,361.6771,171.35718,-244.07227,414.40475,217.0149,-123.40417,322.42615,212.14865,-158.21992,420.52548,284.75726,-106.376305,312.55167,278.1846,-137.34444,421.64566,351.98434,-161.05688,309.39426,345.25424,-163.11533,423.93558,370.71677,-178.0635,303.46255,362.39798,-177.32352,418.55035,370.97803,-190.32336,309.78055,362.39694,-193.517,415.68094,364.7614,-166.7586,313.10272,356.27533,-169.64096,390.50198,321.9133,24.691542,344.3469,318.29816,-24.957848,391.86868,388.16357,85.32878,358.8704,357.409,-212.5679,376.54245,354.8353,383.54465,356.67343,435.86768,-92.16231,374.32175,349.206,414.59406,352.1056,444.25632,-81.02771,380.98618,374.4497,421.95032,364.72388,472.1462,-132.34274
zancada_right
IMG_20241017_115039.jpg,zancada_right,236.60724,316.3794,-77.403885,240.8186,307.2891,-97.94193,242.36633,306.899,-98.00128,244.08594,306.5705,-98.004486,240.10143,307.07553,-62.45951,241.0241,306.5415,-62.38725,242.08302,306.04886,-62.365273,258.1339,308.811,-151.39479,256.51538,308.35892,12.163255,244.3097,324.553,-95.56919,242.76938,324.1849,-48.415268,284.1666,350.20413,-246.49016,275.27386,354.74335,129.78035,293.1521,415.32904,-303.27682,279.75836,421.0957,165.23253,273.90848,485.0764,-267.01166,268.67505,474.19366,86.89734,272.94742,503.91327,-301.97903,262.52585,488.77478,84.01145,264.82394,502.85587,-295.15637,260.61124,488.8544,48.239258,264.62103,497.7059,-261.80582,262.48508,484.09396,68.8437,300.31046,490.63452,-112.02784,282.91592,487.84033,111.85059,362.00757,567.4083,-157.13905,192.95564,483.607,158.09637,466.82947,575.93396,-86.52783,213.0327,586.4243,225.94713,489.83237,568.8819,-81.080925,228.04851,604.7949,229.42995,459.50403,617.91125,-138.3393,168.56099,612.72235,214.03273
zancada_right
IMG_20241017_115934.jpg,zancada_right,409.02966,169.80516,-226.8984,404.0289,157.14043,-212.05339,404.25537,156.77538,-212.07663,404.40515,156.48268,-212.11508,398.43832,157.20395,-231.5732,394.5758,156.98811,-231.62407,390.10962,156.95772,-231.66162,389.8079,161.55658,-124.70195,368.0551,163.73318,-213.0701,406.30167,181.84332,-191.51942,399.4408,182.52744,-216.90466,422.39188,232.94249,-74.68993,308.4077,242.14658,-194.08733,425.96765,322.26328,-40.716835,291.63733,329.6239,-188.26025,423.63586,399.79782,-126.68667,302.78616,405.58932,-201.98141,427.4871,420.58893,-150.21417,302.64276,432.29214,-218.33504,420.60345,419.62854,-168.98912,311.62625,430.80853,-232.4455,417.2876,414.5704,-135.51768,314.9254,421.53168,-205.33522,389.78925,381.7194,40.102802,332.5601,378.8037,-40.28984,406.82257,505.85345,11.445812,354.89194,466.75958,-232.59537,378.72916,458.73904,387.5148,339.68723,561.07306,-135.00041,374.257,444.73206,427.41992,335.7013,572.0025,-126.28267,377.9154,486.13428,452.75143,345.81543,611.26086,-191.8139
zancada_right
IMG_20241017_115935.jpg,zancada_right,412.367,164.21925,-143.71283,408.87912,151.34839,-129.58167,409.47552,151.08797,-129.63637,409.90857,150.68292,-129.68015,402.62823,151.62633,-148.92052,398.62665,151.61949,-148.97127,394.39905,151.63083,-149.03362,393.1052,156.32573,-54.927086,373.82248,158.83015,-142.16096,410.9157,176.66783,-113.85282,402.4457,177.74251,-138.83342,423.73706,230.83275,-23.827688,308.54004,239.092,-136.57822,424.91284,320.93503,5.362032,293.1073,323.70905,-122.43761,418.86295,396.12637,-70.39735,301.10516,397.89157,-127.92102,421.33963,418.6161,-93.73527,301.69864,425.18225,-138.57393,414.608,418.38336,-109.51867,309.82568,424.95047,-157.73772,412.07632,412.34668,-78.088036,313.22922,415.85107,-133.37715,390.68082,381.11005,38.359062,333.84796,378.06058,-38.459,406.40182,505.9271,15.2811365,355.32578,469.47577,-183.35316,371.73477,459.8023,327.02356,339.21762,566.06067,-119.956154,364.85254,445.02206,359.97424,334.84634,575.6072,-115.14972,370.7865,485.56027,384.29657,345.9951,613.47363,-175.91338
zancada_right
IMG_20241017_115935~2.jpg,zancada_right,410.90146,168.98155,-212.77325,408.0757,155.60112,-199.80121,408.59778,155.1582,-199.81517,408.90298,154.74574,-199.83034,401.7907,155.62042,-218.7698,397.7893,155.3016,-218.80688,392.61005,155.0998,-218.86177,393.52554,157.75854,-118.06845,369.49884,159.54689,-204.72908,408.2778,180.76874,-178.88898,400.59915,181.72334,-203.87851,423.5245,229.31789,-75.33008,309.0156,235.17766,-180.83212,418.82886,322.24435,-38.25292,299.36115,319.82266,-167.89919,403.6975,401.3794,-123.55322,308.56137,396.81686,-181.04855,402.1063,423.22516,-147.0615,307.27173,420.61124,-198.40233,393.17188,421.26788,-164.24069,316.71347,420.96194,-210.93448,391.19714,415.24872,-130.92407,319.3588,412.6424,-184.05037,390.7713,380.67673,31.8637,331.68408,379.53436,-32.03763,402.65475,499.25458,18.94506,350.18173,477.7334,-174.9432,382.9516,468.30078,400.89832,339.51315,567.8876,-71.337616,379.62573,456.6073,441.22858,336.93344,578.0073,-62.51211,384.06854,496.29788,462.7561,344.2204,618.01843,-129.33107
zancada_right
IMG_20241017_115936.jpg,zancada_right,408.80392,176.78929,-208.0462,404.2051,164.29652,-194.33041,404.84442,163.70198,-194.36398,405.30826,163.01025,-194.40657,397.62967,164.78566,-211.0556,393.27145,164.73587,-211.13235,388.18704,164.88554,-211.21237,389.9854,167.18138,-115.327995,367.8382,170.83516,-189.65927,407.25928,188.52081,-176.20073,398.4182,189.75577,-197.57042,422.6396,239.97191,-73.81068,308.5245,247.96434,-176.74391,420.72937,332.35284,-45.540035,294.6251,336.1131,-163.34087,407.1434,411.48352,-113.18479,307.84915,412.03888,-176.82332,405.30075,434.20718,-135.70726,308.5988,436.33997,-189.8439,399.71112,430.5615,-149.61574,318.46304,434.97586,-207.40271,398.78595,423.3264,-119.55042,320.80502,426.7503,-181.4618,389.37723,389.6308,40.94622,332.55264,386.55768,-41.031475,408.85577,511.07077,7.2556753,352.99332,481.11734,-141.20505,369.29086,463.30966,264.82138,339.0118,576.5864,-85.846664,358.32166,455.47827,292.36972,334.94412,585.3902,-82.12738,361.86017,492.84644,318.34863,347.89285,627.0575,-139.06656
zancada_right
IMG_20241017_115937.jpg,zancada_right,1222.2545,1345.7241,-1210.2904,1233.3638,1293.9852,-1200.1503,1250.202,1289.7659,-1200.4917,1265.2987,1286.2747,-1200.8257,1183.7645,1307.797,-1103.4703,1170.6501,1313.369,-1103.2119,1159.6443,1319.1703,-1103.114,1289.0385,1306.405,-962.32874,1154.9618,1349.9513,-512.2533,1266.1375,1390.1943,-1112.5297,1211.3605,1405.7448,-983.8001,1413.8647,1561.06,-1221.3538,1243.0488,1611.9185,311.49182,1451.8182,1971.6744,-1348.9825,1336.566,1961.1874,562.51385,1333.8754,2315.009,-1309.0045,1274.215,2244.9724,61.837177,1315.0417,2408.717,-1466.2073,1246.2115,2351.7988,7.285201,1283.4011,2399.8357,-1502.6647,1238.4795,2344.6848,-168.01479,1284.2471,2376.08,-1308.0892,1253.9156,2321.289,-22.52638,1546.1144,2250.8252,-531.0182,1395.3584,2235.186,530.5426,1598.992,2865.8904,-952.0473,954.4093,2457.025,431.29504,2153.3047,2846.4968,-430.38544,1111.1716,2922.3652,934.97424,2273.8584,2824.8342,-386.42032,1202.7653,2999.4785,965.4294,2129.4521,3096.6616,-669.5608,900.6435,3057.351,834.60785
zancada_right
IMG_20241017_115937_1.jpg,zancada_right,1193.1891,1336.8872,-1138.8964,1209.6062,1284.1252,-1126.9381,1228.7026,1279.9657,-1127.253,1247.476,1276.3231,-1127.5621,1163.7681,1299.0315,-1026.7944,1153.3373,1303.9668,-1026.5436,1143.41,1308.5883,-1026.3595,1285.9175,1295.7686,-889.0928,1155.9747,1333.9263,-425.54752,1250.7985,1375.2281,-1043.5735,1189.5194,1392.06,-910.8964,1418.0411,1552.0231,-1175.8555,1251.8961,1595.0214,390.4696,1457.4352,1957.6149,-1288.7195,1354.6104,1939.7733,590.98553,1325.4402,2272.9905,-1166.525,1298.6271,2213.466,64.17441,1305.4,2369.805,-1304.9963,1275.6144,2312.9531,9.411744,1279.2438,2365.453,-1319.436,1272.2354,2300.1394,-154.53795,1281.826,2338.6382,-1154.9015,1279.3306,2275.6238,-17.376049,1566.3816,2240.8213,-536.3966,1413.8007,2231.226,535.71954,1600.5388,2843.38,-955.81915,976.7084,2459.5288,442.42062,2144.0342,2835.3098,-402.0826,1124.5371,2913.123,980.3593,2257.698,2811.526,-352.37152,1219.9341,3001.1685,1014.6161,2127.5054,3092.9646,-613.1993,888.15344,3042.1438,894.2009
zancada_right
IMG_20241017_115938.jpg,zancada_right,1077.656,1339.6013,-361.38217,1093.2075,1286.8982,-467.24814,1100.2769,1285.6683,-467.46912,1108.2677,1284.0159,-467.55365,1087.497,1285.3566,-299.3321,1090.3849,1283.1932,-299.00223,1093.6736,1280.7045,-299.09665,1185.1317,1289.1989,-750.01886,1165.9028,1288.2701,11.474028,1119.9792,1387.3524,-456.67026,1110.4474,1389.0581,-236.15082,1346.5553,1526.9326,-1171.6674,1309.253,1536.4163,561.8372,1441.7079,1930.6221,-1330.7996,1415.8124,1908.1469,712.2063,1333.6022,2277.5103,-1104.6696,1337.284,2208.5894,368.68555,1327.6914,2367.743,-1250.3883,1316.1001,2301.4116,355.21094,1294.2361,2360.6067,-1227.8943,1299.0901,2295.7742,205.06223,1293.4471,2336.6375,-1082.7117,1305.4889,2270.977,291.8353,1540.6038,2215.796,-514.7106,1441.9401,2202.5046,514.123,1623.1411,2821.5308,-694.33673,993.9694,2445.8423,601.1806,2166.1445,2856.2673,-241.5456,1123.5637,2897.437,980.83307,2282.566,2848.831,-200.59239,1227.6696,2985.7063,1006.0267,2108.7163,3115.3083,-403.21277,901.2003,3048.9792,960.7325
zancada_right
IMG_20241017_115940.jpg,zancada_right,224.69167,280.81345,-23.641533,228.66824,271.7933,-45.215607,230.17464,271.00644,-45.271732,231.85518,270.07584,-45.28123,227.58084,272.19525,-7.8423963,228.27237,271.68317,-7.7731533,229.10124,271.04642,-7.755336,246.59138,269.4146,-103.05334,243.20111,270.43832,67.83728,232.40587,286.42093,-42.880444,230.45291,286.8144,6.3662467,272.89993,306.54233,-213.86748,269.07196,317.8227,188.08229,289.15997,377.4007,-281.3885,280.7716,389.46844,222.55838,266.32446,442.3304,-247.06691,274.038,443.19485,136.89227,265.6834,464.2714,-280.26596,264.58765,465.036,131.66577,257.77023,463.94888,-272.69553,263.13385,464.4692,97.64411,257.56815,458.8557,-240.91489,264.93234,458.3066,118.69398,302.43408,450.67358,-121.219666,282.9799,450.56982,121.081955,316.28125,566.6836,-185.21922,188.57553,487.3919,50.29518,436.121,588.5842,-147.87544,202.72429,599.301,103.28838,460.8181,586.86676,-145.49693,217.51596,618.9023,105.43999,426.11072,639.39777,-218.4396,153.79214,626.33765,72.228386
zancada_right
IMG_20241017_115941.jpg,zancada_right,223.2133,280.11264,-44.81345,227.13876,269.9316,-67.330284,228.52324,269.10416,-67.377335,230.03053,268.3302,-67.378075,226.13654,270.24918,-29.066559,226.84155,269.61185,-28.987442,227.62392,269.0272,-28.952332,244.74692,268.27124,-126.48968,242.13982,268.8489,48.49878,231.79536,286.0713,-64.54466,230.24562,286.586,-14.062937,271.29324,306.45642,-236.73125,272.42163,318.1407,172.35971,288.19574,381.14038,-301.9994,283.46286,388.6924,205.97626,265.8063,447.59384,-266.9957,280.99072,445.70007,117.668724,264.0082,470.34668,-302.37006,273.51093,467.3324,113.59591,257.62317,469.66357,-293.0867,270.85754,466.74103,78.166466,258.05743,464.15854,-260.55194,271.707,460.9457,99.09909,300.57068,454.7669,-125.70208,281.9048,453.02377,125.56396,319.34756,570.48175,-177.87523,185.67047,488.36795,89.228035,438.51138,592.62445,-121.36351,199.47534,598.45447,151.20903,463.29602,588.5973,-116.87192,217.34892,618.31915,153.99754,428.90857,642.36383,-182.53056,149.81033,629.08093,128.29349
zancada_right
IMG_20241017_115958.jpg,zancada_right,379.3852,161.27895,-350.8031,385.94727,151.50484,-331.5294,389.92508,151.7739,-331.57233,392.6331,152.31859,-331.56006,372.9383,151.7319,-331.7458,368.06964,152.21353,-331.7812,363.755,152.81401,-331.88315,398.32425,158.76447,-213.17148,358.74677,159.4506,-216.44774,387.3228,175.00296,-306.29037,372.16727,175.36305,-307.02374,432.03452,229.82266,-129.74178,322.8936,230.88084,-145.28397,448.6204,304.4185,-131.43858,300.9778,301.92783,-133.4203,427.69278,344.5788,-293.53622,334.35165,346.81866,-260.94632,415.24844,362.0244,-330.64603,341.0813,365.5473,-300.16153,410.07312,351.17114,-350.11734,348.03052,357.19156,-307.32956,412.01212,346.69226,-302.51425,347.1246,350.7411,-264.90762,403.6626,364.31067,18.890497,348.05432,360.26532,-19.15159,407.99557,464.01172,94.511734,351.6397,433.72623,-183.49103,395.2307,420.23456,520.10956,354.815,518.4151,-19.295715,395.80243,420.05115,562.90094,355.05338,526.3311,-5.2966123,394.39664,457.2124,536.6673,351.19366,560.29,-104.87544
zancada_right
IMG_20241017_115958_1.jpg,zancada_right,1061.7728,1469.485,-474.5477,1101.4027,1432.3595,-567.1997,1110.1412,1432.3173,-567.528,1119.5275,1432.684,-567.9049,1094.8579,1431.9133,-417.87485,1098.6389,1431.6538,-417.49823,1102.8431,1431.0994,-417.24637,1180.1987,1466.6351,-760.76843,1162.0719,1460.0518,-81.965256,1082.3615,1528.7638,-535.78253,1073.464,1522.9274,-341.04767,1294.7302,1727.1019,-1080.1201,1253.3643,1735.2872,491.5649,1467.5227,2117.737,-1040.1586,1378.2168,2074.6162,622.5323,1161.7758,2250.576,-469.71997,1188.4701,2215.3914,370.22382,1096.1962,2307.8958,-546.9692,1113.0015,2261.1238,361.63696,1068.1593,2269.2527,-473.09128,1094.2256,2235.9392,241.79254,1089.5497,2251.1846,-419.88968,1121.0636,2220.191,308.06293,1461.6693,2405.6716,-550.67755,1365.7466,2368.3782,550.30115,1561.108,2976.1484,-746.62146,879.71625,2482.7126,510.9166,2136.632,2948.4072,-101.62603,1094.3298,2958.3994,791.4632,2249.4424,2904.5159,-25.930796,1197.6829,3029.2239,814.0771,2162.1084,3164.2417,-145.65938,928.2591,3114.5764,777.0457
zancada_right
IMG_20241017_115959.jpg,zancada_right,386.27536,174.26843,-365.45917,393.3513,163.83614,-346.24188,397.48734,163.92526,-346.2681,400.37494,164.25847,-346.25946,379.98987,164.34161,-347.2478,375.20975,164.92047,-347.32877,371.27448,165.5991,-347.4296,406.5029,170.17328,-228.58116,366.60486,170.91664,-235.05466,394.4042,186.9252,-320.9317,379.37537,187.87384,-322.61917,440.91623,243.19382,-133.90427,330.14148,239.52406,-173.40935,451.79025,316.17337,-112.15519,305.84564,309.99445,-170.11978,431.9477,359.0991,-244.64133,338.9229,355.3928,-291.1075,420.54156,377.0797,-276.6904,347.80557,374.1342,-330.74194,415.77106,365.17273,-297.55136,354.06738,365.37442,-335.8066,417.48175,360.61798,-253.95694,352.32138,359.19516,-294.00018,407.01407,368.79343,24.450502,351.16547,364.06546,-24.655043,408.05603,465.19556,68.7583,357.53033,433.04895,-238.52144,396.97098,429.2798,479.65625,361.70883,520.21765,-80.63399,396.50113,423.5066,520.07996,364.42313,527.788,-67.02194,395.0452,461.06107,495.26205,354.4323,563.94653,-166.40439
zancada_right
IMG_20241017_115959~2.jpg,zancada_right,400.06418,181.16196,-294.4351,407.11035,170.6319,-279.61417,410.68655,170.7259,-279.59042,414.10626,171.22673,-279.56198,393.92218,170.7949,-280.99014,389.14432,171.26154,-281.0666,384.8644,171.72688,-281.12677,419.6884,176.8507,-186.43893,379.8903,176.73154,-194.27826,407.58612,193.41852,-258.5641,392.26788,194.18379,-260.59378,450.66327,246.8794,-107.340225,340.45938,242.38306,-155.05069,457.0564,320.09097,-72.217354,313.23462,311.68607,-142.90013,438.88202,371.55203,-161.53671,347.8378,359.813,-212.43593,433.21518,391.04358,-185.17548,355.99368,377.15872,-238.80412,425.716,383.0454,-201.90556,363.881,368.81064,-242.22989,425.08804,377.04062,-168.2835,362.30112,362.9352,-212.92354,416.6691,366.90918,27.193619,360.58502,362.41653,-27.423594,418.1352,469.60657,59.90305,366.2355,434.9081,-191.2173,411.47446,429.75946,391.47025,368.91962,526.0289,-96.158875,409.6935,419.86063,425.19394,370.92792,534.70557,-87.70081,407.21732,458.69818,428.5579,366.02887,569.5426,-155.01607
zancada_right
IMG_20241017_120000.jpg,zancada_right,393.94318,145.51956,-369.20688,400.44965,135.90756,-351.96545,404.3717,136.14142,-351.91376,407.6365,136.38423,-351.83478,386.34647,136.53229,-354.05035,381.3098,137.25888,-354.0734,377.31653,138.02914,-354.16248,415.02374,144.81639,-245.73341,371.50058,146.69286,-259.64856,403.05475,160.5878,-329.20013,384.6324,160.37299,-333.05295,449.17224,221.6026,-163.93526,339.52423,217.97676,-206.89322,456.23242,301.39255,-109.877495,324.94257,295.40875,-192.71405,447.27167,370.8732,-179.68561,355.71753,354.55655,-256.82712,449.93167,393.92285,-203.69159,361.35214,375.1846,-284.8872,439.99463,391.22882,-225.26619,370.3324,368.3406,-296.25577,436.479,385.51443,-187.86226,370.05267,361.80753,-260.68295,421.23474,355.53064,19.357353,367.04266,356.1555,-19.773983,420.5334,449.27283,146.8245,370.60706,445.73737,-83.38563,417.81842,447.19183,551.9952,374.36716,531.5901,56.695023,411.49927,444.52252,591.83386,375.68765,539.5595,67.54662,423.7719,478.46243,561.3679,371.1711,572.75543,-32.126972
zancada_right
IMG_20241017_120001.jpg,zancada_right,219.20334,293.8849,15.35239,223.67589,286.14453,0.5360469,225.08958,286.20856,0.4522743,226.77855,286.30188,0.3695013,223.25464,286.10437,35.081104,224.17342,286.13766,35.16952,225.30516,286.17154,35.203365,239.6813,291.496,-34.68546,237.23769,291.0983,123.22911,223.50737,302.43948,3.1174645,222.83678,301.83694,48.390205,265.88208,329.84756,-131.57443,255.15776,337.6711,235.84929,297.14517,396.49887,-181.06184,266.3334,411.688,249.35483,234.89685,434.9669,-125.23922,238.85497,445.4173,131.11389,222.27753,448.35385,-149.40456,226.30298,458.27795,122.10582,215.47859,444.056,-133.71277,223.21072,453.04007,94.00774,220.09119,440.83047,-114.829926,226.92046,450.47064,114.60968,299.99454,464.98517,-121.74285,275.22815,462.86917,121.577675,309.11914,580.6692,-199.96872,176.32295,487.0934,69.81281,435.45422,594.2509,-142.10622,205.29231,605.8967,86.8063,459.57587,587.2629,-136.35876,223.0379,627.66516,85.18952,440.50885,642.2368,-195.97307,163.37119,634.60675,50.17638
zancada_right
IMG_20241017_120023.jpg,zancada_right,370.25787,206.5379,-286.29837,377.1785,197.58908,-272.0963,381.4081,197.6817,-272.08902,384.72,197.929,-272.08762,362.58826,198.08699,-271.93942,358.4752,198.54706,-272.01572,355.3391,199.02252,-272.1148,391.80264,203.69789,-190.94427,351.83722,206.24538,-191.7581,379.7809,218.40488,-255.57637,362.50327,218.7216,-255.63264,423.85898,266.5424,-137.5618,326.4879,269.87073,-158.57451,430.46906,342.0161,-122.97678,312.38818,346.4946,-146.38766,419.94672,416.13098,-167.4742,315.1516,416.3006,-182.56374,419.7484,435.68365,-186.4037,313.70575,436.8497,-199.28627,412.90646,434.46756,-196.48022,318.82974,436.69714,-211.97449,411.24667,428.84332,-171.04945,321.03537,429.38724,-187.07721,398.86395,387.00412,16.251703,348.08594,380.5067,-16.566072,396.3228,477.49017,10.612522,356.06494,439.50354,-272.29337,378.7248,457.26047,356.86777,355.77805,517.06714,-149.02943,373.81976,459.4617,392.35748,355.43933,522.2485,-137.72891,372.39673,485.74316,377.5517,359.7044,556.08185,-214.92723
zancada_right
IMG_20241017_120023_1.jpg,zancada_right,1327.1531,1543.1211,-212.55241,1351.2042,1499.8102,-289.13318,1358.3705,1500.5277,-289.0635,1366.1285,1500.8304,-289.0672,1349.9474,1498.4395,-133.37495,1355.7568,1498.1359,-133.15495,1362.4257,1496.9583,-133.41412,1439.7688,1524.2054,-519.2317,1438.8245,1514.1144,166.834,1360.0004,1597.4426,-284.0946,1357.8018,1595.999,-85.0458,1538.1344,1772.0513,-999.1098,1627.5326,1765.6115,709.97394,1542.8268,2216.7334,-1156.2307,1682.4026,2186.3228,772.55444,1475.3455,2604.2751,-895.54443,1567.2911,2472.0608,438.90265,1481.9291,2705.2007,-1039.5177,1544.6946,2587.016,389.91724,1435.7853,2706.9663,-1011.16327,1536.1453,2589.1973,271.8779,1428.1934,2681.8767,-868.29956,1554.8044,2566.1643,368.81406,1602.6726,2497.9453,-533.93304,1678.2456,2475.0295,532.79004,1101.4955,2588.7988,-247.18355,1729.093,3011.6936,568.9153,1312.439,3048.9893,612.24506,2296.256,3038.749,873.13666,1400.2555,3102.68,690.9956,2427.5303,2970.5247,907.11945,1088.0742,3170.1018,671.7143,2335.5178,3226.6414,863.9441
zancada_right
IMG_20241017_120024.jpg,zancada_right,280.84753,297.2636,-39.523308,286.48,288.41483,-62.865746,287.98785,288.5647,-62.89886,289.55606,288.67715,-62.925667,285.88895,288.15942,-23.215601,286.87302,288.1007,-23.116753,287.97723,287.97232,-23.13167,301.8607,291.99753,-129.6233,300.47104,290.72748,52.709206,286.43182,307.22412,-61.897404,285.5548,306.77414,-9.185891,327.35306,332.64133,-240.75272,327.3724,339.3732,175.94461,322.43265,409.92548,-304.74908,328.35266,411.8354,228.25014,307.54657,488.3053,-283.9076,314.41745,470.12457,188.06306,309.60345,511.80945,-325.58392,314.60382,491.71176,191.86317,299.98422,513.14343,-316.15106,314.1894,491.12573,157.04881,298.95776,507.2592,-278.3132,315.18628,486.13245,171.2075,336.96698,478.12418,-130.77603,327.76962,479.93674,130.68707,353.36908,599.1357,-207.98431,225.18832,499.06955,100.66555,475.24155,602.91425,-87.78763,253.40556,609.7641,209.05098,494.44693,597.63916,-75.50843,265.48602,634.0132,217.78014,481.08237,647.7721,-116.326614,207.7256,639.5936,197.82025
zancada_right
IMG_20241017_120024_1.jpg,zancada_right,1318.6276,1551.5745,-175.85326,1344.365,1508.1243,-255.73549,1351.9897,1509.6414,-255.74026,1360.9498,1510.466,-255.8031,1343.7074,1505.7103,-97.85689,1349.8369,1505.6099,-97.60686,1357.0255,1504.5256,-97.8284,1429.6094,1533.1356,-497.37234,1425.5283,1521.8513,199.89478,1347.6738,1610.1642,-250.79195,1345.3712,1607.9044,-48.616,1524.4031,1777.4506,-1002.071,1611.529,1775.1188,751.58984,1531.0376,2214.6318,-1202.7682,1671.7063,2171.528,830.74506,1460.4276,2612.1802,-967.0429,1560.3549,2476.9287,505.21893,1467.4625,2709.1458,-1114.562,1525.6094,2543.7483,464.26505,1425.3053,2710.6907,-1078.1215,1510.685,2545.864,344.15186,1418.24,2685.0117,-937.3088,1526.6781,2526.8628,434.14606,1586.8315,2516.4275,-546.7053,1664.4192,2495.6245,545.6659,1096.3727,2615.001,-236.74194,1721.9835,3015.466,550.16644,1312.2318,3058.182,649.0321,2303.0933,3047.7256,842.07605,1400.7019,3118.4895,729.81104,2422.506,2973.5857,874.20557,1078.9209,3181.9236,713.0466,2341.7942,3233.9854,828.1624
zancada_right
IMG_20241017_120024~2.jpg,zancada_right,371.78345,218.24637,-234.81253,378.80756,208.88814,-220.56696,383.65295,209.005,-220.56798,387.32507,209.2935,-220.55634,364.45444,209.44019,-219.77165,360.6617,209.83083,-219.84102,356.9381,210.23698,-219.92479,393.8899,214.70456,-145.0965,354.41394,217.82036,-142.58234,382.38928,230.47452,-206.73206,364.843,230.31062,-205.8074,426.84418,274.54358,-104.345604,329.2929,281.8611,-117.68999,435.04968,352.41983,-93.37954,317.98987,359.96454,-110.210556,424.48566,427.5035,-140.57845,320.68457,430.13077,-151.83968,424.0366,448.1146,-160.10275,319.07336,449.8927,-169.16377,416.89136,447.27603,-169.71297,324.28094,449.95648,-182.43446,415.29776,441.30753,-144.32785,326.1315,443.01343,-156.95479,404.41562,401.70245,9.165734,352.79,397.09436,-9.347133,398.56128,482.66144,-12.264608,361.59088,446.97202,-270.13705,383.7499,467.04413,307.50693,364.3453,523.6592,-155.05165,380.26764,472.41644,339.7431,365.9984,529.8297,-144.26099,379.36383,494.9488,324.84067,366.0404,563.74475,-210.04819
zancada_right
IMG_20241017_120027.jpg,zancada_right,272.78497,301.77997,-1.9766375,277.6143,292.63153,-24.328749,279.17023,292.48587,-24.365969,280.84903,292.29407,-24.392706,277.24304,292.65652,14.136512,278.4082,292.46872,14.233305,279.6822,292.18256,14.230279,294.08374,295.0761,-90.602875,292.81824,294.26126,86.03668,279.07083,310.0947,-24.173424,278.3788,309.8082,26.818892,318.51962,331.69672,-205.64755,320.4575,339.26813,199.53734,313.89023,406.55527,-272.63745,328.46127,410.6024,242.28798,299.69705,486.82834,-244.50883,317.04282,478.25717,189.7978,301.57718,509.4915,-281.074,315.9133,493.57724,191.46494,292.1242,511.22083,-270.0719,315.12057,492.61694,159.5015,291.765,504.74292,-237.74187,316.0096,487.35248,173.56815,331.339,477.5485,-126.42304,324.9656,478.51984,126.26887,350.27063,595.67944,-196.69255,223.60875,503.63803,79.28828,474.19092,603.7104,-116.83044,254.92049,613.566,172.01353,497.60492,597.18616,-108.58077,270.942,631.9483,179.34088,477.9712,650.2802,-158.06177,207.28452,639.7141,156.87283
zancada_right
IMG_20241017_120027~2.jpg,zancada_right,273.98657,302.86765,5.909149,278.8532,293.20984,-13.992269,280.5616,292.99026,-14.001106,282.37802,292.7146,-14.005917,277.95395,293.35355,21.36854,278.9444,293.17697,21.4423,280.05792,292.89288,21.427935,295.5935,295.38852,-68.85754,293.42743,294.70642,90.516945,280.3271,310.95386,-11.324311,279.093,310.8316,34.80679,317.92575,332.32568,-182.68549,321.77893,340.09076,202.43185,312.34198,406.93234,-239.65778,330.67316,411.5355,226.27487,295.957,486.41476,-197.65038,317.3201,478.1568,160.29962,296.74304,508.85864,-229.73035,314.63104,493.92453,154.9474,287.48233,511.046,-220.96635,314.78516,492.11487,126.97334,287.46277,504.52307,-191.32484,316.1646,487.12195,144.6984,329.5392,478.52512,-124.10783,327.97705,479.42184,123.9783,280.42917,559.90875,-139.39293,286.55194,549.05634,90.9071,368.71228,614.8554,-74.33435,345.5494,608.06635,136.4107,393.03503,615.0397,-68.72487,360.55872,610.9599,139.79736,345.67468,655.5637,-107.29491,344.55298,643.4931,122.2125
zancada_right
IMG_20241017_120028.jpg,zancada_right,278.61502,300.3809,-2.3002973,283.73343,291.9662,-20.271336,285.5504,291.82755,-20.254154,287.52692,291.66446,-20.26785,282.08368,292.37314,13.151152,282.67456,292.49155,13.2148695,283.39728,292.5312,13.190636,300.4679,295.08542,-66.21888,296.5808,294.45547,82.38893,284.895,309.86996,-15.900467,282.96426,310.2137,27.237131,323.16113,334.1884,-175.4578,322.82864,342.41434,195.92189,317.66348,410.2022,-225.80618,330.22327,412.92273,212.59659,294.9987,488.2185,-187.89859,319.49963,479.1958,139.16496,294.68546,509.6242,-222.18367,316.42963,493.8002,129.18517,284.28348,511.2652,-212.51495,317.18628,491.95895,104.093895,284.4717,505.29523,-181.40643,319.17642,487.51184,124.30323,329.03082,480.12595,-119.933365,329.3898,481.16336,119.76553,244.63268,544.32214,-102.544106,330.63034,564.9452,109.82583,264.13214,612.80676,6.8059697,422.77637,600.4003,193.00723,314.13943,631.35913,17.43519,439.74185,596.7589,201.7501,251.21912,665.70526,-7.053548,434.9501,636.01666,190.52614
zancada_right
IMG_20241017_120033.jpg,zancada_right,417.979,233.52763,-198.01251,423.295,223.8433,-189.9743,425.8947,223.54878,-189.9718,428.3567,223.22978,-189.98546,412.46753,223.76266,-192.05048,408.5184,223.33879,-192.10423,405.32556,223.09418,-192.1534,431.739,224.73183,-124.92692,400.76465,225.15942,-134.93442,423.0875,242.12965,-171.06131,410.90747,241.98709,-173.92201,455.79202,271.89474,-76.709885,370.51614,268.51056,-102.33627,466.5896,335.2413,-42.74205,349.48016,326.9734,-87.06391,465.51382,389.95514,-86.22215,364.82617,372.83945,-120.74009,464.61456,407.8925,-98.20763,367.9732,389.42,-133.10416,460.17664,406.22913,-112.0985,374.1125,384.09952,-139.79497,458.58737,401.6131,-91.45398,374.64212,379.20105,-122.308784,430.71594,382.4307,8.733738,386.6309,377.40656,-8.868308,428.30246,464.10266,-12.142095,389.33264,434.76697,-133.04144,420.26877,427.1685,244.49753,395.04562,484.22177,-20.618998,420.9201,425.28497,271.83044,398.2002,492.1886,-8.458294,412.76056,453.93735,280.58133,392.49918,513.3422,-41.189537
zancada_right
IMG_20241017_120034.jpg,zancada_right,412.97238,242.97295,-228.85077,418.04016,234.1675,-218.32442,420.82367,234.21739,-218.32733,423.42685,234.35785,-218.337,408.21765,233.6534,-221.10466,404.06915,233.34233,-221.16658,400.6173,233.1279,-221.19687,426.36774,236.34991,-145.37799,394.71466,234.87553,-160.2492,417.05762,251.3577,-199.7632,404.724,250.88419,-204.01668,447.75992,281.14496,-98.261375,361.93527,279.76407,-122.758675,460.0614,344.48358,-66.168076,342.42844,338.41217,-111.41305,456.64145,399.7498,-115.1916,351.74902,391.38223,-153.79109,456.41156,416.55188,-130.59554,353.84598,406.93417,-169.54034,451.5101,415.25232,-145.22084,360.03687,402.84027,-178.13593,449.57617,409.10892,-120.65085,361.26816,398.4321,-156.36412,425.09253,394.92883,10.374572,380.4671,389.8802,-10.5613,423.18994,474.58557,12.121433,384.8009,438.28162,-161.47469,411.01944,450.44638,315.84354,388.18585,487.949,-30.00605,408.2522,434.93423,348.54514,388.8425,492.6459,-15.521571,404.084,460.72473,360.7681,386.87555,517.43396,-49.675167
zancada_right
IMG_20241017_120034~2.jpg,zancada_right,413.69315,245.85869,-218.65184,419.4477,236.67227,-210.00903,422.17462,236.67056,-210.00978,424.51608,236.78233,-210.01767,409.1491,236.32425,-212.13918,405.19778,236.03387,-212.19855,401.73846,235.76492,-212.2268,427.63956,238.70497,-141.41206,397.2946,237.56296,-152.99815,418.56622,254.3801,-190.49525,405.89844,253.75958,-193.80528,450.14694,283.7596,-95.97208,364.2451,280.273,-113.261284,459.81934,346.2444,-62.91131,343.31973,340.16992,-96.07238,459.18466,401.05807,-109.652245,348.30734,394.3562,-135.05815,459.04068,418.9743,-123.839455,347.8584,410.9386,-148.56462,454.12112,417.77863,-138.75827,353.30365,408.77692,-158.47095,452.06705,411.42197,-115.092545,355.1472,403.5882,-138.14886,426.29245,397.20084,8.996889,382.19113,391.74554,-9.167154,425.5004,476.30045,3.8552778,385.73492,440.9839,-151.20607,410.46042,442.9653,290.32953,388.05325,491.7406,-32.513996,409.98062,442.4131,321.22742,387.98386,496.7777,-19.416832,404.95132,463.9229,331.92426,387.44174,520.71204,-54.862392
zancada_right
IMG_20241017_120035.jpg,zancada_right,344.30423,329.64978,5.8478184,348.79968,320.63312,-7.1238127,351.26367,319.97305,-7.156211,353.92795,319.33054,-7.19278,345.88416,321.2592,21.791296,346.08636,321.0288,21.857244,346.38315,320.75995,21.849663,368.9821,322.21365,-39.784557,361.2063,323.1106,92.99538,353.00656,337.10168,-5.599581,349.10977,337.5695,32.8339,406.38138,356.54453,-129.73111,382.68573,378.7679,190.16144,442.6668,414.30045,-202.61075,392.28345,446.10547,234.7517,429.6538,488.59247,-228.69748,349.8257,485.13953,163.70853,435.58313,509.48114,-262.03717,337.9171,491.86264,160.35683,422.81363,510.93173,-262.68958,335.48322,489.49133,129.02971,419.5125,505.62772,-227.69063,339.3831,487.43008,147.13774,432.43045,498.42688,-98.124084,402.93112,497.62048,97.99264,460.77664,617.1992,-220.02487,318.86444,528.8902,101.823135,576.4571,606.95746,-159.45467,393.46936,615.10486,193.0111,589.70087,593.11145,-153.51451,418.4972,629.5398,199.83276,590.4268,643.1098,-197.93063,364.0772,646.8556,189.2289
zancada_right
IMG_20241017_120035_1.jpg,zancada_right,1708.2074,1657.0615,-641.99335,1727.2922,1602.7765,-733.22955,1738.2325,1599.7455,-733.33167,1749.5997,1597.0251,-733.33813,1714.2311,1605.3652,-581.8269,1714.8734,1604.2197,-581.4978,1715.5239,1602.6786,-581.5111,1828.6396,1604.9985,-926.5098,1788.9363,1606.5249,-232.6265,1746.5835,1694.5444,-702.6971,1729.5723,1697.9556,-501.76486,2023.4219,1807.8158,-1262.6205,1913.4133,1853.0525,348.1438,2164.0146,2193.1174,-1460.1349,1971.0311,2202.4004,662.8567,2078.3425,2560.715,-1374.0974,1835.406,2405.521,409.52338,2085.908,2656.0374,-1532.3942,1782.009,2503.3271,403.99973,2027.9303,2660.6335,-1545.7448,1753.9108,2469.6475,239.78305,2014.0898,2637.1948,-1365.6279,1788.5449,2454.6833,330.11682,2132.3992,2516.23,-495.48044,2004.9603,2486.6924,495.33136,2200.9402,3054.3818,-895.6366,1601.0374,2616.8154,951.6016,2794.5513,2969.3555,-639.28955,1960.4115,2995.9854,1364.02,2900.4424,2900.2983,-617.10895,2049.1907,3054.506,1397.2062,2846.166,3188.0212,-808.14056,1759.8916,3128.4294,1421.1012
zancada_right
IMG_20241017_120036.jpg,zancada_right,346.92825,329.97714,-17.059904,350.85663,321.47037,-33.40007,352.7516,320.89587,-33.427692,354.9215,320.30328,-33.46124,348.75226,321.7966,-3.1563637,349.04312,321.4791,-3.0863838,349.3892,321.1457,-3.1094913,370.64072,322.1744,-72.441925,364.59442,322.64954,66.12671,355.28543,337.34818,-29.873537,352.50992,337.9671,10.32334,409.11505,354.7243,-159.98126,386.86713,376.31268,167.19789,441.575,413.32312,-228.40672,400.9598,440.82242,201.77376,426.1518,488.05704,-233.20305,373.70013,491.37546,128.63441,431.07382,509.03152,-267.27872,366.35986,506.41257,125.24192,417.95184,510.18115,-265.87,360.83514,501.5703,92.883194,415.51752,504.5042,-230.68645,368.56598,499.3164,111.80429,436.34457,495.71027,-97.97876,410.0045,498.71954,97.92081,461.20245,618.31256,-218.0809,322.05356,527.2869,149.84851,579.6991,601.11975,-172.88289,393.8128,615.6696,243.79482,590.9737,590.19806,-169.00882,414.7534,625.4205,250.57892,600.44226,627.13983,-211.40436,361.33328,645.1204,246.42899
zancada_right
IMG_20241017_120037.jpg,zancada_right,352.12363,331.7994,-10.415366,356.5186,322.83853,-26.567373,358.81552,322.32455,-26.598843,361.32623,321.77515,-26.629286,354.0286,323.3483,3.6134021,354.2563,323.20792,3.683863,354.5526,322.95566,3.6642785,376.62936,323.8254,-66.73174,369.6825,324.65195,71.89919,360.51794,339.36838,-23.735968,357.03665,339.75616,16.48368,412.05038,357.8023,-156.38844,392.66785,373.63635,170.32587,444.45755,414.215,-224.79034,400.1323,439.93634,202.31697,428.58594,487.48532,-228.18523,382.8604,491.70734,129.98027,432.4596,508.36536,-261.8991,371.15952,510.56705,127.416,420.19644,509.34296,-258.8877,369.91614,510.16974,94.71517,418.28137,504.73117,-225.16353,373.48474,503.54578,112.96362,435.14853,498.56226,-98.79818,410.75607,499.3326,98.736435,461.58273,619.4102,-213.41243,322.689,527.7301,135.52974,577.7136,602.7134,-151.41026,395.43542,618.6863,222.61954,590.2333,593.3977,-145.75504,414.0298,624.594,228.76543,600.119,625.5568,-183.8218,360.89587,649.3595,224.20204
zancada_right
IMG_20241017_120044_1.jpg,zancada_right,1437.2533,1661.5818,-1122.7727,1455.1925,1600.0862,-1147.6691,1472.9125,1591.3446,-1147.7898,1491.9556,1583.2402,-1147.9382,1424.8356,1613.0166,-1034.6738,1419.3406,1615.0581,-1034.6592,1413.4026,1616.7234,-1034.5735,1561.9962,1584.7987,-1092.3778,1472.0415,1612.0391,-576.6226,1500.9344,1698.0016,-1093.6901,1466.2507,1711.8094,-944.8057,1767.5153,1775.9283,-1367.5496,1644.5536,1838.9795,91.943825,1934.8398,2161.222,-1468.1523,1736.6835,2168.2424,369.96246,1851.874,2546.538,-1211.2445,1682.375,2460.6467,64.595604,1865.6173,2649.8635,-1306.2068,1657.9443,2556.0425,37.285355,1807.2399,2655.7786,-1305.4274,1648.1826,2556.0908,-90.474236,1797.0806,2625.2434,-1189.1289,1669.5692,2522.2637,-1.2690368,2057.2537,2366.3787,-439.43793,1933.3694,2379.6846,438.42075,2093.4622,2868.949,-520.4301,1569.1696,2664.7166,273.28455,2611.0261,2886.9849,-121.54245,1847.1399,3113.6165,741.97186,2716.9207,2865.1348,-87.35004,1941.4015,3189.2966,775.19415,2556.5437,3133.2686,-329.1907,1689.0409,3316.607,681.44617
zancada_right
IMG_20241017_120046.jpg,zancada_right,303.7158,310.57764,-51.292957,305.79196,299.57175,-51.129932,308.60507,297.7378,-51.220837,311.80246,295.82578,-51.29219,300.59525,304.4361,-27.448965,299.66183,306.03473,-27.408007,298.6412,307.82986,-27.406868,325.87985,295.911,-27.864416,307.22543,309.32983,80.191475,315.50363,314.55988,-41.824005,308.87463,321.44974,-10.855046,363.43964,331.70862,-117.75275,342.54147,357.2785,213.44136,392.94385,395.97632,-174.39296,365.7143,432.0121,250.55582,377.4566,467.0856,-162.85965,358.53888,497.1314,147.91328,380.79932,491.02383,-191.07127,354.58185,518.83014,135.80609,368.97925,490.83804,-192.9079,355.01636,516.98645,105.46907,367.0904,486.0754,-160.152,358.45596,508.55695,131.17172,419.32892,454.93964,-113.29871,395.56915,463.68903,113.24427,438.51306,581.36646,-178.96156,320.44687,514.8227,37.115795,549.4765,610.1499,-175.63605,377.341,623.34564,125.1595,576.8395,606.31915,-176.97,394.52167,639.02844,130.98494,542.58374,655.04596,-267.52258,330.0981,652.2626,85.25389
zancada_right
IMG_20241017_121907.jpg,zancada_right,1552.2866,1581.6584,-466.46216,1583.0217,1546.7172,-582.3466,1592.4099,1546.5355,-582.40424,1602.5922,1546.1781,-582.5359,1575.4117,1545.7566,-420.20163,1578.4552,1545.2283,-420.11984,1582.5598,1543.9078,-419.9417,1660.9243,1564.5543,-812.0699,1644.9863,1553.9893,-83.23677,1582.6285,1627.6536,-539.4351,1571.5681,1623.7261,-330.31427,1747.3466,1848.7151,-1090.3049,1711.5621,1789.0887,495.27176,1696.6815,2192.1875,-856.6034,1674.7568,2098.7598,189.99557,1482.0868,2033.2107,44.02697,1490.0286,2011.0188,-632.9626,1424.8048,1988.7991,57.503304,1434.9006,1964.7865,-693.09357,1446.9811,1953.3158,76.51872,1458.352,1937.583,-712.93994,1470.9475,1968.0372,85.93031,1478.497,1951.5822,-668.60144,1900.5713,2450.2424,-481.15543,1816.4194,2392.306,480.0615,2053.1384,2872.7434,-633.7421,1413.1537,2443.164,1146.284,2546.5012,2891.9878,-345.82947,1577.746,2812.1348,1603.391,2641.5186,2851.5164,-306.87994,1655.6481,2878.2598,1645.7491,2556.285,3091.9424,-408.09293,1395.5233,2907.3726,1745.3461
zancada_right
IMG_20241017_121908.jpg,zancada_right,349.37268,374.77283,-224.59726,353.04114,368.6589,-213.3226,355.842,369.09256,-213.32817,358.66354,369.55237,-213.34822,345.26447,367.9341,-213.76956,342.67136,367.97202,-213.7858,339.8363,368.06516,-213.81055,363.2829,373.7535,-136.40677,335.2336,372.96878,-139.19292,354.37033,384.83157,-194.24997,344.2029,383.88605,-195.15938,382.93143,419.0514,-87.32856,311.93542,410.80927,-97.769394,386.38184,479.11914,-124.68887,298.43784,466.89746,-147.2163,354.52725,471.3387,-231.70648,330.96542,465.06537,-262.64926,345.6822,467.74652,-255.15125,338.81067,462.6062,-291.07507,346.1854,459.30267,-250.25787,339.77628,453.67148,-282.649,348.03323,460.0583,-229.90434,337.89978,453.58636,-260.56647,360.3838,504.97833,16.57478,319.3372,498.6667,-16.716291,366.56754,569.3889,8.388495,338.63675,553.3785,-192.39987,363.24924,553.6717,323.67764,332.08038,613.54443,-61.090904,357.46225,550.56287,356.00815,329.91946,619.2235,-48.61401,360.89117,571.4065,342.1018,335.33066,644.02496,-117.95236
zancada_right
IMG_20241017_121908_1.jpg,zancada_right,1573.4135,1603.6141,-329.70032,1593.2241,1567.7288,-445.13373,1595.903,1569.4375,-445.13712,1598.1323,1571.402,-445.1396,1600.9646,1563.5409,-284.78647,1609.262,1562.0806,-284.67084,1617.3418,1560.565,-284.52545,1642.8947,1590.9193,-684.8211,1673.6937,1572.4448,37.27756,1596.6235,1643.2783,-404.4283,1602.0364,1639.2507,-197.77226,1732.05,1857.8281,-990.59924,1750.7849,1773.9075,622.8432,1702.13,2177.89,-748.89966,1678.387,2046.5975,524.8298,1468.8042,2049.7825,172.4989,1501.6384,2002.6257,-42.853817,1415.0336,2015.2614,169.89099,1437.3534,1967.3368,-62.185177,1428.7825,1979.3242,197.12044,1449.1172,1946.4169,-120.56738,1453.6431,1988.9663,216.23064,1480.9231,1953.4103,-84.70503,1906.0363,2437.5488,-520.6922,1840.142,2379.452,519.70605,2057.8555,2865.23,-719.82336,1441.9976,2447.42,1174.0302,2548.2568,2905.2986,-505.63116,1570.1666,2836.7253,1599.394,2645.4226,2873.6648,-475.36813,1643.9852,2901.292,1636.3474,2533.6895,3103.3682,-601.3878,1393.4006,2925.25,1704.4551
zancada_right
IMG_20241017_121909.jpg,zancada_right,1573.1876,1590.0868,-367.86618,1591.9039,1555.6294,-483.16843,1593.3654,1558.4296,-483.13406,1594.3031,1561.4183,-483.15994,1600.683,1550.3715,-330.01657,1608.4785,1549.3242,-329.9519,1615.5076,1548.3347,-329.86838,1634.5245,1584.9795,-721.58813,1671.3903,1563.8131,-34.106194,1592.4795,1631.0863,-440.87372,1598.7251,1626.5168,-244.62122,1704.3065,1861.122,-1002.49536,1756.3729,1762.15,559.3131,1695.4436,2184.7854,-749.9496,1712.1896,2023.52,754.4326,1482.6038,2058.2131,147.12683,1521.7563,1967.5806,563.88837,1420.4282,2016.5768,146.83568,1474.2339,1958.376,592.5625,1432.139,1981.2427,157.31656,1476.4069,1941.3629,526.59546,1458.518,1993.8939,182.66095,1500.4148,1953.824,530.21,1906.6211,2431.4407,-512.5908,1832.0984,2366.0698,511.6964,2053.455,2867.0571,-750.6382,1434.183,2442.783,1111.6714,2549.299,2906.3713,-605.64545,1562.9332,2836.7205,1492.8401,2646.0425,2876.6226,-580.402,1635.0348,2900.2188,1522.3931,2542.63,3100.729,-731.8728,1382.816,2928.699,1560.2648
zancada_right
IMG_20241017_121910.jpg,zancada_right,296.6304,387.45563,-33.547207,300.38394,379.73828,-57.601757,301.2949,380.08875,-57.619675,302.1072,380.41077,-57.659657,301.1293,379.15366,-22.418356,302.52982,379.10358,-22.387983,303.8677,378.95087,-22.354275,311.58432,384.87454,-111.45867,315.23517,382.55554,47.836563,302.88,395.8564,-51.255592,303.45654,395.54453,-5.6432123,328.30273,433.22873,-188.85072,328.7826,424.49094,164.49016,320.431,496.6374,-133.31485,322.71814,483.98514,131.44981,281.78915,478.71585,77.31642,286.92902,481.55704,-12.547119,269.40012,473.75116,77.80708,273.43848,477.40445,-19.589188,271.17297,465.68527,82.44133,272.11526,470.51874,-35.07558,276.7666,467.42993,86.17143,277.00366,471.86737,-23.762703,368.21014,555.3242,-112.78746,347.7887,547.45886,112.59141,410.98923,650.4012,-185.07072,268.83905,564.29175,214.51282,520.1376,655.4049,-157.34752,297.0595,663.8166,271.12183,539.9871,644.5386,-153.20209,313.62558,680.39954,275.19888,524.3358,697.7607,-187.98859,258.0323,683.18274,280.9177
zancada_right
IMG_20241017_121911.jpg,zancada_right,300.51865,388.2699,10.450666,301.9678,381.6987,-13.794002,302.42657,381.95197,-13.824014,302.79053,382.2047,-13.85365,303.5986,381.23227,21.679491,305.17297,381.17456,21.727865,306.622,381.0612,21.743107,312.0633,386.29385,-74.67029,318.65277,383.74762,86.062065,305.62408,395.79205,-9.346073,306.7297,395.4501,36.585213,326.95285,435.56958,-161.52202,335.3327,421.992,194.39563,302.20865,499.80722,-125.18657,337.78033,482.09543,226.59802,276.4605,476.1706,42.01148,326.2409,497.266,155.38646,262.57874,472.72253,35.1567,322.9733,500.34467,155.5521,265.22025,464.6218,38.370243,321.88467,492.8532,136.88112,271.01105,465.42484,49.093487,321.83145,491.966,145.01154,367.66284,556.84656,-115.474495,347.20715,549.897,115.32343,409.13556,648.43695,-204.38493,266.07068,567.94794,184.39584,520.6204,654.3647,-203.19571,295.05798,665.43726,235.31831,540.91516,644.63153,-200.81429,310.26135,679.879,239.0682,521.93054,696.5808,-248.95488,255.08609,685.12305,236.50624
zancada_right
IMG_20241017_121916.jpg,zancada_right,1187.8152,1465.4271,98.6034,1202.9341,1423.8969,-11.077257,1208.9058,1421.9296,-10.876611,1215.1462,1420.058,-10.735487,1199.6389,1423.6543,139.51613,1203.1326,1421.0801,139.47389,1207.3375,1418.33,139.2996,1268.7062,1421.0393,-249.56084,1267.8351,1418.4564,408.08768,1219.0709,1497.3302,35.659542,1213.9768,1497.0162,225.49458,1370.2039,1615.4437,-610.48517,1396.9879,1639.6715,846.7314,1126.3376,1817.7032,-633.9051,1272.6267,1910.4768,721.0823,1216.5768,1553.6831,-19.136864,1197.9022,2087.6208,25.589556,1226.208,1477.9615,-61.52085,1168.1326,2125.9885,-36.595356,1256.5344,1463.3357,-96.043884,1161.4441,2112.4521,-119.23489,1261.5344,1490.0323,-15.561681,1180.1774,2101.9187,-34.10334,1452.29,2259.0461,-513.4873,1466.5247,2247.9849,512.65735,984.3353,2463.7493,-255.0863,1566.2693,2696.8508,318.21036,1021.7439,2942.2947,93.11428,2007.0183,2803.9067,285.08066,1099.8794,3034.1858,118.788185,2118.124,2790.9028,288.2597,806.92004,3029.498,0.20378852,1976.2224,2996.9602,253.70848
zancada_right
IMG_20241017_122429.jpg,zancada_right,344.50757,326.31396,-323.03812,347.2393,316.2463,-313.20837,349.98358,315.6189,-313.17633,352.8866,314.94952,-313.1406,337.157,317.82324,-316.08783,333.25497,318.29016,-316.1368,330.0102,318.6111,-316.1889,356.00598,316.03067,-223.328,324.5459,320.78305,-239.30008,350.05896,334.43182,-286.21335,338.37823,337.34778,-290.67813,383.80344,354.71982,-133.35156,305.38065,368.19232,-182.76349,396.75928,407.4488,-81.48263,301.40405,427.61868,-158.76334,391.1286,461.4871,-155.73112,318.47467,475.94345,-206.51122,392.65588,477.40656,-176.01552,318.6928,493.1384,-229.29042,387.07477,476.606,-196.05481,326.37567,489.98965,-242.53467,384.59015,471.68637,-164.0411,327.549,483.9862,-211.29102,368.28098,459.06937,24.076876,328.24973,462.75836,-24.286587,369.6756,519.3205,155.49493,333.2109,530.0295,-117.44726,367.73434,522.1124,468.97372,337.0861,593.4789,-23.769943,363.41116,521.49316,500.07776,335.9649,597.05884,-16.66572,375.11673,543.3948,482.8223,342.9124,625.6394,-98.13878
zancada_right
IMG_20241017_122430.jpg,zancada_right,228.21999,394.9255,-14.466388,232.20364,385.24194,-34.029716,233.83928,384.8773,-34.077515,235.65158,384.4299,-34.05978,231.54404,385.0699,-2.2039006,232.55853,384.6066,-2.148712,233.72015,384.10028,-2.1268613,248.98592,385.6073,-80.90779,247.2343,385.7455,64.901276,234.70216,401.20264,-29.399237,233.61008,401.43552,12.56599,266.93808,416.23508,-176.70471,268.47064,426.01852,171.7951,278.00818,476.85895,-242.14844,274.45407,490.48148,214.17212,271.6022,537.3864,-227.70134,238.17401,540.2515,140.28946,272.27557,554.5797,-253.97968,228.29298,554.53094,135.54124,266.56445,554.97235,-253.30496,227.86325,555.13995,105.45609,266.0218,550.176,-225.05968,231.4815,550.37427,123.60489,302.62415,549.93286,-105.53327,286.65607,549.61255,105.38176,360.61728,633.7622,-182.74759,203.24301,589.38916,63.007946,466.61044,680.2764,-193.20673,228.67946,693.7171,99.482086,491.38358,677.9465,-196.62254,243.8643,708.1002,99.931274,461.1591,726.97894,-289.30273,185.58884,716.30145,70.415184
zancada_right
IMG_20241017_122430_1.jpg,zancada_right,1303.2686,1566.2184,-404.32733,1325.4181,1519.8217,-502.7609,1333.9598,1518.6122,-502.79108,1343.1604,1517.458,-502.64874,1317.3428,1521.5667,-343.2299,1319.3103,1521.3181,-342.98608,1321.5072,1520.8318,-342.84863,1405.0449,1529.4257,-734.1371,1383.8279,1529.2346,-5.911649,1332.0323,1605.8009,-477.98672,1324.4834,1605.7705,-267.71774,1493.422,1707.2759,-1135.5718,1515.1735,1730.4995,571.59265,1558.9584,2045.1125,-1383.216,1539.3792,2054.5261,820.84686,1576.2635,2344.1182,-1346.402,1429.6509,2262.3923,468.05258,1599.9153,2428.351,-1507.3623,1354.9789,2319.1072,457.0657,1574.0573,2434.6855,-1491.5334,1333.1323,2319.1907,300.28192,1566.9104,2417.5933,-1331.2655,1363.3043,2306.6423,386.80835,1696.0809,2348.8206,-519.6563,1624.3057,2337.8015,519.00964,1951.1261,2767.2163,-669.85986,1241.9695,2514.4622,702.5494,2398.6047,2998.1816,-488.49896,1357.9941,2924.8513,1246.6781,2524.779,3011.577,-483.14603,1430.9246,3008.0986,1288.5269,2317.0623,3184.5637,-916.3413,1173.1578,3028.4932,1191.5383
zancada_right
IMG_20241017_122431.jpg,zancada_right,225.12456,396.57776,-14.358029,228.75508,387.25098,-34.766327,230.27025,386.90796,-34.813393,232.03908,386.4109,-34.79672,228.40694,387.05667,-2.6412513,229.49306,386.64178,-2.5953221,230.72818,386.1484,-2.5899558,245.03403,387.42838,-83.111435,243.28207,387.70795,64.40198,231.23149,402.9281,-29.635803,230.62883,402.85498,12.823371,262.5814,417.43335,-173.26657,265.14767,428.3321,169.95981,277.06702,473.20624,-234.73465,267.26385,492.0402,209.38712,278.23666,531.43176,-226.12378,226.14473,544.0577,136.91393,283.28986,549.63196,-250.33481,212.08183,558.4091,133.1611,277.99683,550.9275,-251.91261,208.76343,558.86816,103.61116,275.6081,545.936,-224.78276,214.29985,556.19574,120.35254,299.56393,553.48706,-105.33081,281.14957,553.1531,105.17233,356.73828,636.07117,-183.89574,197.17867,593.2914,58.601162,463.90494,681.43604,-193.61926,227.22952,696.7577,90.83332,488.5502,679.36487,-196.88948,244.73366,713.0551,90.79929,459.23126,728.22925,-288.75183,182.12833,719.0987,59.592827
zancada_right
IMG_20241017_122431_1.jpg,zancada_right,1216.0884,1386.3768,-771.0585,1238.8033,1332.9305,-806.871,1250.7224,1328.8652,-807.12866,1263.7212,1324.4766,-807.22974,1220.791,1339.6016,-690.22504,1218.9534,1340.3744,-690.01306,1217.082,1340.8881,-690.05994,1318.7649,1335.3293,-752.269,1268.57,1349.5155,-223.58057,1250.5872,1424.1821,-734.6756,1233.7979,1427.11,-582.7868,1383.3397,1517.2546,-1097.7924,1383.7516,1541.575,550.8808,1470.5707,1841.7163,-1315.4067,1434.6084,1881.1208,854.07623,1508.7806,2143.8926,-1375.3729,1384.352,2139.1616,553.6436,1546.9711,2234.466,-1515.549,1335.2477,2222.2136,568.37305,1514.7511,2246.858,-1521.9158,1317.8811,2228.8704,413.86377,1499.6273,2225.3506,-1366.6572,1345.6277,2202.8823,478.66867,1624.6941,2134.767,-502.77502,1561.103,2133.5166,502.02548,1869.1027,2550.7178,-731.1177,1300.0203,2498.0059,621.7175,2243.6357,2928.1875,-608.23364,1370.6575,2911.3074,1122.0314,2322.8123,2931.9722,-613.5275,1435.364,3002.232,1151.7195,2283.6228,3146.0774,-1065.5311,1167.3209,3009.4255,977.2701
zancada_right
IMG_20241017_122432.jpg,zancada_right,231.70882,392.49677,-12.637704,235.40413,383.07697,-31.927935,236.99884,382.6774,-31.979645,238.80031,382.25497,-31.96556,234.30484,383.1969,-0.9517453,234.97757,382.91626,-0.90533906,235.83788,382.62424,-0.91186637,250.5979,383.5313,-76.05279,248.2058,383.75784,66.300804,238.06967,399.4715,-26.136871,236.81354,399.7651,14.782014,265.6685,415.3409,-164.47739,269.18146,424.83572,171.46704,278.0973,475.04434,-225.90587,273.08218,487.9715,210.5777,276.76215,529.75385,-215.03696,241.36154,537.1312,139.1851,280.75195,545.4574,-237.893,225.61752,551.96234,135.56284,278.60202,547.0818,-239.99443,222.1094,552.65857,106.37313,276.95468,543.1012,-213.8676,226.36807,550.454,123.07033,307.65137,551.7138,-104.23202,287.32565,548.5517,104.05609,363.81155,631.37195,-184.60748,204.89899,586.8135,45.507633,468.19016,681.1021,-200.93504,228.652,692.22296,73.83834,491.91937,682.03046,-205.41959,244.93427,708.89966,73.56058,459.23206,726.0157,-302.1095,184.58833,719.4643,40.151352
zancada_right
IMG_20241017_122448.jpg,zancada_right,342.9777,320.66815,-313.56067,348.03497,311.83932,-303.15872,351.229,312.0493,-303.1438,354.25208,312.3052,-303.12918,337.58676,311.1956,-303.595,333.7125,311.12064,-303.6383,330.25244,311.2389,-303.71524,358.7385,314.96573,-222.495,324.32996,314.70184,-226.81998,348.05798,329.31424,-281.23535,335.9065,329.2692,-282.37628,384.14246,362.86652,-163.74496,299.32434,362.232,-171.99161,383.61353,422.16367,-147.6429,292.41425,420.5685,-162.48914,349.20712,466.42676,-211.48834,318.16006,464.28952,-226.61124,342.3371,480.0739,-237.25958,321.46246,481.14688,-254.98376,334.09644,474.10843,-248.84724,328.20303,476.26074,-261.55927,335.3349,469.01758,-215.92589,328.33752,469.9904,-229.18912,362.93015,462.49677,10.338123,322.2408,462.10406,-10.489268,355.9993,526.8837,61.298374,324.35373,524.7971,-73.73963,353.83923,511.54587,370.0511,323.57825,581.1317,63.70025,349.70535,512.55566,400.80902,322.26035,585.96356,75.011154,351.72247,534.2826,379.97134,328.81793,613.5521,-1.0363026
zancada_right
IMG_20241017_122448_1.jpg,zancada_right,1171.2985,1671.451,-177.01811,1194.5328,1623.4683,-273.76218,1199.8524,1621.2933,-273.91998,1205.6006,1619.3602,-273.83493,1198.2368,1621.5668,-110.51099,1206.3638,1617.9121,-110.25594,1215.2155,1614.3611,-110.140625,1270.1667,1627.249,-550.9412,1280.0973,1622.1781,199.26442,1200.5378,1706.1494,-268.55725,1201.7919,1702.9089,-52.69675,1330.3252,1838.1873,-1007.55695,1432.845,1848.5148,727.8892,1315.3064,2157.6003,-1213.9268,1421.6498,2162.6372,933.1651,1204.8948,2404.593,-1008.5796,1343.2753,2398.4114,660.22266,1174.6598,2456.3357,-1147.8315,1268.6031,2447.9702,652.33386,1151.3468,2439.9746,-1108.6406,1251.5754,2448.826,511.99393,1162.5613,2425.2346,-980.03687,1262.2415,2433.2766,587.5169,1476.2988,2466.0742,-528.6662,1490.6647,2455.973,527.6459,1683.516,2836.385,-666.3962,1094.0634,2572.8164,889.60693,2168.452,3037.1143,-508.55945,1188.0056,2986.0334,1389.8773,2296.3364,3059.4326,-498.8463,1245.8722,3062.7205,1426.479,2043.9922,3207.037,-829.0091,999.0756,3061.76,1342.0262
zancada_right
IMG_20241017_122449.jpg,zancada_right,225.39594,396.2027,125.71574,230.69583,386.70816,101.95342,231.78789,386.46835,101.92369,233.1089,386.30414,101.93108,231.69989,386.3502,131.10368,233.32863,385.89536,131.16908,235.09639,385.56476,131.18306,243.28984,389.1343,21.881529,246.28754,388.54758,155.81807,229.92065,403.94888,99.33959,230.92464,403.5842,137.70593,246.0636,421.6841,-99.137764,277.92868,436.73367,231.09883,241.4958,480.28607,-152.88794,299.13092,493.13025,266.7197,223.10611,542.37775,-120.70605,278.309,539.5071,245.01222,216.02583,555.0246,-142.2761,276.74316,553.49567,249.68222,211.47092,556.39545,-133.23355,270.39435,552.1336,228.31718,216.3172,552.07666,-114.963875,277.49634,547.4772,233.50812,271.78476,553.2351,-104.20205,272.34863,555.7721,103.89416,322.38034,638.49316,-186.43951,192.24396,592.60834,66.92781,431.07758,682.8624,-202.9973,202.48009,691.70715,92.92238,456.01187,688.764,-205.37357,215.78314,708.3877,93.404755,410.9963,723.55524,-282.39767,157.67516,716.6862,59.945423
zancada_right
IMG_20241017_122449_1.jpg,zancada_right,1136.0493,1651.9187,-176.57054,1166.7264,1599.8483,-268.23083,1171.642,1598.8511,-268.42535,1177.2059,1597.7008,-268.45795,1171.4645,1598.9995,-112.31941,1179.6035,1597.3519,-112.100266,1188.2605,1595.5686,-111.9702,1236.6028,1611.3553,-523.7681,1246.1846,1607.784,190.88167,1159.4432,1685.0306,-260.61844,1160.539,1683.6553,-54.837242,1289.7379,1832.5538,-969.8428,1396.2659,1835.3718,734.10046,1290.8596,2156.2114,-1097.0847,1371.3676,2151.2717,943.56287,1186.1149,2395.3394,-799.1317,1257.7812,2331.1375,698.79254,1154.1774,2443.9849,-916.1496,1197.5558,2346.656,699.97565,1127.24,2426.2373,-888.46924,1211.6974,2337.8242,573.9295,1140.5385,2410.9688,-772.3463,1222.0305,2337.7446,632.1602,1452.5657,2451.5356,-516.44293,1456.3519,2443.7178,515.4408,1689.575,2836.0027,-698.7366,1083.267,2570.8206,962.06616,2156.4456,3027.9026,-586.56177,1167.5701,2973.5078,1471.6494,2278.276,3051.5508,-581.1448,1230.5688,3063.339,1509.4779,2042.5868,3204.3208,-919.8378,987.005,3055.4724,1442.8593
zancada_right
IMG_20241017_122450.jpg,zancada_right,223.64017,398.3958,123.153595,227.66364,388.85907,101.33166,228.42456,388.4902,101.28702,229.27615,388.2133,101.29705,229.20026,388.59592,129.8165,230.83406,388.08557,129.88443,232.6634,387.68497,129.8979,239.52972,389.57593,28.544552,244.02383,389.4882,159.52551,227.89352,404.57358,99.35195,229.28886,404.79312,136.87605,243.68268,419.28015,-92.503944,277.4906,435.88757,240.5176,239.39534,479.2427,-150.43239,296.09738,490.54218,282.9389,219.24817,542.3459,-113.93947,272.82748,535.98645,260.24963,210.15004,555.3734,-133.69093,276.40433,546.6881,265.95035,205.92815,555.7495,-123.0637,270.56604,546.55896,245.13269,210.31128,551.41046,-106.92982,270.68112,542.82477,249.12914,273.73865,551.8119,-104.35633,273.87015,555.76483,103.98717,325.26593,637.50916,-187.07066,191.98096,595.69855,58.964123,432.8339,683.94946,-213.57274,202.35733,693.27234,69.34494,455.65363,689.2268,-217.13342,216.32462,712.7113,68.433586,413.06308,722.36053,-294.01074,159.36258,712.4354,38.320522
zancada_right
IMG_20241017_122452.jpg,zancada_right,223.79683,398.0888,118.49417,227.34444,387.92697,95.026535,228.054,387.4121,94.9713,228.9306,386.9572,94.971756,228.83951,387.65668,123.61972,230.52863,386.93896,123.68385,232.4274,386.29636,123.682686,239.24738,387.2415,17.504585,243.76068,386.84174,149.01695,228.32619,403.6448,93.16519,229.82564,403.73572,130.81401,244.4738,417.74158,-103.033646,274.29382,431.84372,226.0199,238.46686,478.65933,-152.31267,294.79593,485.84467,270.77646,215.19708,539.2629,-98.52895,269.91284,530.5415,254.4696,205.30995,552.7066,-116.141685,275.73608,541.8221,259.363,203.50246,552.58624,-107.70806,263.83685,543.22784,239.56735,205.99042,549.2191,-92.17181,262.55548,536.77747,243.5818,278.5926,550.0451,-101.83894,271.26144,552.0414,101.47596,328.3379,634.32117,-164.60388,195.5066,593.16583,51.916626,433.7509,683.62067,-176.18451,202.22711,691.7648,73.61858,456.5626,690.33276,-178.5763,217.16986,710.6609,73.81755,410.01984,721.0512,-256.61267,159.7307,713.16583,43.54692
zancada_right
IMG_20241017_122503.jpg,zancada_right,194.12994,364.62384,97.23604,196.61958,356.07394,79.304375,197.8564,355.4358,79.24663,199.12878,354.68912,79.23456,195.96674,356.23364,115.163,196.62373,355.81326,115.22363,197.33902,355.30377,115.24075,210.40295,353.14218,30.469713,209.24413,354.52576,191.5709,200.11443,369.67386,82.95827,199.41373,370.2939,129.65793,232.26215,376.2051,-92.97116,239.42496,391.8084,302.11606,246.29205,431.04544,-232.3941,249.2069,457.1712,358.29327,201.92476,470.8942,-287.5967,233.52315,507.17206,320.91714,193.6508,484.48047,-324.2525,233.09274,519.98425,321.98853,189.33301,481.72684,-309.34045,229.19423,518.95435,299.94766,192.63734,477.92908,-280.0126,229.777,513.62683,308.19107,243.15114,512.50824,-113.606,257.13327,518.04315,113.62192,154.8309,580.5584,-147.40161,289.96286,608.1427,-8.951511,160.14394,695.0924,-153.37021,369.8169,691.5258,-66.17428,174.95375,712.83704,-155.99388,390.5129,707.43243,-74.13774,108.829735,719.5709,-211.54678,331.50848,715.56696,-122.425316
zancada_right
IMG_20241017_122507.jpg,zancada_right,358.6283,326.9466,-366.971,361.64056,317.0692,-358.5893,364.41727,316.02753,-358.60556,367.25488,314.80493,-358.63248,351.33203,317.79596,-360.0694,346.93933,317.57898,-360.1632,342.9632,317.37997,-360.24277,370.23422,311.05786,-251.58148,334.4048,315.21933,-258.17087,363.64786,333.5678,-320.4817,352.0139,335.42776,-322.58667,400.30396,344.93448,-150.38098,303.31058,357.3432,-163.61925,414.99786,409.781,-146.31924,291.26688,421.99176,-178.17773,386.2456,442.4091,-275.9237,336.8559,446.63544,-307.32745,377.90866,452.5482,-311.66837,350.78668,455.8404,-346.79504,371.8167,443.91318,-326.40393,354.38986,446.06192,-353.73914,372.95227,439.53104,-283.13687,351.25275,441.20187,-310.69788,384.3123,471.3399,2.123515,329.55396,471.3313,-2.016256,397.3511,551.551,-2.8992012,316.7327,551.76294,-224.73027,394.4919,593.3986,295.65265,322.68958,640.2492,-109.278465,386.03064,602.14087,321.03226,328.83856,648.868,-103.22446,415.4049,623.0455,244.60416,315.33658,681.4936,-227.50392
zancada_right
IMG_20241017_122508.jpg,zancada_right,347.77267,320.16437,-303.00922,351.58383,308.72354,-294.7088,354.6608,307.5174,-294.71713,357.82278,306.28668,-294.71542,339.4353,310.53033,-294.51517,335.20752,310.66885,-294.58932,331.26117,310.5886,-294.66757,362.7143,304.76376,-201.81773,325.96335,310.94122,-200.36142,354.55783,327.31226,-263.194,341.23938,329.54623,-262.91403,395.6991,343.85593,-115.88334,298.91095,356.38647,-126.69323,409.1748,408.1492,-109.19031,286.967,423.07886,-137.29099,380.16,439.87134,-220.35988,335.49222,443.32346,-244.05542,370.7722,452.37595,-251.51085,351.00494,452.93753,-278.00595,364.43295,443.48376,-262.4843,353.79544,442.34738,-281.417,365.84073,438.33566,-225.62016,350.5966,437.3825,-245.52843,379.22864,469.9754,0.097902544,325.56473,469.84766,-0.055107787,394.08807,549.43665,-8.335071,314.2568,550.85,-206.65282,394.9933,596.2798,259.51633,319.78168,641.8714,-105.161705,387.6323,605.89014,281.8647,326.7468,651.01416,-100.14628,416.43246,623.92896,206.4904,314.55914,681.3623,-217.73085
zancada_right
IMG_20241017_122508_1.jpg,zancada_right,1002.25726,1503.7975,-139.3739,1006.7034,1460.5907,-231.32434,1014.99896,1456.2761,-231.58586,1023.7377,1451.4744,-231.77556,996.0257,1462.8701,-89.08699,995.75195,1460.8026,-88.88107,995.9591,1458.3447,-88.83963,1081.2605,1440.2864,-430.8869,1055.8137,1445.24,214.29529,1046.2672,1531.2745,-195.8764,1033.0195,1533.8018,-10.275511,1236.7521,1579.243,-775.63806,1189.9832,1598.8744,696.0265,1341.7523,1888.1057,-907.9232,1215.6631,1888.6895,712.48883,1108.3419,2033.4155,-642.0202,1102.6857,1995.0721,216.94185,1069.0848,2087.214,-726.0493,1056.0354,2051.4329,166.0114,1046.6271,2048.5369,-706.412,1042.6636,2023.2172,84.88251,1062.0468,2032.8209,-613.0237,1021.1713,2016.2938,158.2243,1302.7235,2225.7104,-465.333,1257.6434,2219.3284,464.7946,1436.1746,2651.2876,-587.8161,951.2131,2447.6038,490.563,1790.4022,3008.0056,-500.8919,996.1945,2854.0823,867.1038,1894.9359,3071.5017,-505.28668,1049.2955,2933.4768,893.4299,1623.3038,3167.6296,-846.9057,790.08606,2939.5217,805.8419
zancada_right
IMG_20241017_122509.jpg,zancada_right,1029.2039,1485.5961,-100.68419,1036.6769,1442.4751,-189.31705,1045.4061,1437.3524,-189.61572,1054.0161,1431.7695,-189.8196,1025.4869,1445.5961,-58.350964,1025.4633,1443.2,-58.0964,1025.8257,1440.2136,-58.094185,1105.1045,1416.9974,-356.3304,1081.7772,1423.9485,236.74683,1072.3196,1512.1324,-142.00845,1057.9387,1515.284,28.753736,1234.9718,1555.3682,-679.0384,1226.2224,1565.8882,735.3581,1325.3038,1861.4064,-816.75635,1275.0774,1872.0472,987.2614,1103.8855,1996.1829,-577.00586,1140.3164,1983.7905,857.03625,1058.4453,2041.3108,-651.2057,1094.8557,2032.7101,849.3195,1038.9578,2012.6505,-636.7619,1091.8629,2018.8713,754.92236,1056.9105,1997.2483,-553.6111,1097.9326,1995.0897,803.6872,1316.8881,2191.986,-461.2235,1277.7295,2192.493,460.6675,1429.0085,2642.1187,-642.12036,968.17377,2432.4414,298.3876,1794.9121,3011.768,-616.9725,995.86945,2845.5254,511.0272,1881.7664,3072.275,-622.3868,1056.6162,2927.0112,521.50653,1626.0323,3150.7407,-902.6863,795.9014,2941.523,430.8257
zancada_right
IMG_20241017_122510.jpg,zancada_right,193.25555,385.93613,105.5026,192.27623,376.91098,88.13929,193.33855,375.63635,88.106926,194.41243,374.23895,88.09818,191.16165,378.55643,123.05024,191.30432,378.565,123.12037,191.48375,378.53583,123.16624,203.39758,370.56683,41.63963,200.37082,376.26962,199.91893,200.71254,388.06104,92.36218,199.45685,390.33298,138.24246,232.97327,382.00244,-74.30315,229.15489,398.92932,299.89206,254.25424,431.13953,-216.362,244.08348,463.97696,334.86685,205.59125,471.32788,-283.40344,243.4802,510.77966,281.13046,198.43019,484.79953,-321.39,244.42938,524.2189,277.62967,194.26822,480.7043,-304.61932,241.14781,522.395,259.35962,197.53358,476.68585,-275.7192,239.72043,517.1599,269.58582,236.2244,515.4386,-113.57616,247.75586,521.93097,113.64127,166.47737,582.3379,-153.97902,272.59506,604.86725,0.46468636,164.13812,689.72766,-163.53937,352.8609,686.09296,-43.172703,176.39803,707.2121,-166.89499,374.25928,702.6743,-49.9904,115.020905,711.51575,-229.90683,318.476,719.0936,-99.88696
zancada_right
IMG_20241017_122511.jpg,zancada_right,198.68172,379.77075,113.21515,199.49936,371.19998,95.80392,200.72762,370.25928,95.767075,201.91669,369.21805,95.7566,198.17276,371.99097,130.46297,198.36067,371.68433,130.53882,198.60245,371.3238,130.60074,211.33415,366.37363,47.789356,208.19034,370.07504,205.21773,205.39676,384.53192,99.54477,203.83418,386.31683,145.09373,236.75537,382.4659,-73.201546,235.1434,398.79575,306.14175,253.95941,429.90085,-222.24945,249.97987,460.79498,336.42172,205.85597,463.3539,-288.81406,247.33218,504.72922,276.3542,197.69644,473.91525,-325.15707,247.78288,517.70654,270.4959,194.31451,470.42007,-308.64035,243.86472,516.3568,252.00746,197.67088,467.41248,-280.96262,242.25478,511.5877,264.185,238.68332,515.8513,-116.70919,246.63037,520.77997,116.75928,168.6319,580.45886,-139.9983,271.17944,602.36523,-36.44534,165.3737,687.43774,-138.52428,352.6673,686.1662,-102.94063,177.28056,707.49426,-140.88641,375.59637,704.953,-112.46241,117.29287,711.4658,-207.6161,320.5915,718.59985,-169.28705
zancada_right
IMG_20241017_122511~2.jpg,zancada_right,200.0169,376.63333,109.947975,201.23787,367.74487,94.5414,202.76305,366.61377,94.4893,204.28456,365.40445,94.471596,199.05771,369.22592,128.42789,199.00505,369.19977,128.50354,198.98874,369.16022,128.55946,214.34439,363.02057,55.161846,207.78116,368.59232,207.9632,207.38536,381.26562,99.36332,204.70694,383.55798,143.63826,237.90417,381.12396,-62.79305,233.89676,397.88538,313.23944,255.52667,430.31354,-202.44165,247.04001,464.4857,349.86966,205.90482,464.2055,-263.35147,246.17801,504.98938,304.64166,197.10597,475.85388,-297.24933,249.8669,524.40155,303.1547,193.6479,471.91748,-280.9819,246.44823,522.2991,289.69763,197.20659,468.78644,-255.312,244.5753,517.21625,295.26926,237.98627,513.78143,-112.94609,248.89229,517.4435,113.01141,169.38875,581.30743,-150.60446,273.90997,600.64935,-25.148655,164.89563,686.3282,-161.11493,353.43774,684.9532,-89.3574,177.18501,707.38385,-164.59329,376.6759,703.62103,-98.40487,114.56112,709.84766,-230.63934,318.99615,717.9635,-151.89204
zancada_right
IMG_20241017_122522.jpg,zancada_right,236.13612,399.19995,112.98273,240.49709,390.57394,92.83162,242.25024,390.3106,92.89176,244.153,390.03018,92.87405,238.95673,390.52106,127.736206,239.55034,390.26813,127.7236,240.2908,389.9983,127.746765,256.84708,392.16937,38.885994,253.73761,392.02383,193.05048,242.50769,408.36044,96.30599,240.70927,408.72818,140.5406,280.44318,427.59732,-63.933098,280.0832,437.2386,294.81772,248.47258,492.91147,-28.1716,262.35492,505.4513,226.98563,221.80176,457.19214,192.04192,229.69104,466.77032,67.5458,213.32059,449.832,208.57217,221.80301,457.0728,57.589607,220.03343,447.19543,207.53957,223.95087,453.03864,67.05718,225.45068,450.4855,201.37492,227.94075,455.65552,64.29889,313.01154,555.28577,-114.922714,306.85306,558.3508,114.81167,200.09212,575.6865,-57.02804,337.34174,677.799,60.545532,228.37964,693.3021,-28.754297,447.7181,678.1834,-12.461178,246.5209,717.11176,-27.719854,470.76086,666.40533,-19.022566,172.7899,716.6342,-55.22053,451.10205,712.5029,-33.115654
zancada_right
IMG_20241017_122522~2.jpg,zancada_right,237.99976,394.75836,131.46254,242.79109,386.62988,114.76418,244.64584,386.29013,114.83013,246.72615,385.93375,114.82641,241.59833,386.61255,149.07355,242.46019,386.3075,149.0715,243.49187,386.0121,149.11601,259.28824,388.0073,72.994514,256.5169,388.24448,225.68375,245.09438,403.91272,117.931206,243.69704,404.02936,161.63829,281.69577,426.36618,-30.532192,277.1465,437.1553,318.82062,254.09303,496.99756,-1.2350345,261.40323,507.49802,212.64932,223.99889,457.79648,209.5071,229.19533,466.74103,14.614697,214.41922,448.31036,224.99052,221.25964,455.7496,0.35556805,220.91072,445.45612,228.13623,224.08101,452.19717,9.583869,226.20076,449.6851,220.39894,228.12488,455.16238,11.346691,315.61554,553.0065,-116.25359,306.57727,557.8513,116.10706,245.14908,613.82526,-109.766975,284.3975,658.7142,55.182865,282.462,688.33124,-114.14877,361.96097,692.1462,-45.63756,299.45953,700.6008,-117.27979,378.83316,693.816,-57.027695,240.52556,717.69684,-140.59935,364.0499,718.855,-70.50026
zancada_right
IMG_20241017_122523.jpg,zancada_right,237.01189,395.70013,132.28226,242.01802,387.08282,114.43232,243.93102,386.70114,114.49352,245.99982,386.33026,114.4675,240.70506,387.22986,149.34505,241.526,386.99567,149.38708,242.49936,386.7701,149.43945,258.9506,388.69492,71.227776,255.53763,388.89566,229.70778,243.92123,404.65308,117.7266,242.251,405.1322,162.9459,285.92413,424.79688,-32.68385,272.52475,439.5323,321.77222,257.47974,494.90186,-7.33268,254.7954,507.5573,212.83168,226.9867,455.40314,207.97252,232.94417,465.44452,1.6689584,217.6239,446.30923,221.33418,225.98254,456.7353,-10.413905,222.59016,442.89203,229.91933,227.63109,452.2434,-1.5063821,227.36833,447.6939,221.57524,231.09126,453.55563,-0.8478899,321.07172,555.11786,-116.36136,302.27408,556.6969,116.077965,305.02005,639.0901,-185.96193,220.55168,623.42474,104.44352,410.88095,666.1641,-197.08197,227.19582,690.2791,66.223755,430.3729,661.7468,-197.51901,242.13992,708.2873,59.575962,423.53983,712.4208,-211.03934,201.03525,733.5541,48.556015
zancada_right
IMG_20241017_122525.jpg,zancada_right,1141.4503,1613.4509,85.843185,1155.3544,1568.605,-21.362295,1163.282,1566.5221,-21.39999,1172.1841,1564.4098,-21.611433,1150.3735,1567.5054,126.728165,1153.9584,1564.8021,126.87689,1158.721,1561.966,127.0883,1238.8636,1570.363,-250.43822,1229.0388,1569.01,401.51385,1178.2145,1653.0745,10.601913,1173.2119,1652.784,197.1771,1368.9929,1799.5801,-631.6804,1389.3711,1777.5741,884.2839,1148.5079,2138.583,-493.81937,1258.5284,2074.178,525.20355,1091.9756,1930.0621,430.55038,1145.0956,1931.9595,-294.20172,1060.3992,1868.7855,476.57037,1113.0238,1881.6168,-343.40414,1113.8972,1849.165,470.51077,1150.6697,1864.8389,-306.4531,1138.8082,1865.7177,464.04962,1171.5449,1874.6091,-305.84546,1618.1073,2411.7686,-457.44513,1528.289,2371.2307,455.9987,1749.7686,2938.1409,-425.77332,1087.9927,2429.3577,319.12424,2272.2476,2953.373,-236.75134,1174.6267,2892.171,191.22787,2397.222,2934.277,-203.57956,1251.7067,2985.4578,174.25357,2247.1875,3176.478,-309.31726,971.7882,2991.1938,170.3898
zancada_right
IMG_20241017_122526.jpg,zancada_right,354.6435,358.83105,-302.3898,360.3013,349.3651,-286.68936,363.0282,349.18167,-286.71704,365.7734,349.2378,-286.76617,349.95837,349.29355,-287.22812,346.55502,349.19785,-287.27332,343.3356,349.1959,-287.37094,370.25412,351.74338,-193.75981,339.58792,351.94733,-195.55615,360.645,368.04636,-266.74554,348.2991,368.862,-267.4745,398.1681,401.1294,-147.00044,309.488,404.10532,-146.24365,423.67584,468.15427,-286.42242,291.78522,471.19696,-286.17752,376.57327,427.54312,-435.83408,334.18085,429.66537,-459.18414,363.88852,416.09033,-459.95428,344.0328,414.4688,-487.8773,361.9942,409.1497,-426.63254,344.7823,408.33112,-459.45636,364.2448,411.73587,-423.36536,343.60266,411.22815,-449.22168,382.4458,509.35306,6.48188,332.55017,505.40845,-6.6056337,400.95493,598.6631,-32.445335,346.78854,537.15204,-322.19153,385.9478,564.7783,366.5865,353.40903,630.146,-178.74107,383.62268,557.7148,406.4913,353.57968,639.474,-167.43849,384.4933,587.2492,384.2254,358.18375,663.508,-261.43692
zancada_right
IMG_20241017_122526_1.jpg,zancada_right,1181.535,1618.4249,85.027885,1201.6351,1573.4233,-18.344526,1209.5018,1571.8302,-18.312683,1218.2739,1570.0538,-18.457897,1197.53,1571.2916,129.66393,1201.704,1568.2344,129.75171,1206.9172,1564.9211,129.87904,1284.1188,1578.8021,-243.6127,1274.2411,1575.8195,415.61633,1216.9781,1661.4337,9.943997,1211.0037,1659.9443,198.28867,1419.9596,1803.2885,-616.2288,1404.0886,1800.2258,886.7448,1203.4711,2138.2363,-451.4618,1282.7241,2102.3389,458.4739,1137.6146,1910.8787,495.20227,1167.707,1923.7502,-436.59015,1108.1235,1858.1824,542.06635,1143.8483,1875.3269,-497.391,1148.5516,1838.8156,541.2237,1168.8954,1861.1842,-460.85693,1172.0068,1853.5657,531.23676,1187.0255,1875.6074,-450.26917,1625.3646,2429.7131,-474.9092,1522.5812,2388.8188,473.33594,1746.2944,2984.3687,-668.2841,1092.0697,2434.9326,604.68085,2298.482,2963.2913,-590.24915,1180.315,2901.6218,629.4575,2416.3242,2939.7222,-568.069,1261.8278,2993.995,626.5713,2296.0498,3159.9924,-672.22217,973.5104,2989.3748,648.14655
zancada_right
IMG_20241017_122526_2.jpg,zancada_right,1186.3735,1614.6954,-23.182318,1205.6041,1569.3569,-124.81215,1213.4023,1567.0759,-124.77793,1222.4661,1564.6083,-124.899925,1200.9792,1567.6447,18.45734,1204.886,1564.4854,18.563797,1209.9058,1561.2921,18.706148,1290.65,1571.211,-349.04776,1277.048,1570.9484,291.22247,1222.3346,1655.5441,-97.30726,1216.195,1654.1774,85.62076,1420.8458,1799.8271,-687.9803,1409.9382,1792.9465,764.4823,1210.5054,2132.2686,-525.39935,1275.3091,2105.2305,344.40872,1132.3906,1912.276,364.67236,1160.9946,1924.5931,-506.37558,1101.2109,1853.5284,405.01794,1135.9956,1867.9135,-569.6193,1151.8092,1839.5171,406.86575,1170.3202,1857.0374,-536.2604,1173.8921,1856.6635,399.0076,1189.8998,1872.3118,-520.4002,1633.6724,2419.8188,-459.50723,1538.4082,2380.4248,457.8752,1744.6017,2969.956,-609.88055,1093.763,2425.0588,543.5676,2294.521,2954.6458,-380.24573,1187.2949,2885.6152,512.62885,2399.9692,2930.374,-341.03336,1271.0786,2977.379,505.07025,2292.8953,3149.5342,-386.807,976.77686,2981.5505,548.5174
zancada_right
IMG_20241017_122527.jpg,zancada_right,217.14651,400.07434,127.45659,220.79173,389.63428,108.70229,222.23749,389.22336,108.76924,223.85437,388.77777,108.75207,219.8174,389.5929,141.93863,220.57397,389.17093,141.9204,221.49632,388.70038,141.96841,237.05888,390.00708,55.61172,235.7153,389.2975,200.12302,223.03842,408.15698,110.144135,222.052,408.143,151.68636,255.09529,432.85422,-33.598667,268.2205,431.3241,287.2415,228.08981,495.09314,16.237772,238.36891,497.84933,201.05296,209.89644,456.0325,242.79117,207.67883,459.82877,29.175983,204.55441,445.79028,256.92343,200.10199,451.0815,13.340695,210.94107,441.64795,253.30615,203.24487,448.02026,20.261946,214.07045,445.48303,250.4255,207.8114,448.1147,24.785389,294.37924,558.5874,-103.587616,305.46115,557.3867,103.61493,192.0761,574.02264,-68.48131,346.82382,669.369,38.954548,209.01956,690.7561,-62.21688,466.0474,674.4564,-76.38238,223.5344,711.0851,-64.15206,493.933,664.7318,-87.69507,160.37338,710.5095,-96.857864,478.34174,711.87054,-114.12574
zancada_right
IMG_20241017_122528.jpg,zancada_right,221.76923,401.0407,61.410183,227.61143,391.34784,38.094074,229.37009,391.1138,38.107567,231.34483,390.89304,38.058235,226.72716,391.15286,71.73868,227.7298,390.83942,71.776886,228.93405,390.53003,71.8371,243.72285,393.32193,-16.925997,242.16444,392.4064,135.46344,227.44621,409.97244,43.175514,226.38445,409.95706,86.51285,260.67297,432.81146,-105.10084,265.86533,433.2549,229.14497,228.36957,497.42102,-60.314674,235.28387,492.0702,134.99141,209.80826,461.96283,166.91946,212.60585,456.977,-60.845158,206.05702,450.82465,181.17668,205.07585,452.88495,-73.483185,212.63062,446.19626,185.01091,210.59477,443.79825,-69.18369,215.63133,450.2843,177.6586,214.02019,447.729,-65.28739,306.60422,564.6544,-107.68717,293.52798,560.99506,107.2659,344.7872,669.27576,-160.44022,194.47375,574.30176,110.06546,471.91064,677.31274,-166.61952,210.58755,690.8965,112.010704,495.46887,668.9701,-164.78185,225.38461,708.59,111.18222,472.4438,720.6472,-203.65533,164.66109,711.6681,100.833755
zancada_right
IMG_20241017_122528~2.jpg,zancada_right,224.2213,399.90036,76.89916,230.07224,390.79312,53.37384,231.9186,390.5557,53.37085,233.99367,390.29153,53.309216,228.92427,390.60507,89.11488,229.83513,390.2821,89.14784,230.97194,389.94974,89.19556,245.81941,392.4313,-3.859402,243.77327,391.58884,158.6952,230.57549,408.59155,57.74782,229.28572,408.28763,103.966,264.25897,431.93945,-90.21674,266.1088,435.11108,257.45126,238.52391,496.5455,-35.433285,244.87108,497.26062,173.8709,213.37634,461.55792,215.01701,217.19415,459.52072,-10.388738,204.47095,455.04922,236.79385,206.8212,455.40833,-18.84264,214.62625,449.2223,242.17113,211.01883,447.95346,-14.397812,217.04346,450.37994,227.80849,215.16096,451.17084,-14.3214035,311.5703,562.16223,-113.60283,291.85855,561.51105,113.167435,344.92346,672.73944,-179.12071,196.88295,569.23645,100.152504,469.2718,674.30676,-215.94136,210.18709,686.9836,88.340866,493.87265,665.1023,-218.42468,224.57954,706.8522,84.8586,474.32605,716.92596,-267.90683,166.37708,708.20264,65.52914
zancada_right
IMG_20241017_122542.jpg,zancada_right,357.545,334.1013,-237.46382,361.7165,325.79352,-218.38243,365.03067,325.75293,-218.44682,368.5599,325.76285,-218.49742,351.57324,326.86166,-218.54843,347.5623,327.58725,-218.64526,344.30524,328.28824,-218.68112,376.00235,331.21844,-117.07924,339.9273,334.121,-121.24322,364.2409,344.72525,-199.62888,351.8473,345.02866,-200.88351,403.90894,382.30197,-92.98851,315.7764,387.83124,-79.86371,413.26712,450.46667,-117.93095,308.94348,449.94968,-125.88428,372.9462,480.66714,-198.63354,327.85535,473.81647,-266.35458,361.53494,492.4791,-227.2594,334.2806,491.33304,-305.762,355.28775,482.5432,-235.77359,339.44064,478.81702,-307.92178,358.4876,477.17773,-201.2793,338.3668,472.61127,-270.11548,389.66458,505.4805,7.474795,342.9718,506.40814,-7.4561796,387.2449,559.9264,-87.35123,340.08722,511.9621,-374.3153,380.32324,529.5667,327.89508,356.0629,584.30365,-173.3741,382.0132,526.438,370.74323,358.0538,592.37573,-153.59137,380.2609,550.1207,357.04218,362.555,623.4565,-247.30768
zancada_right
IMG_20241017_122543.jpg,zancada_right,272.85767,399.69,197.54846,278.01328,391.22632,178.8833,278.80212,391.21555,178.93979,279.65698,391.25375,178.94203,278.88214,391.0172,209.47661,280.31833,390.8442,209.51247,281.9538,390.71286,209.52737,289.17236,395.94406,103.58512,293.2986,396.07397,240.5975,275.8999,409.03854,172.31404,276.67523,409.05,211.88962,288.2347,435.0134,-20.644218,327.50537,446.90094,298.66138,283.45563,500.17862,-117.129,339.4618,516.7154,303.6417,238.94788,544.2896,-128.51634,309.33008,556.9658,265.2963,228.80211,553.3769,-153.69156,305.6451,562.1252,264.95154,227.35988,549.93536,-135.03104,297.18863,561.6292,250.14485,232.46516,547.175,-120.87171,296.77628,559.91626,255.12822,303.17902,558.69037,-109.37649,337.97873,566.4338,109.20428,215.58505,577.4643,-95.414,363.51572,641.68005,113.29311,253.05617,691.69293,-105.758125,448.57922,677.06647,49.465313,269.95883,710.0032,-107.20179,464.67175,676.1792,42.494675,207.55841,711.94794,-136.27538,481.12692,716.04584,10.372793
zancada_right
IMG_20241017_122543_1.jpg,zancada_right,1423.8887,1650.6721,-405.60547,1456.3446,1611.4528,-506.29736,1463.2445,1611.2426,-506.50674,1470.649,1610.6295,-506.6687,1451.289,1610.1177,-352.1874,1454.9672,1609.3081,-351.92267,1459.1025,1607.8334,-351.79782,1532.4769,1634.926,-751.38116,1520.1593,1629.2477,-42.361813,1443.3201,1698.6101,-485.61783,1435.2814,1697.05,-281.42096,1580.1575,1911.3861,-1080.7638,1632.2175,1883.9087,511.47736,1521.8718,2309.5105,-896.284,1566.9509,2253.504,656.4265,1274.4884,2398.9485,-208.94565,1356.9921,2351.952,301.2553,1218.3192,2410.1025,-300.69446,1286.8187,2371.9814,293.16248,1215.6202,2364.5854,-251.39462,1282.0862,2331.2744,127.71764,1229.5077,2355.8818,-172.11325,1296.8344,2324.2812,219.80066,1686.5392,2522.9834,-499.7311,1668.8872,2493.437,499.01617,1713.7711,2897.361,-750.8034,1328.4938,2601.7805,1241.0015,2340.995,2928.962,-286.5435,1350.7467,2888.8809,1494.3417,2422.7158,2865.6,-230.10863,1423.2108,2981.0022,1515.0211,2384.711,3138.1436,-211.0481,1159.7899,2992.411,1560.9999
zancada_right
IMG_20241017_122543_2.jpg,zancada_right,1411.9408,1667.8906,-227.99803,1440.979,1626.7617,-326.83698,1447.4476,1626.5629,-327.1288,1454.219,1626.3265,-327.30173,1437.5636,1625.8712,-172.11482,1441.9712,1625.1157,-171.83371,1446.8535,1623.8837,-171.7192,1519.0757,1646.2314,-576.69135,1509.4231,1640.6202,134.88239,1435.7231,1715.8602,-309.7438,1429.9448,1715.2861,-104.98047,1580.232,1911.1566,-933.1986,1631.3558,1894.0354,669.8414,1514.7439,2303.7566,-753.4065,1552.6741,2257.7446,766.66003,1268.5948,2402.0488,-62.748196,1351.4049,2363.7847,379.38147,1216.1335,2417.849,-156.43927,1277.421,2370.39,370.4854,1211.3187,2370.5815,-99.98595,1273.3949,2339.405,208.68124,1223.533,2363.049,-22.581821,1288.384,2333.1697,297.86935,1690.0242,2526.2126,-502.04904,1678.5266,2509.9207,501.53174,1703.9321,2900.0662,-765.1058,1328.3744,2635.1106,1226.188,2339.5974,2935.5452,-358.93588,1348.2118,2896.6555,1465.9238,2416.2014,2870.2087,-309.15543,1412.7438,2988.7637,1486.2168,2387.1636,3144.3499,-294.57022,1150.5331,2990.0823,1533.7563
zancada_right
IMG_20241017_122543~2.jpg,zancada_right,269.41998,407.37018,167.09016,273.2384,399.09763,146.07991,274.1537,398.9321,146.13092,275.1338,398.78198,146.11508,273.6669,398.9944,176.91911,274.93347,398.69937,176.99146,276.3828,398.36288,177.02705,286.19308,402.30408,60.889687,289.3921,402.1203,198.35472,274.3629,416.59528,138.16512,274.62915,416.51086,177.97453,291.92526,444.03247,-52.315125,325.01932,452.90085,246.88368,285.68073,511.60043,-155.50519,340.1635,529.9059,241.28735,235.83235,553.72095,-190.65793,314.61978,583.7968,203.53577,225.4063,563.5466,-222.51593,313.46445,589.85394,199.79817,221.8459,557.87445,-201.02495,305.39728,591.0845,184.32762,226.49702,554.0844,-183.17223,304.01187,589.92377,192.62479,302.53638,564.0214,-102.28963,338.60968,573.925,102.241035,210.05208,578.6616,-119.135315,370.66544,661.9023,122.445915,252.2461,691.5459,-71.48494,471.61526,670.7648,130.38637,266.45386,709.093,-65.6017,468.0947,674.1935,132.47224,206.9218,711.69415,-74.20393,492.18246,715.7059,104.12644
zancada_right
IMG_20241017_122544.jpg,zancada_right,270.8402,407.65262,153.57149,275.04352,399.44992,134.01497,275.99152,399.354,134.06442,276.997,399.28748,134.05917,275.5944,399.3797,164.63031,276.96805,399.18124,164.69734,278.51508,398.9829,164.73628,288.58743,403.60287,54.21973,291.81888,403.42947,190.47914,275.4955,417.0065,126.48504,275.9276,417.16122,165.96387,290.3204,444.57162,-57.603535,327.0809,457.70868,244.38477,283.88232,513.4946,-157.29092,335.0138,532.42053,243.51613,237.82748,556.4125,-190.03923,305.04895,583.9329,208.85776,227.11931,565.29376,-219.60065,302.49155,589.6298,208.34001,224.83313,559.3426,-198.60974,294.2578,590.9889,193.07054,228.30829,556.4384,-182.22044,293.4396,589.9765,198.48146,301.053,567.10956,-101.0336,338.82385,578.1411,100.90526,209.55394,580.4088,-98.31144,372.50204,659.7206,136.12646,251.6308,690.2373,-73.66043,469.6336,671.8343,119.86347,263.62186,708.6624,-69.5468,468.98895,680.6918,119.86286,206.48769,709.454,-72.49202,489.0351,716.7558,97.09054
zancada_right
IMG_20241017_122544~2.jpg,zancada_right,271.39108,411.62057,176.49269,275.65552,402.82535,157.43602,276.54208,402.71893,157.50375,277.47476,402.62808,157.51233,276.3496,402.62613,185.90715,277.74084,402.33875,185.94296,279.266,402.0202,185.95557,288.8922,406.003,79.72115,291.77927,405.50806,206.48004,275.47403,420.4381,150.3632,275.75452,420.09763,187.1645,292.70767,447.10373,-27.898668,326.15866,456.4309,252.18108,285.87213,513.57965,-122.40521,331.80515,526.0959,247.21939,243.70378,553.3897,-156.75693,299.73087,568.24524,206.6468,232.5014,561.78955,-185.16658,297.0671,570.8856,204.70128,229.95265,554.792,-164.20657,288.23132,570.6433,189.61687,235.6866,552.34424,-149.61441,287.26526,570.7546,196.34224,303.81485,565.3754,-98.11336,339.254,574.2507,97.90826,212.31883,576.3483,-85.98439,363.74887,658.36847,131.82564,250.80666,690.0055,-100.708626,441.8978,680.276,83.55443,265.3247,707.95624,-101.47875,454.66,673.7822,80.35193,204.19426,711.0841,-109.02854,478.58133,711.4048,54.731716
zancada_right
IMG_20241017_125856.jpg,zancada_right,1614.6158,1297.9336,-972.4664,1647.7883,1241.0043,-986.44165,1669.391,1235.4182,-986.62634,1692.9209,1231.107,-987.0453,1605.3881,1250.3159,-849.1016,1596.2292,1251.3657,-849.065,1589.1132,1252.102,-848.5944,1749.6444,1247.4897,-744.23346,1622.3256,1264.3848,-118.785904,1666.965,1355.8798,-863.37366,1620.9492,1359.93,-686.27216,1834.3059,1519.948,-930.045,1720.6644,1520.6659,765.2183,1652.6134,1968.6882,-708.3499,1568.8931,1877.8296,284.70718,1473.2892,1735.2493,361.24585,1470.7786,1734.4794,-960.86194,1440.1042,1689.235,437.0505,1457.698,1689.359,-1074.3981,1489.4144,1653.7831,438.08447,1503.8624,1654.597,-1056.4562,1510.6228,1673.7135,414.18747,1526.0483,1680.7065,-994.17017,1831.0739,2327.3193,-530.03375,1657.7784,2299.2166,529.2205,2038.2601,2834.99,-338.64264,1237.6174,2549.9392,-197.39174,2535.0034,2943.3298,330.37344,1306.4116,3099.463,120.50899,2654.306,2950.7288,395.09445,1376.7793,3210.8425,136.3181,2440.1023,3181.639,103.97019,1080.555,3181.6365,-96.87272
zancada_right
IMG_20241017_125858.jpg,zancada_right,1572.2809,1293.4138,-926.9107,1608.5815,1231.4194,-947.1048,1631.8491,1228.4308,-947.1477,1654.1768,1225.7452,-947.2959,1563.2698,1237.387,-804.2496,1552.1224,1238.5552,-804.39233,1541.8083,1239.2258,-804.18616,1711.2675,1244.5186,-749.7847,1576.4374,1259.1798,-100.134056,1617.491,1347.1543,-836.04614,1569.9795,1352.3743,-652.0715,1821.6831,1514.3618,-911.25824,1627.7838,1563.1123,657.58734,1617.3617,1907.4802,-620.3477,1393.7906,1891.9476,-67.27199,1484.0143,1699.7852,513.92786,1414.0623,1725.0836,-1458.839,1459.2499,1659.0223,616.804,1418.8193,1684.0059,-1625.465,1489.7102,1641.6383,622.3619,1462.0261,1657.6758,-1556.985,1510.7877,1645.8882,570.6402,1475.26,1668.0803,-1475.2245,1804.8544,2355.9487,-503.68842,1605.2129,2335.557,502.1404,2039.3125,2826.5232,43.168247,1224.4263,2580.915,-569.3694,2535.872,2940.6748,1013.76184,1311.9269,3118.5784,-113.75814,2648.2388,2949.496,1104.6154,1390.1841,3225.4963,-82.35403,2439.109,3173.734,737.1949,1082.5258,3230.7888,-390.74127
zancada_right
IMG_20241017_125859_DRO.jpg,zancada_right,286.52206,188.02917,-36.59185,292.77765,177.6397,-35.17574,297.178,176.37393,-35.238686,301.7045,175.06204,-35.359085,284.37726,179.34871,-8.653558,282.34232,179.69173,-8.646213,280.42853,180.04616,-8.592305,313.6618,177.84592,9.579012,287.434,182.58905,133.46663,296.07132,195.98955,-17.806004,286.47064,197.19904,16.997597,331.1568,216.09264,-55.04563,299.19656,241.25876,261.13605,313.34692,264.94882,-86.69359,277.6039,308.31567,183.02606,281.22647,254.25658,70.99603,270.27847,278.22556,-26.895239,271.6664,249.78815,82.758125,263.86328,266.68973,-46.63282,274.1522,247.23785,87.91216,267.5515,260.436,-45.53692,279.00537,248.60301,80.838264,271.93707,263.20325,-33.923435,327.58072,386.96844,-112.32281,296.07224,388.80322,112.014465,372.83643,487.20584,-175.5521,202.5101,428.33072,-69.10287,475.4248,531.0429,-124.14873,215.91904,550.1375,-43.165653,499.61578,533.6226,-117.47208,235.3593,574.62213,-42.58024,464.21515,574.91315,-188.60922,161.27293,573.4534,-95.972015
zancada_right
IMG_20241017_125900.jpg,zancada_right,1476.1833,1327.5964,-121.64831,1492.0679,1268.649,-245.0377,1502.6528,1266.3717,-245.00575,1515.114,1263.2675,-245.00835,1483.2657,1267.0731,-51.962696,1486.3767,1264.214,-52.090046,1490.4359,1260.7506,-52.090683,1594.0497,1262.2535,-520.38403,1565.0106,1261.1697,361.71088,1515.1267,1370.8153,-206.60973,1502.9569,1373.6753,44.792965,1770.5792,1505.7341,-877.9659,1658.4175,1520.3638,859.31415,1618.2815,1896.153,-808.0425,1501.6298,1870.5487,281.37582,1477.4277,1693.3534,237.66772,1421.1526,1726.6926,-924.2158,1460.5995,1633.748,302.42706,1400.7526,1697.8615,-1046.3663,1492.1415,1622.0615,315.2408,1422.7506,1675.7002,-1024.882,1500.8258,1641.8999,288.7748,1440.2708,1684.0519,-960.90186,1810.2491,2324.3066,-525.3728,1611.2834,2311.5073,523.7919,2017.3569,2810.0166,-532.2355,1208.3615,2568.7334,-173.62903,2529.972,2936.2192,47.38389,1302.315,3099.635,262.6776,2653.8315,2949.3384,91.02926,1382.7566,3201.7163,287.86316,2450.0942,3170.0417,-310.81396,1075.4547,3215.0273,43.582172
zancada_right
IMG_20241017_125900_DRO (1).jpg,zancada_right,265.16187,193.51181,111.46524,269.65698,182.42087,88.32139,271.7724,181.88637,88.29406,274.0588,181.2164,88.25417,267.681,182.61107,129.78659,268.33646,182.26114,129.79765,269.18774,181.81714,129.81961,290.61414,181.37546,28.532969,284.95126,182.10019,219.78798,273.8792,202.45941,92.50526,271.83075,202.58191,146.97589,325.72253,215.2737,-96.30328,300.08032,238.6188,322.11337,307.1563,268.37973,-139.09529,295.9595,307.4566,363.49142,273.74942,259.23553,25.234337,276.8359,303.48288,296.67563,265.42807,255.35962,32.818363,269.44946,289.61508,299.4369,269.03973,253.00116,34.116867,272.843,288.83008,291.00864,272.86725,254.07062,34.345814,273.38876,277.79865,288.08887,327.29495,386.2076,-129.47272,300.0512,389.61914,129.15884,371.60388,484.58844,-203.40475,201.96844,431.23407,-24.049696,477.93198,530.999,-214.49113,215.9984,555.14844,-61.73035,505.42166,536.5487,-213.75682,234.46843,578.0918,-68.74172,462.2693,573.18207,-279.88177,158.41304,576.9691,-117.05141
zancada_right
IMG_20241017_125900_DRO.jpg,zancada_right,281.9859,185.2119,17.618633,288.32193,174.60503,17.103863,292.26273,173.65758,17.078672,296.03552,172.8322,16.984987,280.08875,176.50566,46.99801,278.06436,177.06686,46.98846,276.2629,177.66905,47.000763,307.7118,175.7344,47.980675,283.6473,181.28178,186.5539,291.2185,193.92027,29.77472,282.10773,195.86389,68.820404,327.22086,212.02684,-13.133872,296.21588,243.54796,293.37833,311.9532,241.99478,57.24113,271.07602,310.97815,194.72563,277.86914,252.867,334.94376,265.4025,280.08298,-33.805954,268.46957,248.8085,371.70746,260.16702,271.24048,-55.448612,270.7488,247.01453,370.52054,265.239,263.49133,-50.93222,275.66766,248.59416,346.40222,268.48126,266.59674,-39.519814,326.8771,384.6192,-116.26338,300.18594,386.90677,115.856255,367.5228,481.178,-222.12032,205.20755,428.36658,15.104861,478.20102,533.28955,-264.5139,218.34956,549.97284,41.178154,504.29465,539.4105,-267.12244,236.11879,574.3903,41.953896,457.86612,572.17896,-344.77576,161.95894,571.0312,-4.2703457
zancada_right
IMG_20241017_125901_DRO.jpg,zancada_right,261.06134,195.39322,65.93599,264.2825,184.56958,41.688377,266.21826,183.81941,41.65767,268.33887,182.96796,41.59517,262.13687,185.14037,82.32253,262.49863,184.7986,82.3172,262.91873,184.35489,82.332344,284.29675,181.49548,-15.940821,278.01495,183.13254,169.38522,269.4559,203.55411,48.01986,266.97992,204.03333,100.76324,314.77716,214.50768,-124.058685,298.89105,231.20973,273.33826,298.12125,272.4401,-106.780876,289.57492,307.56644,180.32442,268.16745,256.22406,145.6917,265.43814,273.64047,-34.588436,260.6597,249.5517,170.73369,256.7681,264.26462,-50.130367,263.61804,247.2841,170.39021,259.26364,258.37885,-43.14454,266.5739,250.34543,157.12912,262.66565,260.508,-41.23542,325.06155,390.46887,-124.11743,299.57175,390.15045,123.790436,375.31863,487.3827,-148.5014,201.72063,433.49814,-20.855145,474.196,533.1581,-111.67712,216.9021,552.6277,-14.329607,500.88022,536.68243,-108.05248,234.23662,570.5193,-16.778791,460.0732,572.0832,-179.65776,162.59204,574.01306,-57.726875
zancada_right
IMG_20241017_125905.jpg,zancada_right,2237.4348,1449.9521,-346.48294,2235.6653,1394.063,-285.30554,2232.995,1390.75,-284.98904,2229.5195,1386.9216,-284.5792,2224.1892,1392.8085,-483.5836,2213.4348,1388.6819,-483.71356,2201.668,1384.2239,-483.8494,2153.3528,1375.0118,96.537865,2120.0615,1376.5914,-786.98987,2198.8843,1493.8135,-183.36394,2183.7495,1492.3022,-437.81766,1990.8574,1612.453,661.44995,1870.483,1607.4684,-1065.352,2060.4167,1928.7388,817.1443,1985.7008,2113.259,-1039.4872,2182.9302,1778.9878,322.7678,2132.528,1813.0446,-311.78928,2243.156,1761.8392,292.08072,2201.5864,1796.1439,-296.62823,2209.3616,1715.9644,287.57535,2188.1128,1758.699,-299.3512,2176.9124,1718.8171,296.8328,2158.135,1765.1642,-271.20966,1874.6715,2393.205,558.7132,1927.1719,2418.203,-559.1384,1604.3944,2862.6104,433.40814,2508.5813,2592.2866,-155.54225,1044.4517,3058.1118,252.76363,2294.9805,3143.6611,270.77118,892.4893,3057.29,238.93355,2201.9646,3246.54,311.3598,1111.7623,3257.317,119.608116,2539.9973,3259.2034,350.4829
zancada_right
IMG_20241017_125907.jpg,zancada_right,2200.172,1436.3694,-385.17584,2189.9778,1377.3514,-343.42715,2185.3123,1373.6888,-342.98624,2180.1,1369.7198,-342.5553,2185.3767,1376.5845,-532.9314,2177.494,1372.7804,-532.9636,2168.4148,1368.4558,-533.056,2107.192,1362.0359,-23.582726,2101.2393,1362.434,-877.8661,2159.651,1472.5532,-241.96912,2152.7847,1472.6749,-488.3654,1873.3329,1612.3539,532.63153,1903.0337,1652.267,-1121.2156,1979.3302,1948.6204,844.4541,2071.1477,2167.2705,-959.2275,2142.381,1755.8424,603.5834,2124.031,1805.2087,-83.85288,2199.3975,1707.5273,621.01025,2189.2717,1770.9918,-44.926586,2169.9106,1698.225,605.7015,2158.9858,1748.9474,-53.01151,2139.819,1711.481,582.75543,2130.9204,1759.0172,-44.94604,1810.2656,2428.6802,529.73334,1938.2109,2443.7563,-530.7353,1571.0554,2879.1594,392.29324,2484.987,2617.3342,9.442039,1029.5228,3096.0425,122.86072,2267.1392,3181.8267,498.74258,887.5464,3098.8728,105.36561,2180.0154,3278.6328,551.6501,1068.8125,3277.3762,10.024409,2514.3513,3274.4148,635.83307
zancada_right
IMG_20241017_125907_DRO (1).jpg,zancada_right,407.73264,203.38516,20.727427,407.62885,192.59984,35.140495,407.1729,192.39621,35.215054,406.6013,192.13423,35.27037,405.6235,191.15598,-6.3666344,403.78256,190.15813,-6.4059544,401.38736,188.98221,-6.433797,393.5045,188.59135,112.741,386.5548,185.97215,-73.617645,401.74625,209.98697,52.474052,398.9413,208.34651,-1.3155831,361.95148,234.44548,230.01297,345.969,221.63954,-174.80406,366.2415,299.61523,299.61154,363.3463,294.00095,-187.20674,393.9098,281.7396,240.14276,400.40115,268.82898,-22.290846,406.41553,278.24722,239.0103,408.87405,266.46942,-19.09276,398.6059,270.77347,233.16422,405.14102,260.43372,-23.803577,394.78384,271.4243,232.28488,401.12244,261.7925,-15.680573,339.42578,387.10504,130.28299,344.49002,379.03174,-130.32822,281.8347,497.385,67.04358,464.84503,426.34186,-62.18649,150.71149,535.306,-18.024584,429.94272,549.8219,-21.687475,115.4591,541.03253,-25.756636,413.7118,572.32635,-17.493675,163.09766,581.3517,-67.34845,485.11447,575.6255,-29.416216
zancada_right
IMG_20241017_125907_DRO.jpg,zancada_right,405.47806,199.85582,3.4602811,404.40472,189.73067,16.500463,403.9363,189.31494,16.594156,403.3262,188.79228,16.679436,402.58133,188.96342,-27.21134,400.79742,187.98055,-27.249784,398.431,186.88423,-27.28724,389.78534,186.48636,91.34332,382.7019,184.86221,-104.875946,399.02927,208.0157,34.510147,396.4054,206.91443,-22.102327,356.56476,231.73346,207.30455,343.07205,219.12177,-197.60335,362.97162,302.5356,214.84138,360.66162,298.9842,-191.41919,393.40192,279.06485,69.47683,398.95044,270.88837,-1.4114743,406.29816,272.99857,54.687954,407.6631,265.54474,4.299398,398.02386,268.37967,54.036034,404.2889,260.2219,-1.6604265,393.91388,268.9353,61.079765,399.97458,262.2602,5.912961,338.293,387.32507,129.42638,346.6606,380.66153,-129.54266,282.65207,497.76697,75.90074,469.67926,426.6645,-51.841064,152.51707,532.12036,-3.119856,429.6051,549.21063,1.5003285,118.88684,536.17194,-10.34394,413.708,570.4081,6.9012547,166.14565,581.3998,-49.31741,486.56653,574.85425,0.57730174
zancada_right
IMG_20241017_125908_DRO (1).jpg,zancada_right,398.8876,204.33745,58.010143,397.15283,192.8666,73.106895,396.6161,192.48125,73.18887,395.94455,192.0065,73.24888,395.5794,192.14072,32.645695,393.9882,191.28174,32.623203,391.95856,190.27057,32.604362,382.36746,190.50899,148.9601,378.68796,189.42647,-33.248554,393.1999,212.15349,88.500885,391.11865,211.26009,35.69773,351.70282,237.5968,252.9106,348.94656,225.68788,-141.48923,365.27914,300.72418,265.19128,373.55194,294.1426,-155.67609,392.45056,277.3212,167.9561,399.77255,273.9684,29.480602,401.43515,269.7805,160.28543,403.017,269.21182,39.779076,395.72318,262.52765,165.08798,397.73163,264.58484,35.78262,389.4912,266.62793,163.58797,394.9308,267.60413,37.227978,332.3676,388.3375,127.00078,349.3934,381.51578,-127.20675,282.91037,495.6248,60.534924,468.4239,428.74356,-48.541622,149.90274,535.879,-43.12306,430.4806,549.7938,-3.4779239,115.32766,541.6112,-51.71559,416.1394,572.4386,2.6924708,161.9063,583.2409,-81.96773,485.91296,576.3465,8.255035
zancada_right
IMG_20241017_125908_DRO.jpg,zancada_right,404.16183,209.22609,38.00349,404.2519,198.19739,52.637356,403.84598,197.86478,52.71559,403.28745,197.42058,52.777733,402.754,197.07497,10.931222,401.04306,195.97455,10.901566,398.86288,194.65155,10.877,390.03833,193.40099,128.1675,384.72278,191.2853,-59.339912,397.98303,215.8,68.62401,395.22073,214.2088,14.455245,357.85904,236.27219,235.50648,343.8225,223.64743,-161.21945,364.25238,298.86322,258.72797,359.14554,294.32068,-191.41148,390.64978,277.9604,154.99867,394.1547,272.64236,-43.80964,400.69528,271.6608,146.02216,401.2534,269.38135,-42.572285,394.04352,266.9882,145.2814,398.18558,263.51508,-45.92184,388.98474,267.43823,147.94894,394.70593,265.8015,-36.906425,335.47318,388.4706,128.24193,345.1892,381.9305,-128.31587,281.5329,496.01904,67.94274,465.27686,426.40298,-61.385365,151.03622,534.2377,-18.31279,429.30115,550.19006,-26.212069,115.822235,541.13226,-26.283077,414.74207,571.5618,-22.280903,165.62074,583.2223,-65.10949,484.4681,577.3645,-29.559135
zancada_right
IMG_20241017_125909_DRO.jpg,zancada_right,398.0957,203.70203,115.199234,396.18567,192.24582,132.18683,395.6474,191.96008,132.24292,394.96988,191.68068,132.29205,394.76257,191.19534,92.11472,393.2429,190.33559,92.08042,391.18613,189.51326,92.049805,381.0514,190.38759,204.39401,377.81708,188.51297,24.2136,392.78513,211.0992,143.59389,390.93002,210.17088,91.229164,349.36252,238.56697,298.57928,351.09854,225.01352,-95.327354,364.91656,307.15646,309.06906,365.2451,294.10233,-108.29979,392.90308,275.12747,224.71017,401.58575,272.8376,70.85163,401.7992,267.82007,218.61226,405.2624,267.66605,83.3843,394.7454,263.4809,225.30112,398.3122,265.6217,79.491585,389.22092,264.31824,221.24393,395.85846,267.277,78.452774,331.55048,384.0294,124.421844,347.437,373.6175,-124.60412,282.72217,494.50354,41.940464,464.50522,428.82562,-55.000687,150.90512,536.8827,-76.84543,431.1903,551.9637,-34.938366,115.25286,540.76965,-86.833855,415.7726,575.0749,-30.728285,157.8347,583.50555,-118.378746,485.79907,576.6692,-30.97095
zancada_right
IMG_20241017_130404.jpg,zancada_right,2416.4905,1694.9246,-703.3793,2386.9587,1642.9543,-634.1988,2382.8735,1641.8004,-634.5573,2378.1313,1640.0477,-634.9291,2380.611,1645.0529,-809.06323,2372.1008,1645.5634,-809.10956,2362.1223,1645.3431,-809.11096,2302.9033,1660.3871,-318.4383,2288.3328,1668.4095,-1098.7145,2401.9692,1749.7737,-568.0702,2394.7317,1752.3083,-791.35284,2097.3694,1901.8898,237.7939,2140.0833,1963.7014,-1417.3396,2148.5835,2319.843,402.54825,2071.6584,2461.3445,-1454.9086,2330.7854,2694.1038,81.46298,2349.4565,2786.494,-1080.7197,2397.2075,2763.7766,23.709953,2398.6033,2864.8982,-1229.0577,2401.024,2762.0708,-105.01142,2446.1704,2829.7568,-1168.4158,2372.9014,2688.8408,5.1850305,2431.1519,2792.1184,-1051.1261,1835.2526,2538.6912,505.51382,1881.7533,2592.6829,-505.97607,1726.7399,3025.8064,1009.94086,2439.4102,2764.2153,31.972408,1258.4573,3023.4087,1620.2284,2155.0032,3163.9724,1068.6669,1141.5101,2973.2207,1686.9904,2018.6925,3174.9878,1180.9275,1200.9437,3238.1248,1688.6759,2278.8901,3265.6772,1315.1954
zancada_right
IMG_20241017_130406.jpg,zancada_right,2305.6377,1669.3168,-787.93,2282.7493,1621.0146,-713.73944,2280.9932,1620.311,-714.04645,2278.8179,1619.253,-714.4331,2271.564,1622.828,-879.3579,2260.7068,1623.2145,-879.54364,2248.3228,1623.682,-879.5802,2216.0676,1636.4053,-369.2677,2175.5032,1648.4,-1107.9788,2295.505,1723.1423,-642.71063,2282.4644,1725.4022,-854.9266,2020.1604,1885.3855,220.45056,2081.3481,1946.1174,-1408.1323,2020.7047,2288.8318,428.49533,1995.0422,2457.3982,-1484.7224,2151.4517,2653.08,135.90668,2259.815,2796.9717,-1167.2946,2202.7534,2731.1948,93.15824,2308.8125,2895.494,-1314.8297,2203.189,2731.8896,-33.127354,2350.778,2863.1558,-1265.175,2172.8572,2710.1436,63.503544,2337.212,2831.869,-1142.0217,1802.648,2536.839,504.7067,1847.4222,2599.2153,-504.89536,1925.5667,2947.3862,774.90485,2275.442,2935.4834,-266.132,1278.6809,3014.5867,1350.1006,1823.6367,3143.23,531.4119,1296.4755,3057.6672,1410.3884,1713.3533,3129.491,618.9125,1229.2416,3233.282,1425.1141,1852.4283,3333.6736,713.77924
zancada_right
IMG_20241017_130406_DRO (1).jpg,zancada_right,424.53476,253.48885,-113.90207,419.609,243.25185,-99.51495,418.69403,242.80391,-99.58891,417.6651,242.3283,-99.66067,418.65042,243.48769,-135.75668,417.02768,243.16547,-135.7889,415.16153,242.8276,-135.84578,402.59122,243.94307,-24.240925,401.69305,244.87071,-187.93427,420.71545,261.3567,-82.79614,419.2609,260.9428,-130.655,368.57114,288.93002,100.70645,378.03058,287.7829,-266.54218,384.47614,374.21115,134.20322,376.72958,377.65103,-299.08127,420.78357,436.05505,64.73472,430.82092,437.57144,-260.0911,428.7361,452.26065,58.30729,440.02316,454.6529,-295.00314,436.77597,446.96918,28.540588,448.0343,447.17194,-284.9591,431.90393,441.11337,49.01949,444.37653,441.9024,-255.16245,336.62366,418.75314,111.11344,327.55783,419.3533,-111.44866,445.7998,443.52646,197.9729,304.80624,547.58417,-186.30371,404.41922,540.3243,333.85248,188.2154,530.88654,-106.9786,380.64093,561.0442,346.28433,169.40451,521.5543,-96.12886,445.23584,575.071,331.036,176.01947,573.37036,-132.95245
zancada_right
IMG_20241017_130406_DRO.jpg,zancada_right,425.9041,267.87378,82.950874,423.01425,257.24707,95.76562,422.07416,256.31747,95.685036,421.02194,255.41068,95.64608,422.84448,257.85355,62.12343,421.8068,257.36465,62.13154,420.58362,256.89734,62.06666,407.40646,254.50911,146.1802,409.3458,256.464,-6.047404,420.50156,274.3909,104.94144,419.6052,274.16498,61.00049,369.43158,289.874,221.30238,383.90796,287.79028,-104.745605,372.46252,362.84512,260.89816,392.54214,362.1612,-166.05449,410.77014,422.30545,202.31305,445.08432,398.91385,-142.30013,422.20883,434.15475,196.12779,458.8058,414.72186,-165.4264,426.0538,431.31284,173.18675,466.6454,408.9452,-153.3868,420.92578,427.2784,188.63054,462.08438,403.6989,-136.65611,319.96954,410.82083,102.46349,343.05182,409.34552,-102.73218,325.3772,501.8758,93.131256,451.09244,447.227,-99.07998,264.86597,568.8701,126.76314,414.6705,540.02075,-30.5711,247.84305,572.79407,129.78122,387.235,558.4404,-22.007654,275.0896,606.49634,100.22507,441.47894,574.8281,-24.489815
zancada_right
IMG_20241017_130407_DRO (1).jpg,zancada_right,411.88925,250.1934,-43.744614,406.24646,241.23865,-29.297411,405.48535,241.03723,-29.374405,404.618,240.746,-29.419096,404.96646,241.14333,-64.93618,403.254,240.90776,-64.92723,401.216,240.5956,-64.96798,391.25797,242.68494,39.349876,388.32544,243.75739,-119.04992,409.40164,259.07303,-14.552643,407.3612,259.10986,-59.97208,371.27173,293.49847,155.62466,366.30313,292.00708,-212.61284,365.75458,376.33966,183.5745,367.67972,378.31012,-250.46019,409.6309,434.75003,88.46232,415.51797,435.8181,-207.02654,421.86017,450.43982,75.77222,425.089,454.18262,-236.29295,426.71832,448.21405,48.684486,435.48825,447.6255,-227.7655,419.8061,443.8116,71.678345,432.2665,441.53442,-201.95473,327.44745,423.52957,115.76045,326.32843,422.5164,-115.90476,350.20932,523.97894,124.56681,441.5486,457.00317,-98.892075,260.8785,561.6112,216.95505,394.643,545.84045,34.69722,242.10556,558.09045,227.24493,377.6375,557.1519,50.879635,257.44458,596.01434,209.49496,425.51065,574.3597,53.140255
zancada_right
IMG_20241017_130407_DRO.jpg,zancada_right,415.71524,248.12856,-189.45567,409.44543,238.91458,-172.85593,408.671,238.81425,-172.93706,407.75153,238.61287,-173.02966,408.08636,239.04715,-208.95584,406.29984,239.08823,-208.97462,404.2504,239.10022,-209.02475,394.7357,242.16385,-88.27501,391.93442,243.58626,-250.64284,413.94583,258.60165,-155.42235,411.9929,258.39752,-202.77759,365.54224,294.34296,43.84078,370.94214,290.46667,-325.57727,368.65228,377.3603,67.220406,368.65305,380.4496,-369.71603,409.83994,442.35812,-3.7176442,415.01068,442.60126,-332.361,420.75165,457.63126,-13.420244,421.97406,460.5016,-371.29227,423.43106,453.56546,-43.40896,431.90005,455.36304,-361.99228,421.29358,448.4552,-19.963179,428.7483,448.9219,-328.347,337.8217,420.32138,113.91905,322.8851,418.48,-114.262436,449.95364,455.87244,198.85172,307.04962,538.9838,-181.63629,407.64294,545.97253,354.3529,189.15718,531.30194,-87.48715,381.55402,559.6841,368.5478,174.8075,540.3493,-75.506256,439.45395,577.9487,345.0337,173.14711,568.93463,-117.04261
zancada_right
IMG_20241017_130408_DRO.jpg,zancada_right,409.03937,249.59285,-56.151173,403.43085,240.61887,-42.73167,402.63245,240.50246,-42.80666,401.7305,240.31337,-42.877014,402.24576,240.53722,-76.74422,400.54337,240.41391,-76.73596,398.6055,240.24492,-76.774506,388.3405,243.10255,26.19074,385.86917,244.12222,-124.201096,406.84082,258.85568,-26.79691,404.87857,258.71948,-70.117966,359.05426,293.77762,144.60965,364.48825,289.88037,-212.48038,372.97018,372.38184,176.09439,364.55933,378.57608,-245.87302,414.2665,436.5124,87.868355,413.98065,438.3499,-213.37,425.22308,452.8818,77.24488,423.4578,455.42026,-244.80481,431.36404,447.20953,48.149097,434.1543,448.83484,-232.70091,424.24234,442.87585,70.77464,430.5738,442.5142,-207.4297,326.5461,422.54248,112.13073,324.71158,421.59647,-112.263954,380.92996,506.23337,98.54785,393.2793,504.6954,-124.55914,287.86545,543.3586,219.51277,331.38766,571.001,5.6217484,269.08362,538.89026,232.59003,312.5131,571.3323,21.853987,282.4482,581.5104,219.24489,341.62408,612.56616,14.954072
zancada_right
IMG_20241017_130914.jpg,zancada_right,1409.7443,1595.0833,-708.6458,1424.4916,1554.8771,-795.97394,1432.153,1551.783,-795.7814,1440.6593,1548.0532,-795.5606,1417.8759,1556.7539,-660.4241,1420.1173,1555.498,-660.29553,1422.6892,1553.5328,-660.2181,1503.0669,1542.9033,-974.90137,1485.1517,1546.2847,-349.62946,1447.5765,1629.7234,-762.2518,1438.2472,1633.163,-580.628,1701.6896,1698.0004,-1171.144,1613.6024,1712.8729,147.3858,1844.2229,1975.2004,-1376.4779,1647.4371,2002.2001,508.85214,1870.7289,2273.197,-1450.9882,1496.1918,2150.488,362.33084,1894.5035,2356.826,-1583.8624,1439.3423,2197.9055,369.02646,1857.1372,2363.7634,-1599.8488,1433.4156,2184.3477,218.59296,1841.4891,2334.821,-1450.3564,1450.5887,2169.333,293.1701,1780.6746,2243.798,-397.89282,1655.7988,2212.7986,397.82748,1952.7013,2652.8586,-686.66,1350.8237,2315.1047,727.03625,2419.133,2654.7302,-416.2905,1524.1063,2649.6108,1245.0889,2502.2393,2613.488,-396.22638,1588.1367,2691.6418,1287.6837,2420.6882,2813.0557,-649.9075,1382.604,2749.6155,1279.5171
zancada_right
IMG_20241017_130915.jpg,zancada_right,1411.5276,1597.8322,-1371.0496,1423.4316,1551.4362,-1368.5757,1438.1809,1544.7266,-1368.6117,1452.2566,1538.6144,-1368.7393,1391.7303,1565.3606,-1279.9613,1383.6581,1568.438,-1279.9165,1375.4268,1571.7864,-1279.7087,1499.2399,1532.3878,-1133.7997,1402.3839,1570.7836,-715.699,1460.072,1620.4548,-1271.9443,1422.0325,1633.8989,-1151.4073,1662.9297,1674.2832,-1115.6525,1499.2864,1726.3682,-43.195255,1788.6409,1964.4067,-1247.6403,1513.8694,2032.2898,170.33762,1861.01,2247.567,-1435.2054,1453.0289,2134.3442,-425.33426,1901.7917,2331.602,-1588.2164,1401.7631,2185.5881,-503.37125,1856.0271,2346.94,-1637.9166,1407.926,2181.1118,-652.8308,1834.1295,2319.9688,-1449.1514,1429.3474,2165.3135,-497.61758,1785.2867,2195.9424,-379.17957,1646.9376,2193.832,379.03152,1979.712,2617.9102,-795.5894,1347.8743,2325.2576,458.24112,2428.5095,2645.9648,-615.123,1516.1746,2638.678,1168.1128,2502.935,2621.0825,-610.875,1588.7375,2684.8965,1227.4287,2437.7625,2816.6814,-1040.118,1391.1941,2757.08,1064.5057
zancada_right
IMG_20241017_130915_DRO.jpg,zancada_right,252.75508,318.8948,-0.18737738,254.47247,311.6605,-12.815092,255.79016,311.0483,-12.859972,257.2948,310.4168,-12.882414,253.15813,312.14417,14.053077,253.36168,311.90442,14.113759,253.61092,311.66367,14.138922,270.2325,310.11978,-47.033394,265.72147,311.32016,77.96764,258.86023,324.7758,-11.809989,257.0335,325.87006,24.362322,305.1344,331.6005,-122.0592,286.80502,354.05548,167.82507,336.41522,381.9682,-185.09334,288.95782,414.12448,210.09084,343.9037,440.82712,-211.34155,258.816,443.7046,139.26784,351.47223,457.17307,-241.82918,245.17868,449.56528,138.29445,340.6792,460.1088,-242.16574,243.00821,446.4947,107.3481,337.1943,456.7921,-210.49106,247.62442,444.87213,123.654465,324.78006,447.67856,-88.052284,300.97937,448.70523,88.03688,365.95294,534.8852,-181.6064,234.01657,464.69388,109.70909,459.0962,533.183,-158.80078,271.3235,543.3612,166.804,474.0919,524.70197,-157.23492,284.35892,553.2234,171.15349,463.5958,564.93805,-207.74866,254.60625,574.97504,164.22084
zancada_right
IMG_20241017_130916_DRO (1).jpg,zancada_right,251.66109,313.81744,-118.29086,254.10023,305.49673,-115.55025,256.82764,304.47473,-115.61523,259.7226,303.35248,-115.67112,247.40326,308.73224,-94.8902,245.55748,309.82336,-94.85155,244.10262,310.86954,-94.795334,267.7401,303.36035,-80.22251,247.39398,313.23138,17.113472,261.01346,318.65414,-104.654724,252.239,322.15692,-76.58792,298.34918,327.08105,-125.94461,274.6764,351.54538,152.5956,332.00644,380.92453,-180.75671,289.41913,407.907,217.38232,341.48444,433.04395,-225.8615,256.86984,442.08008,138.99611,350.08438,449.11923,-257.8046,245.76624,450.37793,133.3531,339.66037,452.89627,-264.30334,242.44173,446.31384,104.00735,335.8546,449.5646,-228.15347,246.22014,443.93216,124.31042,324.53055,444.03857,-91.19744,298.5897,445.12018,91.20359,370.15897,526.5831,-167.95795,232.12695,470.2658,45.17694,464.70294,527.83563,-131.3388,272.5615,547.84265,145.87234,480.99896,522.329,-129.57295,283.76224,557.3688,153.21138,464.59924,564.93225,-204.04878,249.81013,575.78534,120.34913
zancada_right
IMG_20241017_130916_DRO.jpg,zancada_right,247.27907,321.44638,1.761204,247.89813,313.67236,-10.751845,249.32356,312.90277,-10.78488,251.04523,312.03622,-10.799349,246.3159,314.4885,15.853808,246.2373,314.4575,15.904307,246.13475,314.44196,15.913812,263.4766,309.8711,-44.825478,256.72797,312.32755,78.60161,253.90047,326.68103,-9.903594,251.21439,328.0806,25.747528,298.5095,330.07153,-123.749504,280.75983,351.63254,169.99324,332.33865,379.8035,-190.0839,289.2579,409.43097,220.55789,341.15454,438.45297,-219.7973,254.01566,438.53296,164.12335,348.04965,453.9062,-249.45427,242.9046,444.8544,164.91301,338.90454,456.97784,-250.67725,241.24863,442.6477,135.68925,334.39633,452.7242,-219.31752,245.11275,440.91296,149.3662,323.36316,445.351,-88.79121,299.92743,447.10394,88.740524,367.53497,527.1845,-173.29404,230.81224,467.33807,103.19981,459.36743,528.25726,-153.57294,267.6984,540.7116,166.69862,475.27194,522.3664,-152.09259,280.749,549.67664,171.718,464.53262,562.89886,-204.86226,241.97652,571.29504,164.1548
zancada_right
IMG_20241017_130917_DRO (1).jpg,zancada_right,264.43774,300.2575,-121.11637,268.11893,292.8051,-119.84128,270.72125,292.0021,-119.914696,273.50143,291.22992,-119.96622,261.63626,295.38858,-99.11917,260.05408,296.16467,-99.0917,258.65625,296.96268,-99.0672,282.0727,292.31137,-93.08145,262.85147,300.2283,4.514357,272.29074,306.1291,-111.02315,264.3481,308.6581,-82.84497,307.9566,316.94366,-134.8305,288.16086,341.5625,123.61855,339.8617,372.05692,-199.8147,294.07266,401.2868,181.17305,345.72385,425.28345,-250.75514,262.91675,437.27655,107.35573,352.80038,441.27808,-281.78812,250.43634,447.67245,99.972984,343.4769,444.18826,-289.0976,247.54758,444.4452,70.86919,339.9914,440.5984,-253.88475,252.2338,442.4825,92.41016,329.59372,435.161,-83.53959,304.20264,435.08606,83.51857,372.52124,512.7062,-154.97818,240.16231,466.77426,-0.1143501,463.54987,528.548,-122.847855,273.59976,547.25323,100.23514,482.55066,524.2897,-121.74519,284.69458,558.8995,107.321045,462.54224,562.7409,-202.14809,237.23155,576.7903,62.822624
zancada_right
IMG_20241017_130917_DRO.jpg,zancada_right,253.67409,312.0063,-104.83532,256.13284,304.03366,-103.330536,258.7755,302.97876,-103.39156,261.63687,301.9024,-103.44288,249.67764,307.34247,-82.193634,248.14389,308.4425,-82.16263,246.95116,309.55206,-82.12353,269.799,302.22186,-76.201195,250.56737,312.0166,23.332232,263.22778,316.94052,-94.45912,254.52382,320.34717,-65.73315,300.83957,325.16766,-121.99037,278.38342,351.15363,147.07274,332.8654,378.91086,-187.13118,290.36642,410.806,204.17982,340.07617,431.57922,-242.22482,257.56747,440.47528,128.10957,348.9173,447.4562,-275.03223,244.67548,449.01816,122.95891,338.47968,451.81326,-280.33075,240.66563,446.27408,93.28668,334.2617,448.02393,-244.60425,244.7019,442.96848,113.28384,327.07672,441.69525,-88.26723,300.95053,443.3175,88.263214,370.17145,523.61633,-166.35497,233.42032,466.79715,46.042366,463.1557,527.4649,-135.30003,271.7134,548.66583,134.34003,480.41238,521.9514,-133.56895,283.8183,559.3826,140.69035,465.4348,561.8147,-202.16933,240.16423,575.5418,108.56059
zancada_right
IMG_20241017_131351.jpg,zancada_right,1098.7623,1601.5996,-578.2256,1106.7175,1544.7507,-731.6543,1115.4636,1538.6631,-731.8248,1125.0038,1531.6261,-731.8866,1099.4216,1544.9432,-525.2614,1102.656,1539.5278,-525.1077,1106.7725,1533.1471,-525.2221,1199.6223,1500.5891,-1098.6375,1176.8557,1504.2498,-150.75562,1148.5863,1624.4851,-688.27295,1140.383,1625.7163,-415.2824,1401.4825,1671.0867,-1470.5717,1364.8158,1648.441,497.65045,1267.688,2152.465,-1408.6626,1315.5946,2046.3226,709.2954,1117.3888,2332.2239,-652.1648,1146.7377,2244.4731,325.3011,1088.7328,2356.3792,-733.9272,1108.8279,2322.235,323.39304,1073.2974,2313.6318,-717.589,1096.7395,2284.972,159.51044,1081.5763,2306.6267,-621.9741,1123.6652,2264.2668,242.79906,1571.0872,2449.0408,-626.98645,1459.1165,2392.0928,626.36865,1735.0289,3017.2983,-749.1033,981.951,2576.4473,867.823,2311.687,3107.1375,-247.91977,1154.6974,3093.0999,1544.91,2444.7312,3086.6973,-197.25127,1246.7826,3191.2947,1604.5785,2290.355,3389.565,-429.1037,919.35925,3250.8723,1590.7642
zancada_right
IMG_20241017_131353.jpg,zancada_right,1138.651,1545.4946,-714.17053,1146.0681,1491.5374,-864.8608,1153.6583,1485.1763,-865.017,1161.9547,1477.6786,-865.056,1142.6338,1492.9866,-651.3039,1147.6829,1487.9768,-651.0871,1153.6511,1481.5201,-651.2027,1238.0435,1445.7048,-1219.5605,1224.562,1448.7555,-235.31673,1187.1107,1566.4716,-821.575,1184.7865,1570.173,-537.78925,1456.7064,1603.5652,-1615.3737,1385.0801,1625.6384,442.6914,1354.1112,2076.399,-1729.9178,1373.441,2012.4636,701.0819,1159.9275,2290.598,-1208.113,1201.7738,2250.3594,307.6631,1126.398,2343.5068,-1345.8999,1158.9423,2324.0117,286.77344,1105.9539,2310.1714,-1328.7786,1147.991,2304.2927,109.61517,1111.8732,2302.8967,-1182.8401,1177.9628,2266.284,216.49124,1588.3473,2396.0732,-645.32996,1462.5137,2357.3184,644.9133,1759.267,2977.6458,-839.1442,1008.52185,2572.7327,1062.4073,2346.7905,3086.353,-475.12704,1184.6708,3081.7375,1785.7968,2499.5203,3069.2346,-444.8033,1276.8705,3179.3777,1843.5063,2308.313,3373.4705,-801.7342,947.51074,3244.5474,1772.5479
zancada_right
IMG_20241017_131353_DRO (1).jpg,zancada_right,199.65498,224.41653,42.95941,201.48686,212.59308,21.439726,203.2381,210.9406,21.363789,205.09767,209.0372,21.358002,200.30977,213.72223,59.92234,201.05348,212.99586,59.994133,201.88197,212.05711,59.977314,220.0455,201.11656,-41.64922,215.89268,204.69025,136.82153,209.54349,228.04099,22.913446,207.90602,229.33092,74.19562,259.0183,221.04675,-159.93112,252.54257,245.0985,241.68831,252.5471,296.45392,-247.17238,249.15273,321.6702,278.6645,204.90448,364.30246,-242.08604,234.36868,394.23114,200.34608,196.73735,380.04276,-276.5026,230.5771,412.44406,197.76698,192.00296,378.53415,-263.3703,227.97627,412.0297,163.7045,194.60971,375.09686,-235.0164,229.78009,405.31894,182.09149,290.42624,379.94934,-124.81485,265.52057,388.00467,124.60972,318.92087,490.9359,-187.78644,162.72104,433.82236,-36.216152,446.4222,534.3769,-170.78955,187.79904,553.62714,-14.847667,476.37112,531.8898,-170.54433,212.54683,573.684,-15.756465,437.53473,587.23157,-269.61026,134.05583,582.076,-75.86662
zancada_right
IMG_20241017_131353_DRO.jpg,zancada_right,193.36845,227.52295,37.457207,194.96844,215.23882,16.294718,196.98712,213.43436,16.216026,199.1206,211.51181,16.201838,192.79865,217.24214,54.237095,193.2335,216.90387,54.296993,193.73497,216.39243,54.266003,214.38947,204.04214,-43.796555,208.0431,209.61737,132.59483,203.72769,231.1667,18.753143,201.15152,233.22397,69.50219,252.4822,220.65227,-156.3286,242.58047,251.1622,235.42879,247.10287,298.0072,-237.2096,247.21716,329.65433,271.7778,199.57532,369.03482,-230.66153,229.49265,404.83603,188.61903,191.7979,383.72205,-264.89197,224.45862,423.72113,183.86345,187.93188,380.86575,-253.80673,221.87587,423.1197,149.30263,190.31818,377.8167,-224.46857,224.64833,415.75977,169.72293,289.63098,380.50314,-121.80353,262.44437,390.21558,121.60803,319.14444,499.65176,-176.31972,158.14308,435.30942,-6.6606855,447.01825,533.0049,-153.97246,187.86339,553.7621,29.59443,474.06012,531.92303,-153.0763,211.0795,574.23505,30.248636,438.69388,583.10254,-250.37076,131.23328,582.46533,-22.83693
zancada_right
IMG_20241017_131354.jpg,zancada_right,1126.083,1550.283,-774.67444,1132.8252,1492.3656,-923.5153,1141.1632,1485.6223,-923.6757,1150.3656,1477.7915,-923.69366,1127.587,1493.98,-715.73944,1132.0656,1488.5892,-715.56793,1137.598,1481.9269,-715.74084,1223.0044,1449.0782,-1261.2617,1205.5028,1451.8308,-304.44046,1176.653,1572.908,-873.64307,1170.6879,1575.9308,-597.74384,1434.3271,1622.5967,-1639.0354,1364.3041,1625.9939,380.18237,1288.7421,2115.0957,-1747.0173,1345.0111,2016.6471,640.5322,1119.6533,2348.6028,-1259.7778,1167.6156,2251.5818,253.48938,1073.7579,2372.9895,-1399.9032,1116.2063,2331.21,231.09612,1060.2451,2343.1384,-1394.6423,1106.3418,2290.2654,57.277905,1067.8583,2322.1196,-1240.9614,1136.4391,2271.366,165.26468,1573.4199,2409.9175,-634.48773,1454.8231,2365.6743,633.8228,1748.2534,2985.2783,-860.753,996.97046,2578.7217,1010.30176,2336.8313,3095.8306,-530.3482,1163.1263,3093.2708,1740.2251,2480.1118,3081.187,-502.7684,1254.2842,3192.0454,1801.5902,2304.8396,3376.5005,-846.0192,928.9121,3252.681,1742.9336
zancada_right
IMG_20241017_131354_DRO.jpg,zancada_right,198.72304,224.92781,61.486786,200.76286,212.78381,41.93887,202.66574,211.0354,41.871796,204.69484,209.03302,41.85702,199.22229,214.4062,79.555756,199.89456,214.03384,79.637634,200.64513,213.44838,79.653824,219.63719,202.62514,-15.490306,214.30428,206.79369,158.66878,209.42587,228.81189,43.125347,207.62329,230.44812,93.27362,258.6428,221.51959,-134.8813,245.11691,247.23901,264.82785,248.65065,301.159,-216.54051,245.96936,324.27048,300.9398,200.9192,369.0721,-209.12927,222.75748,390.92987,218.15352,192.30618,383.31985,-245.45966,210.7465,395.4248,213.46564,188.97972,381.64508,-233.88553,205.6916,397.12518,179.62149,191.12463,377.9583,-202.77734,215.7846,399.5256,199.5055,289.29822,378.98312,-124.37035,265.11926,386.24512,124.16293,319.0782,494.7553,-204.19609,160.44456,431.46652,16.620897,450.35327,535.19055,-201.7797,191.06837,549.99615,46.476746,478.3475,535.3031,-202.54733,212.17729,567.86884,46.7196,434.16174,587.64026,-300.1321,135.8943,580.1334,-2.8068118
zancada_right
IMG_20241017_131355_DRO (1).jpg,zancada_right,197.94962,223.3854,47.55211,199.26793,211.18088,26.271894,201.12875,209.4365,26.204079,203.06383,207.5492,26.190582,197.68774,212.76216,64.71585,198.32635,212.24706,64.79723,199.09018,211.53539,64.79861,218.29535,200.41504,-34.7955,213.39316,204.5511,143.30632,208.04018,227.20508,28.28324,205.97667,228.77156,79.52875,257.38327,219.62042,-153.80981,243.3952,244.18344,249.51624,248.46909,296.0502,-243.5324,248.17181,319.7656,284.4739,201.50099,366.20486,-243.9683,238.33186,392.51175,204.65726,193.91702,380.53122,-281.44577,235.85,410.10995,200.46231,190.34134,379.36664,-267.82748,233.79398,409.9154,166.82059,192.49255,375.43427,-236.91571,234.97241,403.20377,186.35501,287.89987,379.31177,-125.33768,265.37567,387.88232,125.122795,318.50406,494.0913,-202.72961,158.67595,433.35928,20.27101,446.1468,533.7338,-196.49538,190.36148,550.9557,61.706516,475.78165,530.5493,-196.87793,213.27461,569.8141,62.890163,435.64706,587.06354,-290.5215,136.95892,581.18427,12.841051
zancada_right
IMG_20241017_131355_DRO.jpg,zancada_right,200.88344,224.78471,82.19608,201.74516,212.6631,62.967213,203.51488,210.8112,62.91119,205.40791,208.74164,62.895073,200.54536,214.30164,99.61499,201.24426,213.84425,99.70602,202.03793,213.17686,99.72536,219.51596,201.14517,6.0866027,215.32953,205.57697,175.17213,210.7646,228.02306,64.03741,209.21785,229.76349,112.73282,255.96332,220.25308,-114.30707,255.92456,243.49188,274.5881,248.4005,294.12833,-194.5331,259.38522,316.5164,304.44205,202.25053,364.84402,-182.31947,251.74481,385.0175,229.97873,194.8749,379.9398,-216.49214,250.29262,401.04712,227.22194,190.31314,377.86673,-202.59227,247.50227,401.29352,196.51968,193.22775,374.48376,-174.79987,247.72899,395.0418,213.36101,287.06732,377.0252,-122.31673,265.51398,385.83368,122.07822,316.47598,487.47745,-228.96736,159.47339,432.03915,35.927204,444.69852,535.6539,-263.96286,193.4343,551.57263,59.956673,477.2119,533.7665,-267.9815,212.57532,571.4694,59.424065,433.0496,584.90564,-363.37143,132.44136,577.15656,10.617948
zancada_right
IMG_20241017_131356.jpg,zancada_right,1115.0942,1570.9314,-974.3463,1119.928,1513.9913,-1130.8298,1127.9615,1508.2609,-1130.9121,1136.7249,1501.3291,-1130.8846,1114.9574,1513.6278,-918.1297,1119.0233,1508.1646,-918.00854,1123.8912,1501.6853,-918.21356,1208.9543,1470.437,-1484.3212,1190.8257,1468.9685,-502.22543,1166.9653,1591.5908,-1075.6824,1161.958,1593.8425,-792.6403,1409.9506,1647.2489,-1848.0836,1398.7784,1599.4645,221.61258,1265.6519,2117.283,-2012.2721,1327.1213,2022.1042,532.6361,1082.1718,2388.698,-1575.7777,1165.379,2247.654,161.86551,1048.6455,2459.959,-1737.4448,1112.144,2336.993,138.32343,1003.4412,2413.5222,-1719.4695,1101.8417,2303.9746,-44.45015,1032.5105,2390.0854,-1552.8883,1133.4568,2288.5278,70.95944,1574.4065,2420.2637,-640.9699,1462.9978,2361.7837,640.2905,1769.0831,2990.179,-775.92615,982.10443,2564.1946,1077.5232,2347.2522,3102.9653,-387.67017,1162.5454,3084.686,1984.947,2505.4858,3090.8047,-358.95776,1255.8918,3186.9045,2062.288,2300.383,3389.3926,-768.3506,913.36566,3244.1396,1981.4957
zancada_right
IMG_20241017_131356_DRO.jpg,zancada_right,197.01299,223.02975,55.549004,199.33313,210.29091,34.548702,201.36963,208.49805,34.47531,203.50455,206.5754,34.459423,197.79575,211.69434,72.856384,198.50952,211.0714,72.93131,199.31268,210.24777,72.92889,218.30116,200.09103,-26.389008,213.22206,203.51096,150.90004,206.91476,226.98157,36.259834,204.78276,228.48744,87.27206,254.7156,220.17627,-146.66232,249.10333,244.74277,257.4717,244.87093,299.17627,-230.45808,247.5746,321.7022,290.81506,201.86784,367.83667,-220.13501,229.64207,393.21716,208.4444,193.67645,383.161,-255.67595,225.16872,410.18552,204.86919,189.0669,380.84476,-242.75449,222.1647,409.67065,170.52873,192.26671,377.61908,-213.29335,224.15387,403.28403,189.72911,286.70844,379.3793,-126.33889,265.37747,386.75583,126.14615,316.63205,492.06757,-203.59427,158.73874,432.93018,15.177735,446.52203,533.98456,-193.0446,189.67531,552.44696,48.577698,474.04132,534.1811,-193.09178,212.19524,571.6381,48.920918,433.75058,585.8753,-286.4474,133.46378,580.8687,-1.2533562
zancada_right
IMG_20241017_131814.jpg,zancada_right,1299.4305,1623.3585,-1218.6656,1319.8251,1582.0387,-1211.0955,1336.798,1577.4336,-1211.3463,1354.422,1573.1666,-1211.6003,1280.8544,1592.3442,-1134.4408,1272.3838,1595.0408,-1134.3035,1264.3741,1598.1012,-1134.2804,1395.8832,1584.5797,-1018.3562,1281.9827,1616.0321,-661.8821,1345.6359,1656.0333,-1138.9376,1300.6099,1666.4556,-1036.4059,1513.7484,1748.4612,-1093.3129,1357.3418,1818.2266,-68.8508,1539.9855,2097.0923,-1154.2609,1384.2377,2082.565,138.97237,1499.5247,2395.2898,-1145.5114,1361.9954,2302.9114,-193.10754,1501.3838,2465.5896,-1267.8027,1333.3755,2370.961,-219.6118,1466.3793,2466.0005,-1292.0481,1350.8695,2362.5479,-352.28653,1459.4667,2442.4897,-1145.9664,1364.3788,2337.5823,-252.20331,1550.9269,2286.9182,-352.02307,1438.2062,2277.2908,352.05334,1552.6882,2645.6418,-519.9821,1160.7207,2345.339,488.2839,1908.7294,2576.3245,202.44786,1380.5256,2641.321,981.58826,1963.3335,2521.3005,275.84756,1441.0359,2678.3892,1028.7632,1990.1487,2651.3284,219.35472,1257.4852,2740.9753,1001.62964
zancada_right
IMG_20241017_131815_DRO.jpg,zancada_right,223.39035,324.9691,-187.51422,227.21393,317.3719,-186.64584,230.26085,316.5719,-186.69502,232.95428,315.92496,-186.75575,219.13416,319.865,-169.1439,216.98393,320.75876,-169.11145,215.28966,321.65604,-169.11292,241.57425,318.3659,-154.89774,218.43742,325.9511,-73.25788,232.73682,331.55322,-174.49939,222.75769,335.22296,-151.08676,264.83817,348.82895,-186.77582,231.63799,373.07278,41.224873,271.3436,412.1768,-218.38295,230.37833,431.4394,81.41024,259.24393,471.58328,-227.80984,218.74059,481.71512,14.868769,259.8397,484.78488,-254.40176,209.01077,497.2108,7.646698,250.97958,484.48273,-259.12686,209.93509,497.40845,-18.720533,249.47966,482.1316,-227.96379,213.92397,492.18494,2.2537417,274.25293,457.92303,-78.34982,251.23149,459.5891,78.24649,259.34076,525.5431,-171.35028,187.71236,477.67316,99.024376,349.47717,533.8786,-64.9032,239.64888,546.2885,207.118,361.6035,523.9129,-53.35036,249.76636,556.438,216.38698,360.2746,562.38983,-81.81548,210.34196,574.60986,201.1991
zancada_right
IMG_20241017_131816.jpg,zancada_right,1314.1812,1626.0271,-1235.6658,1333.9789,1586.5664,-1236.0536,1351.5343,1581.9458,-1236.2611,1369.6559,1577.2777,-1236.5231,1303.1075,1593.5574,-1149.1384,1296.6024,1595.0125,-1148.9913,1290.0311,1596.8495,-1148.9786,1413.7528,1587.1644,-1079.5924,1312.96,1606.725,-675.17816,1356.3533,1659.9834,-1168.3198,1318.9961,1666.8228,-1052.1394,1532.8354,1764.293,-1151.4216,1388.4161,1811.0704,-73.67206,1601.7333,2090.9983,-1259.7625,1380.7386,2099.856,156.81857,1549.8766,2399.012,-1266.1348,1370.5316,2307.4763,-172.43651,1542.2067,2481.9622,-1399.3025,1360.7982,2366.481,-191.4423,1506.3287,2480.0408,-1416.4283,1369.071,2371.027,-328.43433,1500.8428,2455.1057,-1263.6781,1380.0964,2345.0972,-232.36319,1548.2191,2292.8042,-375.42822,1448.8383,2279.7083,375.69577,1522.2316,2660.0442,-418.6955,1191.9663,2345.1328,535.0292,1939.6539,2571.8186,237.53426,1420.7844,2643.4966,916.90405,1993.5431,2517.7769,302.40042,1477.0474,2679.1836,949.3938,2001.0227,2674.7139,230.65628,1286.2803,2731.8813,880.35
zancada_right
IMG_20241017_131816_DRO.jpg,zancada_right,222.25064,328.29877,-218.88785,226.05742,320.86874,-219.13542,228.99188,320.09375,-219.1858,231.71991,319.49344,-219.24594,217.6848,323.48605,-200.99686,215.43663,324.48822,-200.95572,213.59956,325.48294,-200.95552,240.23898,322.15485,-186.8006,216.84372,330.0905,-102.01178,231.56662,335.04425,-205.12837,221.76443,338.6404,-180.71028,263.5371,352.45428,-214.13228,230.14839,375.77478,19.025526,268.0485,415.09375,-250.46635,229.50406,434.29266,59.71948,259.7289,476.1729,-264.8094,220.79962,479.51764,-5.3246245,262.32227,489.72263,-293.88525,212.38504,493.97488,-11.7039385,252.08528,490.41724,-299.14896,212.34308,494.3328,-40.035137,250.78467,487.70547,-265.56586,216.69301,489.64706,-18.637096,272.06873,463.32077,-78.83843,247.68176,462.36435,78.772316,267.351,551.32965,-163.23401,184.65405,476.10236,123.93295,344.572,537.0523,-29.966742,231.49939,545.1963,239.57257,354.5635,526.6795,-15.688856,244.45645,554.36646,249.64995,358.6342,564.6998,-38.776943,202.03505,566.8672,238.82008
zancada_right
IMG_20241017_131817.jpg,zancada_right,1297.4126,1668.4027,-960.3222,1314.0559,1630.7256,-1017.9804,1323.6859,1627.5868,-1018.0755,1335.4618,1624.227,-1018.2865,1299.1719,1635.0417,-910.01874,1297.435,1634.7631,-909.88794,1295.7628,1634.5077,-909.939,1394.1788,1629.4689,-1087.3496,1341.8818,1635.3658,-590.84955,1328.1831,1700.3967,-972.62354,1308.4983,1703.6332,-828.88055,1530.1909,1790.7454,-1254.2194,1418.4679,1826.5238,-102.943375,1602.5936,2103.3257,-1384.0017,1432.4966,2119.42,87.25052,1545.2848,2428.812,-1318.6163,1406.3127,2350.037,-136.75854,1544.7284,2506.3967,-1447.4941,1395.2701,2414.2095,-131.54208,1508.9927,2505.8232,-1445.7916,1398.2327,2417.2954,-261.7312,1502.1184,2480.651,-1307.2716,1401.9427,2396.4182,-194.22812,1578.8546,2306.6191,-366.31973,1479.5638,2289.331,366.5778,1560.82,2658.074,-566.8593,1193.5049,2350.4893,771.10077,1918.72,2591.579,134.61299,1399.3069,2648.1492,1273.755,1972.6602,2525.2788,208.65286,1447.107,2694.6692,1322.6278,2021.9833,2655.8933,213.4,1253.0784,2749.723,1348.757
zancada_right
IMG_20241017_131817_DRO (1).jpg,zancada_right,223.89659,330.14795,-254.86467,228.05571,322.77722,-253.68721,231.08823,322.15375,-253.7331,233.89822,321.65958,-253.7896,219.16766,324.83444,-237.03311,216.83789,325.57535,-237.00287,214.9054,326.40027,-236.99799,242.22603,324.4093,-212.49591,217.56374,331.22528,-135.27278,233.33559,337.57025,-237.85907,222.8628,340.7453,-215.6071,265.4685,355.35388,-233.99013,227.15532,379.2215,-6.403503,267.3951,419.42987,-258.7502,226.01436,438.61972,36.02177,260.66144,480.83862,-267.47937,213.37256,486.7557,-28.36256,262.50818,494.1224,-294.6829,207.11017,499.54428,-34.835526,254.32954,494.4128,-302.0631,209.5504,496.99377,-62.78783,252.66216,491.8808,-268.7271,213.48756,494.08737,-41.207108,275.6068,465.38605,-78.408005,248.85757,464.57538,78.333954,261.16354,546.6567,-173.99461,197.6961,492.72217,131.60944,347.48718,540.6949,-44.785698,226.26521,548.8109,256.57037,357.186,528.16235,-31.007095,243.26994,557.0343,267.447,361.3193,564.0768,-51.979595,204.15002,577.3607,258.53238
zancada_right
IMG_20241017_131817_DRO.jpg,zancada_right,223.80453,332.41016,-223.29472,227.55121,325.14264,-223.06232,230.56561,324.34546,-223.10843,233.30005,323.67072,-223.17075,219.43056,327.52527,-205.27931,217.26215,328.39944,-205.24188,215.48672,329.30783,-205.24106,242.14172,325.85278,-187.8863,218.67339,333.50302,-104.79291,233.31503,339.2017,-208.51677,223.235,343.01437,-184.60039,266.23245,355.79684,-213.06479,229.80713,378.58575,17.171612,271.82422,419.51218,-245.25992,228.72592,437.05078,56.100674,261.53314,480.57285,-258.04245,216.97653,481.3902,-15.660486,262.2343,493.04605,-287.41666,211.29985,495.77737,-24.228817,252.83931,493.11548,-293.90866,211.95975,494.1875,-52.415035,251.37988,490.78546,-259.41794,218.3133,489.7437,-29.090076,276.22903,466.14438,-79.78343,249.35822,464.97015,79.72047,259.8525,550.047,-167.0693,185.47093,475.81235,117.22728,345.3228,539.61584,-42.73525,232.87886,546.41986,225.5386,354.08813,528.5633,-29.225452,245.8298,554.68427,235.25873,359.4123,566.4356,-53.25665,206.56274,569.3537,223.46663
zancada_right
IMG_20241017_131818_DRO (1).jpg,zancada_right,214.02669,337.33667,-197.5733,218.768,329.72058,-206.09424,221.5586,328.96057,-206.12805,224.17928,328.24176,-206.17125,214.10094,330.88293,-183.74562,213.35439,331.07266,-183.71066,212.58563,331.2161,-183.72868,235.41174,329.64273,-208.99176,222.95245,332.0918,-105.59485,221.66827,344.912,-196.95482,216.4685,346.12833,-167.01904,263.32486,356.84366,-252.19835,230.77646,380.24802,-0.7744655,269.41956,417.65646,-302.73926,230.76001,437.33997,35.843933,258.0772,480.6745,-302.1576,216.09969,489.82462,-22.925766,260.79294,494.08673,-330.1211,208.07552,506.21942,-29.218784,251.97456,494.59943,-333.37375,208.5347,506.6513,-58.20325,250.66673,491.02087,-302.26163,214.1018,500.97336,-37.388165,279.5072,465.9685,-80.42773,253.08871,465.81656,80.35263,265.6242,552.63513,-161.71947,185.8475,475.59824,140.15718,345.1312,538.1005,-46.72458,232.59563,547.47516,247.90169,355.87967,527.0834,-34.048573,245.75362,559.359,257.41852,358.60687,565.95953,-56.851974,209.26117,578.8969,250.59155
zancada_right
IMG_20241017_131818_DRO.jpg,zancada_right,220.90195,329.39917,-213.19196,225.61041,321.65063,-215.66579,228.50624,321.02173,-215.70581,231.2115,320.47076,-215.76047,218.63934,323.36917,-196.40195,216.88194,323.92307,-196.37447,215.26692,324.46924,-196.38708,241.25229,322.99515,-193.28923,221.51187,327.21268,-103.94085,230.34946,336.99945,-203.12335,221.60934,339.16632,-177.37094,267.19165,353.15735,-225.20877,229.59773,376.6374,12.521981,272.86163,417.00812,-261.32587,229.78012,436.0972,49.70036,263.7777,478.67847,-272.04633,213.9869,486.1174,-13.180462,265.29407,491.99695,-300.55515,208.45578,499.54556,-19.048805,256.35474,492.68732,-305.4765,207.63837,499.7744,-47.443535,254.7306,489.98297,-272.61255,211.99359,496.05942,-26.700745,277.7927,460.51694,-79.67686,251.41331,461.25015,79.583374,261.5086,542.6592,-178.4346,200.42786,489.72922,123.187386,347.8018,539.63556,-50.992035,234.37457,548.26825,242.32498,357.08005,528.32965,-37.399742,246.90625,557.2994,252.7099,362.28525,563.84,-60.438313,206.62566,569.97656,241.79703
zancada_right
IMG_20241017_131821.jpg,zancada_right,1176.9855,1713.4377,-1100.4812,1178.0055,1671.4918,-1157.1512,1186.6738,1664.6019,-1157.3488,1197.0974,1656.9833,-1157.6609,1162.9628,1680.926,-1046.7451,1159.4427,1681.3197,-1046.6354,1156.0776,1681.7637,-1046.6956,1249.0425,1635.086,-1197.6559,1190.1421,1663.4951,-688.0024,1217.1964,1733.228,-1099.16,1196.1176,1740.8047,-951.92303,1415.5745,1749.5515,-1337.7203,1289.0486,1812.1779,-143.79958,1481.9767,2067.8472,-1492.633,1329.394,2095.6006,100.6398,1462.4629,2405.2227,-1451.5225,1291.865,2269.0046,-98.87828,1470.7151,2467.7605,-1593.1604,1280.431,2331.8088,-102.57683,1438.2915,2466.9329,-1605.1302,1273.5587,2337.14,-235.81427,1432.5675,2448.6208,-1446.7356,1277.599,2317.8787,-158.62679,1551.2845,2263.9336,-361.0221,1435.0996,2251.649,360.90875,1535.8606,2662.896,-687.37854,1133.3455,2294.7227,763.5417,1932.1389,2603.1013,-128.63113,1287.3956,2626.0588,1275.5634,1988.0773,2550.2012,-70.85575,1340.8776,2680.5105,1323.4932,1999.9644,2730.9958,-172.56349,1135.7673,2720.1155,1300.7753
zancada_right
IMG_20241017_131823.jpg,zancada_right,1219.0576,1600.6337,-1336.552,1236.6727,1557.2579,-1341.2681,1252.345,1552.2361,-1341.5209,1269.0695,1547.1642,-1341.8507,1203.254,1568.266,-1254.7544,1196.5753,1570.7302,-1254.6318,1190.9719,1572.9567,-1254.6453,1312.4136,1550.441,-1186.1448,1211.966,1581.6002,-785.8571,1263.9421,1630.3163,-1268.6711,1224.9777,1639.9824,-1153.5162,1443.9546,1704.1416,-1294.5027,1282.9877,1778.7299,-144.97295,1487.3291,2033.5629,-1397.5332,1321.9248,2058.5715,99.73356,1455.0223,2362.316,-1377.4518,1287.5239,2277.4766,-175.5695,1467.821,2421.1875,-1506.5188,1272.6703,2320.7034,-193.46526,1434.9619,2422.9065,-1537.5629,1255.4275,2319.7017,-326.22986,1428.7809,2406.1616,-1378.9999,1276.2964,2308.392,-235.2508,1557.1543,2228.3394,-366.47192,1425.5992,2222.2737,366.2347,1568.1445,2624.9917,-640.58435,1130.6173,2271.4927,659.30457,1950.055,2574.6672,-129.06282,1285.412,2601.7412,1242.9371,2016.4783,2522.0796,-77.68715,1341.9651,2661.9019,1295.0225,2010.2135,2696.7927,-232.45393,1125.4967,2697.2512,1237.0107
zancada_right
IMG_20241017_131823_DRO.jpg,zancada_right,195.14114,348.32104,-198.28618,195.28996,339.92624,-206.01282,197.49878,338.38748,-206.04701,199.92929,336.55396,-206.08987,191.52042,342.74316,-183.2852,190.63184,343.39716,-183.2405,189.67352,344.0449,-183.24838,209.94908,332.9112,-200.4197,196.59995,341.4843,-94.601746,204.33737,351.7606,-193.76448,198.54147,354.2013,-163.16609,240.57701,357.62405,-237.23198,215.44339,376.1111,21.559374,248.63017,419.13724,-286.6165,210.62738,433.58408,52.434727,242.10277,480.4157,-289.81952,190.92944,488.79657,-15.394293,244.06131,494.0569,-321.48627,181.12137,499.3844,-21.454859,233.75555,494.5303,-324.10464,181.75583,498.22873,-51.1303,231.73872,491.4488,-289.91907,188.75452,495.0403,-30.05348,262.04437,465.75412,-82.362076,237.58447,467.2731,82.29731,259.29727,546.7866,-165.06305,173.5528,472.81543,114.918396,345.02744,538.6074,-65.151566,206.38461,548.8928,200.38782,356.5326,527.5856,-55.03111,219.45015,559.64453,207.04245,354.74393,566.74115,-85.958725,180.84045,578.87866,190.01184
zancada_right
IMG_20241017_131824.jpg,zancada_right,1410.7574,1335.7988,-1094.587,1434.5575,1298.6079,-1104.2355,1451.5083,1295.0974,-1104.4393,1468.5276,1291.6877,-1104.6644,1405.6775,1302.6814,-1005.10175,1399.4937,1302.887,-1004.9572,1393.5015,1302.7274,-1004.839,1512.4177,1303.616,-972.5466,1419.8141,1313.4622,-508.5764,1451.67,1375.8773,-1035.7156,1415.527,1378.3652,-902.4934,1607.8783,1468.0013,-1146.258,1500.9608,1532.2654,146.76477,1646.7175,1772.6996,-1287.9597,1510.2871,1811.1476,378.43677,1627.278,2079.8235,-1276.1625,1484.0215,2031.1052,5.1145897,1639.9622,2149.7092,-1411.6455,1454.382,2121.6167,-23.80855,1603.0923,2149.7437,-1427.4855,1451.7184,2081.6023,-164.0711,1597.606,2130.247,-1272.0278,1467.2223,2089.811,-61.98534,1672.9657,2019.083,-436.47153,1552.4924,2018.7383,436.3031,1699.1644,2398.606,-559.529,1280.1501,2198.169,672.78156,2068.7463,2558.8079,-173.93008,1311.5532,2574.9126,1297.9685,2164.7727,2563.3484,-148.05669,1352.939,2648.0718,1344.9785,1995.3553,2714.9507,-486.38522,1146.8931,2658.6936,1189.8312
zancada_right
IMG_20241017_131824_DRO (1).jpg,zancada_right,202.62961,328.64288,-224.10774,206.75227,320.85794,-221.8824,209.9451,319.924,-221.93361,212.99336,319.0259,-221.97179,198.4462,324.10168,-205.081,196.5525,325.22498,-205.05554,194.63309,326.32333,-205.04861,220.64717,321.03677,-183.69298,197.7254,329.72226,-105.13115,212.19383,333.83978,-208.95464,202.20766,337.30212,-186.27411,244.43593,351.8975,-209.48175,213.73451,377.72842,18.051256,248.0952,416.54172,-243.77689,208.07686,438.4551,64.4285,238.684,475.46692,-260.4864,192.48598,486.72195,-9.455347,240.00157,490.17258,-288.34848,190.1953,499.541,-17.78844,229.88493,490.09915,-295.355,186.57979,498.59634,-46.538414,227.9404,486.35095,-261.95422,191.9511,494.12894,-23.12931,263.72958,460.71573,-76.971054,235.97937,464.64633,76.93308,263.6804,544.42053,-144.17021,172.76376,474.63016,49.693832,348.47137,537.872,-22.3817,210.46579,549.3518,157.66043,359.4142,527.96185,-10.727895,225.10345,558.16296,166.50162,359.21436,562.9025,-49.359844,189.09497,586.8437,139.70264
zancada_right
IMG_20241017_131824_DRO.jpg,zancada_right,198.13008,336.801,-222.99646,201.16974,328.6276,-222.11256,204.36362,327.35962,-222.15701,207.09656,326.3288,-222.2063,193.65492,332.43213,-204.49532,191.85135,333.5922,-204.47833,190.428,334.49734,-204.47173,214.77806,326.75095,-187.81847,193.5035,337.02902,-105.0818,208.31284,341.38507,-208.94278,198.83328,345.19058,-185.07623,240.49147,357.0094,-210.69366,212.06422,381.11612,15.22497,254.72498,424.8808,-240.19226,209.13718,440.80237,56.0427,241.55225,478.77835,-254.79762,189.33072,487.32486,-17.298618,243.5704,492.6679,-283.78485,179.01071,496.97925,-24.763393,232.4982,492.53186,-289.34805,178.92775,496.7113,-54.702652,229.92578,489.61047,-255.62576,184.99023,493.37653,-31.410702,261.3514,464.967,-75.96161,235.72636,468.8467,75.93321,262.32892,547.0425,-170.24353,173.28075,477.94318,94.728676,348.3781,539.84106,-78.27978,203.96046,551.1622,188.6703,359.76794,529.4982,-69.55435,216.95259,560.3191,195.91075,359.19385,563.2092,-106.06118,177.89099,581.6899,175.37166
zancada_right
IMG_20241017_131825_DRO (1).jpg,zancada_right,223.07794,306.20984,-102.4962,227.1146,298.53607,-100.79975,230.24922,297.64523,-100.86663,233.34657,296.9263,-100.92457,219.67914,300.87808,-81.575096,218.03821,301.62067,-81.540405,216.51427,302.4391,-81.530174,241.75371,299.70813,-74.662254,220.36375,305.95575,15.088151,232.6687,312.536,-91.75027,223.15784,315.01395,-66.039246,262.34442,328.22205,-130.8183,235.05339,344.59476,129.30922,265.91873,387.9156,-183.89426,240.07259,405.88507,161.94847,254.88383,445.08472,-193.71951,222.62692,461.5717,89.162315,254.9092,461.38586,-222.3771,216.79366,474.9276,81.36661,248.74953,459.94705,-223.22098,217.31622,475.01825,54.78213,247.42009,456.3218,-192.7485,218.69447,470.8886,75.58129,274.58313,438.47467,-88.06794,250.14244,441.74695,87.97885,277.51492,516.8891,-162.57704,186.19508,469.58176,-3.0611928,359.559,535.19147,-99.638824,207.0934,547.21674,84.90674,374.91592,530.50366,-93.911514,220.16705,559.7602,91.58651,358.47522,567.26215,-146.93845,168.03998,576.2119,56.590485
zancada_right
IMG_20241017_131825_DRO.jpg,zancada_right,204.94724,327.71606,-170.28735,208.87625,320.54477,-170.27414,212.15927,319.58414,-170.32375,214.97768,318.74203,-170.36397,201.58383,322.94925,-151.78233,199.62987,323.82742,-151.7634,198.02449,324.58588,-151.76395,223.93288,320.00665,-143.38394,202.66315,327.88397,-57.764366,214.30998,333.5695,-159.30687,205.36545,336.62552,-134.69482,246.55357,349.4369,-185.83154,217.75818,374.06305,53.98962,248.21988,407.78732,-231.24892,211.6245,430.17026,84.05365,241.8609,471.39273,-236.48723,196.4443,480.80148,14.314685,244.26865,484.03992,-262.4428,187.32155,495.1109,8.500536,235.7792,484.22107,-263.19714,189.46361,494.66656,-18.538515,234.38719,480.11392,-235.31145,195.424,489.33893,1.2510763,263.55853,459.16254,-80.47211,239.63388,461.92804,80.35529,264.6118,542.79834,-147.51427,175.47974,473.53568,45.46122,350.17734,537.1714,-43.220078,205.90646,550.506,138.54115,362.5683,527.20667,-32.149956,219.69458,562.7684,146.4342,359.3794,561.6762,-61.647793,172.25505,570.7418,123.62143
zancada_right
IMG_20241017_143839.jpg,zancada_right,266.8609,435.37427,-66.29769,269.0125,427.80457,-83.985176,269.76425,427.5157,-84.02422,270.60223,427.1069,-84.13141,269.15018,427.36966,-62.006027,270.01065,426.7953,-61.98372,270.99002,426.06628,-61.967583,283.1224,426.63437,-124.101906,283.46573,425.17065,-25.234314,271.69162,440.45883,-78.982155,271.2604,440.0308,-50.115486,302.97375,475.85184,-160.14899,303.63596,465.387,45.7354,313.1026,543.47363,-138.39996,319.8917,513.005,82.13763,274.71347,519.612,-67.42367,284.64343,511.9506,65.14009,264.8716,514.98956,-80.74065,272.68704,507.31122,73.17294,266.5296,506.84537,-73.79532,273.05933,502.51544,56.932606,271.13425,507.6154,-63.026306,277.48074,503.40298,58.410816,351.0587,549.57434,-65.694695,344.9117,540.603,65.841606,292.1754,603.3391,-116.21011,282.47903,555.3394,49.137783,316.19437,667.8388,-42.505905,297.44214,631.5306,83.73896,326.60254,672.849,-31.978546,309.18695,642.3139,85.12822,303.91495,689.325,-30.988134,278.11407,649.47485,66.05078
zancada_right
IMG_20241017_143841.jpg,zancada_right,270.689,421.39285,-260.0952,273.4086,412.84308,-273.64093,275.80557,412.02814,-273.62894,278.82544,411.0807,-273.71524,270.1232,413.80875,-247.39322,269.69803,413.81824,-247.38806,269.28555,413.7659,-247.3375,291.78357,411.81375,-269.7994,279.2446,414.43842,-150.96948,278.38763,430.4531,-254.34288,274.61224,430.5508,-220.12975,308.91962,460.86206,-266.12964,317.227,447.9525,10.6491165,314.69244,536.67285,-222.46925,326.93552,507.09274,166.2719,275.21573,507.40997,-85.82946,295.11197,491.77408,261.81207,262.89844,502.8705,-83.36528,284.75958,485.83386,292.13785,265.9006,493.3047,-75.39287,281.5772,484.20444,272.6332,271.52985,494.6069,-76.65241,287.3826,486.93546,258.02557,331.24567,580.689,-90.65625,327.35635,567.33215,90.49431,346.0123,674.36694,-109.72503,245.9871,583.6823,252.53833,431.80334,665.89734,-42.72185,294.21677,651.38434,345.49454,446.54193,654.54443,-31.70406,309.8515,659.88196,354.3053,448.95673,697.9514,-14.6555805,264.75305,672.8874,380.20724
zancada_right
IMG_20241017_143849.jpg,zancada_right,260.44324,416.98315,-113.1685,265.77008,411.79947,-132.68956,266.6249,411.9984,-132.7283,267.45966,412.28363,-132.85034,266.08698,411.15326,-109.42235,267.24277,410.88788,-109.359634,268.4072,410.63873,-109.33126,277.5305,416.8142,-172.97093,279.4612,414.16074,-69.484795,263.3456,424.46622,-124.42531,263.0089,423.4591,-94.56913,292.6269,471.7887,-202.27577,299.4698,455.31506,6.8987327,297.48438,539.4685,-172.03659,303.36823,508.9867,57.22925,260.1306,516.10944,-102.16883,274.9107,512.2729,54.18951,249.2013,511.51016,-117.01141,269.6656,508.0862,59.973087,251.88766,503.693,-113.47588,260.58936,498.5754,42.95194,256.45334,504.78214,-98.31433,265.47437,507.26505,47.43812,330.92215,549.961,-59.982033,327.36285,543.1547,60.04954,308.5805,617.6251,-60.537903,293.25793,580.303,148.08318,375.49234,660.36224,14.06997,324.9333,594.85034,252.6446,388.64093,660.4942,26.787842,335.20273,595.7439,264.835,384.23877,683.6232,46.5866,318.5417,603.24603,279.8174
zancada_right
WhatsApp Image 2024-10-18 at 10.39.10_c25e0d98.jpg,zancada_right,282.94073,414.17392,-2.8776543,287.7473,402.92566,-29.023706,289.62335,402.53027,-28.995796,291.75812,402.0953,-29.018803,287.13358,402.95544,6.123757,288.38202,402.5543,6.1629224,289.8844,402.00375,6.187221,307.434,406.16257,-86.29988,305.1607,405.43835,71.966,289.77927,423.24268,-21.188341,288.78485,422.97964,23.917665,329.21237,461.0393,-172.71721,333.47592,456.7864,182.95728,268.86035,530.17914,-130.433,292.19925,518.21545,70.755196,274.1812,478.89377,100.65016,281.54175,480.79108,-134.75027,271.48218,467.94583,112.96407,278.55176,467.941,-150.2069,281.82486,466.4701,109.87388,284.11566,465.78555,-139.90942,284.66953,468.83868,108.09193,288.25653,469.2774,-137.6459,363.094,608.7317,-115.74146,336.24753,600.1075,115.42362,384.0182,738.0407,-162.7069,242.88188,623.6741,141.95386,498.07492,727.6222,-72.62966,276.35107,725.0501,165.05089,519.3363,718.0923,-59.669853,291.47665,745.8405,165.94781,500.33,774.0173,-60.551632,229.81586,749.4882,176.72733
zancada_right
WhatsApp Image 2024-10-18 at 10.39.11_9fb275de.jpg,zancada_right,281.65427,413.92462,1.1959207,286.7952,403.4144,-25.743132,288.5278,403.1127,-25.727612,290.51547,402.80115,-25.756418,286.43323,403.41,9.952303,287.77798,403.06744,9.99493,289.36978,402.6162,10.018283,306.2607,406.91147,-85.01863,304.46625,406.0985,75.34508,288.3577,423.0629,-17.715628,287.6324,422.80545,28.052301,324.88208,460.46246,-173.68553,333.25653,456.60162,193.16696,271.5802,532.23517,-128.81172,299.5171,520.4086,92.045204,267.62787,484.06894,104.28955,279.8613,480.25516,-111.44072,265.38266,475.35434,115.49251,275.59772,472.66202,-124.3454,275.84888,471.48297,113.87529,281.33636,469.79224,-117.76892,279.2698,473.38635,112.2599,286.0779,471.87332,-115.63602,361.76746,606.8539,-116.77002,338.15906,599.6365,116.43998,382.81625,737.5895,-167.9898,245.09854,621.93005,147.14236,498.78217,729.1428,-73.396286,275.98325,723.0898,175.21356,519.74084,720.6301,-59.810165,292.28943,745.0735,176.67903,500.42426,775.00745,-56.549454,230.36423,749.1088,189.69257
zancada_right
WhatsApp Image 2024-10-18 at 10.39.11_f8403ac3.jpg,zancada_right,284.0154,412.04694,-7.050097,289.4205,400.9829,-33.29569,291.24786,400.68262,-33.273575,293.2938,400.40555,-33.300648,288.98483,400.94016,1.8010547,290.35333,400.5814,1.8359113,291.93112,400.14526,1.8657624,308.57584,404.76413,-90.8548,306.1726,403.65826,66.82319,290.95105,421.71533,-25.43538,290.11783,421.49124,19.504288,330.81796,459.93222,-178.5165,335.03275,454.91388,177.05733,269.38626,529.2917,-134.5979,293.11163,516.074,58.33645,277.97162,477.7965,100.17839,283.35422,477.51825,-153.50336,274.36508,467.5344,112.63262,279.7084,464.87003,-169.07788,284.93372,464.64536,109.60791,285.81583,463.71304,-158.55818,287.79007,467.51068,107.73685,290.11328,465.34018,-156.36134,365.20193,608.25305,-116.27108,338.42572,600.2207,115.944,383.0334,738.2782,-146.8206,245.46089,624.78485,133.6443,497.824,729.5789,-47.796997,277.03235,727.7335,157.76724,521.3434,719.3789,-33.91365,293.9475,748.1456,158.827,500.46674,777.01733,-34.301956,229.56383,749.28406,167.89735
zancada_right
WhatsApp Image 2024-10-18 at 10.39.28_635e10b8.jpg,zancada_right,297.88107,437.96786,47.9889,298.77374,428.1279,22.948631,299.80893,427.6636,22.94854,300.87256,427.21912,22.915634,298.85855,427.82736,61.82319,300.00732,427.1196,61.87015,301.35245,426.26147,61.909885,315.0156,426.13947,-42.85738,317.26657,424.20618,133.47661,307.0041,445.76044,25.424692,306.96796,445.10107,75.646736,362.29858,469.14352,-140.47818,360.43097,464.85284,250.82626,365.2055,561.4944,-105.264084,360.7695,540.0636,200.87296,296.52402,524.42957,117.09107,312.90192,513.4787,53.670593,276.1252,516.14886,125.109215,299.27145,503.62518,50.089783,280.99908,504.33575,136.89871,289.9758,499.7635,47.09498,288.25308,506.15628,130.7931,301.0865,501.80637,47.10613,412.85385,615.09216,-125.86551,384.69232,609.49426,125.37986,444.98264,750.6189,-215.04787,280.5364,615.1725,171.0887,565.9288,736.0316,-160.20244,307.88892,727.4615,161.06256,592.20105,726.388,-150.82129,326.9651,749.63104,158.15456,576.2988,787.1096,-156.79916,259.34558,759.0035,165.15247
zancada_right
WhatsApp Image 2024-10-18 at 10.39.28_b32a3cb4.jpg,zancada_right,287.8328,435.84753,43.536278,288.79126,425.37952,15.800936,290.00717,424.8891,15.819358,291.1992,424.39374,15.814987,288.81125,425.00473,56.077003,290.0378,424.31985,56.09953,291.39087,423.4885,56.09735,305.51483,422.861,-56.60963,306.96402,420.69067,125.04925,297.91855,444.26385,18.547329,297.7716,443.1734,70.45679,345.2302,468.71863,-157.92667,354.61905,455.60114,244.46039,344.5133,560.88873,-118.922585,347.3622,523.3566,185.48332,307.50317,517.9157,126.198944,310.95428,507.89136,15.522351,295.4967,505.7762,137.28076,298.94815,495.38898,12.013771,301.5606,498.70697,143.2015,302.5828,493.51398,9.456846,306.4557,500.6883,137.94247,306.80032,496.19318,8.210727,407.3195,611.77136,-125.25532,386.4895,604.2144,124.79782,447.81824,742.85455,-211.01605,280.2329,611.5615,231.61653,570.1397,736.2655,-209.746,305.85205,726.9505,258.34485,599.5223,728.4098,-206.35141,326.76102,750.35535,258.9521,576.5786,787.24805,-234.46156,260.24136,756.4765,267.64734
zancada_right
WhatsApp Image 2024-10-18 at 10.39.28_df5798b3.jpg,zancada_right,315.04034,435.52078,69.581,314.98846,423.08734,40.94549,316.0852,422.30237,41.02805,317.0156,421.76553,41.014767,314.57007,422.6864,77.973045,315.34076,421.64117,77.986984,316.31085,420.73517,78.00993,329.45493,420.56516,-29.387003,330.285,419.43726,134.73523,323.7255,442.7734,50.641422,322.81628,441.43466,97.83278,363.5376,464.35803,-123.7908,372.46072,455.8701,243.23172,318.72327,548.0602,-80.81522,344.63257,526.47955,262.69348,317.0485,486.12933,134.3329,321.19495,480.10928,239.48494,309.42004,467.7361,148.6269,316.05893,461.96237,245.47845,321.2455,462.7382,142.49284,323.9412,457.13818,257.6281,325.01428,467.46277,140.72116,328.2017,462.25476,241.151,405.0883,605.4516,-129.56436,404.77478,603.5204,129.57736,278.01324,622.8304,-68.80459,426.4569,720.02924,77.36695,311.3723,745.1807,-7.321917,539.83386,713.2693,51.10402,331.38248,766.1576,-2.9832306,567.9948,705.2121,49.90091,257.32483,775.3936,-16.395382,543.7489,750.9866,48.427708
zancada_right
WhatsApp Image 2024-10-18 at 10.39.30_9e90975b.jpg,zancada_right,304.50122,432.49695,34.73462,307.2964,421.4783,12.135501,308.82547,420.98563,12.151578,310.41513,420.525,12.1155205,306.18442,421.48856,49.58251,306.95297,420.97458,49.61953,307.86667,420.40964,49.655605,326.97275,421.29114,-42.89687,323.8279,420.47098,126.49858,313.54532,441.0688,15.765572,311.62744,439.8674,63.809902,369.04843,469.3855,-141.98984,353.17145,465.72076,245.91216,354.4423,561.6485,-114.42105,345.1379,541.062,149.04308,303.98303,499.9823,121.24704,308.07596,496.16272,-55.027866,291.88626,486.81323,133.12747,291.80365,481.72827,-65.654305,295.21777,479.71658,144.04192,300.57364,479.15494,-60.15447,301.75827,482.6164,135.3103,307.9105,482.87973,-59.978714,407.68274,620.6809,-127.18253,378.9513,614.07623,126.70221,441.61923,754.2677,-214.13916,278.0151,616.9397,180.04892,560.6687,738.10034,-173.84842,305.78403,728.07666,164.9669,585.19336,726.47217,-166.0145,327.35898,751.85614,160.88007,571.71155,787.9502,-176.3744,258.54245,758.74005,162.67911
zancada_right
