IMG_20241017_104910.jpg,leg_down,468.9575,517.3075,-93.55692,476.41486,521.7023,-114.705414,476.4937,523.1841,-114.729416,476.5887,524.7555,-114.820755,476.58734,520.8962,-84.504745,476.80536,521.6828,-84.47245,477.08234,522.5291,-84.42594,473.39566,536.77655,-158.94987,473.69843,534.31903,-23.511105,459.25385,521.3245,-106.49444,459.42117,520.02356,-67.71548,425.56042,550.9699,-209.63652,426.76782,537.3072,73.02962,358.9237,557.6915,-162.50156,362.72937,531.1544,25.392641,368.77142,513.08765,5.611917,376.73883,510.75458,-123.53256,371.74982,503.96603,6.058194,379.3637,503.792,-133.40457,381.4682,505.39676,11.589677,382.4154,504.35175,-142.70021,381.43866,508.9625,14.374907,382.8802,506.8389,-132.57031,310.76382,541.07916,-84.79426,319.2398,532.7214,84.98251,322.11453,494.1258,-51.159687,348.2927,507.1669,225.61108,337.5887,509.08087,129.72502,343.7768,510.2191,325.62683,334.97937,511.09085,147.36143,338.2198,510.08142,334.9751,357.131,504.26184,161.20929,360.88315,498.6698,346.71548
leg_down
IMG_20241017_104912.jpg,leg_down,473.24136,517.11584,-94.37167,480.9305,522.7914,-111.51736,481.00772,524.6494,-111.56532,481.1572,526.87964,-111.68947,480.79742,520.9695,-84.88003,480.7319,521.2695,-84.807465,480.72296,521.6397,-84.78491,477.18436,538.9159,-141.75673,477.9563,532.8613,-25.335417,463.03726,522.22284,-102.54359,463.40146,519.4995,-68.849335,429.74792,551.513,-181.96484,431.45523,540.1667,67.5095,364.1163,558.89624,-140.77444,378.81683,537.8488,55.69302,375.90533,514.4653,-11.5466585,380.01202,510.2494,-52.59561,376.68625,503.88113,-18.330584,382.87793,500.70697,-61.578243,384.88452,504.23264,-10.974118,384.7966,500.876,-73.90882,384.60132,508.74005,-3.7971773,385.23648,504.4214,-62.135616,319.8237,542.47955,-74.03578,324.42673,534.6411,74.123146,237.01071,523.3249,-37.843475,244.8739,524.6054,132.02994,165.98938,531.231,79.15654,174.6416,530.98553,232.39383,153.28664,538.6982,89.45124,163.29785,537.70374,240.39723,152.96613,509.65244,55.406986,159.87013,505.28613,206.78526
leg_down
IMG_20241017_105256.jpg,leg_down,1562.3123,2240.8162,1056.8374,1564.4775,2238.8564,1153.1577,1569.6719,2240.7588,1152.9498,1574.55,2242.8716,1152.8015,1545.2798,2240.7258,1164.1813,1537.4015,2244.0073,1164.0247,1529.0641,2247.978,1163.9673,1570.3362,2263.109,1408.1902,1503.7295,2276.7722,1443.8872,1572.8925,2262.7104,1125.8252,1551.8096,2263.8057,1135.1908,1669.1748,2384.5105,1194.1382,1407.7043,2396.5144,1312.365,1741.1772,2501.8894,786.51855,1349.9757,2519.538,870.596,1772.1626,2616.3137,391.5329,1333.0557,2627.9907,340.9928,1795.8325,2671.9756,302.325,1310.1516,2676.8394,253.09612,1773.388,2670.0322,270.89032,1334.6055,2675.462,224.60857,1755.102,2656.244,371.18198,1350.4827,2661.5598,316.21255,1647.3157,2588.2517,-37.940205,1463.5337,2608.8757,38.099323,1638.7937,2688.084,-1086.6085,1488.1667,2702.1162,-1223.8801,1681.0376,2968.5266,-2359.4363,1518.8239,3013.6592,-2469.0269,1660.416,3096.998,-2520.4285,1538.8977,3101.9983,-2621.0928,1686.7844,2916.9722,-2766.0269,1491.7416,2924.6335,-2849.8953
leg_down
IMG_20241017_105258.jpg,leg_down,438.56378,498.409,-91.97927,448.5483,502.2769,-109.372856,449.52573,504.9341,-109.38226,450.53928,507.79172,-109.45026,446.8789,498.5716,-81.986115,446.6974,498.35886,-81.94289,446.60153,498.14514,-81.98726,448.9114,521.171,-142.11865,446.08597,510.41827,-21.276508,429.7815,508.8119,-99.86192,429.5121,503.14102,-64.58623,402.5596,544.0542,-213.06113,392.52884,531.07983,87.62788,321.62067,559.1665,-252.19385,320.52142,539.55414,126.8703,243.0952,560.4604,-248.916,255.75026,547.5199,94.05341,219.16602,565.6205,-280.5559,234.32462,552.1254,99.45814,216.84018,559.0764,-274.59442,238.54327,552.66113,75.007866,223.94583,556.4627,-245.23117,245.2877,552.65674,82.68788,244.24626,540.6435,-96.19638,248.6162,536.3442,96.22049,139.43556,532.73956,-80.471535,148.62009,538.78046,117.073,26.964802,545.8883,-37.33731,49.701637,543.0942,179.76743,20.167583,553.22534,-36.95266,26.744896,550.89154,182.86479,13.843256,511.0314,-103.43434,22.293842,504.78473,131.66263
leg_down
IMG_20241017_105300.jpg,leg_down,440.6282,495.63495,-113.79645,450.63553,500.98004,-130.64691,451.25412,503.88132,-130.66371,451.91623,507.14673,-130.74304,449.71112,496.91177,-103.534904,449.60132,496.4671,-103.48797,449.58044,496.02026,-103.519714,449.05347,520.1982,-163.21513,447.55225,507.30624,-43.37118,431.26648,504.53748,-121.8548,432.0375,498.61154,-86.85797,402.3921,543.9281,-230.21521,392.20575,527.82697,67.46756,321.86896,560.02545,-266.53815,325.62912,535.00806,112.84196,246.87599,559.47943,-263.049,264.7488,537.968,83.42409,225.0712,563.92096,-295.08066,245.61224,540.12213,89.825264,224.06935,556.3294,-288.71808,244.02884,536.68256,64.63354,229.66241,553.5083,-258.97174,254.18637,545.9871,72.01546,255.09557,539.6139,-94.63002,259.18304,532.4459,94.646,150.59258,530.8554,-89.385826,163.61778,532.9295,138.85805,42.854656,549.5768,-57.288475,70.88512,543.2995,216.66269,35.720783,565.59436,-57.83069,55.476307,554.00726,221.76869,26.383745,519.49554,-126.841354,42.87951,507.2487,177.48933
leg_down
IMG_20241017_105300~2.jpg,leg_down,436.87073,490.8099,-77.96832,447.33865,493.70032,-96.33551,447.9932,495.75244,-96.32381,448.7665,498.05664,-96.38155,446.47528,491.41135,-66.62031,446.54208,491.52933,-66.55927,446.68872,491.63165,-66.59368,447.22754,513.04944,-138.23787,445.6596,503.73062,-7.1965837,427.80017,500.06256,-89.91825,428.5557,495.48587,-51.59683,401.149,540.7142,-216.43985,390.7731,523.5769,98.416855,318.4369,557.25415,-262.38324,320.09845,532.4905,137.79877,244.53601,556.0615,-273.84674,258.73718,534.81665,106.34617,222.92738,559.75354,-310.4119,238.30876,535.02045,111.699905,221.69972,550.8187,-303.12045,235.40205,533.3453,84.73561,227.63614,548.11304,-270.13126,245.78494,538.74036,93.796234,246.5996,536.2156,-98.83332,249.8659,530.416,98.899376,138.40047,525.9952,-85.096855,147.3875,534.0675,112.04953,26.235813,540.50665,-42.27535,37.954742,541.78436,168.24419,20.033043,550.6543,-42.206894,22.692167,547.8665,170.16866,12.256604,503.66226,-110.08034,14.26853,505.24707,114.71484
leg_down
IMG_20241017_110301.jpg,leg_down,1545.1189,1916.7649,362.31934,1532.2284,1906.5049,444.18457,1533.9017,1907.0458,444.1182,1535.407,1907.6758,443.92914,1521.113,1909.8344,421.04984,1514.5059,1913.0988,420.77448,1506.513,1917.153,420.72278,1518.6769,1928.9834,756.79224,1477.1278,1946.1981,643.1146,1556.4423,1940.095,468.22638,1543.6212,1943.9242,434.6891,1647.3804,2050.082,814.2735,1390.9558,2039.5223,664.4877,1709.7969,2191.4954,680.2254,1338.3662,2164.3738,464.95248,1745.1128,2293.493,365.53668,1387.5695,2272.413,128.22763,1780.3033,2332.5002,301.72473,1388.4392,2314.1365,78.15808,1769.5271,2329.6086,257.10928,1404.8197,2307.8303,50.03398,1750.7346,2319.2083,338.11215,1407.096,2292.3955,115.09819,1629.7722,2243.962,37.155434,1488.6785,2249.5203,-36.997757,1735.1755,2204.6143,-920.6925,1532.5366,2190.5242,-1133.3241,1683.2556,2414.6917,-1722.7864,1588.0829,2442.7966,-1929.0693,1668.3567,2480.691,-1825.9363,1591.5238,2524.3367,-2025.627,1685.5829,2371.9834,-2045.1748,1656.1858,2394.014,-2249.9453
leg_down
IMG_20241017_110616.jpg,leg_down,1473.8132,1892.3463,956.7966,1484.5046,1889.6403,996.54736,1491.1798,1889.0399,997.0228,1495.9186,1888.8416,996.77576,1471.5916,1891.9429,993.869,1468.9403,1892.9271,993.451,1463.7373,1894.8757,993.42505,1504.7185,1894.9839,1076.5499,1463.8016,1903.794,1066.4834,1482.264,1893.76,975.0716,1469.67,1896.4801,970.9103,1571.9653,1924.312,964.6764,1416.7556,1953.4364,929.9741,1644.4268,2009.5356,796.7342,1383.5513,2034.0983,674.76294,1705.8922,2052.277,575.646,1383.988,2122.3386,517.0663,1733.5632,2064.234,544.6764,1381.1119,2155.0286,506.83832,1721.1017,2063.247,531.83417,1407.6152,2151.442,513.7917,1705.9822,2071.8333,564.0541,1417.2988,2136.3232,520.22754,1603.426,2044.4106,39.246536,1507.6903,2065.3477,-39.679977,1678.203,2148.1873,-632.2878,1497.5513,2194.8298,-808.0967,1728.1329,2293.5605,-1233.7747,1542.2838,2318.211,-1357.1108,1724.0325,2336.172,-1322.5029,1565.0278,2352.5142,-1437.0659,1754.9557,2305.6492,-1514.1113,1532.0532,2327.3398,-1622.263
leg_down
IMG_20241017_110618.jpg,leg_down,588.54834,565.7102,-19.883572,594.89124,574.26855,-40.60028,594.30255,575.406,-40.654392,593.6051,576.5654,-40.7146,595.11084,574.2407,-9.972364,594.6858,575.1516,-9.94322,594.281,576.0457,-10.050723,585.6631,585.0995,-91.02682,586.96405,583.44257,41.62399,577.4334,567.05804,-34.794754,577.04944,566.3072,4.088695,537.30554,595.8397,-182.9146,516.52466,575.2601,143.41826,452.14572,615.1623,-233.76315,437.16818,591.1892,193.92606,362.2012,621.31537,-264.52856,358.0796,604.34515,190.42563,336.53418,629.057,-294.59363,332.9991,609.642,201.48595,332.7825,621.9883,-290.5718,330.57947,607.3613,177.2545,340.0765,617.73975,-261.28415,339.14108,603.9526,179.90927,334.83017,596.19165,-100.62741,331.7183,585.63354,100.66737,201.40364,581.6939,-85.785904,206.4739,577.66364,87.64484,64.00686,598.23566,-53.66936,75.96672,596.26276,132.25078,57.48893,612.23785,-54.160538,63.39122,607.82855,131.91673,33.00451,548.0032,-131.39204,48.865665,547.9022,67.14891
leg_down
IMG_20241017_110619.jpg,leg_down,585.06976,564.76654,-29.131989,591.77985,573.5888,-49.63908,591.1523,574.78894,-49.6686,590.52344,576.029,-49.741123,592.17365,573.6319,-18.662401,591.97675,574.6873,-18.615715,591.8382,575.7689,-18.700312,583.91724,584.4377,-100.27587,585.426,583.3539,34.07641,573.8868,566.1871,-44.315968,573.7584,565.48346,-4.8630886,536.7776,595.79785,-189.01854,515.51013,577.634,133.13124,447.71368,615.5078,-237.50497,434.33206,594.3199,185.01857,357.54156,623.6203,-271.79013,357.86127,603.64386,182.38159,332.3504,630.66254,-303.95834,332.9296,608.0389,194.02032,329.2432,622.70746,-297.95602,330.1529,606.9716,168.76144,336.64032,618.8631,-268.22635,338.53946,604.0694,171.53383,341.2096,592.6662,-99.892525,338.94794,584.18036,99.97214,205.18217,581.579,-82.89136,208.77095,581.51825,91.54016,68.48431,598.29004,-43.650986,82.61619,596.32275,146.18893,60.587738,611.61884,-43.62298,65.53627,608.0537,146.89871,38.548386,546.6161,-119.54344,57.810276,542.93713,80.14055
leg_down
IMG_20241017_110620.jpg,leg_down,598.15094,573.7637,-72.129616,606.7005,583.717,-91.50302,605.193,584.4551,-91.54745,603.9126,585.0747,-91.6521,607.4049,584.18915,-62.33757,606.4634,585.0238,-62.278175,605.8449,585.63745,-62.355587,593.59503,591.10345,-142.0516,596.44775,591.7013,-14.318288,585.50275,576.9482,-87.498695,585.7695,576.8288,-49.93413,541.5287,593.88513,-215.91168,534.17194,587.8896,80.34619,450.26508,613.19995,-238.57303,449.5358,599.0171,118.67948,358.37585,619.79285,-230.76105,368.65677,604.7025,110.91009,335.9239,626.75116,-259.721,348.564,604.5947,119.077446,332.6785,619.60284,-255.12027,346.13113,602.0143,94.98554,339.89,615.5948,-227.35727,353.7032,600.5449,100.00263,368.76498,589.5391,-95.13485,368.68802,587.7686,95.173676,237.1035,584.20416,-62.37417,254.44197,588.27277,119.20588,111.68357,592.21313,-0.27467355,149.72313,575.93884,206.51985,108.331436,595.31506,1.2973166,132.82835,584.29803,211.0953,105.326004,548.48,-71.4902,128.03973,536.52814,153.59648
leg_down
IMG_20241017_111829.jpg,leg_down,147.51085,609.9551,3.4529583,137.45248,606.7105,10.270566,136.94856,607.0998,10.237073,136.27036,607.5249,10.283106,135.5429,608.17566,-19.472216,133.81108,609.5728,-19.50338,131.97366,611.2578,-19.58107,128.1362,620.50507,55.227623,123.58255,624.7158,-78.688934,151.06909,618.6239,24.41844,148.92995,620.5661,-14.646787,157.17624,649.6014,135.23419,140.8676,667.61316,-147.37125,217.60962,669.9125,173.7244,204.36159,690.19116,-197.061,267.60196,670.938,136.43727,271.65848,696.4382,-205.6726,287.3142,672.354,141.14429,293.06827,704.68414,-228.72359,290.45108,673.99585,117.08358,295.694,698.447,-220.18192,279.5022,669.3036,123.93477,289.27893,694.12024,-200.79446,299.49957,658.9243,85.35244,298.53296,674.49896,-85.25534,394.86993,654.6717,92.61656,398.13376,657.4837,-69.80494,488.95966,648.44275,138.7003,501.98965,646.5591,-39.93829,503.54346,660.5906,138.35046,513.9795,660.2014,-40.789116,521.84314,604.96423,97.42689,542.67993,611.20966,-102.89695
leg_down
IMG_20241017_111830.jpg,leg_down,148.68631,609.1596,10.092817,138.15671,606.5889,17.18138,137.75209,607.1188,17.152891,137.18349,607.61395,17.207298,136.16356,607.6925,-12.7878475,134.59236,609.04443,-12.818093,132.8034,610.6412,-12.87863,129.19186,619.8438,62.95229,125.1,624.3518,-71.63227,153.49286,618.4447,31.382872,151.17195,620.4832,-7.8762636,157.01608,652.25385,142.5108,140.97807,668.4905,-143.06117,217.17796,674.6084,182.07721,201.76163,694.81946,-193.30128,267.60223,676.4342,138.5667,272.85333,699.82434,-203.58948,287.72934,679.36395,140.62129,292.58008,707.73303,-226.84831,288.04886,677.65924,115.420494,294.81314,701.0848,-219.36859,279.8887,676.5784,125.27967,288.4237,697.09955,-198.82661,298.63275,661.5918,89.34592,298.19815,676.5236,-89.23552,398.6538,663.28357,87.38897,402.36557,666.247,-79.599106,493.9732,661.6308,127.233086,509.857,659.5748,-61.041656,509.0204,676.1837,126.08004,521.7273,674.5336,-63.119778,531.53577,620.64746,84.561806,548.3839,623.4027,-127.811424
leg_down
IMG_20241017_111830~2.jpg,leg_down,148.63286,610.5884,12.671907,138.50609,607.8375,19.903646,138.11018,608.2815,19.872995,137.56142,608.67725,19.925472,136.65498,609.25714,-9.876509,135.09187,610.6852,-9.90994,133.24437,612.3249,-9.972025,129.74132,620.8293,65.433105,125.44835,626.161,-68.23875,153.45798,620.0471,33.715225,151.29358,622.2215,-5.275857,157.37521,653.05695,143.48909,142.0546,668.75354,-140.33662,216.88344,675.1157,182.59196,201.52179,694.642,-189.67867,267.57965,678.0101,142.41666,271.9543,700.3419,-200.39127,287.16376,680.8137,145.00717,291.52728,707.7024,-223.17029,287.72452,679.49854,120.46536,293.7391,701.8562,-216.18434,281.06976,678.5377,129.46574,287.25497,698.0299,-195.84647,299.735,662.9106,87.76108,298.76456,677.02216,-87.63562,400.00674,665.05725,81.86176,403.19766,667.3914,-80.65255,496.23514,663.88495,116.22236,512.53046,660.1245,-66.16651,510.8114,678.3422,114.347824,523.87146,675.2133,-68.62339,523.6197,632.99854,71.84737,553.15533,623.0254,-132.74677
leg_down
IMG_20241017_112834.jpg,leg_down,1509.844,2365.5244,961.9834,1528.2701,2341.7651,1030.8639,1538.0029,2344.0774,1030.9636,1547.239,2345.6968,1030.7391,1501.6785,2335.1702,1028.7441,1492.5698,2334.665,1028.6611,1483.6241,2335.1287,1028.6094,1562.7937,2355.0671,1224.4758,1465.4102,2354.147,1211.0168,1533.8191,2382.0884,1021.7375,1489.9635,2380.991,1015.35596,1648.4341,2432.4941,1115.0306,1355.2838,2403.891,1079.1353,1714.0792,2573.715,820.38806,1281.0183,2552.851,713.1216,1729.554,2727.874,328.0886,1258.0293,2703.2656,186.44336,1752.4896,2776.2107,246.23694,1231.9446,2748.5513,113.052246,1733.3999,2775.2156,232.07535,1242.4216,2754.54,87.633896,1717.9033,2761.1057,311.15802,1257.6659,2741.4294,168.09782,1585.249,2636.941,23.668644,1393.3517,2626.2078,-23.77021,1596.8726,2819.8984,-959.03845,1358.6353,2791.0923,-1019.0449,1626.3396,3138.6853,-1598.7861,1309.6312,3134.2942,-1544.5,1604.7587,3198.5806,-1692.8577,1349.419,3209.002,-1627.7318,1678.9524,3173.5967,-2001.9502,1283.0065,3192.7017,-1961.41
leg_down
IMG_20241017_112835.jpg,leg_down,471.35425,567.40845,-55.607292,480.8234,574.58813,-74.405266,480.96494,575.738,-74.42588,481.12134,576.96106,-74.480446,480.93768,574.06274,-46.63966,481.15714,574.9321,-46.633823,481.3947,575.8966,-46.684517,476.54443,587.6812,-122.75209,477.51556,586.09094,-0.906834,462.3325,570.12775,-70.27947,462.12402,569.2486,-34.87883,421.33,599.8766,-186.1298,419.26965,586.4311,85.02795,338.7484,617.80756,-195.0261,343.85687,594.0907,125.73312,266.03232,619.8879,-174.29912,284.4912,598.3131,106.69908,243.98552,624.81445,-197.02565,263.8092,600.1138,110.82132,242.6783,620.66595,-194.60199,260.6851,600.2479,88.400444,250.29948,617.63965,-171.56102,268.2423,599.24396,96.3692,273.63098,589.5849,-81.993996,275.4049,579.0909,81.88508,163.23508,582.6402,-56.127155,174.26599,577.17,99.11394,62.614845,596.7868,-5.9400926,77.809456,595.1673,167.5485,50.780422,609.66785,-4.2516766,59.39791,605.32074,170.73857,46.105225,563.3744,-70.885506,50.1199,566.84393,122.5037
leg_down
IMG_20241017_112836.jpg,leg_down,472.8868,567.9653,-33.09743,482.0797,575.3626,-52.201027,482.3466,576.93744,-52.21435,482.66687,578.55963,-52.23234,482.19568,574.69354,-23.857649,482.54822,575.72534,-23.8299,482.94537,576.8344,-23.843552,478.2578,590.07983,-100.04551,478.54843,587.1066,24.103445,463.5235,571.4405,-47.875168,463.5883,570.3317,-11.7180195,422.82498,604.45435,-166.05675,418.58038,587.04626,104.945526,344.00757,617.97723,-186.08542,345.16217,594.94977,145.76016,271.09256,619.61383,-189.70917,284.1707,598.71796,127.58439,248.13347,624.59314,-211.15141,263.93527,600.33594,132.76588,246.24254,620.61755,-208.70561,262.67426,598.9117,108.93556,254.67126,617.5748,-187.24629,269.8855,598.5137,116.62013,272.3093,589.02313,-81.50175,275.81256,576.16565,81.43508,165.38083,594.0123,-82.25011,169.52936,582.8307,89.127945,56.37687,601.4346,-68.273445,74.80184,593.7524,134.3833,35.376694,612.6567,-70.70661,59.248604,601.2217,134.34052,18.931389,566.32544,-146.7913,40.95635,561.1676,86.72581
leg_down
IMG_20241017_112837.jpg,leg_down,466.08725,561.4465,-23.929424,476.5307,567.8487,-44.07384,477.11893,569.4156,-44.09612,477.76715,571.13116,-44.12025,476.5947,567.03516,-15.336448,477.25278,567.9231,-15.313456,478.00018,568.9391,-15.352163,476.19366,583.7517,-95.58487,476.2968,580.656,30.720081,458.00687,566.0819,-39.486637,457.7561,564.662,-2.7471175,426.4258,600.7894,-170.28812,420.0309,584.5339,117.71205,350.93033,616.8783,-208.18285,350.42126,593.40796,161.52158,277.8697,618.2237,-226.9643,291.08127,595.65704,138.98103,254.52306,623.7212,-252.6672,271.73096,597.85126,144.53247,251.91534,619.99725,-247.58093,270.87387,596.93085,118.29654,260.7126,616.40015,-223.74426,276.88422,596.7455,126.904205,272.7729,587.4964,-88.81053,276.11255,575.5423,88.71235,161.53725,590.50574,-72.453156,172.19714,582.1418,103.30523,47.864502,600.5989,-45.9901,78.43975,592.45703,163.96242,31.195414,612.9049,-46.97447,55.335777,607.51794,165.81165,18.23126,565.4874,-120.748505,37.43663,558.65247,116.71907
leg_down
IMG_20241017_113242.jpg,leg_down,1161.8427,1492.6068,1251.9856,1175.8241,1498.4856,1344.8704,1184.2695,1501.321,1345.4667,1193.7251,1504.692,1345.1089,1154.279,1499.3478,1331.6334,1147.1545,1503.0168,1331.4808,1139.9463,1507.3975,1331.61,1212.6511,1526.2063,1589.3265,1128.0177,1541.1556,1533.1405,1177.1248,1507.329,1321.0858,1149.9457,1506.3333,1302.8684,1317.8917,1609.0688,1459.1311,1047.1029,1623.2113,1356.0767,1402.351,1504.8799,1306.7346,941.43695,1479.2339,1166.479,1338.574,1500.8169,1416.0238,959.6417,1444.8167,1362.1371,1332.1001,1502.5538,1391.4899,961.1448,1432.7109,1356.0247,1302.1328,1505.2369,1446.0366,973.8965,1441.5355,1394.0267,1295.9066,1507.8561,1426.8745,980.4291,1447.3374,1369.1976,1338.7367,1772.8556,61.699585,1153.1842,1826.1821,-61.450665,1412.0352,1861.804,-920.5728,1224.2668,1923.2483,-1064.093,1477.6243,2212.1333,-1310.8319,1361.4366,2236.895,-1468.7488,1457.4144,2247.5269,-1367.8683,1371.9749,2330.199,-1523.8328,1533.7072,2300.2861,-1700.8613,1430.472,2329.5762,-1878.8932
leg_down
IMG_20241017_113816.jpg,leg_down,472.4496,554.6547,0.4351641,481.5542,562.47327,-19.561663,481.67554,563.9031,-19.590117,481.84375,565.4249,-19.625048,481.54163,562.5722,10.595994,481.5985,563.8993,10.624896,481.71198,565.3412,10.602231,477.0037,577.8748,-71.81949,477.2307,576.87476,60.818108,461.18018,556.5677,-15.663042,461.12567,556.83417,22.827534,422.82022,588.00946,-145.54597,415.46674,573.8252,141.58394,339.58997,605.7261,-172.35263,335.28485,586.4708,182.47314,261.94556,611.6968,-187.88475,265.46582,591.0132,165.94728,239.64078,619.40405,-212.85876,243.59058,592.71027,172.04906,237.47694,614.1571,-208.23015,241.68295,591.8728,146.8272,245.05658,610.5736,-185.02275,249.91911,590.7568,154.20557,273.29373,576.8109,-86.6927,272.64972,563.41895,86.62512,146.84587,593.0839,-82.85927,151.63954,577.7825,68.10343,28.38031,594.6904,-54.998432,34.29063,587.3519,108.68938,11.96891,606.64185,-55.390903,17.819935,596.0126,108.48286,6.0219707,554.0592,-138.41872,10.38537,549.6758,43.623783
leg_down
IMG_20241017_113816~2.jpg,leg_down,471.5734,554.2941,9.377404,480.37845,561.4743,-11.1335745,480.47775,562.8251,-11.163835,480.73917,564.26514,-11.194447,480.56042,561.4906,19.612297,480.6913,562.7304,19.641874,480.97943,564.0866,19.601307,476.29984,577.0921,-66.2103,476.6419,575.2545,68.574524,460.317,556.1125,-7.91989,460.4551,556.2974,31.259663,424.7548,590.3626,-147.14613,415.4515,574.0904,151.83743,342.80215,606.17004,-178.7509,336.34338,583.2407,196.38582,264.44098,611.31555,-196.5631,269.25903,587.8784,186.17776,242.11287,619.11536,-220.9849,247.12071,590.4088,194.95071,240.30373,613.7044,-216.97083,244.5763,590.12604,170.27068,247.4444,610.11865,-193.85176,252.90979,588.53204,174.60356,275.01788,581.42535,-88.37134,272.9661,565.67865,88.293594,150.28206,592.6671,-90.31374,153.80367,575.63055,66.743515,25.088167,591.4336,-70.71956,31.79673,583.02313,100.69329,10.730928,608.116,-71.885666,16.53278,592.27325,99.823135,7.5211287,553.0883,-154.54921,11.073589,538.9786,35.341167
leg_down
IMG_20241017_113817.jpg,leg_down,471.38254,554.00946,6.08475,481.06085,561.66614,-14.210403,481.07742,562.9984,-14.243162,481.1876,564.42035,-14.272172,481.11734,561.6842,16.41238,481.12442,562.8304,16.43935,481.2486,564.071,16.41071,476.85062,577.2565,-68.1451,476.904,575.3422,66.58128,460.44223,555.90656,-10.709258,460.52148,556.108,28.383827,423.97787,590.01324,-145.15582,416.3537,573.1317,147.08934,342.60193,607.10974,-183.3674,338.6871,584.0633,191.69106,265.10135,610.3629,-206.94618,270.3967,587.3675,174.84204,241.4878,617.8269,-232.53938,247.65683,588.0333,181.1871,238.77068,612.2089,-226.53906,245.12122,587.8586,154.90681,246.95998,608.4611,-203.6323,253.75117,586.6827,162.55588,275.23538,577.59406,-85.9551,274.27997,561.82526,85.9071,149.43909,590.31415,-85.83746,154.49463,576.02106,65.79269,29.334105,592.4742,-62.38841,36.27648,587.0761,100.221115,13.191819,605.58734,-63.006363,19.575405,596.7709,99.59241,5.3092184,552.4845,-144.78377,7.555765,551.4947,36.13661
leg_down
IMG_20241017_113818.jpg,leg_down,471.08203,554.71936,5.1218495,479.71408,561.8248,-15.49407,479.7988,563.15643,-15.5269575,480.03134,564.61633,-15.559906,479.9256,561.8386,15.429561,480.07864,563.0323,15.454336,480.37756,564.346,15.409861,475.75955,577.66907,-70.71841,476.2408,575.80664,64.94448,459.6023,556.62115,-12.27534,459.78455,556.8294,27.11917,423.65366,590.50055,-148.64105,415.49384,574.31,146.57205,342.89105,606.833,-184.54132,337.893,582.37427,188.45493,263.94644,610.865,-205.03201,270.1906,585.4269,173.43987,241.74486,618.5291,-231.09448,247.53185,587.34814,180.2581,239.91331,613.13983,-226.55235,244.97856,586.9449,154.60362,247.30057,609.41003,-202.34964,253.45856,585.7462,161.37459,274.88113,580.05646,-85.97478,273.56235,564.42926,85.9197,148.55147,590.3487,-82.68717,153.17549,574.23694,66.186165,28.002638,591.27167,-52.500084,33.696358,584.11273,104.67487,12.492191,604.89014,-52.48127,17.84767,592.61115,104.3339,-13.276738,556.05347,-131.90541,7.5208244,547.1681,37.91673
leg_down
IMG_20241017_114401.jpg,leg_down,356.34442,428.26315,-88.73221,359.02023,429.44412,-105.76335,361.08514,429.43134,-105.748955,363.16565,429.4175,-105.7363,354.28537,430.94937,-104.75401,353.07117,430.85956,-104.80074,351.692,430.6881,-104.84696,368.00177,422.47137,-137.36584,349.62683,427.7973,-134.50595,360.22192,423.26285,-93.947716,352.10608,423.5963,-93.078896,388.2846,396.0093,-121.07329,331.05588,387.88223,-116.22561,399.0944,359.30194,-53.5853,326.22232,355.02072,-47.9844,409.81003,379.32446,-1.2276486,317.79526,379.29202,10.3446455,414.5966,387.0436,-8.582198,314.59375,386.96536,9.357911,410.26395,390.37317,-11.570604,320.318,391.2389,0.03402,407.4262,388.80902,-1.3725613,324.66943,389.36377,7.9212747,382.42996,346.51804,-3.4833782,356.38675,339.10815,3.5217922,377.63275,383.2389,125.74124,346.25098,375.2383,132.53741,368.55252,386.9914,304.66095,351.83606,383.50494,303.49332,368.21405,382.7103,323.979,351.86768,380.91333,322.31183,364.43912,407.79175,321.78192,354.37256,404.1302,318.42792
leg_down
IMG_20241017_114407.jpg,leg_down,485.41296,584.0639,24.025703,493.34778,592.424,7.769705,493.2772,593.7129,7.722614,493.26233,595.1129,7.7051797,493.2304,592.4178,32.256744,493.09317,593.57227,32.278862,493.04346,594.81744,32.230858,487.05508,604.844,-25.464382,487.38058,603.42615,80.962715,475.5369,585.2384,15.340546,475.21277,584.88165,46.2972,446.0193,609.5295,-115.82856,430.87198,592.77075,167.63684,389.38214,632.98334,-191.15604,374.34784,607.3041,210.29227,316.81412,637.7196,-269.57623,309.0232,610.8432,197.03981,295.40005,646.27936,-297.7857,286.63342,615.5122,204.08278,292.3375,642.8586,-292.55826,286.50845,616.1352,179.2709,299.31775,638.63586,-266.78305,294.66672,614.55054,186.26967,288.63367,607.41974,-85.6325,282.0252,596.16974,85.63704,169.17778,613.54614,-80.92501,166.08981,605.42706,61.707306,50.351463,625.7367,-75.489136,53.766205,622.20264,76.71818,29.86536,642.8923,-77.06461,34.04276,636.79254,74.10274,2.0910144,593.2527,-144.83151,14.50367,585.1123,22.28726
leg_down
IMG_20241017_114809.jpg,leg_down,2446.6643,2746.3247,-112.03162,2483.475,2785.1433,-200.17044,2483.3088,2793.6338,-200.412,2483.269,2802.5461,-200.55467,2485.0398,2780.1987,-65.406815,2485.998,2784.3,-65.28286,2487.2869,2789.0186,-65.488266,2459.3872,2860.7053,-412.4415,2461.496,2843.8638,181.09271,2396.0464,2764.4248,-176.98123,2396.1743,2757.1418,-4.331488,2242.4087,2955.95,-759.38416,2172.9578,2818.6536,570.5276,1890.2253,3067.14,-949.93536,1847.9147,2884.2065,778.05804,1553.2776,3065.36,-990.85657,1565.417,2881.7087,640.0269,1443.7983,3090.1042,-1099.1884,1484.0077,2882.4312,660.8247,1440.5444,3054.9985,-1068.7856,1482.7328,2873.8047,535.68335,1476.0719,3033.0864,-971.7699,1509.7849,2878.5256,580.38934,1515.1796,2913.2886,-404.2637,1512.4966,2815.5303,404.25446,999.8413,2842.7527,-439.18094,1026.8054,2776.8606,325.66898,500.67596,2932.0154,-313.1639,553.7263,2855.527,536.1518,448.4429,2999.2996,-312.8532,492.11044,2914.9717,535.8654,256.02258,2794.1353,-637.79694,367.81927,2708.212,302.351
leg_down
IMG_20241017_114809_1.jpg,leg_down,2446.4543,2736.4595,-60.563446,2487.204,2768.226,-148.18062,2487.6436,2776.911,-148.37762,2488.5574,2786.677,-148.44003,2487.0918,2763.0383,-16.309242,2487.4734,2767.5405,-16.224634,2488.54,2772.4626,-16.47564,2468.7083,2848.2717,-361.05835,2466.514,2832.049,221.96413,2401.4458,2756.1997,-125.26779,2397.8516,2748.8137,44.102783,2249.0,2954.8118,-689.45844,2176.8484,2825.0647,596.2523,1888.5837,3071.332,-900.37744,1852.9574,2876.0513,812.56433,1549.2389,3063.0945,-980.7581,1591.9125,2850.2273,674.1538,1436.5211,3088.6953,-1087.2776,1517.3809,2836.8806,689.1265,1436.0359,3053.9167,-1055.9056,1514.381,2835.5474,565.19965,1473.9,3030.0037,-962.498,1536.8628,2845.712,614.2466,1538.5546,2903.6577,-380.59695,1528.5098,2812.7869,380.50146,1017.7833,2826.9246,-422.48364,1042.7926,2764.5977,269.3075,509.36392,2924.74,-294.59293,550.66583,2856.5215,449.12067,457.63422,2989.2114,-291.38342,495.47275,2914.4133,447.16397,262.48312,2799.095,-597.03735,330.89243,2737.743,206.29
leg_down
IMG_20241017_114809_2.jpg,leg_down,2466.7463,2744.558,-99.48363,2507.975,2778.3599,-188.4365,2508.3318,2785.9004,-188.59767,2508.951,2794.2844,-188.63893,2509.6997,2776.5654,-53.50453,2510.8552,2781.9102,-53.382236,2512.2336,2787.658,-53.560444,2485.7021,2854.152,-405.6939,2484.7656,2844.9165,186.83664,2417.455,2762.1138,-166.5838,2416.296,2758.3545,5.732221,2261.409,2951.0369,-744.075,2198.3567,2830.7563,561.1631,1918.1522,3067.2998,-940.2543,1875.2859,2895.2312,761.9168,1569.3986,3072.1519,-1005.97534,1610.1667,2881.7217,615.15356,1458.3512,3098.7324,-1118.4869,1523.1483,2878.9387,634.1296,1451.2333,3063.232,-1087.5276,1520.289,2871.817,505.4837,1492.1738,3041.3445,-987.1622,1555.4497,2875.983,554.66394,1545.4944,2916.6655,-390.79495,1538.3206,2828.4421,390.80978,1023.9671,2883.974,-417.549,1040.4781,2806.8723,361.62265,517.2378,2936.5725,-308.7905,549.056,2855.5476,512.45233,456.8715,2994.6763,-311.17505,488.4282,2900.278,505.19666,252.32274,2799.3364,-643.6831,335.03482,2713.7551,258.01443
leg_down
IMG_20241017_114810.jpg,leg_down,2459.9385,2743.597,-42.0182,2502.0684,2774.323,-126.127625,2502.7983,2782.6702,-126.30352,2504.0994,2792.0889,-126.34931,2501.8562,2770.5032,0.6288061,2502.481,2775.193,0.70870626,2503.7412,2780.3638,0.48049143,2485.0361,2854.045,-327.15268,2483.1206,2839.3313,228.80946,2413.1907,2763.6353,-102.09659,2410.038,2757.1587,59.4914,2271.0608,2955.1277,-649.14246,2199.925,2830.1082,584.55695,1917.13,3080.6118,-838.9781,1876.6526,2893.165,774.78345,1571.3385,3074.9766,-916.1118,1617.5051,2881.4155,640.5792,1459.4946,3097.3337,-1018.15955,1522.9111,2898.5955,653.8734,1455.8629,3063.407,-992.66895,1527.9418,2868.2349,534.66656,1498.8197,3041.1729,-899.6458,1561.8759,2876.1016,583.19995,1566.2722,2923.2195,-364.35883,1552.8252,2829.745,364.25223,1036.4196,2883.3394,-396.70135,1051.3364,2812.2805,292.79007,523.52277,2934.533,-302.34528,557.3477,2874.3655,402.9525,461.08612,2995.0981,-305.46942,496.2267,2931.88,392.75882,272.6049,2800.8264,-629.55194,342.73804,2740.4336,138.22942
leg_down
IMG_20241017_114810~2.jpg,leg_down,360.37292,302.42514,225.2956,361.9486,304.18494,239.27025,363.35156,304.75958,239.35692,365.106,305.5277,239.32674,358.58533,303.9887,237.91068,357.46686,304.4198,237.84761,356.20114,304.89804,237.85907,369.22083,311.08572,274.13516,353.35382,309.49652,268.56088,362.20184,303.5384,234.6535,358.24734,303.45685,232.67336,389.02618,327.99152,248.74863,335.39224,326.97412,230.31808,397.37213,358.947,187.22981,319.09793,352.93237,159.93495,410.78113,385.90308,102.94206,319.92142,385.3739,96.79383,414.9495,394.8988,87.66641,317.36288,395.3423,87.28477,409.63107,393.5856,81.64918,322.60095,395.30328,81.92437,405.7135,390.43686,98.27868,324.75836,392.11975,94.533806,378.10104,365.37155,12.604257,344.42923,367.98502,-12.658703,392.1423,397.4709,-199.18185,347.9403,402.29132,-207.29459,399.84283,449.91248,-314.59875,358.62057,448.57968,-311.95923,393.17007,459.1451,-333.75748,363.6555,457.95804,-329.28827,404.32077,458.83435,-402.16174,359.56723,459.13132,-391.43466
leg_down
IMG_20241017_114811.jpg,leg_down,361.7319,296.2629,197.75287,362.9255,296.59814,210.90675,364.0888,296.98584,210.94789,365.36188,297.3504,210.92491,360.1069,296.53754,211.6311,359.13934,296.9474,211.58307,357.9388,297.44824,211.5532,368.66998,304.84473,247.73282,354.09457,304.59003,251.35323,363.4103,299.24994,208.46008,359.86142,298.8319,209.24376,389.61505,325.52628,225.43237,334.97626,324.49878,220.38205,405.37384,354.7656,148.6961,319.39594,349.86417,141.29308,412.34384,381.92108,49.895027,320.33087,382.5222,75.14905,417.07712,391.35678,30.476433,317.26584,393.00815,63.88238,411.46494,390.09338,24.867117,322.534,394.18054,57.898922,407.8843,386.0384,45.274887,324.5971,391.1576,71.966484,379.32062,368.99753,8.408616,343.93973,370.93225,-8.4333,389.7589,392.18927,-218.96574,350.061,396.53607,-236.62486,395.7852,446.7959,-365.99643,360.19656,446.49536,-383.589,393.36084,459.6543,-387.51212,358.5607,461.08734,-404.20496,401.11176,449.99442,-453.31967,366.2679,449.256,-464.05417
leg_down
IMG_20241017_114812.jpg,leg_down,454.11502,557.53345,-30.39841,463.01892,564.8009,-48.324585,462.96713,566.20386,-48.37823,462.90735,567.67236,-48.42013,463.20676,564.65967,-22.212574,463.33374,565.80646,-22.191021,463.49924,567.071,-22.239956,458.01315,578.5081,-89.426155,458.66367,577.8703,23.380178,443.93735,559.92725,-42.379612,443.56787,559.52563,-9.471028,407.67926,586.48413,-161.31584,395.0546,572.99805,108.317764,332.28378,606.469,-193.97156,325.1607,583.0586,147.47974,254.99593,611.3597,-205.4717,260.4415,584.46387,137.02347,231.55199,616.1472,-228.68907,240.84709,585.9782,143.75731,230.45099,612.6214,-224.98416,239.70642,585.6009,120.19439,238.02629,609.5892,-202.1948,246.58281,585.802,126.45657,252.62679,579.9462,-77.63759,250.3342,570.9883,77.60826,137.33723,580.5905,-59.65869,137.61012,577.10846,74.027374,25.553745,590.7723,-20.457148,29.785269,586.6615,118.75257,12.760967,600.9854,-19.348976,17.848331,595.8291,118.81881,-15.12351,560.8135,-81.22598,6.3271523,563.6734,62.912487
leg_down
IMG_20241017_115138.jpg,leg_down,2394.5227,2814.53,-293.31604,2441.647,2849.468,-318.00912,2444.3257,2865.8298,-318.34134,2446.3892,2881.9253,-318.407,2437.588,2822.7664,-232.43959,2437.0452,2819.0874,-232.324,2436.5947,2816.2935,-232.26434,2427.4954,2942.4272,-249.5639,2419.5186,2857.5366,140.39981,2340.1418,2853.0007,-253.5331,2336.8752,2821.244,-141.34999,2212.041,3049.8179,-491.85983,2136.219,2864.587,568.35394,1888.0916,3154.1665,-773.7393,1801.1649,2864.105,789.67334,1748.7349,2859.0557,-906.9581,1609.9192,2694.341,468.53247,1670.2091,2801.699,-1000.7032,1526.2938,2662.984,419.14044,1690.5244,2780.1853,-945.47986,1544.2034,2658.8792,293.1482,1716.23,2794.925,-869.6632,1572.1643,2675.6719,400.58008,1522.547,3000.64,-368.97107,1511.2355,2858.205,368.67993,1007.75073,2964.5186,-547.9719,1004.51685,2882.7715,219.83243,464.80276,3008.5344,-612.40186,488.60693,2937.5186,162.31186,399.0579,3075.61,-630.83307,422.36557,3005.5188,134.34334,200.13785,2881.4238,-1002.35223,273.2346,2813.3918,-121.961845
leg_down
IMG_20241017_115138_1.jpg,leg_down,2391.4412,2807.9458,-271.94257,2440.404,2844.1638,-295.4876,2442.3113,2859.4397,-295.7943,2444.7625,2874.2825,-295.8471,2436.5166,2819.184,-212.24132,2436.1658,2815.4663,-212.15952,2436.159,2812.3965,-212.0765,2427.407,2931.5747,-230.3381,2420.3164,2853.3384,142.57304,2341.2842,2845.2097,-234.96936,2336.2273,2812.4185,-127.54276,2207.9136,3031.7922,-484.92703,2140.8494,2860.9395,550.9205,1883.9949,3135.6921,-727.8105,1812.9133,2882.2683,752.20386,1749.7965,2814.1553,-743.76697,1637.3314,2716.8914,452.94934,1680.6881,2753.8867,-815.84656,1553.725,2676.142,405.59268,1699.9808,2735.4683,-757.14905,1569.177,2661.6985,288.8626,1723.9126,2757.075,-701.59595,1594.9764,2679.3745,389.37064,1500.5748,3001.5435,-357.2023,1495.301,2869.6008,356.98233,980.6702,2949.4968,-480.09445,981.0805,2899.4153,265.93994,449.61557,2987.9749,-518.9766,484.403,2962.116,212.89435,387.94586,3070.05,-531.5814,414.96213,3045.1653,186.0439,229.83151,2836.0396,-850.9699,285.71097,2805.9753,-35.914574
leg_down
IMG_20241017_115138_2.jpg,leg_down,2396.7336,2784.7703,-71.5432,2445.5813,2818.728,-131.3915,2447.396,2829.6497,-131.67154,2449.3667,2841.751,-131.78192,2444.6365,2807.8484,-14.808342,2446.0225,2809.7617,-14.650096,2447.7336,2812.3005,-14.633125,2430.7322,2904.9219,-229.40312,2427.8599,2867.7654,284.52048,2347.8337,2815.1135,-93.90116,2343.9949,2799.5605,54.830086,2213.346,3027.7834,-578.719,2136.1335,2867.9375,688.0074,1879.7014,3111.913,-786.2497,1804.8379,2906.9626,894.4871,1580.7356,2952.7283,-756.2227,1571.6193,2843.9148,622.1101,1471.6018,2921.3499,-841.33575,1461.6643,2829.544,598.3438,1490.0442,2878.4995,-811.17285,1472.4791,2825.2148,481.51123,1527.8113,2884.9297,-727.44556,1513.0164,2831.0762,558.72284,1525.0258,3014.9106,-372.76523,1499.6058,2899.0796,372.74304,983.4447,2961.2563,-497.20224,983.3508,2898.7148,258.3112,437.73373,2992.681,-504.95065,462.0402,2957.0818,217.7713,369.80627,3063.107,-517.43866,384.01105,3025.0437,194.07574,205.78363,2827.2212,-893.73804,246.38907,2805.009,-78.142525
leg_down
IMG_20241017_115139.jpg,leg_down,396.65695,274.10843,283.11127,397.51105,274.55908,297.5676,398.56958,274.93497,297.56088,399.75235,275.3032,297.52734,394.39188,274.51437,296.46075,393.03748,274.95514,296.39926,391.78702,275.47388,296.31018,400.31094,278.4176,329.0649,387.66968,279.0737,322.4825,398.81024,277.49338,290.8325,394.70444,276.90466,288.63058,423.31592,294.42575,281.40652,364.3805,293.94818,269.1468,440.27005,324.63617,206.44606,346.6465,322.86792,169.97954,455.6353,354.26807,117.89975,337.4419,352.44193,64.23437,463.18243,364.46182,100.40209,333.82584,363.25427,52.41922,457.62936,363.1637,95.66034,340.70572,360.75436,40.162407,453.29977,360.02005,113.02309,344.1811,357.71014,57.607697,413.00943,349.7801,8.760141,380.33676,349.1577,-8.87971,421.79376,372.53006,-228.20123,387.70258,369.6444,-274.86096,425.8514,432.9316,-476.25772,400.54053,433.19583,-511.56265,421.94522,453.87967,-508.48795,399.0507,459.47952,-540.6436,435.23215,423.96756,-574.7163,409.65884,433.9643,-601.99927
leg_down
IMG_20241017_115140.jpg,leg_down,393.092,273.27405,235.95161,394.57928,274.3216,254.11397,396.0443,274.842,254.10301,397.64078,275.3928,254.0844,390.7017,274.3684,253.65782,389.31183,275.00317,253.6039,387.827,275.66248,253.5333,399.64557,279.84442,306.51166,383.8832,281.06827,302.64172,395.87958,277.19193,251.2899,390.894,276.74664,250.03284,419.18152,295.9989,275.415,361.0306,297.36115,263.6657,437.9347,326.0923,203.65088,344.12265,327.07663,166.30225,452.1826,355.47748,112.559265,334.38852,357.60254,56.027424,459.37833,364.62073,92.628235,329.61932,365.48306,39.30888,454.75107,363.66174,86.016754,336.7772,363.4286,25.91791,450.34015,360.616,106.676346,340.25168,361.0796,48.453472,414.9067,351.93854,6.2572327,377.47363,355.385,-6.317149,420.44394,370.65015,-249.64229,384.05466,369.2554,-289.47125,428.309,431.73288,-474.9842,399.29147,435.7976,-509.87515,426.18018,452.07172,-504.2698,396.59766,458.64328,-536.7813,436.69754,423.14413,-572.35187,408.79654,434.91412,-598.7778
leg_down
IMG_20241017_115140~2.jpg,leg_down,390.89642,279.46356,225.34158,391.8196,279.21515,236.41402,393.12485,279.6437,236.38196,394.5742,280.13208,236.33446,388.05423,278.97464,236.23204,386.5581,279.35568,236.18747,385.073,279.86047,236.11336,395.75894,283.09082,266.1159,382.04266,283.79333,264.9654,394.06924,283.6326,233.83217,386.23215,286.09836,233.21562,418.3511,299.95273,233.992,359.6338,298.58286,227.45894,435.76172,329.72556,153.46494,343.17975,328.36078,140.99274,450.26205,356.75107,46.974777,333.16092,358.82516,30.72883,459.60712,366.91254,26.315552,325.61868,368.6321,18.452824,452.76288,365.58975,19.954659,334.1992,367.59308,1.9141654,447.88663,362.13303,41.123074,337.38507,365.05438,22.448063,407.7037,350.46692,8.975515,373.9759,350.59775,-8.994899,418.42865,368.70828,-223.83525,385.29584,373.64758,-262.5895,423.39685,431.55646,-448.39124,397.73438,436.9145,-483.59354,419.57062,450.65213,-477.4883,391.6635,459.14636,-510.35416,436.59424,425.24884,-540.3806,407.60294,434.4766,-568.7554
leg_down
IMG_20241017_115141.jpg,leg_down,405.6395,404.2207,-294.67236,410.67563,405.1579,-313.20923,412.76456,404.92618,-313.2599,414.85233,404.6524,-313.33475,405.424,404.96127,-317.3175,403.9267,404.54047,-317.34857,402.36414,404.09604,-317.40793,419.91025,396.99475,-324.3746,400.31772,396.34796,-342.9106,407.45892,398.7342,-288.62976,401.8967,398.64612,-293.9347,434.88437,377.0644,-286.0919,377.43732,370.33463,-300.82397,446.74237,375.8542,-354.56735,346.47318,359.62094,-375.5033,444.96786,397.78192,-485.0139,331.77646,362.26974,-521.89136,448.55026,402.93912,-533.76154,327.1781,367.85428,-574.5024,445.46088,405.73514,-544.42365,331.667,372.32703,-580.52435,441.8926,402.94208,-494.75543,344.3276,376.4446,-529.74744,400.04657,317.60477,3.5695202,378.82425,319.03223,-3.7085567,410.09564,321.2305,154.11917,390.06396,362.4259,171.23148,405.23132,337.9099,410.17575,402.47476,389.08258,384.0822,402.45105,339.98355,437.22656,400.0983,388.13025,404.5319,408.57065,346.51422,419.0437,414.53363,410.2325,371.83566
leg_down
IMG_20241017_115142.jpg,leg_down,381.275,275.8703,219.6684,382.45703,275.24072,234.49297,383.7776,275.77417,234.46436,385.15466,276.2416,234.43648,378.90417,275.087,234.28156,377.6382,275.66553,234.23581,376.12582,276.3064,234.15897,386.63922,280.17944,281.46875,372.7126,282.23633,279.4458,384.23395,280.6489,234.3474,376.63797,283.9158,233.61026,411.23566,296.74298,259.09683,349.40186,298.74548,251.9613,429.81592,326.68384,188.81757,334.24036,328.56305,175.43756,442.54153,355.448,92.3683,324.695,358.01398,83.32324,451.51453,365.62262,72.1679,318.12018,366.93185,71.013664,444.8069,364.36227,63.85391,325.33356,365.73245,55.59289,440.00372,360.97348,86.02124,329.9748,363.69748,75.77401,400.84012,354.52,8.130941,366.7424,356.6359,-8.180416,410.7256,371.4905,-229.91321,376.46393,372.0616,-262.86115,416.61865,434.07922,-458.8391,385.94687,433.85858,-492.3053,413.96558,453.76685,-488.91037,381.92194,459.59955,-520.59534,427.67978,425.7005,-553.2687,396.1537,433.8137,-581.8366
leg_down
IMG_20241017_115143.jpg,leg_down,463.0919,571.5444,-36.171288,473.02487,577.9241,-53.838734,473.09583,579.231,-53.857388,473.25882,580.58936,-53.894928,473.34366,577.8704,-27.534761,473.6015,579.0483,-27.510086,473.97675,580.27106,-27.56506,469.76855,592.0941,-98.22377,470.33493,590.9417,16.247059,453.74234,574.8939,-49.767677,453.7172,574.0915,-16.356434,417.85526,607.54175,-170.20686,408.98764,590.84186,100.99134,342.47415,620.89844,-201.20265,340.36667,600.5412,144.20865,269.80618,621.5977,-212.54582,280.06296,599.34125,129.4535,248.14091,625.0902,-239.21426,259.30234,599.9866,133.59174,247.79697,617.8338,-236.52484,258.74316,599.8522,110.10486,253.8748,615.2585,-209.99896,265.02225,599.48517,118.83553,263.135,595.18207,-79.69409,264.481,584.9065,79.667816,146.76997,590.77045,-67.191795,151.17677,589.94464,73.344444,34.04723,600.0095,-29.34325,43.88239,597.8504,118.65529,22.323078,609.4225,-29.153463,34.09179,613.7544,118.93929,11.525273,586.5908,-94.87759,17.3042,582.25775,62.279995
leg_down
IMG_20241017_120417.jpg,leg_down,2146.0698,2868.625,-366.52106,2179.111,2906.978,-455.34222,2178.1772,2915.809,-455.58173,2177.0796,2925.29,-455.82538,2179.6113,2900.7017,-327.04718,2179.3657,2904.338,-326.98203,2179.319,2908.362,-327.251,2142.3533,2979.599,-657.80115,2147.4092,2956.239,-99.13992,2094.8127,2882.1821,-425.60107,2098.5464,2874.853,-262.56177,1904.6376,3070.188,-923.8767,1852.8668,2950.958,318.00613,1510.6328,3169.7031,-978.6637,1502.4655,3040.3586,536.73566,1172.7407,3232.0256,-928.5882,1207.6622,3045.253,474.04092,1055.8179,3269.8882,-1029.7947,1118.1991,3050.6465,510.90607,1049.4631,3237.7415,-1024.3771,1120.5116,3039.064,397.36523,1085.0154,3217.4497,-915.2358,1141.0977,3042.7764,425.20425,1170.2197,3086.2126,-345.11377,1165.4839,3002.6567,345.05246,658.6304,3099.5322,-284.1996,659.67993,3047.8325,400.5239,170.59135,3103.546,-56.292583,192.46727,3083.8794,605.525,76.1708,3148.2356,-55.2462,106.83015,3132.7278,603.04224,62.60562,2929.9026,-394.5112,117.30507,2893.3926,349.24298
leg_down
IMG_20241017_120418.jpg,leg_down,2143.3225,2856.2761,-378.8711,2179.7454,2898.839,-455.5347,2178.7703,2908.1035,-455.66068,2177.4658,2917.6453,-455.80392,2181.1394,2891.2866,-344.26364,2181.0972,2894.207,-344.22794,2180.9482,2897.3442,-344.47983,2139.4717,2970.088,-618.1924,2146.6384,2942.8716,-140.3784,2090.346,2873.208,-424.16748,2093.8154,2863.013,-284.43405,1901.7373,3068.7932,-828.5996,1861.5629,2941.3577,223.33427,1510.3627,3163.8271,-883.45233,1511.431,3011.9663,426.84915,1151.6885,3227.284,-902.9389,1207.3514,3033.2168,384.8573,1043.2965,3266.371,-996.17706,1110.0244,3038.294,411.73428,1037.6735,3234.5835,-997.1003,1113.4412,3029.3965,310.85062,1072.5259,3214.9622,-893.89514,1144.2997,3033.0662,342.90598,1177.9949,3075.499,-288.57135,1170.6508,2988.3665,288.37228,666.90857,3093.624,-264.0458,670.99976,3036.0962,274.94495,173.04317,3093.7844,-133.04877,197.84573,3069.3655,397.26047,81.53468,3128.0596,-140.73912,117.915985,3108.6338,387.3521,45.304924,2928.6077,-473.4341,107.251884,2893.7075,144.73232
leg_down
IMG_20241017_120418_1.jpg,leg_down,2135.2205,2866.6616,-288.05762,2168.0464,2907.5728,-375.04047,2166.5054,2916.2114,-375.2866,2164.625,2925.5789,-375.50266,2169.0664,2902.0046,-248.54611,2168.7422,2905.9336,-248.46619,2168.4236,2910.0889,-248.76537,2127.1228,2981.5667,-580.88684,2134.4595,2957.6777,-31.85317,2083.4092,2882.625,-349.41806,2087.6926,2874.309,-188.91763,1889.366,3067.2068,-864.76276,1833.8513,2949.8882,371.03577,1498.3633,3172.3936,-953.9808,1484.4482,3041.725,585.11206,1147.6096,3238.5652,-958.9914,1180.8958,3051.0994,527.3652,1042.2087,3277.4043,-1064.7223,1096.0679,3054.9006,566.9845,1035.2833,3243.9753,-1055.1982,1096.0952,3045.5105,455.1476,1069.2621,3223.0586,-945.4911,1122.707,3049.4,479.7649,1153.1498,3083.3914,-347.2159,1143.3019,3006.878,347.22806,640.97614,3092.2168,-272.681,643.4254,3044.0962,401.4629,166.47433,3104.4739,-46.408623,193.43091,3086.8984,628.50195,78.62064,3144.3948,-42.340378,113.245544,3130.317,630.0112,69.42255,2913.707,-347.5453,110.575226,2894.1301,395.97443
leg_down
IMG_20241017_120421.jpg,leg_down,417.55304,593.9426,-51.206383,426.06284,601.3191,-69.87618,425.96368,602.5758,-69.88182,425.7354,603.8704,-69.94121,426.57208,601.3093,-41.660484,426.79,602.4832,-41.637653,426.87625,603.6833,-41.71991,419.2383,615.6514,-120.15499,419.94537,614.2954,2.5824244,406.9701,595.9924,-66.802574,407.89236,595.49054,-30.842352,366.54285,630.45984,-188.09792,358.43918,614.7338,87.2203,275.35782,643.3795,-213.265,277.28632,624.1972,125.41471,190.84796,653.75854,-224.45232,208.00822,626.27856,119.270485,170.93149,657.97394,-253.23058,188.65572,628.8693,125.9096,167.176,653.9275,-251.3704,182.18036,631.66284,103.21647,175.92097,651.0464,-223.147,193.07253,628.05383,108.84928,203.60164,625.45746,-83.648346,203.12715,616.7052,83.640015,81.81137,626.7764,-56.456802,88.49928,624.6391,90.86429,-30.692732,631.3369,5.207815,-25.39199,630.7272,157.49982,-33.43211,640.2029,6.8347044,-30.319136,637.95087,159.87376,-51.563198,588.1859,-67.89287,-32.221394,582.4277,94.45391
leg_down
IMG_20241017_120422.jpg,leg_down,419.98306,595.52985,-29.161732,428.31607,603.82513,-47.353123,427.968,605.1174,-47.386925,427.61093,606.47797,-47.44435,428.5745,603.86084,-19.207243,428.43253,605.0506,-19.185534,428.339,606.33716,-19.26358,420.44305,617.7736,-94.728355,421.26453,616.91656,26.701553,409.70663,596.9417,-43.89141,410.1394,596.6139,-8.323786,367.98004,632.10345,-163.0677,358.42233,616.1678,106.60634,277.12735,643.4386,-192.67004,275.27832,628.4474,142.35492,191.25212,653.8722,-199.29628,204.16783,632.2838,138.69055,168.98695,659.6152,-226.43338,184.61009,634.7642,147.54704,165.52728,655.2729,-221.1967,182.14803,634.5105,124.887405,174.02129,652.3531,-195.93544,189.82599,633.3794,128.98175,200.86943,624.4051,-74.16296,200.17078,620.0399,74.20457,80.394554,629.4355,-62.752792,81.95011,626.94586,64.900604,-34.534424,636.004,-8.568303,-29.10179,629.25165,114.068695,-50.097603,647.42303,-6.597793,-46.749435,637.5341,114.922554,-67.24341,612.2582,-64.6636,-55.38701,598.40894,52.17088
leg_down
IMG_20241017_120423.jpg,leg_down,418.4593,594.07654,-29.714334,426.13306,601.2457,-47.28397,425.9765,602.48206,-47.277622,425.80463,603.7481,-47.32874,426.71964,601.2548,-19.147276,426.92047,602.4174,-19.097456,427.03467,603.60065,-19.163174,419.76587,615.26117,-95.442474,420.415,614.2562,26.223917,408.12448,595.8294,-45.00771,408.9105,595.36505,-9.372353,367.23453,628.68005,-168.9918,358.45868,616.601,107.69144,276.9025,642.68616,-197.22557,277.38177,625.1333,141.154,190.86829,652.9881,-207.01665,203.7533,630.14276,135.29816,170.65475,656.9143,-235.32109,185.92232,631.71014,142.07782,166.82198,652.65295,-233.57748,179.74507,632.6064,120.212395,175.33698,650.0635,-205.59468,188.96863,630.7589,125.04737,202.36267,623.47797,-82.20567,201.19022,619.5926,82.258766,81.84371,628.5897,-62.23307,83.76035,626.8436,76.82623,-27.811003,630.77606,-11.713563,-12.602538,619.4943,135.21951,-30.823088,637.4825,-11.65237,-30.528187,627.51483,136.43056,-51.630806,589.2274,-89.91442,-31.93515,580.08575,66.90512
leg_down
IMG_20241017_120439.jpg,leg_down,2075.4,2976.0215,-66.83609,2115.8328,3013.2905,-103.60391,2116.1865,3027.1057,-104.13452,2116.6882,3041.6108,-104.64862,2116.756,2995.0444,-2.04786,2117.1301,2993.6343,-1.7929763,2117.8162,2991.815,-1.9985862,2086.1597,3111.9849,-145.62912,2092.4595,3029.741,298.44666,2019.3322,2995.4402,-71.79872,2021.3406,2974.072,56.17399,1854.6692,3228.3962,-482.95847,1789.3998,3010.1013,706.92194,1478.2507,3338.7417,-604.38794,1424.6086,3094.943,880.9266,1123.0671,3392.7014,-669.9794,1128.7571,3104.739,760.76605,999.4827,3434.8362,-771.72626,1042.1326,3103.2131,768.1036,990.46484,3387.131,-784.94635,1038.1272,3095.3792,656.1517,1022.02435,3363.0195,-665.7355,1068.8872,3098.127,704.77155,1100.3673,3236.5598,-321.6085,1084.059,3077.2861,321.83267,486.7221,3282.4773,-280.1776,493.6682,3141.5427,251.39462,6.5970716,3333.035,-177.31902,44.74926,3235.787,402.727,-41.583805,3371.5566,-189.43839,-52.62199,3289.2166,397.70587,-224.61578,3207.1934,-595.33606,-160.31187,3108.4502,96.60957
leg_down
IMG_20241017_120440.jpg,leg_down,2087.5,2975.9858,-15.448099,2126.029,3015.4995,-75.8466,2126.1677,3026.8604,-76.291275,2126.0552,3038.9668,-76.70575,2124.1013,3001.4612,41.715454,2122.9663,3000.9807,41.873333,2122.114,3000.1562,41.66369,2092.5054,3107.623,-199.04239,2092.8872,3039.9321,317.70676,2038.7225,2992.7957,-47.776714,2038.0844,2974.8662,101.61401,1836.1967,3240.293,-514.53687,1794.2274,3012.987,702.5809,1462.5742,3343.4119,-614.6878,1390.9752,3147.3545,884.949,1113.1141,3380.9004,-628.9303,1130.94,3112.7942,739.34625,992.1626,3410.0002,-732.31396,1038.2262,3117.6582,745.1832,990.475,3358.164,-730.23254,1037.8998,3100.6018,622.10974,1021.54156,3339.7507,-617.44574,1071.7201,3103.9175,679.0932,1090.708,3225.6663,-330.78537,1083.2433,3076.9236,330.97894,482.49802,3268.3892,-283.61523,486.9124,3168.5754,249.69449,11.445165,3327.2183,-153.49126,44.147102,3239.9739,411.9999,-133.18794,3393.3032,-162.78796,-83.78747,3290.919,409.31128,-256.462,3197.6262,-583.69836,-204.53488,3140.8713,88.299095
leg_down
IMG_20241017_120440_1.jpg,leg_down,2081.8564,2989.671,-180.1855,2119.5674,3028.5222,-215.91928,2118.937,3042.4836,-216.43552,2118.1985,3057.988,-216.89934,2122.0,3007.06,-110.65459,2122.4795,3005.3186,-110.35163,2123.1028,3003.4485,-110.408394,2084.1497,3129.1274,-236.45204,2096.4832,3044.868,225.60796,2023.6431,3009.5454,-176.3744,2026.2158,2986.87,-43.289585,1837.6172,3234.396,-574.58264,1783.5388,3024.6665,688.3913,1452.4398,3339.8125,-687.58215,1380.0488,3117.0278,896.3217,1099.1471,3381.961,-725.54016,1116.5713,3099.4268,748.88336,978.8576,3414.9602,-830.20306,1028.0782,3096.6821,760.25006,975.5175,3363.8591,-837.5906,1024.5468,3086.2073,641.30066,1006.15765,3343.712,-717.16046,1053.5963,3088.6677,691.0569,1084.1992,3223.6697,-352.83353,1076.2935,3071.8074,352.89542,477.1859,3271.2993,-337.58972,481.52066,3143.056,325.14206,3.2769442,3335.0208,-241.55444,48.96918,3240.561,539.4328,-132.16747,3411.929,-254.37604,-69.60136,3299.537,541.32465,-258.56467,3206.8105,-696.21497,-193.94409,3143.0635,231.20622
leg_down
IMG_20241017_120440_2.jpg,leg_down,2059.035,2958.3726,35.659336,2100.5637,3000.423,-35.05894,2101.327,3011.8098,-35.528755,2101.5637,3023.7637,-35.970177,2099.3557,2984.6462,96.86051,2099.3726,2985.005,97.08345,2099.2363,2985.2686,96.8878,2067.492,3093.2314,-207.33585,2071.2263,3032.2776,371.32047,2009.4805,2981.1167,-15.371423,2007.0459,2963.0542,152.22888,1829.279,3218.845,-569.2875,1759.7313,3002.8872,781.5242,1447.2936,3330.9817,-769.76776,1404.4906,3092.5981,991.9744,1093.8488,3383.1396,-907.56903,1120.3821,3111.372,857.0099,973.47296,3414.0437,-1042.4764,1031.8783,3108.8965,882.23987,967.32605,3368.686,-1020.829,1029.7091,3101.6653,755.63684,998.1947,3347.2886,-892.4331,1059.8167,3105.4402,795.4823,1082.1583,3232.2002,-350.92264,1058.2683,3070.747,350.8247,470.39008,3270.2686,-415.73914,473.2727,3155.6177,286.5275,-41.465073,3358.849,-99.046715,19.8344,3264.9756,630.25543,-101.565865,3404.8738,-85.678024,-39.071472,3314.857,650.188,-245.52486,3278.4475,-467.18262,-188.55455,3187.8733,365.36383
leg_down
IMG_20241017_120443.jpg,leg_down,418.6037,601.86536,-23.727777,426.8499,609.86816,-40.775887,426.50253,611.27216,-40.853485,426.1734,612.738,-40.940357,427.47824,609.50214,-12.816694,427.59955,610.6039,-12.788788,427.79163,611.7866,-12.872516,419.58914,624.9394,-90.56918,421.5616,622.70715,31.475302,408.50107,603.71704,-39.958637,409.15445,602.7852,-4.436095,363.29456,641.77716,-158.90814,352.9159,620.4471,106.57484,272.23047,657.077,-190.30434,272.42645,630.32135,141.06291,191.07658,661.1806,-201.97203,198.50076,632.56866,123.87591,169.01793,664.2599,-231.81094,178.69627,631.83514,128.78378,167.39459,657.8008,-225.32748,176.92334,632.19556,103.96564,175.08621,654.96594,-198.56667,184.0138,631.53076,112.38564,197.79556,629.3561,-78.17091,197.26215,615.6266,78.18593,81.28254,629.5285,-74.555916,79.97333,621.17365,82.00502,-13.6307,659.9691,3.8592446,-6.8633437,646.9952,162.67873,-23.474533,672.32,9.347504,-19.739931,657.8074,168.04475,-53.24809,643.5635,-44.249443,-39.23732,625.2405,113.96583
leg_down
IMG_20241017_120444.jpg,leg_down,416.70288,604.4564,-18.621668,425.57202,612.0282,-36.674572,425.44287,613.346,-36.757015,425.33585,614.7845,-36.84524,426.41718,611.9939,-9.05779,426.8501,613.2227,-9.050361,427.23605,614.5595,-9.146777,419.63983,627.77905,-83.57197,420.55457,626.0238,35.974483,405.13663,606.5954,-33.027374,405.9332,606.19543,1.8049992,365.2191,643.9807,-151.52916,356.92746,625.561,115.04797,279.22562,657.1713,-183.29337,274.24088,632.4711,147.89714,194.83003,662.68384,-200.24896,202.61949,634.4503,136.1047,169.80258,666.92346,-228.38687,180.65324,634.3718,144.46274,168.28207,660.179,-219.7485,181.28949,634.3097,118.89525,176.08295,657.0407,-195.84961,188.44827,634.367,125.094864,195.02274,629.7929,-73.28339,194.01558,619.41895,73.324425,69.101105,640.4331,-83.11375,73.48169,631.4391,64.85969,-28.330421,655.3106,0.19249971,-24.709099,651.74084,130.80641,-36.50769,664.851,6.739367,-37.885326,662.5071,134.54836,-74.027145,643.953,-44.089283,-61.708992,631.5608,76.05213
leg_down
IMG_20241017_120445.jpg,leg_down,419.0157,602.6145,-25.997227,426.88223,610.7904,-42.85472,426.43475,612.127,-42.946182,425.98608,613.52966,-43.055843,427.42065,610.45325,-15.022405,427.38083,611.4939,-14.974362,427.3697,612.6089,-15.056643,418.98367,625.0849,-90.560165,420.3152,622.84375,30.835175,408.5271,603.9622,-41.401127,409.21347,603.21136,-6.0846033,364.36636,641.42474,-159.00394,352.6046,618.10706,107.829285,276.488,655.9319,-192.73488,272.87262,627.9895,142.2895,194.59044,660.38525,-210.12355,201.87585,630.1948,122.85439,171.7981,663.44604,-241.35675,180.73709,630.0618,127.83976,169.4983,657.36224,-234.33539,178.62909,631.1967,101.81412,177.05612,654.44244,-206.50302,186.02878,630.2876,110.79375,198.72429,627.1083,-76.635574,196.85446,614.64514,76.73466,76.648315,633.6566,-100.130844,80.464554,621.93164,71.12026,-1.3221502,655.1081,13.699253,6.132674,641.1063,160.28687,-10.554582,664.6554,22.919334,-5.5197,650.0444,166.99649,-35.695984,642.60547,-22.994474,-23.797596,622.20447,115.9091
leg_down
IMG_20241017_120501.jpg,leg_down,2534.7673,2920.14,-262.23532,2588.3733,2953.1167,-322.64337,2590.0754,2966.9465,-323.15503,2591.777,2981.889,-323.52243,2584.6904,2931.9788,-218.87067,2584.7874,2930.2114,-218.66621,2585.0098,2928.4314,-218.80368,2574.9436,3047.6296,-326.40704,2568.4875,2971.747,128.47328,2483.7874,2953.5269,-238.23738,2482.3618,2929.4834,-107.00081,2351.4297,3132.2322,-643.47253,2268.4492,2972.5928,670.11255,1991.0276,3251.0234,-781.95654,1912.3385,3058.8523,917.8683,1631.4236,3292.28,-777.7786,1611.6528,3095.8848,756.07666,1518.3279,3326.3518,-849.91766,1513.6238,3115.4377,755.51215,1507.0461,3305.1184,-866.602,1509.3123,3104.7935,646.4075,1550.2539,3281.5571,-771.00024,1548.0513,3104.132,701.238,1514.493,3149.3313,-412.36984,1503.2299,3021.68,412.3017,903.49725,3164.2788,-548.47534,906.90564,3070.9004,253.8077,286.91144,3256.497,-599.5457,310.90674,3156.5872,209.87022,159.40297,3329.4524,-618.63434,219.1068,3212.6187,182.53497,21.139114,3037.7952,-992.34485,177.94437,2936.1965,-85.40899
leg_down
IMG_20241017_120501_1.jpg,leg_down,2542.8943,2894.8196,-123.72039,2600.4548,2928.0713,-209.84799,2603.178,2941.3604,-210.33644,2606.2483,2955.47,-210.5909,2597.726,2911.4856,-84.877304,2598.2734,2911.888,-84.74403,2598.9536,2912.3447,-85.05215,2586.0193,3027.4275,-345.16272,2579.9167,2966.6628,201.09511,2491.56,2926.2246,-150.16827,2489.0664,2906.9517,8.255779,2347.158,3142.7507,-692.0068,2257.795,2972.1165,679.2723,1964.9443,3246.1187,-877.4706,1877.9736,3050.9138,902.7939,1606.323,3285.3887,-927.19476,1576.9877,3096.6238,734.9966,1489.9457,3316.48,-1006.30457,1471.2225,3115.3728,734.9854,1481.4204,3301.7725,-1018.2114,1446.3864,3118.558,624.4123,1521.1014,3281.7336,-920.884,1507.7759,3108.2173,676.6483,1508.801,3151.3342,-404.1981,1492.8485,3024.3442,404.12686,883.78394,3172.577,-539.0228,885.1834,3089.1748,245.55554,250.00816,3241.8435,-588.02423,290.2117,3167.695,193.08351,121.78293,3326.7292,-610.897,186.4408,3238.9316,163.49084,18.495262,3016.9497,-1004.57635,129.79836,2937.5386,-108.28173
leg_down
IMG_20241017_120502.jpg,leg_down,2527.0977,2897.5679,-165.35463,2586.0288,2927.2874,-247.92749,2589.677,2940.7812,-248.41292,2592.5132,2955.1465,-248.69844,2581.0881,2910.4646,-121.57898,2581.608,2910.6082,-121.441986,2582.2734,2910.844,-121.69779,2578.203,3032.4998,-348.59518,2569.6091,2968.9832,206.90364,2480.682,2933.5483,-177.20593,2476.916,2911.8276,-16.506355,2342.303,3169.31,-665.5181,2263.1665,2973.033,685.7417,1968.058,3257.3918,-812.75916,1887.4751,3047.1453,905.5123,1614.4447,3285.1274,-773.6743,1593.7565,3073.3657,703.6684,1498.7776,3315.8076,-842.9911,1493.0941,3094.9307,688.7341,1493.3419,3299.2874,-862.07684,1490.7435,3089.1973,582.035,1533.6344,3278.6616,-767.30444,1528.6318,3089.0854,645.34045,1511.5802,3166.5808,-410.90182,1498.1841,3024.407,410.6853,888.2593,3176.3918,-558.64246,896.5534,3086.4756,212.7863,253.83005,3250.6995,-633.0437,284.51495,3164.84,144.44977,133.04347,3327.1523,-658.00745,190.31168,3227.8777,115.877174,3.5856664,3024.3914,-1055.7021,133.17802,2939.1382,-161.79697
leg_down
IMG_20241017_120502_1.jpg,leg_down,2531.4277,2888.8804,-116.39324,2587.4272,2919.5366,-216.66316,2590.4656,2931.1653,-217.1253,2593.2144,2943.5842,-217.3788,2583.1335,2904.7603,-82.48613,2583.2551,2905.8066,-82.41138,2583.748,2906.8477,-82.76046,2577.3433,3019.6074,-388.26477,2567.6309,2964.9878,198.8939,2480.047,2922.839,-154.04456,2477.667,2905.9888,16.322504,2333.8184,3159.7642,-695.0016,2259.2585,2975.9988,653.9617,1954.9441,3250.5444,-810.33844,1882.4403,3045.327,887.72455,1618.348,3268.3982,-730.9355,1588.6604,3077.9827,714.94025,1506.3724,3298.205,-789.9884,1490.9489,3103.4587,706.0152,1503.6837,3281.386,-809.95355,1490.4459,3093.726,596.16595,1543.6818,3260.1404,-723.9914,1528.6202,3092.8088,656.00793,1494.7399,3155.5754,-399.4193,1483.0796,3024.6865,399.33786,875.218,3179.6824,-540.1716,885.304,3084.4949,220.37422,251.01802,3242.6821,-601.42236,282.05554,3155.5945,154.29515,129.8174,3316.3936,-624.97375,188.31888,3206.457,124.27483,6.9479046,3013.113,-999.73065,130.73293,2913.7563,-137.01765
leg_down
IMG_20241017_120503.jpg,leg_down,534.4482,607.8624,10.376625,546.6461,615.2244,-12.715785,546.99915,616.86816,-12.753571,547.3379,618.5271,-12.795568,546.57025,614.76227,16.205317,546.8796,616.0428,16.253817,547.18744,617.3886,16.156303,544.59766,630.9674,-65.49473,544.7281,629.0547,60.10488,524.1702,612.60913,-3.7641628,523.64636,611.69183,32.900143,496.08157,643.484,-145.49886,483.0553,632.93677,152.59674,408.3308,656.62463,-181.34776,396.6591,638.6271,193.99348,323.22873,660.4302,-195.66127,322.0345,643.95435,181.29135,297.8165,666.9253,-218.11865,296.9192,646.21875,187.05994,296.26752,661.9368,-215.45059,295.72726,644.91675,163.00955,304.37543,658.27563,-192.88144,303.99695,643.7577,170.04681,304.82486,632.8434,-91.227585,303.1557,624.0608,91.25211,161.56543,635.4003,-72.22372,159.88145,632.4377,70.70227,21.185715,645.3927,-44.854908,26.703983,639.5391,106.73757,5.181885,657.75574,-45.93452,11.993515,648.5442,105.275635,-2.1718025,596.8451,-119.44094,0.06483793,587.9145,38.208412
leg_down
IMG_20241017_120504.jpg,leg_down,532.76685,608.20703,8.193955,544.81213,614.9467,-14.143477,545.3728,616.53375,-14.184969,545.9666,618.12994,-14.2263,544.8178,614.4624,13.854994,545.3334,615.67694,13.913195,545.90265,616.92737,13.833631,544.2832,630.98083,-63.43017,544.1187,628.8165,58.242493,522.80194,613.4532,-4.5637193,522.2,612.322,30.972048,496.65915,643.4344,-143.65659,483.51144,631.61237,151.1722,411.2056,657.5172,-183.56952,397.77817,637.5444,192.03166,325.65784,660.1668,-203.326,324.3062,642.8311,178.3008,300.58386,666.7149,-226.27379,298.93683,646.2092,184.62418,298.80072,661.1482,-222.07512,297.27975,645.2977,159.86769,306.65317,657.3987,-200.17871,305.58014,643.755,166.81596,306.7518,632.3274,-90.69192,305.27142,622.564,90.74677,160.29367,638.14813,-72.484215,159.7135,634.6387,68.3305,21.533989,644.43744,-52.15871,26.571,639.3432,100.80952,5.5454493,657.1018,-54.157776,12.288469,648.81213,99.172554,-4.3415666,591.47534,-130.6655,2.212751,584.6778,32.68106
leg_down
IMG_20241017_120505.jpg,leg_down,534.6864,607.5683,11.274358,546.6068,615.735,-12.235814,547.183,617.4215,-12.279405,547.84155,619.0972,-12.317536,546.422,615.19586,16.78456,546.8429,616.4227,16.81836,547.3715,617.668,16.717798,544.8968,631.11365,-64.555374,544.4473,628.65765,61.720104,524.08496,612.1427,-2.4704564,524.002,611.3289,34.368145,497.77985,642.68646,-146.71552,485.28076,633.678,156.00159,415.54248,658.4681,-188.86317,401.46844,640.2425,199.95828,330.25,661.71405,-215.42194,327.98853,643.85974,184.60405,306.31842,667.7985,-238.75638,304.14334,646.48364,190.02151,304.5839,662.78107,-236.18437,303.13303,645.84827,164.99738,312.26706,659.2781,-212.88126,311.3341,644.76086,172.88113,307.29932,632.4523,-92.89584,305.17154,623.40405,92.92789,161.83102,637.40686,-76.20096,159.56226,634.46136,64.96702,20.758438,644.40796,-57.48113,25.673246,638.3616,93.59951,4.512942,658.2649,-59.597557,9.18839,648.36487,91.303795,-4.6711206,592.47235,-136.97458,1.1072516,584.21924,23.312586
leg_down
IMG_20241017_120527.jpg,leg_down,2105.7874,2989.442,-189.07793,2155.1357,3027.2476,-256.42862,2157.6387,3039.8042,-256.69452,2160.2712,3052.802,-256.8095,2153.9683,3014.494,-142.40617,2155.5647,3017.291,-142.23714,2157.6362,3020.5142,-142.36246,2140.283,3118.9868,-369.22345,2135.46,3075.1309,131.25044,2063.6382,3019.2883,-216.62506,2060.3513,3002.182,-71.142624,1925.9072,3260.939,-656.2639,1837.2858,3068.105,519.15686,1537.7751,3379.7627,-801.6163,1472.5095,3159.946,736.77246,1187.4585,3414.881,-787.63684,1206.2544,3166.0972,569.97906,1071.5985,3447.9497,-853.12994,1110.5355,3158.399,570.45264,1069.9487,3406.8826,-846.8965,1110.7711,3150.5322,461.07495,1096.3405,3383.486,-772.5162,1139.9536,3161.315,514.06067,1135.233,3251.5479,-343.09625,1125.0195,3099.3193,342.90695,587.9261,3228.9695,-355.13324,616.8667,3142.8574,385.12524,52.803844,3313.4407,-318.79327,155.40657,3204.0132,582.774,-1.2131631,3354.8733,-330.23804,102.767944,3248.864,583.358,-215.5222,3213.392,-677.54126,1.2866557,3090.3223,374.75882
leg_down
IMG_20241017_120527_1.jpg,leg_down,2111.2512,2990.4148,-87.13222,2156.8416,3025.0935,-169.81952,2158.5352,3036.217,-170.08691,2160.4631,3047.813,-170.18265,2156.696,3016.4807,-50.283966,2157.8909,3020.6445,-50.160984,2159.4004,3025.0173,-50.38253,2141.5688,3112.798,-342.36386,2136.6675,3082.1685,177.52242,2069.8318,3017.916,-136.12833,2066.9563,3005.899,15.501049,1933.2429,3253.558,-656.8637,1849.3384,3079.2463,550.876,1558.3217,3376.2817,-845.1014,1489.13,3180.5637,747.2729,1202.4785,3412.5728,-901.3471,1218.3933,3182.6016,599.68445,1080.5343,3450.3982,-981.7156,1129.3907,3187.5603,604.4746,1077.4462,3412.9539,-971.1172,1136.1362,3181.591,490.47455,1107.4601,3387.32,-887.37427,1162.5204,3188.2676,542.4269,1123.7133,3246.4434,-339.4319,1113.8354,3107.441,339.3677,570.2312,3242.1387,-325.21942,610.98865,3142.071,361.42978,22.116423,3342.2732,-289.0295,149.02399,3216.9856,536.09564,-17.752111,3381.326,-300.2247,92.50322,3274.742,535.0364,-230.57932,3232.806,-616.7084,5.538225,3099.476,341.78433
leg_down
IMG_20241017_120528.jpg,leg_down,2092.2898,2993.9067,-251.51363,2142.1375,3023.3018,-342.78882,2144.2798,3033.6484,-343.05817,2146.5364,3044.7512,-343.20746,2139.229,3013.5312,-211.80113,2139.6968,3016.59,-211.63521,2140.5469,3019.957,-211.756,2127.1353,3110.7832,-518.90546,2122.8816,3077.9236,58.155003,2049.5518,3022.2737,-296.76187,2046.1182,3009.232,-129.06335,1914.7478,3258.5688,-831.92474,1838.8152,3088.198,516.851,1531.1204,3389.237,-1047.6517,1483.0262,3167.0764,770.36285,1174.7377,3429.8037,-1123.7972,1209.8652,3159.8477,630.98474,1059.8309,3462.4456,-1226.0134,1118.4631,3164.4758,653.3448,1053.9392,3423.4302,-1199.0688,1121.2283,3155.005,525.55524,1081.1998,3401.9766,-1103.7252,1149.8263,3162.2485,569.6581,1104.1414,3243.0417,-396.03772,1100.8062,3111.185,395.9174,562.2614,3234.5352,-313.62097,610.0449,3152.954,566.4048,40.839584,3312.61,-183.17517,166.02213,3227.1492,927.19775,-5.30532,3351.9875,-185.3423,119.32522,3276.1243,946.6389,-212.19894,3213.0889,-529.99963,31.838984,3107.505,752.4217
leg_down
IMG_20241017_120528_1.jpg,leg_down,2090.4014,2997.3606,-237.5833,2141.5706,3029.5203,-316.2472,2144.2888,3040.588,-316.50754,2147.2695,3052.852,-316.61508,2139.4937,3020.35,-194.21008,2140.88,3023.9463,-194.00357,2143.1355,3027.9736,-194.06757,2131.2256,3118.2415,-449.2426,2127.9302,3086.5178,87.80533,2048.8555,3027.363,-269.27667,2045.185,3013.9526,-113.348076,1921.6422,3254.928,-748.25037,1844.0182,3090.2175,512.2248,1551.1256,3389.8308,-935.02094,1485.6635,3187.6863,733.679,1188.791,3426.1309,-955.5928,1221.7133,3194.4219,555.9429,1070.4595,3456.7883,-1043.7799,1135.2809,3196.6836,564.5372,1067.6056,3418.3093,-1019.8159,1137.9658,3190.1924,441.12186,1098.534,3396.467,-935.8095,1165.3137,3195.8728,495.63986,1115.2598,3246.207,-378.88156,1109.0903,3114.9497,378.8357,596.67847,3246.2854,-398.2218,632.31793,3157.879,417.2498,37.918655,3330.4036,-337.87363,143.8635,3227.1199,630.1386,-16.785442,3371.4507,-347.57184,83.9966,3279.0881,632.19147,-232.25319,3234.6184,-698.51355,-14.591485,3113.092,423.404
leg_down
IMG_20241017_120529.jpg,leg_down,437.67615,619.3254,6.909142,447.09357,626.5719,-10.112306,447.21237,627.98206,-10.182278,447.33847,629.5189,-10.23454,447.20972,626.23126,16.808762,447.39328,627.28845,16.831615,447.5815,628.45215,16.749367,442.88434,642.0691,-54.444622,442.5663,640.45355,61.587055,427.84573,621.8764,-6.7543106,427.8269,621.1838,27.141573,393.7765,656.262,-137.09052,380.24133,639.44147,144.51584,307.3534,671.0076,-179.24326,301.62698,649.7303,179.65291,221.10501,672.14325,-205.46487,229.20091,644.1763,165.73798,197.7154,678.94556,-232.55008,206.92857,643.68146,172.73637,195.27048,669.46545,-227.0427,205.46318,644.19635,146.86687,203.15756,665.9137,-202.01787,213.60677,644.14905,153.97845,216.59113,642.8223,-84.659874,217.89355,634.4514,84.69914,96.76099,630.9709,-75.39151,99.80855,630.36847,69.33296,-26.621264,651.8011,-46.48488,0.47122836,650.2923,105.122894,-49.726315,663.57916,-47.01689,-32.990955,658.96246,104.622375,-66.196205,613.28766,-113.74679,-45.43401,611.4811,42.796017
leg_down
IMG_20241017_120530.jpg,leg_down,439.88412,621.37994,8.31211,448.86597,628.92267,-8.908176,448.97226,630.33856,-8.976947,449.08878,631.9362,-9.03279,449.09756,628.6038,17.94755,449.3616,629.6581,17.979782,449.62595,630.8906,17.906483,444.049,644.11456,-52.089733,443.94373,642.52655,63.558903,429.46466,623.3943,-4.608229,429.46848,622.7089,29.110289,395.07986,655.7248,-134.63924,381.51996,638.17725,147.96115,306.86694,671.028,-170.45187,301.48248,649.07056,184.7653,222.26399,672.9991,-190.81038,233.45244,642.0638,173.25023,197.95543,678.91895,-216.4765,213.75719,640.8268,180.93864,195.46466,670.64526,-211.70177,213.23572,640.67236,155.23859,203.16591,667.2901,-187.51318,218.55098,641.73285,161.56448,219.14632,643.30084,-86.310684,219.89304,634.4888,86.349594,97.14119,639.5033,-76.71614,102.45782,636.2802,70.32185,-29.679268,657.2325,-52.157825,5.127507,652.19464,104.80982,-45.910175,673.7012,-53.371506,-32.370937,662.4059,104.322014,-68.36758,617.71814,-123.961464,-44.25536,614.98615,43.13153
leg_down
IMG_20241017_121315.jpg,leg_down,2364.7368,2799.0012,-162.33675,2404.7693,2835.0176,-223.92862,2405.0317,2846.0352,-224.13965,2405.025,2857.583,-224.23996,2405.7356,2824.984,-119.29054,2406.9353,2828.04,-119.10133,2408.264,2831.613,-119.07046,2374.7158,2920.7207,-317.97354,2379.406,2884.8994,142.1521,2317.2666,2821.8604,-182.89731,2314.5007,2808.923,-49.313442,2170.1858,3013.324,-613.2315,2105.8782,2845.498,535.59784,1833.4705,3112.0405,-717.29724,1786.5012,2890.0393,750.49585,1516.0736,3093.9097,-696.7685,1547.4178,2867.9517,604.2174,1395.4073,3114.9846,-754.13513,1466.0286,2861.2812,606.155,1399.6978,3086.9102,-752.0482,1474.7932,2856.7231,503.48895,1438.8011,3066.589,-683.1152,1491.9877,2867.2356,551.3178,1438.9673,2962.8245,-341.80328,1436.5581,2844.321,341.50635,910.6466,2923.6394,-297.0536,945.9333,2846.2034,358.17755,427.2565,2940.7502,-234.94022,513.87787,2877.3096,522.8799,370.62933,3005.7124,-243.9288,463.9485,2946.214,519.7794,201.14368,2812.1372,-594.01495,352.7424,2748.8745,323.5732
leg_down
IMG_20241017_121316.jpg,leg_down,2357.636,2787.9707,-95.3263,2397.1716,2820.891,-168.8147,2397.6028,2830.4116,-169.00172,2398.6624,2840.682,-169.08159,2397.8462,2813.8745,-58.080017,2398.2617,2817.3765,-57.903244,2399.2446,2821.0613,-57.937866,2376.6414,2904.588,-313.05518,2375.829,2874.5908,173.63307,2302.528,2810.269,-133.65746,2301.0857,2800.8176,7.748084,2173.174,3001.755,-610.8514,2108.8032,2849.378,529.51263,1837.3881,3108.0159,-738.6318,1792.2164,2893.1904,716.4385,1523.1436,3078.39,-743.4824,1555.3644,2864.9011,570.26935,1403.3134,3101.3035,-808.0067,1467.3707,2864.5444,571.17444,1407.3191,3073.999,-800.2373,1466.6282,2849.5088,465.8557,1444.1714,3054.12,-729.3279,1495.2212,2861.7017,516.2793,1458.9521,2950.116,-340.01437,1459.2589,2826.5977,339.7139,931.4412,2942.0317,-310.84726,961.998,2821.0916,333.55643,440.32663,2945.2026,-266.8652,509.28094,2861.5234,478.90796,377.74478,2993.9504,-278.99622,450.06393,2925.3276,472.94525,200.93214,2823.4028,-642.55865,341.3314,2733.2769,264.27335
leg_down
IMG_20241017_121316_1.jpg,leg_down,2363.9902,2781.6462,-137.19606,2402.0374,2815.451,-219.10681,2402.7766,2824.7952,-219.29558,2403.8782,2834.8242,-219.42528,2401.5383,2809.5242,-102.43503,2401.6938,2813.642,-102.233025,2402.5437,2817.9043,-102.28605,2380.4402,2900.3118,-386.16245,2379.9143,2873.9236,129.12291,2311.2231,2806.1953,-181.7649,2310.181,2797.3403,-32.10158,2174.3188,3002.1367,-692.3409,2117.3887,2852.5596,515.8807,1839.0126,3110.5374,-823.06165,1796.3138,2900.4124,718.8372,1517.0919,3079.3486,-792.75555,1550.6118,2880.0608,577.62177,1395.4553,3101.9917,-860.107,1448.3046,2906.5073,583.08057,1399.2728,3073.6238,-846.1969,1466.5017,2867.8374,470.4578,1437.6819,3052.85,-775.3434,1495.9788,2875.235,520.1973,1443.6412,2950.9084,-360.37097,1449.2451,2831.4138,360.05908,913.62164,2941.9768,-274.64886,966.9063,2834.9485,479.63123,430.62338,2945.6162,-191.31131,526.3824,2876.785,757.68713,369.03476,2998.219,-201.06223,469.12955,2938.742,766.4833,199.8547,2814.9084,-581.29706,376.04062,2736.968,578.9067
leg_down
IMG_20241017_121316_2.jpg,leg_down,2357.1665,2788.4744,-102.49788,2395.2305,2825.483,-171.84775,2394.932,2834.015,-172.04633,2394.6353,2842.9658,-172.14052,2396.167,2819.301,-62.083797,2396.6096,2822.6587,-61.890034,2397.1016,2826.004,-61.93557,2365.1362,2902.0518,-310.33527,2367.9387,2873.8367,170.25894,2306.0718,2806.2844,-141.087,2304.1968,2796.687,-1.0181581,2162.1096,2994.2852,-633.14905,2098.0496,2841.5942,542.1775,1833.8171,3106.2566,-792.2966,1779.0281,2891.6548,729.4944,1508.9349,3082.0195,-866.6311,1542.7416,2864.3188,594.7633,1389.052,3106.8335,-946.6205,1456.1758,2860.6238,599.8887,1393.2316,3075.5737,-941.04614,1457.9884,2851.2188,492.55008,1430.9447,3053.5679,-855.0866,1486.776,2861.444,539.83746,1434.7555,2957.7434,-346.89777,1432.6343,2834.3206,346.67468,904.4069,2944.6328,-300.37286,939.1402,2837.239,432.8167,418.96765,2946.0881,-267.3077,511.27383,2865.6462,678.501,356.50983,2999.667,-282.05417,460.69934,2925.141,682.5678,193.24716,2807.4153,-657.20703,353.61563,2733.1934,488.24142
leg_down
IMG_20241017_121317.jpg,leg_down,470.72742,612.7809,-3.9891448,480.2642,619.5191,-20.127178,480.4015,620.6654,-20.174982,480.51602,621.9564,-20.195871,480.14465,619.7598,2.9083416,480.21555,620.93585,2.9334307,480.30188,622.2327,2.8983564,475.3458,633.34595,-54.59059,476.00534,632.6498,43.866604,461.14413,615.45105,-13.421736,460.65607,615.213,15.401765,430.08206,643.33813,-123.99891,417.19122,624.6193,119.007805,355.94397,662.50635,-151.78201,349.2465,641.4198,149.80267,280.30072,663.1589,-174.21486,285.20496,641.0711,132.57516,256.06268,669.51294,-195.4932,264.71274,643.919,137.50383,254.7043,664.671,-190.16818,263.37527,641.7392,113.82968,262.41006,660.9578,-170.51065,270.44324,640.5765,122.0165,273.4473,637.7675,-71.4125,270.61752,625.76355,71.40302,153.18997,640.6767,-51.387505,156.34625,631.9955,59.764374,35.499786,644.16925,-34.660805,47.520554,638.3718,91.79893,19.440508,654.8943,-35.476982,31.222647,647.58997,91.47139,4.111594,612.4481,-98.23784,22.227484,604.8341,42.84309
leg_down
IMG_20241017_121319.jpg,leg_down,470.24152,610.93005,-8.08036,480.05154,618.36755,-24.663319,480.1913,619.6229,-24.709183,480.32635,621.0304,-24.730743,479.94418,618.54785,-1.1873032,480.007,619.8001,-1.1621559,480.10608,621.1748,-1.194949,475.02982,632.88873,-60.32007,475.7413,631.7856,40.45031,460.6444,613.30206,-17.848116,460.09134,612.98083,11.620546,429.49835,641.0748,-127.67488,417.09732,623.5194,114.623795,356.4722,661.24255,-154.33641,348.2317,638.10004,146.1359,280.30154,662.74316,-171.91013,285.54892,638.7705,128.26276,256.8045,668.6046,-192.3653,266.97986,641.08075,132.53455,254.84116,664.35297,-187.61401,264.8939,639.13904,108.946,262.7182,660.778,-168.45818,271.92136,638.3027,117.66418,270.0764,635.41376,-71.97205,266.75525,623.2491,71.97117,152.02193,640.6748,-49.106686,156.6868,630.89557,66.2914,38.12449,642.3606,-28.612427,52.39125,636.8484,103.426605,20.889114,653.41064,-29.151493,35.434395,646.9667,103.62152,7.5966415,606.341,-91.17572,25.910997,600.5037,58.963688
leg_down
IMG_20241017_121320.jpg,leg_down,472.93124,612.0919,-1.5586579,482.50824,619.39874,-17.399704,482.61682,620.62994,-17.445122,482.68018,621.9534,-17.467175,482.32898,619.60156,5.3822136,482.34265,620.8543,5.406081,482.35196,622.1864,5.37333,476.74805,632.9635,-50.931507,477.11118,632.2738,46.670822,462.9927,614.6429,-10.632412,462.3278,614.45435,17.918653,430.0869,641.1219,-118.66228,417.42102,624.0063,120.67118,354.77872,661.0815,-144.68059,347.7917,639.5867,151.17404,280.6457,663.5639,-166.02931,285.51227,639.27826,135.22787,256.1459,669.24316,-185.87048,265.74222,641.5318,139.91505,254.9345,665.0043,-181.30882,265.21793,639.0194,117.061165,262.53253,661.4916,-162.738,271.49,638.6502,124.85158,275.14734,635.6991,-70.58033,271.88428,624.27905,70.57938,154.5078,639.7654,-51.27281,158.28906,630.811,57.986084,37.57054,642.6901,-35.85214,48.48064,637.59595,88.22054,21.751392,653.1818,-36.909267,33.322746,647.58136,87.6287,4.858285,609.79004,-101.27378,23.83089,601.7931,39.426277
leg_down
IMG_20241017_122022.jpg,leg_down,2449.6975,2896.3457,-716.08405,2492.6763,2941.9297,-688.87946,2491.2502,2959.3542,-689.19885,2489.4636,2978.7007,-689.5771,2495.0322,2910.191,-634.84247,2495.4304,2903.3901,-634.75354,2496.3835,2896.2144,-634.5212,2454.8586,3023.1807,-403.74677,2469.2751,2910.151,-150.02634,2393.2346,2920.9656,-599.5985,2398.783,2879.17,-526.833,2256.4766,3073.251,-558.3817,2190.1846,2873.9304,447.84402,1914.7311,3182.6528,-847.7977,1894.2968,2879.0488,614.26227,1938.2611,2824.5598,-969.19336,1913.5742,2708.5212,293.7985,1928.1174,2735.448,-1041.1794,1895.3162,2660.3787,244.71869,1960.5648,2737.7385,-976.5119,1934.8682,2658.8022,185.10666,1970.4645,2766.2866,-930.16064,1943.2213,2678.4475,252.66058,1520.5144,2976.7747,-342.16327,1533.0468,2812.6628,341.52097,1010.82336,2875.0708,-408.37173,1062.2938,2667.5007,213.02182,537.56866,2913.6248,-56.023304,651.5866,2835.8328,678.8449,460.65625,2990.2263,-30.634928,618.9107,2911.1968,704.7346,345.41336,2755.8914,-363.50555,406.7808,2732.9558,505.99774
leg_down
IMG_20241017_122022_1.jpg,leg_down,2453.333,2874.1118,-528.8526,2497.2944,2915.9673,-540.20935,2497.0737,2931.3552,-540.5306,2497.3894,2949.4397,-540.8564,2497.1519,2889.5867,-462.32486,2496.9622,2884.981,-462.30652,2497.4727,2880.9644,-462.16263,2465.4038,3006.0308,-400.02466,2471.498,2908.5234,-41.51008,2404.189,2900.028,-462.56107,2405.2688,2864.7527,-359.52997,2264.054,3084.4998,-592.1438,2189.9202,2870.7783,492.8423,1909.9696,3180.8936,-852.08203,1902.4769,2877.1946,604.67554,1932.6024,2821.2148,-826.8803,1923.7976,2701.823,205.19382,1919.211,2734.0002,-877.85474,1900.8243,2660.0544,145.60028,1952.9661,2734.4678,-810.5836,1934.5065,2659.6426,91.70358,1964.2156,2764.634,-780.74457,1943.1909,2678.9692,159.93805,1515.8218,2985.725,-339.1273,1532.0397,2809.8555,338.67868,997.1091,2891.531,-397.75662,1067.9054,2661.3672,188.02138,537.3266,2902.5198,78.070496,686.02026,2820.9492,749.6876,465.6017,2975.2197,113.47033,661.59485,2885.7922,788.9892,339.27844,2747.9824,-235.81187,412.32205,2752.9436,604.60345
leg_down
IMG_20241017_122023.jpg,leg_down,2440.8123,2833.03,-188.09215,2485.4075,2867.6865,-264.4736,2486.7224,2877.0234,-264.72186,2487.974,2887.9226,-264.892,2484.213,2859.172,-144.15375,2484.3118,2860.6328,-144.21925,2484.7498,2862.4382,-144.4003,2465.1138,2955.676,-392.19614,2466.1484,2914.9543,150.7433,2395.945,2853.2156,-218.31416,2393.5063,2839.7988,-61.548744,2251.693,3085.6333,-581.1985,2190.6462,2889.8247,521.6957,1913.1051,3190.9863,-813.77856,1913.4064,2903.2336,746.163,1917.3058,2819.6125,-740.48425,1917.1578,2710.002,505.45334,1904.011,2732.366,-793.622,1896.8718,2664.7725,460.0792,1940.1082,2734.0422,-734.6103,1930.7449,2659.2651,379.72775,1949.6794,2763.6033,-699.39484,1937.3138,2681.648,451.32236,1522.0372,2994.916,-339.3863,1530.518,2829.7476,339.04144,1016.71643,2898.152,-464.8011,1064.2155,2683.7664,130.53914,529.3388,2920.3945,-220.19742,643.5597,2850.5461,480.91815,450.77203,2988.238,-210.69644,552.33673,2959.6392,496.24094,345.40317,2770.5806,-565.1594,444.41208,2743.4111,294.98856
leg_down
IMG_20241017_122024.jpg,leg_down,486.3699,649.4315,-107.50453,496.34177,656.76807,-108.82879,496.58554,659.04956,-108.90862,496.9459,661.50183,-108.97355,496.41217,653.91174,-90.54685,496.65112,653.93774,-90.52481,496.9969,654.01416,-90.50879,493.27133,672.18823,-74.23848,493.98795,662.73065,8.654746,476.82278,653.752,-91.66803,476.78717,649.6591,-67.762665,448.96796,684.14185,-123.63838,432.2525,660.4094,114.25699,375.62628,694.29565,-208.80785,360.62943,669.47943,159.87654,375.42865,628.7635,-223.94937,320.02637,647.85645,119.92399,373.92734,615.51556,-239.04312,307.39807,640.6527,110.9717,379.92764,614.2767,-225.43584,311.50757,637.2589,91.25249,380.28625,619.0673,-216.37364,315.3849,640.3408,108.33004,279.2388,675.42926,-78.84574,274.9036,650.7988,78.73188,164.03381,657.40497,-131.43619,177.20633,615.6284,-3.8193974,44.739567,671.5628,-136.33734,60.137146,668.8829,-1.6026084,24.874289,686.7265,-138.3754,44.198406,684.5171,-5.397684,8.829993,629.5227,-201.4984,20.411646,631.4601,-46.853363
leg_down
IMG_20241017_122025.jpg,leg_down,484.52557,642.14294,-7.3683686,494.78622,648.24817,-27.011927,495.16946,649.73566,-27.084404,495.58347,651.3486,-27.11548,494.60757,647.923,0.10743914,494.85684,649.03265,0.09307933,495.19528,650.28296,0.026714593,492.46295,663.9174,-67.40184,492.55865,661.79895,52.947037,475.88724,645.8939,-18.343777,475.1418,644.9943,16.490711,447.0306,684.75964,-122.24334,432.46274,662.8299,127.16795,373.52438,694.6134,-172.6159,361.19318,671.24536,178.34859,373.7045,629.02344,-142.9516,321.24847,649.54504,134.47282,372.86447,615.29663,-153.44742,308.859,643.47015,124.27231,379.0816,614.918,-142.27443,312.66904,640.127,101.60074,379.71634,621.21173,-134.9859,317.33932,642.6805,121.096504,280.01694,676.3055,-75.63738,275.28226,653.1184,75.61979,164.81573,660.4489,-125.193924,176.99487,616.8837,-10.136171,45.222813,671.01575,-129.86662,62.84616,667.8202,-5.062237,26.708025,686.25964,-132.93573,44.993286,683.06525,-8.986614,9.338755,632.9269,-205.75279,22.365887,636.30817,-57.780354
leg_down
IMG_20241017_122026.jpg,leg_down,490.0027,642.4828,-24.505531,498.87186,648.748,-44.354065,498.95572,650.171,-44.42688,499.1124,651.80914,-44.45948,498.96735,648.7237,-15.196196,499.1229,649.9408,-15.169081,499.36746,651.32764,-15.219114,494.5967,665.9093,-92.85077,494.6203,663.9255,35.325466,478.65744,645.5573,-39.43571,478.42465,645.1001,-2.0753148,444.87592,681.2654,-170.99094,430.24484,659.55743,123.79606,367.66498,696.4336,-215.20111,358.42816,670.5342,169.89008,294.4134,682.665,-220.35335,294.10117,663.8922,142.53104,268.78534,686.64496,-244.44836,270.5823,663.959,143.32385,269.5575,679.42126,-240.61751,271.80972,664.08057,117.04949,279.54883,677.5834,-216.9427,279.92703,664.03015,129.46162,267.98212,671.90497,-83.37375,265.77112,652.24445,83.371826,157.89203,661.85834,-103.63634,174.50275,623.6789,22.001652,42.215805,674.97736,-68.919914,57.58261,671.28156,72.82623,24.062115,690.81726,-68.99939,39.502197,688.0206,73.22369,7.202697,636.4341,-143.00685,22.984314,639.5589,25.521303
leg_down
IMG_20241017_122910.jpg,leg_down,2632.3005,2795.3242,-314.7336,2690.5195,2826.7417,-345.62924,2694.594,2845.1133,-346.06598,2699.5972,2864.5032,-346.27612,2682.0737,2793.7666,-245.83469,2681.0732,2788.09,-245.48563,2680.4426,2782.706,-245.50478,2686.4744,2925.1978,-296.75198,2669.3452,2808.7942,149.585,2585.1768,2843.436,-280.92853,2580.9463,2798.6946,-152.49162,2470.6926,3027.0352,-620.7639,2390.7517,2843.1533,625.16376,2089.9333,3072.8547,-828.1768,2021.3674,2872.0999,786.9357,1724.1968,3065.086,-868.6142,1727.8647,2876.7021,569.90643,1595.4268,3096.4016,-951.0831,1640.5583,2872.3865,553.58545,1592.3994,3033.1755,-967.0133,1637.9437,2881.0837,448.91412,1623.3882,3016.0652,-864.91296,1662.1849,2886.7234,513.0693,1712.7008,2971.1396,-382.8915,1690.3196,2839.481,382.41174,1208.8431,3017.8818,-701.9567,1210.3263,2891.3184,381.61423,627.20764,3028.5488,-903.23584,704.58624,2937.1338,430.02615,535.86707,3094.665,-941.58813,636.13635,2999.7817,414.94583,425.34363,2796.5437,-1405.3647,535.3886,2718.6938,187.52658
leg_down
IMG_20241017_122911.jpg,leg_down,2698.101,2857.081,-231.4054,2744.6143,2897.589,-277.53256,2745.909,2911.3657,-277.90244,2747.336,2926.8508,-278.13867,2743.1746,2880.1223,-174.80089,2743.216,2879.6394,-174.5164,2743.8606,2879.2715,-174.47488,2721.1702,2991.7908,-298.8346,2720.0623,2924.1206,157.84007,2645.3557,2879.8052,-222.89195,2647.7014,2859.7527,-91.26028,2494.3872,3065.03,-611.7563,2424.0854,2885.27,606.5704,2118.4849,3134.1008,-786.59344,2069.2327,2914.5461,810.85004,1773.8612,3132.5254,-842.0145,1779.7543,2921.8755,639.9742,1644.1512,3137.4436,-926.4375,1683.8544,2922.456,626.64246,1645.7264,3090.565,-940.41223,1677.995,2914.6387,524.3565,1681.759,3076.1416,-837.0799,1712.0851,2922.7224,585.8389,1742.908,2971.8096,-376.08908,1728.3197,2844.885,375.9406,1226.4971,2998.4434,-663.3873,1229.8154,2876.6694,343.6367,637.8271,2967.3418,-837.9333,720.41907,2931.368,428.193,525.2022,3038.5864,-874.2054,620.57715,3001.3923,414.13397,468.69348,2745.8489,-1329.8104,587.0967,2714.303,182.54991
leg_down
IMG_20241017_122912.jpg,leg_down,2702.718,2863.1228,-411.89307,2750.529,2908.9211,-441.1124,2750.591,2924.2817,-441.4199,2751.3489,2940.5364,-441.65988,2749.9116,2884.758,-344.80606,2749.581,2882.1877,-344.53613,2749.8196,2879.565,-344.46976,2719.335,2999.1504,-387.35114,2722.5903,2914.9756,39.901085,2645.325,2882.9343,-377.2169,2649.2954,2859.292,-254.32324,2498.5234,3058.6619,-710.88116,2423.3025,2867.3481,552.41736,2117.8938,3119.3335,-904.02344,2058.5713,2901.2834,741.6737,1758.821,3120.529,-991.3954,1775.0936,2906.8062,523.3734,1620.8938,3136.0042,-1088.5842,1680.0392,2895.944,510.01422,1622.9777,3081.9485,-1100.9811,1675.1191,2897.2844,396.917,1657.9417,3064.1787,-986.2163,1702.8728,2903.3193,465.86752,1741.0732,2976.5044,-405.652,1722.7817,2846.67,405.3174,1209.792,3007.4766,-560.60785,1229.8478,2880.0835,519.0926,642.47205,2988.6711,-630.93134,739.38257,2926.7903,800.2402,552.84155,3049.4062,-661.6746,658.48474,2988.8596,804.5371,464.31015,2751.2676,-1175.1473,582.9439,2708.2966,538.5131
leg_down
IMG_20241017_122912_1.jpg,leg_down,2705.2104,2855.9011,-212.10344,2750.5056,2897.3245,-254.79286,2751.123,2912.304,-255.15488,2751.535,2927.58,-255.3578,2749.1519,2876.2122,-157.44472,2749.0964,2875.2986,-157.15012,2749.1897,2874.5564,-157.05902,2721.309,2994.408,-266.98727,2722.1,2924.2798,167.17651,2650.0784,2882.819,-201.8043,2650.2239,2859.1296,-76.41657,2493.492,3059.8745,-577.4924,2416.0122,2879.1287,581.8578,2123.62,3113.513,-757.85205,2066.0776,2905.5354,744.535,1769.5802,3107.6958,-824.8316,1775.3513,2897.3567,550.23035,1637.1765,3129.0256,-896.7379,1676.7032,2887.904,536.0697,1639.9886,3073.6155,-899.43695,1679.7357,2894.1636,434.2403,1677.757,3052.5417,-816.4971,1717.7098,2902.1409,495.62265,1745.9071,2961.9465,-353.96988,1724.717,2841.128,353.65814,1232.5977,2990.6802,-605.2651,1229.5051,2876.8,296.93005,639.368,2982.2134,-731.6699,714.4195,2927.8347,268.18756,541.7346,3043.0056,-759.88983,611.6977,2990.699,244.71922,468.0142,2744.6833,-1177.7789,568.96674,2705.0046,31.97861
leg_down
IMG_20241017_122913.jpg,leg_down,577.42145,696.6064,-21.102816,588.6379,704.086,-44.22168,588.7441,705.5301,-44.285023,588.95825,707.1402,-44.341076,588.8646,704.5295,-13.09531,589.1076,706.1155,-13.051959,589.5061,707.84,-13.146439,583.47003,720.5251,-99.09101,584.58435,719.7319,36.318237,566.3305,699.6462,-37.055363,566.09937,699.6856,2.5374174,531.15027,731.55347,-182.81813,522.1523,714.9939,133.18651,444.46454,745.12646,-219.71094,438.73383,723.01495,181.62787,362.08954,744.8483,-233.71558,367.72818,728.27814,165.38116,336.5847,750.7624,-258.75436,345.0617,729.5999,175.43376,334.54715,744.22955,-255.78178,342.64655,729.5375,147.54655,341.83746,741.009,-230.81694,349.8656,728.4455,153.10054,352.85422,719.7514,-93.58999,350.47174,707.1178,93.65413,227.34195,736.16675,-90.20339,227.0461,727.2099,78.352974,89.68357,734.0465,-61.82569,98.65528,730.4719,114.01072,65.74588,751.0773,-63.41407,74.22418,741.91675,112.63407,65.46968,674.94684,-142.324,73.5773,675.8612,49.37193
leg_down
IMG_20241017_122913~2.jpg,leg_down,579.8747,697.98193,-4.76944,590.2554,704.94214,-27.395905,590.29755,706.3922,-27.470203,590.42816,707.992,-27.523327,590.546,704.9252,3.9391923,590.74976,706.20764,3.9943566,591.0685,707.5948,3.8820972,585.5778,721.4735,-82.895134,586.4628,719.54663,53.87322,569.1656,701.3565,-21.225853,569.0234,701.115,18.838757,533.26556,730.2699,-171.02678,522.3294,713.8023,149.0365,445.29385,741.848,-218.5764,437.7386,719.98834,193.43887,359.2359,744.0121,-253.62784,362.96973,726.8249,178.00204,333.84988,750.0389,-282.5372,338.39172,729.2285,188.87146,332.24866,742.6676,-279.00183,337.11948,730.10284,159.08711,339.2451,739.07,-251.2903,344.69818,728.77783,164.61703,353.41986,722.2389,-96.19072,350.095,709.7385,96.26231,230.06996,739.9832,-103.917076,226.96951,726.23737,77.48838,85.519,734.19147,-83.76586,93.71781,730.42426,105.21611,63.807644,750.40466,-86.68925,71.09892,742.4268,102.931625,61.245598,676.21204,-175.17146,70.32232,675.39606,33.19628
leg_down
IMG_20241017_122914.jpg,leg_down,580.35895,698.1318,-32.51369,590.7627,706.1617,-56.06651,590.7811,707.51483,-56.13701,590.87213,709.0328,-56.182835,591.03644,706.5234,-24.327026,591.2165,707.91656,-24.295954,591.47473,709.39124,-24.380735,585.9112,722.0073,-112.01585,586.62787,720.3109,26.88895,569.39685,701.0564,-48.67245,569.30145,700.9962,-8.195372,532.82684,734.64844,-194.24394,521.21985,715.01355,125.63279,444.93893,743.0946,-231.44366,437.62042,720.05743,171.09866,359.66046,739.77954,-245.52759,361.9742,722.3517,148.12079,333.3885,746.95306,-272.02954,338.4025,724.68475,155.81746,331.6415,740.1306,-269.67026,337.77692,725.3589,126.24791,338.89197,736.6203,-242.96661,344.5094,724.00854,134.78392,355.1096,721.4874,-95.5839,351.37482,708.0578,95.584114,227.70703,738.3739,-88.66967,225.696,727.8648,88.69354,88.180534,735.68756,-51.580894,96.63032,730.6148,133.75679,67.17705,750.6762,-52.70516,74.601585,741.815,133.17126,62.397533,681.1158,-138.66486,69.90974,678.62646,68.59861
leg_down
IMG_20241017_122915.jpg,leg_down,581.6306,701.6061,-59.663815,593.9074,709.0677,-84.39035,593.9882,710.59125,-84.434456,594.1597,712.2124,-84.444496,594.32294,708.9893,-52.225925,594.6423,710.2111,-52.205738,595.06555,711.6167,-52.287926,589.15216,724.1613,-136.86743,589.44995,721.6293,2.9242845,570.06116,704.9333,-74.007805,569.77356,704.62006,-33.277615,533.59973,728.6119,-219.58249,523.8885,712.9065,113.70037,443.92535,724.24194,-243.39478,436.37592,702.6031,156.70883,359.61658,710.0173,-227.9636,366.02734,700.0115,124.62515,331.75363,710.7201,-253.40114,338.5272,695.0872,133.00842,331.77548,705.30817,-251.53352,338.6641,698.423,100.68912,338.9153,704.4004,-225.11905,346.1732,700.05646,110.34169,352.64304,722.5236,-99.980064,351.79556,708.84875,99.903625,234.23091,736.0181,-109.8048,235.9966,720.77057,97.29587,89.16378,733.06134,-83.75243,98.972046,729.64484,125.26004,67.73018,747.6919,-86.468216,79.313995,740.65173,123.07857,61.247868,676.2596,-180.32338,73.11863,676.33,58.57309
leg_down
IMG_20241017_122919.jpg,leg_down,579.6449,692.0638,-31.076422,589.88983,700.9436,-55.60132,589.7948,702.6151,-55.677166,589.8035,704.5262,-55.741615,590.16943,701.3407,-22.410305,590.2505,703.0643,-22.361036,590.4647,704.9878,-22.463982,584.13556,717.9722,-114.10706,585.1682,717.0106,30.617548,568.2407,694.7894,-48.36544,568.1606,694.8173,-6.0098543,527.6639,725.75,-196.23853,516.6628,709.9166,130.32292,443.46118,742.122,-235.18506,433.86264,719.68335,181.02226,356.60703,746.83325,-257.60117,360.52356,725.0293,161.53038,332.00574,752.68414,-286.40106,337.40192,727.0849,173.2898,329.80536,744.5441,-281.90933,335.36557,727.78925,141.81354,336.6494,740.651,-254.49277,342.69797,726.24426,147.88058,352.9426,722.2864,-96.169586,349.78943,708.5381,96.22945,227.26721,731.3541,-98.05333,225.26773,723.6192,82.74312,83.97898,732.4307,-70.41087,91.365425,729.36,120.21693,63.403954,748.90344,-72.34459,71.17403,742.20135,119.066376,59.972477,676.2335,-160.00839,66.44701,675.61597,48.629875
leg_down
IMG_20241017_122941.jpg,leg_down,1997.0605,2836.4075,-377.05713,2039.0697,2872.1777,-460.79932,2039.9893,2880.0857,-460.99976,2040.6063,2888.5703,-461.36218,2038.9491,2867.9395,-327.5403,2040.1362,2872.504,-327.47104,2041.2766,2877.4873,-327.77588,2013.623,2950.603,-682.0288,2015.9102,2932.3904,-96.198875,1955.5128,2859.8203,-446.04443,1957.386,2852.4321,-274.794,1775.9215,3074.3347,-992.8439,1721.6079,2921.8545,341.67603,1364.6973,3162.4663,-1075.6586,1381.0428,2992.3406,563.712,1002.5486,3113.4421,-1064.4014,1122.0554,2959.7144,461.37653,901.0519,3120.983,-1203.9307,1036.8456,2959.8513,491.5303,907.6219,3078.2742,-1179.9214,1050.0618,2969.4907,373.7858,938.99084,3066.0266,-1045.7755,1066.4746,2950.7307,408.45538,1062.8091,3000.8423,-384.82718,1078.0085,2943.4875,384.6522,578.5795,3017.1375,-224.96112,598.9645,2944.3293,548.07965,127.46608,2977.9001,133.90523,204.47446,2940.09,931.1186,79.21547,3005.9832,150.76086,128.59995,2969.2139,954.6317,-0.13062358,2811.0479,-152.68312,94.40419,2769.953,717.6458
leg_down
IMG_20241017_122941_1.jpg,leg_down,1995.1548,2848.428,-377.78714,2037.5397,2881.5469,-466.62912,2038.3127,2890.8462,-466.82327,2038.7932,2900.9377,-467.16492,2038.527,2873.0034,-333.27847,2039.9072,2875.5505,-333.23642,2041.1616,2878.5835,-333.52866,2013.8383,2962.5862,-688.76636,2016.4208,2936.7227,-101.409805,1947.0116,2873.963,-444.4945,1948.7092,2861.5737,-273.01648,1787.2909,3070.885,-987.49896,1731.6854,2935.5244,340.6749,1375.75,3162.1284,-1053.0182,1394.4418,3016.2297,575.70483,1010.19885,3119.5286,-1023.01447,1118.19,2997.428,486.0697,909.73737,3122.9333,-1156.9644,1038.9098,2997.3738,517.66986,917.7733,3081.9146,-1133.8668,1035.6771,2975.058,395.88943,949.9619,3071.664,-1003.5974,1065.5016,2974.3389,432.62704,1055.0852,3008.969,-382.46722,1074.751,2956.6624,382.24982,573.2116,3014.761,-236.87587,597.7246,2959.698,512.74097,114.355354,2960.8904,72.343254,197.43526,2957.003,866.06525,51.333904,2983.912,82.231445,121.708275,2980.4268,886.35266,-26.909262,2749.502,-251.77965,60.10884,2785.5896,639.06165
leg_down
IMG_20241017_122941_2.jpg,leg_down,1997.798,2842.4067,-318.58643,2039.1702,2875.707,-403.3317,2039.7079,2883.7368,-403.52567,2040.2542,2892.8318,-403.84726,2040.6296,2870.0073,-267.55548,2042.3192,2873.7334,-267.48328,2044.1091,2877.7527,-267.77957,2015.7601,2952.508,-626.25854,2018.6205,2932.6494,-30.418816,1952.5881,2864.5098,-388.55002,1956.1302,2855.3474,-214.44559,1777.3779,3064.0347,-950.9117,1730.0181,2928.3586,403.88815,1369.5336,3150.7231,-1039.9133,1391.3845,2991.14,611.7351,1008.497,3110.8728,-1002.4707,1125.7454,2961.0024,490.62274,907.5555,3117.3462,-1139.9907,1043.3695,2961.786,518.1468,915.1538,3073.6077,-1114.9392,1049.4982,2958.2178,394.6622,946.6273,3061.1826,-983.9564,1076.4976,2938.8877,434.63217,1061.3326,2987.4495,-396.8159,1077.2711,2951.8335,396.70624,574.55927,2998.4395,-276.6545,597.5568,2953.6917,503.6187,107.35738,2950.8914,20.735281,164.8432,2938.3184,840.39154,52.951454,2974.9749,32.015976,90.12929,2956.9695,858.31195,-10.50371,2761.9812,-272.15387,67.209366,2759.8618,611.97473
leg_down
IMG_20241017_122942.jpg,leg_down,2001.5945,2832.7305,-450.72336,2045.8428,2871.8916,-540.03015,2046.4905,2881.3982,-540.11395,2046.8434,2891.4084,-540.36523,2046.4532,2863.6033,-405.40878,2047.3108,2866.155,-405.37784,2048.2454,2868.921,-405.59256,2018.9598,2950.7954,-753.4411,2023.3573,2923.4907,-161.34685,1952.272,2856.5447,-513.81085,1952.0778,2844.7676,-340.95795,1783.9124,3064.8025,-1031.1166,1737.8225,2911.9292,291.78848,1375.6726,3149.5173,-1105.0466,1388.4684,2996.4321,559.8878,1013.97656,3112.9246,-1127.0962,1104.0231,2980.7485,479.45563,908.3012,3121.0408,-1262.5939,1023.9892,2981.451,515.7164,916.515,3075.1943,-1238.6987,1016.39075,2970.9207,388.25485,950.8501,3062.5496,-1107.6299,1046.9893,2969.1829,425.43652,1063.8528,3006.3655,-383.48163,1081.9995,2943.2222,383.1937,577.7451,3015.254,-300.15634,597.96234,2944.278,469.4981,97.03195,2953.3813,-63.680267,155.36346,2928.4607,748.629,37.733315,2989.0686,-61.647736,81.25976,2961.5713,759.30725,-8.722812,2736.8923,-432.80594,75.389206,2717.7793,492.52493
leg_down
IMG_20241017_122942~2.jpg,leg_down,418.84775,710.16956,-110.22315,429.20135,717.54553,-131.66533,429.67203,719.0797,-131.71466,430.26016,720.73615,-131.78711,429.33505,717.5641,-100.52272,429.8435,719.0738,-100.54789,430.4402,720.73364,-100.665764,427.68777,735.09155,-186.28789,427.7562,734.13525,-49.951687,409.4211,714.67694,-126.82722,409.76852,714.5112,-86.99342,374.32077,754.2453,-248.83661,365.68787,739.4263,49.05263,279.43762,761.6025,-270.32697,279.66565,741.7196,99.09879,193.0424,762.3251,-274.2159,222.40326,731.8763,85.98952,165.51956,764.7787,-304.67734,202.59186,735.12177,97.91014,164.83777,756.6731,-298.50464,200.90685,729.7451,65.59585,175.28748,753.9225,-270.766,206.68657,731.7058,72.6476,206.42603,744.8458,-84.954704,207.55168,737.45056,84.91658,90.68575,751.33435,-41.97195,107.93796,742.0672,128.5116,-3.8170338,753.3833,46.646667,20.046293,747.07513,227.76173,-16.148222,763.68756,51.379715,6.382388,756.234,234.95749,-35.689472,721.2946,-19.414482,-6.931114,718.38873,184.42569
leg_down
IMG_20241017_122943.jpg,leg_down,418.58136,711.15295,-110.38012,429.07812,718.25977,-132.01701,429.40555,719.78094,-132.07362,429.85233,721.4362,-132.15201,429.1979,718.065,-100.65337,429.60406,719.4013,-100.66827,430.1718,720.8836,-100.78001,426.46246,735.33356,-186.88069,427.2573,733.9017,-49.468033,409.1332,715.34064,-127.03597,409.21112,714.71436,-86.891396,371.80905,752.9983,-252.19835,364.34265,737.14874,54.00597,276.67316,761.70557,-269.55023,278.2715,742.48865,105.36845,188.92737,761.8283,-265.17264,218.25488,732.05554,91.61176,162.73672,765.6253,-296.99643,202.6865,735.05695,103.255066,162.7436,755.6049,-290.94183,200.79031,730.25775,70.60691,172.14719,752.43976,-261.30948,206.42041,732.088,78.175385,205.13219,748.14667,-87.05899,207.45395,739.6662,87.030876,89.31842,750.45685,-47.13863,105.01729,741.7146,127.04304,-7.2165194,752.96625,38.062096,16.781975,744.82874,221.52461,-19.576908,763.0629,42.138756,3.1323195,753.3001,228.15309,-38.525642,719.4433,-30.715916,-9.0721245,716.8629,175.16052
leg_down
IMG_20241017_122944.jpg,leg_down,420.77582,712.0929,-75.86258,431.19598,720.0387,-96.13778,431.3885,721.7199,-96.21062,431.5895,723.4452,-96.3041,431.37073,719.8414,-65.71912,431.70282,721.3184,-65.714645,432.08832,722.8822,-65.83512,427.26617,736.40546,-146.2345,428.1486,735.1898,-12.9912405,410.59048,715.7723,-91.02012,410.7856,715.2307,-52.014187,372.96298,750.2806,-210.59137,364.78122,738.4086,82.80723,278.51715,758.76245,-234.96265,278.91647,744.33014,123.88485,190.70198,759.28235,-234.51161,214.41316,735.96735,105.11866,165.01851,764.06494,-263.51102,198.73767,740.0638,118.971725,163.03964,754.4825,-253.80235,189.88118,737.61633,85.94263,172.33347,751.4332,-228.9753,202.65852,736.2276,91.64427,202.47997,746.21234,-76.65861,205.40677,743.6837,76.76551,79.082146,748.272,-91.08831,93.48604,743.99457,116.636215,44.83958,745.60266,76.736694,57.309597,742.4374,218.73792,45.775883,745.4405,91.13844,50.718372,747.92847,226.89743,26.63734,737.4038,59.37161,44.67639,726.99384,190.541
leg_down
IMG_20241017_123020_1.jpg,leg_down,2295.9207,2844.1375,-282.7657,2332.5847,2884.2532,-356.6814,2331.71,2895.786,-356.85773,2330.9648,2907.8423,-357.02448,2334.7935,2870.8286,-242.17046,2335.3806,2872.0063,-241.94426,2336.3958,2873.606,-241.91905,2299.8901,2959.8442,-486.29156,2308.7878,2922.476,22.876112,2249.6729,2863.8997,-314.99893,2252.8718,2847.251,-167.2568,2089.139,3048.2656,-752.41986,2045.5104,2893.2622,448.27448,1764.4746,3140.0032,-796.98004,1711.7664,2928.5251,664.59674,1426.4813,3128.9263,-688.0803,1455.3488,2890.6262,492.07574,1318.2042,3136.623,-753.02124,1374.9774,2877.3186,492.51044,1324.848,3087.388,-765.44183,1372.9674,2873.8835,378.0165,1352.0609,3072.6692,-677.37524,1399.4907,2885.7163,433.86053,1398.5717,3015.0088,-354.00244,1396.1993,2884.0742,353.9007,903.0204,3049.3245,-461.7896,950.87445,2912.0632,648.75494,429.72134,3053.1323,-535.72107,547.7971,2911.932,1045.0038,343.44293,3089.022,-568.6267,481.00394,2962.97,1060.098,221.47018,2914.8093,-1020.3635,420.0764,2719.4163,875.9036
leg_down
IMG_20241017_123021.jpg,leg_down,2282.0896,2826.7507,-307.3609,2321.2336,2865.6438,-377.3369,2321.2852,2876.3416,-377.50397,2321.6472,2887.4866,-377.62985,2321.3345,2852.376,-270.22495,2321.536,2852.8267,-269.99442,2322.5078,2853.5886,-269.98914,2290.7349,2937.7126,-481.96997,2300.8508,2895.5388,-11.190066,2238.1313,2846.522,-329.44217,2241.2295,2828.9854,-192.87238,2078.5715,3031.562,-736.4438,2037.1373,2884.4563,417.35873,1756.2339,3120.9238,-782.49927,1703.7329,2906.715,629.4731,1423.8213,3108.5486,-688.06464,1464.9454,2874.1467,465.44315,1314.4385,3116.3835,-749.0955,1358.7098,2867.6858,465.69943,1324.5275,3069.6008,-762.49756,1387.3134,2852.1028,357.67792,1351.5872,3054.0317,-678.0692,1413.8242,2864.3787,410.4262,1406.2542,2997.6536,-332.8557,1403.4463,2871.504,332.63766,923.03735,3019.4692,-441.8028,954.3411,2887.7888,516.7857,430.8807,3033.0332,-533.83655,529.98035,2883.7495,797.0725,353.28314,3066.6138,-566.3254,466.86334,2936.1648,801.3473,216.27608,2891.2107,-993.22076,397.0744,2705.9058,608.09753
leg_down
IMG_20241017_123022.jpg,leg_down,497.4668,716.6394,-43.383736,505.05716,725.2557,-62.945988,504.80167,726.5262,-63.00034,504.53174,727.95526,-63.049942,505.08557,725.10736,-33.61214,504.89172,726.18353,-33.582573,504.69626,727.42816,-33.629807,496.5085,737.9064,-110.051735,497.58304,736.69183,17.586973,486.9166,716.74786,-57.44416,486.8746,716.24384,-20.132423,447.01724,746.2037,-183.27025,436.84872,733.4862,108.876366,374.5401,767.2154,-215.87802,360.71637,745.6162,151.54669,286.68558,765.58673,-236.29733,291.8765,740.9292,140.6949,264.8676,770.02234,-262.3368,272.1696,739.9478,152.07103,263.4571,759.41,-256.93167,269.98135,740.66895,124.91409,270.51822,756.5631,-232.8226,276.64426,740.429,128.77666,285.82077,740.3338,-86.66746,281.22256,730.6611,86.657074,163.45479,755.43066,-66.24256,165.56726,748.21844,94.050934,49.79496,752.1973,-29.458696,63.725746,748.6873,148.95953,27.720541,761.36334,-30.1479,42.66243,756.763,150.19302,27.204912,694.97125,-108.06467,47.171368,696.90454,95.933426
leg_down
IMG_20241017_123022~2.jpg,leg_down,498.44183,715.21735,-49.903973,505.57318,723.4816,-69.38316,505.20972,724.81696,-69.432,504.94803,726.4418,-69.48582,505.7534,723.4518,-40.574074,505.54968,724.61084,-40.549873,505.4446,726.0061,-40.587917,497.53827,737.1394,-115.990746,498.77042,735.9204,9.29306,487.45108,715.5895,-63.63782,487.50638,715.27814,-26.98458,446.80618,744.6541,-183.57146,437.83008,733.2751,98.8553,373.17184,766.7303,-207.93478,361.98645,744.52057,139.57448,285.0239,763.85876,-221.43529,292.9197,738.7603,127.22784,263.5179,768.2352,-247.1751,273.07916,738.1663,137.68762,262.5666,757.65656,-241.41814,271.27255,738.706,110.66543,269.3492,754.83325,-217.76591,278.20856,738.70044,115.52441,284.13055,739.2444,-85.28955,281.71497,730.364,85.26838,163.80896,755.00824,-56.75583,167.5513,747.69183,98.28253,50.729336,751.1743,-14.641172,66.84201,748.77167,160.25223,28.998274,759.78357,-14.859504,47.958683,755.9576,162.5313,28.921635,696.0058,-92.546814,50.44277,698.3171,108.879364
leg_down
IMG_20241017_123023.jpg,leg_down,499.87375,716.04944,-56.735302,506.523,724.314,-76.786064,506.14435,725.7405,-76.8336,505.86,727.3532,-76.88576,507.00153,724.22235,-47.410126,506.9502,725.38,-47.381668,506.94458,726.70166,-47.40385,498.55646,737.814,-124.58268,500.05902,736.86395,3.4222314,488.73047,716.17926,-70.95923,488.8991,715.78894,-33.5056,445.9561,745.63184,-188.54144,436.91675,732.6986,92.37599,371.48666,766.0183,-207.09767,361.26917,745.7172,134.49384,284.95554,763.461,-207.5292,292.5371,738.68567,119.62349,262.57443,767.3286,-230.65747,272.9976,738.5171,129.76144,262.40573,757.1283,-224.61287,270.7184,738.7995,103.26325,269.7096,754.23865,-203.32852,277.74722,738.29865,108.00998,285.54968,739.91516,-83.75459,281.9152,730.4749,83.74669,167.82649,754.3578,-57.063995,170.94197,747.1341,101.17115,55.213005,752.9494,-11.487958,69.72787,748.2423,163.54901,35.721676,760.6718,-11.131243,50.348675,754.5157,165.91966,34.208107,700.3659,-85.83986,49.943306,700.5568,115.18524
leg_down
IMG_20241017_123023~2.jpg,leg_down,498.22543,713.26697,-39.628452,505.73257,721.4953,-59.11663,505.44022,722.8465,-59.160694,505.21674,724.41547,-59.207706,505.90875,721.528,-30.431019,505.78836,722.8078,-30.406616,505.74014,724.30225,-30.44657,497.8995,735.73224,-106.936874,499.08185,734.57745,17.86183,487.41864,714.0782,-53.88202,487.45227,713.6544,-17.377361,448.9762,745.1376,-175.07027,439.56815,733.2611,105.66908,375.7789,765.6924,-199.50508,364.56213,744.2285,147.34018,287.43402,764.1332,-213.80693,297.84885,738.3517,135.81541,266.05002,767.9516,-238.88963,278.34927,736.7861,145.84276,264.83224,757.1833,-233.43655,276.54056,736.8636,119.572,271.93948,754.4105,-210.38354,283.93985,737.16833,124.23709,287.45215,740.1203,-83.63791,284.72794,730.8236,83.61537,165.18425,754.5744,-58.684113,168.26286,747.1171,90.102135,54.568504,750.2706,-19.66317,66.953835,747.95355,145.06267,32.201065,757.9872,-19.959631,45.00194,754.6979,146.52277,31.64075,693.482,-96.84803,46.5978,695.53406,91.14658
leg_down
IMG_20241017_123043.jpg,leg_down,488.20197,720.68427,-18.402203,499.1776,727.3479,-39.998215,499.3299,728.6108,-40.071434,499.46915,729.9013,-40.106956,499.1973,727.2694,-12.390194,499.36328,728.40704,-12.357752,499.5393,729.6243,-12.445337,495.06348,740.76373,-89.89638,495.6524,740.0091,31.464617,477.53506,723.6068,-32.42164,477.1712,723.03143,2.9078183,446.9151,754.3098,-155.24327,435.0629,736.3184,112.19475,376.4931,767.6354,-190.56422,364.97763,745.1922,145.60718,298.7028,773.1806,-215.62103,296.25,749.6728,117.545166,274.95062,778.6149,-238.52414,276.5692,752.1325,121.621796,272.53104,774.3962,-238.95741,275.8213,751.53735,95.8913,279.30988,770.6093,-214.89726,282.09854,751.14484,105.529854,285.78607,742.8538,-80.08259,284.46295,731.5402,80.08999,185.15471,759.096,-137.44325,182.31168,748.25665,77.28204,60.364296,757.8651,-146.70671,72.28907,754.26385,72.17712,35.547745,767.41284,-151.7084,52.563732,762.5968,66.96402,37.224503,705.4138,-233.28809,50.956516,705.9203,21.292835
leg_down
IMG_20241017_123044.jpg,leg_down,487.70575,717.6817,-20.941347,498.7127,724.43494,-41.97731,498.8628,725.74854,-42.039474,499.0261,727.1322,-42.066322,498.78632,724.3652,-14.57616,498.978,725.4956,-14.543679,499.19965,726.6979,-14.617324,494.73938,738.9224,-90.88206,495.48254,737.6332,29.574045,477.04974,721.2207,-34.897137,476.90155,720.54315,0.18252438,446.77612,754.4595,-153.2049,433.6541,735.1684,108.605156,372.32538,766.7639,-179.85292,362.41113,742.291,139.86185,295.28552,772.1695,-191.62622,293.65665,749.53625,112.12977,270.95502,776.66254,-211.98349,274.7642,750.64294,116.03753,269.23584,773.2899,-211.87688,274.03964,750.1104,92.05314,276.17838,769.9721,-190.24406,280.23032,750.567,100.85404,286.95306,744.07556,-78.857475,285.04285,730.7958,78.84658,183.85588,757.83374,-147.4791,183.52393,744.4094,78.570564,58.67064,756.99646,-168.22037,72.0524,751.3069,69.025116,34.48804,766.71893,-174.65964,52.176476,759.7598,63.263,37.61732,703.9179,-261.91946,52.526005,705.86383,17.389112
leg_down
IMG_20241017_123044~2.jpg,leg_down,487.44336,716.46124,-35.884506,498.5127,723.05194,-57.09847,498.64377,724.3144,-57.174313,498.78412,725.6643,-57.211697,498.6645,723.3637,-28.067324,498.89914,724.702,-28.03252,499.15564,726.11444,-28.11075,494.355,737.74927,-109.34404,495.2536,737.20215,18.6258,476.91873,720.15125,-52.05208,476.6854,719.7705,-14.641829,442.99243,753.3389,-170.38339,433.52826,735.5129,97.91496,365.01797,765.5452,-203.00342,359.98395,744.5739,134.91757,289.72333,768.42096,-221.73894,294.52448,751.92303,101.46477,269.17102,771.24347,-244.07419,275.7309,753.132,107.99289,268.0385,765.87067,-241.40244,274.96707,751.6625,80.83969,273.6644,763.9358,-219.64246,280.36307,751.42267,88.99077,288.0582,742.132,-79.00597,288.4608,730.6203,79.08231,186.59026,752.6968,-166.89365,195.55013,740.90466,128.81042,62.055534,756.2582,-208.84348,109.67749,749.7459,170.21008,38.150345,766.3822,-217.8303,74.13062,756.50385,170.07477,35.301556,707.1425,-315.20737,85.17457,716.9402,130.86688
leg_down
IMG_20241017_123045.jpg,leg_down,488.74384,715.6371,-24.667107,499.56055,722.35077,-45.50416,499.68582,723.65137,-45.577198,499.8091,725.02,-45.605278,499.73294,722.38715,-17.629742,499.96497,723.5657,-17.598307,500.21463,724.8004,-17.674313,495.5422,736.6611,-94.908714,496.3093,735.455,27.657784,477.9917,718.87616,-39.001595,477.83237,718.3232,-3.2659202,448.64685,753.54596,-160.82582,435.10596,734.4245,111.39607,374.969,766.2239,-200.7695,364.33356,742.2179,146.45963,297.8854,771.23883,-229.64462,292.6562,748.07086,115.79477,274.65186,777.065,-255.07872,273.7135,749.74646,120.121864,272.39664,773.7578,-254.33473,274.3921,749.3417,92.98601,279.1236,769.89575,-228.43425,280.988,748.9946,103.245155,288.03964,743.1229,-79.85531,285.80927,729.4426,79.8954,187.18678,756.58435,-163.6781,186.53554,744.2706,68.46266,59.181065,754.28064,-187.87897,73.991844,751.6873,54.56793,35.048264,764.4408,-194.67267,54.264755,759.5296,48.466267,35.816307,702.18665,-282.39676,49.674618,705.5379,0.122385316
leg_down
IMG_20241017_123045~2.jpg,leg_down,488.66464,716.7098,-19.64864,498.83875,723.4242,-40.885574,498.9478,724.5999,-40.956646,499.0747,725.84827,-40.983227,498.9449,723.883,-13.049566,499.13556,725.2386,-13.006456,499.37018,726.6458,-13.084806,494.3578,737.9896,-90.39711,495.22626,737.7812,31.798477,478.15433,720.2099,-33.73532,478.12958,719.93774,1.8702302,448.1519,752.9502,-160.82706,435.3076,735.7485,117.28705,377.57642,767.1737,-206.542,365.56885,740.5536,155.53519,299.33185,771.4606,-241.21463,296.2862,746.83453,127.66947,274.59085,777.069,-266.06033,275.53458,748.73785,132.17189,273.09082,772.1234,-265.2771,275.6301,748.59784,105.44062,279.8576,768.36786,-240.13525,282.56766,747.89764,115.106476,288.05902,740.8313,-81.74458,285.8533,727.45685,81.78617,187.75986,756.21735,-153.8417,187.55965,743.95166,57.50053,59.100418,757.6373,-176.865,72.12188,750.52673,41.68645,33.66843,769.2817,-183.36536,51.92036,756.6271,35.331367,33.81314,705.63916,-267.66272,46.477425,704.81775,-13.235775
leg_down
IMG_20241017_123102.jpg,leg_down,2672.7275,2878.8064,-153.51216,2719.5403,2915.286,-226.98044,2721.224,2926.0781,-227.29187,2722.706,2937.5164,-227.44362,2719.2703,2903.2842,-114.09281,2720.2224,2904.113,-113.9106,2721.5095,2905.1492,-113.94168,2705.1458,3000.066,-349.48917,2705.8225,2953.8032,148.33821,2625.6726,2895.3708,-180.55124,2626.6072,2883.176,-35.938652,2496.4214,3082.2905,-661.5981,2449.2563,2954.3071,573.15814,2144.1045,3163.921,-811.043,2135.9766,2972.1348,784.2151,1863.6743,3007.3342,-766.4156,1873.4648,2906.6704,615.1864,1759.8785,2988.4695,-844.4661,1787.6421,2889.9229,608.3972,1783.4845,2949.4626,-835.5893,1802.474,2888.7788,494.89246,1820.256,2948.6594,-748.4609,1830.6096,2894.4026,555.7629,1776.2412,2977.419,-372.59247,1785.2722,2892.7832,372.31512,1281.7544,2886.5635,-467.49442,1297.3656,2833.3713,331.9292,749.35504,2938.4185,-505.9665,824.3777,2867.8948,413.5865,668.3907,3023.1238,-525.0231,758.7235,2945.4875,400.61945,547.82294,2783.3906,-858.19904,697.3877,2675.084,198.54211
leg_down
IMG_20241017_123102_1.jpg,leg_down,2667.0835,2877.3271,-76.03867,2713.781,2914.9556,-157.24251,2715.7659,2925.0742,-157.43732,2717.6543,2935.6252,-157.47966,2713.404,2904.3594,-20.198816,2714.9326,2906.4082,-20.012552,2717.155,2908.7607,-20.015203,2697.522,2995.5117,-310.0245,2698.154,2954.6936,301.82043,2619.7834,2895.2957,-115.18204,2617.8882,2882.8591,61.59166,2497.7588,3101.6846,-694.5021,2430.502,2940.4128,752.11707,2159.4,3175.946,-998.2632,2127.902,2945.767,988.14197,1868.8053,3016.1865,-1102.1356,1884.4224,2890.6738,759.9181,1760.9891,2995.2405,-1211.205,1782.9489,2874.6375,754.279,1781.1362,2957.718,-1180.305,1789.6748,2874.2996,627.07086,1819.4226,2958.0056,-1078.6605,1828.5608,2882.8481,692.77716,1779.5729,2979.3052,-458.5831,1787.6315,2866.8645,458.16006,1281.9192,2887.4165,-642.3142,1321.2705,2799.0913,565.942,741.4666,2964.874,-769.55035,859.04956,2858.1985,812.463,671.36096,3037.2886,-796.22296,787.4585,2939.7246,818.23346,502.43604,2811.3918,-1204.7723,709.22595,2674.9038,629.54553
leg_down
IMG_20241017_123102_2.jpg,leg_down,2660.267,2876.911,-50.36277,2713.8916,2917.4917,-138.1315,2716.7266,2927.668,-138.35359,2720.0823,2938.7708,-138.4225,2712.5134,2908.281,-7.4673767,2713.8938,2910.2495,-7.3007207,2715.9866,2912.477,-7.3654814,2700.2292,2999.5068,-321.0009,2701.9473,2959.524,259.37094,2617.1243,2901.4065,-98.42816,2617.364,2887.675,69.895226,2497.4065,3100.2637,-670.92505,2439.207,2957.9143,684.5305,2147.2454,3171.8845,-853.1724,2129.8171,2971.651,920.9653,1861.5071,3007.1287,-834.93097,1867.4938,2907.2485,725.1824,1754.7567,2987.678,-922.17914,1774.8816,2891.3706,718.9267,1775.7034,2952.2515,-907.97845,1789.0885,2889.4934,594.5342,1813.3827,2952.8318,-814.26447,1822.5052,2894.6445,659.9751,1768.075,2988.308,-417.9007,1782.2087,2889.1045,417.4878,1262.346,2912.5398,-438.88248,1318.8428,2836.319,555.15906,742.2099,2958.3188,-469.14548,871.6403,2876.9893,851.4018,657.7852,3033.7388,-486.70456,813.11066,2933.9497,863.60803,527.7602,2807.5396,-848.03534,725.91974,2691.4917,684.68445
leg_down
IMG_20241017_130045.jpg,leg_down,1042.7489,2774.9734,-781.87213,1006.52155,2782.7666,-702.3455,1004.98584,2776.3113,-702.5569,1003.17316,2769.3674,-702.7837,1012.3811,2815.4927,-785.685,1016.32227,2833.0063,-785.9626,1021.1403,2853.316,-786.36743,1024.16,2785.6096,-223.72571,1052.4113,2902.9856,-579.568,1087.3433,2760.9707,-589.0616,1100.2207,2798.3772,-691.4178,1267.4673,2731.6501,411.47348,1269.2976,2947.1233,-768.18384,1557.2504,2717.7122,645.0814,1623.0393,2991.5024,-814.4752,1738.3037,2694.0203,271.24026,1760.9792,2720.9487,-748.09595,1809.7264,2701.7915,210.26138,1815.798,2679.905,-845.12775,1794.2781,2707.9043,122.54766,1778.2341,2666.7134,-833.9367,1767.2932,2705.7192,218.11732,1757.0089,2680.3726,-729.42456,1898.3016,2732.755,405.78268,1925.9844,2892.9702,-405.6663,2226.306,2447.2678,53.01094,2366.7214,2625.2798,-731.4882,2592.842,2814.859,598.82544,2683.449,2906.6,-190.2059,2595.7224,2907.0286,641.0276,2699.5103,2981.902,-134.0011,2819.9763,2751.059,519.28503,2921.5684,2899.8801,-287.9207
leg_down
IMG_20241017_130047.jpg,leg_down,1017.6325,2714.8271,-443.86865,983.81006,2741.3762,-402.71155,983.8436,2742.2583,-402.90726,983.69995,2743.9897,-403.0055,985.6558,2755.094,-529.7837,987.4767,2765.6833,-529.92285,989.20593,2778.587,-530.4785,1012.07245,2791.227,-146.60806,1022.6083,2836.5212,-709.81244,1069.6798,2710.92,-332.5004,1069.9955,2730.381,-495.49802,1290.0292,2759.041,270.6586,1262.2664,2920.6218,-964.0634,1622.8148,2812.845,538.3316,1608.2726,3037.8618,-1057.9615,1889.8677,2819.004,455.91797,1974.4014,3038.03,-999.7982,1963.0756,2822.5315,451.04703,2077.9622,3073.5803,-1093.5623,1967.7134,2816.422,363.03842,2081.7744,3030.3896,-1107.5469,1943.5762,2821.4575,411.36377,2045.5746,3008.2305,-998.63055,1895.0635,2736.888,393.1274,1926.5111,2869.7024,-393.34073,2226.3228,2428.6438,229.31744,2377.9858,2600.7048,-543.73724,2555.4978,2814.606,824.0575,2695.5654,2913.8914,14.605849,2545.0178,2910.703,874.5173,2706.0278,3005.495,65.56683,2719.696,2802.671,789.842,2888.7334,2891.0432,-117.247635
leg_down
IMG_20241017_130049.jpg,leg_down,1030.2085,2733.386,-671.5467,991.70496,2747.4211,-612.29126,991.378,2743.7524,-612.4939,990.5152,2740.1052,-612.59216,996.2452,2773.8643,-708.5435,998.6734,2789.0044,-708.801,1001.89545,2808.167,-709.28534,1011.2324,2778.318,-264.18524,1031.2722,2867.335,-690.44135,1079.3867,2728.7017,-530.34296,1081.615,2759.247,-653.7432,1274.2827,2754.02,216.838,1250.6215,2930.5073,-903.246,1603.3268,2783.555,433.50653,1592.577,3040.9304,-1016.42615,1859.3159,2806.3813,325.73492,1957.1156,3035.0254,-994.4918,1936.5688,2812.163,312.88275,2064.8394,3074.0117,-1090.1736,1943.6179,2811.105,233.40726,2070.079,3030.4785,-1090.4081,1921.809,2816.6733,284.6506,2033.3147,3005.846,-987.92786,1868.6162,2721.3198,373.62964,1904.233,2859.8772,-373.8257,2169.638,2393.7273,318.00137,2321.6855,2531.6392,-605.8681,2484.9253,2740.1423,898.0175,2602.2925,2908.2583,-217.38147,2492.1824,2826.439,947.3942,2605.5852,3016.4705,-176.54878,2666.3801,2762.9878,896.3163,2830.4092,2933.66,-294.43588
leg_down
IMG_20241017_130457.jpg,leg_down,2338.0574,2684.8513,209.29308,2382.2812,2712.6616,142.22383,2383.5125,2719.9636,142.15312,2385.0437,2728.6938,141.84238,2382.832,2709.0671,266.026,2384.2983,2712.7764,265.8442,2386.239,2717.249,265.83478,2365.2363,2786.853,9.182812,2365.8179,2768.6023,553.69446,2303.0293,2701.692,166.01198,2302.245,2694.9958,322.63788,2189.1204,2903.6572,-363.96588,2118.1636,2773.6257,922.6114,1908.898,3031.548,-578.9903,1847.5469,2830.2874,529.6612,1891.885,2725.6826,-193.48653,1865.4105,2656.2173,-398.4759,1876.1445,2666.3572,-223.07135,1865.363,2627.052,-488.30084,1916.7423,2667.2031,-135.78844,1902.4773,2626.1538,-517.11694,1925.5345,2688.205,-131.89285,1906.7299,2640.8928,-442.83655,1542.077,2859.8164,-447.07037,1540.624,2794.1113,446.81628,1175.7964,2490.9973,-557.76624,1193.1244,2530.4534,289.24017,857.84393,2857.2217,-357.33783,844.1747,2828.677,515.6668,841.4404,2963.9048,-327.71573,770.8911,2894.0537,526.1478,618.75006,2815.923,-349.00992,670.65607,2718.7568,437.88858
leg_down
IMG_20241017_130459.jpg,leg_down,2359.3645,2713.2275,71.72715,2403.9897,2742.673,-2.0608528,2404.902,2749.9634,-2.1243289,2405.9434,2758.5706,-2.3444908,2405.0605,2739.9915,127.4567,2406.5154,2744.302,127.28301,2408.1973,2749.3562,127.277824,2384.3257,2817.9248,-149.48598,2384.9875,2799.4297,423.22885,2321.7852,2729.2446,24.714315,2321.7803,2723.8547,189.63515,2206.2915,2936.3445,-477.85852,2138.28,2798.706,799.08417,1919.1978,3080.6008,-790.6555,1868.5433,2862.252,557.8787,1879.5057,2780.7637,-662.2703,1845.3304,2676.9294,-263.07126,1856.1117,2712.51,-747.90814,1830.693,2631.139,-333.15677,1897.2269,2706.946,-644.634,1855.5647,2628.4688,-407.78403,1908.8059,2731.009,-604.531,1865.1412,2649.509,-319.637,1550.334,2873.0403,-444.77734,1562.6036,2822.39,444.69598,1183.1871,2510.0637,-575.18274,1197.2572,2599.93,392.05466,879.0255,2874.2703,-309.1865,781.47546,2839.1006,583.1821,864.9104,2982.2627,-268.96228,738.0533,2908.041,587.8194,618.7464,2864.2676,-252.87581,617.7859,2770.3252,462.27264
leg_down
IMG_20241017_130501.jpg,leg_down,2355.5566,2717.347,73.16208,2399.461,2746.888,7.333636,2400.7544,2754.5522,7.266765,2402.5286,2763.667,7.011145,2399.193,2742.2754,127.76697,2400.0774,2745.8955,127.602295,2401.8408,2750.2644,127.59206,2383.2515,2824.3325,-113.87138,2383.4963,2800.6335,418.2257,2320.0159,2735.0725,33.86465,2318.5488,2727.1724,186.88062,2203.4744,2951.5657,-418.77512,2133.4543,2796.3271,780.97253,1901.3265,3085.088,-630.27936,1852.6783,2851.481,496.4693,1883.7898,2781.0315,-376.1421,1870.3392,2671.9048,-364.38348,1871.4598,2708.445,-427.61337,1873.8232,2623.7688,-452.2434,1912.5743,2705.653,-340.50223,1899.3727,2625.261,-499.71945,1919.9309,2731.1147,-319.79242,1901.356,2643.6912,-413.16864,1557.3531,2900.6,-419.54202,1565.5149,2821.187,419.22134,1184.2831,2519.0566,-564.23004,1205.8289,2599.307,321.2759,873.6941,2885.709,-316.58282,801.372,2826.691,512.82587,860.2526,2989.5918,-280.02496,757.5235,2897.556,518.6768,624.483,2848.9988,-288.71518,679.74963,2733.9414,388.9865
leg_down
IMG_20241017_104916.jpg,leg_up,426.74182,477.84976,56.70075,438.06604,479.37766,38.573997,439.1974,481.5773,38.574306,440.4735,483.78162,38.543537,437.09485,476.99243,73.43551,437.3076,477.191,73.472435,437.67947,477.53635,73.46646,445.79715,498.36694,-24.551746,443.25613,491.07657,135.27458,421.2185,487.61487,35.092014,420.5841,484.64008,81.37717,412.38382,535.5036,-128.27293,399.5073,518.7124,222.14436,343.25345,558.74854,-176.85573,329.68228,533.6305,289.40057,273.52798,559.81,-156.75981,279.6046,533.79443,295.93927,250.44427,564.4538,-178.84065,261.1263,530.53564,324.032,248.44737,559.0742,-160.4289,261.0833,530.60535,298.05923,256.2257,556.53015,-147.6222,267.5703,532.27985,285.95782,282.2967,529.18427,-120.11494,277.03043,513.4868,120.11436,318.8547,424.94254,-137.95535,310.67163,420.2524,130.67172,303.18933,310.49124,-103.71774,301.70197,311.97388,162.74405,290.85397,297.65146,-100.4381,289.9668,299.0895,164.03807,352.58182,287.96796,-145.30296,347.89932,289.24417,135.08145
leg_up
IMG_20241017_104917.jpg,leg_up,430.3679,481.72775,55.553505,441.8463,483.8349,36.900074,442.8937,486.06314,36.905865,444.0671,488.44342,36.89065,440.81104,480.95575,72.26511,440.91708,480.9178,72.27951,441.18646,480.9777,72.256485,447.63086,502.72403,-25.263784,445.33417,493.35132,136.46039,423.4614,491.51382,34.746372,422.78732,487.41397,81.58127,411.9572,539.56744,-129.35735,401.81372,517.9751,228.11853,342.53088,558.60034,-195.39415,330.08908,528.65295,306.59036,272.27368,559.0576,-196.94998,279.27847,529.0889,333.5949,248.45496,565.1576,-221.20308,267.25427,524.3313,367.64453,246.1214,559.2026,-201.97186,266.27762,517.2737,340.59003,254.30719,555.92957,-187.98672,266.57642,526.7949,323.95593,282.26392,530.88245,-122.12083,278.07782,513.87036,122.14561,317.35193,425.59415,-152.4544,308.438,419.83255,132.2377,302.85382,311.2263,-130.73174,302.04895,311.84415,152.87306,290.66068,296.7286,-129.16399,290.24878,297.6365,153.16335,352.01523,287.92337,-180.66066,347.63406,289.05728,122.90498
leg_up
IMG_20241017_104918.jpg,leg_up,406.29086,479.637,71.819786,417.20367,475.8791,56.747932,418.91592,476.9314,56.73756,420.668,478.08948,56.697876,415.97437,474.4801,89.49119,416.75125,474.45688,89.54846,417.51837,474.5118,89.54592,432.69824,489.65536,-0.56936145,426.8889,484.90823,151.04097,404.53912,489.4146,52.116375,402.26562,488.09625,95.92283,412.71576,535.8805,-104.18172,398.9727,516.82025,226.62952,343.94016,559.54803,-155.0879,332.43622,534.12317,295.7515,273.6771,562.67145,-144.37476,282.04895,537.72156,312.0471,251.95197,566.83887,-165.01372,264.7292,536.2149,340.86514,249.61874,561.7274,-145.65541,264.18964,534.9035,317.6282,257.19617,559.1738,-135.03188,270.6282,535.91614,303.36423,282.74683,534.90515,-113.886696,277.31866,518.62445,113.84932,316.88797,425.20682,-140.8432,308.58743,422.22314,110.88704,299.54153,310.29727,-120.32202,298.33276,311.56305,130.88898,288.68527,294.21906,-117.69235,288.36365,295.50342,131.38309,347.41708,284.27994,-162.92853,345.24878,285.37402,98.891716
leg_up
IMG_20241017_105303.jpg,leg_up,2803.197,1327.4639,-1180.4397,2811.299,1302.2692,-1164.111,2817.3696,1300.5868,-1164.2489,2823.5854,1298.6942,-1164.4854,2791.6985,1301.4972,-1169.8585,2783.7866,1299.4781,-1169.7932,2776.2183,1297.5083,-1169.7758,2826.2686,1293.2823,-856.4359,2757.07,1293.0972,-878.24646,2809.1504,1343.7421,-1045.7316,2784.9258,1343.4791,-1051.8257,2900.229,1366.2926,-636.34143,2662.0786,1403.2362,-495.34448,2952.1506,1518.5845,-658.93494,2637.0283,1580.7678,-234.00562,2935.2808,1616.828,-1184.0239,2617.753,1752.5231,-405.38745,2942.0378,1660.7375,-1327.8867,2608.5479,1807.9054,-479.02725,2921.3306,1651.8868,-1413.042,2620.2317,1810.6703,-588.95764,2914.6523,1639.7125,-1228.4221,2628.232,1790.2148,-453.6762,2855.5693,1769.4249,-32.703537,2719.7498,1773.5596,33.16463,2853.1892,2004.9902,174.92804,2715.1145,1995.3423,365.17688,2876.7466,2218.9565,695.7799,2718.3374,2185.275,1043.3859,2858.733,2242.1558,733.95917,2731.9875,2208.9038,1097.8134,2909.7427,2306.3083,418.55573,2690.7998,2257.0151,830.1127
leg_up
IMG_20241017_105304.jpg,leg_up,426.21448,481.71783,28.539093,438.985,484.56268,11.275481,439.77493,486.59525,11.270156,440.61142,489.2757,11.2266035,438.38702,482.07587,45.381756,438.73087,482.1645,45.42713,439.02695,482.1928,45.408882,442.793,504.64096,-41.140114,441.1689,494.55276,114.425385,418.44888,491.3186,11.476422,418.63574,487.46042,56.563538,403.2165,534.4109,-138.83058,395.5407,513.9916,210.64696,327.29315,550.83997,-192.7722,323.91977,523.57196,271.2579,257.07678,553.37616,-184.78027,266.3415,526.433,250.16406,234.87846,556.42145,-210.25096,249.99132,524.36536,271.52164,233.41206,551.91296,-194.12737,248.43134,524.42816,245.12822,239.61365,549.2935,-176.57036,253.99461,525.42786,239.13733,269.5756,524.47705,-115.779045,271.54764,509.75485,115.84803,285.20468,404.13638,-135.78784,282.1761,404.94724,116.85197,262.31573,308.51736,-93.66413,262.90897,311.02206,159.8442,245.89761,296.52155,-89.64486,247.57469,300.958,162.39946,293.72983,274.3976,-135.13689,294.61603,275.63538,132.83669
leg_up
IMG_20241017_105305.jpg,leg_up,431.30637,478.80267,33.996567,441.38504,482.2535,15.529561,442.32144,484.2108,15.516724,443.3736,486.68906,15.467543,440.6606,480.0906,49.38014,441.10205,480.29758,49.419193,441.57077,480.4055,49.377125,445.51727,501.9577,-44.43154,443.9121,491.82733,109.29623,422.16354,488.2142,13.813201,422.67487,484.64075,58.53161,405.4052,530.5022,-149.26445,397.65582,514.0852,204.16287,330.41565,547.84973,-204.58826,324.17368,522.2818,256.29535,255.49004,550.49646,-196.03969,264.0789,527.0315,234.26682,234.15956,554.3164,-222.44359,247.9351,524.35736,256.41144,232.47629,550.5945,-204.32275,246.31981,524.5256,229.64276,238.96442,547.95087,-187.08003,251.7072,526.725,223.0129,267.8663,523.1351,-115.16672,269.7814,509.53116,115.24524,278.31046,401.60004,-117.63539,273.7185,404.4771,119.218605,247.56914,309.33835,-60.918633,248.71185,312.01443,178.14197,231.84128,297.8976,-55.26236,233.56165,302.72577,182.12906,276.70935,275.69778,-94.61815,276.82318,277.04013,153.45477
leg_up
IMG_20241017_105306.jpg,leg_up,425.32703,471.5579,45.03549,435.66913,474.43805,27.941153,436.47424,476.41553,27.939991,437.59003,478.4685,27.896427,435.26788,472.76974,60.883442,435.69553,473.42444,60.921448,436.3271,474.1244,60.87663,441.55423,493.3229,-31.918468,440.0899,487.56003,117.76495,417.45938,481.07275,24.46466,417.50797,478.84683,67.98016,404.92426,527.57385,-138.60768,392.81952,506.47742,206.5569,330.3654,543.4561,-190.78531,320.1574,513.6231,253.90694,257.1775,546.3081,-188.04248,261.7868,515.9726,235.04709,234.20004,551.337,-214.3579,245.55223,515.2394,257.45032,233.29292,545.2966,-195.94255,244.70587,515.2092,232.22475,239.6671,542.046,-179.30489,249.61052,517.48663,224.51772,269.779,520.08856,-115.072365,269.9044,504.92035,115.11268,278.40952,398.76746,-121.46395,272.763,398.3007,116.29196,240.52058,307.14453,-62.080734,240.25868,309.0858,178.45923,224.25426,294.5313,-55.92834,224.94977,299.34116,182.93327,272.44327,269.36646,-92.677734,271.38126,269.45532,155.8196
leg_up
IMG_20241017_105750.jpg,leg_up,459.71417,481.97073,55.847946,471.19055,486.88812,34.922703,472.21213,488.8254,34.91208,473.34363,490.93512,34.869152,470.85736,486.09985,73.12227,471.62613,487.35547,73.13257,472.5988,488.79343,73.0617,474.5264,508.1704,-35.40193,473.81952,505.50156,137.63712,451.45712,489.09082,30.994614,450.84543,487.48492,81.33909,434.6137,538.0782,-163.42317,415.6765,514.76184,239.49661,352.72977,560.7553,-241.3663,332.43658,537.6784,295.22055,259.1279,567.2297,-240.8503,259.87112,547.8217,294.1868,236.18486,574.12164,-267.91354,237.04541,547.9487,322.724,234.97626,568.99426,-245.82147,234.78317,546.5199,297.99744,241.80186,565.1197,-230.52274,242.73282,548.1085,283.79593,263.72952,527.4372,-134.40547,258.14084,514.4713,134.31737,305.08838,384.43256,-125.99545,304.92438,389.87326,150.735,294.07098,280.34674,-62.114613,292.64935,284.0233,217.51132,280.15167,262.42706,-56.359604,278.99048,268.22113,220.59267,329.50467,241.11005,-107.19455,324.58737,246.92195,183.83182
leg_up
IMG_20241017_105751.jpg,leg_up,458.84402,481.27985,43.98726,470.19937,486.0621,23.775387,471.0145,487.95236,23.757452,471.93646,490.02057,23.733858,470.01337,485.2045,58.426968,470.67697,486.37952,58.432777,471.47012,487.71585,58.381123,472.23502,507.95746,-41.15254,471.63766,504.13934,114.96259,449.68542,488.85828,21.869411,449.08905,487.18948,67.264786,432.68817,537.11664,-151.52623,415.03433,516.9302,211.02893,352.3721,556.88464,-232.52982,334.08087,532.352,251.75851,258.91693,565.40674,-253.12132,262.9148,543.68494,237.42445,234.84871,573.66113,-280.18896,241.42216,544.36523,262.49908,232.62436,569.2515,-257.0699,239.66246,544.10345,237.60149,241.18973,564.51776,-242.94698,248.1285,543.2372,227.27266,258.78436,525.27435,-116.814964,254.2766,512.4463,116.82967,300.08945,388.32587,-85.64978,298.06122,393.87997,145.50656,286.5656,278.60733,-5.3134165,285.8461,282.42807,221.75754,276.29437,261.1246,1.7718931,274.52737,266.05426,226.2519,324.0565,240.07187,-45.89741,319.51453,244.39201,189.73755
leg_up
IMG_20241017_110257.jpg,leg_up,852.0423,983.41626,-606.8743,843.8214,946.0772,-606.51404,848.82623,939.1626,-606.7972,854.02606,931.9783,-607.1392,833.6371,953.6606,-565.56946,831.77985,951.7628,-565.33923,830.04553,949.6738,-565.3893,879.21,907.7572,-377.1008,850.4712,930.5001,-190.75183,887.4047,984.12244,-503.14655,871.11163,991.84015,-449.57092,1017.3259,954.0116,-168.38791,874.5488,1031.3038,88.04355,1127.6129,1132.7262,-410.31073,863.78815,1208.0184,-10.5723095,1012.30316,1141.4314,-910.7052,870.64307,1189.9469,-589.6372,953.20935,1143.2395,-1038.745,866.339,1189.3291,-675.87537,947.64355,1119.4182,-1018.9444,860.4087,1163.8845,-740.00073,960.75183,1117.3607,-909.0115,870.86444,1159.2366,-630.90326,1198.4585,1347.2404,1.804477,1078.8184,1374.113,-1.3165282,1412.2253,1587.2914,-361.77362,1302.177,1616.1278,-279.9377,1368.8556,1997.5131,-101.5256,1357.4752,2008.4994,-65.741684,1369.9456,2038.9076,-88.103,1344.6748,2023.1752,-50.69212,1444.988,2074.4097,-358.61282,1405.2305,2105.9749,-318.3536
leg_up
IMG_20241017_110258.jpg,leg_up,554.0105,477.3408,72.79055,567.84845,480.3176,55.291782,569.137,482.14923,55.2945,570.6761,484.22223,55.268764,567.54755,479.97836,87.528824,568.54425,481.2606,87.57004,569.86444,482.7568,87.57941,575.8872,501.35168,-3.40963,573.67084,498.11453,141.8767,546.37946,486.95975,53.82893,545.4262,485.56833,95.99292,540.99414,544.64105,-100.98849,511.42435,518.8208,224.43011,450.56827,581.92737,-146.58629,419.26096,543.6759,263.78387,356.16858,590.69965,-134.09894,346.1599,557.93945,242.31865,330.02036,598.928,-151.19756,319.46686,560.2599,266.559,326.21417,592.4369,-127.1312,319.16983,561.90314,240.89359,335.50955,587.8306,-121.880714,328.6835,560.63574,232.70738,368.69098,547.21954,-112.40645,353.0292,533.0254,112.359566,369.78235,402.60324,-75.83936,364.84512,409.5525,143.7277,378.43213,268.63135,-20.148424,378.0777,276.03235,206.06131,364.4265,246.86153,-14.056646,364.7798,251.924,209.87465,441.54633,225.37737,-62.258934,444.16586,232.05171,171.6175
leg_up
IMG_20241017_110259.jpg,leg_up,565.86304,483.2043,44.834904,578.9802,488.85126,24.97445,579.8785,490.74808,24.958645,580.9043,492.81674,24.92536,578.8624,488.6866,56.158348,579.6965,490.21893,56.199615,580.72394,491.90363,56.175873,582.6155,508.94986,-35.299347,581.03107,506.2737,103.87851,557.6409,490.49765,25.97804,557.185,489.04523,66.53466,542.38794,542.2133,-124.58283,519.07855,523.99493,196.77505,453.8384,578.788,-179.15155,427.766,549.12036,238.28027,357.1173,588.21564,-167.93999,350.11688,564.19556,202.4814,331.82303,597.41583,-187.11374,324.96625,568.6166,225.8559,328.0126,593.43585,-160.40923,323.21646,569.6934,196.09192,336.77887,588.8786,-154.45717,333.39487,567.0498,191.2691,364.9709,543.7166,-109.25936,352.22897,534.18396,109.38319,364.3861,396.9603,-63.39705,361.69327,404.25626,143.99391,374.78156,259.425,5.043262,375.86136,271.02765,222.11969,359.86798,240.28358,11.532909,361.88797,249.63896,227.62416,435.58948,223.09062,-39.90485,440.68134,231.8356,189.35707
leg_up
IMG_20241017_110300.jpg,leg_up,535.40204,484.7697,58.683563,550.39166,484.09882,41.48676,552.5733,486.5459,41.46183,555.20654,489.13406,41.428883,547.8381,479.7718,73.7736,548.1622,478.9333,73.82054,548.4014,478.18842,73.818146,567.1134,503.85522,-12.5320635,555.85095,491.6755,134.1624,530.0578,497.58344,42.278748,527.1578,492.1959,84.72974,539.28766,544.46576,-114.9631,511.57944,515.582,220.99376,443.21722,577.1228,-168.46126,417.36276,533.2293,276.83865,348.8037,588.16473,-169.84105,341.1994,556.5056,275.58408,323.0357,596.93634,-189.92786,317.8864,562.37976,301.19327,319.21762,591.81085,-169.50131,316.38608,563.32886,278.033,328.27478,586.99225,-159.34108,325.19745,561.1711,267.4614,362.66208,554.07874,-116.67888,353.13333,535.1526,116.62246,357.82672,404.64706,-91.02711,355.75537,406.7683,157.6223,351.47595,269.97824,-34.015812,352.336,274.96887,219.46762,328.44452,249.24617,-26.661566,333.43896,253.4253,223.39146,393.2327,217.45088,-73.796585,397.60788,223.57988,185.50606
leg_up
IMG_20241017_110609.jpg,leg_up,2586.708,1081.2834,-1046.2959,2591.3176,1055.4608,-1022.25305,2598.578,1053.8197,-1022.41626,2605.5317,1052.8835,-1022.7314,2570.505,1059.9822,-1019.40027,2563.6958,1061.0707,-1019.4822,2557.1155,1062.701,-1019.61096,2614.0967,1060.3417,-757.7019,2547.831,1072.467,-727.4892,2602.845,1100.4971,-936.3153,2577.6929,1106.6361,-928.65027,2700.7407,1158.8037,-441.3383,2475.7812,1173.5166,-537.23376,2717.6658,1321.8607,-408.73947,2408.897,1316.595,-465.04224,2680.1118,1390.2253,-740.5725,2433.4912,1451.3684,-596.16364,2686.3901,1430.2313,-822.09045,2417.6128,1493.6361,-659.53064,2680.0986,1406.0452,-867.9343,2447.819,1493.4423,-702.4036,2678.3945,1395.7506,-763.3324,2454.1763,1477.8033,-613.68774,2561.847,1467.5852,61.69426,2433.1045,1461.374,-61.718822,2632.8599,1670.2748,-320.26602,2491.4438,1744.3156,-296.3101,2643.3362,1922.2694,-141.08237,2485.8643,1960.7007,-83.74751,2623.0483,1972.0056,-137.91496,2485.4382,2001.5752,-74.05739,2692.1052,2029.8177,-443.63,2491.1624,2046.0212,-391.52283
leg_up
IMG_20241017_110610.jpg,leg_up,601.052,569.30273,-55.205807,609.12335,580.4744,-83.40283,607.9694,582.1536,-83.473915,606.86755,583.829,-83.5589,610.53357,579.5879,-43.85319,610.29095,580.41754,-43.836845,610.00543,581.3313,-43.86292,597.6049,591.56323,-155.08093,600.6147,588.75745,22.296305,587.9359,571.3389,-77.04578,588.48193,570.0139,-25.175905,544.22675,598.7706,-239.28026,533.90216,579.0097,153.00546,448.9948,617.1618,-240.4662,440.08054,591.7862,231.43477,354.15057,621.1089,-165.63376,363.70566,596.2801,214.37654,331.50497,625.8232,-183.72758,344.79047,595.78064,245.1956,328.46124,623.026,-165.87184,344.40857,596.0906,214.35742,337.18228,619.2818,-154.12567,350.29614,596.3849,202.93399,358.44846,580.42633,-125.60142,364.0546,568.0652,125.9386,378.1003,448.43808,-104.032394,381.29178,451.09076,181.77704,360.81174,331.45557,-0.90275925,364.64328,335.96344,253.97775,345.27145,313.76065,8.921498,349.28082,319.15784,258.44852,414.9496,293.38766,-40.529797,416.59152,297.9044,226.80907
leg_up
IMG_20241017_110611.jpg,leg_up,593.9166,564.90497,-39.68429,602.31464,575.98016,-67.836296,601.66693,577.6794,-67.90031,601.0341,579.6427,-67.975334,603.6861,575.6593,-29.37745,603.91644,576.8257,-29.35689,604.0795,578.06836,-29.37905,592.42413,589.6441,-139.4322,595.09595,586.5785,32.993835,582.1798,566.91266,-61.59685,582.36554,565.6605,-11.137744,543.49207,600.0433,-219.26897,529.9824,576.9499,154.215,452.87616,618.8078,-227.05151,438.31122,592.01105,220.13672,358.43332,622.06494,-158.2405,359.5287,599.87823,195.28473,334.92883,627.2078,-174.99553,339.1928,600.8272,222.79192,331.95413,625.1035,-155.18175,338.74823,601.96716,193.80165,340.61865,621.53345,-146.31065,346.28506,601.0633,184.28355,358.65573,583.67255,-121.2659,362.6258,570.42773,121.551384,375.5347,451.9001,-99.40066,380.2649,454.22897,162.02559,352.95786,330.6987,-7.851734,357.77274,335.2881,231.75237,336.99222,314.18146,0.7574005,342.8682,320.59055,235.84381,402.85114,292.4815,-51.036564,405.9072,298.75436,202.35164
leg_up
IMG_20241017_111823.jpg,leg_up,136.46909,613.32574,44.5222,127.56325,609.15454,54.28079,127.026596,609.28705,54.225147,126.343346,609.4351,54.19451,124.987076,611.07477,26.22122,123.11171,612.53125,26.141796,121.196075,614.2836,26.037737,118.84793,622.1168,96.510506,113.87071,628.9892,-30.29472,141.10406,621.4424,63.528954,138.5,624.8364,25.977005,151.29915,649.692,163.00253,131.48555,670.7633,-106.436,217.74194,665.38684,211.13708,198.69519,690.53705,-155.65129,274.06857,672.27057,189.69719,264.88174,699.0096,-143.89388,291.30765,677.888,201.37657,284.54745,707.5744,-166.46162,292.56595,678.9248,173.6851,286.0513,702.87836,-152.81549,286.72357,676.57874,177.24274,280.62677,698.6125,-137.03638,278.52722,656.6555,81.33185,275.85556,668.8024,-81.15059,286.50604,552.5165,104.665,284.974,554.90405,-34.132545,297.97272,463.66943,185.74144,299.04684,461.526,36.150757,311.58148,454.6424,190.954,312.48618,452.86325,42.033924,283.53195,426.82715,161.98828,282.345,420.84995,5.5574603
leg_up
IMG_20241017_111824.jpg,leg_up,92.62615,642.28894,-3.1580553,84.13328,648.77216,5.0867004,84.15563,649.71313,4.956078,84.15522,650.80273,4.873873,83.779495,650.8789,-19.557854,83.57551,653.22375,-19.647673,83.38423,655.62036,-19.754942,88.294975,663.6849,48.185116,87.27225,667.3036,-60.82682,102.63744,645.5492,16.644175,101.73247,648.0706,-15.575648,138.02602,662.3714,133.60051,126.903625,676.7148,-134.29495,209.65326,669.8187,187.00696,195.47327,692.5567,-188.58003,263.26657,674.9008,163.42911,262.06885,700.67883,-204.78041,281.3832,678.7412,176.48965,282.77606,708.9506,-234.9083,282.29855,677.71985,142.66428,284.78748,703.7193,-219.56157,276.64767,675.7179,148.86469,279.25552,699.134,-199.04625,278.2214,655.55035,79.87047,278.65344,667.2792,-79.74326,287.09326,555.548,110.57543,288.96933,558.69507,-34.656998,303.76263,466.71497,197.28726,306.66226,468.27756,46.202812,314.8498,456.92435,203.11284,317.1676,457.87183,52.33722,290.84344,432.41702,182.90291,292.25964,431.32468,17.733677
leg_up
IMG_20241017_111825.jpg,leg_up,92.32746,642.3182,-20.793854,84.329384,648.5843,-11.920585,84.367294,649.3905,-12.041992,84.351074,650.24854,-12.118811,84.03459,651.0341,-35.53207,83.973656,653.2978,-35.62929,83.88948,655.6295,-35.727432,88.84283,662.8164,36.98111,88.29914,667.3862,-67.7696,102.087685,644.9399,1.0672487,101.32096,647.956,-29.913353,137.83688,660.38434,127.65088,126.55055,675.7631,-138.8659,209.04163,668.45013,190.6727,194.54404,692.2182,-198.73195,263.60962,673.53864,181.3969,262.62802,701.4487,-224.77368,281.75235,677.8985,197.59462,282.70407,709.2876,-255.8877,282.21768,676.8743,162.98698,284.93008,703.65845,-240.89212,276.4047,674.797,167.17892,279.53976,699.1432,-219.4601,281.05914,655.2968,80.13763,282.5031,667.8156,-80.00175,291.03906,554.50726,107.5661,292.2285,555.77045,-40.528633,309.05063,462.27182,192.25113,311.88248,462.89282,36.71207,322.46454,453.7406,197.5397,324.6467,453.32822,42.24286,294.9736,421.57935,176.06561,295.73053,418.94055,6.28094
leg_up
IMG_20241017_112840.jpg,leg_up,414.73242,524.80066,47.022625,425.7001,521.8136,31.610498,427.4214,523.1828,31.628721,429.5047,524.6819,31.616858,424.87463,520.7815,59.320168,425.62506,521.06586,59.354958,426.58044,521.53217,59.340675,440.25443,535.64246,-19.466366,436.79962,531.92566,106.35104,412.68256,534.42816,30.230158,411.73532,532.88293,66.701935,417.2749,586.2916,-100.95379,400.59344,560.6357,172.30138,346.36316,614.751,-130.07776,329.9552,582.67255,190.49338,269.12045,621.976,-115.00843,270.7169,600.1771,167.98065,248.59338,629.17816,-133.12186,250.33327,604.54535,182.98363,246.00104,622.10046,-117.3072,249.29454,603.88477,165.40086,252.42848,618.0531,-107.14987,255.26389,601.57513,160.68971,279.45175,599.595,-94.6863,273.22415,584.1848,94.66827,278.1552,477.3574,-82.93389,273.41415,478.55405,101.09793,247.21695,378.1312,-31.815416,246.47694,378.53162,143.93742,233.02335,362.3609,-26.410702,233.52675,363.72818,145.67833,283.00735,345.71036,-60.959538,280.9726,348.0328,111.00176
leg_up
IMG_20241017_112841.jpg,leg_up,466.5061,551.28723,10.137376,475.72025,558.30225,-8.957726,475.83646,559.5859,-8.996523,475.94818,561.0453,-9.075905,476.1456,558.0316,22.204416,476.52933,559.07733,22.206501,476.92474,560.29956,22.140064,471.51697,573.5279,-67.29073,472.1755,571.5912,71.91172,457.02792,554.4421,-9.37717,457.00873,553.5571,31.377192,420.7264,594.3975,-158.38016,412.28726,575.5774,164.87306,349.51596,615.4914,-191.11707,338.66953,589.07806,198.4299,269.03647,619.7312,-162.50897,274.08865,600.7388,178.56354,247.39597,625.09125,-184.82341,253.90555,600.1832,197.66869,245.1664,620.7225,-167.26584,251.98991,600.5858,174.85323,252.22864,617.85455,-153.401,257.52493,600.9517,168.76454,276.72925,588.80255,-106.819626,275.5483,577.4114,106.94839,273.34692,473.1679,-76.52664,270.33124,475.8768,123.25362,238.47763,376.35614,8.885839,238.01152,378.32397,204.42662,227.48448,362.8178,16.964846,227.2364,366.35956,210.54602,273.8272,345.8748,-18.87912,271.14645,347.0368,181.66986
leg_up
IMG_20241017_112841~2.jpg,leg_up,466.3953,552.1592,-4.2205224,475.26892,558.5939,-20.5351,475.415,559.90204,-20.580065,475.62296,561.41614,-20.664494,475.56818,558.49774,6.7009816,475.92416,559.6946,6.694387,476.3943,561.04987,6.61947,472.2338,574.52075,-71.2437,472.91168,573.10046,50.871517,457.66998,555.42163,-21.348969,458.04684,554.8114,14.528268,418.65958,594.3246,-148.27374,412.95197,576.2346,126.99326,342.5926,615.6374,-166.98032,337.6042,589.2215,151.33064,267.0393,619.3254,-131.30574,279.4748,598.31476,133.36061,247.1069,623.91235,-149.74924,259.3785,597.6878,145.94875,245.37386,619.9421,-137.56166,257.6982,596.77905,128.03888,252.29439,617.2054,-124.48456,262.86163,597.87695,125.132286,282.5232,587.4833,-93.97651,282.66287,576.0998,94.06726,274.2233,471.95178,-53.913002,271.5146,475.23703,105.33132,238.68501,378.00714,36.906345,238.28104,381.25635,189.50128,226.3989,363.90213,45.564705,225.92404,369.1362,195.77805,274.0511,348.1593,13.597716,270.94867,349.04678,163.96565
leg_up
IMG_20241017_113240.jpg,leg_up,1222.4323,1527.3047,319.81165,1237.1093,1531.5736,383.78122,1262.7921,1546.3557,383.56744,1269.5999,1547.2003,383.51132,1207.7498,1528.0134,384.685,1201.7333,1529.6858,384.92822,1193.603,1532.9648,384.49396,1286.2184,1568.5798,643.77185,1187.2083,1557.8754,644.8311,1248.6046,1556.512,410.58408,1212.3813,1555.0686,410.51816,1402.2778,1632.0118,599.7666,1111.3333,1631.024,583.52563,1452.4479,1574.4314,-16.469267,990.7252,1525.2014,169.39615,1415.279,1438.8005,-534.75867,1030.6567,1607.7867,83.148346,1409.9857,1410.2429,-626.35785,1047.0651,1640.6595,94.548996,1386.6494,1399.5669,-574.77563,1062.1807,1628.9938,104.94444,1378.6456,1411.7721,-527.7482,1064.9294,1612.2952,91.23185,1380.4089,1818.1968,38.217407,1157.9559,1820.3779,-38.943016,1386.462,1491.3182,-755.7675,1201.7474,1586.1725,-896.1436,1462.0024,1316.021,-1644.6392,1228.47,1360.7386,-1893.4998,1468.7137,1342.7545,-1750.7742,1247.3757,1391.4559,-2002.675,1443.5325,1137.9673,-1848.074,1236.5591,1146.1016,-2100.358
leg_up
IMG_20241017_113241.jpg,leg_up,476.4225,590.7545,17.837006,485.6172,595.7326,-2.004964,486.04404,596.859,-1.9738197,486.4686,597.969,-2.0473697,485.02057,595.58923,20.87896,485.0284,596.5564,20.92388,485.05655,597.44775,20.925154,484.00494,610.20483,-54.07563,482.60065,607.4791,52.755592,469.06036,593.8035,1.6270677,468.48486,593.2373,32.753624,454.23737,633.4911,-91.297844,440.45078,612.6326,125.52895,513.88763,593.86017,-118.50296,465.96625,575.6859,263.333,498.853,627.91235,20.895248,479.22336,612.8057,345.1269,497.81195,635.3105,27.465466,484.88724,621.5547,366.88672,491.881,635.7645,37.431602,482.21054,623.2924,368.74683,490.49335,633.6183,27.545895,480.86728,620.7848,346.39255,306.99527,624.25104,-80.41019,302.72406,609.47266,80.47605,298.29852,507.36523,-51.034042,296.78073,508.85568,74.70267,266.74197,410.26367,-21.386904,266.28345,412.0297,97.40135,251.21033,401.52777,-17.332281,250.47952,403.54953,97.734955,299.0592,381.34784,-39.024426,295.64517,385.1744,69.936485
leg_up
IMG_20241017_113242.jpg,leg_up,476.79913,591.8287,18.77378,486.60034,597.3787,0.9172261,486.96213,598.5464,0.95497084,487.31546,599.69403,0.9032131,486.1475,597.07587,23.062069,486.15924,597.9363,23.101938,486.18356,598.7421,23.080917,484.05453,611.6425,-45.179558,482.74792,608.8454,57.601006,469.08493,594.83136,4.244154,468.34213,594.0634,34.21779,456.43372,633.9069,-79.24161,440.40347,611.52325,126.83972,513.49115,597.8372,-106.38458,470.7032,584.7289,264.41736,497.06213,630.0111,42.02326,476.50488,614.77216,348.51358,497.2445,637.24646,49.70476,484.1958,622.9926,367.1223,491.42496,637.56665,58.221268,479.9668,624.00256,370.6536,490.0545,635.37244,48.180256,478.293,621.7277,350.04965,304.59943,624.4828,-76.528244,299.55344,609.1397,76.54315,267.23813,515.0431,-62.607914,266.78714,515.07715,64.366234,205.14085,439.70496,-46.80321,205.1678,440.88217,67.90441,183.39285,433.9569,-44.968315,183.75749,436.0114,65.84053,221.92987,394.22058,-72.25157,221.54546,398.38895,33.968582
leg_up
IMG_20241017_113249.jpg,leg_up,1385.0054,2316.4014,969.76996,1394.1332,2319.7134,1043.613,1399.6659,2322.1746,1043.8945,1406.9724,2323.0505,1043.9031,1375.532,2318.4243,1029.271,1370.8352,2321.0042,1029.349,1366.3591,2324.148,1029.0565,1413.8037,2350.4092,1227.073,1356.1244,2353.771,1157.0273,1395.7571,2334.701,1019.79987,1374.151,2337.3408,998.5604,1485.8147,2404.197,1076.1586,1270.3989,2423.5918,957.1034,1579.2104,2244.4863,760.0959,1153.3887,2387.231,507.03635,1648.6593,2074.0168,514.61285,1246.2192,2362.362,310.24548,1665.8258,2017.5472,459.2958,1260.826,2358.1611,270.2579,1653.2765,2023.3942,462.83423,1294.2357,2348.9783,319.53387,1646.523,2045.3112,500.9003,1292.21,2353.0852,321.40588,1517.8958,2572.7866,53.402054,1408.163,2613.5525,-54.3631,1576.5713,2339.1553,-380.02487,1363.6697,2441.66,-306.85977,1582.242,2154.3723,-845.2425,1384.3826,2283.1633,-719.7302,1600.2444,2161.5386,-905.3985,1419.7865,2287.8074,-767.9087,1526.7517,2019.3552,-1092.291,1317.6243,2157.9187,-936.73096
leg_up
IMG_20241017_113804.jpg,leg_up,385.4659,305.7421,127.58619,387.53012,301.62717,154.63902,389.11484,302.10065,154.61472,390.73016,302.57022,154.6061,381.94193,300.5827,147.62685,379.7845,300.3109,147.58302,377.67056,300.10428,147.4642,391.15912,307.12384,245.26022,372.05716,304.07837,213.93813,387.63345,313.16144,158.18538,380.6242,312.10022,148.56186,400.4225,341.22623,263.329,347.57883,328.75754,201.73544,415.0539,381.37445,268.01566,329.41852,374.86487,143.6653,419.70978,411.5769,250.87724,326.40085,414.35022,91.86789,427.30307,421.27545,248.26656,321.5531,424.1356,79.292564,420.22083,420.9055,233.80717,329.54254,424.21783,69.08682,415.96838,418.77448,245.80408,332.50385,421.11475,88.68391,390.62506,394.50555,11.970305,356.5118,383.22742,-11.96123,408.51782,337.68634,-227.28416,365.5553,333.8728,-216.46599,388.28378,309.76324,-419.05533,366.94873,305.90964,-425.41006,385.99313,319.66907,-447.35513,380.76794,314.87903,-452.4616,372.81155,274.4772,-521.2239,376.28452,264.20142,-523.4656
leg_up
IMG_20241017_113824.jpg,leg_up,475.24304,553.0245,-26.216745,484.17026,561.07733,-44.746807,484.0769,562.4328,-44.793472,483.98648,563.8801,-44.834866,484.49304,560.98773,-15.285252,484.60587,562.11414,-15.278476,484.75537,563.2987,-15.36914,478.36426,575.0293,-96.8664,479.59784,572.2509,31.95517,465.06876,554.576,-43.998886,465.43994,554.2828,-5.951829,422.6551,588.3506,-162.56497,418.6916,567.0912,111.49913,340.68353,604.37805,-194.03314,338.03836,579.2935,138.18544,263.4821,613.6911,-199.4677,273.53067,586.3649,111.34996,243.28346,620.14417,-226.03629,254.39133,586.77484,122.837814,240.75865,616.2309,-214.99254,253.71823,587.8832,101.13732,246.70393,613.6755,-194.22151,259.4289,588.56305,101.87665,276.7786,582.4165,-85.14375,279.13446,564.4467,85.29472,235.5266,479.39835,-70.88266,237.28526,475.90967,85.43536,156.30318,399.33777,-15.940587,159.62473,400.01654,136.89268,134.50717,396.83557,-11.812305,138.58583,399.17004,139.22855,158.86348,344.00824,-61.686028,161.15453,346.11902,98.73391
leg_up
IMG_20241017_113825.jpg,leg_up,476.13858,551.35034,-24.193975,484.84012,559.33093,-42.30731,484.6648,560.5738,-42.358303,484.52182,561.9985,-42.403164,485.23724,559.5212,-14.126157,485.33994,560.731,-14.110261,485.5312,562.0985,-14.196603,478.55908,573.3035,-91.24094,480.47693,571.5342,31.19428,465.7003,552.74384,-40.649086,466.01407,552.5429,-4.4885645,423.00052,585.5663,-150.15384,419.73004,566.57355,105.721855,341.35037,602.1964,-176.37653,342.3844,577.44617,129.73518,265.4596,611.7715,-181.50159,277.59183,586.6756,102.89788,244.95152,617.9663,-207.21985,257.85733,587.1284,113.17982,242.341,614.86975,-198.11646,256.4304,588.8187,91.47323,248.47664,612.188,-176.83533,262.22302,589.2514,93.63691,278.22174,579.7174,-78.67181,282.23657,563.41907,78.858826,230.0275,482.10568,-63.876213,232.7853,481.26715,78.702324,149.38586,405.82114,-16.10163,154.28394,408.19873,120.78022,128.30966,402.94113,-13.292649,133.41307,406.85214,122.09369,149.2678,347.83508,-62.479298,152.54797,353.22638,80.626854
leg_up
IMG_20241017_113828.jpg,leg_up,479.58768,553.2321,4.3118243,488.09302,560.89606,-14.092097,488.0331,562.166,-14.114543,487.98865,563.52747,-14.177966,488.17273,560.7728,17.493088,488.16904,561.82324,17.492228,488.22726,562.9372,17.41527,482.0943,574.7246,-72.29655,483.3373,572.48584,67.69037,469.62955,554.3995,-15.489769,469.57925,554.09735,25.656227,428.105,587.486,-161.02286,423.3683,568.02576,157.77887,346.6207,602.2825,-193.58588,345.829,576.93524,191.32532,269.02228,610.6304,-176.60971,281.88757,587.76276,167.29517,249.24481,615.71704,-203.99394,263.0812,586.7882,183.65877,246.81914,612.9084,-189.37677,260.86533,589.9307,160.55014,253.4395,610.2439,-169.49577,266.18015,590.9654,157.49133,286.83896,578.581,-108.64438,288.13635,562.1343,108.7689,280.50732,461.14145,-81.55745,282.6576,458.75726,84.7393,239.69507,366.01285,12.051104,240.982,367.18436,181.93866,217.48465,353.99814,21.382032,220.24365,356.37048,189.93971,255.01636,318.48077,-13.415829,254.62523,320.85547,161.8959
leg_up
IMG_20241017_113828~2.jpg,leg_up,481.85986,553.50867,0.5337005,490.24716,561.8705,-18.373026,490.17206,563.1483,-18.400244,490.10495,564.53107,-18.456839,490.37387,561.9571,12.601128,490.3445,563.15857,12.596698,490.34308,564.4508,12.529969,483.81732,575.3612,-75.15819,484.62177,573.4728,61.71525,471.67783,554.4174,-18.405416,471.94772,554.3794,21.881456,427.72256,589.174,-156.02176,422.80032,569.1681,147.88612,343.5291,603.52057,-185.60735,338.96692,576.34796,174.17354,266.52826,612.0232,-169.42383,273.45187,586.032,148.3544,246.67747,617.53076,-195.44637,256.24747,585.84033,163.01436,244.74011,613.987,-182.19742,254.87877,589.4062,141.00705,250.82706,611.10114,-162.86899,259.84723,590.08435,138.8714,284.11862,579.30066,-102.48628,283.83102,562.00134,102.63414,273.39197,461.94998,-70.14922,275.4791,460.3836,87.4466,226.55309,367.74054,24.68807,227.10182,367.98465,179.57498,202.34467,360.2261,33.530903,204.81044,361.1662,186.63757,241.12267,317.44717,-4.9613857,239.51624,321.23752,155.14464
leg_up
IMG_20241017_113829.jpg,leg_up,480.66626,554.1658,5.4705405,488.90344,561.932,-13.464706,488.8477,563.1099,-13.500836,488.7964,564.4234,-13.561862,489.05197,562.03674,17.244987,489.05182,563.16187,17.242407,489.06506,564.4069,17.17683,482.6118,575.3698,-69.02246,483.2348,573.7338,66.64066,470.59015,555.0568,-12.833064,470.68378,555.0403,27.120993,429.07297,588.58044,-150.61609,420.67215,569.2236,154.89455,349.29892,603.8219,-182.16133,340.41592,577.0515,182.70593,272.40674,610.9518,-171.12338,274.83722,586.5537,157.14188,250.80882,617.78326,-197.637,257.32184,587.0701,172.73833,248.97801,613.1711,-183.42183,256.68756,590.05164,150.00887,255.3817,609.9861,-163.98894,262.0017,590.37506,147.46965,285.8451,579.82983,-101.59992,283.8541,564.6075,101.78386,269.36188,462.61273,-70.68437,270.72485,461.40866,83.07524,218.01393,370.44193,17.335749,219.2358,371.37735,170.70677,196.28249,360.9715,25.51303,199.41399,363.90347,177.51595,234.92215,318.0128,-14.780643,234.2135,322.737,145.3737
leg_up
IMG_20241017_114411.jpg,leg_up,636.3073,199.42778,-265.45612,639.64075,194.20901,-264.2404,641.4266,193.60359,-264.26633,643.1673,192.91501,-264.3303,634.4715,194.32823,-265.80402,632.57056,193.81609,-265.818,630.7179,193.22142,-265.80365,645.24347,189.32779,-199.10133,626.5796,190.33585,-203.74728,638.4738,201.49335,-235.32793,632.03827,201.63002,-236.77493,658.1669,194.9532,-131.463,607.1395,205.35303,-127.63637,672.3672,214.87918,-143.42331,593.45435,242.67726,-91.900154,661.19525,239.18726,-260.90317,590.97003,279.35666,-129.69553,659.30493,246.53569,-292.46664,589.6927,290.51706,-147.11205,657.21704,242.59117,-305.66013,592.70825,290.58224,-163.79185,656.7511,240.34482,-268.90863,593.9055,288.03482,-136.56245,638.6495,277.11444,5.94831,611.44684,276.9105,-5.9198675,644.55884,330.4353,13.723103,607.36505,329.20383,29.151007,631.52856,371.00662,165.0502,602.3926,369.4499,167.0794,625.1671,374.21988,178.24495,603.814,374.00574,178.2597,641.0657,389.39938,121.659935,600.4305,388.07004,116.60694
leg_up
IMG_20241017_114412.jpg,leg_up,359.69907,327.8912,212.77095,356.83377,320.8309,227.79079,358.91153,320.5865,227.7921,361.57562,324.38852,227.73988,352.23184,322.10205,226.42319,350.9223,323.07507,226.4064,351.48904,325.00473,226.27289,365.42377,326.046,258.30402,347.38568,329.71533,255.50401,359.76874,333.63477,219.75291,357.2122,333.04733,218.50279,379.33826,360.48627,194.38281,340.48804,350.3876,215.92607,388.4308,391.097,154.37555,332.07748,383.48264,204.5759,401.63217,422.51978,135.464,318.5494,422.3066,223.19815,408.02167,431.65887,133.01064,316.64612,433.58405,235.33527,407.2318,431.7006,137.45116,319.18005,432.95767,230.02234,404.31622,428.66718,135.52545,320.62466,429.37042,221.3973,377.8569,421.9945,-20.393858,339.50705,423.76147,19.985222,371.60156,354.99075,-46.01131,343.6314,354.2144,91.31933,360.34076,278.76825,-110.83164,343.55786,277.96646,120.50632,357.93472,275.75894,-118.55912,342.89822,271.2446,122.217995,359.64432,259.00992,-178.215,343.0559,255.46176,79.01273
leg_up
IMG_20241017_114413.jpg,leg_up,643.795,187.12672,-276.68433,646.5958,180.96593,-273.84085,648.0951,180.41353,-273.86954,649.55206,179.76927,-273.9197,641.2713,181.12393,-277.6231,639.145,180.58253,-277.66232,637.18884,179.97829,-277.69516,651.3704,176.38379,-202.70647,632.96,176.84471,-218.79155,645.6566,189.90424,-244.42215,639.1754,189.85722,-249.16513,664.2787,190.04044,-119.916115,613.4402,194.58066,-148.6099,667.6915,226.91818,-81.44757,598.7651,237.2263,-119.115585,657.1736,255.50983,-160.87804,596.4091,276.6997,-164.28903,653.74646,265.3776,-183.177,594.0747,287.98636,-183.66591,651.6163,262.02103,-202.9175,598.41376,289.28683,-201.2521,651.90466,258.69632,-170.1933,600.453,285.49506,-171.46013,645.3695,271.48193,14.360864,616.9133,272.132,-14.347143,651.8699,325.0859,12.487665,614.403,327.20593,-2.522715,637.17065,370.06436,126.72782,610.37964,366.75943,123.25062,630.9274,376.50275,135.22878,610.6103,372.19772,132.80511,655.4053,388.60648,76.76536,608.1946,385.01273,71.58682
leg_up
IMG_20241017_114414.jpg,leg_up,491.0627,583.87103,15.006941,497.93423,592.6822,-4.3270454,497.86465,594.00867,-4.3761196,497.72787,595.42865,-4.4383683,497.89212,592.60223,25.389782,497.78568,593.73883,25.388897,497.63205,594.9636,25.336538,491.969,604.901,-53.421047,492.3639,604.16595,79.02286,481.95905,584.3696,0.2623765,481.60382,583.9407,38.99367,452.7541,610.4122,-144.03654,431.87646,591.313,184.16615,395.0232,634.8563,-206.28313,363.65564,607.7801,232.1412,321.28296,638.669,-229.15033,308.46948,614.5193,221.18774,300.56766,644.5804,-256.09314,289.3873,617.55383,245.82878,297.3467,641.0736,-235.41635,288.84253,618.65,221.36623,303.5387,637.9962,-219.33234,294.15698,618.5086,211.98026,305.69644,603.0774,-106.450455,301.01544,589.8877,106.681816,301.61337,484.1608,-82.6365,301.9018,485.85614,114.03527,266.7533,391.42194,-13.359333,267.81573,395.09033,183.21826,252.83003,372.832,-6.7660108,254.23532,382.21506,188.25533,298.7644,350.40616,-44.626625,296.08658,352.52734,162.94522
leg_up
IMG_20241017_114414~2.jpg,leg_up,492.0656,584.9646,13.222102,498.42847,594.0409,-5.7239084,498.2985,595.34515,-5.7665863,498.06232,596.7106,-5.8304734,498.86945,594.3025,23.883295,499.01315,595.62305,23.874155,499.01694,596.907,23.803875,491.8901,606.38135,-55.386852,492.7524,605.7376,75.94533,482.34262,584.77295,-2.1019518,482.4917,584.79865,36.383163,449.73013,609.1112,-145.54477,433.20093,590.1907,176.11993,392.3584,633.13873,-194.64333,365.3885,605.4614,217.45872,317.31027,636.7231,-196.98634,304.2604,614.4351,210.6228,293.3578,643.2258,-222.26732,283.88013,618.1267,233.35406,289.96695,639.17615,-203.73741,283.50583,620.2396,210.64465,295.91855,636.77423,-187.60759,289.1709,619.69116,201.85596,305.2167,599.82355,-109.29906,303.5942,586.84125,109.51179,298.9605,482.523,-102.93076,297.90125,483.3571,95.15645,264.59045,386.01782,-48.90493,266.35297,394.1788,152.78088,250.52696,368.99164,-43.80617,250.39386,380.36548,156.98349,299.04013,354.88342,-82.552795,298.83145,357.06058,132.86774
leg_up
IMG_20241017_114801.jpg,leg_up,2504.0706,2713.6758,-74.687706,2544.1575,2750.3428,-151.69313,2544.5857,2758.0942,-151.87907,2545.0828,2766.9111,-151.99837,2544.2427,2748.1748,-20.689447,2544.6292,2753.6003,-20.656921,2545.2244,2759.6587,-20.848167,2515.2522,2825.1123,-365.13895,2517.8242,2809.8762,218.2057,2458.8801,2726.602,-145.98358,2458.9282,2723.5168,25.315142,2290.4424,2907.7976,-661.29285,2247.4585,2792.3564,602.3501,1945.6614,3003.016,-819.76746,1896.9397,2815.258,817.40625,1633.6443,2969.9675,-801.3405,1627.3545,2802.5989,688.133,1526.8457,2980.1863,-899.6972,1528.8195,2782.4634,758.4258,1526.7208,2948.1272,-822.06946,1565.5063,2787.145,643.2717,1561.9238,2934.2378,-765.3576,1583.7874,2802.8105,638.8817,1648.849,2819.5583,-410.77682,1653.7222,2752.6057,411.62982,1515.3512,2333.1062,-689.852,1527.0103,2303.1736,226.01624,1316.5125,1830.0496,-693.8323,1326.3436,1833.9298,199.19383,1245.0125,1786.4803,-702.2856,1259.8226,1786.18,183.34264,1465.7192,1612.6239,-1000.9766,1476.9666,1612.6161,-30.95688
leg_up
IMG_20241017_114801_1.jpg,leg_up,2490.4543,2706.9297,25.451824,2532.619,2742.262,-41.651726,2533.7922,2750.2378,-41.7781,2535.0698,2759.1172,-41.940742,2531.9817,2739.8193,81.9002,2532.6677,2745.3455,81.87969,2533.558,2751.471,81.67557,2508.7432,2818.7148,-234.68576,2508.5872,2803.15,315.45883,2448.909,2721.2627,-39.12216,2447.1477,2717.711,122.46681,2268.862,2913.9136,-549.7917,2223.6177,2782.6907,679.14197,1923.8025,3008.059,-684.8168,1871.7417,2804.6787,871.89764,1591.3865,2969.4138,-649.03894,1596.549,2795.2234,774.041,1491.7798,2983.46,-737.55023,1497.7947,2778.9739,846.48114,1492.7,2952.8188,-670.5266,1499.7501,2765.9758,746.3039,1526.7869,2937.5767,-614.2362,1547.731,2797.4558,731.8731,1634.4537,2824.2947,-403.14285,1640.6799,2756.0698,403.6236,1506.5682,2314.4307,-542.8087,1517.0624,2300.3782,294.7732,1310.3497,1837.1415,-428.64905,1323.9965,1843.9598,404.18475,1228.4062,1792.033,-423.7949,1246.7927,1796.6378,404.17905,1413.9293,1631.842,-669.74695,1421.0785,1629.1019,228.42146
leg_up
IMG_20241017_114802.jpg,leg_up,2503.2542,2714.772,1.6664073,2543.109,2752.8684,-62.07481,2543.8083,2760.7637,-62.22768,2544.5857,2769.6206,-62.35602,2542.6418,2750.9507,61.098267,2542.9036,2756.7097,61.076385,2543.3828,2763.228,60.87403,2515.1377,2827.418,-243.95427,2515.4277,2813.2698,304.78415,2458.2627,2728.8464,-59.697083,2458.4036,2725.695,101.53917,2282.1118,2917.9822,-545.75134,2235.771,2788.4854,655.57355,1937.9272,3013.894,-716.3963,1880.4862,2816.2097,837.8281,1608.5397,2971.913,-720.83295,1609.2421,2816.779,707.1329,1509.638,2984.5007,-816.262,1514.1594,2797.2388,766.38293,1511.2632,2951.3035,-745.3727,1514.4017,2781.0605,665.09174,1545.6906,2937.0544,-686.71173,1559.8674,2807.836,663.3444,1644.8003,2838.0042,-396.7927,1650.0834,2762.124,397.47406,1501.1002,2346.1895,-646.5991,1519.526,2326.5198,92.781105,1290.061,1859.3412,-642.45966,1303.5918,1872.8292,100.770256,1193.1411,1811.0112,-649.5713,1207.5643,1825.8677,90.68362,1380.7148,1651.4989,-931.68567,1377.9945,1663.083,-124.43588
leg_up
IMG_20241017_114802_1.jpg,leg_up,2512.8157,2712.24,23.705788,2552.8943,2750.5144,-50.460503,2553.236,2758.22,-50.58838,2553.6245,2766.674,-50.77883,2552.4119,2748.0786,82.14499,2552.577,2753.346,82.14277,2552.9932,2759.1482,81.930725,2523.5432,2822.361,-262.15228,2526.0525,2807.3936,329.41156,2469.2798,2725.3267,-47.12863,2467.2769,2721.3716,126.60472,2288.4453,2912.3694,-593.49225,2239.8052,2784.748,713.57874,1936.8828,3005.8127,-732.79333,1888.6128,2812.541,901.96643,1605.4679,2970.4294,-675.12787,1614.3953,2812.7368,793.0069,1507.6324,2983.8057,-769.0291,1533.151,2796.5461,871.6407,1506.5015,2955.7869,-692.1335,1523.5679,2778.3752,766.6799,1540.366,2942.5469,-637.2893,1562.5818,2799.97,748.88635,1637.3774,2831.8518,-442.77817,1643.854,2764.0735,443.2932,1495.5098,2330.7231,-606.99054,1508.4648,2312.0144,276.2076,1269.8119,1867.1553,-491.46722,1290.6085,1873.5391,407.27106,1180.2482,1831.9209,-486.97723,1202.8036,1832.7465,409.09647,1364.4857,1646.604,-740.10205,1372.493,1657.8405,228.21321
leg_up
IMG_20241017_114802~2.jpg,leg_up,373.91147,419.7337,157.39514,372.97034,421.0545,167.57797,372.51755,421.04803,167.61884,372.00824,421.02567,167.61064,375.30774,420.38876,163.3108,375.84332,420.237,163.3399,376.32675,420.08273,163.30885,370.9953,419.1634,199.38795,377.95285,417.1149,180.55449,372.66608,417.4171,168.29434,375.0127,416.97375,162.65057,359.11493,412.52084,182.67244,384.68536,402.67828,165.43103,345.10287,427.35257,134.91173,380.32123,397.1428,107.949356,343.43323,452.99353,93.99336,363.30353,393.0267,60.898922,346.207,461.7827,82.0411,357.77255,389.6127,52.097313,347.75998,461.27982,84.91826,358.62857,391.6408,53.21551,348.3375,458.40787,93.631584,359.78387,393.01355,61.24755,357.16165,390.12473,-7.7387457,375.44223,380.499,7.7302995,353.7332,384.8524,-172.54681,385.7272,347.20563,-155.79166,359.9307,378.5496,-311.9117,380.9201,306.79517,-319.8536,358.71558,369.92548,-329.30643,372.4331,295.7301,-340.63837,368.79984,396.29507,-369.78424,396.34296,310.081,-389.73694
leg_up
IMG_20241017_114803~2.jpg,leg_up,458.16498,553.7755,10.741757,467.06815,559.79425,-8.273441,467.33472,561.0226,-8.31385,467.6828,562.43286,-8.366614,466.67017,559.9658,20.75821,466.6792,561.195,20.771845,466.7877,562.62195,20.711884,464.39795,574.22064,-64.758675,464.20676,573.8503,64.69539,449.65182,557.03345,-7.810338,448.94836,556.8712,30.166328,418.38254,590.9272,-146.01343,404.8961,575.63214,152.19289,347.90854,606.04645,-190.92564,332.5585,584.92267,194.41777,272.02356,610.38605,-189.23944,269.94034,591.6121,172.6769,249.40854,615.1767,-212.20515,252.40224,591.823,191.91621,246.17456,612.96173,-192.98022,251.14186,593.9469,168.20557,254.05638,610.02155,-180.03316,257.4749,593.7801,163.13733,276.42703,578.887,-93.06747,275.71536,569.91956,93.24992,247.57382,464.34583,-64.064926,247.36668,464.72882,96.76329,206.41237,370.6067,16.215504,207.41689,371.74612,170.62933,188.99495,362.14606,23.514526,190.49313,364.74506,175.69283,232.1948,329.22278,-13.579669,231.59142,331.22195,139.03001
leg_up
IMG_20241017_114807.jpg,leg_up,460.5317,558.8539,-5.2669606,468.49387,565.8753,-23.09595,468.58575,567.18365,-23.14087,468.7227,568.6882,-23.18432,468.53964,565.75793,4.6702228,468.67126,566.8075,4.6784577,468.858,568.0023,4.6261673,464.00763,580.2253,-73.67542,464.30634,578.7972,49.640472,451.37396,561.3204,-22.02077,451.20697,560.8714,14.248478,414.34186,596.2367,-143.18594,404.24326,576.8382,129.72238,343.8985,612.90356,-184.6741,330.1331,586.02515,161.7816,268.55728,613.88715,-179.20895,266.5554,594.34717,127.00522,247.33498,618.26776,-202.15295,249.01651,595.129,139.80829,244.34741,616.0858,-185.5653,248.82268,597.1927,116.233696,251.54851,613.51996,-171.16656,255.00038,596.81165,116.94396,271.90387,582.6925,-85.746574,271.72562,570.1999,85.9451,240.51625,469.10437,-58.140373,243.88203,467.7577,83.19806,194.27856,380.33496,15.41061,195.27647,381.0641,146.77641,173.9374,373.74426,21.53432,175.84793,375.11005,150.22282,215.10187,335.18802,-20.623571,213.2261,338.56604,110.053665
leg_up
IMG_20241017_114807~2.jpg,leg_up,459.70682,561.1201,4.252807,467.7562,568.2424,-14.453589,467.9426,569.7233,-14.502893,468.16385,571.4195,-14.550832,467.70248,568.20013,15.073026,467.84503,569.4331,15.085677,468.0326,570.847,15.036549,463.3875,582.9675,-67.36264,463.49078,581.9616,64.41311,450.387,563.2511,-13.080319,449.9191,563.1608,25.64034,415.38647,596.46625,-144.20244,403.24326,580.8763,150.71149,346.90598,614.08453,-192.23097,329.05078,588.85693,189.82298,271.71747,617.8903,-194.6434,265.0316,596.8419,159.17674,249.70132,622.23444,-218.91872,245.66396,596.92126,176.85046,246.14296,620.09,-198.25862,245.75249,598.77026,152.21684,253.70363,617.5231,-184.95297,252.56015,598.8641,149.02502,272.9953,585.0274,-91.97881,271.58902,573.605,92.184235,236.90575,474.36234,-77.694,240.42279,471.88257,84.47033,190.08452,380.4779,-14.53388,191.1521,381.21146,146.70198,172.70473,372.83618,-9.18529,174.48488,375.08484,150.51875,213.69948,339.35907,-56.91206,212.22125,340.7886,109.62845
leg_up
IMG_20241017_114808.jpg,leg_up,458.20786,561.41766,9.379985,466.83804,568.5313,-8.940624,467.0683,569.8863,-8.978185,467.33182,571.4278,-9.019423,466.6095,568.58167,21.07643,466.68478,569.7432,21.093407,466.8465,571.06226,21.051788,463.07474,582.6375,-61.244694,463.2486,581.6533,72.9831,448.26926,563.7003,-7.765631,447.76855,563.6481,31.611713,416.83673,596.52936,-139.9355,403.32608,581.6728,160.2977,348.76456,613.98456,-191.75032,331.54483,590.00494,200.65427,273.35944,617.5489,-190.16556,267.04483,598.28577,166.16855,251.4674,621.3493,-214.36237,248.16226,598.9107,183.31758,248.04906,619.5641,-192.68655,248.084,599.6771,158.6655,255.2776,617.01984,-179.94661,254.58049,599.5817,155.80914,273.57697,586.5868,-94.98785,269.8086,576.097,95.209854,239.405,474.02075,-78.91773,243.40556,473.50165,83.01882,192.143,382.84705,-1.9672947,192.85237,383.48166,150.07835,174.34953,374.91385,4.596287,175.09024,375.86703,154.30486,216.21805,339.623,-38.406387,214.44,340.0418,116.019005
leg_up
IMG_20241017_115149.jpg,leg_up,2392.1292,2810.8486,-27.569149,2431.5854,2842.9531,-92.23375,2432.3313,2851.8818,-92.22847,2433.173,2861.8042,-92.354,2432.7068,2835.207,33.795578,2434.044,2837.6277,33.647243,2435.5195,2840.2202,33.45619,2408.9946,2922.3357,-272.741,2413.164,2893.6663,296.32245,2344.8157,2828.0217,-86.10256,2345.128,2817.9126,80.30102,2183.4285,3016.9614,-609.83356,2121.8567,2878.7754,687.4494,1863.8293,3130.3982,-670.427,1802.0698,2922.0044,907.4326,1501.0566,3144.5837,-497.09344,1499.6423,2921.2288,905.6369,1401.6211,3172.306,-580.9767,1419.4276,2907.8835,1001.67346,1398.1555,3134.1982,-534.32855,1415.795,2912.7708,900.70483,1426.7946,3115.6133,-468.8593,1444.0765,2922.4968,865.90186,1589.0665,2986.175,-467.29254,1564.557,2878.9763,467.81848,1700.937,2499.7202,-551.53986,1679.1056,2452.6506,497.3804,1748.956,2036.6151,-387.5416,1780.3767,2004.5354,633.411,1750.8446,1906.9719,-376.9979,1748.2529,1916.5566,640.33563,1989.3456,1886.5867,-582.6336,1971.1265,1888.008,530.8763
leg_up
IMG_20241017_115149_1.jpg,leg_up,2401.061,2807.6445,-15.699215,2445.7568,2841.0996,-83.65425,2446.5007,2848.9414,-83.60963,2447.1562,2857.812,-83.66698,2445.9976,2835.4558,42.076084,2446.4604,2838.2156,41.977695,2446.8599,2841.1667,41.863262,2417.7622,2919.5598,-273.59378,2419.8896,2896.5686,292.75208,2350.9211,2822.6672,-77.34299,2349.887,2814.2124,88.21373,2191.314,3006.77,-592.77594,2138.8442,2876.6892,672.73944,1868.6517,3129.7751,-680.4978,1810.2023,2918.2444,938.3939,1509.1838,3154.227,-569.2461,1510.7687,2927.0635,992.5153,1402.069,3185.4023,-656.8861,1426.8826,2918.3071,1095.4348,1399.1935,3144.7566,-612.31335,1420.9004,2930.4958,994.285,1428.1626,3130.0146,-543.2573,1448.7583,2935.272,956.29987,1593.0553,2971.2847,-448.19794,1567.501,2868.361,448.46692,1742.1204,2507.7063,-556.75574,1736.9753,2442.2043,438.041,1851.8506,2021.4209,-409.5106,1859.5327,2001.8411,529.3344,1816.4182,1928.8657,-400.33926,1824.6013,1918.5924,529.7506,1961.2622,1942.8369,-610.30255,2000.3943,1852.3997,411.70026
leg_up
IMG_20241017_115150.jpg,leg_up,2414.8513,2803.7715,-114.87366,2458.014,2840.5828,-189.92358,2458.483,2847.7686,-189.88806,2459.4026,2856.1345,-189.98782,2459.233,2836.4492,-50.86387,2460.072,2839.9614,-51.003914,2460.9246,2843.585,-51.067165,2433.1877,2917.0442,-393.7076,2436.6328,2896.5107,231.48753,2370.656,2819.9177,-180.04779,2369.8564,2811.513,2.2006433,2192.17,3015.164,-718.50696,2141.804,2883.6255,655.5179,1865.2799,3128.2397,-752.58246,1802.1863,2910.1096,946.9996,1507.4608,3164.194,-539.1141,1509.5568,2897.0698,972.9688,1404.6968,3193.4553,-622.11865,1432.2551,2891.703,1076.3289,1398.2721,3155.8594,-583.43744,1427.6492,2905.8162,971.659,1427.4484,3138.8784,-512.1576,1453.7584,2910.5151,933.85693,1595.6875,2972.3599,-474.03217,1573.109,2865.1396,474.87463,1770.1667,2502.4287,-583.1941,1766.8258,2438.1348,421.7397,1885.6952,2023.851,-417.19455,1886.7756,2002.9335,548.76306,1860.9229,1915.1887,-409.70673,1861.3053,1901.2432,551.9919,2062.67,1943.3868,-667.01056,2055.8992,1879.2754,403.5937
leg_up
IMG_20241017_115150_1.jpg,leg_up,2411.0398,2817.338,15.405544,2454.7395,2853.4915,-58.910397,2455.5132,2860.4844,-58.85164,2456.3044,2868.4946,-58.943325,2455.405,2849.1836,74.08231,2456.396,2852.6787,73.972824,2457.383,2856.3464,73.87754,2427.913,2931.637,-278.31158,2430.3645,2916.1243,318.51218,2367.5176,2832.9937,-56.89879,2365.651,2825.5137,117.208015,2199.792,3016.6414,-611.3402,2143.537,2899.233,697.2329,1886.4017,3145.936,-658.7866,1810.867,2944.7712,964.7479,1517.0035,3171.932,-461.9627,1509.4957,2943.2664,1022.961,1413.9788,3200.2522,-539.4975,1427.6357,2935.0342,1124.9186,1407.7411,3164.157,-497.80338,1427.0149,2948.8784,1027.8838,1436.9138,3147.6716,-434.19412,1456.512,2955.4292,987.4243,1597.9648,2978.728,-453.36276,1574.3885,2881.7993,453.8874,1780.1967,2497.1912,-464.7545,1764.819,2460.5078,511.04916,1877.6838,2042.7981,-234.6488,1877.8281,2035.7488,693.36487,1855.7701,1928.5281,-218.15126,1857.617,1934.6743,702.4941,2045.0377,1966.5305,-415.15173,2050.6033,1902.698,593.80426
leg_up
IMG_20241017_115150~2.jpg,leg_up,350.13678,423.79013,319.27734,351.12372,422.15817,313.88785,352.23993,422.90482,313.92184,353.35944,423.58997,313.89078,348.5058,421.26825,309.1234,347.50958,421.43076,309.19553,346.4552,421.6082,309.12228,355.64474,429.86536,276.24973,350.28036,427.80917,254.75244,353.07764,428.56412,307.06076,349.69833,427.74594,300.29755,378.74805,442.98953,207.18202,341.81833,440.9142,187.15057,413.7486,446.03772,209.1938,319.18887,441.41718,151.61012,417.7435,468.88843,205.55804,314.25427,469.6656,137.04803,424.44403,479.17172,194.3746,308.8028,476.95746,133.20465,417.1773,477.28055,205.4088,314.82465,477.3587,137.39157,413.74197,472.67996,208.97574,318.32907,473.8891,139.08505,377.0104,422.99402,13.611952,355.14438,422.91663,-13.622163,373.00717,345.3971,-56.8121,358.96594,346.53717,-55.984825,365.17743,261.09113,-114.00497,359.26105,263.40323,-100.48188,362.7524,248.111,-120.21422,357.798,250.81598,-106.42206,367.48895,246.49178,-150.78406,360.94485,248.8181,-141.10107
leg_up
IMG_20241017_115151~2.jpg,leg_up,349.33633,442.09515,325.36694,354.25723,449.73993,322.7286,355.5311,450.42297,322.75235,354.8284,441.25473,322.68243,351.08545,448.48126,317.7806,349.40128,448.09894,317.86487,344.32825,438.72043,317.82034,358.88687,456.13342,299.33517,344.68976,450.28192,276.55557,353.4866,446.89926,318.9518,348.417,445.7805,311.82013,384.76285,459.87582,229.12051,337.219,455.65268,228.3412,412.63812,459.92682,214.02507,317.98422,457.45316,185.0584,417.90024,479.2029,210.40869,313.03824,482.84998,157.8884,424.2634,490.54126,200.2054,306.105,491.46744,155.88756,418.72583,490.97665,214.53801,310.92657,492.0325,163.2362,414.76675,486.24585,215.7417,314.89914,489.43393,161.3402,383.9498,446.57758,1.1530343,350.4699,445.1203,-1.2238209,374.16663,355.99057,-49.421776,353.82608,357.12485,-37.596558,369.96484,272.64124,-105.68337,351.64548,276.04504,-89.0354,367.3416,259.273,-111.61076,349.35455,261.3515,-95.96347,377.6446,269.0799,-132.70343,350.22495,266.79617,-125.40489
leg_up
IMG_20241017_115153.jpg,leg_up,469.4086,573.8203,3.1638975,477.3098,581.6752,-12.60338,477.23352,582.89484,-12.605623,477.25793,584.24243,-12.640364,477.50867,581.5902,14.678218,477.53253,582.7769,14.66108,477.6754,584.14575,14.592185,472.60104,595.6261,-64.00987,472.78976,594.7573,57.98385,460.13455,576.0576,-14.620129,460.30084,575.4781,21.14677,418.33044,608.1294,-139.57755,412.75537,592.81757,126.934906,339.04675,624.769,-153.68996,337.74304,605.19885,152.48189,260.53732,626.66656,-119.24623,272.47482,609.09564,140.48795,240.9364,627.9315,-138.77376,255.10724,605.6096,153.70671,239.7308,622.97766,-129.26845,251.75365,608.14246,136.79074,247.10565,621.13055,-113.86259,257.82465,608.6442,133.09685,284.55756,597.7976,-94.432236,285.4324,584.53595,94.47757,326.2565,490.87848,-55.2564,323.33307,490.2255,119.65395,354.24014,399.2334,36.346966,354.38025,398.80408,201.01482,352.0954,380.17017,44.459545,352.15836,382.33862,207.38733,397.78513,382.61957,12.444726,398.47104,382.92514,183.99216
leg_up
IMG_20241017_120425.jpg,leg_up,1976.1055,2684.8806,120.82006,2031.9972,2698.5195,43.215084,2035.9504,2707.125,43.33997,2040.5385,2715.7556,43.295452,2030.9855,2693.0623,176.45932,2033.6891,2697.2402,176.59796,2037.1865,2701.8123,176.58553,2057.994,2793.681,-206.2901,2050.5054,2768.501,394.9035,1942.8617,2722.5432,39.89956,1943.1873,2715.7307,214.52975,1866.5872,3014.0862,-541.51733,1808.7659,2875.739,728.2503,1473.1212,3165.9368,-604.7602,1430.4602,2931.2905,902.32184,1142.4908,3198.7861,-432.3029,1161.4598,3008.6003,802.71277,1025.7102,3244.3274,-493.86365,1070.7374,3013.0293,875.5203,1015.5489,3209.967,-436.90097,1068.8789,3023.8474,777.3208,1049.4141,3187.4646,-398.40027,1099.8619,3026.1555,763.7785,1228.3077,3031.9155,-450.04596,1211.878,2921.5894,450.0681,1204.4288,2474.2014,-503.5331,1174.5247,2430.5293,421.47235,1100.9469,1950.7637,-316.86975,1092.846,1953.481,540.05115,1008.21063,1866.6084,-299.60226,1005.2415,1874.5704,541.6627,1289.9448,1743.444,-468.30966,1281.712,1754.3636,408.16937
leg_up
IMG_20241017_120425_1.jpg,leg_up,2057.7727,2731.5483,55.992767,2113.347,2760.8945,-30.145548,2115.2087,2768.6643,-30.073284,2117.7795,2777.2227,-30.21004,2113.7278,2757.1301,112.9287,2115.7466,2761.9058,112.899216,2118.6643,2766.9497,112.74036,2108.1877,2852.2048,-304.1947,2108.141,2832.764,339.51126,2012.8702,2762.1748,-34.77073,2014.3043,2756.2397,153.15968,1871.7996,3032.818,-672.7621,1831.2152,2897.1685,738.3655,1460.4224,3169.9392,-758.9821,1428.2184,2945.4558,926.0017,1116.9966,3216.7498,-626.9418,1126.7815,3000.15,848.09705,1008.871,3264.545,-716.89825,1041.9171,3002.9568,936.3602,1000.20953,3216.1448,-653.1443,1039.57,3017.9146,830.30286,1032.7769,3190.4688,-592.6114,1067.7056,3022.93,805.54193,1215.6677,3028.218,-466.31317,1202.6636,2920.8118,466.8297,1182.6078,2471.9368,-346.4873,1148.9664,2432.2383,552.7567,1076.5171,1966.1232,66.49366,1068.4791,1961.2952,882.6987,996.67365,1903.7455,105.66402,992.32605,1893.7828,905.72845,1245.6827,1777.9722,-50.246872,1238.1143,1763.6118,762.7574
leg_up
IMG_20241017_120425_2.jpg,leg_up,2102.1606,2814.854,0.49847922,2145.3572,2855.2202,-77.144905,2145.1238,2863.5432,-77.14131,2144.6128,2872.8962,-77.31061,2146.6091,2852.7195,59.4145,2147.363,2858.1128,59.45476,2147.9587,2863.8794,59.346706,2114.8364,2936.9717,-305.83243,2120.5732,2918.635,304.10065,2051.8652,2828.5352,-75.35108,2056.2588,2824.3618,103.25235,1856.4663,3056.427,-633.79767,1830.4999,2922.8794,693.2937,1449.6398,3164.331,-703.6306,1436.6195,2959.5586,881.056,1116.3715,3215.2788,-568.9714,1119.7543,3004.05,774.2582,1003.68353,3263.009,-659.56555,1039.9071,2996.776,856.33636,998.5112,3218.221,-594.0582,1038.5557,3009.661,747.16077,1027.5122,3194.6724,-532.5658,1063.6592,3017.3857,731.8784,1214.4113,3030.0684,-447.17978,1214.5354,2929.0793,447.7706,1168.5933,2480.4753,-410.1078,1140.6758,2444.1167,449.99,1051.8663,1967.7847,-86.028015,1053.5654,1961.1248,709.83844,970.52155,1881.1746,-58.07468,978.07184,1888.5416,725.3256,1203.9727,1778.1527,-242.046,1201.7886,1778.9365,574.3974
leg_up
IMG_20241017_120426.jpg,leg_up,2120.3018,2842.3442,-7.626151,2156.3562,2887.2268,-89.5767,2155.1462,2894.8428,-89.639694,2153.5771,2903.4678,-89.85298,2157.911,2885.0593,46.129196,2157.5964,2889.8704,46.153484,2157.2688,2895.1597,46.081787,2116.0308,2957.5186,-300.63986,2121.3003,2943.0828,304.50522,2065.7834,2848.8823,-72.63919,2071.0256,2845.2854,104.70551,1869.7426,3037.1553,-612.01166,1836.9523,2920.2896,724.18604,1469.6187,3157.955,-670.8329,1449.063,2957.587,924.3149,1125.7715,3205.5703,-514.47015,1138.3787,3004.274,845.06464,1007.67017,3250.191,-591.4528,1050.0393,3000.8926,944.12744,1000.07886,3216.0842,-518.5475,1049.2987,3013.9097,834.4482,1030.6257,3193.4792,-473.8033,1076.0228,3019.9937,803.84845,1210.3748,3024.6392,-438.0612,1208.1885,2933.4375,438.84033,1146.8679,2469.01,-371.49533,1146.1792,2447.081,446.92603,1043.891,1949.715,-65.788055,1055.8267,1945.9551,709.8939,966.4761,1883.695,-39.11548,979.41254,1890.0216,726.7809,1214.8638,1738.6166,-234.00914,1218.4622,1740.3131,574.3072
leg_up
IMG_20241017_120427.jpg,leg_up,408.32205,573.0325,7.6467433,418.02548,579.22156,-10.23099,418.21848,580.79425,-10.2537155,418.41782,582.51086,-10.303686,418.36523,579.01447,17.304794,418.70398,580.21625,17.309206,419.04874,581.4624,17.247667,415.00232,596.5419,-66.13606,415.57217,593.73553,56.542233,399.0303,576.726,-10.990663,399.12323,576.37115,24.971409,364.70676,625.46985,-132.76425,356.7613,604.4669,126.97693,279.93594,644.6144,-157.2701,280.4637,624.25085,150.3946,199.65175,655.9937,-134.88768,213.6668,633.87756,125.91814,178.3254,660.4188,-151.86143,194.63693,632.189,140.60498,175.85046,656.74457,-137.48659,192.28831,634.2854,119.605675,182.88545,654.75385,-127.21632,198.41884,635.06866,117.44761,220.95105,619.2162,-83.38739,221.48822,602.7272,83.48,221.39835,498.73837,-36.50707,219.62114,497.58667,108.73718,209.16461,392.44943,54.68802,209.64415,394.26346,185.24927,197.11156,377.72125,63.280605,197.64273,379.94104,190.8538,244.37894,362.681,31.101957,242.65015,365.40924,160.74635
leg_up
IMG_20241017_120428.jpg,leg_up,413.85504,591.53394,1.7656021,422.24207,600.0377,-17.611042,422.13245,601.3723,-17.66789,421.99866,602.7918,-17.75286,422.1969,599.982,10.539189,422.06253,601.1626,10.537647,421.9564,602.4182,10.459215,415.84174,613.92957,-72.491135,416.7846,612.45306,52.3988,404.65244,592.69116,-15.350891,404.44885,592.35223,21.329433,366.30807,626.5857,-139.60083,355.82028,608.0751,133.74472,284.42587,640.43616,-165.37038,279.08524,619.64746,160.62431,200.41017,653.89386,-151.48766,210.06693,631.0199,143.84026,176.2489,662.6747,-172.23715,191.8495,628.5476,161.02272,172.96129,657.8545,-158.66046,189.69789,630.4603,140.01086,180.49475,654.73615,-144.43784,195.56833,631.69556,135.43976,220.38982,613.3542,-82.85817,219.3104,600.9198,83.046646,211.28352,494.97324,-34.721043,210.10492,494.1421,115.38614,198.97803,392.54364,59.408237,198.00404,395.153,196.42949,186.4433,377.02063,67.94851,185.41252,381.7435,202.31448,229.74854,364.79932,32.36737,226.9085,366.21338,170.98178
leg_up
IMG_20241017_120429.jpg,leg_up,417.08487,590.85065,-6.096895,424.92117,599.99,-27.099136,424.68417,601.41223,-27.16037,424.46866,602.9685,-27.247885,425.0379,599.8743,2.4603324,424.88705,601.03394,2.4666083,424.7873,602.30896,2.4089572,417.3277,613.7147,-83.77688,418.59598,611.8405,47.71269,407.24307,591.8055,-23.331278,407.64764,591.52106,15.216512,365.7482,625.07245,-150.80174,359.36887,607.05524,137.85323,279.55777,639.02106,-172.61797,277.35645,622.1567,168.51933,197.00891,651.75757,-146.05562,204.35915,631.4159,147.98694,173.6954,660.0164,-165.1857,184.91315,629.24554,167.17886,170.9731,654.95807,-149.90451,182.47905,631.83826,144.90244,177.76114,651.9046,-138.02475,189.56958,632.2566,139.18634,218.92267,612.3662,-88.014305,221.11992,598.34235,88.20047,209.34181,494.0744,-37.759335,209.55754,494.0061,136.72603,195.27765,395.07547,66.72309,196.5492,395.86246,218.981,187.73924,381.24332,76.49699,188.28575,382.9132,224.8912,220.18404,367.3441,44.091427,221.3731,368.38364,196.5321
leg_up
IMG_20241017_120446.jpg,leg_up,2064.9475,2913.4336,154.26584,2106.7722,2952.2073,74.397514,2106.5354,2961.627,74.32632,2106.0376,2971.1404,74.12503,2107.5837,2946.6138,208.08923,2107.8865,2951.5928,208.05417,2107.9814,2956.5283,207.7707,2074.5732,3036.9507,-143.25446,2074.1157,3014.9897,447.24673,2009.6036,2929.7224,85.03313,2009.3826,2923.6194,258.54498,1837.178,3137.058,-468.86752,1758.4419,3019.9675,827.57495,1509.5839,3293.9546,-624.0163,1400.6201,3090.293,1011.89026,1127.1273,3315.671,-625.1674,1102.7695,3137.207,882.6407,1016.1808,3353.4749,-721.30865,1010.0827,3149.411,952.4484,1009.6695,3322.4878,-654.98376,1017.5954,3165.491,841.06494,1044.5356,3304.1228,-589.44574,1052.0942,3161.4312,836.69025,1146.2983,3124.5732,-431.2018,1114.1625,3042.1309,431.88348,1038.121,2507.5254,-493.04013,1017.6231,2512.6802,364.9865,699.1348,2039.3329,-305.85953,717.01483,2058.6738,449.25006,613.4993,2001.3156,-286.78732,591.9077,1996.4696,450.17758,824.6341,1805.7285,-434.74246,820.605,1814.9639,321.42245
leg_up
IMG_20241017_120447.jpg,leg_up,1966.0781,2886.9324,-189.35117,2022.7683,2905.724,-198.70747,2026.6489,2918.782,-198.72511,2031.7509,2934.6484,-198.8237,2017.1868,2883.8213,-117.53522,2016.5745,2880.671,-117.48955,2016.486,2877.892,-117.53847,2040.7423,3005.6704,-114.93626,2020.0979,2919.8838,247.4166,1923.9762,2935.8838,-144.21545,1919.9292,2905.4849,-39.04178,1846.3087,3126.882,-402.63516,1778.4017,2998.0432,734.3663,1507.3024,3308.7312,-643.3793,1449.6896,3128.9138,1036.8602,1120.9526,3333.0828,-675.9642,1144.4469,3161.1545,1094.4152,1008.85645,3355.517,-752.30457,1058.0632,3166.6697,1174.4165,1003.33136,3317.8196,-694.6875,1053.2833,3181.0227,1096.3435,1040.3412,3303.253,-644.17377,1085.7704,3179.651,1068.2949,1149.4359,3145.0454,-419.50946,1142.16,3038.853,419.64996,1094.8298,2515.66,-591.6902,1069.6465,2511.5662,259.06946,796.7927,2010.8207,-582.6292,806.9671,2027.005,171.0605,695.8941,1952.2543,-578.7077,714.39575,1979.457,155.47357,932.8046,1771.731,-770.3359,929.9096,1802.1595,22.190577
leg_up
IMG_20241017_120447_1.jpg,leg_up,2005.5419,2854.4048,170.41325,2055.7512,2879.776,100.27759,2057.6785,2889.4473,100.29284,2059.8596,2899.7898,100.16384,2055.5095,2873.7087,231.10991,2056.6162,2877.3955,231.27126,2058.2795,2881.3633,231.1974,2052.777,2980.8667,-121.00237,2051.2761,2948.7122,461.226,1952.096,2883.7786,96.780106,1952.8672,2876.3123,266.86404,1836.9937,3108.0598,-489.36188,1774.1332,3018.3884,824.8986,1497.547,3304.5603,-651.7601,1445.4136,3164.3296,981.91846,1100.398,3329.509,-604.1524,1137.8251,3197.2205,822.8976,994.2815,3352.3762,-700.12115,1047.1312,3198.0112,886.1199,988.6085,3313.0525,-626.71436,1038.58,3203.6438,781.0926,1022.2156,3300.7412,-564.7018,1073.0728,3201.0632,779.06067,1159.1777,3133.9211,-455.0645,1148.9348,3048.1343,455.16574,1161.452,2488.573,-498.10388,1139.9784,2499.4458,378.3326,904.06903,1989.7083,-227.35457,903.86914,2023.2966,560.47034,835.40906,1912.2019,-202.22432,833.33685,1963.1692,565.54205,1039.778,1772.3556,-365.6311,1021.8972,1803.3191,418.49918
leg_up
IMG_20241017_120448.jpg,leg_up,400.06345,584.55927,24.17217,410.48227,588.6926,6.1084785,411.13522,590.59515,6.0958223,412.10236,592.6999,6.0629215,410.3163,586.4844,34.106163,410.74677,586.6036,34.11477,411.36316,586.6888,34.06474,413.1255,607.94073,-48.33049,411.6532,597.9707,76.57784,390.52975,591.62305,6.3369102,390.17813,588.6575,42.94786,368.79517,632.48663,-132.67195,356.16223,614.63635,163.42245,290.80365,658.84045,-171.66762,276.01004,636.0319,203.3451,203.8954,667.79004,-169.5129,203.9657,647.0348,179.57611,180.54837,675.55237,-192.43556,183.03798,646.6057,194.35844,176.97517,669.0492,-176.36105,181.49779,650.69385,172.1304,185.69008,665.6006,-161.37463,189.4411,650.08777,170.40007,211.31284,628.08105,-93.83312,212.31186,610.7944,93.90489,210.41629,491.6522,-59.190704,209.27861,494.2985,96.01869,154.47786,396.4517,37.49692,156.58716,397.9046,175.19658,134.9782,386.27722,47.23231,138.90945,390.322,180.57042,164.67906,342.76096,21.199306,174.07895,352.50296,151.44016
leg_up
IMG_20241017_120450.jpg,leg_up,2032.7278,2914.5022,-108.05141,2082.1357,2954.2864,-128.70604,2083.3623,2967.779,-128.78995,2084.8457,2982.552,-129.06166,2079.5352,2932.2886,-30.949995,2078.514,2930.0225,-30.84232,2077.6118,2927.872,-30.886791,2062.7852,3049.4429,-115.95915,2058.7527,2977.559,320.24524,1977.3224,2945.66,-92.632835,1978.7212,2920.1516,34.329872,1828.6775,3156.783,-467.23688,1765.1486,3016.2454,821.29767,1479.7306,3324.3164,-679.0831,1415.5762,3109.5164,1116.2091,1094.429,3340.9587,-643.82697,1122.9464,3159.7288,1092.6647,993.782,3367.4946,-707.47784,1037.0789,3165.338,1185.4575,986.62933,3341.354,-640.3893,1040.3418,3175.4082,1102.4938,1021.7578,3327.2837,-604.67,1069.3456,3176.4146,1061.6578,1146.5137,3168.8965,-451.63174,1119.0028,3059.5413,451.8644,1113.0873,2525.2515,-567.44794,1080.56,2516.8596,417.5293,797.1147,2037.3182,-395.94818,794.19476,2044.383,445.74344,695.43317,1961.4052,-376.31522,694.38135,1985.4755,439.9076,920.3423,1779.8456,-546.733,903.20325,1802.2865,316.22595
leg_up
IMG_20241017_120451.jpg,leg_up,421.37582,601.0284,10.745376,428.4844,610.22516,-10.335668,428.06754,611.5526,-10.362939,427.70935,613.10596,-10.418299,428.97864,610.4441,22.13804,428.92365,611.7663,22.131344,428.9722,613.25995,22.051474,419.89572,624.1007,-70.14748,422.03558,623.5919,73.27592,410.9954,601.1615,-8.964545,411.42932,601.2521,33.22704,362.4244,632.822,-155.72697,357.29364,621.1628,164.53593,280.62308,657.6743,-193.55455,275.6041,639.2623,195.1072,197.3631,669.01624,-187.92613,205.45728,646.3751,164.01476,174.3619,674.1053,-216.50713,186.79431,644.5453,176.74629,172.04675,669.55884,-202.30867,183.82004,649.0619,153.079,179.7256,667.2842,-180.82956,190.50214,649.3852,153.69753,209.60979,625.1828,-106.49217,214.14673,611.8439,106.637314,219.48174,490.0607,-75.19129,218.99623,492.98148,83.25897,165.96193,393.26978,26.28922,166.77315,396.48157,177.87044,148.07764,383.75397,36.548405,150.93394,387.6119,185.05301,180.91093,344.04163,6.0234976,181.58246,348.95755,158.27905
leg_up
IMG_20241017_120508.jpg,leg_up,2164.3765,2672.0842,118.461494,2214.734,2636.6387,82.5051,2227.9763,2640.46,82.428276,2242.574,2644.437,82.19327,2199.5046,2628.9412,187.0314,2200.8208,2626.9482,187.25383,2202.3418,2625.7683,187.24509,2315.3765,2688.7952,3.4392712,2252.1975,2662.72,482.23047,2183.063,2726.588,97.8424,2162.2659,2717.2932,237.47984,2291.6487,2982.1196,-288.5128,2152.4412,2810.9897,734.4005,1935.2616,3187.8591,-432.58868,1796.1243,2943.295,832.4119,1561.6332,3206.412,-440.45465,1498.1627,2924.349,644.9675,1444.538,3243.711,-522.55035,1418.8408,2874.3162,658.8967,1437.3633,3194.7688,-488.8364,1428.1381,2868.9238,563.448,1475.379,3175.2505,-419.0982,1453.0793,2873.2678,600.2992,1604.7463,3110.5303,-390.47443,1575.3076,3006.0857,390.95468,1464.8052,2476.4414,-523.6088,1464.401,2432.0884,217.36275,1107.9156,1930.9435,-598.23035,1114.3384,1932.0348,107.047356,1010.13416,1872.6459,-595.55444,1018.1587,1880.2482,86.85264,1254.1102,1706.898,-758.3357,1254.1621,1702.9551,-81.43615
leg_up
IMG_20241017_120508_1.jpg,leg_up,2135.745,2703.6047,140.96292,2175.405,2664.2021,96.53178,2188.9597,2665.4287,96.32227,2204.2734,2667.1655,96.16168,2162.6655,2661.2507,205.06996,2165.3235,2659.997,205.49747,2168.5532,2659.803,205.58803,2281.5923,2697.532,-31.696974,2224.9985,2685.0127,467.00195,2162.5295,2755.6084,100.31458,2145.8127,2750.9841,245.41832,2295.4426,2976.5251,-358.80374,2152.6697,2846.68,720.3602,1944.7513,3166.8352,-540.3006,1788.129,2987.884,871.85626,1571.6628,3221.914,-498.68314,1448.394,3008.274,735.3797,1458.4819,3252.1917,-554.955,1367.9879,3026.2998,772.85474,1449.4597,3217.2314,-507.06848,1368.5219,3016.0728,672.8222,1488.18,3199.1772,-467.83652,1399.9149,3009.6804,692.312,1611.1676,3109.4836,-393.76718,1572.5098,3028.9895,393.82565,1434.2435,2513.6165,-575.5497,1441.6522,2476.3418,236.33237,1085.4363,1996.8583,-705.02924,1101.5884,1985.3615,91.489624,986.0123,1958.8442,-708.57074,999.7632,1941.447,61.9636,1183.117,1745.6254,-884.5223,1197.6288,1752.6038,-124.50619
leg_up
IMG_20241017_120508_2.jpg,leg_up,2109.838,2715.5107,248.3388,2155.3962,2674.766,205.23949,2169.5398,2676.6692,205.0274,2185.3423,2679.9417,204.77005,2140.707,2671.4644,307.51407,2142.5242,2670.207,307.9597,2144.6533,2669.816,307.99988,2256.8904,2714.0479,84.67862,2199.6858,2696.7917,552.6823,2138.6982,2770.0845,211.65627,2120.8345,2766.0925,347.90405,2267.5137,3012.088,-247.62932,2144.5352,2863.925,773.2759,1920.8248,3197.6948,-388.43518,1790.2776,3006.025,890.6592,1551.367,3245.1445,-325.0997,1515.1498,3058.0034,795.2953,1432.9104,3295.3206,-378.16956,1409.4855,3083.3293,834.6618,1416.2112,3258.121,-332.60062,1403.1034,3071.0408,750.5764,1458.2053,3230.0574,-296.02158,1436.9935,3064.902,760.0789,1569.5819,3111.2463,-396.10645,1555.5579,3020.189,395.8398,1411.1649,2483.728,-528.41876,1424.1093,2459.5251,185.26833,1033.7415,1991.0581,-618.5322,1052.6025,1994.3835,92.46411,930.36145,1948.1798,-614.66473,953.3088,1953.5118,70.774704,1157.6483,1725.7902,-734.9926,1174.612,1748.1837,-88.20101
leg_up
IMG_20241017_120509.jpg,leg_up,2503.6267,2876.8113,-135.49138,2556.7615,2916.628,-175.95126,2557.3958,2929.4739,-176.11642,2557.9387,2943.5525,-176.24326,2557.1392,2899.6104,-77.481224,2558.7695,2899.8625,-77.45969,2560.8098,2899.8542,-77.69782,2536.4077,3010.9216,-216.48106,2543.463,2950.6587,217.77914,2446.8516,2905.4434,-139.14423,2450.2756,2886.5967,-11.174883,2312.056,3111.6377,-520.0397,2246.4265,2958.1147,674.8191,1929.6277,3218.621,-692.9626,1864.1615,3031.2488,885.45325,1556.6396,3239.638,-718.3898,1543.1866,3064.983,770.6315,1440.096,3281.26,-797.173,1450.475,3070.2295,832.35455,1431.8827,3252.8323,-736.7393,1455.6577,3088.6152,744.7093,1468.0612,3229.9941,-685.53455,1494.4666,3086.4055,735.2321,1531.6199,3087.2036,-410.1879,1525.5251,2990.6045,410.6921,1414.3282,2461.3835,-601.405,1436.7004,2428.555,145.09183,1030.3176,2007.8673,-520.4239,1049.4875,2004.045,190.12325,924.04047,1966.3313,-514.84204,943.72986,1959.8044,183.81485,1112.5724,1749.4425,-726.7868,1134.6714,1733.013,37.404816
leg_up
IMG_20241017_120511.jpg,leg_up,512.52936,581.197,23.512186,524.1973,585.2013,6.565459,524.9383,586.6757,6.53198,525.81323,588.265,6.481442,524.33777,584.69006,35.913956,525.1593,585.7275,35.93354,526.1045,586.80774,35.873283,526.73016,604.63586,-52.114445,526.13947,600.85034,79.92247,503.47623,587.8777,2.8740585,503.17627,587.2102,41.59968,479.63306,640.68463,-137.69727,464.7851,622.4884,150.51064,393.5081,660.58435,-176.93733,379.9264,637.8488,176.0403,308.66895,667.78064,-174.82887,312.1807,646.4266,150.16042,281.63257,673.14246,-195.99753,288.14667,650.3321,164.47723,278.39578,668.2338,-180.51329,285.8178,651.5712,142.18158,287.32947,665.9304,-167.2523,293.90225,650.20013,140.51883,320.54825,641.1502,-97.67441,319.45233,625.01056,97.68436,293.07642,500.7403,-73.81312,300.12976,497.22766,83.29311,223.28363,393.98776,5.12519,223.54063,394.13873,154.95303,203.32089,380.7191,12.60597,203.86311,384.10608,158.76657,254.63928,346.52127,-27.355453,251.91667,348.48022,114.55399
leg_up
IMG_20241017_120512.jpg,leg_up,528.99084,617.7657,-26.816105,540.6277,624.63715,-40.05224,540.84143,626.48047,-40.124752,541.11444,628.59076,-40.225597,540.91925,622.8172,-16.294529,541.3555,623.1964,-16.291569,541.8746,623.55304,-16.351048,538.30383,641.7066,-64.89415,539.12866,634.29407,40.444008,517.87384,622.37646,-33.03744,517.9234,619.63354,-1.9698918,486.3423,648.1827,-141.72803,473.74838,634.9438,140.77756,399.2583,663.63696,-179.93965,386.8296,641.3165,173.9461,307.57004,667.3386,-168.93845,312.576,648.1409,154.708,282.93378,672.88074,-189.03069,291.1357,648.7944,170.28653,279.88614,668.59656,-174.41942,288.78802,651.1687,151.34471,287.91592,665.62585,-161.05904,296.19342,650.2329,146.84134,316.79456,634.63165,-91.86216,318.85928,623.80164,92.08414,293.5951,495.3887,-55.031017,300.13596,495.11557,83.920616,226.62259,394.4583,27.296656,229.02007,396.8235,167.2854,209.92435,385.86807,35.105083,211.30632,389.78677,172.60202,258.95132,349.493,-6.547533,257.3225,350.32584,134.2771
leg_up
IMG_20241017_120513.jpg,leg_up,537.31177,610.97516,12.077988,547.7179,619.0002,-8.476663,547.9786,620.1417,-8.531094,548.29913,621.30945,-8.592943,547.46136,619.1502,21.904865,547.52045,620.33484,21.885637,547.6505,621.47253,21.785494,543.1353,632.696,-64.702255,543.1225,630.5364,68.72021,526.07324,613.36053,-6.2321796,526.0197,613.25775,33.120804,487.81604,645.4289,-151.66232,473.92065,633.2612,159.89491,404.03464,663.1209,-192.07138,389.25552,640.8663,191.45111,317.60553,664.54236,-193.67874,317.27765,643.6509,163.28255,291.3199,672.0325,-219.07707,294.8998,644.9648,176.1426,289.25137,664.61334,-206.31912,293.8556,646.3779,151.97168,297.94382,660.1334,-186.72252,301.96936,644.52045,152.79805,313.51804,635.6188,-99.767876,314.51715,624.4691,99.95119,288.67447,495.83157,-67.57998,295.95175,496.74994,73.38084,209.35944,404.65976,12.887957,214.02155,407.17505,149.92552,185.78363,395.27753,20.672344,191.03639,398.88443,154.61401,230.8888,352.28946,-16.19307,231.54175,354.47134,117.27633
leg_up
IMG_20241017_120540.jpg,leg_up,2286.3708,2531.4175,180.63829,2339.1902,2548.989,124.72112,2344.6333,2560.378,124.8724,2350.2927,2572.1638,124.787,2336.2578,2533.651,248.91505,2338.9514,2533.4165,248.9777,2341.6985,2533.3828,249.07556,2363.8652,2640.5864,-22.17393,2351.61,2593.4653,541.89905,2252.2427,2573.0347,137.04381,2249.2893,2552.186,300.24292,2172.8943,2804.487,-341.76462,2120.2534,2666.8955,856.7128,1783.2062,2917.124,-443.43762,1774.7662,2724.0222,1099.5006,1474.1534,2872.417,-275.8429,1508.5249,2746.9497,1095.3228,1367.4828,2887.8933,-329.8946,1421.1139,2756.4265,1170.4111,1371.6296,2851.7485,-272.19125,1417.9011,2767.2246,1088.8381,1400.3029,2840.1125,-241.01646,1449.048,2761.582,1064.26,1567.7455,2733.361,-444.40543,1571.2452,2640.5542,444.39435,1701.8599,2157.6653,-568.25037,1683.0028,2125.8108,324.03235,1653.3612,1558.4451,-519.98895,1645.832,1580.9835,334.72656,1607.5941,1459.5303,-511.57727,1582.4144,1491.5339,327.50073,1873.3129,1419.3403,-719.0583,1858.1982,1441.977,161.83647
leg_up
IMG_20241017_120540_1.jpg,leg_up,2266.9102,2528.7173,177.04865,2317.9368,2543.1575,122.55784,2324.6255,2554.304,122.66477,2332.5461,2566.8035,122.548676,2314.0867,2525.9316,248.01091,2317.1348,2524.4304,248.06277,2320.739,2523.276,248.1568,2351.4963,2628.7,-4.46918,2335.297,2574.895,565.29193,2235.156,2573.5999,144.107,2230.2297,2550.023,308.79462,2176.8804,2793.0044,-356.07034,2119.678,2657.3442,940.74585,1802.584,2905.93,-513.0797,1774.7891,2716.823,1278.6293,1479.2567,2879.789,-379.0412,1512.1592,2744.256,1371.5388,1373.5625,2899.9111,-438.788,1434.9785,2737.235,1478.0385,1377.8591,2863.4883,-369.60623,1437.6328,2741.4841,1390.9575,1410.3322,2849.6624,-339.7778,1464.5852,2742.4792,1341.0164,1560.5856,2750.4358,-481.70145,1565.6357,2660.8018,481.85773,1650.5012,2162.9658,-662.8649,1633.6277,2131.761,333.49268,1550.0848,1575.1443,-683.90955,1545.1616,1592.6753,309.69272,1485.9794,1486.7052,-681.06635,1469.882,1516.0914,302.6363,1748.32,1406.1068,-909.4218,1738.4161,1424.3806,141.03806
leg_up
IMG_20241017_120540_2.jpg,leg_up,2238.8887,2522.967,86.64119,2296.0686,2531.426,35.79005,2303.2668,2541.8228,35.808,2312.111,2552.0012,35.65282,2290.6025,2517.6653,154.70576,2293.271,2517.5732,154.90834,2296.0964,2517.77,155.11838,2340.1487,2615.4165,-93.62662,2315.7334,2573.4587,447.2526,2213.2036,2568.2686,50.443047,2203.7249,2550.1196,207.18448,2174.4717,2809.0293,-428.58673,2113.195,2656.1567,791.3308,1808.6465,2927.5015,-604.69574,1771.3889,2709.005,1136.5569,1480.802,2896.9395,-442.06125,1520.1301,2746.929,1244.4503,1366.1088,2909.7222,-493.90057,1436.544,2746.2083,1334.5353,1371.7363,2873.7637,-429.77228,1426.3525,2738.6626,1250.3629,1407.4847,2861.8174,-403.58368,1457.2881,2740.1614,1214.3546,1551.7965,2746.6646,-460.85657,1556.138,2641.7505,460.87836,1530.6647,2182.3323,-674.7291,1530.6482,2152.3489,162.51096,1353.6068,1642.1204,-707.85333,1369.1663,1637.7744,134.88002,1263.2253,1571.4305,-705.9939,1276.8701,1577.3452,123.42133,1514.0402,1435.9153,-919.13983,1518.136,1454.464,-63.086254
leg_up
IMG_20241017_120541.jpg,leg_up,436.22604,512.25354,52.776417,447.6902,513.63464,37.271584,448.84735,515.5668,37.284298,450.1577,517.4366,37.26012,446.96088,511.74884,64.139015,447.32898,511.9574,64.1679,447.80093,512.1967,64.166595,454.82584,531.3103,-13.113023,451.94412,523.7653,108.6603,429.89795,521.33386,36.3263,429.43433,518.2374,71.64818,418.23462,563.98456,-92.485435,407.90698,542.30206,176.06985,339.13617,583.16406,-122.64509,336.08066,552.57965,207.42395,265.27896,585.7646,-106.01396,274.9793,564.70715,190.15115,245.07457,594.09515,-121.76162,256.29306,567.2141,205.9321,242.43158,589.1356,-106.51379,254.2392,569.7879,187.52884,248.97778,585.7618,-98.10556,261.97302,568.2767,182.6686,285.1784,550.6007,-91.378975,286.8493,534.551,91.36231,305.78735,426.6243,-82.24001,303.5529,428.02448,94.14023,287.52444,325.48218,-20.763096,288.74893,327.4244,144.19714,274.80725,308.6022,-13.831933,276.37024,311.90576,146.89766,319.0496,286.26114,-40.674164,320.12766,290.67004,118.90707
leg_up
IMG_20241017_120543.jpg,leg_up,442.2806,513.7365,48.779762,453.83978,517.40955,33.767143,454.39426,519.0943,33.75616,455.01846,520.70123,33.725536,454.00858,516.5423,59.86666,454.55185,517.47424,59.896523,455.27115,518.4268,59.885933,455.70517,534.5038,-16.610289,455.8631,530.36945,100.39829,434.27002,519.8347,32.116085,434.3207,518.36115,66.23023,417.439,564.7135,-97.45494,408.03848,546.77496,169.93288,342.94897,585.598,-142.3109,337.36908,557.2334,199.0024,270.53015,587.945,-137.0813,279.3918,564.2227,167.01942,249.1184,593.6688,-157.16911,261.08337,565.3918,180.91399,247.5672,588.6652,-138.34325,260.0641,566.9211,159.61703,255.11218,585.3606,-128.0805,267.05585,566.1709,157.95312,282.59174,554.56415,-92.247955,283.79797,541.6134,92.3162,265.11343,431.7889,-84.77208,267.84946,434.12958,73.54445,224.61432,329.4941,-32.292458,227.4499,331.97702,123.42042,206.9746,317.47824,-27.211788,208.98286,320.6343,126.04313,250.72969,287.17908,-65.893906,251.77844,291.08325,86.7557
leg_up
IMG_20241017_120544.jpg,leg_up,470.849,541.6398,37.574455,477.76453,549.60095,18.438627,477.51895,550.8768,18.420551,477.26898,552.2476,18.37325,478.11487,549.64404,49.392574,478.0682,550.8374,49.41616,478.00262,552.0967,49.387074,470.31952,563.57,-40.86119,471.2735,562.36554,97.75558,459.3503,542.6084,18.071552,459.68112,542.39215,58.57823,421.466,571.4873,-122.09024,413.41223,558.675,180.043,346.66928,585.17285,-159.03273,342.19373,565.88696,222.86426,270.02432,588.7719,-144.5366,275.5063,573.01404,206.49081,249.34537,596.16595,-163.98341,257.4082,572.89954,230.4531,247.40018,591.17163,-143.07864,254.56775,576.2762,206.48587,254.61647,588.4062,-133.71098,261.42358,575.6754,197.57889,287.18637,549.13586,-95.902824,288.56113,537.97845,96.06484,303.6114,426.01978,-80.91233,300.64703,429.53076,100.765915,287.67474,322.83923,-13.88351,288.40814,325.192,160.1785,275.91513,304.6128,-7.434405,276.8618,307.7905,164.4697,325.11337,287.10623,-46.74197,325.70383,289.10928,129.45776
leg_up
IMG_20241017_121325.jpg,leg_up,2381.2656,2740.7556,63.527042,2421.1028,2778.2031,-13.789229,2422.2607,2786.5269,-13.853734,2423.2756,2795.8118,-14.015091,2420.6199,2774.4724,123.185165,2421.375,2779.1152,123.148506,2422.1638,2784.4326,122.829636,2393.8386,2855.6414,-225.95743,2395.5771,2835.9873,384.33115,2339.6733,2754.8218,-4.129167,2339.6167,2748.1375,174.73502,2183.425,2956.653,-601.4412,2131.819,2795.1555,825.933,1856.9095,3043.818,-790.8311,1782.6184,2814.2942,1040.1111,1519.6901,2992.6492,-798.8915,1500.4255,2808.3792,919.27405,1429.4341,3001.1772,-906.0701,1403.5659,2811.9604,1000.6925,1421.1224,2976.7336,-829.4393,1396.7236,2802.3962,899.10345,1451.2792,2966.8384,-759.1081,1434.5004,2808.7246,876.6124,1513.219,2872.7964,-482.12845,1509.4338,2786.9102,482.70038,1496.2085,2309.0845,-557.4791,1493.8124,2300.16,366.08432,1249.5664,1867.4324,-317.56506,1257.2683,1876.9945,590.74414,1167.0259,1809.833,-296.84058,1174.7942,1829.1323,603.6717,1412.4926,1690.1602,-493.281,1412.8612,1681.2239,481.0816
leg_up
IMG_20241017_121325_1.jpg,leg_up,2365.5764,2735.9495,30.861063,2406.336,2772.5364,-45.897396,2407.3813,2781.1016,-45.930584,2408.631,2790.527,-46.065132,2407.4216,2768.2603,88.46873,2408.9238,2772.278,88.42723,2410.6133,2776.7615,88.1116,2382.5146,2849.8484,-252.21278,2386.562,2824.215,347.4781,2320.7402,2752.9712,-32.993507,2322.6223,2746.623,142.72067,2175.715,2948.916,-615.59515,2126.4285,2798.5317,802.9704,1846.4171,3039.4358,-778.3262,1779.8762,2808.4807,1045.1875,1511.3905,2996.2844,-781.5189,1504.2971,2812.6772,938.7246,1415.3179,3007.1987,-885.88464,1411.517,2807.701,1023.7604,1409.1221,2984.3381,-811.734,1405.0961,2793.4592,923.67896,1439.602,2974.9558,-742.67035,1442.1166,2800.3506,897.71246,1511.0259,2865.081,-481.59824,1515.5685,2775.4465,482.10834,1496.011,2322.3047,-550.08435,1491.8363,2308.0337,358.8613,1260.7144,1866.9543,-292.69205,1266.8899,1875.499,610.7215,1172.904,1810.995,-269.3454,1183.1934,1823.3732,627.3781,1414.9095,1671.9448,-457.17557,1344.4956,1602.3823,513.418
leg_up
IMG_20241017_121325_2.jpg,leg_up,2375.2117,2732.3884,63.85743,2413.8892,2767.806,-15.999411,2415.1597,2775.9165,-16.07899,2416.51,2785.2412,-16.279348,2414.0742,2764.2656,122.35932,2415.3352,2768.9238,122.31927,2416.7017,2774.3494,121.927765,2391.1567,2847.435,-247.29251,2393.3914,2828.3665,372.04633,2333.4644,2749.7441,-11.538804,2333.8052,2743.3726,169.95944,2185.5667,2959.6536,-633.3601,2139.4714,2805.1077,800.4056,1852.9197,3039.6343,-876.6135,1795.256,2820.435,1008.3805,1525.0908,2988.3616,-949.77576,1522.3073,2820.2488,890.41974,1436.2454,3000.2795,-1070.2275,1421.2601,2823.4485,968.12213,1428.9236,2977.3772,-989.56134,1405.3713,2807.0378,865.653,1458.7646,2965.9355,-911.3827,1442.4952,2815.3145,847.1307,1518.7068,2864.9556,-469.6286,1519.5364,2779.7205,470.26022,1480.3438,2301.4993,-473.06143,1477.7733,2301.6157,376.61465,1264.7965,1857.9299,-193.62767,1266.9218,1861.6633,634.53174,1182.8329,1796.079,-166.871,1185.8496,1809.325,650.7725,1431.8104,1678.7004,-354.74182,1423.5162,1683.1299,508.44385
leg_up
IMG_20241017_121326.jpg,leg_up,2374.341,2733.375,-15.913695,2414.7666,2769.9888,-96.2961,2416.0635,2778.3687,-96.39411,2417.4316,2787.713,-96.55224,2415.6118,2766.5686,40.10439,2417.3506,2771.4475,40.04495,2419.0896,2777.0266,39.72378,2392.1304,2849.1812,-305.9561,2394.9534,2829.4644,304.38263,2334.531,2749.3323,-80.8258,2335.5713,2743.3486,98.03415,2181.3472,2949.2664,-660.5864,2132.9766,2801.2554,766.2054,1855.9338,3036.8457,-854.50854,1786.257,2805.6294,992.5605,1528.529,2989.0771,-894.50336,1512.7316,2795.1338,860.9398,1438.4272,2998.458,-1009.04535,1420.5126,2789.6917,937.4711,1432.3384,2974.1882,-936.93225,1414.752,2782.0488,835.2341,1463.287,2963.1455,-858.10834,1450.696,2789.2668,817.28204,1514.2981,2866.9688,-473.70038,1514.7318,2778.8643,474.35095,1478.9708,2319.5176,-530.9211,1475.3799,2318.2935,407.8204,1238.7203,1881.5259,-268.44183,1237.2169,1883.2262,631.086,1149.2234,1803.5403,-246.14594,1146.4857,1812.0787,642.6798,1371.8728,1687.5605,-456.86472,1366.626,1677.7217,497.88403
leg_up
IMG_20241017_121327.jpg,leg_up,471.79935,606.00806,-3.9039245,480.6578,613.5503,-23.53402,480.73074,614.9819,-23.583694,480.83908,616.4548,-23.650349,480.88297,613.29663,4.563615,481.09872,614.4591,4.5592446,481.3575,615.67377,4.4811416,475.87814,627.97034,-77.55504,476.45886,626.53534,47.284943,462.6544,607.49133,-21.146118,462.47943,606.6677,15.521006,430.02325,642.14465,-154.21957,419.96307,621.1494,137.68076,354.19333,658.20984,-183.13124,346.97488,633.57294,173.03276,283.06708,658.3652,-162.30188,285.80856,637.28955,147.57185,262.7318,661.21704,-183.84837,267.80032,637.2976,161.76834,258.7552,659.00934,-169.58463,267.86484,638.8133,140.17014,265.83963,656.92847,-154.52063,273.6441,639.1601,138.43916,280.5162,629.30225,-94.55199,282.1719,615.56683,94.72603,280.55948,508.04816,-52.810745,281.5235,510.04416,105.26702,239.28291,417.19257,40.24427,241.678,421.86163,183.20557,221.70258,401.2885,48.87772,224.37108,408.43973,188.10231,269.3997,386.20288,19.895931,267.50168,387.53674,160.95384
leg_up
IMG_20241017_121329.jpg,leg_up,474.7246,610.79565,-3.119125,482.1191,619.1561,-24.31305,482.01614,620.5064,-24.367342,481.9249,621.98737,-24.434015,482.36237,619.21967,5.439749,482.40387,620.4932,5.4437456,482.43613,621.8873,5.3878837,475.6972,633.0188,-78.456535,476.27377,631.3745,53.74533,465.33902,611.525,-19.813507,465.47867,611.1489,19.00319,429.95032,642.19434,-154.46535,419.0601,622.7344,149.08699,360.05795,661.6377,-198.88475,346.783,635.59143,189.76373,289.44818,663.0197,-194.52046,284.41138,639.64636,165.3035,266.03363,667.1164,-217.0934,264.88834,640.24835,181.25499,262.00302,664.49786,-201.21935,264.1145,643.2904,158.58606,269.743,661.75745,-186.13553,271.3263,643.0862,155.75493,280.32776,631.86884,-93.2176,277.52945,617.6371,93.50084,272.2662,509.12686,-58.76721,272.6432,510.1574,100.86573,220.49957,417.4273,35.060177,223.38074,419.3578,169.54758,204.97044,407.41135,44.276875,208.0917,410.5428,173.64113,257.99768,384.74738,15.532546,254.6097,388.26788,145.00305
leg_up
IMG_20241017_122031.jpg,leg_up,2447.6453,2925.445,-278.2279,2488.0078,2967.0042,-314.4045,2487.9976,2983.3743,-314.39886,2487.4355,3002.3196,-314.53998,2489.9482,2942.099,-226.67163,2491.0432,2937.801,-226.83939,2492.5015,2933.7861,-226.8669,2455.889,3059.511,-276.7328,2470.4414,2961.7244,107.760574,2386.7563,2939.5366,-258.19373,2394.7104,2916.2168,-147.75047,2232.9912,3115.2947,-577.6211,2180.7183,2920.8425,616.77716,1869.99,3060.8293,-665.1857,1854.199,2801.4695,321.80005,2021.7317,2754.2295,-270.3254,2023.4963,2728.0122,-504.66528,2078.3215,2699.5105,-257.8097,2092.9202,2699.7222,-593.15247,2114.4966,2713.718,-218.60703,2124.6243,2702.1277,-559.80695,2097.034,2731.7063,-223.46326,2104.8652,2721.4426,-521.6184,1558.0314,3024.4285,-397.67004,1574.2642,2905.4255,397.44357,1464.9872,2476.676,-604.3667,1463.8745,2428.1477,346.22598,992.64124,2504.9463,-295.42966,1063.9554,2166.6199,464.77814,933.6586,2571.6414,-251.1705,975.92816,2182.3147,463.07544,821.1905,2336.293,-294.77826,1026.5447,1912.5941,358.73734
leg_up
IMG_20241017_122031_1.jpg,leg_up,2452.3,2928.9197,-225.68382,2493.3354,2972.6343,-263.171,2492.109,2989.256,-263.12735,2490.7805,3008.375,-263.2299,2496.0215,2943.927,-174.1981,2496.9292,2939.2195,-174.41917,2498.0615,2934.5886,-174.49207,2460.9797,3060.0754,-227.65443,2477.0383,2966.4058,163.85762,2396.5266,2953.0232,-205.57083,2403.3533,2920.4617,-93.12304,2237.9314,3127.127,-547.14856,2184.8801,2927.4905,673.2697,1882.8551,3068.8247,-680.86456,1864.8201,2802.4004,354.31723,2020.6449,2756.0762,-332.10645,2031.8928,2715.6833,-475.14978,2076.1523,2703.1477,-325.0829,2101.0054,2683.718,-563.65576,2110.2446,2718.0842,-282.01282,2130.5894,2690.5037,-531.1372,2092.2231,2735.4712,-285.28372,2111.3157,2707.1562,-493.11917,1560.6705,3041.4285,-416.72955,1583.4764,2912.9043,416.3451,1464.7954,2483.705,-610.28143,1467.2196,2429.452,350.1378,986.5306,2490.2026,-285.69626,1060.0094,2178.1484,481.923,929.3895,2554.0935,-240.67111,973.1123,2190.1,481.33572,820.9749,2301.6287,-293.3148,1018.31854,1926.2709,371.78525
leg_up
IMG_20241017_122034.jpg,leg_up,2457.5156,2932.194,-451.4349,2500.4753,2973.257,-490.0083,2499.1018,2988.4233,-490.0669,2497.693,3005.877,-490.06094,2505.7585,2950.282,-388.15167,2507.8362,2946.9937,-388.39624,2510.2708,2943.8975,-388.47534,2466.9995,3060.1233,-470.1029,2486.2307,2979.2925,-15.362442,2402.8757,2957.9402,-430.3886,2409.311,2925.9285,-296.75833,2230.8972,3074.6611,-844.7503,2211.4666,2956.601,641.25696,1984.1143,2777.07,-883.9726,1976.3877,2721.0713,955.94824,1973.3208,2421.4082,-569.0979,1959.0184,2411.5603,839.06866,1955.8704,2332.829,-632.31244,1944.922,2326.106,903.0482,1992.2891,2328.9246,-558.3685,1978.2556,2322.0718,801.29517,1998.9218,2358.1377,-522.7707,1982.3071,2351.3955,788.98975,1581.2865,3001.3508,-467.26364,1636.4766,2925.258,466.9552,1605.6846,2417.5215,-444.41507,1640.5327,2411.0703,391.41785,1323.6149,1974.2809,-79.3205,1364.612,1995.4086,712.33765,1240.5385,1940.0107,-36.74323,1287.9316,1961.0531,735.9394,1465.8862,1743.5227,-130.47493,1496.1647,1750.6929,631.704
leg_up
IMG_20241017_122034_1.jpg,leg_up,2463.3062,2933.5212,-297.1074,2506.3599,2973.259,-333.8512,2505.925,2988.2495,-333.838,2505.5112,3003.8967,-333.70642,2508.1858,2951.3745,-233.3618,2509.4397,2948.4683,-233.60796,2511.3647,2945.5266,-233.77626,2474.4336,3055.8066,-321.6539,2483.4805,2980.8054,126.00454,2405.1897,2955.1633,-279.90323,2411.808,2928.9373,-148.65329,2230.0361,3054.3472,-727.2496,2205.3362,2943.2866,747.45215,1989.6714,2713.0586,-766.443,1964.5908,2696.8027,998.11566,1904.8376,2401.288,-378.9643,1873.7621,2404.625,895.7866,1862.1934,2319.243,-425.02097,1842.3918,2313.769,960.41187,1879.6426,2301.2256,-353.57462,1857.9734,2305.487,868.71423,1891.2053,2324.8684,-332.82104,1862.915,2333.7808,851.4289,1570.7461,3003.1675,-471.58188,1617.9103,2926.164,471.1076,1620.3829,2410.4834,-377.1889,1647.3516,2408.4932,465.30524,1346.0328,1978.7087,32.680984,1371.0476,1998.4402,780.8829,1242.3414,1941.2871,80.82387,1267.2297,1967.0233,804.08997,1484.8956,1773.2479,24.636814,1489.885,1785.3907,712.6399
leg_up
IMG_20241017_122034_2.jpg,leg_up,2464.167,2939.3784,-341.76743,2505.7856,2981.368,-360.8961,2504.8552,2996.4277,-360.89224,2503.701,3011.8984,-360.7654,2508.4985,2958.651,-273.27213,2509.712,2955.36,-273.43918,2511.4353,2952.1636,-273.5957,2470.9065,3058.8774,-296.7913,2482.7192,2983.28,88.348915,2407.5898,2960.713,-308.53558,2415.0378,2930.4211,-195.55692,2236.4158,3056.3684,-683.51276,2210.8552,2942.5808,683.2232,1985.8936,2735.4534,-738.919,1964.3844,2704.6545,906.0074,1824.7195,2449.011,-390.0906,1807.3782,2448.0503,847.5574,1772.5076,2381.3015,-430.49,1770.8529,2370.8115,911.0595,1793.5704,2358.4573,-374.58688,1777.2623,2362.3418,831.8048,1806.2069,2385.2925,-351.43506,1785.5573,2395.277,810.29767,1585.0464,3001.6782,-435.40598,1628.5576,2927.5498,434.6721,1643.8024,2413.1426,-366.8526,1671.3944,2415.389,414.8296,1361.7261,1983.3486,0.11742908,1384.2809,1996.8595,674.675,1268.3738,1942.9414,44.87642,1292.5376,1960.0916,690.9298,1500.9825,1772.8861,2.1648693,1508.2974,1779.0969,594.8857
leg_up
IMG_20241017_122035.jpg,leg_up,2462.7803,2897.6245,-87.65145,2506.4028,2934.5999,-166.00589,2505.8945,2943.4597,-165.95363,2505.6243,2953.8809,-165.8092,2509.224,2926.28,-39.591724,2510.632,2928.9844,-39.885235,2512.4272,2932.1704,-40.095394,2475.337,3013.8586,-352.3496,2483.2153,2982.5696,211.46754,2415.7937,2913.2075,-147.65572,2417.4517,2901.678,17.708565,2216.1646,3045.9502,-735.4848,2201.452,2943.8484,667.0059,1960.2482,2720.5447,-766.4526,1961.031,2703.2815,848.4388,1839.1475,2429.577,-365.33057,1825.2261,2426.3826,697.1977,1793.8909,2360.9512,-429.1821,1787.7324,2348.5374,745.31604,1809.4905,2343.463,-362.96146,1796.4343,2341.5437,623.60126,1819.8175,2367.785,-325.41028,1800.7345,2372.69,639.11884,1565.261,3007.2915,-439.90115,1613.9662,2936.521,440.24728,1614.2925,2416.4766,-389.9258,1650.4539,2419.478,408.63467,1322.2605,1992.9972,-24.632957,1353.2346,2006.1965,684.2091,1239.3431,1958.7815,14.047665,1275.5028,1968.9991,701.1091,1470.7069,1780.6283,-69.49898,1491.6687,1778.1857,592.9949
leg_up
IMG_20241017_122036.jpg,leg_up,496.96585,655.70746,18.031296,504.89774,663.70233,1.5152118,504.54297,665.44855,1.4763596,504.26215,667.2857,1.4575402,505.7076,662.2221,28.263065,505.88647,662.79895,28.231682,506.1193,663.45734,28.21763,498.0495,678.4164,-35.387974,499.81595,673.9596,84.35773,485.3914,658.4916,8.078255,485.84338,656.4855,43.006905,448.98047,680.5812,-129.95421,432.82123,664.2777,202.2952,389.25415,618.24414,-146.3817,375.8887,615.86096,256.71103,353.14578,541.4068,-62.6187,342.49155,548.141,233.86035,342.33612,525.0488,-73.10523,332.45593,530.5103,253.5683,346.05502,520.77496,-54.280556,335.3117,528.23804,229.93698,348.66208,526.20984,-50.809124,338.7874,533.27386,222.71124,302.12854,671.8501,-99.60356,295.78348,663.7039,99.65458,314.5514,540.0391,-53.517044,309.255,546.2114,139.1758,255.6023,456.6965,51.494408,256.80182,459.25842,212.93655,235.05148,448.18338,62.55673,235.36841,451.6003,218.46481,286.3431,411.7807,37.853046,283.20523,415.04663,193.1036
leg_up
IMG_20241017_122037.jpg,leg_up,493.01978,646.93866,29.764221,503.04092,654.823,9.218998,503.09775,656.4015,9.174727,503.1495,658.22815,9.1621685,503.21252,654.47687,39.94217,503.34525,655.5606,39.90609,503.47263,656.8605,39.878975,496.75095,671.0127,-47.063835,497.3169,668.76776,91.09736,482.04517,649.9457,12.267125,481.99194,649.282,52.53715,446.81015,679.18207,-144.96906,425.95416,660.3934,202.9353,390.02628,614.98047,-163.4406,371.11887,609.1737,270.47897,354.90854,541.97473,-76.635216,341.21613,544.89233,248.33229,343.03033,525.1646,-87.40625,332.5962,529.10535,269.27957,348.18906,520.99054,-69.354256,337.6767,525.92706,244.20853,351.00052,525.81866,-65.1788,339.17368,531.78284,236.445,297.66104,674.09924,-102.88636,294.4274,662.4847,102.979866,308.269,544.3444,-62.409866,307.79565,547.32043,144.527,249.35728,458.75848,49.146233,251.1739,462.13855,219.83496,228.08115,450.4536,60.850887,229.93423,455.1551,225.14949,274.0622,412.60645,38.350586,271.92767,418.29675,201.54167
leg_up
IMG_20241017_122923.jpg,leg_up,2662.0725,2824.8442,-39.359478,2705.4165,2863.929,-93.7163,2705.6772,2876.5718,-93.788124,2705.8535,2890.0442,-93.960724,2704.9062,2848.045,15.968517,2704.8333,2848.2231,15.970722,2705.0464,2848.3281,15.8377905,2676.4924,2954.5396,-208.39171,2678.8892,2900.1223,280.4473,2612.2544,2843.289,-70.64648,2613.7815,2827.0742,72.759796,2457.5618,3028.8787,-548.8058,2387.4536,2861.8215,742.5386,2093.3342,3072.4033,-656.90204,2025.907,2854.876,1007.35223,1721.0834,3059.0452,-632.7649,1744.604,2850.434,1003.4355,1614.5099,3091.4995,-714.47327,1660.3699,2840.9556,1106.6785,1611.2673,3053.36,-656.5391,1658.8574,2844.548,1003.2016,1644.3267,3030.7026,-599.1282,1689.0122,2852.2817,964.33655,1776.1831,2887.7827,-426.21268,1769.8125,2796.958,426.67075,1848.0876,2323.923,-514.39636,1792.3291,2274.365,393.11563,1653.9799,1813.2196,-334.88538,1658.7333,1807.0557,498.40067,1575.1005,1752.0597,-316.66425,1589.1362,1750.7688,503.34637,1857.2664,1642.0645,-461.73157,1850.073,1629.0471,405.89868
leg_up
IMG_20241017_122924.jpg,leg_up,2653.0237,2836.983,-62.401012,2696.7083,2876.6455,-115.556816,2697.2688,2889.0464,-115.578865,2697.6655,2902.2966,-115.72254,2696.638,2860.2622,-4.7747207,2697.0557,2860.377,-4.7568583,2697.8438,2860.3416,-4.852326,2673.9155,2962.8684,-212.24466,2677.0972,2905.2053,278.93423,2602.5159,2857.8643,-85.99345,2604.1133,2839.8296,57.96256,2458.635,3023.0847,-569.6114,2394.573,2873.0862,778.5781,2093.3823,3079.3513,-684.3024,2037.7246,2878.3435,1068.7333,1715.5532,3074.1877,-663.3723,1752.4589,2883.8635,1101.1508,1611.8859,3105.0737,-750.3502,1688.8649,2890.7231,1212.7047,1604.1682,3073.0164,-691.8908,1663.5809,2883.9927,1112.3375,1638.3562,3051.6995,-628.95917,1691.9703,2896.1362,1065.436,1768.8523,2891.4,-451.17877,1764.9047,2815.6711,451.65274,1841.6355,2328.5269,-567.2799,1796.0483,2301.24,386.9185,1630.2441,1837.1404,-372.15582,1649.8711,1837.3226,514.9002,1533.0502,1780.6207,-351.16467,1560.5087,1782.4465,521.31055,1821.007,1657.0223,-496.59018,1817.8656,1652.9363,423.90155
leg_up
IMG_20241017_122924_1.jpg,leg_up,2661.4949,2837.5112,-18.210247,2705.9585,2874.5813,-86.30811,2706.3423,2883.9438,-86.40907,2707.4187,2894.7778,-86.62345,2706.3198,2866.4978,34.863964,2706.6775,2869.0212,34.891087,2707.837,2871.5269,34.775177,2683.69,2959.6567,-238.82213,2687.1465,2921.7664,301.35504,2610.316,2854.1838,-61.64379,2612.8071,2844.1116,96.404236,2459.6926,3023.0532,-616.32605,2395.0205,2884.1936,792.78894,2091.4282,3070.4783,-809.99084,2017.6075,2868.1033,1021.9899,1717.6724,3054.9775,-841.64886,1733.1199,2854.9358,954.1608,1611.2997,3095.0525,-942.90894,1646.888,2856.4597,1054.7008,1605.2053,3047.9727,-872.74023,1643.3834,2856.1138,941.9665,1638.8175,3022.0435,-805.8018,1673.7737,2867.1333,908.683,1757.674,2891.4045,-453.52356,1751.0161,2810.9827,454.05457,1872.7882,2338.0972,-455.85123,1796.6859,2287.4536,525.7466,1670.3951,1826.6769,-136.5633,1672.1685,1821.4213,752.1426,1591.3519,1763.2734,-105.753265,1599.1578,1766.0657,766.4685,1859.1794,1651.9758,-244.77379,1842.9323,1647.6792,662.1957
leg_up
IMG_20241017_122924_2.jpg,leg_up,2660.4827,2822.3809,5.568826,2708.8496,2862.447,-51.890724,2709.1025,2873.7036,-51.907326,2709.6638,2886.835,-52.16816,2708.877,2848.7588,74.01572,2709.079,2849.608,74.029915,2709.3215,2850.4246,73.87467,2682.6843,2953.0332,-176.02498,2685.7527,2903.7864,388.37067,2605.4895,2841.395,-28.49734,2609.291,2826.7913,136.21358,2448.7861,3012.5942,-582.4048,2387.6626,2857.3396,878.8888,2077.634,3067.3296,-760.9496,2013.1685,2860.2998,1119.7476,1714.0769,3060.7883,-781.74396,1726.2391,2862.4563,1112.6262,1612.212,3096.1765,-886.5445,1636.5239,2868.859,1223.8059,1605.4368,3064.385,-824.0275,1630.5449,2873.7646,1124.1517,1638.2545,3041.146,-747.5596,1660.6194,2881.3735,1075.2074,1771.6119,2881.1255,-502.43384,1764.3286,2797.174,502.84375,1861.1466,2324.3313,-595.6811,1801.9167,2293.7698,443.8456,1666.4343,1813.1937,-348.77484,1673.0404,1822.717,657.44604,1584.5613,1744.9591,-322.10977,1595.85,1763.4974,674.97797,1873.8224,1647.0348,-473.65424,1865.0397,1640.0325,581.0278
leg_up
IMG_20241017_122926.jpg,leg_up,575.36743,696.5075,16.558626,585.07666,704.7894,-0.13433048,585.06836,706.3674,-0.17971107,585.11615,708.016,-0.24084532,585.239,704.43604,26.131447,585.3237,705.768,26.127491,585.5247,707.27856,26.014252,579.7157,721.81635,-53.585815,580.31696,720.85016,63.36461,564.90625,699.48566,-2.0391405,564.7487,698.4829,32.358536,529.95953,735.0046,-131.96727,518.3856,713.3808,128.94232,443.79584,742.6526,-182.7744,435.09607,711.6122,153.17874,355.98358,749.6884,-199.97508,367.47186,719.54346,138.76794,331.09866,759.71893,-220.8381,345.84662,722.858,149.76656,327.2313,755.0881,-211.41891,344.6055,724.4654,131.95636,335.20145,750.49316,-195.56424,351.67804,723.99915,130.72015,370.87634,712.0951,-85.74231,373.69904,698.44324,85.809616,380.33298,582.2552,-48.07296,377.04532,581.2748,91.27284,331.48773,471.9923,47.68571,333.73407,471.83362,166.13177,318.26123,457.41052,57.382233,320.09387,458.6381,170.82794,370.3394,436.69043,27.820011,370.58472,436.40762,134.40266
leg_up
IMG_20241017_122926~2.jpg,leg_up,578.2446,697.1648,-3.906281,586.3639,705.2029,-24.456905,586.18835,706.61896,-24.504587,586.1132,708.15796,-24.575802,586.8888,705.35205,5.4080853,587.05615,706.7841,5.407405,587.3127,708.3652,5.3042364,581.27844,721.6626,-83.56576,581.6652,720.8907,49.808228,568.189,699.6819,-23.339903,568.2296,699.3071,15.889899,532.5954,736.1267,-166.60783,520.6834,713.8829,138.70245,447.53473,746.06586,-226.08203,437.0136,716.9747,176.73509,357.94644,750.724,-244.38106,364.54202,723.0298,162.6539,333.87555,760.047,-270.3249,343.1027,725.56976,179.53265,329.592,755.4996,-255.67123,341.3835,729.31213,157.92474,338.07675,750.88446,-237.60612,348.71643,728.2141,153.70955,368.0522,710.5892,-97.118996,368.08536,700.1759,97.283,377.40036,577.3227,-54.26464,371.8935,581.162,115.346306,327.31033,474.20367,63.99891,327.8251,474.21597,210.41434,313.6881,459.24817,76.33218,315.74847,460.61243,217.13187,365.20456,439.61676,52.912518,365.0922,439.1756,185.8164
leg_up
IMG_20241017_122927.jpg,leg_up,578.96497,697.4988,17.68467,586.7028,705.1821,1.291444,586.4511,706.5212,1.2454355,586.2425,707.9532,1.1851699,587.37256,705.21594,27.886173,587.58344,706.5886,27.877539,587.8421,708.1143,27.75138,581.0843,721.42566,-51.648487,581.4998,721.072,66.41489,568.3345,700.0002,-0.9670045,568.6345,699.2536,33.81537,531.67377,734.7889,-129.4263,522.52356,713.7699,128.20235,446.48322,742.40344,-180.48605,439.84122,710.7948,147.81464,354.695,748.8398,-196.84393,366.92712,720.77454,129.85034,331.6098,759.007,-218.19128,346.70392,722.1025,138.0364,327.69638,753.9192,-209.86868,345.21484,724.3945,120.35634,335.813,749.7335,-193.00139,352.0346,724.4771,121.20542,370.42694,710.4164,-87.75501,374.22256,697.84235,87.82435,382.38513,585.88556,-52.193596,376.5829,584.1715,92.863686,330.5395,472.81946,41.817833,330.77228,472.7434,164.35628,315.52463,460.66885,50.84546,315.60437,462.25928,168.60782,372.15872,438.5745,21.28444,371.4662,438.96198,132.14828
leg_up
IMG_20241017_122927~2.jpg,leg_up,579.67725,698.11554,17.008404,587.71234,706.1003,-0.1180355,587.4893,707.4205,-0.18269004,587.28925,708.799,-0.2644081,588.4008,706.32074,27.206453,588.6715,707.7866,27.19402,588.94446,709.34283,27.066008,582.32544,722.344,-55.364956,582.7996,722.18713,66.43663,568.9911,700.14856,-2.2919364,569.2682,699.57947,33.573006,532.45465,734.52966,-136.59615,522.92566,713.6163,133.4253,447.0614,740.53174,-193.38312,440.36694,707.8751,158.3512,351.73978,746.5597,-212.21646,373.71808,709.78485,145.4654,328.81815,755.76917,-234.86429,348.677,706.63135,155.00098,326.0133,751.5175,-226.1285,348.42612,705.3263,137.29579,333.48657,747.33264,-208.41594,360.31204,709.5113,136.69173,369.48584,707.7814,-87.01769,374.34845,697.024,87.13187,379.24426,580.6415,-45.04626,376.5632,582.4876,105.00391,326.66757,477.68784,67.255684,326.47665,478.1171,191.46559,311.4885,466.60443,79.160706,310.29144,468.20248,197.66306,359.13052,443.36215,53.379276,359.7787,443.58035,162.95598
leg_up
IMG_20241017_122928.jpg,leg_up,577.25995,697.72754,12.162746,584.5371,705.76294,-4.7995753,584.28796,707.0595,-4.8588886,584.0342,708.44226,-4.9305105,585.2163,706.047,22.563648,585.4138,707.5348,22.554398,585.5889,709.1575,22.429167,578.35345,721.0892,-57.59744,578.9812,721.0496,64.40106,566.92676,699.3323,-5.9021826,567.7345,699.07983,30.017776,532.12994,731.0482,-143.76395,521.27966,715.5168,142.46046,451.62958,737.7783,-223.51445,443.69257,715.6974,175.19315,359.22153,746.7561,-264.22833,379.14835,706.89075,163.03923,334.09067,756.7494,-291.55734,359.64948,699.84845,174.74585,329.9253,751.48065,-279.53113,359.46378,697.94507,155.46439,339.4857,746.73444,-259.80145,368.75668,705.84515,153.83379,372.4974,708.9655,-90.46008,377.58286,700.82794,90.626114,376.92255,581.1063,-53.22996,377.4026,587.7745,107.846565,324.62494,479.04358,63.122604,337.62445,507.8642,202.66354,324.9933,489.0827,75.52468,324.07654,503.51785,209.78572,353.77405,449.03317,53.88237,338.42096,466.7657,182.03131
leg_up
IMG_20241017_122948.jpg,leg_up,417.76175,706.2883,-1.4705216,426.993,714.6832,-21.446955,427.0763,715.90955,-21.483332,427.25916,717.27234,-21.559837,426.84848,714.9788,8.238908,426.83215,716.2982,8.245495,426.94424,717.73846,8.142742,422.05298,729.5509,-81.4063,422.65717,728.9566,51.68771,407.56723,707.23114,-21.094727,407.40308,707.3318,17.934912,370.13,739.7457,-155.81752,360.11307,725.8324,129.61548,279.5225,755.73737,-195.08583,276.19574,734.2774,157.36313,190.41849,765.891,-185.0478,202.93901,744.38055,152.85867,167.03156,772.8101,-201.624,184.02359,745.19385,172.78615,161.09076,769.8247,-186.63335,178.36768,748.60565,155.64165,173.61168,765.8242,-177.73332,188.38515,747.72455,145.80734,220.04875,724.3491,-91.30792,219.04561,713.7031,91.41537,233.36087,594.7546,-45.648556,227.97523,593.1489,116.03049,221.825,484.20276,68.61493,222.70049,487.0328,216.82547,211.19388,468.8063,80.223305,211.09283,472.12607,224.69395,251.52373,454.27646,46.78758,251.32028,453.79953,190.39508
leg_up
IMG_20241017_122948~2.jpg,leg_up,417.98865,705.95233,4.2725425,426.87988,714.6279,-16.333878,427.06784,716.01636,-16.357374,427.31174,717.5647,-16.424276,426.693,714.782,12.519657,426.7332,716.14606,12.517997,426.8256,717.642,12.419681,422.62595,729.7689,-75.96821,422.5163,729.0692,53.297245,407.72516,707.3468,-14.629322,407.90118,707.51965,23.252726,371.79745,741.9181,-141.95795,359.74976,728.1703,128.50835,282.94647,755.1639,-174.14087,275.56573,734.245,159.38487,194.68628,765.92004,-164.01488,198.57967,747.1196,158.37169,170.18427,773.2592,-178.53143,179.78568,748.9292,179.21367,164.7914,769.59064,-163.51027,175.38368,751.71826,161.15706,175.71806,765.69446,-156.64763,184.69113,750.3247,151.53583,220.42744,724.1116,-84.78685,217.70107,714.4887,84.91756,234.46315,594.865,-38.91928,228.85445,594.5691,116.74983,232.94525,479.96082,71.088165,232.47327,482.19925,208.92209,221.86595,466.35556,82.304436,221.54372,469.28262,216.15802,268.1354,450.3086,53.10914,267.8483,447.9216,186.04486
leg_up
IMG_20241017_122949.jpg,leg_up,418.94464,707.1849,-1.7698257,427.92584,715.7695,-21.184278,428.0677,717.21674,-21.214417,428.27454,718.7457,-21.288916,427.80548,715.87836,8.266396,427.8469,717.29626,8.267035,427.96747,718.7989,8.169743,423.56763,731.1584,-79.60722,423.6861,730.2425,52.1889,409.12735,708.6655,-21.102507,409.04385,708.71375,17.595482,371.0285,743.61285,-155.78058,360.6,728.20667,130.5686,280.48907,760.5222,-190.54779,274.88983,737.3122,152.88716,189.81418,767.32477,-175.2057,202.79927,746.5345,146.03188,166.66519,774.9699,-191.53735,180.45265,745.9492,162.94215,162.74171,769.4586,-178.24924,176.98645,749.2378,147.08293,173.66692,765.41364,-168.3814,186.31459,749.0698,138.90254,219.01643,725.97186,-93.417145,217.58986,714.4281,93.50249,234.06677,596.21295,-44.434185,228.97748,595.5733,111.310295,224.06232,484.40485,71.91508,224.4023,486.82227,212.95668,215.76357,465.9771,83.78638,216.10533,470.41617,220.8719,261.59784,454.83075,51.971603,261.02026,454.86212,187.58655
leg_up
IMG_20241017_122949~2.jpg,leg_up,417.49564,705.00323,5.9399185,427.2573,713.27466,-14.2463665,427.45535,714.78894,-14.27842,427.73,716.4683,-14.348227,427.01062,713.5466,15.233849,427.0415,715.0606,15.23663,427.17334,716.7104,15.123246,422.91025,729.6574,-74.733475,423.17694,729.0536,57.85914,408.02045,707.0669,-13.697356,407.76242,707.1458,25.1211,374.6175,742.33966,-149.87453,363.48,729.5721,133.9146,283.73596,753.2825,-197.93614,279.28683,732.4733,160.75673,195.26219,763.44727,-196.22156,206.52226,743.2287,156.50551,168.5946,771.683,-213.07433,187.20085,745.68384,176.96806,162.2842,769.5643,-196.4882,181.2642,741.21454,159.62639,176.14223,765.1585,-188.63277,194.54263,746.52374,149.60263,220.11418,726.17255,-91.36686,220.0685,716.0066,91.463196,231.9733,594.47577,-44.42055,227.32442,594.1102,122.25531,227.232,480.32516,71.24166,228.27893,482.72372,222.59613,217.88914,466.3085,82.93622,218.41664,469.54395,230.36072,260.02292,450.84753,49.962704,259.13507,450.3729,195.36165
leg_up
IMG_20241017_122950.jpg,leg_up,417.64902,706.3579,-3.93933,427.35693,715.29193,-24.658194,427.45758,716.6707,-24.68803,427.606,718.15936,-24.756521,427.25308,715.41254,4.508631,427.28018,716.73315,4.511302,427.3615,718.1675,4.409978,422.90427,730.2949,-84.7653,423.09915,729.63165,45.889263,407.70972,707.75146,-23.142582,407.70584,707.7435,15.16569,372.69086,742.9504,-152.95862,361.4822,728.2659,124.068306,281.8089,755.9825,-188.40134,276.25815,733.40356,154.80519,192.33502,765.6432,-177.3099,199.58191,745.2302,152.55608,165.9415,774.169,-192.4651,179.66724,747.87415,173.6049,160.95503,771.45013,-177.0255,177.73145,749.8968,155.60887,172.70567,767.28766,-169.71089,186.59009,748.9588,145.60559,220.66144,726.9636,-86.13909,218.70346,715.64996,86.27351,232.0925,597.30945,-39.336803,226.38817,596.5934,120.57687,227.29265,483.76617,73.13672,226.66794,486.48563,215.96991,217.31018,469.25024,84.539314,217.43799,473.0747,223.349,264.44016,455.27066,54.006905,263.94864,454.91272,191.71852
leg_up
IMG_20241017_123025.jpg,leg_up,2312.6404,2835.8142,-63.80891,2346.434,2879.2854,-119.55569,2345.5679,2888.4329,-119.6349,2344.442,2897.6846,-119.665794,2346.3088,2868.4873,-6.472512,2345.724,2869.7546,-6.565299,2345.4531,2871.1213,-6.7895827,2306.6365,2944.1606,-259.5103,2314.791,2913.792,239.20877,2271.9294,2843.578,-109.80907,2272.8071,2830.6294,37.082733,2091.122,3021.906,-530.56683,2023.4647,2868.4658,617.56085,1775.1399,3115.0867,-621.62463,1666.1593,2849.519,836.5806,1447.1571,3098.063,-630.43317,1407.4126,2848.6892,735.19025,1338.9667,3147.8652,-714.2536,1333.0321,2838.1104,801.6646,1334.2969,3103.5913,-670.64,1334.0437,2843.014,698.07794,1372.5499,3075.219,-605.429,1355.8314,2855.7122,691.63464,1460.5576,2952.3496,-386.49448,1447.3063,2848.475,387.01065,1369.3118,2462.4468,-679.5812,1349.0603,2419.5679,168.45543,1122.2908,2043.5916,-723.41895,1132.848,2027.5159,95.52518,1028.3722,1997.0696,-735.4793,1043.3604,1970.7479,76.58337,1237.9741,1831.0656,-993.75037,1243.6151,1826.2601,-97.21128
leg_up
IMG_20241017_123025_1.jpg,leg_up,2313.0298,2831.9802,-138.18622,2343.4077,2873.3774,-176.38277,2341.9456,2883.375,-176.47685,2340.5532,2893.8774,-176.4863,2345.4226,2861.752,-79.19382,2345.4219,2863.0107,-79.32931,2345.826,2864.3872,-79.67517,2306.3616,2942.8516,-265.9197,2316.5159,2908.808,161.11917,2269.4102,2841.4995,-168.65799,2271.2598,2828.208,-42.49407,2097.65,3031.6235,-513.9383,2046.6245,2870.1135,516.53595,1759.5696,3109.9207,-616.6222,1675.3993,2841.4329,699.2598,1426.7958,3099.3564,-715.2416,1417.8864,2840.0833,582.25116,1324.6893,3152.1067,-807.6365,1341.6758,2826.5076,631.6191,1318.653,3112.9507,-779.68555,1339.8794,2830.2412,537.09705,1356.1241,3084.7512,-698.6142,1368.4565,2832.2202,542.5194,1460.9545,2961.2263,-348.56274,1454.215,2848.9417,348.96185,1357.8611,2480.6165,-635.38904,1333.7743,2437.5085,115.68909,1074.9661,2066.8547,-677.108,1077.4534,2050.8674,22.209763,993.2902,2034.4353,-688.4474,1000.88617,2012.5327,2.5068717,1185.6062,1858.4753,-936.53986,1192.2644,1849.1509,-176.51828
leg_up
IMG_20241017_123025_2.jpg,leg_up,2317.9775,2838.0083,-118.15717,2351.6565,2877.8882,-179.32263,2351.203,2887.2102,-179.34348,2350.552,2896.8755,-179.35791,2351.0066,2868.916,-67.748856,2350.4858,2871.1536,-67.82753,2350.4211,2873.612,-68.084885,2314.0293,2948.686,-326.36868,2320.8855,2921.1213,164.56535,2275.9163,2847.3933,-165.83623,2276.0708,2835.7424,-20.992605,2098.4563,3032.6323,-580.5667,2049.0132,2884.6965,535.7537,1775.136,3123.4878,-659.8928,1697.8864,2882.8794,716.0372,1445.0759,3109.7285,-651.56604,1427.9506,2896.7412,586.5491,1341.2808,3156.132,-741.4417,1354.9462,2882.8777,635.2275,1334.3492,3116.9907,-704.33246,1353.9033,2884.6296,537.89355,1374.0854,3089.684,-630.27734,1378.725,2894.3386,545.4642,1456.1989,2969.4578,-390.4155,1454.6116,2863.779,390.85526,1350.6708,2502.4106,-545.2146,1341.3241,2462.933,209.1341,1054.1807,2075.8115,-475.8286,1067.0448,2071.4465,259.5923,972.4744,2038.0835,-475.33542,984.44714,2043.8955,252.25587,1149.4274,1861.1233,-698.1129,1159.019,1870.6422,96.80673
leg_up
IMG_20241017_123026.jpg,leg_up,2323.4124,2834.23,-178.67827,2355.9219,2876.7288,-223.76233,2354.874,2887.8608,-223.856,2353.7383,2899.472,-223.8394,2356.9204,2863.865,-119.731384,2356.9119,2864.6997,-119.729836,2357.0605,2865.694,-119.92261,2317.0464,2951.9465,-308.6101,2326.7173,2909.8018,147.38167,2278.3777,2843.9546,-204.45923,2282.166,2830.543,-69.99899,2096.2668,3023.8772,-565.58514,2043.1377,2875.6868,557.1467,1784.7909,3115.3315,-676.92096,1691.6017,2875.2144,767.75854,1446.5875,3101.6875,-701.92834,1445.578,2871.7654,626.0721,1344.5542,3153.1826,-782.18604,1376.8293,2851.537,677.69183,1340.3636,3117.183,-740.6583,1376.7979,2856.297,586.295,1380.0686,3087.6401,-677.9466,1398.4406,2870.0007,586.1097,1457.3998,2962.431,-382.98892,1446.6233,2859.1985,383.3823,1345.5817,2502.9004,-746.7304,1335.5354,2457.8484,66.23378,1036.7894,2082.683,-813.6568,1042.8248,2083.1418,-32.47171,950.135,2050.1934,-827.5989,958.06805,2055.0928,-55.69417,1108.8431,1863.4703,-1096.9808,1108.1451,1867.9921,-231.89221
leg_up
IMG_20241017_123027.jpg,leg_up,502.97635,718.2505,0.8462167,508.30072,726.9987,-15.926438,507.7687,728.19684,-15.981999,507.25616,729.5891,-16.04428,509.17145,726.96106,10.228279,509.1915,727.98944,10.202951,509.07654,729.1528,10.092923,499.1907,739.08154,-63.701687,500.60477,737.36145,50.4884,491.7658,717.42346,-14.989697,493.0466,716.8429,18.874996,448.4625,748.2763,-129.09421,440.31836,731.3827,121.169876,368.3012,766.70044,-154.43326,354.90726,738.89276,135.0829,283.84055,769.3681,-156.34117,284.75266,746.24115,114.76708,258.93472,778.1473,-178.80373,265.54523,745.35,125.36976,256.71207,771.51666,-169.12122,263.98392,748.72205,106.01323,263.65607,767.26575,-151.40149,269.6705,749.4336,106.31927,292.7594,736.8545,-84.54113,293.90524,722.44745,84.65587,265.8667,621.889,-59.06061,266.15326,620.1384,62.74043,207.01355,532.9994,4.1040735,209.20923,533.85626,125.74205,191.83052,526.66046,9.30856,194.1339,527.5406,129.57516,225.077,484.39206,-31.030075,226.07162,489.31094,94.592995
leg_up
IMG_20241017_123028.jpg,leg_up,500.91855,716.6172,-5.6676927,505.9806,725.12177,-22.420938,505.4881,726.3178,-22.474194,504.98935,727.5742,-22.534914,506.7267,725.2013,3.5603042,506.7064,726.3924,3.5336802,506.64996,727.68915,3.4194407,496.4879,737.07416,-70.666306,497.961,735.829,42.862568,490.19388,716.07153,-21.757025,491.0335,715.27216,11.90174,449.082,747.0639,-135.71886,438.9893,732.01306,114.31923,371.39807,768.4107,-161.43777,353.01904,738.6774,129.1427,286.15088,770.9016,-161.62706,286.57153,744.9866,105.01831,259.25595,780.187,-184.49768,265.8271,743.06274,114.487595,257.00845,773.85394,-174.87466,256.13202,743.98706,94.53026,264.99255,769.2542,-156.71832,270.4384,747.6071,96.26303,293.40817,736.07623,-83.728935,293.03665,722.6027,83.83605,264.56522,621.64777,-52.609028,264.63208,618.8598,69.75692,204.52393,534.3579,13.159288,206.60698,535.52325,135.71907,189.48567,528.82635,18.671135,191.73064,530.6302,139.69148,218.20116,482.197,-22.109074,219.65125,487.66528,103.96858
leg_up
IMG_20241017_123028~2.jpg,leg_up,501.54956,717.5438,-8.018887,507.22314,725.982,-24.103935,506.79065,727.1382,-24.155888,506.39227,728.4399,-24.22834,507.92313,726.0821,1.3240366,507.92645,727.2355,1.3051261,507.8584,728.51135,1.2063359,498.3678,738.3834,-71.19551,499.55542,737.123,40.363777,490.76236,717.1634,-23.783735,491.49786,716.5998,9.299151,448.61963,749.64636,-129.53523,439.9695,732.1578,106.47508,366.55643,767.7916,-145.60396,355.92532,738.2844,124.45325,282.2843,771.7842,-137.63664,292.8064,742.8603,102.245674,257.755,780.33435,-157.13245,269.56863,743.9223,110.72943,255.01956,775.65247,-148.85625,268.33926,741.96014,92.633354,262.08536,771.4017,-133.00298,275.9107,742.95624,94.185196,293.5389,734.51733,-80.115654,297.4285,719.51556,80.21646,264.02264,618.60583,-54.887196,267.98398,618.5532,56.819187,201.29259,536.1554,10.899891,205.08699,539.18463,125.22876,185.75331,530.1802,16.36091,189.0642,533.3915,129.62479,217.88934,486.13538,-22.158794,219.55217,491.86774,96.0427
leg_up
IMG_20241017_123029.jpg,leg_up,501.66235,719.84576,-6.0413136,507.46887,728.4883,-22.68599,506.97113,729.628,-22.740778,506.431,730.82306,-22.798506,508.203,728.4374,3.4329405,508.2169,729.4947,3.4068863,508.11334,730.60266,3.2928777,497.89194,739.96075,-70.687706,499.19818,738.5809,43.11536,491.26703,719.0391,-22.172462,492.19034,718.3495,11.6115265,450.7159,749.9879,-139.10394,440.38492,733.2889,115.5086,371.90576,770.5675,-166.04865,355.06894,741.92883,127.61693,283.28528,771.125,-166.86952,285.2619,744.7879,103.773796,257.99475,779.4642,-190.9841,265.45624,741.46405,112.4784,256.20956,771.9292,-182.0827,264.39777,744.4984,91.97306,263.40677,767.897,-162.1638,270.00357,746.02264,94.60501,294.47583,738.24493,-85.54584,293.26785,723.9191,85.66164,263.2161,623.4874,-56.63312,262.49692,620.2665,66.44157,200.64264,538.6098,7.250938,202.04744,540.03503,131.95747,182.62202,532.5294,12.440826,183.7988,535.0116,135.87415,214.22672,483.62946,-28.082752,214.9527,489.10504,100.34285
leg_up
IMG_20241017_123030.jpg,leg_up,505.07404,720.3775,-11.221523,510.16,729.61926,-28.144922,509.6059,730.888,-28.203547,509.0523,732.3103,-28.27168,510.92953,729.20557,-2.516175,510.88257,730.0651,-2.538744,510.7924,731.0669,-2.6453903,500.48846,741.506,-75.24114,502.21634,739.5577,36.563187,493.77078,719.5382,-26.952587,494.66788,718.4418,6.284539,449.18274,751.1633,-134.61694,440.25507,732.6404,105.16658,370.4844,768.8972,-156.80473,357.19443,740.4234,119.933754,285.0291,772.4556,-155.43602,288.06714,747.5385,99.36541,259.91678,780.00977,-177.64255,267.84924,746.9568,108.58305,257.27893,775.18976,-169.05518,265.2893,750.03174,89.03977,264.25745,771.49097,-150.87152,271.2843,750.55817,90.843216,293.4099,738.38226,-79.698,293.75623,723.3049,79.8303,260.75253,621.57544,-53.111694,262.77383,621.11584,60.78434,197.49802,539.50446,8.346721,200.03421,541.1318,122.01937,179.4293,533.68256,13.3588705,181.73657,536.8845,125.40524,208.88683,488.4903,-25.537552,209.22713,492.52347,89.5846
leg_up
