IMG_20241017_104938.jpg,bp_down,277.81467,533.6915,-855.34045,284.34387,526.0551,-871.5811,288.31213,523.214,-871.45526,291.5122,521.5483,-871.48676,271.3139,526.3903,-871.41626,267.26965,523.7434,-871.542,263.89084,522.0861,-871.31824,298.06537,509.31277,-778.98425,255.61812,511.2157,-776.70636,284.85583,533.94055,-801.6975,271.99655,536.5705,-801.43524,322.85825,494.79913,-590.6123,226.15228,503.43906,-605.8926,385.96924,498.08054,-430.14435,174.13628,511.57385,-454.86523,376.57687,567.94214,-362.8087,180.99632,570.7586,-397.69516,385.53644,577.76117,-397.60852,168.9134,579.18787,-437.9822,371.7967,579.3557,-411.36493,185.8169,578.7869,-453.66565,365.98615,576.13544,-367.04807,190.06963,576.57556,-403.5478,308.31036,523.0485,-0.5653863,249.91577,525.7621,0.5131166,303.09412,523.36786,469.31702,253.1732,523.46857,460.41473,292.1457,510.0771,941.0946,248.56339,510.51578,935.07806,286.93048,502.67572,994.65356,248.9291,502.055,988.4541,297.84702,528.0475,1021.95667,253.16034,529.3519,1011.35376
bp_down
IMG_20241017_105822.jpg,bp_down,79.615364,529.6585,-23.127245,75.35156,517.6314,-41.75743,76.30428,516.0086,-41.862686,77.37996,514.1566,-41.97497,74.51007,518.24506,-9.814895,74.788536,517.21484,-9.798378,75.05972,516.0584,-9.862284,88.19175,503.09433,-86.15335,85.64311,505.13907,55.897507,91.06148,529.6628,-35.574474,88.67489,530.8658,5.498219,133.80081,496.83667,-155.03963,141.2043,498.05585,161.47777,200.2835,480.80106,-315.8938,206.21611,498.66806,284.9201,167.88274,558.0628,-440.2141,179.69598,546.40125,358.43533,146.7984,564.89404,-481.19086,166.22203,548.7424,385.67023,141.51184,561.7713,-444.47974,160.71678,557.5267,364.986,147.42618,559.4656,-426.82858,167.2908,548.6711,351.61832,289.27747,508.76022,-93.69687,288.39944,509.44748,93.80911,406.0241,525.827,-88.75607,396.89127,524.4521,129.94495,498.86588,521.40356,7.6989746,490.27234,517.6895,234.69359,513.9518,513.6523,16.90401,505.35815,510.97363,243.77295,521.45605,541.1912,-37.960262,514.5289,540.1116,192.41301
bp_down
IMG_20241017_105823.jpg,bp_down,78.89598,528.3119,-65.94577,74.254814,516.67316,-80.457596,75.13636,515.2119,-80.54432,76.08011,513.5451,-80.63804,73.6192,516.96075,-48.421883,73.99505,515.8133,-48.393276,74.30239,514.56683,-48.42265,87.63349,503.37946,-108.03566,85.0671,505.2241,33.883354,89.104324,529.7362,-73.24103,88.10797,530.79126,-32.220703,137.18874,499.79086,-173.36559,142.7247,500.1002,147.24667,200.01247,482.1964,-353.48987,195.62279,519.3277,300.7898,168.28044,558.6045,-508.72046,173.24141,549.7326,411.83514,148.43301,565.9969,-553.89954,162.04494,550.063,443.53656,143.46526,563.3728,-522.35834,157.88762,557.2438,425.79187,149.80032,561.15,-498.65118,162.64018,559.00244,407.3056,289.3072,504.7554,-93.87329,287.87015,507.52295,93.936966,408.4184,523.37305,-61.40352,400.24335,523.3457,124.41515,500.17914,516.58923,54.43383,496.23062,518.63324,232.35654,519.4737,509.39435,64.93865,512.0966,513.1678,240.69171,520.88245,540.0548,1.4228721,517.4343,541.5334,176.00845
bp_down
IMG_20241017_105824.jpg,bp_down,79.06051,528.485,12.978656,74.27294,517.72516,-7.0210304,75.04892,516.1772,-7.115234,75.886795,514.38617,-7.2061567,73.63499,518.03253,27.053102,73.93413,516.81055,27.076658,74.20807,515.45154,27.01383,86.55853,502.60825,-60.449898,84.06967,504.79642,89.52961,88.7342,528.34534,-3.500198,87.632545,529.20654,39.90289,136.31377,496.30838,-146.98557,141.57591,497.85776,195.60728,200.72937,482.76544,-296.88788,206.27536,496.02524,306.65732,167.82312,558.6668,-410.7617,178.15007,543.6518,375.19046,148.77048,566.1915,-449.1619,158.2062,547.9671,402.9322,143.52388,563.15186,-414.49295,152.72784,558.71826,383.92548,149.46524,560.99835,-398.1934,162.21175,550.4401,368.474,290.56436,502.83856,-105.56161,290.37158,503.2626,105.70691,410.55695,525.9693,-93.29453,397.1062,525.30347,112.64166,522.48096,529.2312,-58.04035,507.93054,521.7051,157.94286,541.66064,519.1846,-55.72211,525.172,512.233,159.7811,520.5184,564.7305,-122.160774,530.4002,555.7167,98.66571
bp_down
IMG_20241017_110335.jpg,bp_down,130.0496,601.33905,-84.33009,119.328674,594.217,-111.92883,119.08922,592.55743,-111.992516,118.89034,590.6822,-112.088425,118.812294,594.3474,-75.17289,118.224106,592.75995,-75.17094,117.63584,590.91583,-75.27109,123.937675,571.5054,-173.45862,122.08992,572.9464,-9.207818,143.95865,593.8382,-101.27586,142.72224,594.7582,-53.895695,187.84042,533.6389,-229.24263,190.65807,556.41766,98.40423,248.87027,545.04974,-276.45975,258.67484,575.7297,205.04462,215.63295,605.99963,-218.57033,269.29782,593.37146,245.13226,195.77097,617.1488,-240.42747,271.0607,595.4504,256.72858,190.98808,610.821,-228.4012,266.30597,595.64056,240.86282,198.14641,606.12006,-211.00545,265.9698,595.9208,238.08861,361.57532,531.95856,-99.850624,358.7637,556.9669,99.84938,482.25064,552.1428,-59.503883,475.7702,562.83856,146.79346,591.1974,547.72076,74.47091,585.5595,555.40216,271.4674,594.7213,536.79724,85.22462,602.6117,543.3936,281.54034,610.05225,586.4633,15.117606,600.3338,592.89923,223.96739
bp_down
IMG_20241017_110336.jpg,bp_down,1686.1208,2618.923,-404.41833,1708.7407,2614.5808,-479.95422,1721.6001,2611.4473,-480.1883,1734.445,2608.2185,-480.4914,1670.1975,2618.506,-484.67148,1656.5745,2617.946,-484.86377,1642.9098,2617.304,-485.19296,1751.543,2569.286,-591.51953,1609.0961,2574.33,-613.25696,1698.8613,2593.9055,-412.49182,1653.4214,2613.207,-417.6988,1812.4252,2441.8333,-521.64667,1471.8467,2467.7678,-546.6715,1920.3772,2370.0266,-277.95377,1273.2107,2407.6523,-308.29913,1886.4292,2564.2437,-143.93628,1409.3032,2567.599,-214.33151,1911.8982,2604.3828,-183.35022,1408.4645,2603.626,-256.12085,1869.7767,2597.7993,-206.5777,1445.7588,2595.5586,-274.0872,1848.7673,2582.5957,-149.87396,1453.52,2577.2583,-218.33997,1652.2694,2286.064,25.404888,1510.5719,2285.498,-25.124966,1581.134,2274.4783,634.9613,1446.3181,2257.7305,588.1524,1522.8284,2202.367,1347.9169,1444.2904,2202.0593,1285.7767,1507.2191,2182.0632,1435.7087,1442.9902,2178.7268,1368.3323,1516.5764,2277.4395,1559.6033,1440.1482,2274.227,1472.0702
bp_down
IMG_20241017_110337.jpg,bp_down,129.68425,605.0808,-74.19305,117.791084,596.71606,-98.71123,117.38825,594.7899,-98.77164,116.98236,592.71967,-98.86786,117.56811,596.97546,-64.76432,117.034935,595.2246,-64.75865,116.458115,593.2761,-64.847565,120.906845,574.7235,-147.34203,119.4513,576.4041,3.9962027,141.73805,598.4884,-86.296684,140.44666,599.20514,-42.72703,181.92361,541.7171,-196.70435,182.8508,568.5283,105.08923,245.01778,536.1623,-288.7838,251.59828,590.46204,177.24028,214.10086,607.26654,-301.14526,253.1475,605.117,184.36191,202.49902,630.8198,-330.00287,251.82202,606.6824,191.56776,188.40967,613.67175,-312.24884,247.72086,606.3995,180.57458,195.73509,609.3347,-293.0957,248.81262,606.62396,178.72203,354.40295,548.61163,-95.72083,353.10373,563.79694,95.715805,476.3295,567.2338,-66.809326,474.04196,573.71173,126.93324,585.4858,558.59186,64.168594,580.4352,571.82697,247.88538,588.20514,550.1227,74.333244,596.56683,561.8244,257.25235,621.1322,595.41925,-2.337835,591.77576,607.65,189.51862
bp_down
IMG_20241017_110338.jpg,bp_down,127.64064,604.69824,-121.59482,116.81614,596.53284,-143.39607,116.42463,594.5856,-143.4587,116.0189,592.49023,-143.55135,116.993004,597.1213,-111.73156,116.7545,595.5565,-111.71863,116.39738,593.76685,-111.79631,120.41416,575.2918,-179.7554,119.32565,577.7664,-38.992794,138.13309,599.3157,-129.66629,137.03246,599.9535,-89.06553,183.45058,550.6554,-221.2694,180.38264,571.12,71.15859,245.00845,551.88434,-294.94055,256.3337,589.3167,163.19032,212.33229,609.66394,-313.2607,281.03876,601.8188,167.61398,193.23363,619.6693,-348.0568,287.9038,602.95276,172.29596,184.73671,616.2976,-335.99005,282.48615,603.15436,152.40048,192.90001,612.417,-308.31982,280.06644,603.9443,159.01251,339.3799,556.62726,-95.260506,338.43994,564.5112,95.21634,453.84543,582.53076,-46.85839,451.99338,574.24554,155.6448,558.71576,566.3394,106.13173,549.2501,573.80927,301.1916,574.8878,553.4576,118.60094,564.7667,565.42725,313.1886,584.2997,603.2428,46.174786,572.8155,604.36346,247.02394
bp_down
IMG_20241017_110659.jpg,bp_down,108.69774,562.3387,-178.39406,100.52465,551.85297,-205.92903,101.08086,550.2244,-206.02235,101.64841,548.4312,-206.17552,99.57281,551.76965,-170.71397,99.447174,550.16614,-170.73534,99.263535,548.4663,-170.80534,113.60693,531.0247,-268.94528,110.40868,532.7182,-113.20456,124.64,559.50354,-195.07558,122.29416,559.6339,-150.24031,192.21603,535.83,-291.79065,179.91322,520.23804,12.009911,297.52023,534.28625,-268.43643,246.51613,546.598,159.7399,255.9525,618.8977,-189.23492,212.50427,592.5509,259.48367,236.1129,629.93445,-209.26886,199.56157,590.808,277.42706,225.94478,624.19977,-188.99834,196.97023,596.1744,256.8956,232.15242,620.3257,-178.23903,207.41595,595.53625,252.55162,362.2006,574.5214,-90.4865,348.9242,553.5685,90.58394,494.30917,585.47974,77.832016,464.06793,577.40924,255.94104,583.43506,577.8321,263.593,556.31586,573.61554,453.6148,601.59985,567.46027,282.02783,573.04767,566.8588,473.4332,586.3284,608.2611,236.8775,571.9048,603.17096,446.58148
bp_down
IMG_20241017_110659~2.jpg,bp_down,105.987564,560.5655,-173.67752,97.83204,550.10223,-202.08391,98.45345,548.6161,-202.16957,99.01053,547.04877,-202.32002,97.36278,549.77515,-166.23816,97.67017,548.03156,-166.23154,97.8752,546.1595,-166.2779,111.85615,530.8134,-267.67694,109.3434,531.1823,-109.389694,120.85914,558.7049,-191.18909,119.363075,558.6442,-145.60175,189.32983,534.9515,-293.18323,179.30928,520.7808,17.649717,296.14355,532.8741,-265.7503,255.09743,544.1261,158.58835,255.27745,619.50256,-191.95395,230.05243,587.63416,243.53177,235.2042,630.9824,-215.08754,209.91,595.3647,259.15973,224.873,624.9672,-196.1271,210.35944,598.622,236.60336,231.24142,620.9412,-181.64726,217.56883,598.75696,235.4361,356.69592,579.2467,-95.41656,350.38855,555.3619,95.416374,490.40033,587.4238,65.88581,468.43442,576.9773,258.2663,591.10297,579.2649,243.40848,546.24,580.22174,458.68057,612.10205,564.91406,260.69464,575.47833,567.4329,478.77246,593.4062,610.7486,209.47484,566.38654,605.7494,450.3514
bp_down
IMG_20241017_110700.jpg,bp_down,109.87689,554.925,-146.94882,103.782,544.49554,-172.35272,104.677124,543.0487,-172.4608,105.59099,541.56006,-172.6009,102.63244,544.52374,-139.91493,102.6961,543.1066,-139.96713,102.74082,541.6909,-140.0757,117.55234,526.7731,-231.09138,113.13028,528.6085,-89.18236,126.889626,553.3766,-162.39632,125.00725,553.4091,-121.25846,192.27998,529.894,-249.54053,177.39064,510.88818,21.393307,296.62488,532.7035,-240.48909,255.44351,529.4037,163.88182,256.18478,619.8113,-192.42088,224.89357,576.49133,265.64505,237.36357,630.301,-211.04007,207.61517,579.0215,284.06757,225.96617,624.11334,-192.10304,199.85068,586.5883,266.7116,231.4351,620.5319,-182.67021,208.19528,588.13354,260.24857,364.32953,561.0957,-77.2242,359.45526,536.279,77.44114,478.7646,571.2897,71.74635,467.8852,564.8892,216.65332,571.3094,570.70557,257.30267,550.6629,578.3304,384.14575,588.85724,563.0701,276.4679,583.8171,563.25806,400.22882,578.324,599.43097,249.70137,572.4136,606.4846,373.27213
bp_down
IMG_20241017_112914.jpg,bp_down,117.62702,595.78784,-26.951126,113.827156,587.6823,-44.664722,114.389244,586.53864,-44.723217,115.07597,585.32086,-44.7915,113.571045,587.7326,-17.423426,113.93437,586.6968,-17.41016,114.42554,585.5655,-17.465504,124.82865,576.3902,-88.204094,123.80555,576.819,32.71009,126.354614,596.7825,-39.544254,125.274574,596.8362,-4.660195,175.5907,580.7426,-136.19888,180.25618,570.0587,117.2063,239.31714,564.55457,-256.7528,235.28255,573.4063,209.75803,199.40665,618.3955,-357.21283,210.67229,598.73486,271.0043,183.38448,624.9031,-388.1338,197.67819,601.2945,291.753,178.9782,621.76587,-361.64148,192.85674,609.44684,277.31537,183.03595,619.6055,-348.6568,197.9626,611.5544,266.39975,318.7592,577.0908,-83.27359,311.79913,575.5255,83.31104,428.65955,594.18994,-87.17245,397.0963,589.8051,141.40675,515.609,572.9169,-72.52676,479.67807,570.5153,216.06654,519.2565,563.72327,-71.33252,500.2849,566.49335,221.52388,550.9275,598.6798,-122.80813,502.45465,588.6382,189.39745
bp_down
IMG_20241017_112915.jpg,bp_down,117.25141,597.79584,-46.122684,113.85973,590.3306,-63.35252,114.66647,589.35754,-63.41094,115.63802,588.2757,-63.497463,113.44029,590.1796,-37.965336,113.8543,589.19775,-37.95115,114.40265,588.1324,-37.99163,125.89665,579.59796,-103.311386,124.46192,579.6232,8.949006,126.37877,599.04156,-57.284515,125.14511,599.154,-24.903042,178.17274,583.39526,-142.85777,179.66162,572.55237,90.64958,237.01826,562.7553,-250.68057,229.16873,561.3607,184.97908,199.90424,618.3745,-339.39142,204.09135,604.51843,272.00446,184.10565,624.1796,-366.09363,192.55775,605.6079,296.0784,179.81245,621.4254,-341.14276,189.99113,612.9323,284.2007,182.94527,618.92236,-330.96915,195.20787,614.8098,269.2472,320.2991,578.23944,-75.58959,308.67084,576.93097,75.63895,427.9936,593.02704,-81.12078,393.5257,588.70306,139.72751,507.04843,572.51843,-72.859184,474.7149,569.8271,207.49335,526.08856,554.3438,-71.90659,486.7755,560.49414,212.65154,540.20654,593.6021,-119.35788,495.86267,589.82837,185.31772
bp_down
IMG_20241017_112916.jpg,bp_down,117.64276,599.1129,-28.67329,114.45923,590.46686,-45.935417,115.03771,589.405,-45.993572,115.79073,588.12964,-46.0588,114.25182,590.25104,-19.04049,114.665596,589.1838,-19.026974,115.25175,587.9825,-19.07463,126.167015,578.5898,-86.96601,125.03541,579.1521,32.45113,126.630875,601.0056,-40.299248,125.40502,600.62836,-5.8574266,174.39308,583.2764,-135.89355,180.75504,573.02484,117.35153,233.67538,562.4745,-257.41647,235.40778,562.697,207.31732,200.20995,617.1143,-363.115,209.07361,603.9935,265.79562,182.77394,624.1956,-393.31552,196.8906,603.6039,286.96317,178.65576,620.7512,-366.3225,192.18172,612.62946,271.8346,182.5891,618.1574,-354.25952,197.19844,614.9082,260.84073,316.0506,575.2301,-83.96852,310.45193,576.90137,84.024086,426.67722,591.74835,-95.875755,396.11212,591.05853,135.45174,515.38354,574.7377,-84.98152,478.8578,571.48596,211.64455,517.77026,559.266,-84.05192,489.9176,561.7929,217.12701,552.6261,596.05896,-139.07669,502.80786,589.92993,183.16081
bp_down
IMG_20241017_113349.jpg,bp_down,2642.327,1289.5659,-1417.3142,2661.8838,1271.8329,-1375.0281,2667.654,1271.2015,-1375.3152,2674.063,1270.5555,-1375.7239,2643.1948,1265.5684,-1451.6018,2635.3657,1260.712,-1451.7601,2628.0503,1255.9695,-1451.9929,2670.894,1247.9745,-916.4328,2603.9707,1230.3423,-1254.9502,2636.0752,1300.1508,-1212.8558,2611.941,1290.344,-1312.4984,2670.5537,1246.1469,-292.15863,2447.454,1229.4915,-992.58276,2668.917,1401.0496,-13.487772,2320.0364,1354.4319,-1032.2505,2658.4214,1558.6155,-505.59814,2368.5334,1458.0502,-1313.1732,2666.4988,1592.8127,-593.8349,2387.251,1499.0265,-1443.8961,2656.695,1591.7046,-725.24695,2413.6035,1477.9242,-1494.8501,2648.873,1580.6216,-572.8962,2411.6667,1468.4176,-1331.6833,2420.9773,1555.7002,256.9229,2310.3096,1547.3589,-256.7972,2330.0898,1897.7994,227.8771,2110.9502,1966.4769,-680.8845,2243.2722,2209.1797,579.70044,1794.2845,2311.4824,-728.8817,2205.1045,2253.112,593.08234,1732.6304,2357.7314,-754.4728,2319.0903,2313.058,289.09543,1804.6172,2438.5225,-1247.2944
bp_down
IMG_20241017_114011.jpg,bp_down,553.9419,282.73663,68.8698,558.0843,274.0668,74.60001,557.3102,272.2859,74.58804,556.66547,270.70795,74.57092,559.4735,276.76077,49.595284,559.5654,276.74207,49.585205,559.64795,276.7505,49.5167,550.19696,265.31247,110.76347,552.8705,272.32486,-2.6182961,544.9925,281.04187,86.05087,546.64105,283.8819,52.982544,503.10223,246.50482,180.00038,523.1151,281.05676,-83.79615,456.38632,230.47853,288.0608,467.3137,267.6336,-207.90643,467.87103,268.52542,373.35904,476.07953,315.48187,-321.03387,474.30194,275.7826,397.38837,489.68283,321.85742,-349.7792,476.69296,278.5415,372.4078,492.36594,317.94485,-327.36142,473.38885,278.90186,365.2749,488.86908,315.32318,-313.782,400.5711,267.6032,87.973175,401.90082,285.1306,-87.94349,317.44043,287.21564,87.457466,310.2552,299.6811,-124.781815,235.95972,272.6983,115.00778,227.37831,277.21622,-153.06609,221.37325,260.32495,114.40003,214.36322,263.22464,-156.21396,217.6174,299.8877,87.05963,205.96841,307.66324,-196.26036
bp_down
IMG_20241017_114012.jpg,bp_down,550.5614,299.34488,76.12753,555.43524,290.91187,82.50235,554.92303,289.2423,82.48346,554.5024,287.59402,82.468414,556.05023,292.7056,58.591095,555.94696,292.28918,58.58986,555.8516,291.8294,58.52401,548.0489,280.61066,118.08838,549.3516,287.06384,9.920307,542.2783,297.33807,92.90239,542.83685,299.1689,61.355026,500.35992,258.66043,177.18765,519.82227,291.99637,-67.39894,454.47037,242.06396,269.0278,465.63037,283.3552,-175.00838,467.1151,279.21924,340.717,473.91483,324.5694,-266.55756,473.86084,286.5074,360.7271,487.87906,331.6062,-290.31586,476.6171,289.16898,338.12234,491.06213,327.56232,-269.8974,474.49768,289.68988,332.93716,487.20163,324.82907,-259.4108,401.09332,278.14423,85.1436,402.81235,295.7211,-85.12029,317.14142,296.32663,72.65259,310.60062,307.03445,-131.70474,235.10036,282.7526,89.574394,227.73376,286.1644,-173.22102,222.07205,270.88098,88.082054,210.27025,273.63828,-177.41595,217.41844,310.41986,61.285725,205.76907,316.28232,-216.90425
bp_down
IMG_20241017_114013.jpg,bp_down,551.99384,305.0418,73.789406,556.45264,296.30136,77.79882,555.7909,294.53622,77.77477,555.24603,292.89737,77.74803,557.8053,298.88364,56.20885,558.02954,298.6797,56.205856,558.2545,298.4827,56.149395,549.79553,287.0012,106.914024,552.3473,293.59967,9.06892,544.125,303.2685,88.50139,545.6096,305.82434,59.883144,503.38077,266.2285,164.39551,524.8763,301.67712,-63.894966,458.84772,246.76935,266.39847,470.34616,289.66385,-172.8629,468.87375,284.7397,356.605,475.76456,331.58932,-267.2079,474.03882,292.3388,378.85437,488.455,338.75204,-289.33618,477.46326,295.24268,357.87753,492.09634,334.99078,-269.47702,475.87576,295.05756,350.34277,488.65338,332.2983,-260.42554,403.757,283.49838,80.37616,406.45535,302.963,-80.36183,320.9104,299.67682,91.02761,317.0037,317.66953,-125.01282,239.77905,282.27853,118.06968,232.36655,296.51605,-160.14389,226.09584,269.42334,117.73688,217.95026,282.35138,-163.06882,220.8761,309.87747,95.41304,207.00461,322.71613,-195.98457
bp_down
IMG_20241017_114014.jpg,bp_down,548.9494,310.61768,61.683994,553.9233,302.662,67.295784,553.3252,301.11743,67.27605,552.8753,299.6563,67.25597,555.1474,305.02704,45.64027,555.29816,304.9943,45.63741,555.5034,304.93613,45.60577,546.6179,293.4458,102.55719,548.91736,299.81107,4.1368766,540.5918,308.99826,78.35223,541.8267,311.71707,49.50704,499.63675,270.91455,161.29893,520.9997,305.4345,-62.863914,457.73184,247.93462,262.01233,469.00528,291.85876,-172.75327,465.7468,287.61792,343.1814,472.6761,335.66907,-270.81027,472.69385,293.45676,364.776,485.84134,342.1407,-294.59644,476.11154,297.03485,341.901,489.37427,339.36884,-272.56845,472.28577,297.50345,336.17502,485.5456,336.76886,-263.25284,400.88437,286.72607,77.53116,403.35318,305.09247,-77.50453,317.4785,302.30936,85.05773,313.06158,317.88492,-113.12091,235.31871,286.47687,111.26369,231.37161,296.10464,-141.13177,222.99213,272.30612,110.9308,217.0619,281.88715,-143.43846,214.79967,312.35086,86.41935,204.92734,321.7852,-175.61633
bp_down
IMG_20241017_114015.jpg,bp_down,556.74506,287.0001,65.02483,560.2562,279.2788,70.949234,559.69135,278.10617,70.943954,559.1479,276.81635,70.924484,560.98364,280.72174,48.05791,560.94635,280.6144,48.056732,560.92255,280.49722,48.005913,550.64856,271.6927,104.87739,553.3173,277.53104,0.5666747,547.83203,287.49985,80.8291,548.87744,289.11188,50.433495,501.5827,258.72345,169.58838,523.17377,290.33667,-76.56078,459.38763,246.83412,278.75537,471.83658,291.52356,-187.67104,468.07263,280.36765,357.37042,480.22403,336.33096,-285.0171,475.32852,286.20346,378.98364,493.04446,342.37045,-310.49493,477.50436,291.60016,355.19952,496.3379,337.79724,-289.08612,474.9937,291.69592,349.69852,493.37152,335.22845,-277.3831,403.96768,288.23904,81.44025,404.72745,304.9198,-81.41981,320.76434,301.52612,85.5056,314.06412,314.80035,-120.3486,240.12538,286.90103,116.52713,233.87936,290.76218,-142.5415,226.56271,271.63663,116.337166,218.94034,274.52795,-144.27655,217.63756,315.79852,88.261444,209.12216,321.20502,-182.32793
bp_down
IMG_20241017_114457.jpg,bp_down,479.81458,374.79178,57.893673,487.54892,372.91025,64.9673,487.87054,372.25482,64.94818,488.23053,371.52777,64.908554,487.68652,372.28357,41.13017,488.06866,371.1594,41.12379,488.47162,369.97552,41.09309,488.86908,362.9648,98.29911,489.1509,362.77466,-9.99529,475.28036,371.63647,73.113884,475.1493,370.84854,41.19346,456.06058,337.72836,154.3837,467.3451,351.49637,-73.40285,432.4762,355.9947,256.1375,449.2525,389.4672,-140.68347,444.41705,394.15613,309.80487,457.54358,426.0861,-151.96515,451.97418,398.7489,327.0237,468.63855,432.58484,-166.8363,451.62524,399.9437,306.4376,470.789,430.8332,-156.79953,449.5084,400.99115,301.7739,466.03613,427.56845,-147.24911,369.48868,349.11755,76.53781,370.57944,358.72845,-76.47379,304.28888,383.1004,44.99472,304.33493,387.4138,-64.44836,235.23419,391.8564,39.98686,231.99855,396.4129,-91.451355,219.37848,387.59033,37.61008,216.20851,392.62668,-95.75279,238.12639,425.1036,9.613715,234.44263,429.75333,-132.00858
bp_down
IMG_20241017_114502.jpg,bp_down,512.67206,398.2065,24.701782,516.97375,392.26904,31.264906,516.6646,391.74316,31.253864,516.249,391.26062,31.220701,516.62177,392.17056,9.162602,516.1456,391.6198,9.147713,515.4965,391.11493,9.132641,509.08002,385.9907,70.43372,507.6803,387.02924,-29.969223,506.13843,399.54788,42.03722,506.11856,399.19888,12.831569,473.95517,378.08963,133.83783,479.91785,397.16605,-98.61165,436.47305,392.73486,211.42113,439.11243,416.81335,-200.3762,451.07245,409.37784,232.01297,459.52252,440.53464,-269.8692,455.65195,412.16113,243.43803,470.9558,444.57645,-292.7484,462.12683,413.5598,224.9614,472.351,440.3536,-279.77612,460.49774,414.09192,224.12453,468.78464,438.39703,-265.468,385.41284,401.3848,77.127655,384.01462,415.84143,-77.119,320.6311,416.0885,97.08005,314.72052,427.44376,-76.88168,255.59285,406.57217,130.14616,245.2699,411.94678,-64.5723,240.76172,396.69345,131.38602,232.94687,399.92587,-62.487617,237.26366,431.142,115.810005,225.23701,439.4975,-92.25313
bp_down
IMG_20241017_114503.jpg,bp_down,515.6096,398.5563,35.713757,519.1707,393.04337,42.456707,518.87897,392.5332,42.453518,518.64294,392.04745,42.423386,519.01355,392.94467,21.906885,518.66144,392.3483,21.904406,518.33075,391.7655,21.906355,513.36865,387.75607,78.93956,512.8088,388.47888,-13.8028555,509.79446,400.18683,51.62991,509.92004,399.89468,24.628359,477.04938,377.67368,138.57262,485.48688,393.58575,-76.49018,442.3155,393.19348,209.14072,447.778,410.77853,-178.10515,452.5121,414.61237,226.42953,466.21497,443.62396,-260.9823,461.55762,413.64423,235.62062,477.14902,447.98154,-284.7128,461.9616,414.28854,218.10016,478.14462,443.8454,-270.6867,458.28098,415.97943,218.91188,474.57294,441.83704,-256.36182,391.5278,402.56155,69.96279,391.2182,415.9225,-69.93586,325.56665,417.90936,72.1081,320.97504,430.01215,-94.34246,258.78424,409.43298,99.08228,247.66373,415.473,-110.885376,245.7463,398.8166,99.1683,236.71358,403.2511,-113.16114,244.04115,431.43896,76.19587,231.51416,441.86902,-151.82529
bp_down
IMG_20241017_114504.jpg,bp_down,516.6105,402.19708,40.241177,520.2693,397.0826,46.633698,519.9574,396.3992,46.626007,519.6489,395.71008,46.599697,520.3166,397.34802,26.380697,520.05383,396.87723,26.3744,519.76465,396.4257,26.371616,513.78076,390.29733,81.630035,514.7906,393.30978,-9.572303,510.4587,403.26956,55.676834,510.5045,403.5547,29.088787,478.20328,380.5673,139.57283,488.32678,398.40918,-70.0322,442.12912,395.17505,202.54166,450.17914,414.2844,-169.53111,455.0293,415.87195,217.14204,466.93195,444.6394,-254.54915,462.17917,414.14978,226.26651,478.6181,449.15265,-278.83597,463.123,416.79437,208.79478,479.2812,445.4901,-264.4606,462.46735,424.54547,209.69456,474.9192,442.99887,-249.97884,392.16333,405.0357,67.69445,392.94104,419.17108,-67.64961,327.24268,421.50198,66.576454,321.56656,432.45865,-97.050934,260.279,411.96652,90.396034,249.98888,416.54123,-120.44074,247.51726,401.86224,90.08141,238.3672,404.6492,-123.58578,246.38603,431.10028,64.87738,233.39021,443.0127,-163.1956
bp_down
IMG_20241017_114504~2.jpg,bp_down,516.10583,404.6574,37.133633,519.9055,399.1145,43.229317,519.60455,398.44473,43.222687,519.2449,397.76666,43.186954,520.0544,399.52438,23.19379,519.8656,399.09082,23.194588,519.60236,398.6401,23.195778,513.6111,391.93573,76.63914,514.8844,395.07022,-14.146752,509.85107,405.14774,51.868553,510.2486,405.55206,25.446339,478.03122,379.9114,132.7021,487.78314,397.43066,-73.69572,443.51218,394.6436,209.84706,451.5658,414.95923,-174.31154,455.2439,415.27124,242.1314,467.1437,445.38873,-256.74692,456.4412,421.0677,253.52457,478.8113,449.75,-279.5378,462.7892,415.79813,236.04697,479.59296,446.0274,-266.31165,460.62036,416.69513,235.15434,475.41928,443.70578,-252.51675,393.09094,404.8194,67.59605,393.5252,420.15454,-67.55287,327.59253,421.0464,76.170944,322.6439,432.58206,-91.51659,261.51938,412.68048,104.94614,250.03413,418.03522,-108.921486,248.50375,402.05133,105.1007,239.06993,406.28763,-111.25619,248.8519,430.93063,81.28514,233.54805,444.0157,-150.02681
bp_down
IMG_20241017_114505.jpg,bp_down,516.6109,395.60287,34.43646,520.6254,390.46277,41.362354,520.409,390.0881,41.352444,520.23334,389.7517,41.314507,520.5312,390.2596,21.673098,520.28046,389.7008,21.673248,520.02014,389.15018,21.677654,515.2899,386.0103,79.15878,514.48395,385.61987,-9.766205,510.678,397.53848,50.78698,510.6883,397.06305,24.850874,479.95572,375.9312,138.86899,488.55264,388.32632,-70.884895,448.80948,392.95377,221.44766,457.8882,410.9478,-175.08626,455.52148,412.2996,253.52003,471.36154,442.7836,-263.62027,456.82053,415.3764,265.00134,481.63123,447.28632,-287.54538,460.93665,411.3166,247.8439,482.19302,443.56308,-273.39047,459.5276,412.97736,246.80014,478.63315,441.23868,-258.96356,394.1042,402.941,66.76177,395.1446,415.32477,-66.728836,329.36212,420.91232,53.703835,324.69885,431.02463,-90.22314,260.78687,406.6209,71.727516,252.20506,410.09448,-107.20207,246.13242,397.3337,71.00961,239.05933,399.35294,-109.06464,250.46048,429.60696,45.85404,238.54266,440.4751,-143.33568
bp_down
IMG_20241017_114506.jpg,bp_down,266.7924,607.3112,-692.4207,273.42126,600.11176,-716.6233,278.4216,598.8442,-716.56586,282.98364,597.6604,-716.5567,260.03473,598.7846,-715.6199,256.2589,597.2204,-715.74054,252.69075,595.62085,-715.6705,292.49103,583.39624,-663.7305,244.84825,579.24786,-657.0269,273.81622,607.78754,-653.26514,261.209,607.48224,-651.779,326.63068,558.0707,-501.47318,215.33154,558.69653,-521.7151,381.4652,593.56635,-363.2035,142.38118,590.5264,-460.43933,361.03833,662.6342,-332.0279,157.46935,662.9843,-457.435,371.31464,676.0981,-359.83112,147.19489,676.3591,-502.65366,355.98843,674.3355,-377.69754,160.45535,677.3231,-511.589,349.0312,669.6837,-337.95135,170.3707,672.6111,-461.95593,300.31796,603.25195,5.8261933,234.86137,595.79675,-5.937676,301.34732,590.5622,418.18454,229.25417,577.3926,423.7115,294.00616,564.1511,856.59344,239.53697,561.9722,840.6355,289.2597,555.1467,906.4174,243.05554,554.7837,888.3387,298.95114,581.1317,920.6941,242.03267,580.7982,899.29126
bp_down
IMG_20241017_114842.jpg,bp_down,1025.0209,3028.8835,3.2160618,979.0251,3001.421,-99.19084,977.4259,2993.9812,-99.34407,975.8479,2986.089,-99.5749,978.28015,3003.321,28.53928,976.2912,2997.4602,28.541206,974.28375,2990.9475,28.04811,988.71124,2914.8433,-359.87674,986.7585,2918.224,205.2323,1069.9746,2999.0798,-68.325775,1067.199,3001.1797,97.51125,1215.9471,2820.2185,-522.80054,1213.5708,2735.1118,558.87463,1564.7913,2943.5486,-772.2304,1566.9753,2792.6536,928.3264,1422.8152,3244.596,-805.83105,1431.105,3036.2876,1056.8545,1340.7543,3294.302,-903.9546,1335.2184,3028.652,1124.6385,1310.1543,3257.8293,-785.92566,1331.5457,3040.769,1035.2323,1338.619,3234.917,-756.5522,1352.8254,3047.757,1022.77496,1942.7137,2802.8672,-349.82047,1923.293,2713.2632,350.67935,2457.3923,2941.2812,-258.95102,2387.0442,2891.172,608.2913,2968.6218,2946.2598,-68.96997,2860.6099,2902.1184,982.30096,3097.7754,2931.0278,-48.25696,2906.4517,2867.7656,1018.4415,3088.7578,3087.3413,-165.46213,2888.8528,3068.3547,918.5259
bp_down
IMG_20241017_114843.jpg,bp_down,1021.1157,3051.1394,58.063515,976.45087,3028.809,-50.947243,974.4536,3022.7832,-51.039745,972.3518,3016.3564,-51.137062,975.6893,3026.907,90.68671,973.22736,3019.9658,90.66593,970.53784,3012.355,90.14501,984.0096,2947.9712,-337.98868,980.3701,2942.4324,289.45007,1063.7673,3019.9927,-21.94399,1061.1719,3018.0134,161.58472,1211.2496,2851.7305,-561.53357,1191.0056,2739.288,673.48193,1582.1813,2937.6577,-853.3261,1568.1187,2769.9543,1013.4145,1428.3768,3248.9136,-889.53174,1451.528,3005.7139,1124.7164,1343.602,3294.9524,-999.8555,1345.344,3007.6526,1202.8682,1314.3738,3263.6177,-856.88275,1334.843,3024.0327,1112.6964,1339.5443,3244.879,-831.28595,1366.394,3031.076,1090.9767,1922.0566,2830.4321,-422.6539,1906.5642,2714.9253,423.58545,2454.9048,2947.0437,-324.48874,2424.8323,2860.3772,448.32172,2971.6445,2944.5042,-81.31916,2925.6455,2899.49,677.9566,3095.2686,2913.02,-55.09388,2985.5579,2866.9485,691.9324,3164.2734,3114.739,-193.07799,3034.2659,3007.9658,464.83224
bp_down
IMG_20241017_114843_1.jpg,bp_down,1035.9271,3052.5208,58.426704,993.13696,3030.5996,-48.46217,992.00616,3024.8074,-48.613,990.71124,3018.42,-48.76724,990.8272,3029.688,88.4779,988.10834,3023.567,88.45992,985.21094,3016.5352,87.974594,1004.4558,2956.3926,-329.66626,999.2741,2952.2603,277.44366,1082.2097,3024.1414,-19.372782,1077.2614,3024.811,158.44342,1226.6715,2879.4546,-560.34674,1197.5134,2755.7876,667.05414,1570.1753,2951.6365,-875.0125,1556.8857,2794.977,1081.7458,1411.6897,3256.6343,-958.13324,1420.0895,3029.8274,1263.5886,1335.4537,3301.2307,-1071.3055,1312.28,3032.1118,1354.1349,1307.7655,3269.7656,-935.0813,1298.861,3044.1133,1261.2935,1328.6652,3249.8672,-902.7144,1331.0917,3049.073,1230.4258,1943.76,2839.6016,-407.0352,1918.7329,2730.692,407.74857,2452.9832,2952.4016,-252.9913,2398.376,2876.4883,517.0846,2940.509,2936.9712,19.199055,2900.7332,2899.0293,793.1989,2984.7407,2913.6594,50.011307,2939.445,2864.2625,815.7187,3051.2712,3069.294,-67.75382,2982.6335,2996.0662,634.38513
bp_down
IMG_20241017_114843_2.jpg,bp_down,1030.7393,3082.2583,-6.5189734,987.4559,3061.4707,-111.39949,985.7243,3054.5515,-111.46124,983.5434,3046.9849,-111.56939,986.8204,3060.5662,25.282888,984.9762,3053.524,25.22724,982.699,3045.5713,24.821394,988.9318,2973.9592,-379.7298,988.5603,2969.498,227.10551,1071.4637,3046.5994,-81.799774,1069.3978,3044.8328,96.35519,1207.137,2867.6565,-578.52356,1210.6692,2759.1875,601.6434,1558.2388,2944.3154,-886.2013,1563.9727,2798.2786,987.7342,1424.729,3254.3909,-966.6444,1450.4995,3062.7131,1147.6791,1339.1803,3294.5593,-1078.8492,1372.8658,3077.6733,1231.3809,1311.6936,3270.2153,-937.5691,1355.0702,3092.7603,1134.0769,1340.6108,3253.2185,-909.0481,1380.7831,3092.6538,1112.3135,1921.6841,2846.57,-406.9236,1917.1915,2746.9575,407.6985,2460.965,2954.793,-277.89407,2419.8618,2877.8157,481.75665,2964.9106,2945.9404,-32.759045,2913.1062,2896.5413,761.43585,3015.1592,2917.2466,-6.009619,2955.8518,2856.6633,782.3779,3104.285,3073.173,-142.02844,3010.9312,3003.708,583.21545
bp_down
IMG_20241017_114844~2.jpg,bp_down,425.0735,344.53778,-86.27696,429.15985,345.44766,-106.00951,431.76215,344.68948,-106.059425,434.48065,343.57098,-106.11943,420.62003,345.40628,-110.173584,417.36682,344.5616,-110.17372,414.54254,343.99963,-110.18943,437.4979,336.26013,-142.52533,409.8456,337.3721,-160.45935,428.38004,338.6134,-91.19487,418.56326,339.33844,-96.27789,456.995,300.42084,-130.29207,381.2953,301.81366,-146.16492,480.7908,283.43042,-41.35949,337.96765,292.36163,-77.387955,464.33005,329.8299,-1.7975835,354.33243,334.45346,-43.086235,468.83936,339.26865,-15.341946,352.59198,344.06937,-55.40614,462.9182,340.5763,-26.440191,362.02652,344.67273,-65.525505,457.73386,337.1598,-5.307367,365.35834,341.2584,-46.35092,414.32263,259.0869,9.249818,385.3328,263.75534,-9.017769,408.04056,254.49649,186.7493,386.95947,261.49747,186.48802,406.16995,240.90941,390.00092,381.84778,244.00006,381.94656,404.6758,234.04189,414.55127,382.41418,236.3798,404.3801,411.04187,259.1146,431.83356,392.8767,259.96252,415.0103
bp_down
IMG_20241017_114845.jpg,bp_down,150.00208,594.7979,-37.133022,139.79312,589.0197,-59.869698,139.8318,587.47736,-59.911736,139.87634,585.7038,-59.94818,139.16217,589.49896,-28.951622,138.77887,588.39496,-28.947931,138.3582,587.1079,-29.088957,143.25497,570.2914,-117.26054,141.3587,572.4168,19.457787,159.61671,589.604,-53.742783,158.91887,590.0585,-13.74828,200.38846,542.5756,-156.9873,194.28627,538.544,103.187065,271.23245,546.173,-232.5676,259.22174,544.5815,201.09863,241.5517,615.98395,-265.5606,233.65099,599.3282,256.4452,218.99858,625.59607,-293.2347,214.82974,605.393,275.60562,212.62021,619.9203,-266.24615,212.7059,606.1228,253.6577,218.51764,615.9398,-255.65582,219.3482,603.65375,248.26216,357.3915,547.37787,-84.361015,352.37848,544.2182,84.552795,468.359,572.62054,-55.77909,458.18036,575.1538,98.74087,577.3777,578.70276,-11.390642,562.3413,572.9402,145.77255,594.3334,570.31915,-9.7317,580.0974,565.89667,148.13573,582.43445,623.1621,-69.12985,570.6205,617.58624,100.17633
bp_down
IMG_20241017_114846.jpg,bp_down,150.71834,600.38367,-15.556834,140.24268,595.1308,-39.819168,139.77083,593.5172,-39.870068,139.24043,591.8292,-39.90938,140.22452,595.6461,-8.100367,139.75255,594.44525,-8.127595,139.16658,593.057,-8.274436,142.05316,576.4796,-102.09949,141.74182,577.22754,38.662354,159.53595,593.6404,-33.225426,159.34087,594.24774,7.8711824,197.29518,546.0342,-149.2981,198.50577,539.3616,125.42451,270.7752,551.88873,-230.6977,266.52664,540.97095,225.54381,240.25372,615.74023,-264.47552,239.64586,593.6338,285.1962,219.41345,626.05615,-290.83005,220.09181,599.6498,305.59644,213.61182,619.55426,-264.53064,217.94489,599.56866,286.2489,220.42351,614.9098,-254.45952,224.14862,598.17236,278.12616,355.45273,553.4932,-90.674835,353.09598,543.3302,90.853775,464.8006,578.35925,-44.12795,455.88086,576.7294,118.24821,575.28186,578.6613,19.23453,560.4757,572.4323,182.67204,592.42926,569.7054,23.92679,578.39056,564.8279,187.16118,583.4772,625.0168,-23.873909,571.1631,618.1062,144.04082
bp_down
IMG_20241017_115235.jpg,bp_down,1407.0146,3619.9648,-723.76917,1445.3619,3628.7527,-842.6837,1473.4617,3627.9236,-842.9074,1498.9291,3624.2683,-843.42957,1372.3849,3621.9482,-830.0313,1349.728,3618.1467,-830.0457,1328.4595,3612.6736,-830.2536,1535.9441,3512.7573,-980.47894,1274.2137,3515.516,-925.8611,1454.0046,3561.5972,-723.45795,1368.8562,3556.484,-706.9486,1717.4677,3265.326,-846.71466,1151.6295,3251.6624,-756.91565,1931.7803,2977.7705,-475.9272,989.58044,2952.2805,-336.48895,1834.8965,3343.758,-211.73335,1061.5258,3311.8933,-4.296461,1911.2544,3418.0784,-229.3509,1000.9702,3383.4602,4.262883,1806.6478,3428.3855,-230.19853,1060.4749,3393.396,-5.5765996,1775.816,3397.9658,-199.09248,1100.0721,3368.314,7.1666975,1562.741,2878.388,-15.485091,1345.6483,2860.364,15.741396,1549.5839,2730.0698,933.9542,1388.5295,2744.9324,947.19464,1511.8235,2588.1467,1882.8132,1438.5454,2583.1182,1902.4054,1503.9984,2535.8623,2001.8752,1442.3867,2540.5317,2024.1421,1530.8591,2704.916,2206.3884,1427.9933,2694.6228,2205.52
bp_down
IMG_20241017_115236.jpg,bp_down,1409.4528,3619.9692,-738.9991,1439.9368,3630.9878,-861.37134,1465.9014,3633.082,-861.593,1487.815,3632.519,-862.14667,1376.2275,3624.1143,-855.49725,1353.1821,3621.418,-855.56805,1330.603,3617.0703,-855.7445,1538.0428,3532.1572,-1016.0351,1281.0314,3536.8303,-991.7913,1445.9731,3564.7021,-743.85077,1369.5809,3561.9265,-736.0685,1711.6821,3286.4617,-888.4002,1153.5386,3260.0547,-823.12683,1928.7333,2985.0886,-521.49194,954.51733,3035.61,-387.1087,1829.7415,3340.6245,-261.77692,1077.6188,3318.7832,-18.377974,1899.3058,3418.5525,-278.27115,1015.59576,3385.401,-8.062999,1809.371,3428.2454,-284.22562,1080.2054,3399.4792,-14.701595,1778.2449,3395.0408,-250.85864,1116.2175,3376.981,-5.131115,1558.1029,2888.4475,-13.733349,1349.4875,2870.629,14.044073,1549.6421,2739.8604,964.8226,1404.7499,2744.897,985.3152,1520.6805,2592.4333,1939.7339,1439.6118,2580.7139,1949.0188,1517.7654,2532.2505,2060.6418,1444.257,2533.763,2070.231,1519.3212,2713.849,2249.6106,1435.2186,2700.5156,2240.3826
bp_down
IMG_20241017_115236_1.jpg,bp_down,1418.8918,3629.1123,-885.93884,1452.4773,3637.0686,-984.6703,1479.2626,3637.5515,-984.8003,1503.7344,3635.0833,-985.21045,1380.7003,3641.9675,-974.5817,1354.1307,3628.5574,-974.6481,1328.8304,3623.2065,-974.85394,1545.0833,3565.7197,-1056.8499,1276.7382,3536.1023,-1014.49896,1462.1174,3589.4304,-864.8135,1374.7227,3584.7178,-852.12994,1709.4703,3310.3794,-866.54553,1156.6107,3304.9067,-796.82367,1915.7491,3084.2747,-539.1532,982.37854,3084.6958,-399.33344,1831.2463,3353.0898,-288.2011,1078.4011,3340.2112,-33.771896,1892.6484,3421.6343,-290.4818,1019.6443,3399.1838,-7.225873,1797.0536,3435.8972,-283.4638,1090.5835,3411.669,3.0512147,1773.8868,3409.9036,-270.40585,1124.6293,3389.0513,-11.801361,1563.9795,2921.112,-34.52456,1342.6898,2902.8972,34.370663,1557.391,2763.3723,896.5577,1403.7596,2773.22,930.73584,1519.9847,2609.726,1816.6835,1437.7858,2598.8591,1827.8318,1514.3947,2547.7078,1928.396,1435.7526,2552.119,1941.321,1542.7963,2707.429,2101.4575,1437.6407,2698.932,2094.0486
bp_down
IMG_20241017_115237.jpg,bp_down,1404.6619,3629.5923,-778.73737,1438.2103,3657.0984,-927.7916,1465.334,3661.038,-927.9858,1490.4192,3662.3442,-928.43085,1374.1445,3646.6978,-926.30676,1351.1619,3643.281,-926.4063,1327.6366,3639.103,-926.67426,1529.8182,3560.076,-1159.8192,1275.8629,3557.9502,-1156.2396,1444.6416,3574.817,-802.971,1366.4851,3575.6316,-801.62366,1713.4003,3302.1736,-1068.3687,1145.521,3289.2102,-980.4344,1942.5337,2986.2756,-626.98755,944.1907,3048.8152,-501.72992,1842.9467,3348.4697,-289.88513,1079.5199,3326.4966,-128.65295,1913.3552,3420.207,-332.14267,1019.7342,3395.1443,-143.10721,1827.251,3432.9934,-349.24475,1075.9072,3409.3762,-165.13483,1790.5492,3404.826,-285.25812,1115.4133,3386.664,-122.52732,1568.2588,2912.8347,-22.352299,1350.6989,2898.5574,23.033838,1545.3441,2764.121,1131.5248,1399.97,2765.9429,1161.191,1509.9276,2607.1545,2346.8457,1424.5677,2609.0508,2304.1104,1504.8239,2548.4937,2497.9077,1420.4934,2567.2852,2445.3643,1517.9575,2728.3088,2681.1968,1417.4878,2712.748,2597.4683
bp_down
IMG_20241017_115238.jpg,bp_down,238.96373,633.003,-161.42519,244.989,633.185,-179.10068,247.76335,633.19995,-179.16296,250.50992,633.1646,-179.27182,237.06662,632.3359,-181.16324,234.65236,631.59436,-181.16992,232.17079,630.80225,-181.19287,257.2759,626.2053,-207.77411,229.3285,622.02844,-215.66933,242.43983,628.52954,-163.5809,234.07384,627.27765,-165.88806,279.27515,601.1621,-174.50562,206.0233,597.56885,-186.03152,311.17264,604.60187,-126.63863,174.70657,598.21625,-119.56278,340.61398,642.30786,-106.31109,169.12627,632.2006,-86.027336,336.4571,642.7239,-122.90524,161.84554,640.90393,-100.73219,331.83643,646.4365,-126.12966,175.47963,646.2778,-105.210014,327.0003,643.18726,-107.36203,179.0372,643.844,-86.594795,267.85138,554.86383,1.6321216,228.099,554.5403,-1.6760318,301.8991,583.02246,136.97997,211.04445,589.4111,158.24414,309.91962,590.5508,331.82428,197.98395,603.9549,367.06683,309.29007,589.65826,356.47247,192.56369,601.706,389.96204,318.26248,603.02,365.23758,198.92143,622.12946,389.16116
bp_down
IMG_20241017_115239.jpg,bp_down,258.08112,630.1067,-171.97119,262.61673,631.25653,-187.59962,265.06006,630.98663,-187.61798,267.4978,630.6947,-187.64008,255.19733,630.4001,-190.63536,252.90196,629.5682,-190.61935,250.56319,628.73175,-190.6637,273.19797,622.7246,-212.92703,247.3736,619.3176,-225.70084,262.02127,624.99316,-173.86699,253.7784,623.88293,-177.70277,291.5627,601.91516,-159.01712,231.157,596.61127,-177.6905,308.84915,604.63745,-92.239006,198.23114,600.98956,-127.251,309.43408,635.683,-30.963604,173.46707,633.608,-77.92016,314.58893,645.1856,-42.6135,167.06357,643.89185,-92.28686,319.79852,646.5027,-44.71727,171.15497,643.91693,-90.34263,307.13312,643.4165,-31.092493,174.25873,642.44385,-77.0418,290.40283,555.57324,9.290383,252.24141,548.64825,-9.346974,329.69223,590.222,11.548155,221.12628,589.7052,85.86958,345.98923,636.2705,88.02088,187.76854,637.1755,181.24084,345.6055,638.99927,97.51328,181.97363,641.1742,190.14293,364.14267,650.9303,53.32583,187.22447,658.5077,160.07729
bp_down
IMG_20241017_120808.jpg,bp_down,1570.7946,3604.7893,-862.54987,1610.8832,3598.6377,-989.2852,1636.7493,3594.2742,-989.7674,1662.1658,3587.833,-990.58044,1539.0803,3593.295,-970.9829,1512.9619,3585.8865,-971.16943,1487.286,3578.1514,-971.40295,1697.9102,3485.8503,-1125.2778,1427.2003,3493.9614,-1045.9785,1610.1364,3555.5144,-864.5179,1524.5565,3554.2288,-840.1489,1892.6974,3202.858,-965.6144,1274.0676,3202.618,-902.30774,2110.6685,3016.1055,-640.9239,1056.9594,3036.0005,-533.898,2041.3722,3450.0454,-460.5609,1126.2351,3456.7275,-276.7973,2110.6545,3540.0486,-522.6197,1070.3318,3539.8079,-313.33887,2020.3057,3542.5852,-512.31616,1146.2982,3543.0728,-347.41907,1977.3187,3502.3418,-449.85986,1186.8243,3509.7546,-280.33832,1722.674,2834.8625,-3.8070698,1482.7843,2811.9954,4.07817,1712.0803,2759.7842,1054.8313,1487.493,2800.281,1083.1583,1687.7134,2624.6592,2139.42,1554.5298,2640.735,2207.0593,1689.8989,2553.3596,2276.1697,1560.107,2589.3433,2340.2693,1681.5015,2720.2478,2431.762,1571.0138,2755.1658,2475.7104
bp_down
IMG_20241017_120809.jpg,bp_down,1555.8334,3626.0603,-808.827,1594.9564,3619.574,-909.6303,1621.3993,3620.2798,-910.1405,1647.3271,3618.0154,-910.9605,1520.9652,3603.0627,-897.2261,1495.299,3594.4539,-897.43604,1470.1257,3586.4949,-897.6671,1678.7645,3488.8306,-992.227,1415.9805,3484.8032,-936.8081,1596.3344,3565.864,-796.7561,1519.193,3565.1006,-779.181,1893.4133,3219.9858,-829.18085,1266.9259,3202.639,-814.84534,2113.8928,2993.0427,-501.55444,1053.0701,3015.1606,-493.32855,2041.4102,3441.2578,-288.93802,1127.3308,3444.9153,-226.2283,2109.3071,3528.2043,-320.736,1070.0542,3532.7449,-248.39104,2017.637,3531.1003,-317.32812,1142.2853,3536.277,-258.2086,1976.0339,3491.5408,-277.15744,1186.3896,3499.335,-219.9558,1722.9502,2834.9539,22.97768,1480.0411,2813.0435,-22.595686,1710.0927,2762.2751,968.7054,1510.5094,2757.9268,974.71124,1694.8516,2628.6196,1924.2723,1557.572,2653.285,1961.0884,1698.5072,2560.8684,2044.5895,1568.1744,2595.349,2078.1436,1668.2317,2756.9507,2238.98,1555.0302,2762.431,2254.884
bp_down
IMG_20241017_120809_1.jpg,bp_down,1569.8048,3612.524,-1322.6805,1611.3998,3631.827,-1514.5304,1639.352,3628.637,-1514.6964,1666.197,3622.8574,-1515.3265,1533.9742,3622.7979,-1506.3937,1510.2667,3615.466,-1506.6976,1487.6241,3608.0913,-1506.8105,1724.0546,3530.384,-1752.7156,1440.1509,3525.012,-1723.6165,1614.9841,3563.4246,-1328.5194,1524.98,3537.6267,-1319.2694,1922.3289,3240.344,-1560.712,1259.3917,3233.9219,-1492.064,2116.5464,2982.61,-975.6151,1059.0408,3004.8667,-888.6054,2056.176,3409.0151,-618.2151,1125.309,3448.3364,-526.67615,2109.7495,3518.6733,-729.48676,1081.8489,3535.4954,-604.8713,2031.416,3522.9177,-743.60736,1143.4475,3535.8525,-670.99493,1994.3971,3479.859,-617.75635,1178.7853,3501.9111,-543.8168,1725.2458,2821.3135,14.105258,1469.7761,2810.4985,-13.808797,1690.0946,2730.4812,1731.5599,1497.3992,2771.6843,1719.3993,1674.4526,2608.8408,3486.7559,1543.8564,2635.473,3474.0393,1679.049,2541.7976,3704.9446,1555.0947,2582.091,3685.917,1644.284,2723.318,3935.9858,1533.2759,2737.8271,3887.6453
bp_down
IMG_20241017_120810.jpg,bp_down,1564.5631,3669.0454,-2573.4102,1600.6193,3671.2595,-2846.155,1628.6931,3661.9724,-2845.7114,1656.1221,3653.4282,-2845.9478,1532.1172,3665.2793,-2855.5532,1510.052,3658.8845,-2855.7163,1487.7107,3647.6042,-2854.5305,1717.5438,3546.092,-3072.2336,1432.8525,3548.1074,-3109.0615,1598.475,3584.749,-2516.2983,1536.6073,3586.526,-2528.8105,1917.0278,3250.3674,-2610.451,1263.7386,3241.4602,-2564.3203,2121.3267,2964.509,-1501.3499,1052.735,2983.1033,-1498.788,2049.3977,3404.1067,-817.06616,1115.46,3424.0872,-949.0028,2104.7493,3527.788,-986.94995,1060.0297,3527.0134,-1131.736,2024.4125,3523.2656,-1012.77155,1122.725,3530.365,-1180.5221,1981.6534,3474.2368,-813.9071,1162.63,3491.125,-958.3217,1729.9655,2829.4287,7.7098966,1478.5098,2819.1785,-8.031306,1734.7089,2745.7559,2711.9802,1490.0536,2755.2988,2844.0479,1690.9191,2612.2622,5539.9814,1544.285,2630.7095,5559.8794,1694.2563,2555.2864,5894.7856,1544.1514,2584.555,5895.2656,1644.7069,2767.0151,6482.523,1525.8656,2747.8992,6424.225
bp_down
IMG_20241017_120813.jpg,bp_down,276.68326,590.65674,-143.54604,281.33856,589.5751,-142.22012,282.82526,590.3945,-142.26102,284.32623,591.1592,-142.32454,277.3375,585.7013,-144.65933,276.43994,584.07715,-144.6927,275.49493,582.4157,-144.77953,290.85098,587.3771,-116.39626,277.15482,573.84235,-126.76648,279.19446,590.956,-131.88248,274.99136,586.95276,-134.81836,301.88657,583.1317,-88.101814,271.34958,565.77454,-96.88975,298.93115,588.646,-90.712265,238.85236,574.5106,-115.232124,288.286,604.5748,-123.15707,231.7466,598.1245,-124.96714,291.66876,609.6462,-137.1433,232.58139,602.7735,-142.5066,287.72104,607.5754,-144.03448,238.09622,602.28784,-145.26576,285.825,604.1399,-127.05165,238.64093,600.582,-127.1344,344.85883,528.7927,-7.6688457,324.5514,527.969,7.690073,363.9933,563.4728,-117.22261,326.60834,556.3382,-90.25291,380.83832,616.91785,-167.72345,343.98373,599.19366,-138.1491,377.17456,621.45026,-171.64452,348.247,600.3254,-142.92899,369.20395,652.2885,-204.97922,340.64883,623.9025,-171.196
bp_down
IMG_20241017_120833.jpg,bp_down,1585.1832,3614.8782,-879.07666,1619.0629,3595.7817,-1028.7299,1644.6598,3589.5322,-1028.8599,1668.5143,3568.8806,-1029.2888,1558.7164,3592.5093,-1016.1173,1539.847,3586.1965,-1016.5423,1521.4625,3579.0056,-1016.85004,1718.6025,3497.3948,-1254.8546,1483.6249,3511.9292,-1205.9858,1629.2495,3532.0632,-902.9773,1547.1475,3570.1882,-888.33545,1894.8066,3277.5508,-1130.6082,1299.1257,3266.9897,-1031.1597,2095.0984,2918.0208,-635.9939,1127.5894,2896.8557,-541.0823,2040.4097,3320.0244,-246.93556,1205.9071,3303.0046,-156.96631,2081.304,3401.5469,-288.80545,1172.9014,3382.1733,-170.04767,2031.0682,3425.0032,-300.5797,1219.175,3388.1,-222.36476,2000.6826,3397.629,-236.93669,1251.4584,3361.5369,-164.82745,1745.2664,2755.6997,5.1871853,1497.9907,2756.6287,-4.966447,1708.9246,2657.2554,1277.5272,1527.9926,2667.1194,1335.6926,1672.4388,2552.1245,2574.5254,1553.8961,2555.9412,2608.9688,1666.2013,2497.8193,2734.8918,1558.7681,2494.8489,2764.8694,1653.5278,2650.3145,2914.2737,1560.1323,2663.3586,2942.2092
bp_down
IMG_20241017_120833_1.jpg,bp_down,1606.174,3550.2502,-857.35516,1640.1084,3548.0684,-985.45935,1666.3425,3540.43,-985.6618,1691.3668,3532.259,-986.1289,1578.4838,3549.3552,-978.56384,1560.1704,3546.0417,-979.0104,1542.16,3542.0813,-979.33484,1735.2659,3458.8774,-1150.7168,1499.7262,3479.5698,-1125.7195,1643.1753,3500.9817,-863.7083,1568.6487,3501.1118,-855.61566,1902.3151,3243.787,-1011.70355,1308.1467,3232.5925,-978.22736,2094.9656,2912.182,-545.1557,1125.0459,2892.566,-539.50037,2043.0576,3289.7905,-197.34386,1208.2427,3288.1252,-213.75635,2079.6406,3378.9248,-232.00545,1169.3997,3369.919,-238.51823,2025.1804,3401.2249,-250.73302,1224.5555,3370.0066,-277.1823,1994.6986,3371.6191,-190.74998,1255.5944,3339.1948,-218.20435,1738.8119,2738.5037,28.832397,1494.0415,2734.9236,-28.667536,1694.6002,2641.1416,1216.3647,1521.5525,2654.5703,1226.1042,1661.4756,2530.891,2456.0789,1544.0342,2536.452,2431.137,1656.9172,2478.7395,2611.0347,1554.2561,2477.5374,2577.8936,1649.3073,2639.912,2815.319,1563.7845,2633.5054,2762.2173
bp_down
IMG_20241017_120833_2.jpg,bp_down,1600.6423,3557.827,-1137.9457,1633.1946,3560.2178,-1322.1677,1659.3945,3554.2512,-1322.2377,1683.7762,3546.4663,-1322.6099,1569.1636,3560.3938,-1315.5112,1550.4697,3556.839,-1315.9227,1532.6854,3552.6226,-1316.206,1728.0367,3472.33,-1581.3392,1493.8197,3490.5662,-1559.9504,1645.7124,3503.1187,-1157.1439,1561.1222,3508.028,-1150.6284,1897.2244,3252.6626,-1401.1909,1302.4453,3248.6943,-1353.1748,2106.8506,2911.0098,-764.37067,1125.636,2892.3596,-745.51154,2041.2228,3301.029,-286.83926,1216.5128,3294.3972,-315.68155,2077.3608,3387.3079,-366.8628,1174.9927,3372.2405,-367.2362,2024.3751,3409.4277,-394.7604,1227.1106,3373.4622,-434.20615,1996.5286,3379.711,-286.8635,1260.1437,3344.4575,-329.69208,1740.6532,2731.9895,-3.731504,1489.6935,2730.5366,3.9906867,1705.653,2628.8496,1599.1104,1518.4648,2658.809,1659.0316,1673.5933,2520.9016,3259.682,1548.1099,2534.4841,3274.1482,1671.2487,2461.538,3465.0134,1558.5331,2471.3823,3470.6648,1653.7843,2629.725,3672.6426,1567.2136,2631.2703,3652.937
bp_down
IMG_20241017_120834.jpg,bp_down,1593.2454,3574.298,-1255.4863,1625.9363,3577.4194,-1473.8804,1652.9111,3573.0833,-1473.8608,1677.815,3566.9453,-1474.1276,1562.8605,3574.8916,-1468.8937,1544.2595,3570.643,-1469.3013,1526.1956,3565.6582,-1469.3348,1721.456,3493.8813,-1790.7639,1489.9257,3503.124,-1776.3984,1637.1941,3516.9573,-1280.5885,1557.6475,3525.8633,-1276.7727,1902.2501,3262.918,-1587.829,1305.9094,3252.788,-1539.2712,2115.264,2910.4255,-859.6848,1123.584,2890.5776,-857.03375,2046.1935,3305.1643,-367.27643,1216.804,3294.7278,-425.26138,2083.391,3391.0552,-477.93094,1177.3309,3371.5327,-511.8746,2032.5322,3414.6243,-517.1848,1227.9135,3374.605,-578.0953,2001.9655,3381.0322,-372.92706,1261.0055,3347.8928,-441.75092,1746.2141,2736.7473,16.796045,1500.8887,2732.918,-16.357624,1710.5408,2651.2715,1901.7084,1531.0984,2661.8801,1907.9435,1671.3712,2537.9258,3812.4683,1552.2677,2544.0688,3758.965,1668.1669,2481.1091,4048.672,1553.3671,2487.5781,3985.4526,1655.0311,2643.888,4310.167,1528.1263,2657.5127,4219.38
bp_down
IMG_20241017_120834_1.jpg,bp_down,1597.0475,3640.1843,-927.11084,1624.4174,3633.6848,-1078.9453,1648.2849,3630.149,-1079.0632,1671.4645,3624.1694,-1079.569,1564.8837,3622.2559,-1066.7391,1546.0603,3614.3435,-1067.1136,1527.6371,3606.7522,-1067.33,1714.4642,3543.0535,-1297.1803,1491.9777,3540.3481,-1248.0035,1634.6395,3571.2837,-945.5245,1558.5284,3594.0342,-931.0376,1918.7032,3290.93,-1150.6311,1302.8701,3269.2866,-1055.8295,2098.558,2913.5051,-586.0047,1122.8801,2891.1838,-520.2686,2042.7174,3298.761,-98.41063,1213.1729,3294.296,-84.90949,2075.5046,3390.7764,-119.99061,1174.117,3372.3054,-90.46453,2030.2092,3411.6099,-134.81949,1225.2065,3377.565,-139.32724,2000.4392,3382.7095,-86.69587,1258.9543,3349.6736,-88.86954,1741.2499,2753.2693,8.65939,1496.0283,2757.7458,-8.251835,1706.1425,2655.6492,1303.6515,1525.3839,2663.9402,1370.4901,1660.335,2531.3472,2680.4792,1546.2313,2536.1514,2703.2139,1656.1677,2479.8894,2853.154,1552.742,2488.0852,2866.5518,1664.379,2653.6018,3061.1772,1569.6554,2648.8345,3068.2737
bp_down
IMG_20241017_120836.jpg,bp_down,298.05792,591.902,-257.14188,302.44058,588.61945,-265.6136,305.0131,588.23883,-265.67224,307.57355,587.78064,-265.7811,295.054,588.45996,-268.66833,292.9522,587.92163,-268.70306,290.78043,587.34485,-268.7491,314.34253,580.426,-254.54036,288.36594,579.5682,-266.87265,302.95044,589.33905,-245.48578,294.9802,588.9832,-249.1133,339.4083,569.1394,-185.42023,268.7873,572.4319,-203.68019,365.3372,585.3876,-140.8926,240.56325,582.5421,-135.96173,387.6152,623.0187,-118.90552,235.66718,611.3187,-93.13827,394.17236,620.8686,-137.3571,229.2605,619.7358,-109.44152,390.1401,624.4293,-142.41412,235.44295,620.44336,-115.5742,385.34872,621.6151,-121.67055,239.04388,617.98694,-94.65981,322.14474,541.39325,-0.34963262,284.10156,544.19324,0.44444272,358.6067,582.5816,100.399376,283.97443,589.56067,78.11972,380.10803,604.0113,294.04633,265.01926,615.87396,293.95,382.896,605.4873,316.19156,260.6489,618.33435,317.9144,390.88507,618.42267,297.96005,265.08212,630.7733,302.7569
bp_down
IMG_20241017_120837.jpg,bp_down,293.2097,602.7187,-364.89877,297.79163,593.5184,-374.90842,301.87436,593.0646,-374.9938,305.84064,592.56134,-375.0822,286.00595,593.34283,-376.66632,278.82898,591.93884,-376.7337,274.1957,588.2425,-376.8664,313.79535,583.2995,-342.4938,270.20413,577.93304,-348.39465,303.24075,608.8901,-343.4894,287.08508,601.805,-345.32446,345.0212,574.40826,-256.93988,247.81734,568.4191,-266.42355,376.56464,571.55707,-209.56467,192.86378,567.73883,-216.00331,389.21906,619.16473,-240.64911,206.81573,616.24695,-238.75536,396.48038,629.6582,-266.8627,196.84409,624.1391,-265.527,390.72714,629.7301,-271.59598,207.18248,626.7155,-272.508,385.7659,626.66,-243.08414,213.07886,624.332,-242.76372,308.72226,548.0792,8.940139,268.50134,545.9034,-8.771412,315.51303,570.3305,204.03685,259.00385,560.9583,182.08943,295.13492,556.98627,452.8507,248.08257,538.91327,414.2628,290.0061,550.0529,481.1073,247.5353,532.11383,440.8984,292.3611,575.01483,489.73117,242.66962,550.4363,436.78934
bp_down
IMG_20241017_120900.jpg,bp_down,300.4795,604.94965,-269.4937,302.82642,605.996,-294.43137,303.64,606.23505,-294.43875,304.40082,606.3979,-294.4483,300.00116,605.5344,-293.3836,299.07004,605.2636,-293.36768,298.02676,604.9512,-293.32532,305.02316,603.17163,-324.8639,294.75433,600.68414,-319.3646,299.68625,601.7191,-267.93027,296.5861,601.6723,-266.6272,325.18686,590.99744,-283.32742,273.5488,597.9343,-256.57565,361.40982,600.128,-209.83232,249.3942,603.3043,-175.17557,389.85477,616.30347,-185.7442,234.07104,617.75684,-166.14783,393.5124,614.9685,-215.14917,228.85466,622.0576,-198.1799,394.41034,614.24493,-221.82922,222.05586,627.8618,-206.49654,389.78766,612.22504,-189.82411,235.94202,622.5551,-171.1597,293.26633,572.3965,-9.500801,276.76202,575.10944,9.530398,326.66937,597.7075,203.9962,316.2115,609.92914,232.81776,346.34665,606.25287,466.8965,331.66748,615.4466,476.4544,347.3815,605.8985,498.0763,329.6522,617.498,503.75742,357.31165,611.36053,510.58136,338.5054,617.67065,510.26703
bp_down
IMG_20241017_120916.jpg,bp_down,320.40146,604.2594,-294.39932,325.3013,596.0638,-312.46222,329.23337,595.9029,-312.5105,332.948,595.8708,-312.64423,310.59415,594.8307,-310.02026,304.54074,592.99786,-310.11227,299.18646,591.6714,-310.23306,340.66473,584.6043,-308.47357,287.94995,579.22876,-298.5256,326.01105,594.4119,-282.7122,312.11792,596.86957,-279.83722,379.82715,543.85834,-247.6375,252.19524,542.8433,-255.93503,451.89197,534.40265,-209.3406,172.2219,538.1377,-200.07738,447.56433,613.21906,-216.00049,173.76385,614.54425,-171.5571,462.9684,626.9521,-237.64372,165.97258,625.3556,-187.13962,452.19846,626.5552,-235.50842,179.78365,624.69763,-186.8426,443.0912,621.8251,-215.15862,186.54288,619.83514,-169.86,350.1437,505.47894,-3.6783745,293.8233,501.52408,3.5723143,350.6355,515.37054,200.21614,296.95853,506.79117,201.09349,347.28366,502.54196,441.80222,304.91498,505.8569,446.8777,347.34644,493.82025,471.06406,309.72723,499.74042,476.76315,344.8944,532.905,498.963,298.20096,531.1471,504.29236
bp_down
IMG_20241017_120917.jpg,bp_down,319.20477,595.5721,-309.41245,325.4899,592.3541,-324.68152,329.40424,592.2069,-324.72244,333.12045,592.19653,-324.84985,311.6528,591.2036,-322.74817,306.1986,589.46893,-322.8362,300.9795,587.9819,-322.94836,341.18018,581.72095,-313.4224,289.69452,575.76483,-305.30652,326.33228,592.9152,-295.52945,309.36926,589.57214,-293.23532,377.2712,547.5985,-251.24585,247.37067,554.7867,-257.959,451.57288,534.4833,-217.64267,172.77249,537.96136,-206.50668,448.16473,612.18555,-221.98077,173.31018,611.4274,-176.2658,462.24176,626.1027,-242.52954,165.61053,624.8785,-192.61072,450.81543,626.5924,-239.36559,177.00386,625.30963,-189.74602,443.17896,620.91315,-220.67471,182.51309,620.68854,-173.60168,349.36313,511.12314,-5.6283455,293.6762,504.7051,5.443355,357.66095,516.904,186.63454,292.7938,512.01074,202.86462,344.70398,505.41135,436.883,297.57996,504.41235,449.7905,341.77322,498.21558,468.1509,300.78958,498.37357,479.698,342.7881,528.52466,506.9834,291.84192,523.48645,512.05786
bp_down
IMG_20241017_120918.jpg,bp_down,321.47723,607.462,-402.1056,330.08463,597.0499,-416.00208,334.7385,595.6483,-416.01834,338.89923,594.4549,-416.13947,313.684,596.3428,-415.68997,307.95294,594.1426,-415.8047,303.0652,592.07544,-415.9053,345.2043,582.4459,-383.61237,290.98184,580.2205,-383.4907,329.87845,608.8592,-379.56458,310.05228,608.6169,-379.63464,388.24252,546.684,-303.89178,249.10065,560.2583,-313.37103,453.55768,538.2421,-242.01927,171.97345,540.5793,-242.20169,446.531,615.1673,-219.42363,176.32617,618.16547,-188.38777,460.27115,627.7022,-233.84315,167.73607,628.03143,-199.04045,448.28043,627.677,-232.93437,180.55008,628.7019,-193.67926,440.0254,622.7134,-217.21982,186.23535,625.4109,-183.61217,351.52487,514.739,1.4609498,296.0253,511.01364,-1.4733579,352.31384,515.23193,226.98361,300.68787,510.8551,214.18062,352.314,489.86005,497.4056,312.25558,492.34705,476.98834,351.76248,479.6307,530.6801,317.2595,483.77457,509.79065,350.72873,514.7149,567.0629,306.86035,512.83514,540.6167
bp_down
IMG_20241017_121420.jpg,bp_down,321.13663,633.5352,-301.54025,325.12943,630.33844,-328.96014,328.25095,629.73145,-329.07156,331.35324,628.95807,-329.21487,314.51328,631.5657,-325.19537,310.8318,631.69586,-325.18478,307.04007,631.6839,-325.2263,333.65256,622.03705,-365.95215,295.54712,630.8009,-349.4869,324.61798,629.7566,-302.8109,312.65964,630.9305,-297.90622,361.03278,601.816,-315.11658,261.79034,616.5083,-305.763,413.88437,607.79767,-324.51215,215.48425,624.8609,-298.12344,434.8479,670.448,-371.30234,196.6541,678.6177,-337.28577,440.16003,685.973,-412.92023,186.52896,688.50604,-381.13712,439.93005,676.3011,-417.9222,195.80238,687.09784,-383.97742,434.09613,670.70776,-376.3606,202.49055,682.3636,-341.31207,331.32437,561.857,2.1205747,278.33087,567.81647,-1.9598314,362.0061,589.20667,255.26564,252.8786,604.00806,178.12344,356.32886,595.53845,570.0707,236.04752,615.625,457.997,352.36053,589.1211,605.85864,231.70648,609.9647,488.79977,370.57227,621.02277,617.0721,236.46272,643.75305,490.79907
bp_down
IMG_20241017_121420~2.jpg,bp_down,315.65692,642.9264,-270.48788,325.9156,641.36475,-292.91815,332.08408,640.66284,-292.997,337.50848,641.65717,-293.1384,307.01083,641.2502,-291.3401,300.34726,641.2971,-291.41916,294.69232,641.1275,-291.53976,347.33377,634.90283,-308.78412,283.28082,628.9974,-302.76346,324.86087,637.62384,-265.11987,304.69937,636.776,-263.48105,383.02493,590.0678,-259.18326,247.75293,601.85974,-259.9134,434.03745,592.0514,-202.46388,194.89693,607.5477,-191.55327,432.76044,671.50867,-196.11052,196.99373,678.43524,-162.52878,437.36697,684.5431,-217.89008,188.61255,686.8483,-180.41931,422.52374,685.3144,-222.31859,203.62625,683.98944,-182.00212,417.1576,680.5474,-197.52298,209.97934,680.2859,-162.25662,348.61816,560.97064,-1.2091558,286.2435,556.85376,1.2914625,339.59326,564.0466,243.16158,284.1867,561.2546,244.06287,341.04526,554.054,535.3321,293.13232,560.79645,538.388,341.575,546.7533,570.8448,296.0998,555.1569,573.2507,340.31253,578.18616,605.5829,290.10208,585.1092,607.6593
bp_down
IMG_20241017_121421.jpg,bp_down,320.73108,637.5204,-318.02652,325.5813,630.23193,-340.75974,329.78317,629.49524,-340.89975,333.9273,628.56696,-341.03644,311.8738,631.63257,-336.45782,306.9842,631.5908,-336.43555,302.0392,631.3979,-336.50983,337.49756,622.58124,-360.63086,291.18475,625.9069,-340.75714,327.02643,637.32117,-313.924,310.84863,638.5061,-307.90524,362.36157,615.0797,-291.6568,263.32788,623.75305,-281.7022,410.00433,621.2194,-308.6968,229.70699,617.88885,-286.59372,434.27832,673.622,-329.21362,216.53688,659.1188,-311.76364,439.51486,686.31036,-360.8479,204.2098,676.40625,-348.05396,432.65927,685.4717,-362.64026,212.7982,677.0035,-345.3233,426.2959,680.7375,-331.9471,219.11423,671.20514,-313.20642,328.92804,571.49066,6.2852864,280.52057,576.20306,-5.9520006,355.0508,605.65436,143.07135,249.76318,613.79126,51.615925,344.85226,605.9556,392.5336,240.54001,616.39044,270.79953,342.05872,603.9584,419.10803,240.33101,610.63873,294.84268,350.3207,619.8574,410.35168,239.61266,640.30945,276.65298
bp_down
IMG_20241017_122124.jpg,bp_down,48.00891,633.085,-4.9271493,40.410145,628.71814,-27.980722,40.272923,627.5011,-28.057926,40.03238,626.34064,-28.070547,40.569645,629.14374,4.5594444,40.75352,628.22473,4.561755,40.88817,627.3453,4.517216,43.791138,614.00684,-89.54191,44.492466,616.06116,60.166134,55.970676,627.47955,-22.065145,56.26765,628.23926,21.193602,75.97713,589.3002,-157.604,95.43603,593.5598,133.60178,65.41489,636.7649,-278.48132,120.18017,639.9807,209.07396,44.672657,700.064,-318.1951,112.56652,694.9926,184.67557,30.977314,707.63873,-356.27856,110.33261,695.95764,186.09103,33.066772,705.5237,-334.48334,104.299774,696.28046,150.76054,39.05289,702.5719,-312.3655,103.93609,697.08417,167.74583,229.63379,657.1311,-101.09689,223.43324,646.8927,101.02349,344.41495,676.1663,-94.9792,343.9161,667.86835,119.46814,456.4861,664.7028,-55.7871,448.10065,666.66034,172.73883,476.0464,650.1604,-53.98446,470.32333,655.509,175.68222,477.5374,706.6967,-120.37233,467.36526,704.9647,118.786026
bp_down
IMG_20241017_122125.jpg,bp_down,61.865242,626.12103,-6.1226826,53.604286,620.5786,-26.431017,53.321117,618.72546,-26.488977,52.92374,616.8429,-26.483997,54.096706,622.0811,6.187259,54.23493,621.43555,6.189977,54.248913,620.77466,6.1680026,55.663223,603.62445,-80.304504,55.641586,608.00653,69.733925,69.12315,618.991,-21.499575,69.63773,621.2864,21.854948,90.05035,578.182,-154.8962,101.40874,598.83057,143.76585,52.384884,624.79333,-277.79703,125.204765,643.71136,212.04074,35.834885,693.10425,-304.07193,117.179405,696.74585,159.4223,24.660461,701.9271,-343.84268,112.17223,707.9085,156.4267,28.334087,700.72205,-320.09702,105.35899,709.9784,120.496666,32.941765,697.2861,-297.34583,107.9776,698.89813,141.53378,234.19173,647.78674,-103.16313,225.34709,645.17365,103.06538,341.92615,675.4864,-109.38339,342.7426,668.3462,118.23692,454.59225,663.3107,-78.32746,444.57016,665.74243,167.282,473.02777,647.7722,-76.929665,466.4487,654.13385,170.12752,475.92148,704.2274,-141.51979,462.62204,701.3483,114.088165
bp_down
IMG_20241017_122126.jpg,bp_down,51.584743,605.31494,-2.7350533,41.662037,598.78424,-27.224562,41.4277,597.7078,-27.285942,41.281002,596.7711,-27.276823,42.22945,599.3554,5.549158,42.24027,598.5318,5.5541286,42.397213,597.76025,5.471111,46.163837,587.7991,-92.55819,46.608727,586.31866,58.237053,59.966022,600.69745,-21.075909,61.473923,601.9642,22.518843,81.97873,570.70435,-164.2761,105.3427,564.45514,137.57372,62.904327,620.51733,-276.89612,129.28708,624.93353,194.96619,45.325596,691.2123,-318.05685,136.11575,688.3073,144.25562,34.942497,700.36676,-359.75717,128.76213,701.39453,145.14812,34.096134,699.5075,-334.65204,123.55062,704.7656,106.14075,42.33198,697.1151,-310.88367,124.99067,702.03217,126.19526,234.25653,640.36945,-105.82226,230.0029,628.25006,105.598175,343.98737,676.6841,-92.34423,338.6967,667.12823,147.09962,457.0256,665.11615,-38.027866,446.89062,667.33203,224.78745,478.23578,648.4195,-33.22738,469.7682,655.86896,231.12328,480.9665,704.52496,-80.50057,463.90994,700.3124,186.56363
bp_down
IMG_20241017_123324.jpg,bp_down,231.05319,659.96234,-177.254,221.9635,649.70807,-181.51959,222.31493,645.72046,-181.5843,222.97656,641.2508,-181.77231,221.45505,657.088,-164.72606,221.28267,658.5101,-164.67952,221.06535,659.85565,-164.8098,231.0566,630.3405,-152.46268,226.64413,655.2553,-79.763695,242.8535,654.09375,-163.35143,241.02167,662.853,-142.74838,280.1133,610.8944,-161.80486,281.48486,653.6542,25.443008,357.80737,586.0487,-182.23311,361.8424,643.65375,88.78877,340.55237,659.9175,-173.32263,398.4923,650.07526,46.94548,325.6575,674.5916,-186.90532,411.77396,652.7384,47.579002,318.32587,671.72046,-170.7733,407.2966,654.93414,29.940763,321.9223,667.55994,-163.98541,402.8808,652.0511,38.768337,430.85324,615.70074,-51.33869,428.0596,646.28937,51.362106,541.57697,630.11096,-95.488716,530.616,641.9574,59.61782,613.80115,615.04517,67.08455,567.71387,632.21185,249.18884,619.76825,607.6841,82.81581,568.44995,626.7113,266.81177,653.3954,631.11816,48.776283,612.9074,641.69037,250.13724
bp_down
IMG_20241017_123325.jpg,bp_down,235.53368,665.7875,-146.85095,226.88763,657.84705,-160.89134,226.81645,654.95087,-160.97656,226.83504,651.6027,-161.13216,226.9045,661.9931,-138.08168,226.80734,662.4035,-138.07524,226.65852,662.83246,-138.17245,233.28917,637.5699,-172.7806,231.39398,653.9548,-72.06213,247.09041,660.51086,-146.94304,245.1406,665.136,-118.08317,282.58633,611.90875,-186.7657,282.58612,647.67444,22.698824,358.08606,585.33435,-213.25336,363.29398,630.7498,111.098274,339.1239,660.26074,-195.49129,385.97922,647.53625,119.2257,321.93726,673.6049,-210.15517,393.29593,651.37836,127.70806,313.7569,670.33887,-190.24503,388.54004,656.1732,107.20854,318.20383,666.79535,-184.72731,386.44507,654.468,111.12529,433.10687,616.46454,-58.301403,432.03415,643.9367,58.29524,538.27924,628.55804,-70.70715,532.7298,642.4601,74.13373,611.1689,616.02216,99.040596,596.0829,629.62244,234.86162,617.18585,609.56146,115.63451,602.71313,623.9558,250.30261,647.0592,634.3621,78.63872,627.0992,638.6287,224.15862
bp_down
IMG_20241017_123325~2.jpg,bp_down,215.48611,649.4841,-113.36839,213.45947,640.7955,-128.01636,214.41324,639.69446,-128.13318,215.33784,638.3934,-128.27513,212.76369,641.0409,-102.951706,213.2868,640.16693,-102.92424,213.74756,639.1596,-102.981834,228.50012,627.7135,-154.50824,225.33118,630.07404,-44.451313,225.55913,652.10187,-120.06278,223.88017,652.2765,-88.32967,290.74957,621.6994,-173.7063,280.7453,628.49133,37.743614,360.41278,590.8449,-254.39351,350.16312,625.967,137.46889,336.84808,664.982,-331.58774,365.0788,650.9746,188.92653,320.3327,676.6502,-363.92624,366.55426,653.70844,205.1722,311.18445,673.6904,-337.74753,362.162,658.06244,185.4593,314.1091,670.7327,-322.1541,362.2991,658.7506,182.66528,433.9577,617.2374,-62.06115,422.13885,627.5815,62.187084,543.2695,630.573,-83.35252,531.5132,639.33417,85.377235,613.553,611.9534,104.49444,602.7398,619.11426,220.14421,617.685,603.6875,123.83216,609.67993,611.6029,232.27826,648.81067,626.70135,94.15607,635.1606,625.74384,190.23845
bp_down
IMG_20241017_123325~3.jpg,bp_down,217.42172,654.93713,-123.344284,215.36282,644.9245,-139.77295,216.82437,643.35986,-139.86638,218.32057,641.5918,-139.99332,213.8011,645.60376,-113.84849,214.22527,644.558,-113.83497,214.77206,643.2992,-113.89328,229.89682,631.05286,-173.05548,227.01884,632.9068,-58.830406,227.91536,656.18787,-132.13461,226.25136,657.4257,-99.15615,290.1423,621.0115,-187.98566,276.3413,631.1918,20.915958,355.2631,587.22327,-277.34665,339.1644,628.0927,129.12758,334.12573,667.4107,-373.86813,343.19455,654.83685,198.73851,315.72693,676.56506,-408.70154,339.68753,656.3571,216.13582,309.4002,673.0648,-383.85144,335.91003,662.438,195.00287,312.1184,670.6932,-365.9997,338.62668,664.40765,192.35448,428.04343,620.423,-66.09401,415.08456,623.4344,66.24109,532.6117,635.2213,-40.083313,523.56793,633.78986,114.7057,609.16345,617.5661,95.79713,593.37524,621.3232,226.51782,617.345,608.6076,109.81179,602.20013,613.8953,236.66994,633.17444,639.25397,76.40435,619.51764,635.68616,198.43346
bp_down
IMG_20241017_123326.jpg,bp_down,218.17929,656.1752,-109.516014,214.79834,646.2007,-124.32152,216.01074,644.5397,-124.439354,217.22044,642.67566,-124.57329,213.56488,646.9711,-99.22034,213.93878,645.9281,-99.22276,214.34882,644.7081,-99.30376,227.91792,631.5521,-155.45132,225.21043,634.52686,-44.721596,228.9058,656.4409,-117.97141,227.71951,657.81805,-85.94436,283.80643,615.8575,-173.39513,277.98868,633.1558,32.5694,356.3932,589.11566,-262.68146,340.503,625.9841,136.51485,334.02728,667.061,-349.9325,336.71106,656.74146,198.38127,314.6191,676.1216,-380.98483,331.82062,659.85406,215.30286,309.3375,673.75507,-355.44913,327.02332,666.83575,195.89241,312.96265,670.9683,-341.03726,330.061,667.5015,192.19978,428.71405,619.56036,-63.62593,416.04663,624.5173,63.78191,532.12305,633.06116,-30.437445,515.79877,638.597,115.059715,607.7079,617.9013,99.50592,587.298,623.20795,235.38815,616.7367,609.3056,111.79717,596.0805,615.74677,246.06737,631.2098,640.5801,68.99976,612.48773,637.17633,207.62097
bp_down
IMG_20241017_123327.jpg,bp_down,218.11017,655.64813,-128.89409,214.40593,646.5821,-145.3346,215.56091,645.1406,-145.43433,216.73459,643.4148,-145.5629,213.3438,646.8574,-119.09769,213.72202,645.76776,-119.09592,214.11404,644.4901,-119.16852,227.52554,631.1688,-177.16203,224.66995,633.96625,-61.77226,229.13219,656.24945,-137.10692,228.33794,656.9265,-103.773834,286.5009,615.7826,-189.6829,276.5084,629.77625,23.212757,358.00415,589.04266,-268.38928,333.95065,628.6129,129.60515,335.84503,665.8795,-338.2121,327.67126,657.1243,198.19572,315.26727,675.42523,-367.35806,303.55014,658.993,216.65372,308.77808,672.90485,-343.35956,317.4529,665.40424,198.78708,311.54752,669.9758,-329.38544,321.26627,666.5006,192.96811,426.64514,617.0531,-62.682316,413.80933,623.1921,62.844868,532.83636,630.81647,-35.867744,518.635,635.91644,112.95198,606.75085,618.5694,107.100105,592.7211,624.6227,221.04588,616.0012,611.6708,120.507576,602.0682,617.6751,230.07475,628.766,641.4057,76.734726,618.79785,637.9526,184.54941
bp_down
IMG_20241017_123341.jpg,bp_down,90.9654,637.20856,-29.267628,82.54368,631.3615,-51.01894,82.682846,629.45447,-51.079792,82.7087,627.3989,-51.10273,81.866005,634.01917,-22.459793,81.62727,634.0259,-22.46277,81.24693,634.0217,-22.538486,86.33348,612.8274,-94.418434,84.17228,620.1393,31.349815,100.480125,633.7068,-40.230663,99.64755,636.3533,-3.7067137,136.58763,593.0726,-140.47017,133.93243,605.1015,119.7803,192.73543,590.528,-237.4317,189.56816,602.7029,210.21344,179.63544,665.2537,-286.0111,188.87923,641.3575,243.73213,163.01262,673.1595,-310.32214,173.65157,644.22296,255.42117,157.2048,669.9378,-285.8261,171.09201,645.8905,233.5804,162.88913,666.0456,-276.13544,178.538,643.66394,234.34007,292.98172,609.17236,-83.62721,289.75885,619.3199,83.681496,400.84277,621.2407,-101.42684,393.32278,624.0034,74.16452,507.62848,621.04553,-107.95862,494.58267,619.1517,82.16872,532.3609,608.36444,-111.0069,517.3941,610.6236,79.4238,525.4695,668.43176,-175.68422,511.22955,663.09985,35.97655
bp_down
IMG_20241017_123343.jpg,bp_down,85.58101,628.09155,18.424477,78.37744,619.4738,-3.8929129,78.85251,617.9078,-3.9513168,79.334625,616.0216,-3.9910128,77.784615,619.415,25.666414,77.85187,617.9116,25.667305,77.89848,616.1732,25.608183,88.31416,601.63605,-59.318855,85.929306,602.9113,72.22329,96.101456,626.9577,2.3742473,95.82351,627.431,40.554863,139.89636,592.69806,-117.31236,139.05467,591.7576,160.04175,195.15002,594.12317,-232.57799,190.16727,593.16437,267.01212,175.83054,666.80096,-320.289,165.33064,644.057,340.21744,156.66776,676.8041,-346.1871,150.96324,638.0438,363.1768,153.24585,672.4144,-319.46716,150.20506,641.292,344.1373,160.14626,669.11346,-310.11447,157.51973,642.61224,333.5131,287.381,611.6344,-86.875694,284.91287,613.2906,86.91615,399.10858,620.985,-124.17468,385.94666,626.6589,124.48617,509.16547,618.6768,-150.39708,495.7481,619.1469,169.63443,529.82385,606.0415,-155.48857,515.76685,611.7531,171.00566,528.24774,664.89215,-228.13309,491.23288,661.6928,132.92451
bp_down
IMG_20241017_123343~2.jpg,bp_down,99.10566,638.67804,-88.14363,89.031944,633.0875,-102.51699,89.214096,630.41064,-102.613434,89.30537,627.39716,-102.69379,88.030975,637.47797,-76.50426,87.56915,638.3273,-76.48418,87.06567,639.254,-76.53876,91.25463,611.3463,-113.88056,88.687935,629.81885,3.6497087,109.98782,634.0311,-86.43442,108.57203,639.0923,-52.387157,140.83444,588.9167,-140.96393,135.5967,608.3628,113.402214,197.18857,602.9586,-254.92528,182.97101,608.941,208.10529,177.15454,668.8881,-321.28644,168.79886,640.4104,238.8001,161.81737,677.7182,-346.75577,160.10028,642.05646,252.36191,156.17262,673.4592,-322.29532,156.22083,648.5696,235.14136,161.64973,670.06,-311.581,160.65889,648.9561,231.57756,294.66025,604.8964,-81.33389,289.1054,628.9275,81.36311,403.00128,616.5584,-115.66319,379.09534,629.6666,152.63234,508.15466,617.9597,-126.48924,466.6274,619.99634,244.48027,527.19293,608.4818,-130.39206,489.7122,610.1782,250.694,528.50616,663.27814,-202.3699,508.13657,663.90436,220.71321
bp_down
IMG_20241017_123344.jpg,bp_down,101.618996,635.6583,-50.800903,91.14893,629.877,-70.606125,91.04905,627.8925,-70.71407,90.80454,625.7155,-70.80023,90.57895,632.81915,-43.803078,90.21664,633.08685,-43.78687,89.73951,633.41876,-43.871586,92.127625,610.79816,-102.61744,90.506836,623.30023,18.421902,110.64223,631.43677,-55.44017,109.51956,635.6968,-20.512442,142.7149,586.46356,-137.80821,134.87909,609.998,120.367775,195.86209,591.75714,-254.42122,181.87901,606.3408,215.69157,176.55109,666.4957,-325.78665,167.51021,635.3494,258.93814,159.71486,677.3271,-353.49872,150.9172,639.55505,275.32605,155.70834,672.9216,-325.8239,151.61984,643.823,259.19467,161.28316,669.7941,-314.75552,157.78497,643.3878,252.84976,294.58856,609.4117,-84.88716,288.0339,627.0014,84.936264,401.6306,621.499,-128.20575,374.98404,623.64594,169.09447,511.28683,619.41614,-149.74017,460.16068,626.52313,283.93753,529.9798,607.748,-154.72588,477.68848,618.7747,292.85675,527.1204,665.6739,-231.79721,476.69836,667.7507,262.99008
bp_down
IMG_20241017_123411.jpg,bp_down,103.60719,647.8948,-0.51791376,92.90575,643.1688,-22.054132,92.59409,641.764,-22.14941,92.241135,640.2367,-22.208317,92.90278,643.813,6.6005263,92.63599,642.89136,6.603064,92.3368,641.90265,6.5154176,93.79301,626.48553,-71.42056,94.00193,627.7989,56.4933,111.36432,643.40045,-13.773743,112.06473,644.0741,23.474611,132.81702,601.8868,-126.24585,145.15277,601.1441,148.04407,189.47018,591.8926,-235.17282,210.18036,600.40485,223.97006,168.49208,660.4864,-306.27344,203.10478,647.49365,247.0298,154.07439,670.7369,-333.3651,187.23817,649.82355,261.41425,148.90788,668.8607,-306.81876,184.15013,651.95245,242.23473,154.70145,665.51276,-296.16382,189.59846,652.7764,238.44289,288.30676,607.5829,-87.98256,290.8669,614.9528,88.07868,396.77167,629.5666,-107.75112,394.58078,632.06006,62.004086,506.5277,624.4984,-96.70314,501.42087,626.2935,72.95087,522.41364,611.374,-97.95628,519.77026,614.6661,70.46365,526.7092,668.01166,-158.34343,522.58966,667.50024,15.600054
bp_down
IMG_20241017_123411~2.jpg,bp_down,101.55575,650.93365,9.481033,91.44875,646.01245,-12.626057,91.016365,644.5292,-12.71989,90.54314,643.0064,-12.776764,91.428406,646.86096,14.727279,90.987915,645.9456,14.725049,90.4914,644.9428,14.63769,91.73382,628.07465,-64.79942,91.921875,629.83105,57.222153,109.30912,645.84454,-4.1966534,109.88819,646.76874,31.365288,130.05943,603.8207,-115.06638,142.36255,599.90985,144.76643,188.28905,594.2806,-218.2352,203.35718,595.47565,234.51578,166.73659,663.77246,-282.45,188.92018,647.6418,285.78644,149.35957,674.27844,-304.56992,173.41116,646.0107,303.6651,144.62213,671.8317,-279.36996,173.35071,649.40106,288.82144,150.64151,668.8234,-272.2116,175.53706,650.34045,279.79333,285.40775,614.5266,-81.94672,288.46417,614.8738,82.06876,395.9839,634.6856,-92.68447,394.90808,632.82635,70.263596,505.24713,627.3677,-81.473785,500.2053,624.98193,76.0279,523.1207,615.5003,-82.638504,520.38196,613.64813,72.78628,525.88196,669.3031,-138.33006,520.3792,666.85516,18.837702
bp_down
IMG_20241017_123412.jpg,bp_down,101.36277,650.0849,10.575591,91.35275,644.79926,-11.865832,91.059944,643.4789,-11.948905,90.70775,642.0509,-11.993994,91.11076,645.0596,16.69419,90.69967,643.9111,16.687927,90.25987,642.68787,16.609715,92.14024,627.65314,-65.203224,92.04826,628.0198,62.04018,108.88413,645.742,-3.7393816,109.525856,645.8017,33.343945,129.36617,606.69037,-119.69421,141.44081,596.4065,150.4757,189.50389,593.54175,-231.31789,201.38008,593.04944,240.88977,169.85127,660.7964,-305.8019,190.6532,647.65875,295.07037,153.34996,671.4877,-330.33707,178.42212,647.85126,314.78177,147.90697,669.6365,-303.91318,177.26324,649.57043,298.40717,154.32452,666.2511,-295.4784,179.29468,650.3408,288.82544,284.81656,620.89496,-85.474266,287.04916,613.68805,85.58119,397.21365,634.67834,-97.091934,396.65967,631.6161,73.93831,506.9779,627.4352,-84.17701,503.42828,626.12604,81.49362,524.97473,615.46814,-85.093895,522.7841,614.6905,78.418175,528.51666,669.8872,-140.17447,524.11163,668.1661,24.480837
bp_down
IMG_20241017_123412~2.jpg,bp_down,100.721756,648.20856,9.257404,91.473785,642.77246,-12.443599,91.088554,641.3472,-12.535649,90.59574,639.9065,-12.587459,91.43092,643.46216,15.0357275,91.04809,642.43085,15.033363,90.58231,641.31555,14.955306,92.479065,624.6646,-64.16714,92.96776,625.93134,58.571594,108.94693,642.94183,-4.436566,109.29515,643.79315,31.257925,132.05856,600.9771,-115.68956,142.78,596.0365,145.29999,192.14363,594.30066,-215.87178,204.3577,594.5828,233.04219,169.92273,662.4808,-274.60782,190.83017,648.89557,274.10788,153.30447,673.5826,-296.80405,177.9258,649.8593,289.46796,147.64838,671.4429,-271.05685,177.52602,651.96106,272.89474,153.74316,668.59973,-263.8074,180.16594,652.312,267.05322,286.77518,616.2509,-83.89758,288.50928,623.1351,84.01826,398.20062,633.9806,-96.51001,397.05014,637.43164,71.3427,506.39233,627.6857,-84.56773,501.772,628.298,78.75531,522.7818,613.7036,-85.64289,518.9047,615.3018,75.46553,530.43115,670.29675,-144.29233,524.6473,669.0365,19.583647
bp_down
IMG_20241017_123413.jpg,bp_down,111.56434,641.0514,5.7055063,102.66552,638.27527,-15.482003,101.77424,636.94635,-15.575416,100.8014,635.4946,-15.634165,103.12314,638.6652,12.168978,102.59228,637.588,12.178358,101.957664,636.3495,12.116282,97.83461,619.7248,-66.38986,99.28057,620.45996,58.228153,117.40342,634.4726,-7.81399,118.53951,635.00085,28.47017,136.99199,590.2273,-114.08437,151.76308,586.08057,141.20659,192.89314,595.2535,-212.63383,213.18462,595.6019,213.75775,170.59285,663.23627,-271.5278,201.13547,652.1072,240.2351,151.73077,674.2422,-296.22427,182.68723,651.41705,254.28165,148.1147,671.43524,-269.89148,181.38611,653.1142,237.37883,154.73335,668.42615,-261.27063,184.73044,653.5096,232.77155,287.91846,611.6275,-82.50624,290.55338,613.99615,82.646576,398.90567,631.2272,-91.104164,396.2834,632.46045,73.06643,503.46243,625.4432,-70.76178,498.78143,624.9873,88.021095,521.4496,612.8533,-71.03042,519.4051,613.44635,85.9946,523.947,667.2704,-126.062775,520.80383,666.01324,28.331419
bp_down
IMG_20241017_123413~2.jpg,bp_down,111.53899,645.4778,14.894753,102.55773,642.847,-6.682319,101.68619,641.5688,-6.7764196,100.673676,640.2033,-6.8337846,102.852325,643.2001,21.178532,102.25513,642.1037,21.191248,101.549164,640.84937,21.144392,96.952934,624.52637,-60.041294,98.31988,625.3184,65.824066,117.938805,638.78577,0.801412,118.73449,638.74005,37.366814,134.93303,594.6963,-112.64841,146.9752,588.1941,151.16385,190.62451,596.76917,-214.21089,205.97897,595.19073,237.53275,167.13953,665.2139,-271.67532,187.47865,650.8953,286.0334,147.082,674.12573,-294.65875,173.99757,650.2602,303.83667,143.43954,670.83295,-268.59415,171.49265,651.7627,289.8138,150.16254,668.4071,-261.0833,175.64218,652.5592,280.33173,284.96347,618.85223,-86.15254,286.50153,617.53,86.28476,396.9444,634.8854,-97.424324,394.03085,634.19946,73.04707,505.3802,623.23474,-82.92287,500.56522,622.10126,86.8391,524.4323,609.059,-83.7305,520.59015,607.9235,84.60075,526.2923,667.54095,-142.75632,521.75977,663.7682,25.750193
bp_down
IMG_20241017_123435.jpg,bp_down,160.9735,609.4209,26.193977,157.04515,599.99445,7.4773264,157.57645,598.85046,7.4225774,158.16243,597.5764,7.386748,156.76366,600.19574,31.69022,157.1164,599.32385,31.681889,157.53905,598.29297,31.660967,166.95998,589.85254,-37.852955,166.71886,590.4109,69.99544,168.92249,611.02454,13.313241,168.6823,612.02124,44.656487,198.65259,594.12976,-95.66747,224.53435,588.53345,141.5785,196.06604,639.15173,-159.61057,235.69049,631.32947,235.97821,178.54573,665.5348,-163.27013,207.07924,649.54376,291.66812,166.3449,669.1067,-178.3258,194.75746,643.8172,305.68546,168.66331,661.6147,-170.34381,191.36118,647.0785,293.1807,176.66237,659.4717,-159.93086,195.20222,650.70886,286.418,346.2905,625.3035,-74.57727,352.14474,619.5016,74.49127,457.2441,632.7115,-89.27052,455.8713,631.25385,59.080303,573.7858,621.4471,-96.09521,561.77625,621.8954,70.10203,581.8073,612.5136,-97.49029,580.07556,615.4742,69.02107,574.50854,648.09485,-149.94244,561.58954,661.1237,27.375607
bp_down
IMG_20241017_123436.jpg,bp_down,159.99457,609.7845,20.549229,155.7876,599.6044,2.2498863,156.438,598.503,2.198731,157.16838,597.259,2.1735747,155.51086,599.51636,26.923803,155.9532,598.4936,26.915936,156.50673,597.3079,26.898497,166.78476,589.46,-42.55887,166.5134,589.34467,67.916954,167.5343,611.64746,7.7626414,167.5524,612.3254,39.794453,197.54794,594.615,-102.89747,222.55307,587.7978,138.71948,196.5758,635.9501,-185.00613,235.77994,628.87933,231.88708,180.60382,666.1669,-205.59903,203.20563,651.4534,282.3253,167.61414,671.563,-223.63118,190.99117,653.4911,294.95343,170.50375,665.1341,-214.1054,191.44034,653.8754,281.70148,178.1543,663.2914,-202.21811,195.34454,653.6542,276.66367,345.8119,626.91205,-76.89358,351.13617,620.3712,76.786545,458.99698,633.52,-84.298904,456.91708,630.80914,60.257988,573.28156,621.8219,-84.25774,567.1703,621.2728,75.91516,580.7731,612.93994,-85.251396,580.02954,614.2272,74.95526,583.0506,658.38416,-141.28458,569.00446,656.3418,27.636515
bp_down
IMG_20241017_123436~2.jpg,bp_down,159.99846,606.97925,21.014511,157.1463,596.99414,3.2664475,157.88882,596.01965,3.2197967,158.7426,594.8783,3.2045386,156.8957,596.97437,27.28747,157.44511,596.0871,27.269583,158.11543,594.99255,27.246344,168.90714,588.2363,-40.114243,168.27913,588.032,67.36763,167.96931,609.7046,8.390663,167.98521,610.4534,39.550186,198.9751,596.11676,-98.73504,223.36443,588.66907,136.71815,201.24036,634.5035,-157.24023,233.04022,632.56226,224.76463,181.34866,666.63464,-148.82176,194.38338,659.54834,265.87708,167.10709,673.0678,-160.30092,185.0191,658.44714,274.97165,169.97203,667.6274,-154.65097,176.4982,660.7913,262.95898,174.8903,666.1128,-145.75244,189.98856,658.46796,260.1506,347.85422,628.0674,-74.58805,353.51218,620.16046,74.51919,462.01883,634.09045,-90.8779,461.13654,629.4459,55.145676,579.6241,624.0722,-98.895065,570.2318,622.9695,57.477077,589.49084,614.3851,-100.3995,586.64575,615.9285,54.88693,582.9913,657.3023,-154.05998,579.90137,655.3692,12.123765
bp_down
IMG_20241017_123437.jpg,bp_down,158.14789,606.0957,24.088446,155.78323,595.75006,5.1237764,156.69263,594.8065,5.0732093,157.67517,593.72076,5.0428777,155.48431,595.75824,31.589514,156.17894,594.8797,31.57874,156.96553,593.7987,31.565182,168.50449,587.9912,-41.07059,168.33656,587.5293,77.32244,167.03447,609.6581,10.69713,166.92632,610.48444,45.021614,200.1111,599.5514,-109.29748,223.0893,591.1109,153.1747,201.30449,638.66284,-203.6753,239.66986,632.2886,261.7232,183.66641,666.11646,-244.28748,208.68575,653.173,335.62073,166.77582,671.1245,-264.61435,195.88405,654.3895,352.6902,169.17813,665.24023,-255.9619,197.16179,652.9926,339.86096,178.31645,662.5372,-241.62845,200.55228,652.78265,330.82812,346.70966,632.3292,-84.36939,352.56516,624.5181,84.27924,461.29526,637.98,-106.88107,461.38608,633.4175,66.46941,581.84064,624.75476,-117.06174,574.18585,625.1502,73.07349,592.9675,615.2294,-118.56642,588.7012,617.98816,70.90641,591.7193,657.838,-177.84595,587.63324,656.3227,24.85235
bp_down
IMG_20241017_123438.jpg,bp_down,159.75984,606.5239,13.611373,157.5919,597.15826,-4.2740207,158.41855,596.2869,-4.311558,159.38237,595.27875,-4.3276334,157.35495,597.0831,20.823704,157.98912,596.2195,20.80091,158.7591,595.17676,20.787422,169.87486,589.4936,-46.942394,169.06683,588.96106,65.81683,167.93256,609.4854,1.0834533,167.8129,610.0428,33.72619,199.98158,599.54584,-110.6057,221.7703,590.7855,137.2012,199.52533,636.90894,-179.02974,229.46964,634.9367,233.42256,182.15028,668.95123,-174.02258,194.78801,659.3363,282.94806,171.65457,672.2343,-187.48935,184.84259,659.6585,293.54294,175.11111,665.1849,-183.63988,181.13045,658.34924,280.37186,185.62106,661.80817,-172.02516,190.32472,659.5587,277.05884,348.53027,632.5315,-81.48666,352.4013,623.5847,81.37364,460.13843,638.08856,-106.49094,461.2125,635.1213,63.85602,578.6851,625.11414,-117.95858,572.2845,627.44617,66.35709,590.117,616.57715,-119.51422,584.2955,620.2374,63.488705,589.78064,657.6794,-176.61493,584.9442,657.26965,20.13776
bp_down
IMG_20241017_123438~2.jpg,bp_down,160.02959,604.4585,13.05485,158.70789,595.3877,-3.8927145,159.65057,594.54675,-3.9456055,160.6997,593.5208,-3.9691284,158.37085,595.16156,20.378115,159.03699,594.26465,20.373049,159.86406,593.18945,20.365736,171.765,587.8202,-44.603203,170.8678,587.14105,63.75251,168.44348,608.09564,1.1083674,168.33751,608.7393,32.5945,202.80316,597.7514,-105.3387,224.09099,588.76825,133.84634,203.19785,637.0351,-179.17714,232.74654,634.19934,216.75491,180.1046,665.665,-204.75641,195.94574,658.3934,253.77884,164.79385,672.2093,-223.95145,176.77646,659.44324,263.08014,167.86794,666.85785,-217.99571,177.29637,659.1063,250.4584,174.16237,663.9739,-202.95404,187.39423,658.5227,247.90752,350.2989,632.5424,-76.683266,355.2274,622.80524,76.596924,461.91415,639.943,-102.51041,461.86115,634.31824,58.960075,578.2217,626.86066,-113.392845,571.5813,626.9466,62.0715,587.2577,617.6899,-115.01688,584.40265,619.72516,59.52707,581.2851,656.6019,-167.55286,577.7072,658.03796,15.978155
bp_down
IMG_20241017_123455.jpg,bp_down,100.927986,651.62103,2.2865424,96.019165,643.03534,-17.542221,96.69696,641.884,-17.64645,97.4561,640.46045,-17.723837,95.96166,642.6837,15.571559,96.497406,641.5282,15.57927,96.99009,640.2866,15.487742,109.875496,628.38104,-66.9508,107.93236,629.6746,78.82567,113.87136,652.4396,-13.032667,113.29914,651.7041,29.614223,165.22147,620.1293,-130.11128,173.23466,608.6985,172.41208,239.69254,607.621,-234.65349,253.80644,615.62146,219.53618,215.15703,673.0782,-334.0226,230.64423,657.7208,215.31746,193.02353,680.594,-369.61087,207.86974,659.5957,235.1544,188.0147,676.37585,-335.8321,206.94788,660.9614,209.37807,194.0303,674.0277,-322.6254,213.52292,660.74115,204.60776,317.94974,586.4591,-96.93672,318.40503,581.4306,97.17517,440.8231,600.15076,-97.98867,435.3016,597.19183,89.76105,555.897,623.45074,-80.80222,545.35034,619.92816,108.18348,577.14575,617.69104,-82.252235,568.66736,617.35565,106.510666,564.0293,670.0128,-153.16241,557.43365,663.9986,43.39054
bp_down
IMG_20241017_123455~2.jpg,bp_down,99.679825,656.2622,14.505241,96.06981,646.37134,-5.460483,97.09745,644.9722,-5.556045,98.15031,643.36383,-5.6222687,95.66669,646.3614,27.129498,96.372696,645.1648,27.126453,97.0089,643.864,27.032127,110.470695,632.17725,-55.986088,108.526215,633.0445,87.54759,111.80856,656.872,-1.0892904,111.35245,656.72375,40.8475,161.39996,626.88763,-124.28118,175.1533,609.3934,180.0919,232.75772,599.29297,-239.7579,246.94562,591.3104,256.48,219.67441,672.68054,-347.93665,238.30678,652.8111,293.35226,194.08418,681.14825,-382.77066,220.24437,654.54474,318.8057,189.14691,678.30865,-347.31027,215.24133,656.3126,292.67862,194.90065,675.984,-335.53372,224.36653,656.4613,283.72208,317.28934,588.72723,-95.700645,320.5815,582.68854,95.9192,445.32208,601.43005,-93.50098,439.66205,596.99066,83.90424,560.06744,625.2386,-79.24574,551.80756,621.25323,99.5074,580.0809,620.16736,-80.854904,573.1559,617.57275,97.21565,563.84906,673.8253,-151.12477,558.59845,668.24756,31.967838
bp_down
IMG_20241017_123456.jpg,bp_down,98.95114,657.4109,12.163679,94.222336,647.7266,-7.170856,95.1123,646.34546,-7.273709,96.13334,644.64624,-7.344184,94.10241,647.42523,25.459969,94.87948,646.10126,25.457964,95.67066,644.6432,25.363073,109.09597,632.3845,-56.69702,107.48597,633.4632,86.97542,111.740326,657.7931,-3.3811345,111.46906,657.3899,38.613403,160.11952,624.7031,-122.84942,173.36781,609.40826,176.69078,232.46509,601.7413,-227.1225,247.95071,598.2559,241.67615,219.92233,672.9562,-322.82498,237.1535,655.2006,264.78424,197.16977,680.9524,-356.25705,218.9966,656.2605,288.15186,191.23589,677.73315,-321.66074,214.9523,659.28705,262.38287,196.22365,675.35504,-310.64053,221.56757,659.2519,254.8845,314.54767,587.60315,-95.706055,317.77576,581.59216,95.95298,437.78995,602.6907,-95.89273,433.25397,598.6854,86.25008,553.8325,622.6789,-82.281204,544.8462,619.1152,104.07807,574.4372,617.99567,-83.79255,568.0783,616.7377,102.19634,563.75854,670.9661,-153.18823,556.19403,664.8,38.62284
bp_down
IMG_20241017_123457.jpg,bp_down,102.27923,648.70123,10.156585,97.02151,639.9101,-10.104838,97.52691,638.79645,-10.207815,98.04239,637.4176,-10.282927,97.24313,639.4212,23.14465,97.794,638.20215,23.153713,98.26267,636.89484,23.06278,109.58181,625.4396,-60.998516,108.527115,626.6584,85.64423,114.4183,649.43713,-5.4594917,114.27235,648.6749,37.42901,161.95732,620.4715,-129.19893,172.46669,605.72235,183.53036,238.81178,610.8705,-235.27853,254.38766,614.8757,235.62709,213.36531,674.1777,-338.37222,226.94124,657.4967,239.08946,189.19054,680.89,-374.50815,202.08438,658.13574,260.8053,185.33502,675.60944,-342.03174,202.325,659.28894,236.13054,191.86148,673.65106,-327.56436,209.35861,659.58704,229.06828,318.16617,587.4933,-100.201546,318.5186,579.0208,100.4471,441.7465,601.2746,-103.56099,437.69067,596.65076,90.62933,558.2492,623.8437,-88.90689,548.3505,619.55206,107.67836,579.64856,617.972,-90.64236,571.9128,616.64246,105.932144,562.73004,673.80115,-162.36731,553.98737,667.1552,42.650932
bp_down
IMG_20241017_123457~2.jpg,bp_down,104.25339,652.6637,4.8771415,99.797775,644.4004,-15.815196,100.37871,643.2285,-15.898461,101.00543,641.8133,-15.968324,99.60766,644.21173,19.32762,100.026085,643.08417,19.345873,100.41799,641.84125,19.265942,111.18949,630.73645,-69.02469,109.36727,631.4244,86.50555,115.741005,652.52686,-11.538703,115.5542,652.3077,33.85251,160.53062,624.1707,-142.9006,170.46243,609.6122,193.63953,235.26216,617.171,-277.7913,251.3721,611.9673,276.53458,208.23427,672.62585,-410.8035,228.8713,657.38525,316.7724,187.11273,679.06506,-451.42267,204.25644,656.78986,346.6074,182.88525,673.8681,-416.44568,202.3625,659.24036,323.38815,188.54886,671.68744,-399.71118,210.87148,659.1151,308.4712,316.06912,583.5156,-104.28357,318.25226,577.7121,104.45344,443.78842,597.99316,-105.42908,437.4861,595.87195,95.16147,558.56525,617.62067,-83.84619,551.72,617.3359,120.26581,568.63416,611.8036,-84.497246,564.93933,612.96136,119.736275,563.20447,667.2055,-154.8721,556.817,663.8134,54.217297
bp_down
IMG_20241017_123458.jpg,bp_down,110.1719,547.5974,-47.27934,110.11902,535.4604,-65.47468,111.61645,534.15344,-65.57224,113.27954,532.66394,-65.63106,109.03453,535.91437,-31.075773,109.60552,535.116,-31.09355,110.321884,534.0707,-31.14198,126.2538,527.07336,-107.480606,123.07346,527.769,45.195183,119.54711,551.39825,-60.335964,118.66502,551.85516,-15.626789,174.84319,541.39343,-176.03273,174.8899,542.3269,144.27628,238.0857,593.55786,-201.84084,237.81111,593.90985,168.84747,220.2615,664.07983,-221.9136,220.99106,656.4878,92.55401,201.15134,672.7901,-265.71292,202.4937,661.0853,97.83746,195.5931,668.1929,-246.77518,196.9963,661.53406,59.307045,202.94005,665.4996,-216.76389,204.75266,660.07526,74.19968,330.8914,554.8096,-103.255295,328.65915,554.4784,103.45237,445.15558,586.5327,-127.140366,441.07776,585.98517,123.20758,559.0298,616.66925,-111.69271,544.0595,612.0319,171.18085,578.3953,615.386,-114.6498,567.2227,612.207,172.9216,556.54877,665.80524,-204.196,548.6197,659.864,108.52915
bp_down
IMG_20241017_130215_DRO.jpg,bp_down,132.49014,550.6741,48.40137,123.56658,548.03845,22.403463,123.11815,547.1546,22.375929,122.62831,546.23224,22.358376,123.4805,548.0755,55.216885,123.01469,547.1877,55.208977,122.51008,546.1806,55.12549,122.628075,536.8641,-49.366825,123.21639,536.27246,97.05178,140.08476,547.3196,27.045158,139.3104,547.0253,69.46926,156.02869,515.99524,-127.57041,164.16037,494.58994,179.90924,215.28046,500.63205,-274.53873,222.86673,501.24554,278.36676,204.11288,563.24817,-371.3623,210.08055,541.29706,351.18472,188.46754,569.46375,-402.8701,198.08287,542.2709,379.23657,184.38142,567.0623,-370.82422,195.19951,546.17474,357.99432,189.57915,564.2356,-359.4857,198.62274,546.47217,344.00403,293.66586,520.3367,-101.01522,298.2122,499.54095,101.108025,407.77527,527.4424,-76.56301,406.02606,514.4688,104.2257,517.2926,527.0475,-55.028595,504.63904,517.026,131.37721,541.54626,523.8481,-54.946667,530.2697,513.93225,131.5121,505.43604,565.7597,-105.26161,500.2864,554.384,84.89435
bp_down
IMG_20241017_130216_DRO (1).jpg,bp_down,132.24768,554.7593,66.48512,122.8542,552.58887,40.79571,122.38825,551.92365,40.77078,121.85122,551.28174,40.756374,122.74062,552.05597,73.50911,122.275475,551.0281,73.506004,121.76821,549.9835,73.42922,121.12717,543.1653,-28.78509,121.84426,541.1436,116.76101,137.86653,551.25543,46.12569,137.4496,550.53796,88.309875,149.95241,522.8445,-104.95959,161.8258,498.0205,195.53612,209.72643,507.52893,-240.5114,219.07733,506.5114,278.22888,200.72304,566.57684,-323.6811,207.83192,544.3475,335.40067,185.97305,571.7522,-353.7147,197.26149,546.5037,360.70758,181.78746,569.4452,-321.32217,194.04448,549.09296,337.72968,187.03879,565.91547,-311.5689,197.05257,548.91064,327.01068,288.9369,524.0241,-99.108444,296.51416,502.84848,99.200836,407.289,529.8828,-98.81359,409.2594,515.13727,92.017044,515.3148,530.3582,-89.03405,509.24524,518.3509,101.62374,539.9829,526.35333,-89.711624,533.8221,513.1424,100.06886,507.2573,564.38367,-141.18399,506.38104,554.81085,51.434746
bp_down
IMG_20241017_130216_DRO.jpg,bp_down,131.11214,553.81696,30.780676,122.57057,550.97095,6.1914306,122.09984,550.0566,6.165004,121.58103,549.17566,6.1594334,122.4962,550.9047,39.511486,121.99491,549.9333,39.500046,121.49218,548.86633,39.42309,122.347626,540.5179,-61.407246,122.85923,538.9031,87.18733,138.39778,549.426,10.300432,138.08368,549.3338,53.42682,157.80911,519.0857,-136.80365,163.56093,499.5809,171.97133,217.07396,502.79608,-274.50443,224.47617,501.5584,273.16302,204.83917,566.78644,-365.05087,208.9548,540.2826,349.6154,189.54846,572.5471,-397.6272,199.85286,542.30585,377.97922,184.61134,569.8095,-365.4975,197.07245,547.6181,355.51093,190.10979,566.67163,-353.10034,201.98407,547.2519,342.11554,298.87482,519.46014,-101.27413,300.95676,501.9317,101.35798,409.4762,527.4904,-93.83802,405.6308,515.1221,104.724976,515.3994,528.61633,-77.29607,501.05237,517.16327,126.68428,539.1463,523.7267,-77.742325,524.19586,511.9009,126.02286,505.51785,566.575,-132.64188,499.2546,555.5492,80.13401
bp_down
IMG_20241017_130217_DRO (1).jpg,bp_down,134.02487,553.04205,37.7493,123.809555,551.8248,11.946589,123.23372,551.4174,11.922097,122.64275,551.13916,11.904953,123.563736,551.2928,44.260307,122.87745,550.5346,44.25396,122.22539,549.78394,44.16477,122.157455,545.7723,-57.313824,122.30004,542.6818,86.552414,140.11887,550.46185,17.441555,139.6841,549.70135,59.19757,153.99635,524.9722,-131.2339,162.04004,501.22675,169.95555,220.68149,511.96432,-278.56836,224.67978,499.32132,265.83353,203.08475,567.2722,-381.21048,211.10419,542.02234,343.73978,187.38356,573.4777,-414.56244,200.9157,543.7552,371.7638,183.517,570.4123,-381.0177,195.8923,546.5288,350.71643,188.89479,566.349,-369.30237,200.40916,546.6397,336.90683,301.2735,520.84015,-102.055275,300.90747,502.76965,102.13369,411.81485,530.2805,-72.20552,407.4536,517.2046,121.91354,519.61926,529.3765,-43.824623,503.86795,517.94116,158.3494,542.86414,523.6844,-42.47526,523.27094,512.00977,160.05614,506.07858,568.0183,-88.11374,507.7462,564.7905,121.19981
bp_down
IMG_20241017_130217_DRO.jpg,bp_down,129.65594,557.3468,31.283463,120.62543,554.9957,6.375718,120.13648,554.2613,6.364069,119.66214,553.4942,6.3625464,120.58613,554.6442,39.67675,120.08711,553.6713,39.66731,119.59743,552.61334,39.599243,119.938194,545.4371,-61.89839,120.30512,543.7791,86.75369,136.1355,553.77454,10.523324,135.8045,553.1625,53.665855,151.4027,524.1778,-140.3189,158.31947,502.014,168.51875,212.55609,504.15274,-296.04337,221.38716,501.74408,272.8086,203.77675,568.24207,-404.71344,211.58086,541.39026,352.13687,188.21223,574.1881,-440.61978,201.26056,543.52954,379.46613,183.76152,571.88446,-408.172,195.85999,546.6748,355.86407,189.01033,568.8261,-393.2339,200.70074,546.51337,344.24728,298.85873,522.18567,-102.33704,300.61948,503.48758,102.42916,409.81622,532.01086,-78.64832,406.54218,518.68567,114.92474,517.5192,530.4127,-52.798386,503.3011,518.2818,146.50085,540.34064,525.683,-51.9846,522.0298,512.7969,146.92863,508.06094,565.6281,-103.121506,501.03937,555.16925,102.28299
bp_down
IMG_20241017_130218_DRO.jpg,bp_down,136.34875,556.2902,41.56869,125.994606,555.098,16.142029,125.38249,554.56104,16.107313,124.7783,554.0917,16.091877,125.95857,554.6475,48.36728,125.3716,553.7699,48.35109,124.82035,552.88116,48.251003,123.94595,547.66504,-52.33658,124.61264,545.30383,91.15464,142.33804,552.8079,21.410166,142.02943,551.94196,63.06712,154.44017,524.26636,-127.00608,161.6232,504.1538,174.55905,220.93993,509.9733,-266.42093,225.4918,509.54208,271.8592,204.96617,569.3369,-358.43814,210.51064,547.2824,344.6201,187.6368,574.9762,-388.9575,199.12315,547.99506,373.4933,183.75427,572.0249,-358.23947,194.48021,551.55316,352.8857,189.38402,569.2705,-347.19647,199.63167,551.2363,337.8391,299.57224,516.38214,-102.04573,299.50568,499.70535,102.151924,408.43396,528.9737,-97.85103,404.58176,517.9218,104.22212,515.793,527.70544,-86.92517,502.45642,517.7877,120.91824,540.8593,522.7614,-87.63671,525.0003,511.87244,119.98283,507.5925,566.5683,-139.35828,501.87778,557.9175,75.33204
bp_down
IMG_20241017_130219_DRO (1).jpg,bp_down,138.63943,555.05237,14.957799,129.08287,554.02954,-9.705363,128.45981,553.5542,-9.726338,127.76329,553.15466,-9.728044,129.01593,553.5459,24.270916,128.4431,552.7108,24.260431,127.889175,551.87103,24.187777,126.3263,546.917,-74.64819,127.44999,544.0413,77.625626,144.52255,551.1606,-4.1806355,144.36218,550.4674,40.04166,158.76022,523.7382,-152.39294,164.35735,500.14462,167.30318,216.0433,506.08496,-317.4803,223.93338,494.79846,281.6147,206.74245,567.849,-435.53256,211.33485,536.9876,371.4136,191.31046,574.1743,-474.12607,202.17317,538.79297,400.449,186.22481,570.68787,-441.5407,200.07841,540.68884,377.88385,191.51326,566.68085,-424.27313,202.29318,541.7614,364.3466,306.59802,517.9699,-105.924324,304.15158,497.87277,106.0062,414.81128,527.38464,-67.70743,409.42368,516.12244,132.81905,516.8403,527.0173,-28.28748,501.56335,516.92706,179.39406,541.06494,522.6775,-26.08891,520.45557,511.09973,181.73596,507.75806,567.55646,-75.139244,495.3417,555.44446,141.0972
bp_down
IMG_20241017_130219_DRO.jpg,bp_down,137.04556,557.5922,12.638201,126.823265,556.47577,-12.547511,126.22958,555.9505,-12.583286,125.64104,555.47144,-12.597411,126.76131,555.9163,21.399992,126.20659,555.0555,21.386095,125.67787,554.16095,21.299574,125.16105,548.30475,-76.92374,125.52858,545.8861,74.75196,142.86073,554.0821,-5.8330607,142.42888,553.2668,38.26925,156.14502,523.3661,-148.02972,162.18979,503.59186,167.63237,219.8439,507.09924,-290.28998,226.82562,508.3058,272.8653,206.53238,568.13385,-389.9699,211.05292,547.2101,348.70816,189.9297,575.9312,-426.1236,198.28906,549.4444,376.35187,185.26837,572.867,-394.83,195.42786,552.5902,354.38495,190.72781,568.66235,-378.9696,198.93199,552.38983,341.39417,308.51718,514.13257,-105.81643,304.4116,498.38773,105.91299,415.76178,526.2973,-76.16603,409.93198,516.74927,133.61043,518.3512,525.5442,-38.208073,502.91522,517.5927,178.60327,544.7321,521.784,-36.1877,522.7505,511.9021,180.91727,510.8574,567.2981,-85.76374,500.94293,557.5678,139.76949
bp_down
IMG_20241017_131131_DRO.jpg,bp_down,132.48367,545.3319,-18.346783,124.26321,542.3169,-42.74636,123.775635,541.0882,-42.828438,123.18018,539.65753,-42.88642,124.113914,542.8304,-10.229014,123.586395,542.12463,-10.205054,123.00762,541.3314,-10.250205,121.25641,526.28204,-103.76895,122.06653,529.6239,44.10049,139.55219,540.19324,-35.341297,139.16705,540.86115,7.469503,151.29706,496.41553,-164.79367,159.34753,494.2822,139.56941,212.0787,499.53345,-308.93942,223.37726,510.33344,242.83632,195.26787,565.23444,-404.42084,205.82431,552.69226,313.7868,182.98979,573.0103,-438.548,191.30208,554.3826,339.44778,174.27156,569.7035,-403.4425,184.07803,556.63544,317.74854,178.51439,566.9088,-392.32623,193.28331,567.8464,305.70975,300.96957,518.56134,-102.80297,298.68,518.0981,102.93879,403.04532,530.3021,-79.45975,399.11252,532.0873,127.78604,502.3201,524.8718,-29.0441,495.81543,540.7719,191.02585,515.6494,509.03845,-26.145416,510.0307,529.9879,194.08273,531.03656,557.8126,-88.47441,516.2331,573.4967,134.97777
bp_down
IMG_20241017_131132_DRO (1).jpg,bp_down,133.03265,542.9728,-14.035605,124.32615,540.9761,-38.15559,123.765884,539.9777,-38.24151,123.15438,538.8025,-38.314724,124.12845,540.801,-7.4431686,123.49125,539.7911,-7.4034843,122.883316,538.6794,-7.449129,121.02238,526.3724,-97.91395,121.83763,528.2696,41.692078,140.30745,537.5244,-30.529284,140.14865,537.3001,9.885321,149.1863,492.73764,-156.25847,161.83495,499.25665,135.86496,209.96146,495.3994,-295.7275,223.11852,507.8337,231.55936,194.86334,564.7155,-392.09003,205.45882,553.2303,291.7657,182.18422,572.50836,-426.63843,189.66615,557.3273,314.65088,173.25427,570.00586,-391.61435,182.76186,559.21295,293.46234,178.29076,566.50037,-379.97836,191.32219,570.32245,283.62564,298.49344,515.4937,-97.409195,297.0378,518.7912,97.5687,403.4242,531.1911,-61.203674,401.02097,536.07806,135.16704,500.37228,528.1739,10.874985,497.7627,542.05194,212.13849,512.59705,511.14136,16.385012,512.8251,532.7607,216.5552,532.8122,560.3591,-45.376766,522.6653,570.9144,153.2098
bp_down
IMG_20241017_131132_DRO.jpg,bp_down,132.70537,545.4695,17.640467,123.8995,542.66064,-6.623978,123.34369,541.56555,-6.689754,122.72512,540.27423,-6.7264977,123.75561,542.53986,25.166342,123.17997,541.49115,25.184246,122.63687,540.2696,25.149511,121.61504,527.23114,-71.90082,122.70214,528.5231,72.30619,140.1672,540.0454,-1.3641092,140.08463,539.9907,40.363,148.15218,497.44083,-139.53036,162.56322,487.77713,162.2227,203.62312,498.7792,-283.05353,220.70691,499.5396,276.34528,193.9709,565.64233,-377.1951,204.26927,538.4348,377.81122,179.91309,572.4867,-406.74377,189.70854,538.6329,409.46457,171.8197,569.4081,-371.04703,187.78778,551.0396,392.02084,176.6329,566.9624,-364.1746,192.96152,552.49414,372.61154,300.13416,517.562,-100.62478,299.40045,516.93994,100.68633,398.3567,531.6768,-139.97063,398.9793,533.8362,85.1409,499.47293,524.72217,-127.43706,495.11987,539.931,102.29635,514.47095,510.88293,-126.911385,513.1771,531.14417,100.72667,532.0623,558.1127,-184.09406,520.88916,572.76196,42.403336
bp_down
IMG_20241017_131133_DRO (1).jpg,bp_down,132.63876,542.00836,-30.975842,124.64343,539.5435,-54.904964,124.147385,538.3156,-54.963726,123.59002,536.86926,-55.02521,124.42968,539.42395,-24.451546,123.83029,538.28015,-24.423443,123.239174,536.958,-24.457653,121.52499,522.43225,-114.35509,122.13905,524.6354,23.99635,140.14735,536.10675,-47.416378,139.8102,536.0462,-7.34331,153.35312,493.1962,-164.62244,161.2829,490.00034,116.81236,217.0966,502.75818,-300.93704,221.15192,500.75656,225.31294,195.83745,565.36505,-404.09216,201.62096,542.6478,319.6151,182.73984,572.98096,-438.15662,186.00157,544.1989,347.15363,174.45517,569.97363,-406.58987,183.99934,556.20526,331.25958,179.14995,566.9088,-393.6443,189.91936,557.44727,314.82877,300.6664,515.0203,-93.74892,296.91754,516.9561,93.82224,403.07977,530.3927,-43.64933,399.3644,533.08026,140.48007,501.99152,524.83203,26.980015,488.5826,534.4693,217.24588,512.2431,511.1722,31.950043,507.42917,528.2003,221.78181,505.09787,559.6825,-27.534607,493.55414,573.4221,163.77708
bp_down
IMG_20241017_131133_DRO.jpg,bp_down,131.38171,543.547,4.7389717,123.6716,540.3526,-19.058153,123.21693,538.9967,-19.122236,122.67196,537.3767,-19.153276,123.59941,540.905,11.343801,123.129845,540.1162,11.36508,122.60358,539.1973,11.3288555,121.438194,523.6703,-80.446045,122.08057,526.7125,56.838528,138.46771,537.4268,-12.339486,138.19456,538.21716,27.337162,151.92894,494.57294,-143.82321,160.00703,486.68652,145.78375,210.27066,503.12228,-280.85065,216.90056,497.2463,256.19412,194.67273,565.2984,-373.5011,204.42062,530.0296,353.05344,184.07986,573.83075,-403.4584,192.40704,529.1897,381.68796,175.19766,569.7619,-371.39474,190.52979,539.96796,366.79,179.01204,566.5281,-361.8116,195.10797,541.9779,348.92706,300.14807,520.6819,-96.95326,297.8214,516.5039,96.965744,403.2184,532.9073,-73.62525,398.76978,532.2498,121.39053,502.45157,530.6067,-31.648413,492.79175,539.1511,171.53015,516.15826,514.2261,-29.134445,510.89185,524.5583,173.64845,530.17236,564.1945,-83.76316,508.46738,574.9466,123.739136
bp_down
IMG_20241017_131134_DRO (1).jpg,bp_down,136.5793,520.5131,-37.662766,126.9224,519.58374,-60.28272,126.45934,518.436,-60.368477,125.992744,517.13354,-60.422703,127.021675,519.76495,-28.946903,126.6538,518.95917,-28.92284,126.2933,518.0635,-28.96022,125.19556,504.80777,-115.10438,125.49358,507.19315,27.225037,142.37065,515.86487,-52.743614,142.5738,516.0897,-11.454851,159.33769,476.81412,-169.68614,171.3561,475.85107,122.015816,212.85411,502.9145,-273.16003,224.39925,508.22964,171.75792,195.98372,564.63605,-325.57007,205.28851,554.46814,156.20967,182.82898,572.35986,-358.0267,192.5035,556.945,164.31812,175.1792,568.10785,-330.86383,186.6164,557.1184,141.24193,179.8772,564.9319,-316.13535,191.77205,556.9453,144.42879,306.5769,505.89023,-98.89271,303.7529,509.56888,98.95774,407.4091,527.4008,-59.00319,399.0367,529.743,133.15938,501.96848,526.89215,11.422003,491.1937,540.2432,211.18224,515.5537,511.58423,15.143668,504.83572,532.5969,215.74254,520.00446,559.6701,-51.93745,501.31128,579.79803,159.9919
bp_down
IMG_20241017_131134_DRO.jpg,bp_down,134.22737,536.47504,-6.295173,125.11829,534.7754,-28.721489,124.72379,533.6447,-28.806986,124.264725,532.23016,-28.859806,124.92492,534.79095,2.3288913,124.45736,533.8324,2.360952,123.96187,532.68176,2.3333256,123.09864,518.98816,-85.888596,123.60499,521.8463,55.12443,140.86952,531.2671,-22.262533,140.76315,531.39954,18.58532,152.07544,485.07184,-142.41061,163.60066,486.98602,145.16339,214.41182,498.75574,-257.2214,228.05962,511.86542,220.38783,196.04617,565.42896,-323.01685,207.62387,555.4202,246.47012,180.80388,573.4338,-353.51285,186.41824,559.1083,264.27505,173.03552,570.3442,-321.4429,179.52644,557.97345,242.99857,178.76859,567.22876,-311.1034,188.45662,567.5087,237.37437,297.7842,516.53107,-97.38313,295.73853,516.11005,97.51744,400.45486,531.82733,-91.01137,395.38608,531.5758,111.22859,504.3784,532.4965,-50.59534,496.20508,534.95447,157.40138,515.92426,517.8564,-48.743294,510.72836,531.6695,158.90182,532.70703,562.4114,-112.084435,516.33563,570.0919,98.70787
bp_down
IMG_20241017_131555_DRO.jpg,bp_down,76.5486,571.0978,-33.979084,66.869316,564.3281,-59.112183,66.569084,562.75024,-59.179615,66.29829,560.8791,-59.242943,66.92877,563.98834,-23.84646,66.65533,562.1542,-23.824648,66.37931,559.9888,-23.878677,71.03162,542.3666,-118.62658,70.34116,542.5317,40.425804,87.57244,568.0347,-49.595543,87.899925,567.8307,-3.561866,123.99318,524.36456,-182.73528,140.40857,515.07513,150.96422,182.12053,562.6397,-349.4934,184.06358,553.9194,285.87003,127.05211,605.2085,-480.44434,139.14499,593.19556,394.15427,94.54318,614.819,-523.61395,112.10223,595.983,421.8103,92.77273,610.66724,-495.40927,114.276245,595.02594,407.79538,104.33255,606.87024,-472.82404,125.02395,594.4304,389.61868,313.77405,538.99384,-107.89013,315.87082,526.53406,107.800934,454.34174,546.4099,-45.14741,434.40543,536.91235,163.005,570.839,527.8374,33.438892,556.716,531.91724,252.1198,575.2002,513.8095,38.849316,571.3961,519.67346,259.15134,574.06433,581.56415,-30.793905,568.69617,582.64087,199.82355
bp_down
IMG_20241017_131556_DRO (1).jpg,bp_down,72.59915,565.7973,-47.96616,65.48529,557.5,-74.69784,65.63714,555.85614,-74.77031,65.858315,553.94904,-74.85304,65.15147,557.3524,-37.437885,64.99567,555.70013,-37.440865,64.840706,553.861,-37.520973,73.31035,537.2362,-137.66335,71.18958,539.2235,31.282455,83.34748,562.9177,-64.45935,82.902626,563.0472,-15.535342,124.76524,520.3834,-208.25749,135.4873,510.03247,153.85158,181.63258,542.6063,-417.87143,183.74612,545.93835,332.2246,135.73402,602.66406,-584.5751,139.46695,581.7384,485.49173,105.59898,612.46936,-631.65796,119.808876,579.3554,521.42975,102.06014,608.6075,-600.1772,115.464966,587.32416,505.41974,112.98616,604.3513,-575.8412,126.467155,583.40796,481.73535,325.68332,545.3595,-119.70218,322.8299,524.61865,119.64944,466.02145,549.32666,-62.747498,445.30728,551.9581,213.47043,579.8601,530.1193,7.4980454,552.57245,539.45825,339.4937,593.6389,514.99207,12.520297,572.85077,526.2062,350.49802,584.3044,581.8239,-66.204506,564.4679,585.2832,301.0297
bp_down
IMG_20241017_131556_DRO.jpg,bp_down,77.91831,567.4391,-55.815384,68.61723,560.37585,-80.63314,68.82704,558.6828,-80.71023,69.17113,556.7406,-80.7847,68.24575,560.61255,-44.34519,68.190155,559.2144,-44.335884,68.23473,557.6785,-44.384308,76.25318,537.2776,-137.44019,74.17048,540.3478,27.119501,88.55663,564.2818,-70.313286,88.581474,564.71405,-22.654604,130.99376,511.90405,-202.04582,142.81543,518.37585,145.40257,183.50119,545.2147,-371.04047,182.71983,557.8021,298.41562,125.33491,605.5351,-495.88693,136.01822,592.8411,415.12378,94.5241,614.2466,-539.8527,110.171234,596.1196,443.29208,91.31455,609.6178,-512.1659,109.7321,593.8151,429.1808,101.75802,606.4722,-487.92194,119.83096,593.7772,410.47684,320.43527,534.91766,-115.320045,320.72003,530.8326,115.23716,459.6848,543.704,-49.021122,434.31393,541.7708,208.20065,582.0274,528.34717,30.202147,550.76953,534.747,334.77228,589.1646,516.03015,35.316776,581.6237,523.7069,345.84747,582.48334,578.43445,-45.66067,564.55597,582.13873,292.73074
bp_down
IMG_20241017_131557_DRO (1).jpg,bp_down,77.2782,567.3551,-33.836983,68.52581,559.7363,-58.96285,68.79893,558.00415,-59.0453,69.195786,555.95526,-59.12522,68.1052,559.32806,-22.875769,68.034836,557.41077,-22.864952,68.06109,555.2523,-22.924152,75.99154,538.15137,-122.56513,74.074295,538.9264,40.660725,88.29501,564.53186,-51.34943,88.14381,564.4917,-4.1649046,134.02272,516.9592,-194.05922,140.83716,516.30707,154.53969,190.18593,549.0694,-365.7067,186.55379,555.0901,305.9376,125.34251,606.1977,-495.11588,135.39514,592.60535,427.28314,91.97522,617.1034,-537.7475,106.914406,598.8836,457.33893,89.129074,612.3908,-508.53183,110.40408,595.7076,443.5207,100.78089,608.31396,-486.6132,117.06369,595.2219,422.87488,331.08334,549.4939,-115.4286,327.88367,533.70624,115.365295,470.99384,548.9295,-68.22311,456.07492,550.2591,183.54785,586.4653,528.2762,4.4239144,568.77136,537.857,292.66315,611.9733,500.0289,9.168868,583.6005,525.1192,301.33194,585.86774,577.8925,-69.364845,576.298,585.30365,243.04298
bp_down
IMG_20241017_131557_DRO.jpg,bp_down,77.44624,568.826,-74.1529,67.92449,561.6672,-98.156975,67.91133,560.0277,-98.217575,67.97402,558.0458,-98.27734,67.73456,561.59436,-62.510563,67.55108,560.0301,-62.510906,67.43447,558.30536,-62.552364,73.97289,538.55756,-150.44519,72.20374,541.78375,11.626436,87.673775,566.11633,-87.30356,87.57454,566.06177,-40.369183,128.98427,516.19196,-212.04657,142.40651,516.9044,130.33644,176.759,561.1774,-392.26315,179.59149,559.4102,283.10693,124.28648,607.41724,-526.34344,130.11224,597.3085,401.16992,93.398415,615.93164,-572.4835,102.63748,603.36414,427.2642,88.81949,610.7895,-546.6727,104.45802,599.5718,412.5007,100.915184,607.95245,-520.02356,114.72922,599.4049,396.2764,323.24866,540.1343,-118.15938,322.59042,533.1935,118.0685,467.26743,549.0971,-54.89643,442.87683,549.53326,198.3801,581.4867,526.8016,30.82448,563.34076,537.8073,316.3663,603.7498,500.63925,37.21622,580.44586,524.86206,326.14478,584.5259,573.1683,-42.112885,573.83014,584.90045,265.91895
bp_down
IMG_20241017_131558_DRO.jpg,bp_down,85.2404,528.63696,-71.198235,74.54921,517.3591,-97.04095,74.63837,515.20905,-97.131676,74.82793,512.8598,-97.20743,74.440094,518.0864,-59.97322,74.39425,516.621,-59.987507,74.400314,515.0782,-60.055256,82.90993,496.78165,-155.34981,80.735725,501.30853,13.072872,96.203415,525.9873,-86.180374,96.21495,527.39246,-37.553516,138.7891,472.19333,-229.01674,151.17316,493.89764,133.96455,169.12254,548.7402,-302.5003,180.16849,551.9077,259.16174,124.66217,606.55396,-288.64197,141.12643,592.4596,305.86057,100.42446,616.1456,-318.93124,123.32345,597.99304,314.01532,94.33694,610.5521,-308.5359,115.5086,596.23987,298.63217,99.97971,607.9831,-283.77835,124.84554,594.9994,297.11313,328.8736,511.45306,-112.10434,323.15784,528.1286,111.951866,469.95184,534.92255,-64.86693,444.86746,548.2578,204.34619,579.8591,522.9638,95.43723,547.0361,533.3191,391.51492,591.13434,511.1217,107.608795,571.031,522.47284,408.09323,585.21124,569.65753,11.477516,574.8447,578.53546,346.14374
bp_down
IMG_20241017_104928.jpg,bp_up,286.64395,199.86986,-400.27393,290.78555,192.88124,-383.303,293.27966,193.46236,-383.21527,296.193,194.24786,-383.2572,281.59454,192.28987,-382.64716,277.82758,192.62025,-382.71054,273.70236,193.1206,-382.69098,300.38333,199.40962,-281.18347,268.37534,198.21274,-279.1955,291.77274,209.47647,-361.3867,281.38522,209.16838,-360.8489,320.97034,235.59824,-234.49399,252.32285,236.37386,-240.62375,342.57852,182.00354,-291.04486,231.78665,184.64618,-348.18842,354.85098,121.17648,-346.0535,227.86632,118.64395,-468.62866,357.24988,107.18036,-377.47467,224.97784,101.85513,-510.70178,350.361,103.97551,-384.55338,231.5942,99.995636,-508.6795,347.77118,108.27954,-353.96307,234.27058,104.5553,-474.9587,305.8667,360.01205,3.0449314,258.2329,358.84796,-3.2801208,306.08868,456.4435,61.624023,246.69048,451.17493,31.48236,303.06735,536.74677,240.30815,238.46613,544.13257,185.29747,296.8325,547.8816,251.4864,243.48016,558.41833,193.19736,312.64285,569.64514,139.7432,223.7575,573.6083,75.11177
bp_up
IMG_20241017_104929.jpg,bp_up,286.07935,198.80493,-457.61758,289.7408,192.58897,-441.61255,292.66122,192.99348,-441.5128,295.13272,193.40634,-441.5675,281.06326,192.83371,-441.03775,277.62778,193.31177,-441.11813,274.38962,193.79832,-441.09082,299.15665,199.22717,-338.04816,268.97266,199.3701,-335.5059,291.48474,207.85756,-417.48883,281.20572,207.65619,-416.82364,320.24265,236.18423,-289.8117,251.63905,236.18791,-292.52484,340.56845,183.68384,-373.2198,233.12871,180.69014,-400.80627,354.54477,119.66898,-446.63873,230.54018,112.52315,-519.1487,357.52423,105.20677,-483.36554,227.92863,100.00462,-562.4256,350.4925,102.93782,-489.24954,234.0868,97.57345,-563.8804,348.5315,107.43987,-454.82483,237.02486,101.00858,-527.2373,305.67334,360.44394,2.0517333,257.88272,359.4095,-2.3031204,304.81927,453.02075,69.862976,246.3762,447.82047,15.678509,302.79922,535.35675,249.3419,239.85892,541.7521,168.698,297.08563,548.13556,259.91864,244.88495,556.4726,175.791,309.89844,567.6421,140.79037,223.58412,572.66376,51.512478
bp_up
IMG_20241017_105329.jpg,bp_up,276.1603,169.53435,-463.89862,282.32846,163.33226,-446.1356,285.49524,164.00494,-446.05402,288.36057,164.70436,-446.13153,271.38202,163.38191,-446.17947,266.76453,164.00879,-446.24515,263.10327,164.69957,-446.1989,293.927,171.8602,-335.80228,258.88037,171.29382,-334.89078,282.84268,181.32031,-421.46506,268.8238,181.09932,-421.3811,315.1003,213.40714,-300.5861,238.7473,213.18915,-300.99695,331.67795,146.39987,-428.7794,224.58383,144.32509,-445.53284,334.8078,75.348114,-519.25555,225.87204,79.67847,-571.1899,336.30832,61.626698,-561.57715,224.08278,66.16223,-617.87177,330.5212,59.151196,-563.00195,230.25952,64.53402,-616.6709,328.26364,64.345764,-527.0031,232.74162,68.57059,-579.3441,299.36096,346.26013,-1.8413917,248.13704,343.6758,1.5484666,298.28772,448.65686,15.290517,233.21507,443.6544,17.006533,294.4788,551.21936,155.01804,219.05968,546.96295,166.60765,287.14966,566.9773,160.00452,224.47148,562.3377,172.14412,305.97983,579.48987,22.010855,199.147,574.1014,41.714993
bp_up
IMG_20241017_105829.jpg,bp_up,317.6596,120.900055,81.83538,323.3969,113.97345,59.27286,324.684,114.01115,59.253544,325.68118,114.02836,59.192097,322.4061,113.852585,93.69487,323.073,113.905655,93.70821,323.5817,113.9451,93.721436,336.50116,117.24788,-2.802053,333.7777,118.1193,152.53494,322.79785,126.54542,63.01365,321.4957,125.98459,107.573364,349.31995,141.62128,-94.111885,344.8009,160.41762,229.388,329.4263,79.07321,-115.44326,337.19595,156.92294,372.78082,320.37875,52.122498,62.648655,337.36948,143.84326,460.76926,318.38037,44.38405,63.261284,340.15964,140.3043,478.8707,317.8879,49.2532,68.19458,340.33353,139.59898,467.22235,318.25626,53.107548,68.9425,338.93344,140.5278,455.64728,335.2967,295.43042,-106.5677,327.60217,299.3833,106.38837,333.9452,405.60046,-135.05411,323.64032,408.7771,93.96366,339.05286,534.48486,-149.24475,332.83084,531.3421,98.678986,354.0601,552.5119,-151.88078,345.56052,549.43695,96.00979,297.27777,556.768,-226.40689,286.46677,556.6986,43.500927
bp_up
IMG_20241017_105830.jpg,bp_up,318.1674,127.867935,53.947395,322.9728,120.30357,32.106163,324.44232,120.147705,32.076702,325.49905,119.96394,32.02235,321.93872,120.273384,65.7148,322.53348,120.181595,65.73635,323.17197,120.064995,65.73293,335.9185,121.48402,-21.1223,333.03397,122.433784,130.87936,323.42593,133.14806,38.836487,322.11563,132.63962,82.521545,352.7979,145.29979,-116.67979,347.5829,168.11078,211.14943,333.23575,85.530876,-195.2199,342.4029,210.47902,332.5634,322.37958,52.95341,-100.21253,331.78595,221.6234,381.58032,319.7682,44.04087,-113.73798,332.7664,224.0593,398.51993,319.19452,48.23749,-101.90738,330.16415,220.27194,374.9601,319.5448,51.549458,-94.46646,328.91336,218.68329,371.4523,339.43106,300.89532,-111.41002,332.26666,304.85165,111.26364,332.30392,415.32874,-141.3938,327.17844,414.11978,112.23933,338.6378,542.50775,-150.74124,334.60443,529.85175,125.47063,354.36023,558.42267,-153.33435,348.64966,550.2659,123.75096,296.58945,558.9031,-228.9866,295.33392,551.97296,72.05881
bp_up
IMG_20241017_105831.jpg,bp_up,315.05667,125.00789,85.1485,320.5501,118.316696,63.773197,321.90182,118.301056,63.737957,323.23502,118.27931,63.679188,319.28934,118.21535,97.47031,319.83786,118.2201,97.47535,320.23294,118.21961,97.47036,334.20975,120.92291,5.9594,330.96606,121.87433,158.46255,320.0792,130.44818,67.81651,318.49905,129.89221,111.598785,348.2479,142.81532,-90.0104,344.5346,167.30795,231.6885,329.9843,88.85469,-123.40742,339.91324,203.81424,359.4904,321.51883,64.350746,31.295872,329.78525,209.30157,428.30035,317.93735,54.046204,28.535362,329.15585,210.9669,447.65244,316.09177,54.18806,35.529503,328.48062,207.70145,427.7726,322.53262,65.43488,37.298725,327.8837,206.32562,419.90802,337.5716,294.92966,-106.69623,327.30917,300.76517,106.586044,334.44202,408.5273,-151.0174,323.0611,410.8428,87.55765,339.411,534.213,-170.7238,331.44528,531.37067,82.363075,354.62186,554.96686,-174.58948,345.65012,551.5732,78.32813,297.82388,558.6283,-253.13019,289.7174,555.30365,23.65313
bp_up
IMG_20241017_110328.jpg,bp_up,383.47037,148.01555,284.6553,391.09106,139.17403,290.8195,393.83072,138.62901,290.8264,396.3514,138.32616,290.74924,386.45392,140.68452,315.97812,385.88538,141.18654,315.96518,385.2212,141.8844,315.9448,407.80228,142.91553,284.8575,392.1385,147.67061,398.2579,389.75488,155.1212,276.94833,384.0832,156.42078,309.4855,433.37323,167.37144,162.33755,382.8427,205.37303,432.3443,390.9921,109.03769,122.61042,332.42532,164.04024,610.16876,355.88412,41.557957,235.80641,314.62726,90.07687,774.6603,348.65256,20.421482,240.33263,315.37006,71.95769,788.86786,347.86307,26.54252,235.1181,318.2617,70.33873,800.914,348.7456,38.54847,237.8307,320.95584,75.8492,778.30237,407.86157,310.55338,-81.95192,381.42728,323.54807,81.78514,395.9757,427.1319,-261.06113,389.01938,441.1399,1.6729548,450.34167,574.8549,-431.4856,437.02872,571.82227,-112.91316,476.6637,597.3539,-447.3268,456.16553,596.85284,-128.59027,397.10797,603.5018,-530.1362,386.95578,599.11096,-181.1847
bp_up
IMG_20241017_110329.jpg,bp_up,1523.6108,1194.6234,-459.32123,1522.0662,1167.0607,-356.7221,1527.8286,1168.2412,-356.57657,1534.3167,1169.4764,-356.6069,1496.5599,1166.4548,-375.903,1483.8326,1167.8517,-375.90442,1470.414,1169.9141,-375.9227,1528.2368,1185.6079,50.01394,1437.5051,1190.3115,-26.79255,1532.9346,1231.4316,-318.59113,1502.1396,1230.065,-341.77704,1620.7764,1341.3414,151.77698,1342.0532,1358.3341,-72.326035,1772.3818,1192.3708,-64.840515,1289.0403,1185.2389,-421.0329,1711.132,973.8738,-238.1743,1390.2969,963.98413,-484.84375,1694.7397,915.2896,-340.2979,1416.0232,889.0545,-616.50464,1671.39,913.0766,-310.50964,1435.7588,893.31836,-567.81195,1669.6643,937.1061,-246.99576,1432.4182,921.7913,-486.6547,1594.8123,1815.7178,20.874905,1413.303,1814.6755,-20.871021,1577.062,2154.1033,132.52786,1415.8019,2138.3076,94.196045,1578.2812,2449.4912,725.5504,1424.9622,2442.8596,709.89233,1560.5239,2484.1155,761.29266,1437.2407,2476.4268,745.3447,1603.2825,2566.5923,326.79205,1397.5715,2556.9277,320.75983
bp_up
IMG_20241017_110330.jpg,bp_up,386.45776,141.37254,276.63556,393.97577,132.21887,283.08597,396.7489,131.71564,283.1165,399.548,131.53658,283.02292,389.20706,134.14629,306.0168,388.5541,134.86963,306.0113,387.8255,135.75644,305.9956,411.76587,136.81512,282.38705,393.86444,141.81958,386.35455,392.16257,149.20856,270.9094,386.37,150.92662,300.7743,433.94022,162.39777,174.05843,382.56018,200.57132,419.15076,395.8835,102.080246,157.20767,334.74002,164.51195,607.4116,364.46857,33.29103,287.88882,317.32608,93.968414,795.80096,360.9032,14.993691,300.867,317.4773,78.881165,814.59283,361.8828,22.454334,291.91916,323.95984,77.73149,830.9533,361.0773,34.81157,289.3413,326.4212,81.96197,801.9208,407.79276,302.0722,-70.41518,380.3124,317.6171,70.1896,395.71927,417.07245,-267.45074,387.70648,436.3321,9.532846,447.4858,568.3964,-449.04556,436.04736,568.1939,-108.86898,471.30765,592.00256,-464.98233,456.9468,595.3934,-124.33117,394.83078,600.5085,-548.0673,385.51465,597.94525,-174.02487
bp_up
IMG_20241017_110331.jpg,bp_up,376.82156,144.86612,287.31628,384.35083,135.90926,297.9846,387.18372,135.52667,298.0447,390.0438,135.47333,297.94238,379.62878,137.88551,320.0889,379.05743,138.7164,320.1153,378.52286,139.7162,320.14127,402.65878,141.21947,309.76306,385.06436,146.88824,409.40213,383.0382,152.85501,285.7257,377.29782,155.04599,314.23962,429.09827,165.30307,202.0319,375.15353,204.09148,435.7981,390.40152,104.68512,209.12878,327.89484,167.091,616.1268,352.95038,37.794853,380.6455,312.26486,93.95032,796.2781,347.17047,21.4015,399.00223,310.57104,78.55043,813.69916,346.30502,30.121279,392.68173,315.76932,77.55837,830.21857,353.16495,40.92753,383.46448,318.04153,82.689026,802.6133,403.48434,305.5558,-78.6937,374.25824,320.1667,78.451065,394.8288,422.3823,-243.1941,386.13553,439.60098,28.185432,449.80038,569.232,-393.46454,433.47723,570.21954,-61.17535,475.04254,593.2319,-406.94064,452.93628,594.15454,-73.54875,399.36307,598.655,-489.41733,383.85922,596.94525,-123.86724
bp_up
IMG_20241017_110650.jpg,bp_up,343.35608,133.42834,-63.314438,349.44354,123.00576,-62.298187,353.2226,121.73375,-62.363365,357.40482,120.42712,-62.491604,341.8733,125.1531,-34.718586,340.3789,125.47557,-34.656357,339.21646,125.68728,-34.587173,369.67896,122.34793,-33.072075,346.8664,127.12012,95.73097,353.32578,140.71817,-50.07713,343.3245,142.55626,-13.279634,394.52844,164.30682,-86.219215,359.41904,181.88896,203.43057,380.28857,90.18281,-147.12927,340.38638,128.99591,317.90247,358.69592,44.52796,-45.67748,329.45456,79.63248,367.47372,351.38913,33.663868,-59.46675,326.1455,60.579346,364.45117,352.87085,38.658978,-56.717484,328.49304,61.59706,359.4319,356.2479,46.139572,-44.11567,331.51492,68.0212,359.9626,374.22946,327.85455,-103.158714,352.53796,331.88907,103.07504,386.0944,451.71118,-130.25273,359.60425,452.0675,100.54271,394.1809,591.9637,-139.6619,385.92554,567.72534,119.23543,409.6459,601.8297,-143.88582,400.00018,586.5799,116.91893,348.02948,607.6842,-238.6268,341.9798,603.8267,53.016006
bp_up
IMG_20241017_110651.jpg,bp_up,342.49048,136.81021,-48.528744,349.20874,124.51638,-44.282784,353.21396,123.2247,-44.337326,357.2425,122.08014,-44.49408,339.90768,127.27933,-18.10974,337.46335,128.05305,-18.035574,335.70496,128.56705,-17.9651,368.2517,123.426605,-0.87047833,343.0644,130.10005,120.43384,352.79,145.27922,-29.782003,342.48813,148.12592,4.819743,393.4652,163.20226,-48.26327,358.29657,185.97949,242.39885,377.9476,93.71452,-102.950905,329.24457,142.83247,383.0121,348.004,36.346626,5.518078,323.37607,88.1304,441.37323,339.2326,28.642273,-7.0662007,321.66312,77.35837,442.33725,339.20438,31.298018,-0.903986,325.006,75.0216,433.44788,340.50146,33.684967,8.981868,327.34164,77.59278,433.4792,372.71133,321.98392,-106.9414,353.40588,327.1012,107.02849,385.9011,447.19507,-163.29198,361.60236,449.57886,75.96222,395.72064,593.9324,-191.0301,385.85745,572.99835,68.08548,410.19696,613.8514,-196.82967,399.30692,592.92896,63.60843,341.3583,623.9501,-297.51492,337.13565,606.85114,-6.1336503
bp_up
IMG_20241017_110652.jpg,bp_up,343.8252,141.00893,-97.99284,349.4154,130.80164,-92.321396,353.07556,129.64565,-92.35631,357.32486,128.33363,-92.48184,341.82626,132.78185,-66.382324,340.52933,132.8578,-66.310776,338.9286,132.93129,-66.24331,369.47876,129.56409,-40.18083,344.54712,134.4615,81.22179,353.6864,148.3284,-76.81084,343.07498,151.37807,-42.1323,395.34232,169.85785,-80.07885,352.81323,189.67448,207.919,377.5687,98.01669,-119.09832,321.76257,160.29617,341.18875,357.79684,51.336384,-1.3690927,320.95276,98.93637,401.64786,344.224,41.25607,-12.177107,318.57715,86.7605,400.62457,342.7237,42.528297,-14.856206,322.49277,83.96687,397.69058,346.32303,46.574043,-1.3257248,325.8325,88.30178,396.37448,374.1048,328.41513,-105.718796,352.86423,333.1827,105.72196,384.86517,449.89368,-158.6841,356.77554,452.16684,96.866425,398.72864,594.03,-178.69618,379.10287,584.07764,114.64986,413.10403,611.263,-183.84642,392.80554,603.199,112.39029,346.85815,616.5897,-282.274,330.4243,614.42596,44.704994
bp_up
IMG_20241017_112904.jpg,bp_up,298.19623,239.26518,127.029434,302.2714,230.88736,115.04033,303.9964,230.25346,115.00583,305.75143,229.72539,114.91583,300.34622,231.751,143.5444,300.59134,231.7793,143.53334,300.84045,231.91228,143.53798,315.3927,232.18506,77.61415,307.36563,234.51224,205.82338,303.93323,244.01483,115.57971,301.55432,245.39192,152.10457,337.79443,258.89832,-19.867857,311.76324,270.60748,265.13446,310.74637,202.93503,-60.963623,299.55756,224.48628,384.6449,290.1631,143.18958,36.790665,293.66577,179.85985,434.38547,286.35458,129.2392,35.19318,290.73535,167.68071,439.95346,288.28033,130.13441,33.748367,293.02484,152.31065,432.31125,289.42673,136.12712,40.27681,291.20193,163.92691,428.56924,325.25708,377.85583,-93.2273,307.32727,385.22427,93.13614,323.47012,484.01743,-140.9889,304.8987,484.95248,58.22309,338.48517,597.09546,-177.2497,333.17587,584.6653,31.108147,349.40567,617.6337,-182.53539,343.15222,607.8517,24.243864,291.20746,618.2392,-266.0341,288.43552,610.18896,-25.05118
bp_up
IMG_20241017_112905.jpg,bp_up,292.45837,234.98549,85.96109,297.9001,227.22273,74.77808,299.68106,226.86848,74.736244,301.44647,226.57631,74.64569,295.6298,227.75468,102.01848,295.81555,227.77281,102.01606,296.08707,227.84338,102.0093,310.31552,229.178,44.293007,302.80148,230.55864,167.41002,297.31073,240.51971,77.38197,294.72852,241.28265,112.43244,330.047,258.69376,-48.053368,304.37344,268.3276,232.26591,305.8374,203.6638,-114.339676,286.25485,219.57083,314.42932,286.24338,146.00215,-61.612698,280.33472,166.22072,314.24124,281.0813,132.19547,-74.161896,280.39703,156.20186,309.57727,282.62286,132.81042,-73.261406,286.19553,151.32437,301.78397,283.97574,136.79317,-59.350796,286.20798,154.12508,306.31375,317.1205,380.3672,-93.80122,301.03983,385.65552,93.69502,319.40643,485.13495,-132.28537,304.14856,486.42178,65.9395,340.05887,597.5011,-153.65823,332.1796,587.0602,51.66527,352.59003,616.82294,-158.78853,343.32358,608.55707,45.530804,293.11853,619.95056,-250.06224,285.87384,613.2803,-9.967363
bp_up
IMG_20241017_112906.jpg,bp_up,278.93768,228.64409,115.45943,283.40677,220.79196,98.46933,285.04315,220.37077,98.423515,286.60495,219.96631,98.329414,281.52628,221.45662,130.19092,281.814,221.55104,130.20232,282.09036,221.63324,130.22032,295.50192,222.13359,47.476177,289.38602,224.01094,191.41273,283.69635,234.59196,100.29323,281.86182,235.5106,141.27364,312.43326,248.94495,-53.69973,294.44354,261.57437,257.43497,285.87796,190.95645,-105.079605,279.56412,223.76662,386.28894,271.3319,136.62537,-14.43977,284.11264,191.34021,446.1751,267.49435,122.81916,-20.433645,275.87247,175.48372,454.57016,269.51227,124.00983,-22.672424,282.10364,172.90294,445.6289,270.939,129.81491,-11.550302,280.94354,174.85141,440.23544,299.5622,375.5637,-101.46582,287.14938,381.33713,101.344406,308.4207,481.90424,-148.39449,293.83633,484.06192,72.924805,332.75174,590.02423,-177.48291,325.65677,584.6505,57.880753,348.89615,608.17926,-182.12766,341.14517,603.2771,52.095634,290.67197,621.1987,-270.51016,287.8592,615.5896,-1.8000671
bp_up
IMG_20241017_113327.jpg,bp_up,298.45456,283.37317,-356.14062,301.895,276.89075,-339.32568,304.7141,277.10846,-339.2792,307.4333,277.43716,-339.3414,294.0278,277.16473,-339.3509,291.1417,277.28702,-339.4187,288.41907,277.6246,-339.41986,311.1029,283.30237,-237.2688,284.71564,282.88013,-238.04814,303.4097,291.10745,-316.94446,293.18176,290.97284,-317.38953,329.75754,316.46414,-200.90578,272.4527,317.50897,-204.35527,342.00903,262.6754,-278.43906,262.4904,256.85626,-321.7666,348.14673,201.93472,-350.3715,271.3741,201.58784,-432.20618,349.1698,189.50314,-385.20212,270.81134,186.58821,-471.03357,345.24542,187.21971,-390.1843,275.649,184.7742,-467.2535,343.33566,190.69986,-357.49774,277.61,189.63716,-437.14658,317.42874,435.666,-7.1299357,276.40106,435.24036,7.015134,316.15158,528.95935,-23.46275,277.76596,524.77716,-1.9457757,307.9616,627.0328,70.514755,285.50378,625.9589,95.491135,304.79343,639.4707,72.23801,286.972,640.8544,97.73324,311.58118,653.3959,-50.42139,282.92548,653.1789,-13.936353
bp_up
IMG_20241017_113328.jpg,bp_up,300.3107,285.37567,-337.31714,303.48523,279.25595,-320.0717,306.08383,279.3633,-320.02237,308.66367,279.56506,-320.08127,295.70517,279.43784,-320.51294,293.0433,279.4488,-320.56967,290.3916,279.61035,-320.56735,311.91043,285.25262,-219.1675,286.40607,284.96118,-221.70747,305.1298,292.51785,-298.92853,295.01834,292.34616,-299.86874,329.94727,318.6343,-186.06429,273.75543,318.77985,-189.65347,340.44257,263.78784,-257.24612,262.44556,259.56122,-305.64594,346.00107,203.26846,-321.92047,270.1141,203.20282,-414.0953,346.79013,190.36023,-355.42438,269.13324,188.64682,-453.20285,342.54855,188.83354,-360.1871,273.8343,186.6188,-448.5505,340.2871,192.7884,-328.83722,275.93018,191.1229,-418.92014,317.69498,437.28796,-6.5041313,276.5585,436.4413,6.3900504,317.57153,530.31995,-12.692504,277.28918,526.1994,4.8115177,307.52734,627.45734,87.14427,284.70322,627.4949,108.80487,304.85397,639.18286,89.50899,285.80313,641.4356,111.78604,312.25684,654.1488,-33.025417,281.543,654.21466,1.4320743
bp_up
IMG_20241017_113329.jpg,bp_up,1445.5135,1491.8434,-568.005,1423.2336,1453.0703,-522.03577,1416.9481,1450.9645,-521.9334,1411.0122,1449.9385,-521.809,1428.7748,1459.0868,-679.8169,1425.2162,1460.4945,-679.574,1421.4673,1462.4166,-679.61707,1373.1799,1470.7014,-240.54103,1384.981,1479.3887,-967.07495,1432.882,1526.8716,-441.05466,1432.4319,1531.3993,-650.97046,1312.7156,1631.523,212.58264,1342.0526,1645.7301,-1271.2666,1491.0789,1377.9974,593.4578,1544.4792,1373.9705,-1732.5505,1630.8577,1114.363,177.94675,1673.4551,1076.7584,-1762.4121,1649.0977,1049.8954,110.40102,1712.7036,1001.87683,-1942.6394,1645.6381,1035.0085,-8.04149,1689.219,994.62537,-1898.2761,1637.9363,1060.3469,103.38556,1675.3795,1019.5969,-1745.5654,1399.6903,2249.7134,495.7208,1424.008,2283.7207,-496.8101,1418.1342,2601.9102,1241.1155,1447.0732,2663.3533,40.809853,1373.3649,2979.5374,1995.9177,1397.1154,3074.2913,646.955,1329.7869,3077.3354,2060.5413,1355.6322,3160.818,690.5054,1510.4226,3047.4607,1947.3718,1573.8787,3122.158,363.08307
bp_up
IMG_20241017_114021.jpg,bp_up,377.93594,278.86212,-51.105705,376.33246,272.36115,-40.078636,376.8248,272.25024,-40.084854,377.2314,272.25946,-40.0621,373.78418,272.75317,-62.62558,372.22925,272.88593,-62.59647,370.68124,273.10944,-62.65339,374.84958,275.66583,15.163146,365.6862,277.11755,-88.59788,378.96033,284.53235,-27.096016,376.66385,284.87003,-57.185215,375.44888,312.17053,82.42924,360.65347,305.5477,-155.90968,392.66415,247.54417,103.54569,387.58127,247.58377,-251.42348,409.19138,186.43076,28.35661,409.1091,185.5832,-265.3644,412.91895,168.38553,17.296305,414.91812,168.1463,-288.66663,412.49478,166.1365,3.5342906,412.6332,164.30992,-275.48434,410.85236,172.30482,17.480597,410.0393,171.23337,-260.02133,387.65097,436.03616,82.31955,369.20636,435.80426,-82.49257,375.96417,515.62384,148.49373,366.70547,521.79376,-104.96014,359.73834,595.0512,244.23897,358.9207,614.4036,-78.09002,349.5495,610.5073,250.34946,347.47403,627.2685,-78.664604,384.3315,621.74194,213.63048,386.73798,636.5786,-158.60759
bp_up
IMG_20241017_114022.jpg,bp_up,402.12283,295.72852,-35.48273,400.48264,286.48138,-25.141573,400.30368,286.15475,-25.132023,399.90485,285.89978,-25.1122,398.3084,286.6367,-54.731632,396.82922,286.42245,-54.716995,395.17914,286.25262,-54.74449,391.29288,287.33292,30.472187,385.94202,287.92694,-104.51366,398.83908,301.8771,-10.805626,396.791,301.88257,-49.71512,375.8938,321.97818,119.82627,376.59756,309.10016,-179.65204,372.21826,371.4411,201.89168,396.596,252.11089,-309.9349,371.2992,413.4637,156.58418,422.95227,192.92505,-334.85892,367.69656,425.2198,165.86592,428.22754,177.86983,-367.55493,371.31985,420.45862,137.48131,425.22647,177.13757,-339.45923,373.14133,416.7641,143.54097,423.99344,182.3869,-324.11887,379.08124,442.71722,95.04694,372.28015,444.0407,-95.14953,372.12958,524.2843,137.51917,364.2568,527.50214,-72.029205,353.3359,602.29315,226.10207,352.92575,618.9293,-14.44074,342.2232,620.71027,231.46867,341.78094,635.0147,-11.844285,383.48117,626.2768,188.7532,386.34583,640.86224,-85.73439
bp_up
IMG_20241017_114023.jpg,bp_up,398.39493,308.01785,-34.867004,396.72485,298.67075,-24.869268,396.58893,298.35217,-24.869083,396.23596,298.00464,-24.84679,394.25772,298.72772,-52.480118,392.4791,298.465,-52.45788,390.41733,298.12872,-52.488304,387.4893,298.61212,30.667646,379.89273,298.97943,-94.64106,395.87796,313.72604,-10.072298,393.71533,313.90378,-46.309975,377.48087,330.87714,119.80705,367.0381,320.45493,-165.25114,376.7863,387.00525,203.41399,390.77628,264.98035,-285.35675,384.78485,425.37717,144.23038,417.60767,205.05501,-299.995,384.6723,435.9352,150.07059,420.84238,191.43213,-330.30896,386.8569,432.0233,120.47665,418.42657,190.29318,-308.4405,386.84924,428.54434,130.0582,417.66287,195.29271,-291.70926,374.849,452.91678,89.59717,359.3705,455.03082,-89.720634,368.86838,529.63086,141.79448,359.31708,534.78925,-59.930054,349.52576,612.13525,227.03032,348.50812,627.5983,-1.6172025,339.64838,628.11743,232.36665,338.4197,643.8433,0.8735035,381.3618,629.6296,192.64844,386.4645,644.453,-70.783394
bp_up
IMG_20241017_114023~2.jpg,bp_up,384.30035,288.7381,43.88562,383.9111,280.99973,47.476933,383.88046,280.69794,47.491085,383.59064,280.3397,47.482872,382.6474,280.88025,22.698118,381.45547,280.48938,22.718124,380.1593,280.06296,22.651995,376.03415,281.63544,67.660446,373.1741,281.84366,-45.060528,380.368,294.479,55.669537,378.63046,294.44977,22.87883,349.56088,322.0827,126.6065,363.2735,302.72983,-116.38565,344.41916,342.20374,243.65938,391.6814,250.23851,-212.1159,358.96143,357.1656,297.00122,415.94763,194.69499,-233.00925,357.9393,360.39594,318.90906,419.6844,182.54791,-251.154,361.81378,355.715,300.02823,415.3635,179.83691,-234.84843,364.29565,355.43628,291.37454,413.99283,184.82927,-225.29405,375.1256,436.0894,86.01919,373.48434,436.99393,-86.39261,359.97464,514.00354,165.63232,359.7853,525.83246,-107.655426,346.5822,602.64105,248.7454,346.87622,620.16986,-119.06827,336.82062,619.41547,254.55144,336.8935,633.81195,-120.58836,373.91248,624.9725,232.52986,381.2749,639.3907,-178.55466
bp_up
IMG_20241017_114024.jpg,bp_up,382.05466,282.60065,1.6406487,380.7931,274.73105,9.884908,380.42517,274.7121,9.881496,379.7359,274.77682,9.889407,379.98685,274.8603,-20.118837,378.9675,274.85333,-20.109013,377.60318,274.8666,-20.187551,372.88382,280.0953,50.53583,372.591,279.85245,-85.36327,380.13068,290.00128,20.883083,379.32672,289.5756,-18.381006,353.91638,320.45746,136.62282,373.78436,303.4989,-169.04099,365.11203,350.83865,243.48071,395.3915,241.88977,-280.4345,376.61334,370.03394,206.93678,418.32898,183.18591,-289.8636,375.608,376.18585,218.56369,422.7708,166.92398,-317.44992,377.74136,368.68155,190.83948,419.71027,165.49147,-294.93405,379.92416,367.29083,194.48146,417.72974,172.1602,-280.41812,371.62427,440.81995,98.680435,379.82483,442.29736,-98.84222,366.34885,519.9883,156.43547,365.54306,525.0214,-67.88563,348.81735,599.34784,248.48624,349.68033,615.1396,-3.2006018,337.3177,615.5032,254.51958,337.7102,629.44696,1.039133,381.18155,623.79535,222.2439,385.49008,635.5127,-64.133766
bp_up
IMG_20241017_114025.jpg,bp_up,294.3249,180.51283,104.42254,298.9215,176.6244,130.4154,302.2303,177.12187,130.42964,305.56293,177.71756,130.39876,288.76068,176.47055,128.08134,284.78857,176.75815,128.05743,281.01337,177.10298,127.978676,308.72845,185.01704,213.68665,275.07288,184.94621,204.96378,299.3577,190.78911,132.89523,286.59732,190.22482,129.61572,328.02612,226.24199,185.89035,254.46867,223.54678,160.95944,342.32196,154.07715,126.236046,246.78082,148.87415,89.11125,335.58508,83.04522,119.925095,251.4136,79.732635,90.87981,335.1288,68.92724,102.83203,249.37782,65.341545,69.15798,328.05298,67.12136,107.09048,256.53806,64.02924,72.97305,325.80325,72.01877,116.89224,259.6727,69.3584,87.61297,311.34808,352.8805,-6.7725234,260.64893,352.39114,6.780988,306.53293,462.56247,-91.65164,272.17862,460.11285,-67.94681,308.3571,580.4298,-71.96425,271.34293,580.1027,-40.605698,303.79028,595.37695,-76.983894,274.16977,595.0885,-44.455677,307.34955,612.66345,-205.60121,264.65356,614.30035,-159.97958
bp_up
IMG_20241017_114446~2.jpg,bp_up,366.30075,275.98352,-76.62257,365.7635,267.734,-68.07909,365.44275,267.4547,-68.128845,364.9449,267.31033,-68.15915,364.08798,268.10898,-92.668434,362.6048,268.03043,-92.62172,360.89905,268.04742,-92.64351,356.2363,269.37897,-19.4326,351.60284,270.0053,-130.917,363.6665,281.49246,-54.762844,361.93246,281.57303,-87.30976,347.31952,293.0476,38.227345,337.93204,296.22375,-178.51517,370.6041,251.15636,74.77408,374.7712,252.38408,-251.28322,389.1365,208.07437,-1.6487046,391.31903,205.50809,-251.30992,391.49875,191.81845,-17.601135,393.73935,189.33232,-283.14276,387.77463,192.00986,-33.247982,388.661,189.23285,-273.4782,387.25137,197.752,-13.419486,388.00708,194.8191,-248.48492,357.31754,397.01242,68.25826,341.8211,400.33563,-68.30277,352.61978,466.3232,157.011,346.35126,471.12912,5.1077495,344.33804,525.32764,267.60928,341.41882,538.656,103.855415,337.85464,537.36304,277.28964,334.34622,552.59686,110.84281,373.35312,539.06915,243.2496,374.61002,549.54144,46.954483
bp_up
IMG_20241017_114447.jpg,bp_up,368.7057,288.10037,-106.97456,367.60986,281.06848,-97.915596,367.27032,280.91,-97.946976,366.8416,280.7799,-97.962234,366.169,281.02582,-124.05907,364.74997,280.80255,-124.00716,363.12595,280.6066,-124.01338,359.0671,280.65576,-44.44831,354.25186,281.22482,-163.67749,365.78802,292.70786,-83.318146,364.04526,292.54507,-118.05211,348.24576,305.51025,21.858685,337.51657,307.92294,-213.36652,373.22736,262.41925,67.04295,374.34625,264.72418,-297.7232,393.33936,219.7214,-19.136608,396.44122,217.45732,-306.7633,395.67462,205.20123,-38.186,398.851,204.46393,-343.97186,392.71594,203.96042,-56.847965,394.96008,202.43324,-334.93027,391.85907,209.9572,-32.713757,394.3009,207.30144,-304.48975,356.74252,407.1444,76.27825,342.41098,410.6934,-76.31637,352.88504,474.45425,179.10753,346.25223,480.8372,17.154898,343.13666,531.9084,302.14993,342.88177,548.5132,130.83188,338.1019,549.2949,312.47534,337.29382,561.0952,138.71983,373.70502,546.5825,270.38306,376.33932,557.5018,68.02124
bp_up
IMG_20241017_114448.jpg,bp_up,373.65417,305.40027,-96.10074,371.99506,298.327,-86.98672,371.70337,298.0841,-87.01346,371.3642,297.92078,-87.02377,370.45654,298.57263,-114.44305,369.07745,298.47787,-114.39366,367.51718,298.46866,-114.40114,363.56454,300.07587,-35.293205,359.31216,300.73083,-160.726,370.94153,311.1111,-73.33684,369.2319,311.46628,-109.79786,349.88327,325.1046,33.310795,347.16794,329.79932,-210.5458,370.18112,286.39935,104.09478,379.08682,289.41702,-295.662,396.19647,246.13553,29.92268,400.16013,243.72653,-308.39444,398.38846,232.09383,13.790919,401.73904,230.72325,-344.36163,395.14905,230.47246,-3.928152,396.8773,229.02885,-339.0588,394.22266,236.70016,17.232805,396.14545,234.46361,-307.1901,356.80322,428.1001,80.52336,347.89178,434.24072,-80.61673,355.04343,492.957,202.56561,352.06888,502.1505,27.924055,347.07486,549.77875,332.45016,347.50925,565.6869,152.21892,341.31503,563.2065,343.73474,341.8066,579.6644,161.81656,377.24146,563.7735,311.29816,381.5532,576.32513,98.285805
bp_up
IMG_20241017_114449.jpg,bp_up,371.01477,308.966,-69.30005,369.52756,302.00357,-61.847576,369.21164,301.84473,-61.868553,368.8501,301.71133,-61.874878,367.9596,302.07434,-86.59414,366.4943,301.95288,-86.5447,364.99823,301.8652,-86.53696,360.92514,303.39978,-17.520803,357.48264,304.10165,-130.77428,368.2557,314.45676,-49.157543,366.46515,314.33783,-82.07609,346.91534,327.4602,43.185352,347.40958,328.64804,-174.11525,368.4484,292.06467,103.88881,379.0915,293.6754,-246.75793,396.04248,250.64816,31.437456,400.96024,248.27899,-248.55087,398.25876,236.29411,16.386173,403.62167,234.56346,-278.76953,395.28555,235.68956,0.3521929,397.94952,234.15326,-272.1022,393.92294,242.58533,20.094585,397.02988,239.65771,-246.28299,354.22333,429.52692,73.71357,349.72717,435.11337,-73.82872,351.71014,493.62512,175.71425,350.8094,500.73004,17.92355,344.87183,552.65356,283.12326,345.93634,568.2615,117.65645,339.4679,565.9839,292.2947,339.78043,581.8172,124.90838,374.3844,562.9834,264.7529,379.0912,577.28723,69.9605
bp_up
IMG_20241017_114449~2.jpg,bp_up,257.49652,262.34613,-209.94772,262.01022,254.6998,-189.46059,265.28152,254.99309,-189.4246,268.52454,255.2901,-189.47638,252.75087,255.36752,-189.08144,249.58025,256.02893,-189.10829,246.49931,256.67273,-189.07501,273.446,261.05713,-87.977455,243.66223,262.17444,-86.47781,263.38412,272.03436,-172.66853,252.65671,271.82062,-172.49844,291.3841,295.97992,-71.73537,226.93987,297.83945,-55.06036,311.49036,240.36084,-139.25267,210.82642,238.52917,-137.57875,311.0828,176.44188,-204.85654,209.68019,171.5956,-234.93721,308.00067,161.10951,-239.31947,213.76248,159.08435,-274.55817,302.15335,159.83072,-244.40082,218.05984,156.81259,-273.89615,301.60974,163.55124,-212.2568,218.25082,160.2695,-241.36238,278.91904,411.23422,-14.8367,234.64127,412.55682,14.854243,271.44247,512.96173,-37.240723,237.38046,514.16736,-4.3035254,266.9125,616.2263,48.809536,236.76282,620.3401,83.033646,263.75085,629.2307,49.855293,239.66138,631.54535,83.67202,264.46585,646.2758,-83.18616,230.94658,645.7164,-37.407547
bp_up
IMG_20241017_114450.jpg,bp_up,259.8915,263.6015,-181.53462,264.09607,256.89206,-159.62221,266.96887,257.39603,-159.58221,269.81625,257.93494,-159.63547,255.11572,257.11917,-160.6844,251.75827,257.72372,-160.70589,248.51253,258.4113,-160.68198,273.7501,264.8207,-55.86828,244.03534,264.83096,-61.133095,265.43912,273.78534,-143.63623,254.41876,273.09518,-145.4328,291.95837,300.6928,-37.26163,223.97162,302.13113,-41.769585,315.1079,247.29037,-103.321495,207.51822,243.47601,-129.9391,311.59534,185.29613,-168.36424,209.26508,179.16125,-211.75397,307.25314,167.83719,-200.88489,214.12361,165.38467,-248.10257,301.48874,166.47614,-203.14842,218.50487,163.45866,-245.30351,301.55057,171.14288,-174.60587,218.5778,166.88397,-216.53244,279.20468,412.87418,-6.387005,234.63866,414.0496,6.3985577,273.06168,517.77686,-42.452667,238.76845,517.237,-24.095278,266.05603,623.4396,30.662506,236.65535,625.4762,52.4598,261.19525,635.3266,30.776293,237.75676,636.5486,52.227955,268.39444,650.73926,-101.10591,234.35483,651.4667,-71.259895
bp_up
IMG_20241017_114834.jpg,bp_up,1504.4047,970.0968,-2260.2695,1531.6025,930.60016,-2174.5586,1549.689,932.5303,-2173.9575,1566.2216,935.14905,-2174.2588,1482.853,934.64874,-2169.1091,1466.2817,937.691,-2169.51,1450.5403,940.99115,-2169.4514,1594.709,972.21423,-1673.0511,1433.8987,977.84344,-1644.7745,1538.951,1020.0089,-2067.4897,1473.0342,1021.86084,-2059.7297,1718.2601,1168.9553,-1516.3452,1328.8167,1156.7135,-1553.9154,1840.3184,839.86176,-1966.5184,1246.2902,822.5902,-2041.8721,1824.8618,428.19644,-2204.1804,1266.8375,417.83716,-2236.6223,1819.5826,358.90137,-2387.983,1275.2573,341.38095,-2420.4973,1762.0367,346.88055,-2372.9104,1313.5874,324.78595,-2405.6902,1750.7388,371.40726,-2228.2563,1322.0876,345.8419,-2263.0078,1660.8997,1926.1102,3.526153,1404.37,1928.7339,-4.921767,1668.0693,2418.1165,418.98694,1373.505,2405.8562,278.96454,1652.7278,2862.8953,1403.4431,1333.7617,2837.977,1269.7833,1616.1749,2914.573,1466.3514,1359.8082,2899.9304,1329.1344,1726.9261,3059.5923,881.241,1246.4171,3045.407,711.92554
bp_up
IMG_20241017_114835.jpg,bp_up,1496.293,941.0345,-2195.906,1520.3724,914.91284,-2109.9824,1537.4639,918.695,-2109.3865,1553.2117,923.4424,-2109.6938,1472.566,916.6873,-2109.7263,1455.5566,920.22015,-2110.063,1440.4131,924.8002,-2109.9258,1575.1122,964.46356,-1610.2317,1420.3723,968.31506,-1606.5565,1529.7662,992.06744,-2003.5302,1468.4688,991.158,-2002.7534,1688.1875,1175.6516,-1448.8081,1314.3165,1164.8301,-1535.2759,1830.9642,843.8003,-1867.9138,1234.6152,817.3833,-2042.468,1835.154,420.77567,-2148.2268,1240.6389,406.62396,-2263.943,1853.0859,336.21692,-2333.713,1240.4976,333.13513,-2434.3645,1809.0828,326.91968,-2322.5608,1276.5471,318.24805,-2431.9163,1790.5219,358.7258,-2178.2769,1288.6062,344.32303,-2293.5208,1624.2065,1940.5159,-1.3310685,1388.238,1934.8263,-0.005141357,1655.9078,2417.3306,371.78476,1370.0482,2395.925,332.35425,1657.2172,2857.9546,1306.631,1336.9772,2835.305,1302.5876,1612.169,2916.2317,1365.3999,1365.8156,2902.0042,1361.8456,1747.4125,3065.5957,799.57074,1237.4767,3057.3071,770.5013
bp_up
IMG_20241017_114835_1.jpg,bp_up,1498.8628,941.61597,-2138.0056,1523.8026,913.212,-2053.191,1540.0039,914.33484,-2052.6287,1554.6116,916.35223,-2052.8955,1474.2311,917.369,-2049.142,1456.6501,921.10315,-2049.4736,1440.6898,924.1924,-2049.3254,1577.284,958.7283,-1564.2461,1417.133,966.8752,-1537.7825,1533.6638,992.3477,-1950.2429,1470.7506,993.9278,-1943.5156,1696.7195,1164.105,-1419.7009,1310.0944,1162.2601,-1470.3754,1828.5232,840.9898,-1826.4158,1235.6981,807.024,-1948.0682,1830.737,418.02646,-2074.6343,1236.6494,404.70685,-2161.0618,1841.4974,339.25223,-2251.9036,1219.7579,325.51874,-2353.5334,1792.0298,338.7487,-2254.6743,1251.5792,315.068,-2346.6445,1776.2965,362.08438,-2106.8984,1274.3447,344.69342,-2192.8494,1631.808,1928.403,-7.1298347,1389.1482,1923.5376,5.625223,1658.3462,2401.3184,364.67264,1368.054,2391.276,291.37094,1685.132,2865.9143,1290.3685,1331.4783,2834.2063,1284.4171,1644.3721,2919.2554,1346.1812,1358.8636,2899.0928,1344.031,1749.6144,3066.9045,737.30176,1243.7443,3047.0615,735.07434
bp_up
IMG_20241017_114836.jpg,bp_up,1483.1852,962.7038,-2387.8643,1508.8856,927.16974,-2303.359,1525.864,930.1916,-2302.7441,1541.6796,933.9209,-2303.0896,1457.768,928.4499,-2298.9285,1439.5961,930.4367,-2299.3333,1422.4797,932.57446,-2299.1885,1561.9066,974.0904,-1790.1886,1398.584,970.1856,-1764.9758,1512.7128,1014.8678,-2188.7344,1447.2367,1014.4267,-2182.3508,1669.3092,1175.2415,-1635.0267,1288.7255,1165.4717,-1635.1544,1799.175,861.98303,-2102.6885,1214.5839,818.94507,-2151.694,1802.1698,433.9372,-2366.4727,1230.3898,407.71246,-2398.755,1802.1833,357.58398,-2555.4858,1230.0024,333.78027,-2590.9453,1750.4293,344.1553,-2542.1938,1269.2267,319.73328,-2580.5107,1738.224,368.155,-2391.9731,1282.672,342.09348,-2428.4038,1617.4001,1934.6074,-24.594543,1370.1976,1931.1488,23.094366,1645.0503,2401.9736,357.4656,1352.2666,2403.2148,346.83258,1671.4749,2867.2158,1318.503,1322.0386,2848.943,1362.188,1628.79,2924.6821,1377.5823,1355.602,2913.9675,1423.267,1744.1395,3069.6152,767.919,1220.9176,3056.002,816.87
bp_up
IMG_20241017_114837.jpg,bp_up,377.83597,312.77167,-124.92388,373.87277,305.5611,-112.131615,373.25964,305.4003,-112.135735,372.53986,305.36707,-112.11257,372.5355,305.96255,-144.00705,371.1158,306.0862,-143.95297,369.6223,306.3633,-143.9824,363.31638,308.84967,-44.573467,359.6614,310.77344,-191.01923,375.79517,319.04932,-96.3065,374.50922,319.77356,-138.89261,360.3378,341.5534,41.91843,348.87088,346.7249,-263.04385,378.02817,279.0557,96.93764,374.91226,283.97235,-375.8489,399.66763,219.26183,-5.342611,400.0102,218.01682,-390.43878,406.4066,202.75644,-26.853966,405.93466,201.64365,-433.7118,405.058,200.33804,-50.05705,404.78854,198.49828,-422.73712,403.1076,206.2194,-22.013575,403.54294,203.51805,-387.41208,373.22806,470.0294,102.45267,362.17975,476.01584,-102.622055,370.0598,550.71155,268.8013,354.15237,564.2435,-30.001648,355.71317,620.27185,452.7699,344.7811,648.8503,70.40002,348.46396,631.3667,468.17383,337.0718,663.1929,76.01891,386.58997,632.9453,420.8599,380.0269,675.04175,-22.072378
bp_up
IMG_20241017_114838.jpg,bp_up,255.24728,205.49918,-435.38657,260.84393,199.8735,-417.94565,263.95,200.34187,-417.86798,267.11322,201.05196,-417.95816,251.68086,200.39572,-415.95514,248.78221,201.02934,-416.0107,245.93791,201.66994,-415.95508,271.6605,209.73024,-313.90036,243.13834,209.80772,-303.7994,260.81464,215.0655,-395.4498,249.70047,214.68869,-392.68527,290.21295,251.18637,-280.49887,223.595,249.41147,-263.08713,316.83014,189.63412,-376.6787,210.43976,183.1137,-377.01328,314.27478,112.46173,-439.31125,216.6331,111.70845,-476.45853,317.6269,98.86375,-477.30453,215.28127,98.29261,-515.91876,311.797,96.11125,-479.04898,223.19435,94.10763,-514.8353,307.6902,99.17545,-445.4994,226.65378,97.287155,-483.18176,277.2887,379.59128,-14.176823,228.9633,380.35828,14.036952,283.88242,481.03342,-20.013859,224.04596,478.66177,36.725964,293.65118,580.7685,115.297905,212.45084,583.89233,160.45726,283.68115,596.63837,120.318115,221.31305,600.3908,163.51825,302.42996,613.2631,-5.3770347,188.85062,613.9257,46.392456
bp_up
IMG_20241017_115224.jpg,bp_up,1507.1891,886.7596,-1547.7723,1530.9884,843.7203,-1450.9723,1547.6387,843.5595,-1450.7688,1563.9176,843.6202,-1450.8464,1468.4279,847.89417,-1464.1803,1445.289,851.4103,-1464.1145,1425.4261,855.45905,-1463.9739,1578.4464,868.6884,-958.55194,1392.6644,885.5065,-1008.83386,1535.7101,947.903,-1364.5776,1469.3647,951.6967,-1380.7224,1662.158,1097.2681,-870.1318,1297.8376,1097.0063,-1014.5661,1714.8741,733.052,-1316.1398,1267.379,720.055,-1504.5853,1705.8964,380.34164,-1683.2931,1237.2946,338.40097,-1675.6351,1715.1143,312.61063,-1861.2513,1229.4006,292.47128,-1855.2096,1681.7896,314.9681,-1860.9901,1247.2672,291.62692,-1856.288,1669.47,334.07568,-1713.8622,1256.7499,306.09607,-1705.5605,1600.4727,1808.6044,24.7646,1357.9237,1810.1904,-25.870901,1605.1572,2335.7334,195.39084,1347.6195,2337.4243,201.61334,1582.2886,2794.9238,1242.3629,1381.2793,2789.6897,1211.9434,1556.236,2832.6387,1313.2153,1396.314,2834.521,1276.742,1569.7671,3022.0566,667.28973,1391.181,3027.349,655.36127
bp_up
IMG_20241017_115225.jpg,bp_up,1509.3158,881.5179,-1341.1136,1529.9249,834.4104,-1236.5311,1545.9209,834.7425,-1236.4387,1561.2003,835.3053,-1236.545,1470.2975,835.3014,-1269.5454,1445.5527,836.59784,-1269.5071,1423.2145,838.4622,-1269.3955,1576.9108,860.0201,-707.3335,1390.3416,867.3271,-853.42786,1536.5167,943.63,-1144.1089,1466.1079,941.7389,-1188.288,1645.5901,1093.4316,-577.2874,1285.878,1067.665,-833.27246,1724.1207,750.9543,-898.42084,1262.6573,702.8327,-1319.0305,1727.6727,380.64444,-1331.9758,1226.148,384.00198,-1479.0135,1736.0929,348.28424,-1523.9203,1225.5802,353.84775,-1671.4988,1694.5485,352.57483,-1539.2205,1239.738,366.4173,-1679.1176,1690.2457,362.2179,-1373.3574,1240.8848,369.37225,-1510.5502,1589.0693,1811.171,40.740154,1354.054,1813.515,-41.24046,1610.7745,2349.523,132.23807,1366.8967,2337.2622,108.96864,1577.227,2793.036,1240.8634,1388.2372,2823.451,1134.2136,1555.836,2821.5093,1317.2666,1402.6389,2856.7566,1197.1073,1584.7697,3031.7268,647.4936,1408.7358,3045.755,520.6084
bp_up
IMG_20241017_115225_1.jpg,bp_up,1513.4731,899.177,-1225.7373,1537.2911,852.44116,-1127.1897,1553.8107,852.49585,-1127.1244,1569.8706,852.9248,-1127.2676,1476.8708,855.54047,-1138.106,1453.7726,857.81476,-1138.0358,1433.2164,860.5094,-1137.859,1584.9738,877.67566,-648.26587,1402.6187,885.8779,-692.1999,1540.1312,960.55585,-1050.1017,1475.1659,959.9627,-1064.7361,1660.8489,1095.084,-586.83777,1302.136,1078.7611,-657.5569,1729.1785,757.74695,-932.92645,1270.1243,701.73895,-1073.7313,1729.3473,402.75742,-1266.6415,1236.0637,348.43027,-1247.25,1736.029,341.26068,-1446.7821,1229.7721,322.48032,-1427.9944,1705.6124,341.6996,-1449.9614,1251.3646,323.06647,-1431.618,1693.7783,358.05237,-1297.938,1256.8809,332.2066,-1279.1549,1587.299,1827.1312,0.19184566,1353.046,1822.4291,-0.705482,1607.3794,2355.3171,91.87805,1354.3174,2344.6252,134.16367,1598.4135,2804.3596,1123.7709,1379.6882,2806.6245,1080.3612,1576.4003,2837.803,1193.253,1396.8778,2839.1414,1138.81,1574.4996,3032.2886,559.8129,1399.103,3039.538,521.6937
bp_up
IMG_20241017_115226.jpg,bp_up,1513.863,895.54004,-1289.921,1535.271,848.8858,-1187.4839,1552.2881,849.1893,-1187.4242,1568.1682,849.5221,-1187.5042,1473.7539,851.9238,-1207.6647,1449.5167,854.4454,-1207.6064,1428.0698,857.17163,-1207.5281,1586.799,876.17,-668.77246,1397.8475,884.9379,-752.4513,1543.0371,958.79974,-1097.6664,1471.1106,959.0851,-1124.0729,1659.2413,1112.1786,-543.51025,1297.3304,1083.5836,-717.79474,1726.6041,756.55066,-860.10504,1269.2621,717.3678,-1144.1008,1739.0703,401.42596,-1260.238,1235.0868,381.88852,-1297.12,1752.1285,357.88406,-1440.7104,1235.341,359.28714,-1480.5916,1721.4602,362.53763,-1454.8152,1255.5096,358.9729,-1488.5011,1708.7161,376.7792,-1298.2854,1261.2283,368.59787,-1329.3309,1587.1216,1833.0731,27.480024,1355.4331,1833.1553,-27.929867,1609.571,2353.9387,110.2446,1365.1842,2349.5007,117.33906,1588.2084,2797.6934,1191.7148,1392.789,2816.679,1105.846,1566.9508,2829.4272,1267.0719,1406.42,2848.1401,1168.6593,1583.898,3033.2402,620.91235,1414.1891,3051.344,522.4216
bp_up
IMG_20241017_115228.jpg,bp_up,278.9329,192.64046,-240.93765,282.35437,185.18474,-219.71959,284.87643,185.33083,-219.64117,287.16956,185.6771,-219.63765,272.67886,185.74527,-225.38667,268.90167,186.03192,-225.43146,265.30032,186.31697,-225.417,287.52176,192.22612,-114.091255,257.17242,191.851,-139.45308,283.02124,202.98029,-201.83125,271.12057,201.5585,-209.43626,300.4343,237.28442,-91.155045,237.18546,229.81462,-146.00694,316.52878,172.86325,-169.61575,235.04808,165.80473,-301.8844,320.45538,114.437416,-242.37578,240.319,102.38783,-393.58826,322.90656,101.54455,-276.25082,239.21204,88.63411,-434.55093,318.88275,98.93441,-277.06445,245.37206,87.426544,-426.19812,315.79556,103.68796,-249.25555,247.23528,92.183304,-397.1169,291.80795,362.6451,7.778131,244.30579,361.4718,-7.8473253,294.21283,465.26642,-56.850304,240.058,463.63477,-39.18231,286.53867,577.0569,39.505413,243.45369,575.934,51.63654,281.1873,587.62244,42.187008,244.93866,587.15985,53.03238,286.643,620.6173,-95.431305,244.09465,620.76605,-73.54928
bp_up
IMG_20241017_115230.jpg,bp_up,275.9736,192.43294,-329.72696,279.97534,185.29121,-309.69165,282.5621,185.3244,-309.61325,284.87802,185.48404,-309.62067,270.1013,186.20016,-315.4869,266.35324,186.5451,-315.52408,263.0339,186.88123,-315.52988,285.3925,192.01859,-201.17822,255.56728,192.09563,-227.34975,280.3482,202.54742,-288.78296,268.3453,201.43097,-296.58765,299.13617,234.88281,-163.38351,235.25194,229.0226,-229.54219,312.9389,173.88852,-236.28377,232.9223,166.2218,-389.76758,319.31577,115.031456,-312.63614,236.19547,102.563,-486.58554,322.80994,101.65503,-346.81906,235.307,88.84837,-530.0083,318.83267,98.831985,-350.5484,241.33606,87.708374,-523.9151,315.71622,103.78969,-320.65436,242.95857,92.05148,-491.1246,286.41324,365.09848,12.509835,240.11632,364.46683,-12.6967535,292.41473,467.82208,2.420697,239.47601,466.7099,-6.440066,287.04587,577.0652,132.96082,241.99847,580.54144,119.44502,281.58575,586.78046,138.65799,242.89609,590.2098,124.46793,286.69974,617.2149,2.851677,246.49129,620.0953,-4.5585213
bp_up
IMG_20241017_115231.jpg,bp_up,275.08884,193.68726,-302.43127,278.2856,186.42505,-283.24997,280.7728,186.54558,-283.1745,283.06198,186.83975,-283.1788,268.9304,186.89285,-289.58377,265.20532,187.24237,-289.61154,261.70352,187.66318,-289.61795,283.2301,193.51518,-179.2505,253.4879,193.24997,-207.99396,279.14737,203.93405,-263.06375,267.63406,202.79295,-271.60254,296.65994,234.1904,-142.09569,233.1192,228.56627,-213.77275,309.28387,172.708,-199.21965,231.26744,165.62263,-362.06192,317.25348,114.043304,-267.161,234.01547,102.81167,-444.06967,319.85495,100.88914,-298.83408,232.62738,90.758255,-484.43054,315.9897,98.12164,-303.81442,239.11162,88.367485,-479.12363,313.3476,102.92464,-275.55914,240.92094,92.079094,-448.5172,285.6215,364.28278,13.269906,239.05438,363.97726,-13.4298315,294.52008,468.19543,3.0021029,240.82437,467.2236,-11.481947,287.19348,577.4083,118.90277,240.10059,578.8656,106.36372,281.47134,585.6566,123.3191,241.03027,588.6412,110.92437,286.29413,617.91956,-9.733176,245.70763,619.43787,-13.976577
bp_up
IMG_20241017_120723.jpg,bp_up,1808.3087,944.9887,-2909.1816,1825.3984,911.5557,-2820.224,1838.9104,913.7442,-2819.4583,1852.6566,916.6457,-2819.8914,1776.767,909.4774,-2823.4705,1757.6045,910.9981,-2824.0557,1738.9231,912.2611,-2823.9438,1853.7224,948.99786,-2228.3674,1689.6034,939.30383,-2230.9937,1827.046,997.02,-2671.787,1764.8171,991.6861,-2675.0945,1954.3671,1130.724,-1970.1359,1546.8795,1114.6057,-1995.3867,2132.0046,808.57935,-2411.3274,1440.7665,767.3885,-2609.0984,2169.039,388.56064,-2738.7688,1512.5234,365.21042,-3072.769,2169.332,294.18027,-2943.1243,1518.8252,272.62177,-3317.6912,2124.0037,286.49615,-2953.2576,1559.9209,272.08365,-3295.7979,2113.539,318.1417,-2778.1667,1569.8231,301.01562,-3104.263,1897.1854,1897.2897,-71.242294,1644.6821,1898.532,69.398605,1903.4001,2373.932,283.13025,1643.9198,2381.7297,503.98825,1952.9441,2856.7583,1368.3661,1688.0021,2878.099,1627.63,1940.526,2917.1973,1432.6761,1727.4388,2949.6821,1697.7611,1964.5155,3118.353,678.759,1646.4193,3122.2954,1051.779
bp_up
IMG_20241017_120724.jpg,bp_up,1827.5806,1004.66156,-2816.8865,1847.4875,978.38043,-2722.6458,1862.5581,982.08105,-2721.9011,1877.0675,986.49445,-2722.2769,1799.8517,974.06116,-2723.0696,1780.6456,974.8216,-2723.7825,1763.9818,976.275,-2723.7722,1883.8895,1022.1989,-2105.5337,1719.1241,1007.95355,-2098.5896,1846.4484,1058.8782,-2571.0513,1785.475,1051.9474,-2571.7969,1973.7134,1197.8748,-1821.5635,1557.102,1189.5396,-1820.247,2149.7288,891.17206,-2198.3718,1418.7034,868.7239,-2419.89,2220.6528,479.16962,-2537.2168,1476.1327,459.81992,-2985.5913,2238.8193,398.07166,-2732.7478,1483.5952,377.473,-3224.4368,2184.766,384.62628,-2752.814,1524.2098,375.61847,-3215.2903,2168.0703,414.16217,-2580.2559,1533.9865,406.73386,-3021.7366,1907.8733,1966.4839,-86.975945,1652.4048,1971.8728,85.4018,1921.1934,2412.0222,212.80312,1677.8585,2435.3079,484.1142,1954.3197,2876.5034,1379.917,1715.3748,2898.416,1653.5635,1931.5162,2930.515,1452.339,1760.2717,2965.3306,1730.9219,1976.86,3115.5547,712.2399,1656.0842,3122.9436,1089.4457
bp_up
IMG_20241017_120724_1.jpg,bp_up,1830.012,1018.5987,-1223.679,1850.6085,977.3668,-1091.8718,1866.1267,979.6132,-1091.7009,1880.337,981.728,-1091.9663,1795.2117,970.36975,-1097.2186,1772.3464,968.64417,-1097.1646,1748.6122,967.44525,-1097.0682,1886.6383,1012.4321,-490.0207,1702.598,998.9927,-507.3139,1853.5665,1076.8127,-1011.7716,1774.6836,1071.9535,-1018.8827,1993.5358,1276.7281,-218.07942,1532.6971,1264.0055,-192.01819,2315.5234,1231.4194,-399.9692,1230.7572,1189.9697,-270.46985,2300.6565,874.6369,-765.46375,1409.8063,854.80273,-413.70142,2308.2559,801.4619,-904.2708,1420.7162,758.1463,-561.11505,2270.3923,795.7555,-887.2104,1474.4275,774.45557,-484.84604,2259.6567,826.6619,-783.12897,1479.7262,809.97345,-410.35635,1923.759,1992.0597,-40.799812,1674.1715,2001.8341,40.78591,1940.0955,2476.5596,269.20358,1682.0868,2479.998,287.10834,1940.6879,2901.3772,1421.2256,1716.3688,2931.289,1264.2555,1906.3577,2952.634,1502.6404,1757.3,2991.508,1327.6317,1992.739,3120.2107,902.76953,1640.2075,3129.8926,719.7294
bp_up
IMG_20241017_120755.jpg,bp_up,1693.0923,980.7345,-2444.195,1710.787,942.0298,-2347.843,1724.9651,943.04755,-2347.193,1739.537,944.70856,-2347.4353,1664.0928,947.999,-2338.2979,1644.5156,952.2843,-2338.7205,1625.259,956.4123,-2338.705,1756.0084,980.09784,-1792.489,1582.5233,985.64667,-1739.8783,1716.3761,1031.6888,-2231.8083,1655.6371,1034.244,-2218.0579,1879.0011,1149.8741,-1640.1572,1452.0089,1159.2412,-1494.0988,1988.4496,787.0975,-2135.0916,1352.5042,787.5844,-1904.21,1862.5054,387.25388,-2337.0107,1484.9592,420.44043,-2066.7852,1821.7886,309.65817,-2540.1946,1525.556,339.19406,-2261.166,1782.8269,309.89743,-2521.5757,1568.7196,341.0994,-2221.8289,1783.979,339.7689,-2356.7808,1563.4283,369.5184,-2084.6619,1812.5381,1941.0127,-93.08335,1548.3715,1950.4625,91.69665,1811.2686,2464.0808,238.83098,1495.7432,2448.2458,503.62662,1872.3572,2929.8582,1176.8143,1432.006,2931.5403,1429.1896,1837.2372,2992.0483,1225.3134,1482.6035,3011.6333,1476.7845,1935.3438,3143.1453,569.9149,1297.9078,3127.286,874.3078
bp_up
IMG_20241017_120756.jpg,bp_up,1663.0862,993.86835,-2557.468,1687.7788,953.65326,-2461.628,1704.8662,952.61096,-2461.016,1722.1511,952.2626,-2461.3235,1637.0675,960.70526,-2449.9822,1618.6658,964.16174,-2450.3953,1601.0254,967.7648,-2450.3447,1748.6118,978.0054,-1886.0713,1574.2561,994.50464,-1828.9595,1694.6791,1034.7,-2335.2456,1631.1561,1041.6343,-2320.0176,1879.358,1149.3871,-1693.2687,1452.32,1160.0426,-1555.0309,1973.8534,772.65515,-2153.7048,1354.4625,801.3806,-1919.1597,1848.2902,380.21494,-2321.7856,1492.3845,432.29007,-2093.2734,1808.8794,301.97717,-2519.9724,1538.1918,349.0106,-2282.047,1765.2074,306.96155,-2499.194,1573.0078,343.5472,-2258.4753,1765.7534,331.86258,-2339.606,1562.9979,372.06662,-2114.93,1795.3881,1945.5328,-77.2464,1532.6643,1938.8519,75.86304,1808.6965,2454.185,245.40749,1502.6686,2451.1707,467.72232,1862.2845,2949.1978,1194.1464,1449.045,2939.0803,1408.6768,1820.8678,3014.062,1246.1702,1493.6643,3014.6428,1458.9233,1956.6158,3157.4697,611.1759,1298.3777,3137.4482,843.0402
bp_up
IMG_20241017_120756_1.jpg,bp_up,1670.5171,987.6162,-2522.9116,1694.0553,954.4605,-2433.2334,1710.2262,954.6173,-2432.5845,1726.855,955.7076,-2432.8687,1644.282,962.19275,-2412.7805,1626.3677,966.9786,-2413.15,1608.4312,972.3786,-2413.0417,1754.8455,993.4801,-1897.3015,1581.2876,1010.201,-1793.3157,1703.3472,1036.4866,-2317.8645,1641.3562,1041.9965,-2289.325,1890.4309,1178.6337,-1750.2487,1472.2472,1185.6702,-1537.784,1977.9579,804.94653,-2273.557,1376.5323,812.496,-1929.5068,1847.3203,402.19904,-2439.5159,1510.0685,437.2723,-2097.1667,1805.8273,321.17606,-2639.4119,1559.7764,359.08997,-2292.1143,1770.9564,326.6741,-2622.5483,1596.031,363.32883,-2257.7908,1770.4321,356.63425,-2458.323,1588.545,394.4646,-2118.0679,1810.6615,1945.4718,-92.86844,1544.497,1957.2118,91.212006,1814.9757,2487.8423,234.14137,1497.7979,2473.6665,505.24695,1884.8518,2957.8633,1159.6105,1431.3196,2958.4976,1413.8015,1845.033,3023.9834,1206.698,1479.4341,3041.0432,1457.5511,1953.8224,3173.359,533.7101,1284.7087,3150.6013,843.6807
bp_up
IMG_20241017_120759.jpg,bp_up,311.0335,191.04747,-186.38876,315.19272,187.08478,-160.0352,318.3263,187.3372,-159.98001,321.2916,187.44888,-159.98589,305.4491,188.07889,-159.98781,302.04138,188.8961,-160.00362,298.7617,189.66815,-159.95837,326.04672,195.38647,-45.774193,295.12463,197.73036,-44.777847,317.4193,200.8177,-146.2657,305.2086,202.6908,-146.3094,351.7273,236.95544,-33.193867,274.9788,238.66962,-30.686426,369.94366,170.96983,-114.71069,256.5215,170.37753,-104.61833,344.5822,101.75736,-166.74063,281.94708,105.26676,-140.58841,336.37976,89.20989,-201.71387,292.18787,92.450165,-175.37762,330.00558,88.906815,-199.2252,296.75827,92.23838,-169.84996,330.6853,92.43028,-171.32513,295.15454,96.0609,-144.22076,336.09283,373.35522,-8.630097,284.5971,371.35437,8.699258,342.80664,475.82193,-44.181393,270.40884,476.70203,-12.2531,352.6931,583.7974,46.839596,252.81235,584.7663,76.85097,344.04608,600.2903,47.421013,259.33673,602.39746,75.86181,373.61197,615.4185,-83.20156,224.97116,608.4846,-54.65163
bp_up
IMG_20241017_120801.jpg,bp_up,311.86398,191.19362,-185.44608,315.52206,187.54167,-159.74573,318.4955,187.8063,-159.69394,321.2563,188.01695,-159.695,306.03534,188.60558,-159.91728,302.8573,189.5843,-159.94594,299.7611,190.50812,-159.90965,325.50323,196.48186,-48.941845,295.96402,199.65071,-48.814556,318.1351,200.70653,-146.47331,306.46466,202.40453,-146.75046,352.86166,237.82726,-40.68517,275.7349,240.46889,-40.11393,371.47684,173.38843,-125.25492,257.05682,172.60672,-119.503784,348.11658,104.4744,-178.58456,280.24246,106.54206,-156.1709,339.09784,91.172554,-212.92918,289.82886,93.54375,-190.49855,332.94882,90.33382,-210.43893,294.316,92.604,-184.66495,333.87347,93.723366,-183.1063,292.5307,96.13295,-159.44272,337.1601,373.75125,-9.832634,285.29517,371.593,9.88362,340.59372,477.5227,-45.40781,271.85318,475.96875,-11.421147,352.00317,583.7442,42.125496,253.39731,583.7864,73.1692,345.04126,600.27466,42.718395,258.94492,601.07263,72.30269,368.29343,613.80865,-85.54832,230.75766,607.6908,-53.35334
bp_up
IMG_20241017_120802.jpg,bp_up,311.0793,189.40775,-164.29074,315.1298,186.32657,-137.98553,318.18167,186.6808,-137.93054,321.1786,186.98141,-137.9263,305.45612,187.34163,-136.82397,302.22324,188.29742,-136.84872,299.08914,189.15755,-136.81291,325.9129,195.4221,-27.265324,295.92563,198.3159,-21.08509,317.8004,199.28758,-125.7842,305.33374,200.80779,-124.35644,353.35635,236.7758,-21.022943,275.7565,239.68718,-13.244948,371.9809,171.47661,-107.07254,257.50873,171.17313,-87.08767,347.94824,102.05276,-163.45828,280.89963,103.222275,-120.21924,339.95255,88.76548,-198.34518,289.93832,90.97383,-154.7306,333.72284,87.83877,-196.8384,293.93756,90.60523,-148.9248,334.29633,91.199615,-168.494,292.45615,93.82832,-123.88544,336.42108,374.35843,-10.400795,285.08746,372.5539,10.466924,339.48996,478.3437,-48.035618,271.08453,477.7175,-20.842333,350.39413,582.521,38.83165,253.43018,583.88947,67.94279,342.4541,598.82135,39.092037,259.20682,601.77264,67.06622,370.58865,613.4308,-91.98573,223.0468,608.64514,-63.722893
bp_up
IMG_20241017_120804.jpg,bp_up,311.57712,190.5265,-221.20866,315.26337,186.79185,-196.58466,318.17178,187.17773,-196.51233,320.77567,187.56529,-196.51846,305.86475,187.7287,-197.27748,302.59723,188.74129,-197.30455,299.39014,189.68373,-197.26048,325.01166,196.50342,-85.98928,295.20547,199.03375,-87.89802,317.44064,200.71005,-181.84052,305.46667,201.98848,-182.6612,351.97427,238.85579,-70.52379,274.51453,240.66324,-75.04433,370.9784,172.69017,-148.70546,256.6361,170.68663,-154.71526,346.43494,101.97482,-196.69554,280.04657,103.05042,-187.05817,338.08594,88.866066,-230.51773,289.41113,89.92615,-221.5984,331.95322,88.0004,-228.48416,293.1434,89.738556,-215.28535,332.46707,91.60979,-201.41864,292.32968,93.42513,-190.45674,337.4249,375.8325,-6.9523163,285.40097,374.0692,6.9849625,343.1233,478.4429,-21.693497,270.54745,478.00003,4.671153,352.21942,583.0369,87.06753,252.93849,584.33734,112.29072,345.36203,599.079,89.540245,260.4041,601.23627,113.43191,366.86932,611.8402,-38.562263,227.32358,608.3438,-11.777107
bp_up
IMG_20241017_120825.jpg,bp_up,1653.7186,897.41345,-2416.007,1677.4619,858.5906,-2329.1821,1695.799,857.99133,-2328.57,1713.6542,857.865,-2328.795,1626.2085,863.1548,-2327.4834,1609.4528,865.7183,-2327.9146,1594.6958,868.97406,-2327.8506,1729.8374,890.0607,-1815.5154,1578.2549,900.74945,-1799.0536,1689.8031,943.2807,-2218.184,1629.2578,943.5073,-2214.193,1837.0546,1098.1526,-1624.7886,1490.6816,1097.5641,-1748.0829,1952.2396,760.681,-2082.1414,1412.3308,737.3182,-2299.2502,1973.3031,372.53784,-2369.2568,1449.4802,343.98663,-2484.2651,1985.0857,305.92453,-2557.1475,1452.3998,253.82864,-2673.1882,1941.7153,288.73907,-2553.1807,1495.0013,240.69345,-2646.3801,1926.3115,315.02414,-2402.8604,1507.6781,271.72934,-2503.9653,1795.9426,1835.3589,23.095095,1547.3962,1836.8356,-24.505854,1810.6919,2306.9868,378.03607,1516.1138,2306.522,283.9471,1791.1866,2791.7666,1310.8707,1513.4241,2777.6218,1257.1471,1754.3217,2848.4197,1367.9176,1535.799,2844.6526,1314.794,1827.6492,2983.0884,708.06256,1498.2484,2989.9817,664.1406
bp_up
IMG_20241017_120825_1.jpg,bp_up,1649.6565,885.56775,-2501.6797,1674.8934,843.99225,-2414.6848,1692.4808,843.4367,-2414.058,1708.8613,843.5566,-2414.3684,1623.6747,851.03284,-2413.448,1605.7666,854.569,-2413.8523,1589.3123,858.46075,-2413.7107,1723.3544,878.12787,-1887.2823,1569.6667,888.8742,-1876.2399,1684.6641,932.8208,-2298.0203,1623.4424,935.05707,-2295.729,1828.1385,1091.0037,-1693.5405,1483.8286,1097.663,-1771.8958,1953.9724,758.666,-2157.6306,1402.629,737.69617,-2375.1604,1956.0541,361.9243,-2428.984,1436.6936,331.0864,-2670.818,1961.91,287.6884,-2614.5933,1439.5835,240.29875,-2876.6702,1915.1909,272.07385,-2613.1238,1475.2809,228.32608,-2847.6506,1903.1002,297.80258,-2459.795,1488.825,257.7479,-2694.1836,1786.599,1820.7368,4.277272,1544.4003,1816.5573,-5.934634,1792.9668,2328.4817,340.7968,1509.9231,2314.6338,322.29608,1792.2341,2792.8552,1275.4066,1510.0118,2776.858,1281.29,1754.453,2850.3115,1330.8634,1534.1127,2846.4463,1336.7363,1828.3494,2996.3538,678.60876,1479.2025,2989.489,708.5389
bp_up
IMG_20241017_120826.jpg,bp_up,1662.4296,898.48865,-2479.0227,1689.6945,852.2322,-2389.2405,1706.8387,852.544,-2388.7368,1723.741,852.96277,-2389.093,1637.7069,855.93585,-2385.2969,1618.8242,858.9506,-2385.6416,1601.7523,861.9369,-2385.474,1737.7045,882.23346,-1837.6039,1573.7357,887.12976,-1815.8782,1692.5973,948.6602,-2265.777,1632.2361,950.3577,-2261.257,1836.6572,1079.7137,-1640.4685,1470.4302,1084.5542,-1630.165,1944.3546,749.9591,-2122.3384,1387.0266,720.65796,-2241.29,1952.4629,353.36172,-2426.6558,1410.8566,342.147,-2679.6545,1958.6658,280.24875,-2620.7888,1407.2112,223.21927,-2901.8271,1912.1716,272.8586,-2635.181,1434.3304,208.03214,-2876.1042,1901.8602,301.92316,-2461.3208,1448.7716,261.00992,-2706.432,1778.8217,1787.1775,-26.243263,1539.1691,1779.4459,24.741278,1785.5889,2316.4473,222.61029,1510.2559,2308.6196,323.3749,1790.9854,2785.4324,1064.6218,1524.468,2788.3,1153.0232,1759.0109,2848.1,1107.6442,1552.9945,2859.446,1191.7566,1831.6289,2980.8716,417.95807,1482.859,2984.2178,556.80475
bp_up
IMG_20241017_120826_1.jpg,bp_up,1646.6466,879.8481,-2499.7686,1674.3677,837.2632,-2410.358,1692.1461,836.8699,-2409.7622,1709.9231,837.5683,-2410.0667,1618.652,844.31793,-2401.7312,1600.643,848.1534,-2402.1423,1584.292,852.43536,-2402.0447,1727.1504,879.74835,-1876.1437,1566.4631,891.92194,-1830.1519,1682.422,929.7414,-2295.443,1621.4186,932.0729,-2283.2925,1832.488,1085.8501,-1661.6542,1480.2999,1093.214,-1722.6362,1959.1792,752.3892,-2101.9324,1389.1118,724.57495,-2282.529,1975.1282,346.44687,-2358.902,1417.7312,316.64706,-2581.359,1995.6293,272.1001,-2540.8079,1415.5326,222.87344,-2798.6575,1938.4319,261.20663,-2548.6414,1451.112,209.80347,-2767.5808,1925.5367,283.68045,-2393.4585,1467.6075,242.84398,-2605.6387,1777.8667,1800.7981,16.31907,1531.5522,1793.8557,-17.812237,1797.2041,2301.3145,431.949,1507.8146,2302.3918,294.21362,1803.5503,2779.3835,1427.0793,1515.8602,2773.031,1292.7642,1770.8185,2835.4243,1488.1805,1541.3457,2838.8396,1350.6494,1834.7092,2982.9722,799.8693,1485.2648,2988.0928,671.0129
bp_up
IMG_20241017_120827.jpg,bp_up,305.16052,213.55959,-474.80496,309.1461,205.63104,-456.69925,312.0327,205.87544,-456.6201,314.67816,206.23488,-456.70868,299.61536,206.06995,-457.96173,296.29736,206.38257,-458.04996,293.46,206.66373,-458.04285,318.67444,212.62958,-342.3831,290.07587,212.74104,-348.4818,311.11203,221.84186,-430.50842,300.3896,221.5966,-432.58273,336.68335,250.68286,-284.23206,274.429,250.6114,-306.87433,358.81894,189.0869,-357.8005,257.033,187.982,-443.99918,361.65106,116.31067,-423.0463,268.84177,121.36941,-562.83276,361.9342,101.22452,-456.2399,271.8004,103.39368,-603.6198,354.92636,99.59166,-459.38293,276.86542,100.441,-597.92456,353.197,103.52135,-429.4302,277.87402,104.79173,-567.10693,324.9791,376.2943,-1.9480557,280.6177,375.79813,1.7774677,333.44705,475.06628,-15.287082,274.79062,474.61325,12.215327,331.03174,577.71423,98.338394,276.2796,576.99207,131.00137,322.54218,594.0289,100.91534,282.10318,591.7777,133.934,344.68964,608.4594,-29.750784,264.71396,609.29285,12.041003
bp_up
IMG_20241017_120828.jpg,bp_up,301.9728,211.42845,-477.51825,306.2539,204.14221,-458.88235,308.8789,204.33226,-458.78574,311.5276,204.76048,-458.86197,296.62918,204.92801,-459.95346,293.16354,205.56192,-460.03537,290.13147,206.31921,-460.0222,315.07907,211.04477,-345.59033,287.01346,212.00266,-350.19693,307.97943,220.36005,-433.89926,296.62863,220.48784,-435.5166,333.50992,249.34938,-287.3276,271.4216,249.52101,-314.85202,359.23978,186.81029,-357.84152,253.17111,186.83844,-447.342,360.5469,113.105156,-418.35165,265.56293,118.29326,-549.96295,360.2344,99.07277,-450.90756,266.76477,100.64614,-590.2608,353.01245,97.38984,-453.82394,272.02618,98.107216,-583.7166,351.47263,101.51589,-424.68506,273.77124,103.169655,-553.7688,322.74756,377.70538,-1.5396072,278.6324,377.7087,1.3461303,331.1891,474.47586,-0.065290205,274.9138,473.3098,36.37415,331.5303,576.18585,129.48497,275.82968,574.52466,165.12813,324.1779,590.87,133.89365,281.5733,588.6099,169.1618,342.9364,607.24097,4.139516,266.11377,607.85077,49.248894
bp_up
IMG_20241017_120845.jpg,bp_up,1587.6017,1056.1049,-2635.6252,1610.3262,1013.35767,-2553.569,1625.6078,1013.1223,-2552.897,1641.152,1013.5424,-2553.2417,1563.3256,1017.6394,-2548.5417,1547.252,1021.0626,-2549.0872,1530.7814,1025.2821,-2548.8235,1668.192,1039.8469,-2001.4465,1509.4464,1052.1571,-1980.039,1621.4735,1103.5151,-2422.336,1563.3523,1108.869,-2417.004,1798.5831,1218.75,-1685.4644,1399.009,1227.719,-1700.7983,1985.8915,942.5216,-2030.9744,1226.2141,950.0268,-2227.3547,2001.0201,566.15375,-2300.2666,1231.5138,562.13904,-2800.0134,2012.2299,481.68265,-2464.578,1231.5277,465.65152,-3025.0754,1971.7412,471.94052,-2496.9075,1268.7725,461.94232,-3008.7307,1952.9586,503.52573,-2340.8994,1276.662,494.72107,-2832.4348,1723.7537,1897.7063,33.765316,1474.3857,1903.015,-35.083244,1793.4226,2388.759,349.05276,1432.3955,2382.585,52.03541,1875.8616,2840.926,1190.8374,1379.914,2839.878,857.1056,1839.9124,2914.122,1233.3448,1421.745,2904.4475,893.02405,1954.6843,3014.2546,562.9476,1320.6945,3019.1936,223.07707
bp_up
IMG_20241017_120845_1.jpg,bp_up,1605.0906,1041.5659,-2465.6438,1626.994,1001.7948,-2381.7463,1641.4916,1002.9745,-2381.109,1657.0338,1004.6973,-2381.3809,1581.6028,1004.53613,-2378.9832,1564.9943,1007.9,-2379.5408,1548.6265,1012.236,-2379.3328,1682.3896,1035.4727,-1836.672,1523.1598,1042.4412,-1824.5128,1635.1527,1088.5603,-2255.7808,1578.018,1093.2839,-2252.922,1806.5747,1217.951,-1552.1674,1416.9453,1222.6609,-1582.8567,1993.9138,945.01184,-1866.6407,1254.7888,936.23724,-2073.967,2011.9686,575.3543,-2142.7983,1267.1046,562.0178,-2593.2275,2030.7244,486.18484,-2305.7766,1258.8971,470.2052,-2808.594,1993.4711,477.18466,-2350.657,1291.4634,459.7932,-2801.242,1973.1538,511.02066,-2189.9397,1302.8796,490.31378,-2628.1038,1747.6593,1904.3124,31.379808,1502.3396,1913.9795,-32.43307,1803.8481,2369.9585,425.6655,1446.598,2384.4456,75.0501,1866.2603,2817.7957,1300.2075,1386.2699,2816.525,906.97546,1833.949,2893.807,1346.2219,1426.9281,2880.6836,946.0159,1926.6332,2990.2898,687.90845,1314.2047,3007.4646,281.85626
bp_up
IMG_20241017_120845_2.jpg,bp_up,1609.9807,1010.874,-2419.0093,1634.6863,979.7401,-2332.4219,1650.737,982.26575,-2331.8083,1667.195,985.99207,-2332.0586,1587.0695,983.41547,-2323.1008,1570.7349,987.86145,-2323.574,1555.6663,993.2128,-2323.3447,1694.9882,1022.68384,-1793.3954,1535.0143,1027.8713,-1748.1224,1644.3914,1056.8885,-2213.206,1585.7241,1063.2267,-2200.8826,1817.2052,1211.8922,-1530.3619,1425.1112,1206.4205,-1520.9557,1991.0593,926.2705,-1857.6436,1294.4698,904.43524,-1974.1854,2008.1656,554.43634,-2090.5522,1295.4767,537.35913,-2425.3252,2025.4127,476.2038,-2252.6357,1293.8257,449.66055,-2632.1335,1979.2877,464.4462,-2284.1575,1327.8309,443.63046,-2627.8452,1960.9333,492.91528,-2130.4404,1336.7943,473.67966,-2460.547,1749.0674,1895.4243,9.139367,1495.9846,1902.7764,-10.344687,1795.9762,2377.9775,390.04285,1435.1351,2382.2188,153.79253,1857.7742,2829.4092,1281.0662,1387.4716,2836.4407,976.5996,1824.5406,2905.2566,1329.1499,1431.2986,2901.5454,1013.9332,1948.8962,3003.1384,684.21063,1313.5795,3013.859,364.40604
bp_up
IMG_20241017_120846.jpg,bp_up,1586.0424,1020.0994,-2602.898,1612.1882,987.4022,-2519.356,1628.3528,989.0001,-2518.752,1644.0044,991.1343,-2519.1404,1566.8811,991.62256,-2506.188,1551.3019,995.474,-2506.6575,1536.3503,999.8861,-2506.4812,1673.3997,1029.1625,-1983.1927,1517.9313,1037.8025,-1918.8704,1617.0112,1063.457,-2396.9634,1561.2727,1066.607,-2379.572,1792.7561,1198.6406,-1703.1201,1428.274,1193.6157,-1729.5786,1925.1436,888.9911,-2093.7385,1336.614,883.3392,-2274.0012,1963.9912,506.73663,-2283.8555,1337.2423,507.7195,-2722.0317,1968.826,422.9486,-2445.143,1331.521,428.00974,-2936.2207,1924.1504,410.051,-2464.3164,1356.0396,419.7097,-2930.614,1913.3398,437.86646,-2318.3386,1369.1951,441.54932,-2759.5608,1739.0096,1890.5533,2.577316,1494.9103,1898.6733,-4.1037297,1794.2119,2373.6025,337.59766,1436.8396,2374.5544,223.89194,1854.6704,2826.187,1240.6421,1375.5013,2811.493,1091.8213,1815.8896,2905.4875,1289.2168,1420.1799,2881.0183,1131.4594,1946.5581,2987.3723,647.2736,1296.5223,2997.916,492.11578
bp_up
IMG_20241017_120847.jpg,bp_up,304.54596,225.67041,-428.82953,307.542,221.89731,-411.44687,310.04047,222.278,-411.35306,312.56143,222.83083,-411.43985,300.1186,222.51558,-409.7389,297.6124,223.30865,-409.82776,294.8997,224.22743,-409.7809,315.3294,230.2094,-305.8119,289.75854,232.24425,-297.24985,309.1312,233.32906,-388.64224,300.17392,233.5195,-386.3307,338.2221,267.6754,-252.32166,268.86368,265.95386,-243.62473,371.51062,216.59897,-317.5223,244.88507,206.5703,-339.90366,375.91623,149.44572,-385.2916,250.61157,141.90996,-446.48373,376.3922,133.50517,-420.90955,249.47722,129.23831,-484.98566,369.67233,130.60887,-426.34518,255.32364,125.89419,-481.3534,367.7109,135.60147,-393.33716,257.8839,129.73582,-451.69583,328.55612,388.22632,-9.161355,282.1774,388.7008,9.022555,342.96582,483.99405,-61.321278,267.07388,485.4743,5.0274286,355.9964,582.81226,30.89024,249.75554,585.1554,95.12804,349.60458,599.14624,31.567575,255.28065,601.9109,94.81587,376.9027,614.38336,-99.47073,229.17223,611.6455,-24.630028
bp_up
IMG_20241017_120849.jpg,bp_up,300.17603,230.56166,-353.67026,304.17734,226.08542,-336.67935,306.84155,226.42847,-336.60486,309.56335,227.07643,-336.6539,296.48776,226.78503,-336.34247,293.80026,227.3363,-336.4074,291.22626,228.10931,-336.38272,313.9017,234.21016,-237.98653,287.20993,236.02223,-236.49608,305.08243,237.61177,-316.20566,295.18314,237.72525,-315.81656,333.66168,266.9738,-197.15193,272.04016,266.95978,-212.91772,354.91998,209.37598,-258.01224,254.74123,208.59874,-293.1179,358.96426,145.13652,-319.26587,259.92938,146.91568,-354.12845,359.27606,130.02913,-352.383,259.01752,135.82394,-387.70065,353.5615,127.49093,-358.19907,265.05966,132.251,-388.68726,351.69537,131.90015,-327.21774,267.594,135.70941,-359.8228,327.8404,393.75922,1.7357426,281.84122,394.34064,-1.8243629,339.06665,483.94547,4.722563,266.9111,482.6883,6.5124073,355.55203,583.62415,119.842354,250.23338,581.4138,128.61484,348.82898,601.5408,123.84456,254.87427,596.35297,132.33107,374.06616,612.1324,9.556479,229.65298,610.1466,18.344267
bp_up
IMG_20241017_120908.jpg,bp_up,317.64185,189.45523,-414.63797,321.7392,180.85376,-396.53928,324.6032,180.62555,-396.4631,327.33948,180.51582,-396.52026,311.89505,181.72258,-397.24973,307.99805,181.91884,-397.32074,304.2934,182.24469,-397.2956,331.24887,184.02586,-284.4487,298.55292,185.35257,-288.0628,324.0669,199.40793,-371.27914,312.07285,199.67,-372.21072,352.08014,219.63564,-251.8109,279.7199,220.42157,-259.83444,363.74548,155.22464,-388.693,266.97107,153.73637,-423.80444,365.2508,81.54208,-490.8287,267.02524,81.84617,-562.4657,364.67993,66.07526,-535.21466,264.04346,67.04636,-607.3313,357.6737,63.20233,-535.44574,272.24792,64.91644,-604.79236,355.38547,69.00832,-497.91428,275.80383,70.088745,-569.0653,340.29935,356.70193,3.6629453,286.70074,357.0994,-3.8388398,337.51074,470.01233,-50.587574,276.05353,472.95837,-26.121105,344.05124,585.8657,44.145744,272.6322,586.54175,68.26586,331.42148,606.38556,45.030922,277.80078,603.9319,67.81074,364.2676,622.65137,-89.42646,258.42474,621.8555,-64.64556
bp_up
IMG_20241017_120909.jpg,bp_up,312.19235,187.81544,-429.49576,317.4099,179.60056,-411.526,320.72775,179.62756,-411.44077,323.82574,179.74701,-411.5109,307.32935,179.72159,-411.89862,303.33994,179.75053,-411.95135,299.80054,179.8944,-411.9253,327.51224,183.3903,-299.94522,293.67923,183.14003,-301.78278,317.70917,197.96425,-386.22913,304.7554,198.11942,-386.74323,347.54395,216.6565,-265.52762,273.403,216.44803,-270.2052,360.23633,153.42001,-386.81824,262.92474,147.46869,-427.3423,368.77438,80.195404,-478.81082,263.92203,73.98591,-560.1107,368.19458,64.62839,-522.10596,263.55405,60.18963,-605.8652,361.8945,61.707306,-525.42175,271.54358,57.350777,-603.1675,360.6368,66.93156,-486.7049,273.66327,61.998535,-566.91364,337.68643,356.4578,-0.23130687,285.4917,356.67938,0.049897417,336.57236,469.97495,-31.106112,274.43866,473.20322,0.052617986,341.84296,583.47833,78.047,273.86905,584.24255,104.164536,332.05975,602.6861,80.12467,279.9261,600.5093,104.67991,357.84412,615.74976,-55.364693,259.13583,617.78973,-24.767195
bp_up
IMG_20241017_120911.jpg,bp_up,313.80966,187.153,-382.45407,318.82013,179.15086,-363.85983,321.97974,179.133,-363.779,324.91025,179.1619,-363.83762,308.94675,179.21173,-365.27652,305.0077,179.12589,-365.3341,301.46893,179.16399,-365.3191,327.9378,182.1532,-251.7131,294.562,181.8128,-259.02487,319.20425,196.81198,-339.1136,306.47858,196.60893,-341.20972,346.56256,215.57108,-222.29492,274.48865,215.79404,-234.11876,358.3072,150.81027,-347.53876,264.33716,148.15726,-405.21008,365.79208,78.54311,-439.731,265.3252,76.37849,-546.1052,364.59607,62.344955,-481.91522,263.4716,62.06012,-591.82684,359.25714,60.32541,-482.40488,271.3913,59.126114,-587.3799,357.91156,65.870476,-446.48087,274.03998,64.036415,-552.2993,337.35138,356.80096,0.271006,285.45755,356.57574,-0.4657065,337.68118,471.735,-37.996857,275.6082,474.40247,-0.99339783,341.8221,586.7799,63.628704,272.36133,584.1923,99.12499,331.12643,605.6405,65.19667,278.28455,600.4047,99.612915,359.0201,616.5437,-65.3977,256.2848,616.85706,-26.330812
bp_up
IMG_20241017_121409.jpg,bp_up,304.54843,269.5457,-291.56845,308.8805,261.31927,-270.3424,312.02808,261.1962,-270.2669,314.81046,261.01855,-270.27988,299.17868,262.27106,-271.72253,295.48364,262.89853,-271.7578,292.4224,263.41946,-271.71887,319.37262,266.23666,-157.98613,288.64615,271.16486,-163.30418,310.8588,278.92593,-249.47385,299.89926,279.74402,-251.18468,338.56757,303.09534,-130.38516,275.0284,305.02145,-142.30789,350.2414,239.50046,-223.98279,264.0467,242.78183,-294.95312,323.2466,183.75896,-280.88898,285.75623,186.52188,-411.84534,315.04984,173.12117,-316.38647,293.68265,173.82841,-458.55453,312.24252,172.44313,-312.1462,295.6747,172.80302,-448.17804,313.42233,176.06418,-284.20538,294.76715,176.95386,-415.2636,322.58975,431.61606,-8.281253,277.72128,433.6443,8.108754,320.7611,532.742,-7.3407116,279.5859,531.547,25.439697,333.13068,636.9771,114.79469,276.7527,637.28754,147.71638,326.1385,650.3992,118.650055,280.39038,649.9162,151.78493,332.9625,666.51056,-20.621643,269.22552,669.8373,28.574924
bp_up
IMG_20241017_121410.jpg,bp_up,307.2533,264.91324,-406.97278,312.648,257.019,-389.18192,315.7876,256.94742,-389.10162,318.86386,256.99164,-389.14478,302.47324,257.83487,-387.4139,298.7482,258.15283,-387.4637,295.14377,258.48996,-387.41724,322.7737,262.79074,-284.1046,291.07645,264.3034,-273.7584,313.04337,274.35907,-366.68167,301.16873,274.20593,-363.92532,342.10336,298.38367,-256.8649,272.27664,297.94202,-237.03706,356.61603,237.08792,-384.46747,259.51303,241.3146,-379.44244,339.71768,173.80197,-472.70114,272.78836,173.12033,-511.63794,335.02774,160.05453,-516.0009,274.29584,159.17867,-559.6525,328.44006,158.28679,-512.6449,280.53082,157.01193,-554.5188,327.60126,162.61244,-477.2155,282.2215,161.67336,-517.51385,322.88638,427.5086,-10.943694,274.3893,427.83228,10.677896,318.1222,527.604,6.7812676,276.93005,526.6765,47.79831,329.2453,630.04846,142.3666,274.3579,632.09753,181.64955,324.35132,641.1448,147.2439,278.96686,644.14453,186.56128,329.2782,666.64355,0.5317421,264.3972,669.1003,60.859993
bp_up
IMG_20241017_121411.jpg,bp_up,307.15256,268.4121,-360.74387,311.30096,261.58002,-342.83313,314.10165,261.77237,-342.75327,316.952,262.09274,-342.78857,302.39703,262.22617,-343.09747,298.87897,262.6329,-343.14716,295.34583,263.1886,-343.10092,320.00266,268.19864,-240.58028,290.39578,269.968,-240.5435,312.12308,277.03012,-321.66443,301.43515,277.16916,-321.8978,338.48245,302.63788,-214.49896,273.68365,302.67926,-212.9567,355.0049,242.0538,-320.87323,261.31342,241.95757,-337.41025,342.52908,179.5758,-406.76526,269.62454,176.22694,-446.2228,339.4515,167.10687,-447.36325,270.07602,165.07008,-488.9006,331.75134,164.7537,-444.88608,276.69592,162.6158,-486.53128,330.2789,168.74883,-411.81696,278.8089,166.1226,-452.202,319.55725,430.82074,-9.988546,275.59705,430.84744,9.73058,320.67612,531.7347,20.084091,277.6061,528.8047,54.35088,330.11594,633.11035,156.40315,274.15723,631.0539,189.9353,324.24045,643.7892,162.086,277.81882,643.7151,195.93567,329.32358,666.3333,27.084757,265.462,667.0017,77.39753
bp_up
IMG_20241017_122108.jpg,bp_up,303.5843,284.37833,-24.10201,308.73697,281.34473,2.770639,311.97827,281.67743,2.7938707,315.2243,282.0744,2.8025656,298.64093,282.10968,3.1622531,295.117,282.93796,3.184837,291.84003,283.52203,3.1824553,319.01587,290.42157,99.56538,286.35596,293.12302,104.37011,309.35864,292.9678,8.24937,297.59335,294.40384,9.154938,338.78302,335.4238,75.91091,264.27658,333.37256,69.49728,352.25647,277.61853,-53.10058,257.90137,269.672,-62.30919,330.40424,216.84253,-131.47653,285.32053,215.25446,-119.30354,322.94095,206.41603,-166.3949,296.06827,205.55,-157.45258,319.96622,206.94975,-159.2377,298.58713,205.99014,-144.68634,320.16754,210.76508,-134.8102,296.36304,210.10222,-121.21962,322.9111,456.29172,-3.780159,267.01306,456.52585,3.6443174,323.70273,562.46106,-26.990557,267.55093,564.26544,-14.632834,330.02512,674.61334,59.23831,262.52838,673.30664,70.75669,324.36325,686.06555,60.265133,266.2663,683.23505,71.62702,333.01666,713.3882,-88.06877,259.3307,710.4463,-61.92474
bp_up
IMG_20241017_122110.jpg,bp_up,303.66144,284.80243,-40.751522,308.164,281.9745,-14.681806,311.28683,282.21954,-14.650572,314.3053,282.5725,-14.64384,298.35245,283.2523,-14.541782,294.82068,284.32852,-14.516488,291.46234,285.1872,-14.515231,318.54364,291.13394,82.56768,286.34244,294.88303,85.90023,309.69785,292.86157,-7.764092,298.45926,295.38593,-7.205571,338.33163,334.06042,66.01974,263.48776,333.97488,52.659542,349.9781,271.16293,-43.37497,254.63365,270.07294,-78.09626,326.02478,214.71732,-105.68101,282.82944,214.4155,-134.09224,317.08163,203.97957,-139.28293,293.75177,203.66083,-172.63374,314.44965,204.53839,-133.95712,296.24823,203.92868,-159.89413,315.14212,208.49524,-109.589645,294.09927,208.15294,-135.90572,321.0091,456.8224,-0.7614917,266.75937,457.0366,0.660105,320.6813,566.0433,-12.263919,266.4778,566.3377,-7.7983227,325.14316,678.64703,67.392,263.26505,676.6537,81.54595,318.6593,691.0075,67.75119,267.3904,688.25684,82.54821,334.2661,711.901,-78.18966,256.14392,712.91785,-50.261898
bp_up
IMG_20241017_122112.jpg,bp_up,296.43542,282.007,-97.61647,301.70084,278.85016,-72.88194,304.73602,279.10074,-72.82735,307.82877,279.38983,-72.81693,291.67355,279.95966,-74.0192,288.10266,280.9136,-74.01418,284.70218,281.60867,-74.00243,312.0326,288.08618,27.288935,279.83557,291.53033,24.653946,302.35318,290.58466,-62.670456,290.39188,292.82166,-63.83403,334.92297,330.65472,23.148718,259.17307,331.17166,-0.5720346,346.55173,269.90387,-82.6882,248.65215,267.98996,-138.2155,319.71298,208.54779,-148.4925,275.7389,209.56616,-205.07407,310.48083,198.2132,-181.76872,286.16153,198.23895,-245.63579,307.812,198.58897,-175.87053,289.03122,198.36989,-232.04384,308.85843,202.43625,-152.13736,287.33987,202.58322,-206.78093,319.37064,454.19235,1.1991408,264.07568,455.02835,-1.3381265,318.30945,563.6363,5.93242,266.46378,564.1344,3.6712747,325.7143,675.4271,103.282616,265.49744,673.26324,109.66086,318.94812,688.1865,105.45184,269.86227,684.75323,112.4269,334.89444,708.1896,-40.228035,257.55267,710.4861,-19.396954
bp_up
IMG_20241017_123353.jpg,bp_up,290.6329,286.43475,-201.32799,296.643,278.80942,-178.51263,299.86526,279.27908,-178.50183,303.01556,279.78186,-178.55331,286.99545,278.64526,-175.97328,283.54276,278.99942,-175.97716,280.21432,279.3492,-175.94783,307.11606,285.64508,-75.58413,276.58353,284.4289,-62.720184,296.32794,295.68585,-164.73996,284.21075,295.2567,-161.28635,326.6396,319.84747,-69.76793,259.9454,322.52884,-36.202007,330.585,265.16962,-161.08284,248.26132,259.57385,-92.324745,325.91943,201.8003,-227.82545,262.43213,197.60573,-144.83244,324.60617,186.21725,-268.18118,265.29187,185.11786,-181.4213,318.81915,184.98386,-270.9843,271.84653,183.95215,-182.11308,316.96158,188.81854,-234.3777,273.2364,187.80994,-151.64763,314.86252,449.986,-9.577359,267.0239,450.1741,9.596425,322.8537,547.0362,-4.4171453,260.09106,548.9257,22.224604,325.2969,644.58704,120.240715,254.09912,647.0645,146.33875,316.40646,660.85297,124.885315,260.74606,660.8237,149.8061,349.06476,672.11444,-0.92338127,238.14903,672.6974,27.001364
bp_up
IMG_20241017_123353~2.jpg,bp_up,290.7213,287.38007,-164.7125,296.8868,279.87338,-142.32127,300.0903,280.34525,-142.32492,303.2162,280.9181,-142.36732,287.40292,279.86188,-136.70999,284.10565,280.24786,-136.70734,280.9973,280.6047,-136.65422,307.51343,286.69415,-44.49012,278.2747,285.60614,-17.233662,296.60635,296.86804,-130.64543,284.82852,296.3992,-123.07095,328.02832,321.8951,-49.596096,261.66498,324.38107,19.367588,332.80008,264.49265,-135.6537,250.52295,260.0604,-18.0717,326.93134,201.10085,-184.39903,265.74484,199.83365,-77.63761,325.3705,187.64606,-225.40776,269.54166,187.73065,-113.909744,319.83524,186.39905,-227.7732,275.99313,186.64568,-117.62034,317.98874,189.99167,-190.2591,277.05624,190.09819,-86.25089,314.44427,453.06677,-22.082249,267.7447,453.51282,22.20247,320.21814,548.23584,-31.28312,258.69208,548.73895,30.176682,326.4149,647.89856,86.774414,254.26683,647.2677,149.03009,317.12756,660.6239,90.3305,261.0296,660.9766,151.7102,341.70328,673.0072,-38.83913,234.57736,674.6105,31.10806
bp_up
IMG_20241017_123354.jpg,bp_up,293.80966,287.73135,-150.10849,299.57928,280.53888,-126.29213,302.58966,281.05356,-126.285255,305.51633,281.71353,-126.316795,289.7909,280.50784,-123.142746,286.1226,281.00052,-123.14919,282.66876,281.4632,-123.10915,308.66666,287.44763,-24.714048,278.23016,286.29086,-7.837845,299.25037,297.54117,-114.641136,287.0238,297.04358,-110.14139,327.59857,321.5494,-27.62366,260.99628,325.06973,20.452713,332.6201,267.36267,-107.22744,249.62163,261.22797,-26.202026,325.57333,204.57669,-152.37198,265.24048,201.48566,-82.7453,323.87115,190.4922,-191.57211,269.58542,190.4906,-121.24655,319.08588,189.20041,-194.421,276.19452,189.03651,-123.52717,317.34607,192.6242,-158.51254,277.09967,192.28175,-90.99303,312.0776,455.21793,-17.726536,265.87302,455.3348,17.828264,317.66116,552.15607,-3.132456,261.49295,555.02856,27.878307,328.80185,645.4076,131.16144,253.40385,648.41907,156.19406,321.97266,656.3907,136.67752,259.98846,663.6247,160.16164,338.5985,672.71716,5.3827877,235.26077,674.121,32.63648
bp_up
IMG_20241017_123354~2.jpg,bp_up,291.76102,288.5672,-148.86992,297.67172,281.69287,-126.326225,300.81436,282.1262,-126.31022,303.86035,282.6777,-126.35696,288.24673,281.79663,-122.75356,284.90958,282.20734,-122.758545,281.72186,282.62802,-122.73361,307.46548,288.39096,-29.349333,278.1304,287.38837,-11.582115,297.38538,297.77258,-114.53568,285.43848,297.2659,-109.74464,328.31332,320.72934,-35.390965,260.59192,324.5659,13.857936,331.34576,267.3343,-116.16924,249.94853,263.03726,-49.15675,324.9772,204.49919,-160.05397,267.06918,200.95148,-110.993484,322.38104,189.2791,-197.1658,272.18402,188.33601,-146.72914,316.86523,188.32181,-198.1227,278.49347,187.4561,-146.3457,315.25253,192.18741,-165.16565,279.06744,190.99593,-117.69509,315.5879,452.00485,-21.344536,267.88498,452.1374,21.403942,318.14142,548.4979,-24.161766,260.77878,548.70966,33.408993,327.6861,644.04193,96.997635,255.26808,646.3692,153.83865,317.37027,659.1499,101.21678,262.51483,661.1131,157.05493,342.11185,671.74054,-20.583258,234.31348,671.3653,41.57953
bp_up
IMG_20241017_123355.jpg,bp_up,292.26477,288.02975,-113.62475,297.46393,280.9281,-89.9597,300.28546,281.25696,-89.94865,303.00607,281.7039,-89.99308,288.49237,281.15445,-86.63432,285.16043,281.605,-86.638626,281.98004,282.04855,-86.6003,306.00995,287.13046,6.7494464,277.70706,286.50974,23.747833,296.96143,297.08948,-80.197525,285.96262,296.65012,-75.63558,326.90134,320.27386,0.9024059,260.11096,323.90915,44.90724,332.21695,266.3909,-67.53344,249.34032,260.80832,0.13270049,325.3618,207.32698,-96.75812,267.3682,202.10104,-46.577297,322.17578,191.31651,-131.67825,273.10306,189.23103,-82.008514,316.83667,190.23532,-134.43874,278.61316,188.23354,-82.43808,315.45538,194.11139,-102.47678,278.5695,191.91623,-53.81998,313.44724,452.8105,-15.690026,266.81458,452.36136,15.790024,319.43604,547.7656,-18.892067,261.0975,549.33075,16.389587,327.654,643.13074,97.66388,255.0674,644.88544,132.6682,317.54266,656.8424,101.56404,261.23254,657.6349,135.61398,343.0934,668.9313,-21.598047,235.33914,670.45087,16.66714
bp_up
IMG_20241017_123355~2.jpg,bp_up,291.75156,291.0738,-113.325134,296.85413,283.42432,-89.49541,299.80124,283.69342,-89.48202,302.68118,284.06488,-89.52472,287.68256,283.79813,-87.828476,284.32217,284.3127,-87.82764,281.13593,284.7962,-87.80168,305.47314,288.21707,8.274954,276.9096,288.36502,17.162449,297.1425,299.8875,-79.336365,285.66806,299.63757,-77.112015,326.15445,320.16528,6.938107,259.30893,325.49106,25.992765,330.09207,267.60007,-62.921078,247.97481,259.875,-34.49342,322.5684,206.14848,-95.80753,264.90085,200.06647,-77.54007,319.77188,191.7037,-129.54013,270.85962,189.0781,-112.96808,314.81595,190.43027,-131.48111,276.89514,188.16333,-111.34708,313.4435,193.9794,-101.23864,277.17783,191.64246,-83.51012,314.97025,450.90643,-6.107394,268.2471,450.53915,6.1520553,320.06006,547.3137,-6.936046,260.93576,548.44867,4.909233,327.59375,644.8821,103.69157,253.94086,645.8926,115.63687,317.66058,658.32965,107.397484,259.2271,658.5537,118.33005,345.64566,669.9458,-15.469672,236.7732,673.2192,-2.9226866
bp_up
IMG_20241017_123403.jpg,bp_up,306.04428,262.86038,-345.42783,310.86517,255.92427,-323.9259,313.8134,256.29346,-323.8456,316.54346,256.72928,-323.87753,300.25632,256.15744,-323.94034,296.2013,256.6601,-323.98972,292.39917,257.19504,-323.9441,319.14578,263.89124,-209.87701,287.77768,264.65198,-207.79353,311.38132,272.82477,-303.4908,299.30643,272.57895,-303.17307,337.07404,301.3031,-176.61748,271.25906,299.78296,-174.86363,358.0876,241.53888,-281.03406,256.51578,238.91109,-312.78058,342.01764,177.19493,-361.5068,274.42508,176.9743,-426.37552,334.4998,167.36119,-401.64438,283.55676,166.57834,-472.38092,328.10178,167.32704,-398.53488,290.05475,165.88927,-464.16217,328.50095,170.41338,-366.00262,288.628,169.29736,-430.6682,327.39264,419.3316,-4.9645705,277.52286,418.77142,4.8502994,334.82556,519.03284,-111.2651,265.15955,521.76196,-46.68345,333.46848,628.6714,-1.8800284,260.55453,630.5544,42.909744,323.7138,640.6207,0.5723356,267.57544,643.20593,42.227833,339.98627,668.25616,-152.98761,244.87346,670.2383,-95.43469
bp_up
IMG_20241017_123404.jpg,bp_up,306.4551,260.82272,-414.06406,311.74176,254.31955,-394.52417,314.73123,254.67613,-394.42334,317.6464,255.20439,-394.45386,300.788,255.14314,-395.55862,296.605,255.95619,-395.62454,292.7456,256.78702,-395.5812,320.64127,263.1779,-283.00848,288.17126,264.48907,-285.63553,312.16525,270.82916,-372.2312,299.65903,270.35394,-373.23944,338.38364,301.88327,-244.94618,269.67554,300.5558,-255.66621,358.46063,242.5877,-362.2714,257.53522,238.34515,-421.12717,339.52713,177.32405,-450.0248,274.34644,176.6814,-547.63257,332.46738,166.57787,-489.62518,282.6298,164.26358,-593.58813,326.24503,165.75058,-484.73196,288.47525,163.6466,-583.1683,326.6654,169.241,-453.86996,287.5345,167.62509,-551.0836,326.44528,419.2099,1.8888776,275.6715,418.54974,-2.0887413,334.5595,518.16693,-117.417534,264.86673,517.6508,-57.503677,333.032,626.57086,-21.170866,260.66513,627.2772,21.718365,324.4848,640.3295,-19.89559,267.0831,639.526,20.13527,341.22208,667.8352,-173.3724,246.87817,671.3886,-117.84804
bp_up
IMG_20241017_123404~2.jpg,bp_up,305.5214,263.44525,-397.80594,310.95554,256.51218,-378.47476,313.98907,256.75534,-378.37213,316.91962,257.2735,-378.39767,300.15274,257.68933,-379.05835,296.05643,258.47162,-379.11905,292.1359,259.34595,-379.07706,319.99374,264.98605,-266.83463,287.28525,266.9498,-267.58002,311.4258,273.3587,-355.90915,299.01712,273.09308,-356.3718,337.01266,302.0216,-226.38487,269.74414,300.5317,-235.3724,355.54956,242.01352,-335.87924,255.54686,239.47406,-391.00098,337.19763,179.04274,-419.13272,272.0499,178.82986,-511.69095,330.40817,168.24524,-458.04352,279.65326,165.99527,-557.3615,324.06555,166.92288,-453.93173,285.4111,165.22617,-546.5123,324.5745,170.54408,-423.1289,284.84048,169.31763,-514.8312,326.01242,419.54068,1.9463832,275.37997,419.11978,-2.136817,335.21768,520.0121,-99.04469,264.99316,519.39465,-44.443645,334.3324,628.53546,-2.3487175,259.75333,628.83795,36.66439,324.75674,642.51483,-0.88604945,266.7323,641.2806,35.53173,341.56577,669.41956,-153.84814,247.35112,670.75336,-101.51819
bp_up
IMG_20241017_123405.jpg,bp_up,305.63846,263.68323,-402.2033,310.8502,256.65503,-381.93588,313.78323,256.901,-381.83817,316.60663,257.39432,-381.86072,300.31662,257.684,-382.913,296.25412,258.4177,-382.9886,292.2939,259.2639,-382.9516,319.39682,265.20663,-266.79025,287.31375,266.87308,-269.4675,311.36145,273.35114,-359.12613,299.28867,273.3255,-360.1805,336.29736,302.82153,-226.61224,270.14096,301.46695,-233.73895,355.92264,243.28415,-340.08176,255.23633,239.7973,-391.69553,338.47662,179.10919,-430.0492,271.61713,177.76569,-518.1503,331.7774,169.21182,-470.21268,280.92975,166.32503,-564.52167,325.24417,167.96109,-465.8228,286.90207,165.37917,-553.9703,325.7048,171.2766,-434.0366,285.74033,168.98787,-521.3011,326.4739,420.04877,-0.7234065,276.5208,418.64597,0.5445686,336.22556,519.61487,-107.29924,265.16275,519.8385,-54.60479,335.73987,626.0158,-2.3045905,258.79486,628.29126,31.178936,327.63785,638.66565,-0.113670446,265.47418,640.35156,30.460762,342.6114,666.2011,-153.47575,245.30457,671.04913,-109.0534
bp_up
IMG_20241017_123405~2.jpg,bp_up,304.44995,261.3332,-314.7983,309.72943,255.34859,-293.63953,312.84473,255.75066,-293.5547,315.70978,256.1655,-293.56912,299.156,255.86446,-294.10764,295.15472,256.6859,-294.16226,291.28378,257.537,-294.1263,318.21338,263.1469,-184.03636,286.93005,265.10834,-183.98132,309.90222,271.52057,-274.5798,297.60928,271.52673,-274.8779,336.07886,301.3824,-153.7695,269.64355,298.88986,-156.00804,354.921,241.91937,-246.23825,254.2914,240.40422,-286.98166,337.32874,178.86603,-316.8778,272.693,177.49464,-389.0885,328.99884,168.89406,-353.24973,281.0261,166.94884,-432.46606,322.5939,167.99998,-349.5505,286.7326,166.30592,-422.14777,322.86804,171.15378,-320.81613,285.7321,169.59906,-391.99258,325.69568,419.50912,-3.2842722,275.45398,417.9157,3.151671,334.3775,518.37244,-114.437386,264.4829,517.3292,-57.825687,334.46564,624.96185,-15.518981,258.95605,627.5054,19.916483,326.78662,637.5176,-13.573181,265.3006,639.4204,18.7872,340.35513,664.9505,-165.27475,245.62157,671.12036,-118.212036
bp_up
IMG_20241017_123424.jpg,bp_up,318.59164,267.99033,-100.64796,322.9939,261.70248,-74.51328,326.2364,261.9761,-74.47198,329.28198,262.1125,-74.48856,312.44437,261.5541,-71.42548,308.72845,261.8783,-71.44204,305.27768,262.11353,-71.408676,334.33746,266.26358,26.160418,301.64142,266.70242,42.006847,324.92606,279.31686,-66.65685,312.61972,280.37192,-62.51675,357.4786,308.07578,19.490173,285.37885,312.57938,55.359505,375.1039,242.30664,-87.807495,265.0649,253.6551,-7.772906,343.39273,187.73778,-140.69524,287.6268,192.64972,-29.638027,330.97446,176.84618,-175.17223,299.75998,181.17197,-63.41549,325.7862,177.4748,-165.48775,303.91562,181.44615,-51.793674,326.71878,181.43625,-142.02539,301.89203,185.50215,-31.24973,342.61343,430.14838,-18.474691,292.68225,431.6648,18.444265,346.7757,527.1407,-96.72151,280.06943,533.2939,-37.388996,361.64603,639.71606,-44.805473,267.5598,639.6249,13.248836,354.80188,656.5485,-47.38684,273.7055,654.8345,9.278163,381.56094,667.7927,-179.12315,242.22577,666.96484,-115.503365
bp_up
IMG_20241017_123425.jpg,bp_up,316.9587,269.50732,-180.29805,321.47977,261.45102,-155.87999,324.69452,261.66486,-155.81783,327.52902,261.941,-155.82951,311.0304,261.8888,-152.92581,307.22607,262.434,-152.95677,303.68442,263.06393,-152.92122,332.81976,267.50317,-53.541477,300.96268,268.48804,-38.323044,323.4458,279.8925,-145.23987,311.37216,281.35742,-141.01654,359.03024,306.72217,-46.239956,286.79932,312.72906,-16.74495,375.42484,242.0188,-148.50832,260.9066,254.94821,-85.784386,338.12363,192.09113,-194.05847,288.76047,196.53888,-115.65185,324.56857,182.23264,-229.46495,301.0504,184.19781,-151.55798,320.74142,184.68552,-220.84836,304.35672,186.10878,-139.11041,321.98438,189.66846,-195.61078,301.7876,191.4786,-116.706474,344.75116,431.598,-11.992459,294.30505,432.248,11.943126,347.01505,527.1716,-53.870167,280.97916,533.3433,-4.6180944,361.75934,635.0666,24.213818,267.86465,635.4108,69.87527,355.44604,651.31525,24.130259,273.4617,651.06036,68.58908,378.0011,661.9219,-107.7716,248.14716,664.49554,-53.662918
bp_up
IMG_20241017_123425~2.jpg,bp_up,316.97604,270.30557,-24.728085,321.6937,264.26593,2.2437837,324.9666,264.4002,2.2797592,327.84662,264.48633,2.2687554,311.8342,264.68964,7.450129,308.5067,265.14108,7.4427266,305.49643,265.4936,7.4673567,333.313,268.9927,94.58629,303.272,270.01553,120.724106,323.80286,280.53632,4.756048,312.0734,281.4405,11.905757,358.80533,312.20435,75.201584,287.01083,315.63855,124.509315,378.30533,247.5296,-35.051075,263.75592,259.96417,64.62849,344.1001,197.45071,-71.32612,289.33685,203.40538,55.832672,329.45102,187.78656,-102.10319,301.957,191.0156,23.871256,324.7039,188.836,-90.46575,305.23395,191.87706,39.93097,325.72342,192.67056,-71.640274,302.69626,196.93372,55.363422,341.72906,433.9697,-19.938625,292.3311,433.7806,19.926216,344.97897,529.04663,-97.27622,280.5311,533.76843,-31.11659,361.25244,638.61774,-47.5362,267.53802,638.1848,11.325848,356.20526,655.22034,-50.04393,273.66812,652.67285,6.9901695,380.66025,665.6225,-175.38203,242.36469,665.4032,-110.19267
bp_up
IMG_20241017_123426.jpg,bp_up,318.63055,269.8975,-42.539024,323.17392,264.30072,-15.628292,326.37866,264.75168,-15.586074,329.28146,265.1766,-15.583569,313.36392,264.35257,-11.521852,310.12698,264.8545,-11.535149,307.0429,265.3067,-11.508809,334.23154,270.49823,79.325645,304.13553,270.81046,100.34485,325.14566,280.3678,-11.923356,313.15445,280.71747,-6.22961,358.89703,313.4953,61.456474,286.59528,317.1964,102.742035,378.11194,247.58348,-48.520008,264.2993,260.64056,33.57286,340.68472,199.04988,-87.976875,289.60474,203.63794,20.300335,326.1421,189.17949,-120.35056,302.86356,191.49347,-12.37884,321.7849,190.21048,-108.35223,306.17328,192.73381,3.4096918,322.95358,194.13896,-88.191505,303.3889,197.78293,20.070866,343.78378,434.52264,-17.223309,293.17053,434.7829,17.210098,346.62653,528.48865,-85.49885,281.13815,535.02795,-26.885244,362.19247,638.0184,-29.711906,267.40134,639.3556,22.554605,357.13327,655.5373,-31.595608,272.6767,653.3662,18.827795,378.3344,664.54095,-160.25603,244.9532,668.5733,-103.39963
bp_up
IMG_20241017_123427.jpg,bp_up,321.32684,268.31772,-48.351894,325.31296,262.55423,-20.279423,328.2651,262.97708,-20.245226,331.01212,263.34686,-20.247034,315.71796,262.66342,-18.173872,312.43008,263.22418,-18.17659,309.2747,263.71225,-18.147173,335.23248,268.9473,82.27606,305.78577,268.9581,93.64411,327.08447,278.7279,-14.744262,315.8297,279.5949,-11.723411,359.25278,313.0905,71.747765,286.86334,315.32773,93.0595,379.09528,246.9068,-36.41651,262.8845,260.16153,18.214659,342.4647,197.20667,-82.810814,289.4051,202.03975,-3.7170904,327.6139,187.31694,-118.65353,303.08923,189.61096,-38.80916,322.86383,188.30807,-106.556915,306.1993,190.89673,-25.444515,324.10745,192.27483,-83.53527,303.76727,196.03436,-4.695476,342.75183,435.95004,-7.8418007,292.8478,435.8346,7.8485827,347.9812,534.48694,-57.1321,280.7143,538.7315,-25.344208,361.29813,640.1781,12.952032,267.06445,639.0125,48.07556,354.54095,657.9371,12.247042,271.4401,651.90247,46.420883,381.44492,664.65015,-118.367226,247.01086,667.5892,-82.51917
bp_up
IMG_20241017_123427~2.jpg,bp_up,319.6892,269.78232,-55.703434,323.66827,264.34232,-28.601358,326.6875,264.6374,-28.560122,329.34143,264.82898,-28.56601,314.1154,264.63394,-24.649183,310.9865,265.15854,-24.652077,307.98846,265.5801,-24.619102,333.91656,269.73242,69.90439,304.76984,270.53857,90.09091,325.87183,279.92422,-23.714529,314.5673,280.89923,-18.195965,359.3756,312.44363,58.308094,287.03397,315.40598,97.20203,378.7238,247.70952,-48.286858,263.11188,261.56244,32.062485,342.81497,198.1525,-91.21003,287.4638,203.13292,10.008684,328.60724,187.9325,-125.861404,301.49606,190.82857,-25.455505,323.544,189.1052,-114.784966,304.67487,191.85016,-11.577792,324.7814,193.08331,-92.00248,302.12027,196.9718,8.726331,341.39642,434.52667,-13.607554,291.4931,434.74054,13.596511,346.39572,532.7851,-64.00405,280.18555,539.8277,-20.422804,361.4394,638.23206,4.491225,268.06894,639.8875,47.74499,355.844,655.5373,3.600432,273.11093,654.27844,45.7,378.87338,664.20825,-129.67024,247.64633,667.53345,-82.39646
bp_up
IMG_20241017_123427~3.jpg,bp_up,322.64478,270.01355,-51.15446,326.1557,264.1711,-23.765814,328.91803,264.51837,-23.727007,331.4777,264.7453,-23.728857,316.71155,264.42166,-21.225317,313.30136,264.98975,-21.231247,310.06055,265.507,-21.20204,335.18738,270.01224,76.42094,306.32397,270.53375,89.84804,327.97006,280.52667,-18.319588,317.09164,281.61615,-14.73879,360.10297,312.31284,65.66272,288.1996,315.91092,94.01592,378.46942,246.9039,-38.72522,263.59253,261.50214,26.1743,342.0039,198.29373,-82.5478,288.42953,204.46396,4.9971323,326.91364,188.72888,-117.28107,301.62598,191.61908,-29.372692,322.09644,189.93353,-105.593605,304.5678,192.82816,-16.16546,323.5327,193.97919,-83.14743,302.34494,198.46835,3.9519765,342.43823,434.72647,-10.601742,293.061,434.89728,10.590722,346.25055,531.7761,-64.4498,281.6013,538.20154,-24.571924,361.64966,639.5335,0.0038395894,267.03174,639.20605,41.27796,355.18716,657.4297,-1.1590612,271.2544,652.4373,39.11562,379.4029,663.9205,-132.50107,247.15941,667.484,-88.14938
bp_up
IMG_20241017_123446.jpg,bp_up,314.04837,265.64078,-333.64752,317.5296,261.851,-314.85648,320.11688,262.29996,-314.80576,322.67682,262.88422,-314.87622,310.13135,263.02515,-311.5276,307.55582,264.19745,-311.55484,304.95267,265.46884,-311.4824,325.72968,271.1609,-215.9034,301.3364,274.42142,-200.16386,318.7167,275.45386,-297.19095,309.56433,276.03818,-292.74536,348.48917,308.96265,-206.43298,281.6369,312.0048,-176.90842,368.83118,252.0391,-328.38156,267.02908,249.78616,-318.856,368.06616,183.75754,-402.5347,266.5767,180.63782,-448.67618,367.39398,169.90222,-445.33588,265.61197,167.5327,-493.91486,359.51877,167.89919,-443.0089,273.0436,164.1298,-489.94193,357.4155,171.43246,-407.5789,275.80734,166.60623,-455.3824,338.0029,435.73102,-16.766787,293.05112,436.79767,16.611425,341.62607,538.6556,-8.520134,289.88837,536.7261,52.953083,337.85855,639.52655,117.937485,288.75772,635.6584,182.77359,333.40982,652.39026,122.51989,295.75995,649.5655,187.33618,348.39023,669.62085,-2.8892946,276.1911,663.6221,74.99215
bp_up
IMG_20241017_123447.jpg,bp_up,311.82095,265.925,-360.317,316.1809,261.72812,-341.29587,319.1604,262.03284,-341.23273,322.05835,262.49786,-341.2861,308.25854,263.26175,-338.3637,305.551,264.45697,-338.4111,302.97464,265.73798,-338.35944,326.41553,270.8133,-238.43095,300.00806,274.66187,-224.61955,316.9731,275.33356,-322.32764,307.196,276.2285,-318.44223,349.76474,309.87787,-219.59348,280.3597,311.57648,-205.6981,369.93732,253.1561,-345.36627,265.7528,249.0999,-363.2798,368.42358,186.3324,-425.718,267.40964,180.8779,-504.20465,366.9038,171.34746,-467.19568,265.8364,168.02257,-552.0406,359.1803,169.56792,-466.9512,272.5512,163.98709,-545.6186,357.54343,173.445,-431.63235,275.6114,166.56198,-510.2152,339.6885,436.20065,-7.1181383,291.52783,436.98398,6.9480453,342.18173,537.1769,-1.7362046,289.4573,536.8486,26.610834,336.47662,637.76263,127.18549,289.29742,640.586,149.86365,329.69467,650.9755,132.14137,294.4734,654.0642,153.34047,349.49115,668.356,4.886835,278.0093,669.39624,31.937412
bp_up
IMG_20241017_123447~2.jpg,bp_up,312.60287,265.4465,-305.23508,316.6018,262.5012,-286.38513,319.42087,263.00787,-286.3372,322.2117,263.651,-286.3958,309.00793,263.78693,-283.3199,306.42532,265.0413,-283.34634,303.94406,266.36673,-283.29138,326.24503,272.4282,-190.3327,300.81903,275.644,-175.25053,317.92358,274.9386,-270.17383,308.37378,275.6419,-265.95325,350.29446,309.20612,-181.00786,280.53552,310.93445,-159.32625,369.13654,253.86852,-293.40665,267.9281,249.97868,-294.24854,365.53638,185.16396,-360.81683,267.16885,183.08003,-409.62488,365.91122,171.52957,-400.35886,266.0559,170.18034,-453.48346,358.76004,169.2018,-400.09717,273.06232,166.6399,-449.62106,356.21732,172.45393,-366.50555,275.81372,169.22672,-416.30313,339.2072,436.0248,-13.738935,290.85864,436.89963,13.603367,342.20303,536.81323,-11.233366,288.80807,536.79456,43.46091,337.3181,638.67645,107.8258,286.6374,639.03625,159.85547,332.69348,651.71063,111.58906,294.3908,652.51526,162.84702,345.46927,667.8041,-14.77989,271.95828,666.6167,49.41172
bp_up
IMG_20241017_123448.jpg,bp_up,314.30664,266.40894,-324.5233,318.3655,263.40442,-304.97098,321.13388,263.7825,-304.9106,323.85327,264.35352,-304.94745,310.4995,264.84055,-303.39478,307.7206,265.92612,-303.43155,304.99142,267.0816,-303.3714,327.04672,272.6566,-202.86977,300.69522,275.3012,-194.37529,319.14407,275.0094,-287.0624,309.5279,275.5206,-284.75565,350.65796,310.23984,-188.42595,280.3233,312.91193,-178.73526,368.43997,254.68462,-313.18417,266.97238,250.39305,-324.83896,364.95807,187.92531,-401.44662,268.86,182.39394,-449.80334,363.154,172.4481,-442.99283,266.81403,169.43123,-495.69354,356.98077,170.95773,-443.20465,273.45047,165.32034,-490.59775,355.4603,174.99228,-407.78946,276.90918,168.25374,-455.94757,341.0089,436.297,-9.213917,292.52298,437.34012,9.082346,341.67206,536.7577,-6.964672,288.85214,536.16736,30.053286,337.57822,639.1172,112.70844,287.58875,641.3861,145.06778,332.28983,652.0101,116.429695,293.93677,654.6216,147.6217,345.40884,669.0217,-12.521649,274.17975,668.859,29.594095
bp_up
IMG_20241017_123448~2.jpg,bp_up,314.52112,264.09735,-325.48996,318.61404,261.71655,-305.75082,321.45093,262.1777,-305.69913,324.28232,262.73788,-305.74612,310.6973,263.14508,-303.88596,307.9672,264.49066,-303.9127,305.31552,265.90466,-303.86023,327.51495,271.3663,-204.75186,301.0912,275.35132,-196.17827,319.6834,273.65887,-288.7361,309.91336,274.4769,-286.31107,350.53424,309.73047,-189.0284,280.78036,312.6752,-189.01321,369.34885,254.53706,-306.58572,267.8262,250.8409,-333.5126,367.52325,186.40895,-384.37296,269.25745,182.30367,-441.6781,367.1648,172.07677,-423.605,268.12857,169.82245,-484.83514,359.8126,170.35846,-423.61307,275.6753,165.46562,-478.9194,357.3844,173.91045,-390.41086,278.81894,168.24696,-446.99182,341.4809,436.52072,-1.2070003,292.17563,436.97015,1.0569644,343.62018,536.68115,8.196325,289.12115,536.45416,21.58793,337.98233,638.3772,131.76178,287.31296,639.6165,142.57805,330.0954,652.44476,136.72427,292.5066,652.70874,146.11397,351.5284,667.2057,16.835331,277.38843,665.6365,27.463335
bp_up
IMG_20241017_123449.jpg,bp_up,316.6231,268.13828,-344.7224,319.39133,265.0491,-326.5694,321.54477,265.54294,-326.5264,323.7991,266.165,-326.59406,313.28427,266.06506,-323.75775,311.14377,267.277,-323.78262,309.0134,268.6596,-323.7242,326.04486,273.46173,-228.6212,306.1377,276.70544,-215.40904,320.74066,276.76843,-308.48752,313.00964,277.49115,-304.81955,348.6075,310.36673,-216.6644,284.37332,311.52905,-195.368,368.28735,255.07918,-345.14172,272.7616,252.00743,-334.84183,367.85464,187.0964,-418.17426,271.2069,182.65826,-450.5015,365.79318,172.8848,-459.46524,270.45914,169.69955,-494.83426,356.61844,170.0419,-456.24286,279.37863,166.66422,-489.8698,354.1541,173.75455,-422.7174,282.26956,169.42136,-456.406,336.96054,434.75848,-10.126578,293.8228,435.39914,9.920878,341.72357,536.11176,-3.6215806,290.40952,535.76373,37.999454,337.87393,636.6087,119.971855,287.8055,637.57684,159.16174,332.88348,649.46497,124.67787,294.92505,650.54663,162.82419,348.11014,666.12885,0.3719359,276.55585,664.97394,46.66605
bp_up
IMG_20241017_123449~2.jpg,bp_up,317.58386,264.6472,-332.31958,318.61792,262.22137,-319.1748,319.4852,262.76675,-319.16177,320.47427,263.40485,-319.25726,316.21475,263.42474,-316.90298,315.33807,264.68353,-316.93057,314.53183,266.0827,-316.87338,320.84824,271.33594,-236.90208,313.8108,274.224,-227.84697,319.25104,273.19894,-300.87283,316.06268,274.20255,-298.38043,338.34543,314.6361,-235.3868,297.71326,311.03244,-199.8739,353.98306,252.69432,-350.76346,278.28885,249.5441,-350.6473,356.60464,185.2015,-416.7063,271.1288,182.3525,-479.9688,353.56668,170.59563,-458.97134,271.04355,168.50645,-520.1693,316.61603,166.82954,-452.04678,283.09082,165.18114,-519.8014,328.06317,170.49022,-420.083,286.90512,168.35379,-487.47324,333.47238,437.6574,-20.085356,311.96295,434.2131,19.838915,328.90836,535.17706,-31.751694,297.32632,534.1217,33.596245,332.02197,637.16125,72.72579,293.85297,636.94434,148.24904,328.3579,651.0684,75.25162,300.89825,650.50116,152.02522,343.11316,665.80035,-39.105793,280.89285,665.1526,48.83429
bp_up
IMG_20241017_130153_DRO.jpg,bp_up,318.8204,70.07364,-65.18586,323.63156,60.88705,-31.855368,327.03836,60.96523,-31.87405,330.47766,61.262512,-31.909897,312.88754,62.410187,-34.673405,308.92688,63.598705,-34.652184,304.7117,65.01338,-34.627995,336.14392,70.04668,97.963524,296.144,73.915085,86.06825,326.9479,81.53799,-20.57942,312.4176,82.83442,-24.344995,363.59946,123.43801,82.66802,272.6116,129.11125,69.19503,382.22656,41.16242,-29.176323,253.78342,45.97757,-32.952785,363.16766,-32.71084,-119.39251,269.3635,-23.967243,-70.95102,356.25516,-47.13495,-168.14253,279.3448,-53.028633,-111.839645,348.68878,-45.551945,-163.81781,282.2837,-53.65908,-110.89157,349.1978,-39.99462,-126.03632,280.942,-47.68598,-77.10986,346.96786,284.74686,-4.330734,292.83084,283.1781,4.401923,341.28796,418.48727,-20.468332,305.551,417.62714,-6.3390827,341.32568,542.0575,89.13399,310.04,544.9796,116.86977,335.75717,561.80133,91.338326,308.65668,565.3471,119.2486,353.86826,578.37787,-66.083275,312.63727,577.2987,-37.003933
bp_up
IMG_20241017_130154_DRO.jpg,bp_up,319.8309,74.373436,-59.755844,325.62537,65.22009,-27.677488,328.9689,65.71255,-27.702662,332.9453,66.41972,-27.749062,314.69885,65.43662,-30.0966,310.5972,66.02044,-30.069984,306.34103,66.730835,-30.046972,337.6814,76.124084,97.09748,297.24808,74.30234,86.32602,326.6734,86.78786,-16.684408,312.21542,86.980484,-20.186152,362.05728,128.66347,77.6189,274.98566,129.94621,70.574265,382.25604,48.387123,-34.712902,256.19986,42.535065,-31.699224,367.33835,-29.860973,-124.38605,272.77405,-34.27942,-73.128586,362.5207,-49.07627,-171.6643,283.1342,-55.047417,-112.932365,355.65686,-54.091335,-168.02837,286.18762,-55.466675,-111.31523,355.24658,-41.589355,-131.23302,285.12704,-49.502327,-79.061516,348.76974,283.544,-10.063713,296.0886,280.81738,10.131029,342.55127,420.52942,-43.094902,306.02347,416.2997,-17.494896,343.16864,542.36914,47.7781,313.74957,545.01013,87.08687,338.96268,559.0522,48.40771,311.0969,562.51697,87.70046,354.80655,577.26605,-107.90734,313.93857,577.3682,-66.03409
bp_up
IMG_20241017_130155_DRO (1).jpg,bp_up,322.39206,76.86317,-101.84284,326.6329,69.67957,-69.57579,330.03674,69.74561,-69.584015,333.62582,70.03696,-69.61419,316.23102,72.03077,-73.35091,312.24625,73.64968,-73.33642,308.0321,75.48455,-73.312996,339.99902,80.59103,59.477444,299.274,86.67711,43.267292,330.73804,88.10471,-57.161568,316.69824,90.03756,-62.17018,366.78357,132.44301,57.03843,277.0293,137.41888,19.233658,384.9016,49.218895,-38.03153,259.89392,51.758957,-83.27957,363.6058,-25.026512,-125.39057,274.31802,-23.410892,-113.56265,360.4252,-39.765263,-170.48752,283.2217,-47.13905,-151.72845,353.17615,-38.189484,-168.2083,285.517,-47.91212,-151.80772,353.4021,-32.80895,-132.82675,284.2314,-42.14754,-119.52564,353.9882,293.05405,10.712206,297.3601,290.27057,-10.731597,348.24524,426.77493,-7.181419,305.26535,420.77017,-28.475245,342.40903,544.9424,89.55174,308.63654,545.6779,84.120384,332.38943,563.89606,90.722466,304.77057,564.3187,85.3931,358.29764,579.33246,-65.838036,319.4521,577.2936,-74.31
bp_up
IMG_20241017_130155_DRO.jpg,bp_up,321.8314,79.04021,-73.479866,326.59732,70.13467,-41.43708,330.10724,70.25248,-41.455162,334.20114,70.51069,-41.485462,315.29553,71.422264,-44.41672,311.1353,72.37663,-44.390427,306.74603,73.53536,-44.37435,340.142,78.88664,84.176704,298.27167,82.599785,71.952095,330.55692,91.67042,-30.062143,315.54504,92.619286,-33.96799,366.0208,127.82532,74.46173,277.0181,134.47623,45.348858,384.86337,46.60623,-32.151985,259.49622,48.30928,-60.073772,365.46396,-26.010609,-124.70991,273.7916,-22.743584,-94.08235,361.52927,-45.268585,-172.80215,282.96616,-48.92397,-135.26286,353.57602,-43.62364,-170.06775,285.5968,-50.09687,-134.73347,353.59628,-38.00733,-132.18619,284.71185,-44.316147,-100.24076,354.81964,288.2678,7.4992094,299.3754,284.62042,-7.4598594,346.65118,423.899,-2.2835383,308.25714,419.6339,-23.160686,345.90686,546.2285,100.66162,309.72256,547.72595,88.383095,338.27408,564.28577,102.695984,307.3862,566.58594,89.68079,359.55847,579.8307,-53.986496,319.4195,578.79724,-71.6355
bp_up
IMG_20241017_130156_DRO.jpg,bp_up,321.14658,79.56078,-71.52156,325.9256,71.937584,-39.913536,329.28964,72.57273,-39.91197,332.83307,73.48254,-39.939392,314.95474,72.96369,-45.07781,310.80566,74.12724,-45.068916,306.49918,75.459625,-45.07135,337.60327,84.3833,83.57487,297.26984,85.84675,60.847683,329.02734,92.50327,-28.757248,314.4024,92.656685,-35.707024,362.78305,135.9335,77.21449,273.31912,138.32193,18.441137,379.53906,51.348686,-16.904383,258.49197,45.38655,-97.06658,358.79614,-25.882507,-96.37893,274.64294,-27.929283,-110.753716,358.29428,-46.661926,-139.04329,280.93192,-51.112534,-145.86926,349.11932,-37.05461,-134.91768,284.29446,-51.72293,-142.16827,348.93378,-31.620049,-103.22778,283.26233,-45.51606,-114.949265,352.44684,292.28107,19.23641,296.3204,288.0216,-19.2842,346.21423,426.89868,-15.097904,304.23746,422.30698,-53.635605,342.67337,546.51416,55.82901,306.11758,547.7606,33.74197,333.5274,565.68317,54.967358,302.0354,567.6378,32.966568,361.90152,578.9251,-93.94216,318.84244,575.9032,-122.13557
bp_up
IMG_20241017_130157_DRO.jpg,bp_up,322.42926,82.34475,-153.80212,326.69867,73.24195,-121.85284,330.05954,73.63577,-121.85522,333.43942,74.3592,-121.89742,315.75247,74.69285,-127.851944,311.48367,76.0035,-127.85586,307.23645,77.47145,-127.855934,337.9846,84.92461,13.388504,297.78412,87.389015,-13.08676,330.25342,94.80014,-105.80781,315.98004,95.31703,-113.755424,363.26065,138.07173,25.593674,276.39056,140.34961,-38.511024,378.62335,53.441475,-61.365143,258.9279,51.186108,-154.92157,359.56998,-21.813847,-148.49881,277.4125,-18.160461,-181.44199,357.0908,-31.392742,-192.59027,283.1341,-44.82658,-218.8894,350.07318,-30.320501,-192.01848,285.2374,-44.39788,-217.61003,349.75397,-25.391006,-156.77393,283.43158,-38.096832,-186.27638,353.65552,293.04678,16.367785,298.17215,290.37305,-16.408354,347.66263,428.97913,0.010792405,308.72562,421.75327,-31.967047,343.74124,545.08,103.510506,309.25964,547.6644,87.41203,336.39117,563.381,105.26605,306.43137,566.5245,89.83296,360.51425,579.0863,-48.053284,315.6312,577.8864,-67.91225
bp_up
IMG_20241017_130609_DRO.jpg,bp_up,310.66837,137.13235,-200.54567,313.84528,128.28894,-173.9468,316.79227,127.770676,-173.92094,319.40436,127.48368,-173.97072,304.77747,130.12091,-177.10387,300.8238,130.91223,-177.1075,297.00006,131.66428,-177.09833,323.12964,131.75974,-54.85623,290.3533,135.82837,-68.619514,317.37616,147.43297,-158.07727,304.12927,148.37067,-162.18185,351.48822,164.46559,-31.829597,269.17896,170.29787,-78.6739,364.96533,104.74366,-101.06644,258.27924,105.48568,-176.87646,363.72906,37.330772,-176.77228,266.4288,34.042286,-219.69556,358.31458,21.787094,-215.94228,268.84525,18.021965,-261.34262,352.56735,19.068218,-221.7193,273.7847,14.047599,-257.54657,352.67932,25.073647,-186.32405,274.94675,20.466232,-225.36624,343.41577,313.2852,9.002705,284.64282,315.53833,-9.02246,350.03088,437.28476,9.92756,286.6682,435.84238,-9.577943,359.30072,551.955,122.456184,271.36432,539.9805,125.54043,350.61194,568.5701,125.61025,275.41312,553.0238,130.17885,386.8016,581.5708,-11.694661,269.03275,575.58234,-6.4787097
bp_up
IMG_20241017_130610_DRO (1).jpg,bp_up,310.86487,137.34186,-180.6575,313.7426,128.12128,-153.43092,316.6759,127.57562,-153.41309,319.2391,127.26122,-153.46048,304.53928,130.04987,-157.53407,300.6019,130.87628,-157.52211,296.73773,131.67104,-157.49779,322.61414,131.46213,-34.59208,289.54178,135.75578,-53.101765,317.77536,147.67851,-138.25146,304.2554,148.6677,-143.71411,351.1026,165.33418,-18.426914,269.11957,171.44618,-69.515724,363.70074,104.70166,-91.5851,257.45322,106.15599,-174.64714,363.3815,35.860134,-171.99449,264.37595,34.11937,-216.88527,358.5817,19.454407,-211.54948,266.88583,16.678143,-257.30127,352.91647,16.863632,-218.13011,271.95685,12.39357,-253.45149,352.9878,23.337412,-182.19597,273.1277,19.97845,-222.0644,343.17084,315.1856,7.659378,284.44226,315.45905,-7.6397285,350.96686,439.25552,0.5261022,285.9641,440.2639,-12.145679,358.49887,551.98724,107.12542,274.52704,546.8189,111.20265,346.33673,566.22156,110.04352,277.81784,561.4155,114.75656,383.00864,584.30884,-21.19005,269.68576,580.5996,-18.357784
bp_up
IMG_20241017_130610_DRO.jpg,bp_up,309.2984,137.94427,-188.30833,313.05734,128.75832,-161.62505,316.27023,128.30464,-161.60455,319.1303,128.11763,-161.64822,303.43704,130.47308,-163.91966,299.3981,131.13806,-163.91998,295.56683,131.71259,-163.90854,323.52475,132.2505,-42.003178,289.61465,135.44357,-52.181683,316.49878,148.14925,-145.6053,302.53604,148.95839,-148.68909,352.28894,164.76549,-21.406975,269.22928,170.39279,-61.442986,364.45334,103.51143,-95.28625,257.5171,106.17561,-158.66797,363.55264,35.718727,-174.43657,264.79504,34.54616,-207.34227,358.7484,20.479942,-214.70337,267.05698,18.642593,-250.02895,353.0865,17.649437,-221.28928,272.63824,15.096474,-247.08885,353.22232,23.644138,-184.4958,273.7662,21.530796,-213.38446,342.74478,315.55515,5.6851964,282.9927,316.0645,-5.678577,347.82254,438.54175,6.6689124,287.16302,438.97678,-6.850727,358.0184,552.02893,117.07908,274.8873,544.07007,124.13443,348.49805,570.2116,120.09478,278.6871,559.1615,128.24281,384.51624,582.7087,-16.49458,272.17117,579.64923,-7.8111224
bp_up
IMG_20241017_130611_DRO.jpg,bp_up,309.47086,136.65349,-195.97289,312.79013,127.845856,-169.58583,315.876,127.333954,-169.57147,318.55273,127.0469,-169.61024,303.18668,129.48102,-172.25874,299.21497,130.21739,-172.25189,295.31076,130.94168,-172.22493,322.11813,131.1832,-49.125153,288.44504,134.98048,-60.62493,316.47797,146.94186,-152.69116,302.4753,147.92407,-156.18755,350.51248,163.8387,-31.434008,268.60977,169.8774,-69.4415,363.085,103.87772,-124.57326,258.08533,106.42823,-171.20067,363.80768,35.066055,-223.92883,263.88647,35.16388,-221.19139,358.9203,18.6404,-267.43027,265.29855,19.401337,-264.33493,353.33585,16.525291,-273.8788,270.77704,15.010953,-261.28247,353.54642,23.205925,-234.45448,271.9866,21.653557,-226.80487,344.05948,315.04297,3.6837084,284.05066,315.55237,-3.6715493,350.10007,437.72226,14.022668,286.14798,439.3648,2.200822,359.43423,550.33044,131.69022,275.93314,545.17584,130.83582,349.8908,567.67957,135.53969,280.96426,558.4217,134.65761,385.4301,580.72705,-1.695184,271.50085,581.7809,-2.6203961
bp_up
IMG_20241017_130612_DRO.jpg,bp_up,310.74658,138.19464,-168.85442,313.88583,129.15247,-142.29681,316.84293,128.61134,-142.27834,319.38068,128.3239,-142.327,304.59552,131.08577,-144.64867,300.63052,131.91002,-144.64658,296.78375,132.74255,-144.63316,322.68567,132.30205,-24.788094,289.94678,136.69633,-34.980625,317.84213,148.01462,-126.698425,303.99802,149.06651,-129.75845,351.9713,163.85448,-8.590864,268.68506,169.40639,-43.620827,366.2348,103.114914,-84.82072,256.79028,105.02601,-140.01114,365.53357,34.20019,-163.32355,263.33368,34.938908,-191.52864,359.84476,18.077469,-202.854,264.49927,20.3763,-233.25098,354.41754,15.653491,-208.37045,269.73438,17.589878,-231.13535,354.69574,22.170757,-173.03355,271.3092,23.498964,-197.89766,342.02155,312.42014,2.622435,282.3474,313.43454,-2.576314,345.86478,436.98267,-10.931015,283.13986,436.02856,-12.933642,355.09897,548.89307,92.790825,272.20325,543.17615,109.19071,345.66754,563.7752,95.20876,275.98343,557.85846,112.460526,379.7072,579.8768,-42.134052,266.72284,580.16046,-21.24006
bp_up
IMG_20241017_131114_DRO.jpg,bp_up,331.46603,249.0181,-80.35484,332.78384,242.21754,-59.865,334.62143,241.76588,-59.847973,336.56805,241.29495,-59.856247,325.94684,243.67104,-63.961025,323.17798,244.24463,-63.967613,320.49768,244.85059,-64.008484,337.97318,242.0559,31.2682,315.78824,247.09735,13.133052,335.7507,254.75706,-46.93963,327.73212,256.2761,-52.46284,356.07892,266.74408,40.499413,302.81375,272.67593,-2.9673784,358.9659,218.52354,-40.41216,292.162,223.55223,-118.22308,342.75958,171.99826,-106.58774,311.43552,174.27795,-180.41643,337.9903,162.26472,-135.358,318.822,162.3034,-212.54477,333.74475,160.94928,-129.91669,320.50302,161.57391,-208.42659,333.68936,163.92136,-109.72648,319.7739,165.4762,-183.17993,352.0134,374.42072,2.2674155,314.55692,376.1776,-2.2596366,355.89645,458.38562,-17.84797,317.58267,462.41354,-35.691753,359.81204,537.9967,56.221252,319.34836,546.6154,35.880222,358.97122,547.5167,57.842228,319.09503,559.47644,36.908962,364.27853,563.42944,-51.79706,315.10736,568.217,-76.0978
bp_up
IMG_20241017_131115_DRO (1).jpg,bp_up,329.6291,248.0165,-85.27784,331.48898,241.05077,-64.85831,333.2759,240.65933,-64.842,335.15686,240.27567,-64.84504,324.6329,242.47766,-68.02521,321.96347,243.02457,-68.031044,319.48724,243.55063,-68.06802,337.05118,241.58464,26.306328,315.30548,245.83487,11.754491,334.088,253.7374,-52.002155,325.90274,255.2166,-56.45883,355.36465,266.49155,33.91665,301.9084,272.2671,-7.37763,356.97122,218.92653,-50.161137,292.2852,222.75475,-134.68303,341.71368,171.82065,-115.885956,310.98596,173.58191,-206.49667,336.7291,161.74059,-144.40178,319.18018,161.90172,-238.94566,332.8514,160.83519,-140.00331,320.2219,160.88957,-233.23349,332.78833,163.66243,-119.29035,319.0604,164.45583,-208.92847,350.07236,376.05106,3.4421265,312.08337,377.56384,-3.4464602,353.85126,459.2103,-17.321484,317.7524,462.01477,-38.835068,354.81866,538.7688,51.7594,320.00336,547.08136,31.313576,354.10556,549.6215,52.757027,319.83774,560.10583,32.171143,364.98026,562.7024,-50.976143,314.31192,567.4431,-75.81057
bp_up
IMG_20241017_131115_DRO.jpg,bp_up,328.56937,248.6825,-57.386475,330.28027,242.69557,-36.568565,332.0653,242.25172,-36.55271,333.96292,241.71677,-36.555088,323.78104,243.9991,-38.50833,321.3047,244.4155,-38.51493,318.827,244.84987,-38.54363,336.53732,241.62376,54.48022,314.9599,246.5227,47.01995,333.06342,253.88889,-24.211853,325.29807,255.38983,-26.666567,354.83182,264.27554,62.596573,302.65732,269.93002,32.05068,355.48358,214.60059,-12.848343,292.32578,221.37184,-64.51426,339.2655,169.56816,-71.441216,310.1747,172.09091,-111.12381,335.06058,159.88092,-101.21663,316.70508,160.50487,-143.05238,331.05823,158.52101,-96.8376,317.6239,159.27585,-141.14537,330.94177,162.17503,-75.07914,316.9211,163.55931,-115.029305,349.41217,375.2236,-0.42918962,311.69833,377.36816,0.45745116,352.45984,457.2516,-30.63486,318.30786,462.56207,-35.14317,357.5816,538.0392,42.62216,319.93692,548.4767,40.070385,357.2047,547.4683,43.815796,322.16675,559.4523,40.841373,363.79733,564.5448,-73.27483,316.80792,568.91797,-74.87549
bp_up
IMG_20241017_131116_DRO.jpg,bp_up,329.30435,245.33891,-61.980965,331.2641,239.45367,-41.38893,333.0742,239.19594,-41.380596,335.11066,238.93756,-41.390785,324.7263,240.75911,-42.74595,322.1258,241.38544,-42.740284,319.436,241.97893,-42.744484,337.08365,241.24814,47.327248,315.2348,245.29512,42.476494,333.57697,251.40193,-29.853764,325.6275,253.17535,-31.609488,354.3882,266.25323,41.61449,301.84875,273.49582,35.932274,354.499,216.90318,-59.38569,293.5667,221.84784,-64.66588,340.53583,170.59076,-137.54396,310.63602,172.32051,-129.42244,336.5564,160.40845,-171.01843,317.0021,160.68396,-161.15288,332.7199,158.31372,-165.83362,318.8829,159.23174,-159.77994,332.5416,162.05621,-140.90492,318.05975,163.69812,-133.60153,350.67676,375.2245,-8.812329,313.30316,377.37302,8.874491,355.53748,459.11398,-53.25933,313.23373,463.2532,-47.255272,359.13034,542.7162,6.0017834,316.8516,549.02625,10.494393,356.79117,552.9832,5.391638,320.724,562.66406,9.268145,367.49557,563.76514,-108.3862,310.54938,566.0502,-104.490105
bp_up
IMG_20241017_131117_DRO.jpg,bp_up,329.2754,245.23439,-43.177025,330.70895,239.23135,-22.012081,332.48694,238.9004,-22.000002,334.47852,238.58142,-22.012709,323.86514,240.8186,-23.908733,321.1307,241.58829,-23.89188,318.2487,242.32378,-23.892714,336.5148,240.84225,65.087135,314.0898,245.86087,57.982014,333.61584,251.22476,-12.049217,325.6544,253.57204,-14.40637,354.51035,268.2271,60.60884,300.55676,273.5784,45.908905,358.74448,218.0548,-25.056177,291.4046,220.43953,-30.37833,341.766,170.93208,-90.59912,309.22977,171.54762,-57.641525,336.30884,160.13367,-122.99393,315.52313,159.93538,-86.40473,332.33063,158.22473,-117.6209,317.67862,158.30528,-84.7708,332.46323,162.15651,-93.96411,317.03546,162.96187,-61.230785,349.97726,375.146,-2.8903337,311.90326,375.57895,2.9874792,352.91138,460.96164,-51.740765,314.31912,461.8054,-60.23303,356.9628,542.8713,1.9616411,316.1837,547.8351,-1.0602669,353.8206,552.48694,0.9632866,319.5719,559.45886,-2.1582363,362.82373,563.62897,-114.96435,312.76633,566.36993,-117.60168
bp_up
IMG_20241017_131541_DRO.jpg,bp_up,279.33536,142.9881,-168.94748,282.77347,133.37476,-144.35788,285.90298,132.6786,-144.31195,289.0126,132.34549,-144.36191,273.74374,135.17145,-143.24142,270.11353,135.58156,-143.29326,266.88132,136.23338,-143.31055,292.98746,137.97105,-43.213512,262.4733,141.03568,-35.503376,285.99084,152.18823,-132.70894,273.53513,152.43828,-130.78691,322.89838,179.82591,-53.783634,241.03865,185.214,-10.698303,346.47266,113.64508,-157.00076,219.3664,113.91184,-71.84308,323.22043,31.749868,-202.55118,229.6639,30.865215,-107.8175,318.69006,15.352464,-234.16571,229.79237,14.490104,-140.69484,310.49768,14.222002,-227.16124,237.67058,10.706496,-129.35936,308.25433,20.207287,-205.53537,241.10443,17.272425,-110.86275,309.48557,324.07037,-24.528524,251.55869,328.5121,24.491419,304.488,434.96024,-64.205345,250.28352,442.03262,-22.473879,309.06244,544.32404,45.86501,250.90474,559.3892,61.722805,303.94482,557.5787,50.380604,257.9168,575.5747,61.052013,313.4932,577.43274,-74.04763,219.4769,591.5875,-64.63905
bp_up
IMG_20241017_131542_DRO (1).jpg,bp_up,278.9893,146.85002,-118.10828,282.77856,137.50409,-92.37802,285.97992,136.96527,-92.337814,288.87585,136.6888,-92.38518,273.19458,139.21942,-91.33093,268.96628,139.84372,-91.37851,265.23868,140.72002,-91.39359,292.56805,142.05876,6.434927,259.9867,145.66907,13.344345,285.58728,156.36566,-83.76424,272.27957,156.7413,-82.111755,320.5547,184.61627,-11.898629,238.55685,188.13382,25.461435,342.4196,118.77582,-115.560104,217.2272,115.977905,-38.450684,320.9422,39.416958,-165.91469,229.36263,33.877277,-56.691837,314.79785,20.965576,-196.22012,231.019,17.055248,-86.21199,306.67664,19.054317,-188.82388,238.87973,13.657355,-70.90861,305.02325,25.67289,-168.7477,241.06133,19.935465,-58.114193,306.49924,324.5581,-16.77566,248.64331,328.3197,16.707602,304.80792,431.23422,-171.65683,250.7341,444.42197,-82.19282,306.8905,543.84576,-78.480835,250.24063,560.61957,-25.118296,301.64865,553.3946,-74.553535,254.91951,575.5799,-28.206148,309.11057,576.61255,-204.82423,226.4938,593.4061,-159.50974
bp_up
IMG_20241017_131542_DRO.jpg,bp_up,283.7329,144.41005,-99.48488,286.40753,135.17514,-73.27984,289.27115,134.578,-73.2466,292.02597,134.25592,-73.30952,277.7884,136.74504,-73.0873,274.25714,137.14565,-73.13705,270.92703,137.80771,-73.15984,294.26355,139.41202,27.129179,265.17914,142.57681,30.340824,289.34085,153.54655,-64.32877,277.90222,154.2266,-63.836582,322.70093,181.68167,10.37779,242.30396,187.70575,46.64616,346.1403,115.918015,-81.691605,221.55556,114.74448,-14.086112,322.97687,35.976555,-113.64362,232.66246,32.018303,-41.040833,317.57733,18.388939,-141.71701,231.78618,15.618277,-73.11578,309.2406,16.666626,-133.152,240.69685,12.245154,-59.80206,307.22504,23.471092,-115.77192,244.001,18.935204,-43.55268,309.83936,325.4045,-24.655993,252.53029,328.9888,24.650585,305.7348,437.15845,-62.26718,251.49243,443.71753,-45.11856,312.97253,540.9321,43.740177,250.29121,561.3386,30.651276,308.6563,553.5731,48.229412,256.82672,577.0693,29.88049,314.55563,576.6802,-72.342674,219.48746,593.5853,-94.86246
bp_up
IMG_20241017_131543_DRO (1).jpg,bp_up,279.82132,148.53099,-143.54372,283.36774,139.049,-117.44841,286.68103,138.3724,-117.39639,289.72473,138.03085,-117.456375,274.04056,140.91295,-116.909065,269.99042,141.4994,-116.97696,266.49048,142.28084,-116.99926,293.84418,143.42014,-16.064497,261.90503,147.05762,-11.352688,286.7091,157.61911,-108.06316,273.8989,158.06566,-107.07716,322.0854,185.02507,-31.442146,241.29619,190.50885,10.388831,343.81866,118.611786,-125.556145,220.5903,118.58349,-47.099754,322.43015,40.541386,-156.23036,232.45636,37.51917,-60.340473,317.22873,21.832466,-184.42111,234.69234,18.827248,-91.19306,309.15958,19.766521,-176.5684,241.46968,15.646195,-73.63043,307.35855,26.693989,-158.52327,243.5152,22.778559,-61.4921,306.86996,327.7468,-19.05792,249.73398,331.22314,18.972181,302.96097,427.3838,-142.55475,249.96352,444.63617,-95.99829,315.24066,524.55426,4.804214,248.67563,557.8984,-29.364536,304.2921,534.6268,15.159923,253.6764,572.14734,-31.24324,314.77264,566.80536,-99.30319,224.16252,591.11865,-159.44838
bp_up
IMG_20241017_131543_DRO.jpg,bp_up,278.19458,149.54755,-64.688705,281.95358,139.69598,-37.181526,285.09952,139.21921,-37.119507,288.153,138.99881,-37.16611,272.90677,141.501,-34.166355,269.02505,142.12976,-34.221474,265.6168,142.99738,-34.21662,292.64377,143.79002,64.951805,261.3653,147.50456,81.1492,285.29245,158.90659,-29.715199,272.68915,159.12831,-25.454021,321.22263,185.30359,37.248848,240.13411,188.97188,99.9167,342.27783,119.241974,-73.25189,218.68831,116.25035,46.8684,319.30896,38.87422,-121.07172,231.71689,37.290478,34.819386,314.03232,20.803951,-153.22824,234.30121,18.491245,2.3712683,306.0238,18.959522,-144.55414,241.33325,15.3625965,20.699007,304.424,25.33815,-123.54143,243.51973,22.246504,33.445595,305.65253,324.57858,-27.405163,247.98741,329.39224,27.364513,301.80072,428.15305,-214.47641,249.57529,444.13538,-79.37422,313.02185,530.5391,-99.052155,250.3822,561.96533,2.957012,303.52805,541.4157,-92.152145,256.0202,577.239,2.2688923,310.0101,568.9234,-226.96568,223.63412,592.8918,-131.59314
bp_up
IMG_20241017_131544_DRO.jpg,bp_up,281.48145,150.66493,-190.59877,285.21646,140.43103,-166.62016,288.39603,139.99637,-166.56844,291.46735,139.8389,-166.63452,275.7726,142.0678,-165.39767,271.6497,142.58018,-165.45235,268.07898,143.3169,-165.46877,295.53452,144.86382,-65.46967,263.59232,147.6055,-56.802334,288.46588,160.08151,-154.18446,275.64154,160.04738,-152.02643,322.54904,186.45682,-72.46637,241.94696,190.30956,-25.537937,345.9021,119.253204,-169.68884,221.38974,119.615845,-84.094635,323.18774,38.69121,-204.89082,231.90186,37.81333,-115.20094,318.75623,20.846676,-235.54472,232.04312,20.202112,-148.96465,309.92053,18.958235,-227.07011,240.43216,16.586758,-134.84067,307.93933,25.80924,-206.9464,243.52849,23.102331,-117.74586,308.26868,329.8373,-25.07439,249.99913,333.42212,24.98054,303.3426,434.056,-67.73474,249.89851,447.24478,-12.626939,308.82748,531.855,98.72583,248.47687,560.436,90.26679,305.21744,543.09814,109.83866,254.14964,574.0949,92.09181,312.29697,575.07306,-3.6394758,220.22812,592.0024,-27.563803
bp_up
