IMG-20241114-WA0020 - copia.jpg,escalon_left,380.69568,589.79803,-369.28778,384.14267,576.81024,-349.32285,388.06427,577.34656,-349.31332,391.84967,577.88336,-349.37238,371.24823,575.384,-362.83856,366.2342,575.06335,-362.9194,360.3761,574.9153,-362.99197,392.09094,582.5636,-200.16989,345.97147,580.69086,-262.66974,385.73117,604.01917,-308.26712,370.3156,603.55597,-326.2703,419.95337,650.96405,-54.23084,308.2321,652.1637,-186.32338,430.3354,743.9206,68.40907,293.34207,752.4997,-150.95659,448.09515,812.0356,-7.0314693,305.21854,839.1189,-213.48442,453.64322,833.0344,-20.597849,302.60486,868.9875,-241.69308,452.8176,832.2445,-66.2193,316.21216,866.9785,-262.03812,448.83875,824.46173,-27.781637,321.77002,859.40015,-220.88329,425.4357,823.6346,26.709904,354.68417,834.9719,-26.550991,449.18655,954.96326,-286.74057,371.42398,980.8298,-23.84385,450.82925,1108.6443,-202.39336,365.31506,1097.0851,254.66689,444.44968,1124.6235,-202.34982,368.14597,1111.2098,273.89862,458.58096,1169.5837,-386.3089,371.65997,1140.8706,130.42545
escalon_left
IMG-20241114-WA0048 - copia.jpg,escalon_left,382.1327,582.83954,-392.15256,385.8518,570.87573,-370.31244,389.18652,571.46155,-370.30933,392.17908,571.99646,-370.36487,372.95383,568.0751,-387.0433,367.11462,567.2063,-387.1333,361.02472,566.85156,-387.21207,389.16226,575.8355,-215.6733,344.38147,573.04834,-292.5418,384.9359,596.67444,-329.43427,370.3151,596.0497,-351.6996,416.15506,642.23206,-73.30129,302.41293,647.65454,-207.4957,427.7772,737.5608,44.159683,289.7158,744.54944,-174.62215,448.20828,806.63257,-52.03419,303.88275,833.82477,-246.3633,454.5591,829.4352,-71.647705,300.93668,864.3255,-277.28455,453.07562,826.56006,-118.940674,314.28348,861.7816,-304.14603,449.23563,819.1351,-73.84194,319.89047,853.34357,-256.65887,424.08676,816.716,22.638813,352.88293,830.5414,-22.433945,450.79785,947.141,-271.82196,369.6344,975.1395,-20.914146,450.5641,1102.1013,-166.14915,368.15088,1098.8748,210.14258,443.43405,1118.8861,-165.58945,374.19528,1115.8992,222.63408,457.32523,1162.4559,-356.70895,365.68414,1135.2241,58.26517
escalon_left
IMG-20241114-WA0049 - copia.jpg,escalon_left,377.91193,586.3479,-333.0938,381.66226,573.7008,-313.57635,385.3755,573.9335,-313.5848,389.30295,574.2316,-313.65936,368.3396,572.0928,-325.8475,362.83508,571.3861,-325.9322,356.698,571.1453,-326.02618,390.50513,578.9066,-170.67691,341.9693,578.2464,-227.63324,384.098,601.09033,-274.6358,368.05817,600.6257,-291.15485,417.52103,644.00146,-32.325363,304.32574,650.2632,-156.01201,430.97418,739.4171,74.331116,291.6117,751.4619,-132.4965,449.78632,806.9691,-18.910454,304.13623,837.5549,-204.1278,453.95074,828.3377,-36.882694,302.8568,868.2153,-232.13281,453.3575,825.4926,-81.70979,316.8686,866.0617,-255.08664,451.16595,819.6127,-40.171635,321.94122,858.2413,-212.73216,425.48947,818.8486,24.246536,352.82236,831.2212,-24.058012,450.18927,946.7582,-294.87793,371.3659,978.0493,-44.947628,450.93362,1107.7263,-232.8672,368.3312,1107.4733,118.88205,443.6008,1125.8245,-236.15932,374.54593,1125.2263,124.92086,460.67694,1166.3341,-425.32208,370.00787,1144.6945,-41.03493
escalon_left
IMG-20241114-WA0050 - copia.jpg,escalon_left,381.5202,590.8709,-413.2132,385.52475,578.4789,-394.84818,389.83435,578.947,-394.82336,393.7314,579.5026,-394.89313,372.3532,577.2578,-406.3582,367.2273,576.829,-406.46613,361.4571,576.6265,-406.54718,394.99353,585.2128,-250.0597,348.03326,583.1024,-304.38406,386.98203,605.2755,-353.78235,371.3339,605.17426,-369.5259,420.8253,650.2735,-101.80335,311.06146,654.0656,-217.44638,429.6822,746.5404,17.215412,296.41672,753.77734,-179.50763,450.37515,814.2996,-55.36845,309.24225,842.0791,-234.98509,454.64572,838.19507,-68.69365,308.24423,872.00635,-259.60046,455.78745,834.8003,-112.93291,320.78302,870.02203,-279.9464,452.18652,826.64026,-75.43814,324.97223,862.67883,-242.12569,426.39417,823.30066,23.48263,356.4704,833.3637,-23.394428,449.8974,947.7844,-292.48807,372.46683,979.4772,-35.987537,451.03726,1108.3398,-228.51198,367.0096,1109.2589,145.64975,443.85303,1127.9355,-231.1072,370.9937,1127.8221,153.84686,459.05798,1168.2972,-422.5288,373.1436,1145.8909,-10.878923
escalon_left
IMG-20241114-WA0051 - copia.jpg,escalon_left,386.99338,593.122,-410.173,391.42606,580.12256,-389.56613,395.6451,580.6891,-389.5716,399.42758,581.2854,-389.6327,378.00726,578.4022,-402.40256,372.6757,577.98926,-402.49384,366.73083,577.7714,-402.5922,399.902,585.93427,-231.69955,351.8027,583.191,-291.00064,391.77216,607.328,-345.54944,375.82922,606.8325,-362.76367,424.71307,648.56116,-75.25352,313.43307,652.58356,-196.74548,429.94507,741.8512,51.519222,296.28214,750.6588,-159.11618,447.5796,804.0492,-40.419193,306.62656,841.4121,-229.70755,451.8987,825.41077,-56.89411,304.23978,871.7664,-257.52658,451.77902,822.87506,-104.63707,317.50308,870.5017,-283.01877,449.48352,817.44995,-62.38704,322.35437,862.2886,-238.97398,428.5843,823.32166,23.04216,357.62793,834.2023,-22.875042,450.95013,947.0724,-317.35886,371.94003,979.73987,-15.265084,451.82205,1105.7289,-244.64824,368.0383,1101.7931,231.79973,442.3737,1122.5652,-247.26048,372.61792,1118.4792,246.36217,456.57605,1168.251,-449.96292,368.2986,1140.5553,83.900475
escalon_left
IMG-20241114-WA0075 - copia.jpg,escalon_left,496.5184,10.982704,-313.7681,509.73563,-11.378288,-296.1178,519.24835,-9.252396,-296.29416,529.0316,-6.9805527,-296.45444,483.76767,-13.361092,-302.02994,473.59146,-12.286339,-302.08408,464.25134,-10.639191,-302.26328,535.8886,2.9216003,-175.34703,443.7716,1.3125992,-202.00916,506.7302,35.2726,-268.01028,476.2384,32.899475,-275.75943,582.522,131.57593,-135.3541,374.32526,126.06981,-152.51779,618.15625,292.25293,-78.904205,335.23462,288.87048,-114.22703,653.0783,429.72702,-154.3582,317.65628,444.94138,-196.85805,662.2338,472.95435,-187.32715,310.06104,488.55438,-221.24532,648.6129,469.62268,-231.10432,325.38144,487.87805,-268.48856,642.3682,456.88126,-172.68262,333.41632,473.54773,-216.9072,543.2671,420.80914,2.8408966,429.36237,424.10327,-3.2538478,580.4673,610.5846,-112.89826,429.331,639.0015,-35.9421,537.5211,767.2747,214.42921,437.97757,762.7561,285.9891,520.8658,778.9784,237.36252,452.555,775.25476,312.53815,539.83453,857.37274,139.11978,418.68576,839.48315,218.88785
escalon_left
IMG-20241114-WA0076 - copia.jpg,escalon_left,443.27826,19.13704,-265.30325,457.90042,-2.4272537,-248.29698,467.07654,-1.8405914,-248.39285,474.8806,-0.9054947,-248.42699,428.15338,-1.0196686,-247.81476,419.34674,0.57411194,-247.78809,412.06094,2.3965073,-247.81961,491.23975,12.974434,-141.21342,400.85455,18.056297,-137.93602,462.727,42.948456,-224.58595,427.80646,43.14354,-223.31795,554.7007,142.84253,-121.88291,355.00427,152.25815,-85.09028,579.16925,295.00095,-80.64187,329.24295,309.67358,-29.48953,608.94275,419.70334,-200.67976,307.85712,454.17468,-128.43811,618.5714,463.27063,-240.61227,295.54935,495.73563,-158.92186,605.12256,461.36276,-282.63568,307.5324,496.06342,-206.11482,597.2631,451.56824,-218.80222,315.53265,483.43317,-150.4367,525.82416,425.61313,-18.917128,411.91568,436.05316,18.663406,551.37354,595.67395,-177.51228,422.56442,617.7255,62.77382,554.4684,761.9768,118.546715,438.10938,760.2894,385.67285,552.8286,771.10364,137.48178,444.88937,769.2152,410.8183,535.158,858.90186,10.15949,430.40482,829.91406,313.97247
escalon_left
IMG-20241114-WA0088 - copia.jpg,escalon_left,394.74503,27.497597,-388.63748,409.1822,3.8407898,-374.96985,417.89594,3.208084,-375.0805,426.79138,2.974739,-375.0599,381.78152,4.9523926,-374.1187,373.15656,5.168762,-374.2754,365.2651,5.7484055,-374.4731,441.37338,9.185295,-269.84247,355.99298,13.902969,-266.42395,411.6145,47.993813,-348.72208,381.28763,49.65748,-347.50476,508.18307,145.98016,-219.64903,301.58316,164.56667,-204.00128,533.89575,316.46332,-130.58893,283.6601,336.18445,-145.79523,550.64813,452.2137,-166.49464,293.24667,476.68307,-206.02829,560.19275,492.39508,-192.01404,286.33057,519.61237,-221.41776,542.4933,491.90527,-226.80255,304.98767,516.4762,-264.79953,534.45526,478.74844,-178.9991,311.17868,501.71964,-222.44688,462.3128,447.04788,-21.867664,349.28192,453.42975,21.571293,445.8218,641.3137,65.918106,353.17047,646.5295,154.1469,443.36658,804.7183,277.08203,366.9554,787.0525,367.09317,437.528,820.64343,287.68347,375.0499,802.98914,383.26437,448.93304,874.7684,167.25873,359.85544,843.39417,272.36688
escalon_left
IMG-20241114-WA0089 - copia.jpg,escalon_left,404.23773,-20.43129,-461.15524,416.47806,-45.347977,-461.2628,420.2722,-38.496666,-461.20773,428.875,-39.18022,-461.179,395.46048,-39.87358,-445.84525,389.64352,-36.453133,-445.93726,384.29123,-33.536606,-446.05154,450.58356,-22.744217,-385.82962,379.2827,-16.5839,-312.83502,420.03195,1.1419678,-427.67136,395.11813,3.8580704,-406.3717,535.039,98.55419,-307.34927,314.38596,108.76812,-231.95064,554.1667,274.5417,-192.61966,283.53418,283.68506,-132.55342,556.1405,426.75525,-203.09558,280.67554,427.8626,-158.73201,559.87866,470.91602,-224.8257,272.7635,473.2988,-178.33492,538.8583,466.34253,-271.76776,291.31302,470.27084,-227.04472,531.3955,456.0985,-217.4949,300.14062,458.7523,-178.7208,467.6372,417.91745,-24.761509,349.82904,411.9248,24.34315,458.4639,632.49097,-8.917986,344.4413,635.1598,100.23912,453.02338,801.4,301.0054,365.59097,792.29736,398.56888,444.9333,818.96045,319.85062,374.36987,808.54767,421.53207,442.24536,877.4292,151.7091,344.5063,869.4762,277.95023
escalon_left
IMG-20241114-WA0129 - copia.jpg,escalon_left,443.81775,56.868744,-364.06305,456.5567,32.144547,-355.78708,464.26437,30.95005,-355.8539,472.06204,29.954681,-355.9341,430.9982,32.704582,-359.87186,421.4886,32.106285,-359.8842,413.00943,32.11895,-359.97025,483.64053,30.814552,-242.40018,397.99664,34.669952,-263.7047,457.6967,75.55771,-316.17816,428.64703,76.50219,-322.09366,537.1706,144.62799,-178.99573,335.98773,146.60109,-195.3393,566.03436,301.5369,-100.59982,311.80527,313.23828,-137.59505,605.8314,429.4286,-176.25987,296.52118,461.33347,-199.80992,616.5686,475.28058,-207.53923,284.96973,505.17856,-222.8956,605.05676,473.74692,-253.44351,296.2135,506.15128,-266.32187,596.8498,463.90125,-195.50653,303.23758,493.68866,-218.9007,513.887,420.79333,5.3731384,402.04068,436.64862,-5.668812,550.70667,601.74066,-96.21274,406.85785,623.0759,-31.517248,525.42474,720.78186,260.15247,428.05325,768.7411,232.26396,510.65063,727.51776,287.9658,432.82047,778.4931,251.52087,527.99243,818.4166,213.57268,426.98944,848.67664,146.86862
escalon_left
IMG-20241114-WA0134 - copia.jpg,escalon_left,612.9042,12.69928,-663.91583,624.309,-3.3664703,-655.50964,631.709,-2.9460144,-655.5311,639.38226,-2.2361374,-655.54156,606.78235,-2.3553848,-630.909,601.7611,-1.3793182,-630.98846,596.69543,-0.32409668,-631.06885,657.76355,9.703178,-532.7942,596.56683,11.690483,-416.78683,629.0489,34.110184,-613.90845,606.87897,33.60813,-580.34076,730.657,138.20969,-489.45932,536.3467,145.60254,-211.04391,737.7079,298.6742,-469.58154,488.47336,298.3015,-54.681255,710.88495,435.81592,-604.1728,431.5004,427.38605,-195.8123,707.98584,486.7589,-670.6188,409.49362,467.49634,-233.62631,688.2394,477.49527,-710.37665,414.2289,470.34134,-314.43567,683.66815,462.2791,-619.0839,424.40057,460.74603,-233.92395,675.17163,443.93796,-85.83957,563.475,441.6522,85.64729,670.27515,620.97327,31.505072,542.6152,626.93396,284.4076,677.8901,775.15436,495.22598,528.62506,762.69446,764.8976,675.8819,793.04126,528.595,542.6078,790.19196,803.6585,672.2817,856.57886,318.91174,458.56552,825.08936,636.71545
escalon_left
IMG-20241114-WA0188 - copia.jpg,escalon_left,334.58563,177.13458,-546.18005,344.1959,163.49658,-526.51074,349.59207,163.73059,-526.5103,354.39273,164.02313,-526.5151,327.09692,163.77652,-528.0364,321.67242,164.04779,-528.0867,316.3179,164.55966,-528.1466,363.4441,170.2055,-366.02155,309.6446,171.08965,-377.0925,346.70462,194.4877,-482.84546,325.7503,193.91064,-486.10773,405.45035,257.41077,-231.67316,271.1696,251.27855,-250.30162,421.3055,362.14676,-139.38663,255.16217,358.2512,-181.24345,432.71234,453.70038,-266.48526,239.83557,454.47086,-295.88263,444.12286,485.5783,-303.64584,231.62625,487.41824,-333.9469,433.18805,486.4901,-353.4412,237.72775,488.55087,-383.6538,427.69818,478.8228,-287.748,243.05598,478.90234,-317.7607,377.23895,452.54086,10.3202505,295.64417,455.9521,-10.519925,369.30756,589.0568,41.559605,312.1074,597.24414,29.589272,363.23935,721.5899,335.64807,323.0934,714.3358,345.67792,360.11484,731.7218,355.0948,323.93353,724.3427,367.59653,371.47598,774.5381,182.09547,323.0896,757.93335,188.63358
escalon_left
IMG-20241114-WA0189 - copia.jpg,escalon_left,340.8574,171.32698,-484.28546,350.11557,158.04239,-462.82883,355.92517,158.49579,-462.84937,360.70303,158.9888,-462.85736,332.67197,158.86288,-466.5567,327.1731,159.77652,-466.60287,322.54056,160.73856,-466.69226,369.83447,168.45517,-298.0824,316.0416,169.94818,-316.6798,353.88736,188.2852,-419.38815,330.67514,188.00667,-424.88556,410.46634,257.55276,-153.03445,277.94476,251.77396,-206.98238,422.36758,365.8822,-57.35558,261.72522,358.45593,-142.30212,434.47708,457.68658,-200.56409,244.5452,453.41138,-259.80234,443.46008,489.80038,-238.46458,234.41179,485.1016,-298.70996,434.6221,489.5233,-289.52686,242.03104,485.60992,-350.87115,429.43024,482.7504,-223.18233,248.54465,477.34436,-281.9965,379.85757,452.98755,26.2051,301.1117,454.3233,-26.460371,375.30923,598.7803,10.323911,317.24655,608.42206,-32.136818,367.82312,726.0489,328.22873,325.65414,716.7777,304.91052,360.6981,737.1589,349.1324,326.3432,727.5868,328.85913,372.49512,776.40283,167.00496,331.82455,759.4793,145.11324
escalon_left
IMG-20241114-WA0190 - copia.jpg,escalon_left,335.61166,170.37276,-445.06595,345.2005,157.37009,-425.13086,350.69534,157.76755,-425.13425,355.29297,158.10394,-425.1191,328.82922,158.06686,-427.72977,323.68286,158.49673,-427.76608,318.42053,159.26102,-427.84912,365.49423,165.6385,-272.38364,313.22348,167.0176,-286.46838,347.5497,187.70209,-384.8561,327.06033,187.51945,-389.02795,408.20685,255.58632,-139.91335,274.64487,249.53717,-187.20532,419.07532,363.33673,-40.826866,254.63103,357.27704,-129.94144,433.62308,456.30283,-156.87321,238.82883,449.01474,-235.24405,441.40427,487.85272,-186.93156,229.24844,483.4126,-270.32565,432.71964,488.22696,-235.80527,236.24188,483.7421,-316.2694,427.75656,480.22903,-177.62163,242.41707,474.58685,-254.91148,376.58798,452.38562,22.899925,295.26508,455.17792,-23.13777,375.90363,593.26465,3.8982692,312.9232,602.67175,-25.986225,367.16153,721.59235,294.67694,325.0166,711.93115,280.82477,361.43478,730.3761,313.7032,325.76987,720.8277,302.436,370.0319,775.3494,143.45087,327.9009,758.40265,129.77145
escalon_left
IMG-20241114-WA0191 - copia.jpg,escalon_left,326.17242,166.56038,-497.80206,335.68158,153.37401,-476.30536,341.4832,153.9087,-476.35004,346.3334,154.63309,-476.38046,318.14017,153.94518,-477.61368,312.544,154.98512,-477.6439,307.543,155.83006,-477.7377,356.831,164.65956,-314.7264,301.98218,165.3984,-322.24182,339.6259,183.68884,-434.7085,316.43185,183.55836,-436.97018,399.5604,254.55984,-181.2298,262.5836,249.12935,-203.27464,415.33212,363.82266,-103.58941,248.11855,357.3433,-135.68674,426.62256,454.23468,-255.05945,232.70976,452.22083,-255.60278,436.37396,483.9449,-295.979,225.05862,482.08005,-292.14017,427.74377,484.50897,-346.5638,231.50015,481.89957,-348.05096,422.7279,476.7354,-277.13095,236.47174,473.96732,-279.56665,370.32016,450.24896,20.19168,290.8622,450.89624,-20.434895,368.33585,596.53406,7.3256893,307.85223,602.1113,-26.993692,361.39297,722.33984,341.52774,316.73788,708.12933,348.25882,356.275,735.21576,364.0479,321.12448,718.56665,376.86752,367.8999,774.6338,186.53957,324.04993,752.1742,209.22145
escalon_left
IMG-20241114-WA0228 - copia.jpg,escalon_left,532.12415,439.77045,-86.65014,529.5003,420.2979,-145.50255,525.8619,419.37817,-145.49403,521.96027,418.4075,-145.46545,538.7026,423.7605,-142.93121,541.3628,425.12912,-142.99417,544.2222,426.48495,-143.07881,511.24716,426.60287,-324.83673,541.9022,435.38538,-317.6328,520.92883,455.21555,-135.84224,530.49567,458.4033,-133.96588,398.8678,514.783,-346.0439,590.30804,540.27155,-332.19894,332.2579,656.6438,-317.67636,588.19147,704.9196,-291.66476,287.43936,809.22125,-249.71452,615.92633,855.31213,-145.38318,276.2243,845.8352,-259.68832,621.7842,896.6517,-128.41974,284.96213,846.79553,-259.50394,612.1137,893.3377,-150.0868,293.94955,837.1199,-246.08124,603.41705,878.335,-147.01767,429.044,824.50745,0.6474972,522.4911,831.69147,-1.0682652,388.93988,1047.1583,-68.14878,568.6964,1040.2877,-18.03311,384.78754,1265.8304,-65.70337,525.28467,1235.587,0.8137533,360.43646,1303.405,-71.59417,508.7223,1260.7212,0.86235785,350.25772,1309.824,-214.94435,537.548,1301.1991,-119.03311
escalon_left
IMG-20241114-WA0230 - copia.jpg,escalon_left,587.0779,372.5476,-882.4819,593.9771,356.2429,-873.216,597.3526,356.943,-873.11255,600.9729,357.63788,-873.3356,584.23975,354.7358,-879.84143,581.16077,354.7126,-879.99646,578.46783,354.89703,-880.0197,593.3844,363.8971,-689.0311,567.09467,362.47174,-724.2401,588.3509,389.52603,-803.59045,575.05286,387.6909,-813.8493,639.16,499.70236,-448.61694,457.32275,461.70758,-469.21396,656.17505,638.14764,-152.28682,389.02277,580.0137,-150.88734,684.92267,761.8928,-117.93714,340.47998,711.76917,-32.168922,693.11755,794.3948,-122.73649,327.69785,739.98,-15.045381,681.6334,788.66785,-188.1695,335.42877,740.7702,-79.487114,667.8941,776.8925,-141.5846,348.026,732.7383,-51.05569,574.27734,752.95764,4.8248587,476.94626,737.83905,-5.029854,570.7944,1018.82495,-103.01522,430.67224,992.9621,-81.48034,529.7769,1231.3402,101.67619,394.3573,1225.8151,130.70636,507.32623,1256.3263,107.49632,399.09854,1251.5132,138.51535,549.20593,1321.5891,-142.63101,384.32428,1305.9,-117.728905
escalon_left
IMG-20241114-WA0258 - copia.jpg,escalon_left,393.66394,504.9768,-841.6476,410.48694,486.76572,-814.2369,417.7968,487.59018,-814.2183,424.55493,488.69208,-814.3092,389.1042,483.83188,-814.91406,382.28012,482.83063,-815.0545,376.0125,482.17453,-815.0915,433.21503,497.51443,-576.8766,365.727,491.008,-585.45557,405.08765,525.30054,-747.71454,378.63004,522.43665,-750.07715,492.74826,624.1869,-357.28738,288.6597,607.55566,-346.56638,530.08826,750.1213,-143.90538,234.25237,746.052,-151.88577,514.1559,879.0209,-265.41724,204.02692,867.9859,-270.64084,516.5608,915.2968,-309.6336,191.0423,910.4258,-312.80566,498.48874,909.39825,-381.7352,209.1436,908.6912,-385.10367,491.91507,895.00323,-293.28824,217.2404,895.83826,-301.08124,407.3541,891.7699,2.1689653,291.9913,874.92163,-2.266306,360.87045,1127.3252,-72.401634,257.70288,1116.8257,-74.92242,314.7981,1330.2666,233.71075,234.66515,1323.2639,202.36508,296.99097,1345.9113,250.7313,237.31273,1345.4802,216.70656,299.5867,1409.9835,-14.865971,203.86014,1408.7942,-69.39721
escalon_left
IMG-20241114-WA0259 - copia.jpg,escalon_left,371.68997,539.3009,-1125.9199,383.6241,521.95807,-1097.4398,390.05457,522.4713,-1097.3878,396.2242,523.04846,-1097.5205,366.16394,519.9709,-1097.8684,360.21448,519.0985,-1098.1528,354.3964,518.42334,-1098.2998,402.91147,530.63824,-826.71027,345.9248,523.55536,-833.13367,380.8657,557.22943,-1017.55963,358.86362,554.64764,-1019.5877,466.1952,656.1152,-535.4743,263.46368,635.2967,-579.5259,491.45828,799.57446,-347.88208,198.33311,776.4843,-441.28174,484.58383,929.5915,-479.95663,160.18909,908.6597,-575.11273,487.9649,964.1474,-524.08386,140.02321,948.43866,-631.6887,472.1326,963.2443,-601.1235,157.36377,950.8886,-703.1072,464.01398,949.10144,-511.93063,166.77333,939.944,-606.7894,381.325,907.26483,12.2988,270.086,896.549,-12.201581,330.62973,1117.2184,-106.65666,257.5381,1151.3881,-165.49336,299.86002,1344.4412,176.4676,219.41751,1390.9792,80.026146,286.65564,1367.6195,191.607,227.27362,1426.9396,88.79017,299.44617,1421.6129,-94.22327,212.67804,1457.975,-248.23987
escalon_left
IMG-20241114-WA0260 - copia.jpg,escalon_left,396.52298,518.15137,-888.61163,415.03265,501.27954,-864.85254,422.15317,502.2532,-864.8524,428.65805,503.05887,-865.00037,392.57007,497.1093,-865.82153,384.7537,495.39514,-866.003,377.44592,493.90015,-866.0884,434.92148,508.50497,-620.24664,365.94974,497.62994,-630.52966,406.53745,537.1262,-788.4918,378.16336,533.8212,-791.5371,487.9368,628.76685,-379.21893,282.76788,609.81775,-356.26462,522.6995,758.01074,-166.05777,227.04678,747.91754,-111.78681,495.76886,879.20026,-319.80777,203.57178,868.67334,-194.45433,492.81357,917.44403,-368.64023,193.48326,911.40155,-227.83842,477.48856,908.74426,-442.18262,211.39859,908.474,-298.83243,473.26862,894.2091,-348.1683,218.4571,896.1195,-221.9866,404.04828,898.05676,4.838604,285.29517,883.56915,-4.803918,360.4282,1146.339,-122.90016,246.39487,1138.1783,-142.57474,311.73666,1353.2399,190.12257,210.34023,1364.6815,125.608444,294.14838,1365.823,208.61891,222.45966,1385.1774,138.25764,304.24164,1428.7943,-62.284138,190.27454,1439.1548,-174.39204
escalon_left
IMG-20241114-WA0261 - copia.jpg,escalon_left,392.05438,549.2448,-889.0333,404.59824,533.4141,-862.99774,410.2724,534.33954,-862.9487,416.05075,535.4223,-863.07635,386.71582,531.0443,-867.048,380.06784,530.41644,-867.2257,373.0341,530.20685,-867.28485,421.2804,543.50385,-630.25195,361.9063,537.5844,-654.3543,400.66968,567.63306,-796.1916,376.58783,566.1564,-803.1635,476.35394,666.8618,-397.11472,278.94537,647.9663,-422.84082,498.16888,799.69116,-208.99771,221.94514,775.59534,-253.35294,473.60043,915.12463,-337.3837,195.78813,893.68085,-344.54855,468.3721,952.09796,-380.96582,182.58961,930.385,-383.55145,455.21967,946.12494,-449.3,199.5296,929.25146,-452.03183,452.17883,933.066,-365.31308,207.68684,918.5774,-372.98,394.7566,911.43427,9.333035,279.73425,898.5797,-9.306152,347.11716,1142.9287,-121.68161,250.9675,1136.1505,-147.92165,311.73016,1367.6089,39.628647,233.82693,1367.5347,11.542861,304.48035,1385.1426,41.791634,243.98296,1395.3033,13.320598,322.60495,1439.1445,-235.90141,214.73705,1445.0856,-285.47253
escalon_left
IMG-20241114-WA0269 - copia.jpg,escalon_left,397.4913,532.7302,-888.3737,415.0148,517.22345,-865.95703,422.01505,518.642,-865.8813,428.44772,519.8247,-865.9425,393.95593,512.6856,-866.97614,386.82648,511.0713,-867.14417,380.30295,509.81427,-867.201,435.90866,526.4464,-634.18713,371.27173,515.02045,-645.23645,407.76508,551.72,-794.53284,381.28174,548.87317,-797.7519,490.6007,647.35095,-402.50537,282.8401,622.9539,-399.91132,517.08887,782.6784,-183.1601,232.26874,762.78314,-192.58614,492.99652,899.5098,-307.47446,217.29126,874.1667,-277.9787,489.97192,938.272,-350.0782,214.34106,915.0682,-315.84137,475.47842,930.5883,-423.65817,228.50877,911.16565,-384.38672,471.0405,916.3978,-335.55487,232.90587,898.7103,-305.54648,400.5592,909.42346,3.6644764,283.25055,889.2987,-3.7851083,358.52542,1134.6929,-36.270054,250.1226,1123.9856,-48.993855,317.54745,1335.4512,275.54633,234.10457,1328.3986,248.2311,311.82495,1350.9796,292.60522,241.5449,1340.5398,264.12274,313.84723,1414.3685,26.206654,212.58588,1415.4675,-17.806517
escalon_left
IMG-20241114-WA0270 - copia.jpg,escalon_left,392.40875,515.6783,-889.4174,409.4581,499.41348,-861.7284,415.99808,500.63287,-861.71625,422.43597,502.0729,-861.8106,387.33258,495.7516,-864.7292,379.27197,494.5728,-864.91864,371.7312,493.60147,-865.02826,428.3409,510.41132,-611.3918,360.77847,498.39243,-629.20544,401.93942,534.3564,-788.9214,374.41736,531.28674,-794.166,481.82556,635.1496,-371.51022,274.36313,616.1976,-368.83838,511.73276,766.2527,-177.85228,226.86989,753.95276,-154.21173,490.08737,881.33325,-366.81503,219.09714,870.75183,-255.47125,490.36234,921.4935,-420.81522,217.44785,911.8144,-297.8268,475.06387,913.5252,-496.37796,233.07213,907.63586,-365.17938,469.21893,899.9874,-398.63394,238.21593,895.6233,-281.9562,395.18555,898.95276,-4.797858,278.67728,881.9556,4.8561845,349.83524,1134.5657,-120.558365,246.08836,1124.8293,-121.019714,311.603,1338.6415,175.59067,218.38632,1351.5801,111.31164,297.8952,1353.9475,190.6442,220.70589,1376.712,119.34454,287.403,1416.0498,-94.02532,209.21715,1436.6917,-192.82004
escalon_left
IMG-20241114-WA0271 - copia.jpg,escalon_left,397.88208,515.644,-1055.1951,415.62866,498.30237,-1027.024,422.87457,499.56326,-1026.9996,429.45956,500.6751,-1027.1573,394.38193,494.19717,-1028.8425,387.29532,492.82523,-1029.0936,380.6262,491.898,-1029.1978,435.95587,507.40024,-758.3897,369.72653,498.00873,-772.97687,407.67096,535.1636,-947.50433,380.5007,532.24286,-951.9295,490.9137,633.9587,-486.7957,284.31885,613.06964,-488.74643,518.17096,771.0039,-270.13156,235.53879,756.02094,-246.66972,490.94116,885.2993,-425.87778,228.43898,868.7551,-315.48145,487.25238,923.5616,-474.98773,227.09789,907.67773,-352.54037,471.06976,914.3401,-552.3992,241.05206,904.4164,-421.08374,466.33514,900.78546,-455.88837,244.88113,892.92554,-341.13492,402.89322,895.8103,6.300363,284.33408,875.857,-6.3220873,361.6834,1132.0516,-126.51391,252.23732,1126.2638,-135.72002,314.4283,1355.6431,188.94302,232.17374,1352.6151,150.58969,297.00873,1367.6433,205.91321,234.80544,1377.45,163.41132,308.76016,1426.0923,-90.55063,231.23628,1439.146,-167.49773
escalon_left
IMG-20241114-WA0272 - copia.jpg,escalon_left,272.5266,547.2579,-970.0923,280.0043,528.6657,-947.5558,286.22525,527.77026,-947.48254,292.87173,527.0555,-947.6263,264.8804,531.55255,-942.0488,260.4353,532.69525,-942.27057,255.99792,533.91,-942.3695,305.92242,532.74524,-716.47766,254.97214,543.24646,-695.7693,288.28067,560.26294,-876.7027,267.72058,564.52075,-870.38385,404.85944,629.3657,-455.66663,209.8997,664.2649,-464.3129,473.46774,748.32404,-276.91916,183.39743,813.39667,-312.34656,497.8816,882.79297,-394.3724,202.9309,930.4253,-430.79272,505.95895,913.8506,-437.48053,202.67157,968.73236,-477.31717,485.94925,913.6166,-505.79874,223.5835,962.0659,-538.9455,475.12985,903.14923,-421.44196,228.68793,951.15326,-456.63815,367.21246,892.4681,0.6096843,265.3526,899.8732,-0.514651,331.8917,1125.1506,-100.9575,255.39047,1129.1934,-165.10449,307.0668,1347.0828,130.13333,246.71518,1384.4448,23.873447,294.8939,1373.5869,141.20598,256.20218,1414.1224,28.962515,326.6054,1420.8306,-109.84816,236.08234,1469.9686,-276.0304
escalon_left
IMG-20241114-WA0273 - copia.jpg,escalon_left,329.7814,509.54675,-1116.2935,341.84628,491.80093,-1081.8601,348.74146,492.0899,-1081.8344,354.63098,492.55423,-1082.0176,320.7086,492.40924,-1084.5626,313.39935,493.02777,-1084.8501,306.97217,493.8755,-1084.9323,365.14584,503.33658,-800.8892,299.535,506.1995,-817.953,344.77716,529.3764,-1005.7151,316.77332,531.4283,-1011.0477,441.8452,629.8158,-532.65137,235.92986,633.98334,-532.7024,485.05743,766.4017,-332.9306,180.05133,764.75134,-290.7188,486.5148,899.609,-441.82034,155.56354,878.35864,-328.8508,489.20273,938.84106,-479.6716,141.11543,908.3476,-362.36118,475.05356,935.4682,-555.5962,160.26817,902.0114,-437.52493,467.2496,921.85095,-471.50244,168.86339,893.63214,-358.30038,384.74084,889.0181,-11.434993,264.77866,884.2404,11.503343,347.20218,1117.4487,-194.28604,250.38817,1133.26,-198.94398,332.7189,1348.6317,84.95491,244.27353,1389.7786,58.49073,335.41116,1388.2423,97.3924,252.80318,1422.6621,67.40312,346.87735,1431.4401,-216.45642,218.87384,1450.6338,-287.676
escalon_left
IMG-20241114-WA0274 - copia.jpg,escalon_left,294.9211,400.9386,-308.29163,302.4408,388.0721,-288.02786,309.63504,388.26447,-288.08426,317.01178,388.70407,-288.25302,284.80923,390.477,-278.4927,279.55627,392.51294,-278.42276,274.4626,394.71707,-278.38898,331.51022,404.2907,-143.08415,270.25034,413.79868,-100.12862,313.0664,419.19852,-252.86806,288.85043,423.299,-240.05827,426.0345,516.70074,-33.94545,221.37204,544.8963,23.866068,489.12985,630.82697,116.40119,174.04915,670.5887,188.05435,494.2296,751.68335,95.53848,131.6242,769.1628,117.90186,493.34122,792.7281,68.12596,118.139824,798.652,89.36623,477.51807,785.8755,17.463106,131.99478,796.34454,25.363268,471.749,769.5311,76.464165,140.98212,787.97614,87.90439,393.6316,833.9037,-11.917826,262.97348,824.1716,12.093206,373.47812,1094.3411,-68.91879,236.74188,1086.1989,-82.19033,333.0868,1309.1726,143.39206,212.3042,1316.1366,98.676,321.87753,1330.6515,150.09344,208.93007,1334.6713,103.03225,335.52127,1391.342,-95.909256,203.68405,1400.4647,-147.70532
escalon_left
IMG-20241114-WA0324 - copia.jpg,escalon_left,483.18063,480.74637,-847.9447,491.6899,472.39008,-832.54596,498.43536,473.58475,-832.4296,505.48056,474.96066,-832.5385,474.35498,472.7702,-830.464,468.48788,474.0798,-830.7084,462.39584,475.23346,-830.7138,510.48947,487.37897,-650.5128,451.96158,487.1131,-645.1154,494.0161,497.62012,-774.254,472.6889,498.11487,-772.8392,564.5498,596.08167,-453.80545,390.263,586.5068,-438.64246,598.5939,712.23267,-294.3378,339.9413,709.6332,-156.27603,654.1049,835.46295,-371.88757,304.03174,819.15704,-38.68972,666.37805,866.8764,-395.88055,285.917,851.91003,-33.771862,662.28723,872.08844,-463.43744,294.19876,853.4481,-91.73205,651.19727,862.05457,-401.0626,305.12494,845.29254,-58.06813,540.3861,834.8451,-5.6109614,436.74088,828.1426,5.6138897,565.68463,1037.1487,-115.74077,434.51132,1031.1616,-50.40685,553.9547,1219.3672,167.31386,432.5115,1236.0112,200.36433,544.40204,1239.2219,185.68045,414.60992,1252.1692,213.75812,563.74524,1287.5272,-37.833187,411.7999,1299.9965,-24.141836
escalon_left
IMG-20241114-WA0373 - copia.jpg,escalon_left,527.66473,167.64899,-882.1769,542.56903,147.85161,-853.11163,550.1389,148.86652,-853.0517,557.8806,149.93553,-853.164,515.9771,146.80829,-853.7909,506.77936,147.0476,-854.0232,499.0943,147.24794,-854.10364,572.8453,164.28265,-631.4335,486.866,161.59457,-637.8832,543.4108,194.5177,-795.0307,511.7779,192.95416,-797.34125,642.37476,312.71353,-431.0329,413.2443,302.68005,-423.45215,668.79346,470.95108,-202.24353,393.9778,447.63068,-202.76038,646.3405,587.99365,-227.30984,377.89993,558.84705,-209.18091,643.0471,625.97473,-244.81169,378.2001,600.4158,-231.81422,629.98584,617.1187,-304.0778,386.49698,592.4256,-293.15897,626.7069,602.89325,-246.53027,393.28577,582.8504,-232.14539,570.9608,598.65106,-11.163628,437.088,584.63275,10.982075,553.82214,812.24133,-57.760277,422.11545,817.4346,-24.948704,542.0838,1036.5417,296.6954,416.37643,1037.0864,319.8039,535.5249,1060.551,316.69623,422.1859,1052.1709,339.46365,548.5699,1119.9663,46.126514,388.70114,1104.7675,66.07991
escalon_left
IMG_20241112_104152 - copia - copia.jpg,escalon_left,253.8894,171.91913,-313.4221,261.5788,147.19281,-328.46472,269.96396,143.74527,-328.38776,278.70367,140.10242,-328.4439,249.19485,151.97858,-290.26352,246.8067,152.24327,-290.28455,244.33568,152.56573,-290.65762,308.97995,136.10416,-323.7943,267.4961,147.00249,-159.0755,280.0756,187.92053,-308.2297,263.02057,192.63995,-260.64832,403.75714,233.03682,-400.74036,304.58594,266.97263,20.999945,454.83295,407.65723,-413.9042,313.17892,423.45456,144.85187,455.47803,571.49695,-437.60217,302.003,547.56067,50.128017,463.12848,611.1094,-488.68402,294.8426,586.2786,40.197056,439.54218,611.0741,-513.12823,296.0231,584.9738,-10.176932,430.63947,599.7407,-443.38266,301.47104,573.45105,28.246986,420.19672,549.9505,-131.84583,384.1993,546.92596,132.03372,360.11194,740.0867,-47.455963,404.174,721.6261,303.68265,411.63776,887.53296,125.2279,455.46045,855.5802,543.79456,437.4868,908.91174,137.17531,472.61926,881.50073,560.93384,340.43634,944.35925,57.185036,383.4168,912.5868,514.47974
escalon_left
IMG_20241112_104712 - copia - copia.jpg,escalon_left,523.98956,164.02786,-148.79924,523.5706,147.1685,-137.22562,522.52563,146.10843,-137.23726,521.50183,145.05936,-137.29034,521.279,146.75003,-186.72163,518.7901,145.50789,-186.7186,516.4863,144.38515,-186.74428,496.80347,141.82452,-52.491116,494.94623,143.44345,-279.46375,510.12204,175.6518,-108.95139,505.41803,174.91534,-174.80502,434.90207,206.63298,103.6704,432.19348,207.83449,-369.8011,414.06973,344.8996,189.72672,400.10672,358.8015,-424.9309,418.49744,460.90408,163.69725,446.58322,494.2779,-371.85855,411.14526,492.90173,166.16833,451.25912,532.2645,-408.65295,425.43497,499.70178,124.49802,463.3969,535.94824,-395.34543,427.33923,483.82935,143.39886,463.92044,523.82025,-363.02808,409.48962,469.58258,141.36847,400.20105,472.61288,-141.43309,443.50992,636.9143,216.80997,439.70627,663.2901,-89.88612,378.63144,769.0315,368.08847,331.0838,770.7988,85.644135,349.70236,803.23413,377.3563,281.8531,779.36774,101.33697,444.0581,824.0063,332.6705,353.8979,848.47174,43.906918
escalon_left
IMG_20241112_104713 - copia - copia.jpg,escalon_left,520.63696,220.98737,-209.43115,521.37964,202.68405,-200.09177,520.8795,201.2077,-200.1494,520.3133,199.58243,-200.23788,517.589,201.3968,-249.02281,514.6936,199.23209,-249.114,511.61426,197.12492,-249.19853,496.85248,190.0711,-119.84602,488.0558,190.14954,-339.7881,506.1664,232.68187,-170.74962,500.5166,230.17159,-234.9137,443.95908,251.90596,41.320263,423.2264,242.36604,-423.24997,403.3656,378.94467,142.11505,393.16675,392.3262,-464.19366,396.49646,510.04626,127.71173,433.8087,536.67584,-394.21448,388.10126,539.3848,129.6048,433.37134,573.35626,-428.8172,399.24338,543.22534,89.804695,446.66483,576.9573,-423.41052,395.11697,536.4995,107.94331,447.16562,566.5723,-388.66925,382.76016,500.60147,139.13057,357.99084,500.02826,-139.04729,436.9179,654.18854,238.81999,387.39148,686.31274,-106.627304,380.68903,779.55597,418.65234,299.56625,846.4269,-36.165993,356.0936,791.78455,431.29163,263.65314,857.7756,-36.1467,436.49597,829.907,396.61386,358.05783,916.4143,-142.19644
escalon_left
IMG_20241112_104719_1 - copia - copia.jpg,escalon_left,384.69693,257.7085,-283.09964,382.34576,236.90167,-272.6505,381.3824,235.79175,-272.63403,380.325,234.48349,-272.74835,378.68173,236.89796,-323.49976,375.30145,236.0022,-323.55234,371.76318,235.1279,-323.6984,355.63214,230.96909,-172.74635,346.34424,235.69656,-407.67877,373.5981,275.44888,-237.35345,367.3507,275.0027,-305.67004,305.81662,298.1299,-17.827065,289.84772,318.00583,-445.30374,349.8449,349.4109,215.11293,289.7956,489.87704,-479.82922,374.19452,300.30542,419.6135,329.29688,620.06555,-402.2145,376.45987,284.68793,450.17896,336.7352,651.6754,-418.3747,384.06198,281.11404,451.0874,354.2458,648.89343,-429.80597,382.61517,289.17902,420.81052,352.6718,638.60046,-402.6443,330.34302,566.45184,121.73644,285.30545,581.41626,-121.55215,450.6653,673.78876,289.03937,284.90424,748.60205,111.05731,410.30627,796.0614,504.04407,225.73282,876.1692,382.71793,390.0217,820.8518,522.62915,195.96567,900.6164,405.87613,482.7847,835.7578,489.3613,300.03564,919.9852,326.60455
escalon_left
IMG_20241112_104721 - copia - copia.jpg,escalon_left,305.3627,136.6113,-204.0044,309.78455,109.634285,-241.49445,313.54276,107.69356,-241.48361,317.55914,105.83946,-241.52312,306.00638,111.06663,-186.13402,306.99707,109.972115,-186.17612,308.0806,108.63281,-186.4774,355.4707,106.325226,-327.06952,341.40845,107.58144,-89.18322,324.9386,152.21672,-229.20638,319.86823,155.50732,-159.60815,465.77374,225.67105,-439.69797,370.38293,233.94943,109.02005,460.57468,428.53906,-444.89243,352.3136,406.88196,248.72214,396.89624,610.7681,-402.68756,320.36282,518.364,168.58044,394.92233,658.9027,-464.91226,308.05127,564.059,164.41245,367.63367,651.46234,-469.6093,307.98132,567.1233,102.4037,370.61942,631.8835,-399.0678,315.1988,556.9265,140.58212,475.34155,565.63904,-139.35599,449.8127,550.34125,139.30844,371.9996,781.06177,6.1702676,449.83386,745.6137,340.78806,413.54575,965.57104,241.15456,525.08417,886.1447,578.70184,439.9827,998.4693,259.30362,561.86346,906.12415,598.05096,307.3668,1010.9427,194.52199,464.2499,950.6326,561.42316
escalon_left
IMG_20241112_105033 - copia - copia.jpg,escalon_left,169.97876,255.55931,-85.584755,169.63199,228.58029,-119.82717,173.57033,224.72298,-119.81198,177.8976,220.6607,-119.80007,164.95607,232.89288,-66.78859,165.29353,232.35516,-66.77755,165.71948,231.39938,-67.03912,212.89783,205.5394,-203.10103,196.90564,214.29955,29.484142,194.56956,261.6171,-111.40669,188.12657,266.83508,-43.523304,338.50555,254.8066,-303.721,252.72289,319.67902,163.68616,395.81113,410.10986,-336.48343,279.31024,473.4372,270.04352,362.9381,570.8074,-342.9732,236.37158,608.477,173.3175,369.1536,619.26434,-395.76898,223.56406,645.7526,165.0674,346.45355,618.8634,-403.02692,220.20413,644.69904,104.986404,340.48636,603.8352,-341.02524,225.96121,633.0801,145.3616,393.82587,579.31665,-131.43036,351.01678,587.2773,131.72894,312.86752,777.4739,-88.43478,362.6929,776.3068,234.35063,347.7599,988.24817,44.04234,428.60294,944.96466,387.57254,372.14917,1010.8127,54.795082,453.64532,976.797,396.37057,291.20844,1037.1421,-6.3694935,390.7542,1021.3376,330.52814
escalon_left
IMG_20241112_105034 - copia - copia.jpg,escalon_left,158.62965,213.0014,-265.99203,154.28131,185.04494,-302.5859,158.47864,181.36661,-302.4477,163.05775,177.4927,-302.50586,147.03583,188.48758,-250.03468,145.86684,187.38278,-250.05327,144.8766,186.16646,-250.39214,198.98373,158.88156,-375.9889,175.24995,168.58899,-146.67326,185.68765,222.40948,-286.273,176.59377,226.14133,-219.93207,338.40823,247.04648,-461.78674,236.74545,274.31598,29.641027,391.44888,450.31555,-451.23196,247.00665,438.71057,173.14275,329.71405,614.3937,-433.20572,201.1549,565.81525,95.31526,323.80832,663.09503,-494.54694,183.7533,608.1832,85.988014,302.21667,659.81995,-505.74692,186.6173,606.2053,26.817154,297.9714,645.1196,-432.52496,194.21288,592.9848,68.62683,365.77975,573.2856,-143.73492,324.99918,566.32,144.01878,287.31824,789.49524,-77.10754,352.7734,763.0621,309.5668,354.9279,973.3071,100.91273,425.69095,908.946,530.32416,389.18674,1001.8828,114.613174,453.61346,932.3657,545.94415,281.75748,1024.9409,49.409767,378.1546,979.064,498.86517
escalon_left
IMG_20241112_105034_1 - copia - copia.jpg,escalon_left,556.8735,260.00482,-294.9672,561.0626,237.55536,-280.0431,559.14307,236.0307,-279.98984,556.9393,234.28215,-280.06085,559.63715,236.74477,-342.92624,556.9226,234.77623,-342.95456,553.686,232.61462,-343.04056,527.19446,223.53928,-166.20639,524.7246,223.36243,-454.476,538.26874,270.76593,-243.1207,535.95917,269.18298,-327.1056,456.29382,298.41284,24.474052,440.86072,302.67807,-519.02527,482.73685,407.19235,305.57974,406.705,489.83392,-585.42413,577.0942,375.09467,509.06567,456.13647,624.28723,-548.38116,602.4614,369.13702,548.57764,461.83704,661.6007,-584.5067,608.3216,361.1212,523.0901,478.074,657.01917,-593.59393,596.89667,364.30658,500.42017,477.69455,644.46326,-548.8505,421.34335,585.7118,148.24796,387.08258,588.825,-148.0763,481.4469,735.08105,326.64136,359.36203,772.11475,-2.1382596,432.7505,885.74493,566.1234,295.2692,947.43054,191.36784,410.71445,915.3491,584.31366,262.12354,975.2936,202.55856,512.2441,927.23114,533.1427,346.94437,1005.1221,81.691216
escalon_left
IMG_20241112_105035 - copia.jpg,escalon_left,165.41846,196.45581,-208.42941,160.34595,169.06842,-244.66669,164.60733,165.08191,-244.58943,169.17148,160.67523,-244.6407,153.37245,173.36469,-192.29366,152.42961,172.73608,-192.32028,151.7739,171.96426,-192.62404,200.93642,140.26009,-326.97437,182.77917,153.6777,-96.37407,191.44771,203.60786,-231.33473,183.87685,208.74939,-164.3933,340.4997,220.98167,-409.42706,247.31381,256.1717,52.64028,380.32864,420.80554,-411.34247,266.16003,416.50833,190.88625,336.6091,587.3719,-403.4452,228.90671,551.8367,134.35469,336.83917,637.2328,-460.93594,213.7245,589.79895,128.10739,309.46994,632.8445,-473.41385,211.33232,588.9098,73.67678,305.83823,621.43195,-402.96713,219.4631,578.2468,110.84014,361.8549,573.9594,-133.7963,321.27716,568.52954,133.95717,287.83566,786.0083,-25.17714,340.97818,756.3367,281.74997,372.99304,935.89734,155.9857,414.43228,910.1248,486.5985,399.4616,964.5171,171.19847,426.62128,936.0841,502.364,296.68018,1000.5956,108.16309,332.11493,971.1807,454.47238
escalon_left
IMG_20241112_105037 - copia.jpg,escalon_left,169.9442,195.41664,-262.71646,166.18182,167.22946,-296.83032,170.98383,163.17783,-296.69623,175.96579,158.71246,-296.7495,157.2677,171.84845,-247.28777,155.81493,171.39542,-247.31499,154.50143,170.77469,-247.66203,210.74905,138.55518,-355.02133,183.22258,152.66747,-137.7828,196.2156,203.57384,-276.28546,186.08226,209.61673,-213.31747,348.85614,221.63159,-422.3099,226.1727,260.97885,20.550957,398.97382,425.66833,-415.7378,258.35046,425.57043,179.31851,355.3983,591.446,-419.3824,238.35774,559.3551,116.388756,354.2313,641.15656,-476.46005,222.478,597.68207,110.836075,327.43988,639.76965,-494.44385,218.55086,596.102,52.274704,323.11078,629.331,-421.55902,226.57306,585.2972,91.71125,364.59344,568.7908,-130.81589,310.73315,563.06165,131.03537,290.07748,779.9267,-43.337444,346.25162,754.1647,292.2385,359.01462,950.61816,133.29008,396.97894,906.5765,509.87927,391.6326,969.8883,148.21574,421.611,930.68787,526.1531,291.3782,1000.719,88.831665,330.79678,977.99976,477.0343
escalon_left
IMG_20241112_105037~2 - copia.jpg,escalon_left,176.11205,189.06776,-215.189,173.5703,160.89511,-253.54454,178.32162,157.00836,-253.43163,183.57799,152.8666,-253.45248,165.68144,164.88579,-199.01378,164.82639,164.26353,-199.03781,164.21855,163.36377,-199.3521,219.39888,135.55885,-333.85617,197.49658,145.60977,-93.69302,202.79398,199.17209,-236.58778,194.213,204.62708,-166.98837,354.55383,226.5799,-417.445,252.68297,261.00497,68.40942,401.47763,427.13757,-429.59088,268.51175,417.88086,212.26617,351.99667,595.40515,-421.20312,242.74936,558.00806,136.61674,348.81052,642.5382,-477.1613,228.1003,595.98645,127.64255,322.693,638.2221,-492.13794,224.34975,594.4514,70.128235,319.9266,626.81964,-421.35474,232.98972,584.2717,111.23757,364.73404,580.7607,-141.54454,322.58206,572.48706,141.73755,284.5133,779.4685,-28.1745,349.20392,754.3403,309.8952,365.86176,933.7915,170.60687,412.06232,899.796,536.2674,392.59042,963.1092,187.29106,444.66415,934.80896,554.07263,287.8039,998.8046,127.50186,343.45847,971.1779,519.10596
escalon_left
IMG_20241112_105038 - copia.jpg,escalon_left,468.62656,263.3081,-277.0411,468.4364,239.99573,-263.70874,466.36508,238.7331,-263.7287,463.98773,237.48352,-263.7683,466.85693,239.0662,-323.04553,463.97913,237.24472,-323.15082,460.6934,235.32764,-323.22348,434.61395,230.6229,-162.26715,432.39124,228.68793,-432.46338,451.82382,274.49603,-229.65608,448.77737,272.6492,-308.12692,378.68787,318.17435,26.817665,354.56268,313.46136,-515.0244,384.48813,457.09113,146.01201,345.38007,498.54642,-549.8213,424.81448,579.83026,128.08531,404.29807,636.5443,-481.35727,424.8774,622.60236,130.03413,405.80246,668.38806,-526.0863,432.97287,623.69165,86.394775,421.6744,664.53186,-523.7934,425.2537,618.3118,105.15637,420.99997,653.43164,-478.05356,364.27734,599.6014,157.09201,329.25702,600.2996,-156.99062,458.9051,726.6106,319.58633,328.25565,761.2435,-69.797035,421.03467,886.84393,562.9217,273.17126,952.57263,81.36932,397.9939,914.0081,581.06335,235.96709,987.3395,86.78798,497.8579,919.5865,532.32227,335.6078,1000.52856,-46.68315
escalon_left
IMG_20241112_105039 - copia.jpg,escalon_left,369.6717,273.75604,-321.05914,368.6246,251.33298,-305.53702,366.4255,250.3801,-305.58475,363.81003,249.11588,-305.65118,366.50894,249.97058,-367.53217,363.0705,248.26312,-367.61975,359.36212,246.38916,-367.73434,330.91684,243.25363,-188.76805,327.79773,242.4466,-472.5557,353.10004,289.88837,-267.89914,348.71158,287.46185,-350.24338,288.1823,332.06097,-5.1996226,253.02151,329.2665,-534.0497,335.09412,453.83643,146.55135,244.93549,503.2559,-579.7078,410.12946,543.1703,151.57968,290.23325,645.1028,-539.54706,432.43167,563.3388,155.8505,296.3363,685.8114,-593.21136,440.36856,562.768,104.77281,312.76865,683.66394,-599.9336,429.13055,559.7793,127.47415,313.96808,669.7186,-541.38367,319.52582,606.26984,144.70958,270.7613,619.46387,-144.53807,420.81873,722.0614,299.53143,278.8374,783.8797,90.31585,420.30426,878.62115,499.95053,263.3914,956.7665,400.16043,398.99365,908.1912,514.5576,240.02371,992.48047,422.57758,503.8984,909.39526,438.85162,330.61484,991.06104,295.42407
escalon_left
IMG_20241112_105747 - copia.jpg,escalon_left,432.08594,225.27344,-185.34955,420.95425,202.21066,-175.88521,418.67267,202.02518,-176.0238,416.20142,201.75674,-176.18517,417.502,202.60597,-226.58147,412.91748,202.65022,-226.62071,407.78882,202.64908,-226.71713,381.88458,212.36969,-110.01056,375.55084,215.1578,-337.16437,420.47205,248.71326,-151.80177,416.19876,248.4594,-217.45303,308.99457,329.74634,46.270016,361.08838,348.51608,-435.67416,301.4758,492.18777,111.40063,395.41705,534.4547,-390.70752,347.27866,608.51917,92.22839,473.36896,656.9296,-229.77563,355.48322,639.74664,88.16953,488.18405,690.41956,-258.026,363.94876,635.1625,62.43997,499.8324,686.42236,-251.605,359.9512,626.7417,77.14042,492.5719,673.1922,-224.77621,322.58328,637.8565,145.00545,323.79187,652.6948,-144.93181,426.17554,763.03723,359.7352,350.28342,845.06213,61.02126,387.21063,899.6075,620.6226,322.74875,1032.7902,294.54053,363.88333,926.71515,643.4709,295.2249,1066.1827,312.50745,471.97913,917.8504,642.602,401.9679,1089.4358,224.46881
escalon_left
IMG_20241112_105748 - copia.jpg,escalon_left,350.6973,240.99597,-345.14197,337.42822,218.13382,-330.93008,335.09445,217.23828,-331.03778,332.5865,216.37161,-331.19302,334.03833,219.75868,-387.83636,329.84097,219.9043,-387.93777,325.24,220.14828,-388.00766,300.78552,228.41571,-227.25319,292.4556,232.74025,-482.8695,340.09164,265.7072,-296.78366,335.2741,266.9247,-370.51276,263.7684,363.92102,-44.01124,239.72331,384.79922,-552.31384,323.27353,531.41516,68.475746,275.48892,590.4667,-534.4056,393.71115,617.7012,57.49925,346.1388,755.5798,-436.23837,414.45056,651.5534,47.78006,348.13327,798.1672,-480.59625,414.85095,646.7026,9.293429,362.42102,797.6494,-490.22064,402.49753,646.4767,36.415913,363.92633,785.5006,-439.2228,316.3488,668.6798,145.8919,266.09824,692.16394,-145.77797,429.49878,768.6582,387.71832,312.44855,880.5028,80.59855,401.03247,914.4519,673.3965,308.49026,1047.2008,353.18903,381.481,943.0083,697.8213,286.69113,1074.3655,373.29132,497.32898,932.4561,681.44586,400.3385,1101.0499,266.0339
escalon_left
IMG_20241112_105749 - copia.jpg,escalon_left,343.82068,265.95474,-317.1906,333.66885,240.3566,-303.67734,331.98303,239.51752,-303.79446,329.97025,238.56155,-303.95425,328.62534,240.91347,-358.9154,323.94754,240.24036,-359.03973,318.6937,239.37558,-359.16055,295.24612,245.11887,-202.5579,282.47913,247.23392,-451.07404,332.04214,289.25534,-269.42224,325.08945,290.45963,-341.55734,248.80292,369.17273,-24.336798,226.88051,386.25455,-519.7025,286.70642,541.6812,75.40919,260.2816,593.5237,-505.29175,332.82645,689.6088,69.00061,326.44766,753.999,-399.58466,349.99777,731.7832,65.70325,330.69055,795.0781,-441.16138,349.33423,735.675,30.37148,345.5836,796.9715,-446.02115,338.18652,723.5298,50.52174,346.96042,782.64557,-399.7913,295.90564,675.77325,144.43031,238.58058,700.9057,-144.38396,435.97635,741.64307,353.59897,289.1931,876.223,18.608961,435.90128,910.17365,625.12836,304.757,1049.9431,281.25186,426.86615,943.2313,647.1198,285.90958,1077.4156,300.59448,524.481,928.57324,636.8054,402.8739,1102.033,203.00293
escalon_left
IMG_20241112_105749_1 - copia.jpg,escalon_left,332.61636,258.2256,-328.78024,320.99863,233.69443,-313.69067,319.53506,232.95303,-313.82504,317.78305,232.08481,-313.9951,315.5827,234.5187,-370.44693,310.74097,234.16061,-370.5639,305.354,233.62378,-370.66812,286.08655,240.20393,-206.876,269.6893,242.72647,-462.07263,322.69067,281.59668,-279.5599,315.3033,282.1668,-353.57028,256.48203,370.80176,-23.973536,211.37706,381.39056,-534.22906,306.7008,538.1861,88.88849,257.16156,586.30835,-521.835,354.65048,661.83765,71.77427,335.49677,742.48206,-427.61154,376.28003,700.88,63.563354,340.98666,785.5769,-471.1532,373.83746,701.1117,26.07309,357.6637,786.9785,-483.10114,360.4179,690.42224,51.965252,358.01688,771.9347,-430.32928,289.13388,667.2628,153.29256,226.80322,691.3842,-153.20767,435.56314,735.32104,305.79068,288.4153,852.70996,-62.499897,425.00296,913.1483,533.5232,295.20224,1040.2781,146.45891,412.90802,949.2803,550.578,272.39066,1069.6968,159.85437,517.7188,930.7439,533.6468,391.90833,1095.6224,53.95786
escalon_left
IMG_20241112_105750 - copia.jpg,escalon_left,244.5406,225.1004,-237.75688,252.80771,206.90025,-255.05928,258.53445,205.30316,-255.07303,264.96063,203.55746,-255.11859,244.54964,208.53844,-215.60129,243.56796,208.44083,-215.55539,242.74428,208.12317,-215.64758,288.91696,204.97078,-259.68597,259.9195,208.35513,-85.31311,259.44672,239.2089,-234.05812,248.2203,240.46985,-183.7661,335.92703,287.29153,-355.17038,266.1311,299.70804,102.82248,332.97998,413.84668,-393.50943,247.94879,406.76703,202.12405,286.4679,521.67596,-376.12466,224.99847,489.15955,106.49096,276.79056,553.0608,-418.11627,212.59491,514.98303,97.45763,257.19995,546.48615,-425.41467,211.89586,516.2315,58.83294,257.8695,539.66547,-373.81445,220.01152,507.29172,86.92716,315.91446,530.87866,-137.14246,293.89215,523.9756,137.16518,271.75433,655.8064,-60.916183,303.00864,651.2823,305.76886,289.9919,801.9939,80.42574,324.6262,766.1938,494.5592,310.02808,814.50507,89.54556,336.16116,790.786,510.16812,218.04301,832.24365,-7.0455623,270.74277,798.9885,474.6113
escalon_left
IMG_20241112_105752 - copia.jpg,escalon_left,247.4522,215.78783,-172.83994,256.48395,197.48157,-193.56458,262.06677,196.40729,-193.59227,268.5367,194.99805,-193.62476,247.00711,198.84247,-154.89276,245.8313,198.76305,-154.8756,244.86475,198.58502,-154.94423,292.1958,196.71577,-219.88503,262.16498,199.12094,-48.73202,263.10532,230.0936,-176.424,250.85591,230.72556,-126.75413,342.95706,277.37097,-308.7633,272.63098,288.67834,122.42404,337.50668,406.73846,-344.75046,249.41042,403.10776,227.60747,316.6067,530.8396,-351.16364,225.68637,483.28918,159.86108,316.68915,565.46,-390.05945,213.60945,514.91296,160.1355,298.22375,559.01117,-394.60718,214.73366,515.952,119.48171,295.6193,548.8711,-348.21582,221.67036,507.64417,140.89795,309.007,524.9464,-129.87892,283.3014,516.7945,129.75261,278.45184,657.8917,-29.9985,282.96274,644.5666,253.59451,290.46814,806.66754,116.35126,296.4427,777.3717,411.37778,311.16553,819.8974,126.34264,319.31827,796.27185,425.68585,217.391,843.2991,39.95224,236.89087,807.3589,390.82352
escalon_left
IMG_20241112_105752_1 - copia.jpg,escalon_left,342.10135,252.75299,-342.28647,330.36438,229.49692,-330.01843,327.8201,228.5614,-330.1201,325.13297,227.58461,-330.2756,327.32172,230.92117,-387.75095,323.11392,230.78308,-387.8719,318.57153,230.52193,-387.97235,289.88342,239.30484,-231.22884,284.67136,240.73697,-491.08694,329.12997,278.47852,-295.109,325.43466,279.20325,-370.34113,251.96976,371.20184,-44.29709,230.74092,393.4411,-555.2224,312.605,541.70557,75.07608,278.7442,589.22064,-514.41766,362.5631,650.0306,74.27003,362.82358,740.5439,-385.53348,383.5229,683.07,66.9291,372.69293,785.54254,-425.0712,386.2104,683.02576,30.972137,390.2834,784.5237,-432.92633,374.41315,674.4325,54.83705,389.93054,770.63464,-386.20938,312.7496,664.51465,146.8916,260.52948,689.01544,-146.82755,458.0328,746.75574,368.59265,308.04144,869.33093,53.750713,439.81052,905.2273,646.5035,305.98828,1046.2786,314.6763,427.0936,939.2303,670.1298,283.84097,1074.3318,334.3683,531.3271,928.87726,656.3626,400.3459,1100.9142,230.3373
escalon_left
IMG_20241112_105753 - copia.jpg,escalon_left,243.41017,217.92075,-127.64894,250.0813,201.94568,-147.27402,255.4276,200.70651,-147.28448,261.39075,199.22745,-147.32771,242.7755,203.31223,-106.96422,241.4348,203.26443,-106.89913,239.95383,203.20648,-107.01469,286.54523,202.8339,-173.11795,256.9816,204.95862,5.039159,257.31155,233.27682,-132.24979,246.80585,234.64302,-80.82113,336.40527,281.06885,-278.0877,264.91907,295.72934,174.21687,339.77832,409.0995,-334.27618,247.05641,405.66147,262.66342,318.4125,532.3889,-348.79376,219.47942,493.30908,178.39157,320.80524,567.1628,-391.5244,207.60431,521.63824,175.7603,301.54785,563.22076,-397.06958,208.19415,523.96106,134.79236,298.90967,553.9293,-347.25952,214.61194,515.486,158.3718,297.87863,522.89923,-140.73083,278.00174,518.9961,140.70618,261.3979,649.5442,-58.114727,299.43405,656.4862,276.15347,294.61032,798.1442,80.50821,304.1516,772.5125,453.84692,315.18994,810.76855,90.138565,319.28934,799.0528,468.4859,221.15744,836.3251,5.147667,242.24373,803.2401,427.92795
escalon_left
IMG_20241112_105754 - copia.jpg,escalon_left,325.12326,238.34912,-359.5009,311.15616,213.0232,-347.41846,308.8479,212.63344,-347.51434,306.2216,212.169,-347.6612,305.72946,214.38657,-401.5448,299.99796,214.7071,-401.68054,293.94992,214.80148,-401.8023,271.29605,222.38914,-246.72984,258.9054,226.42627,-489.992,314.6315,263.2658,-311.62512,307.65604,263.67224,-381.98743,246.51181,354.10736,-62.120846,212.78868,378.5003,-550.0642,297.8357,522.68713,50.759678,261.37796,575.77466,-519.59985,366.69708,630.816,38.440678,351.18314,725.73517,-404.52634,383.79004,670.28516,27.025587,358.6701,767.4444,-443.78174,381.45978,667.85376,-6.8499837,377.61487,765.4336,-453.90186,360.62244,682.3288,19.78034,376.49072,749.96515,-406.07773,303.9887,650.906,147.5611,245.41327,678.0988,-147.5557,448.6352,727.9741,357.66617,302.69028,836.7118,9.985182,441.63095,891.7034,626.054,305.27933,1026.374,264.56317,430.5622,925.238,648.1184,285.8864,1056.3789,283.3557,534.4046,907.5097,634.5273,399.19064,1073.1825,188.597
escalon_left
IMG_20241112_105755 - copia.jpg,escalon_left,320.06363,230.44202,-351.30212,304.8701,205.6829,-339.13513,302.4686,205.30164,-339.25406,299.89035,204.81735,-339.41876,300.88528,207.20798,-395.71884,296.0865,207.49825,-395.85797,291.0604,207.51904,-395.96762,265.52582,218.85376,-238.60873,257.87418,221.54568,-492.19003,310.4762,255.75122,-303.6976,304.78586,256.4436,-377.08963,242.68144,357.66748,-47.487373,209.56015,384.44046,-558.31976,286.33368,519.5399,73.5598,263.88193,578.4124,-518.7981,364.3583,613.4184,62.55428,347.13113,733.6022,-389.794,377.1622,635.0519,52.502773,354.08844,776.0499,-427.43356,365.6105,663.43286,18.046185,371.0946,776.026,-437.55618,353.7175,654.5144,43.393333,370.21875,761.5705,-390.9151,296.83508,655.15356,151.79404,239.40628,681.0962,-151.7262,443.58618,724.1782,366.77057,299.55667,831.26514,-11.495237,432.61496,896.1515,631.83374,297.12222,1032.4175,208.9271,418.97736,930.17505,653.6661,276.8666,1061.9498,224.28995,526.3711,911.5929,646.6459,392.64502,1080.4956,124.962616
escalon_left
IMG_20241112_105755_1 - copia.jpg,escalon_left,327.9328,237.8054,-332.72427,312.07437,211.42662,-320.52313,309.5178,211.0361,-320.64285,306.80246,210.5391,-320.81192,307.81616,212.6899,-375.76907,302.73453,212.84503,-375.90833,297.42862,212.78598,-376.0239,272.77658,221.45282,-221.92424,264.47406,225.00633,-470.0719,317.15253,262.29843,-286.16428,310.86368,262.71527,-357.9618,246.73868,358.77917,-36.45643,213.48454,382.93176,-539.34283,291.91635,522.47186,78.464806,263.05118,578.31757,-511.72574,346.65375,635.8017,79.66846,345.2529,735.27966,-400.3939,380.03494,644.02844,71.37423,351.0112,777.4354,-440.32422,366.6928,668.4159,37.383995,367.1671,778.4535,-449.00308,355.44022,659.11676,60.90539,367.75256,763.63684,-401.8367,310.22247,653.8659,147.19225,249.84906,683.0679,-147.08034,454.0365,723.9917,349.35297,298.32858,837.90405,1.220525,439.58716,894.05676,609.9328,301.97897,1028.3906,223.50522,425.10352,929.3583,631.52277,280.5333,1053.4097,239.31622,533.8013,909.917,626.3753,397.6435,1080.4199,142.0677
escalon_left
IMG_20241112_105759 - copia.jpg,escalon_left,292.4921,244.58585,-281.3749,301.4551,227.92189,-306.66415,307.19562,227.06097,-306.65137,313.42203,225.98207,-306.7286,292.94037,228.60283,-263.5479,291.98724,228.54979,-263.5364,291.08322,228.42267,-263.70096,334.52838,228.96889,-337.4652,310.66272,231.67152,-146.85095,306.9199,259.35718,-285.97525,296.35815,259.60638,-230.88908,382.61215,304.13092,-415.79926,331.698,314.1734,40.451794,371.22284,431.71118,-450.06528,303.0475,430.4209,150.23837,350.2646,549.6576,-443.45868,278.5837,508.2948,72.95418,349.381,584.2478,-490.62604,269.41406,539.58,70.02655,332.03006,578.7723,-497.85504,268.30432,540.7665,27.976868,330.33716,568.24713,-442.3078,274.81906,532.2666,53.44029,358.10077,535.4427,-135.36198,336.72507,527.8584,135.49701,309.83643,666.16797,-38.715477,330.51752,660.0176,332.95337,328.7297,810.72156,118.20837,350.56122,787.6959,563.1649,341.4924,825.2346,128.03215,362.16345,809.0593,582.3194,256.67007,837.55444,25.739304,292.4514,807.4182,531.5547
escalon_left
IMG_20241112_105804 - copia.jpg,escalon_left,512.7713,139.58435,-189.00912,505.4667,110.51838,-174.2531,502.99057,109.72042,-174.36285,500.46283,108.80112,-174.51454,502.7741,110.38227,-225.22998,498.82114,109.5554,-225.26637,494.63007,108.61557,-225.30034,463.89267,111.72432,-84.90988,460.6874,112.9591,-310.9498,494.8653,160.86174,-146.11229,491.37897,159.42477,-211.21452,384.58984,225.91057,76.98097,405.17157,246.37393,-401.15985,384.57358,407.57767,123.22368,393.0253,452.52533,-374.54736,412.55023,536.9606,101.235695,434.7271,603.7461,-241.39064,422.52954,585.9761,94.9556,433.94812,643.89575,-275.71967,423.61203,585.7151,68.79361,446.31616,642.34326,-271.25516,420.05466,576.0177,85.937706,447.30667,628.77716,-237.55504,349.53027,544.7371,142.47206,357.8641,561.61566,-142.45016,397.5557,713.8014,315.58176,422.50278,757.32043,21.93678,365.99454,866.33356,523.8069,396.25058,936.6338,226.25027,342.2809,892.9253,540.33777,374.55743,966.22485,242.4904,448.2667,890.7667,525.1892,490.01868,961.79443,170.5331
escalon_left
IMG_20241112_105806_1 - copia.jpg,escalon_left,522.83105,206.48933,-178.35591,519.22064,185.91342,-162.7113,518.426,185.1199,-162.83302,517.2952,184.24507,-162.93521,513.37463,185.63824,-215.79936,508.86414,184.67941,-215.83583,503.80493,183.8179,-215.86238,483.57993,186.75583,-72.31102,470.14774,188.53299,-312.2798,512.7959,225.64522,-136.55269,504.45203,226.861,-205.74002,406.38522,285.90872,77.59075,449.747,310.90173,-400.66705,417.27298,437.51785,133.8956,482.7899,486.35675,-367.74863,497.042,536.554,88.106186,592.3589,549.2278,-207.13512,508.33032,554.6149,81.43725,608.75525,586.4951,-239.10509,519.5994,549.19324,52.0445,617.8543,578.27545,-227.23631,515.6809,546.452,70.74726,609.56195,564.94916,-200.84064,443.84262,577.6026,146.61618,461.4257,600.0254,-146.63155,491.88028,738.1217,371.8549,475.89697,776.2821,66.244286,466.08124,866.7345,633.73773,398.1174,934.2987,326.04343,443.75775,902.26855,656.4607,366.68948,973.1843,349.0686,541.53955,895.36896,631.58453,497.72623,965.77637,277.06454
escalon_left
IMG_20241112_110504 - copia.jpg,escalon_left,288.16705,286.04,-366.36575,277.65027,266.23218,-351.10837,276.21686,264.92938,-351.2214,274.59473,263.5816,-351.3806,273.1733,267.35873,-406.23413,268.62457,266.7532,-406.362,263.15497,265.99432,-406.48993,241.65698,266.00366,-245.44159,232.09602,269.7256,-493.27612,281.31702,303.4829,-318.69754,275.50513,305.06454,-390.68237,212.40767,374.55048,-72.897316,193.63782,402.22784,-548.2533,253.53625,519.2354,32.989754,220.92667,576.90845,-535.535,301.56808,656.80084,7.5782576,281.33527,696.65106,-434.4253,320.1928,692.11206,-4.5132303,287.7973,728.85864,-476.2414,316.35287,695.2357,-39.66593,299.32434,726.0006,-487.1983,304.19263,684.53723,-12.012031,299.1381,716.2505,-436.56784,261.18732,629.09937,128.10313,208.11565,653.42285,-128.03127,398.55496,708.4097,227.67928,220.95995,822.65533,31.331818,396.20145,854.80707,512.4796,213.85944,958.1378,341.01053,373.90707,884.1576,535.4668,197.91267,983.386,365.20215,464.34592,882.90704,471.31494,270.2567,997.655,226.8901
escalon_left
IMG_20241112_110505 - copia.jpg,escalon_left,318.444,247.25584,-190.42633,326.91388,229.44519,-198.43277,332.18582,228.32596,-198.41362,338.58798,227.14339,-198.40727,317.5853,231.4505,-168.15144,315.71204,231.57286,-168.14113,313.8258,231.71313,-168.30038,364.4834,231.28217,-174.86595,328.74564,234.93645,-40.7798,332.06134,260.49704,-177.81357,321.26266,263.06274,-139.03096,432.55453,306.61685,-198.37592,317.16855,320.48315,85.05002,472.50067,410.64398,-233.6674,307.46048,427.9804,152.27844,488.84155,513.361,-299.47876,303.29755,526.7347,30.15286,498.35254,542.07874,-338.76364,299.45822,555.106,10.088943,482.40778,542.26917,-362.18173,303.3151,552.75726,-30.123547,475.26157,536.443,-306.98392,306.9246,543.4704,11.591018,408.94028,518.9959,-106.75277,365.67117,521.59796,106.9221,308.65897,639.6587,-182.75941,400.97397,666.3929,205.53372,324.8958,781.5,-103.87627,414.51022,790.9668,364.53427,349.20007,805.4074,-98.84256,421.44623,822.78143,373.6809,271.0396,826.542,-180.64189,354.14737,828.1112,300.08627
escalon_left
IMG_20241112_110506 - copia.jpg,escalon_left,291.25864,243.10701,-226.11737,297.635,225.27032,-237.51677,302.02313,223.57605,-237.44269,306.69727,221.72589,-237.43661,291.18018,227.52386,-204.43733,290.0779,227.7783,-204.43454,288.97482,227.94757,-204.60065,335.5561,222.50952,-225.4045,306.33197,230.50647,-78.412605,305.8521,255.67125,-217.87105,297.33673,258.49054,-175.38269,416.42258,299.3679,-249.4519,297.35852,320.07074,53.768433,462.57828,403.47473,-275.54337,290.19614,426.52704,126.456604,474.74713,509.14038,-332.83673,286.64716,523.7041,8.739806,484.9881,537.471,-374.24286,284.19626,553.95276,-10.238676,468.64908,538.0582,-396.31693,288.27112,551.7097,-50.130386,462.22775,532.1252,-339.59375,291.3716,542.2732,-9.557906,402.04712,511.26373,-111.27563,357.6141,516.88354,111.41468,306.89127,636.8121,-173.29333,397.05664,661.0416,228.39917,326.09406,776.5207,-61.8861,411.991,786.6156,413.8608,343.85904,786.2948,-53.55807,420.80954,816.4137,424.86462,270.65424,827.53406,-129.70587,353.0861,827.6922,352.7566
escalon_left
IMG_20241112_110507 - copia.jpg,escalon_left,295.89697,242.4169,-252.09413,303.6384,223.83755,-261.61414,308.04712,222.40448,-261.55972,313.2401,220.7893,-261.54443,294.7392,226.38155,-228.92445,293.02542,226.73491,-228.95207,291.49216,227.08504,-229.08725,341.9698,222.6364,-238.89682,307.13995,229.74994,-93.07205,310.70062,254.14473,-239.47371,299.85126,257.22394,-197.36961,421.2813,298.72705,-246.94836,300.06998,314.78497,36.31899,467.05112,405.8092,-266.4925,293.97372,423.2324,108.22513,477.43332,505.83154,-315.43796,290.72928,522.8795,-15.390759,486.77725,536.0518,-354.061,288.57645,553.8837,-38.2705,469.80368,535.5888,-378.85147,293.2234,551.59174,-77.63667,463.27826,528.4811,-323.13455,296.61847,542.0399,-33.92451,408.6316,509.81018,-107.196014,358.64902,514.77594,107.305534,311.71442,636.328,-173.69612,397.78152,660.0349,191.6285,326.8573,772.8611,-54.910313,408.8725,785.292,350.8126,346.46677,796.07916,-46.424816,419.00406,813.26544,359.62402,268.8269,824.7654,-132.26105,351.97037,824.9772,279.71075
escalon_left
IMG_20241112_110507~2 - copia.jpg,escalon_left,293.585,245.85626,-252.74783,300.69946,228.48967,-261.86572,305.95367,226.90483,-261.82974,311.36142,225.27144,-261.8359,293.06735,230.41806,-229.07756,291.45566,230.53229,-229.08267,290.01733,230.6526,-229.23396,339.79263,226.43259,-236.4956,306.5543,234.45619,-89.74674,309.42447,258.57367,-239.1816,299.27567,261.77466,-196.77876,421.63123,303.49554,-250.47116,296.45752,321.10114,52.300907,465.21207,408.16504,-276.84515,290.997,423.20197,127.03015,472.641,508.12717,-344.59613,288.12857,524.618,-5.578292,483.19727,536.5195,-390.0689,285.22015,554.338,-28.907705,467.35745,536.66675,-414.58047,289.4012,551.98566,-70.56921,460.77325,529.9073,-352.84137,292.85138,542.1018,-25.176464,404.39944,513.0488,-114.57101,357.90024,518.64734,114.749084,307.7267,636.2611,-162.00864,394.9067,661.22925,232.44652,324.9557,776.03894,-38.89343,408.26703,787.5017,422.7969,344.51746,798.76495,-30.249235,419.35107,816.16797,434.4518,267.21704,825.1886,-118.97045,356.29337,825.2432,352.2871
escalon_left
IMG_20241112_110508 - copia.jpg,escalon_left,299.12848,235.95383,-251.22594,307.61548,217.81354,-261.8662,311.90878,216.2286,-261.79333,316.35376,214.656,-261.75916,300.20267,220.29631,-230.1667,299.17014,220.54385,-230.21143,298.29562,220.67801,-230.32481,344.08734,215.94984,-246.45366,315.92847,222.72414,-104.06379,313.21832,247.0877,-241.14595,304.30383,249.63028,-199.97948,429.40604,292.6823,-249.98773,303.56818,310.5946,9.4484625,468.60294,400.30627,-269.29315,296.15256,420.32916,76.9324,480.07135,502.41766,-322.08786,290.3269,517.4063,-32.077785,489.87772,534.62,-358.24194,288.0662,547.8691,-54.464066,472.451,534.32166,-382.2263,293.03635,545.14545,-90.19385,465.73282,526.8798,-329.77658,296.6675,535.2665,-48.789402,416.17892,502.50165,-102.78503,361.07706,506.2799,102.844154,314.51663,628.43726,-193.08107,394.39987,652.7916,202.66835,323.68408,769.3639,-110.23348,413.40567,780.1952,357.13736,342.90906,791.9681,-104.98382,422.82373,808.3628,365.6225,268.15643,822.9715,-192.42924,347.5655,820.9966,293.85144
escalon_left
IMG_20241112_111426 - copia.jpg,escalon_left,296.08862,270.5893,-249.46588,302.8859,250.15826,-277.05673,309.0404,247.5888,-277.13904,315.33582,244.95517,-277.29547,292.22964,253.21454,-230.76541,290.10995,253.25279,-230.70836,288.22635,253.15819,-230.79495,345.53964,241.75964,-308.6239,311.83984,247.50618,-98.496544,317.60074,285.23654,-252.78069,304.3381,288.0255,-191.8756,439.92044,328.21558,-369.7923,325.51138,335.18866,76.202255,460.03098,492.89966,-376.91574,339.28894,457.54913,191.68442,447.97617,624.47943,-327.1594,318.60205,567.4774,127.72632,452.98785,671.0476,-358.21655,309.5929,603.894,119.95699,429.60434,668.61584,-370.75723,308.05963,603.75116,79.06692,423.6498,658.2282,-325.42026,317.73843,591.58374,105.24136,432.8366,614.8032,-120.07369,357.27997,605.3175,119.98287,419.1635,813.08405,-140.16678,286.45792,753.3384,104.8073,427.01822,966.47864,114.79834,392.29132,841.8485,430.8708,439.95,982.1373,133.35748,416.84546,854.2169,462.2024,369.20547,1044.9395,14.506587,343.7066,909.4978,443.29434
escalon_left
IMG_20241112_111428 - copia.jpg,escalon_left,297.06177,258.7939,-233.6409,306.53036,239.79767,-253.97961,312.85733,238.11856,-253.81726,319.56238,236.29738,-253.76364,296.66104,241.97586,-214.169,295.3598,241.89774,-214.16336,293.99908,241.69342,-214.44595,346.10965,240.0191,-260.14487,314.93405,243.8575,-88.3902,315.79507,276.9904,-230.73941,302.12256,279.09637,-181.12851,418.51105,333.0921,-348.3092,322.3351,347.95792,98.64801,426.78888,488.1394,-361.70718,322.6333,489.75793,197.3376,419.58765,622.7135,-359.72095,301.31494,593.16266,110.45802,423.61646,664.40985,-400.5437,290.10452,627.48334,102.97821,402.17505,662.4983,-420.85962,291.06976,628.91626,61.21791,395.29556,652.87054,-363.4854,297.52737,618.37085,90.943695,392.77643,613.02966,-145.71133,365.17657,611.97375,145.8566,283.7984,776.28564,-143.43279,387.53336,794.13074,288.6804,301.28864,950.7654,-49.836727,435.71173,935.97955,497.26773,320.4194,971.17303,-43.94901,460.38852,963.7019,509.65848,233.79968,1014.1151,-127.42213,366.19397,976.223,451.16068
escalon_left
IMG_20241112_111429 - copia.jpg,escalon_left,342.53113,278.68073,-248.1227,331.801,256.9218,-233.04912,329.85297,256.15436,-233.13437,327.4565,255.49747,-233.21577,329.5688,258.2166,-287.12857,326.4352,258.277,-287.21048,322.9308,258.3456,-287.3286,302.9888,262.19427,-136.89232,298.5717,265.05444,-380.92508,334.09064,297.3914,-204.56844,330.298,298.43265,-275.49713,279.25613,357.70508,15.648123,248.93019,373.08792,-453.53125,297.2422,499.0907,119.66922,254.91515,536.44574,-480.05795,322.56396,612.2883,117.19901,291.219,653.0002,-424.48618,334.9367,643.5222,117.25709,294.50977,690.9673,-463.62534,335.72192,644.2945,81.08443,314.52164,687.8346,-465.75693,331.58273,628.4391,98.764984,317.39795,676.6476,-423.00583,324.08627,611.8754,122.46647,277.75018,628.22327,-122.2007,443.89255,703.1627,94.406654,288.39706,785.0171,2.8637154,422.22433,858.04065,218.78375,269.07358,940.0354,217.99442,400.49454,894.0661,224.5841,246.72035,970.334,231.08067,504.58063,874.59644,147.70744,340.50885,973.4809,108.21866
escalon_left
IMG_20241112_111429_1 - copia.jpg,escalon_left,325.0701,286.74924,-271.18332,314.94098,266.34314,-256.44507,312.9667,265.62164,-256.5156,310.73123,264.93622,-256.57358,312.3399,267.51727,-311.51562,308.825,267.52527,-311.61093,304.78903,267.56433,-311.7709,285.8956,270.2636,-155.5928,278.78983,273.16882,-405.1704,316.2212,303.8654,-225.53755,311.99084,305.21472,-298.18872,272.22293,360.60724,5.5107737,230.93958,372.44116,-476.23148,291.2846,498.13052,120.25426,237.50542,531.2123,-513.77924,322.0479,608.5713,105.22584,279.135,652.6307,-475.32,335.15475,640.8696,103.01888,283.43088,691.2464,-519.0108,335.67096,631.02106,62.86559,301.263,689.7125,-525.2486,330.94125,627.1587,84.985825,304.2027,676.6813,-475.3626,317.6594,611.04333,126.503845,261.6353,629.466,-126.27831,434.4784,700.7379,96.5568,275.95044,784.5697,-20.049438,414.51852,859.44934,258.65628,253.93451,940.67175,210.35506,394.68893,895.9935,267.40503,233.33473,971.6733,223.88257,499.7564,874.87366,176.74072,329.89484,973.30804,82.50869
escalon_left
IMG_20241112_111430 - copia.jpg,escalon_left,310.59656,269.87732,-189.35365,320.58102,251.75308,-213.01607,326.35382,250.77542,-212.85815,332.4646,249.7385,-212.7917,312.30853,253.52303,-170.78488,311.60382,253.53317,-170.77815,310.89273,253.60242,-171.00735,359.97906,254.9723,-233.53522,334.84027,258.046,-49.714825,326.34183,288.76794,-190.99228,315.37323,290.01114,-137.80797,429.39545,347.2113,-319.89365,336.6752,364.2908,123.928085,442.2111,501.836,-342.13608,332.04654,504.26895,216.48424,422.96664,633.82715,-336.27325,305.39966,608.3738,125.29742,427.9071,675.7106,-375.25635,295.37708,639.6609,115.903046,403.7953,672.9438,-391.54272,295.21765,640.08887,73.558174,398.3088,663.16223,-338.05017,300.438,631.96045,105.06998,390.68848,628.0863,-144.07088,362.77487,625.2279,144.14838,286.06668,782.261,-125.221146,390.1966,802.44946,267.66486,303.56216,959.64386,-19.890171,440.38422,953.92145,456.90692,323.8623,979.8644,-12.624023,464.95914,981.1273,468.2711,236.09982,1023.8996,-94.3771,374.8682,985.10925,409.58286
escalon_left
IMG_20241112_111431 - copia.jpg,escalon_left,311.2913,281.7475,-260.5851,300.8423,261.51202,-244.03983,298.9134,260.89154,-244.12207,296.7039,260.38367,-244.15862,298.91928,262.39313,-301.21405,295.99066,262.1866,-301.2895,292.65594,262.04788,-301.43533,272.35507,266.48773,-140.68196,268.55585,268.07095,-399.24588,303.0396,299.15195,-214.31612,300.06378,300.36908,-289.45123,249.72424,361.95908,26.436876,224.24448,374.94553,-477.4788,274.30127,504.0371,135.19798,237.07329,535.5819,-513.55634,304.64386,613.6188,117.20305,276.3106,652.5792,-466.65137,317.96875,644.3698,115.89066,280.37534,691.16943,-512.4263,319.1779,644.313,77.28639,299.46182,688.19025,-514.6631,311.5503,634.52856,96.96496,302.17038,676.2467,-465.55865,309.366,613.56757,131.80872,262.51642,630.50793,-131.6331,429.3158,702.425,122.83211,276.2045,783.2193,18.53532,415.9224,860.0646,275.81897,257.55685,940.46515,267.3502,396.58267,895.6711,284.15015,235.50764,975.0305,282.7384,498.4194,873.3569,191.04367,330.29202,971.07837,144.78343
escalon_left
IMG_20241115_102858 (1).jpg,escalon_left,377.72653,702.9224,-312.14163,382.2191,695.40967,-294.05798,385.2072,695.666,-294.12878,388.35468,695.96387,-294.18335,374.34583,695.2948,-294.4428,372.029,695.3778,-294.478,369.95416,695.36633,-294.51736,392.1479,701.4108,-168.39632,366.74744,701.51587,-172.11772,383.1928,713.2866,-263.34674,372.82333,712.57764,-264.2977,437.2387,773.76404,-83.36506,326.3037,769.01746,-87.32419,454.1725,859.69916,-38.273193,301.44522,857.42676,-48.36757,458.38232,947.70233,-150.22331,284.58215,936.23816,-162.87631,461.09723,974.83954,-181.5346,277.414,957.9166,-198.33936,450.23517,971.89465,-216.45929,285.523,957.5719,-235.44563,445.67963,962.76135,-166.26756,290.73288,950.78906,-180.88301,400.3388,940.7382,0.7130484,339.97675,931.12756,-0.53218585,390.13266,1091.2251,-70.2561,326.56653,1002.48175,-298.8288,368.18872,1232.3652,45.266117,320.87543,1137.6053,-139.76668,365.143,1241.8407,46.60268,320.64368,1147.1143,-129.54982,389.06,1271.2416,-119.11113,306.09866,1186.018,-286.20282
escalon_left
IMG_20241115_102904.jpg,escalon_left,331.8302,712.2107,-313.94382,336.0998,702.65466,-299.0976,339.56006,702.7923,-299.09552,343.10223,702.91394,-299.1407,326.07513,702.4029,-298.67355,322.49216,702.3441,-298.69446,319.30307,702.3302,-298.6753,347.79483,708.10046,-184.33533,313.50385,709.1869,-181.68646,338.5089,723.04266,-267.5282,325.6235,721.82947,-266.7663,393.2176,773.5772,-100.78589,275.4451,784.5619,-95.19905,427.34378,854.2325,-34.985977,254.54442,881.34753,-38.70375,432.25958,940.13367,-123.45078,247.04831,970.43933,-117.07174,432.94794,963.70483,-156.88222,244.69164,998.8172,-149.91069,422.52527,960.57654,-192.9542,251.29578,997.4081,-187.05563,418.89154,952.4929,-139.46405,254.21823,988.68195,-133.88287,376.03403,945.3522,-8.538856,305.61633,955.45825,8.729154,392.1378,1072.1223,-126.80637,302.8145,1100.6102,-42.45634,404.38678,1207.2618,-12.10659,329.84088,1230.1211,52.016262,401.91418,1234.5564,-9.071228,339.05905,1237.0193,52.97889,399.6246,1259.2239,-152.23717,323.38187,1265.9137,-89.29214
escalon_left
IMG_20241115_102905 (1).jpg,escalon_left,311.1655,741.5985,-361.70468,315.13,730.80414,-354.42953,318.67584,730.3009,-354.44543,322.12216,729.8738,-354.51727,306.23654,731.4042,-352.32877,303.5855,731.38885,-352.35117,300.87164,731.4743,-352.4035,327.54556,731.6758,-239.98512,296.29532,735.04156,-227.18098,319.11926,750.03296,-312.08514,306.71732,749.7975,-308.50034,380.26437,788.2989,-119.56156,263.2872,804.7907,-129.32764,414.27744,870.3272,-36.64032,251.24556,899.72485,-68.0405,419.22574,944.9429,-154.90962,242.40157,993.45087,-148.53084,423.12726,968.9558,-188.80043,238.59123,1021.19324,-176.71059,412.62653,965.4272,-229.42303,245.37698,1021.2926,-218.79205,407.99326,957.8366,-171.96225,248.48376,1013.45886,-165.96329,366.28098,953.10986,8.938669,298.23672,966.4023,-8.7439375,385.07364,1051.4512,-329.0199,299.9613,1124.3457,-58.92978,392.76416,1221.4539,-271.23605,318.00015,1253.2246,27.126677,390.52664,1246.1832,-271.27664,330.04755,1265.0826,28.13009,389.15573,1269.5623,-446.0047,332.65128,1299.8358,-131.63672
escalon_left
IMG_20241115_102905.jpg,escalon_left,321.20303,723.76416,-350.04407,326.7161,714.4562,-338.21576,330.41867,714.6267,-338.26483,334.13287,714.8175,-338.33658,316.87106,714.22845,-335.8272,313.96942,714.2855,-335.87418,311.26813,714.3866,-335.92474,339.6413,718.3168,-219.48582,307.22684,719.1145,-207.59471,328.53433,734.00146,-300.94733,315.52438,733.07526,-297.63123,389.18884,780.66864,-118.76945,271.575,793.1942,-106.86497,423.79483,861.0163,-52.844955,255.3069,888.70935,-37.351902,419.4708,934.4822,-164.6093,239.42134,984.5759,-127.077255,419.0195,959.73254,-199.78859,230.72366,1014.02686,-158.40508,407.5038,955.81323,-236.44658,237.08908,1014.887,-200.367,405.08365,947.5195,-180.17938,242.5132,1006.3827,-145.4329,369.40027,951.06665,-2.1678774,304.6087,961.3445,2.3194768,397.0648,1065.5931,-140.68199,302.54996,1109.1948,-72.94318,395.88275,1221.9639,-26.577656,321.1648,1247.0774,20.577143,394.09183,1250.0758,-22.434364,330.224,1259.9893,22.229937,396.67322,1265.2534,-173.40634,321.78976,1271.6604,-132.75842
escalon_left
IMG_20241115_102908.jpg,escalon_left,324.2776,742.9196,-403.52216,328.63458,732.59644,-391.8913,331.81268,732.56604,-391.9207,334.97983,732.55786,-391.9993,319.7664,732.30164,-392.26324,316.716,732.2418,-392.3054,313.7483,732.3009,-392.38245,337.86868,735.1138,-259.1827,309.95123,736.05664,-260.342,329.84396,751.933,-348.18997,318.5208,750.8976,-348.53134,384.5231,798.58307,-123.896645,270.7806,805.55286,-161.14275,401.90164,887.0208,-37.89873,254.83473,898.06085,-111.39558,419.71735,967.9286,-175.3781,248.64955,985.4103,-208.5315,424.22272,989.12726,-209.36491,245.06503,1013.61816,-238.46416,418.54227,988.05695,-252.70995,253.00952,1012.3496,-280.93695,413.51514,981.45355,-194.58054,256.54837,1004.21387,-225.97534,362.46872,961.3807,14.289393,298.74472,971.71985,-14.236544,388.10126,1049.9478,-335.50906,301.57004,1122.8944,-70.88436,396.83344,1224.7926,-256.2502,321.87955,1254.3805,47.83039,387.10413,1246.9811,-254.52603,327.80945,1267.5256,51.199474,402.0375,1280.0793,-430.85367,325.8102,1295.0146,-118.84588
escalon_left
IMG_20241115_102909 (1).jpg,escalon_left,317.29758,741.04004,-13.237727,316.13544,732.5439,-25.766201,315.44327,732.7357,-25.840034,314.68152,732.9695,-25.980156,317.87946,731.8956,-19.517881,318.37805,731.8039,-19.520266,318.97806,731.85364,-19.594435,314.16617,736.4118,-42.910164,321.37683,736.9916,-16.369812,317.40918,749.79224,-10.746775,318.55017,749.309,-3.3042042,266.18857,806.6009,-76.85384,372.79388,800.2366,20.988642,255.22339,899.4803,-83.01225,399.9767,894.7028,19.177208,249.31238,989.39185,-44.5731,409.52133,977.19714,10.360376,250.07472,1014.9676,-48.133247,414.11472,1000.42426,9.39283,257.35583,1010.9298,-49.03008,408.94592,994.64404,-0.6230322,261.32422,1002.56384,-43.969196,401.69525,987.8209,5.8564706,313.26468,974.6851,-57.723846,341.98758,978.94055,57.794544,302.47226,1123.2761,-116.98224,355.47546,1109.0422,-23.861446,324.94974,1251.7146,-109.410934,382.28003,1232.1166,-25.982098,342.78763,1279.7401,-114.245804,391.83978,1266.4124,-29.375902,317.8472,1280.4548,-201.92648,361.356,1266.4031,-114.424324
escalon_left
IMG_20241115_102909 (2).jpg,escalon_left,315.22583,737.8403,-379.06357,320.0617,728.96313,-365.71365,323.27512,729.0057,-365.75037,326.50504,729.07684,-365.82965,311.4294,728.8656,-364.17374,308.795,728.9741,-364.2198,306.30692,729.11536,-364.28793,331.2264,732.5402,-238.41463,303.55502,734.1217,-230.05243,321.982,746.8113,-327.13416,310.5562,746.0162,-324.85165,380.90952,799.30994,-122.11664,266.10312,807.0837,-133.51146,402.639,887.2844,-42.734005,248.85988,901.5077,-74.8275,417.18054,971.1236,-167.2429,242.39943,986.03845,-159.71301,419.77954,993.08844,-199.48286,238.79802,1015.4359,-185.92294,414.1031,991.49756,-240.68658,247.73593,1013.3249,-226.89545,409.8722,984.3247,-185.09122,251.24968,1004.8066,-176.62526,359.9454,964.26587,5.09655,298.89832,975.0615,-5.0056357,392.0437,1072.1638,-368.77075,296.0957,1129.4133,-54.30908,390.96393,1226.8822,-291.6298,320.0129,1251.5695,76.6739,393.1357,1249.765,-290.29544,325.36267,1262.8085,82.0313,397.2536,1282.8168,-470.35663,323.32214,1293.7034,-79.70159
escalon_left
IMG_20241115_102909.jpg,escalon_left,321.6978,744.4556,-335.84033,323.42944,734.77136,-324.29388,324.84943,734.7335,-324.4054,326.4797,734.75574,-324.43927,319.42224,734.6475,-322.84207,317.91205,734.7096,-322.8783,316.3455,734.96265,-322.9754,327.39954,737.5668,-202.34892,314.70724,739.67725,-195.26186,324.98944,753.2116,-284.44235,319.01932,752.88336,-282.71188,380.28622,800.3616,-109.21472,270.9883,807.62463,-76.11238,399.94702,887.4169,-46.85944,253.68298,898.96497,-17.763783,416.89896,969.6948,-156.10847,246.65237,986.92377,-121.1207,421.1287,990.1666,-186.98245,242.11845,1017.4427,-144.71935,414.1603,989.7631,-221.21173,253.05846,1014.74365,-188.76894,406.10184,983.34265,-170.97493,258.63855,1004.9924,-139.68681,340.49115,967.67975,-28.285484,301.62137,976.2369,28.479843,366.4271,1103.4874,-165.44814,304.85257,1121.596,-36.890694,369.82706,1238.6201,-106.824036,338.80365,1248.8004,-4.560106,368.46674,1265.4866,-109.37064,347.75488,1269.329,-7.9144063,365.65027,1283.8467,-255.2771,323.69418,1285.7006,-145.03992
escalon_left
IMG_20241115_102910 (1).jpg,escalon_left,313.9769,737.305,-325.91293,317.82663,728.9782,-311.22742,320.5713,729.02167,-311.2893,323.33585,729.1082,-311.33694,310.57114,729.1007,-310.1567,308.4537,729.26953,-310.19302,306.51804,729.54584,-310.287,327.15204,733.14935,-186.85435,305.24695,735.19446,-181.7854,320.37012,746.17786,-275.71973,310.5502,745.72235,-274.34842,379.43015,799.5,-81.20647,268.76556,807.14056,-102.411674,401.14355,887.8899,-13.013978,250.99892,899.38104,-61.07192,414.13834,968.5149,-125.6539,242.06725,986.94336,-141.93803,418.10858,990.52124,-153.91385,240.03058,1015.5535,-166.8495,412.3937,989.70483,-192.59338,249.28793,1013.2908,-202.7163,407.4914,982.51105,-142.61815,252.28775,1004.1204,-157.03375,352.65256,964.7588,5.984855,304.3639,973.1416,-5.768933,379.8296,1072.1207,-312.53635,298.51135,1128.4587,-69.45033,380.1784,1210.6454,-220.58397,324.34442,1246.0256,37.349422,376.10065,1228.5345,-216.96906,325.80255,1267.91,40.529816,386.56998,1255.6799,-369.29672,317.82123,1295.6748,-114.69251
escalon_left
IMG_20241115_102910.jpg,escalon_left,313.091,736.2232,-325.80585,318.0058,727.9857,-311.1896,321.31595,728.011,-311.22943,324.63266,728.0741,-311.31708,309.27808,728.1231,-309.04025,306.7779,728.2702,-309.071,304.43997,728.4299,-309.15234,329.14105,732.232,-187.66551,302.33252,733.76697,-176.26218,320.06293,745.06946,-275.91428,308.66577,744.3717,-272.7753,380.5343,799.41296,-85.20681,266.90927,807.43225,-94.66036,400.5437,889.4529,-20.490057,249.26094,900.40497,-46.37773,415.53375,971.20776,-138.73714,240.40654,988.3521,-123.36943,418.3456,993.15173,-169.47826,237.67638,1016.92816,-149.01685,411.64136,990.90826,-209.24977,246.4572,1014.928,-186.40508,407.4242,983.70435,-156.03711,249.75505,1006.5946,-139.00812,360.51593,965.3899,3.465809,298.9734,976.30194,-3.3478026,381.82056,1043.81,-391.66376,297.48846,1130.5284,-52.64078,394.72028,1217.1273,-329.52768,322.46136,1257.0457,67.0965,395.6144,1234.4419,-328.83295,329.85226,1272.5148,71.31703,395.16382,1267.7,-505.11905,323.64148,1300.8318,-89.63098
escalon_left
IMG_20241115_102911 (1).jpg,escalon_left,315.03027,737.23334,-322.06973,320.32565,729.48584,-307.59558,323.75735,729.5786,-307.63342,327.15433,729.7261,-307.71732,311.1342,729.60315,-306.4975,308.3767,729.8284,-306.53696,305.67944,730.0652,-306.60907,331.72815,734.3182,-185.03099,302.23727,735.56555,-178.68483,322.23083,746.2788,-272.49472,309.72333,745.63654,-270.8185,380.96802,801.19275,-81.26748,266.05716,807.88354,-98.25309,402.91602,891.185,-9.473706,246.39339,899.5371,-49.124577,414.34305,970.17694,-118.28015,237.51312,987.1671,-124.24877,415.7957,993.3951,-146.58942,234.74307,1015.71375,-149.78712,409.84232,990.86694,-185.56445,242.65425,1014.47235,-186.99841,405.7518,983.8176,-135.22931,245.84007,1006.0485,-139.98271,362.3497,965.8323,4.681219,298.13257,976.61194,-4.5618277,381.147,1045.852,-351.06635,297.10715,1130.4185,-56.74121,394.49304,1221.39,-292.1054,323.1379,1256.1672,46.835415,391.6551,1245.5676,-291.8774,331.56195,1270.9188,49.598534,395.47653,1279.543,-463.1187,326.47775,1300.0197,-107.033775
escalon_left
IMG_20241115_102911.jpg,escalon_left,311.51047,740.08124,-319.12317,316.76978,731.44226,-306.55008,320.31958,731.4328,-306.59308,323.82065,731.49896,-306.70065,307.90936,731.5081,-304.4641,305.41266,731.5509,-304.50702,303.04205,731.7341,-304.58557,329.27127,735.3765,-188.05402,301.45837,737.3535,-177.19073,319.59015,748.9374,-270.44836,307.31723,748.49365,-267.46045,379.81488,800.08545,-83.198746,265.39468,807.54395,-96.92876,401.108,889.1217,-10.408571,246.92986,900.7893,-51.078953,414.27127,968.244,-119.00452,239.20856,987.2828,-127.11497,417.5241,990.74194,-148.83087,236.76598,1016.61,-153.68527,410.9283,988.9133,-187.92691,245.37912,1014.4223,-191.3872,406.3066,981.90515,-136.23425,248.11678,1005.8801,-143.1861,361.9624,965.4945,5.0765347,297.74164,976.07214,-4.9474726,392.04187,1077.0828,-337.86664,296.66058,1128.5251,-54.90371,394.89636,1222.1299,-273.46603,319.64838,1252.2484,58.248623,392.4097,1252.3704,-272.88092,325.0477,1265.8257,62.276493,398.6818,1283.9954,-443.0705,319.9418,1294.7405,-92.72244
escalon_left
IMG_20241115_103152 (1).jpg,escalon_left,275.8391,495.6756,-76.430756,280.43567,486.88263,-59.39312,284.71417,486.65466,-59.42568,288.44617,486.65512,-59.481247,267.4917,489.09058,-59.330452,263.00412,490.13763,-59.343784,258.8406,491.2711,-59.34815,293.02277,493.26416,29.36102,255.07036,499.76288,27.285324,286.45306,508.42352,-43.25812,269.45862,510.31967,-43.820984,342.87473,563.1095,65.354034,227.46606,573.85266,47.946167,367.26395,626.84546,106.66394,189.03604,648.93115,74.054184,362.44153,692.35645,45.563564,198.95854,724.98846,43.45396,365.45764,716.99884,21.018158,197.57611,751.3012,28.680384,356.59564,711.9461,3.2093275,207.15012,748.1815,11.0460825,353.40845,705.5199,37.77381,210.84956,738.1573,36.647972,337.6514,726.7831,9.304954,266.8292,739.87585,-9.252493,358.6358,821.8418,-206.18181,264.94135,876.1126,-78.59904,347.1057,978.71704,-158.51877,259.00427,1010.0676,-33.346733,333.58875,996.0913,-157.34172,257.89685,1029.3988,-33.698,363.67996,1022.89606,-272.94293,261.85,1046.0764,-155.96605
escalon_left
IMG_20241115_103152.jpg,escalon_left,284.43356,501.8436,-92.44712,289.1492,492.3899,-75.796974,292.22916,492.53433,-75.81688,295.73798,492.73166,-75.869194,276.02893,493.0969,-77.478004,271.01324,493.7947,-77.49757,266.50043,494.5459,-77.5203,300.63797,499.51337,15.788687,260.0003,502.7282,4.7333436,292.9416,515.0104,-57.630833,275.90652,515.86646,-60.77928,344.17358,569.74457,57.820545,226.59451,572.78735,29.301195,370.19882,632.6568,99.842896,182.54025,650.7766,46.505474,367.30548,692.0217,25.916737,202.85548,723.48474,-1.1528175,367.51074,715.5683,-1.5053049,203.09938,747.05676,-19.279266,358.8714,710.2697,-20.038286,212.6763,742.8507,-34.48065,356.89474,704.1404,17.786373,215.32993,734.1379,-6.39747,339.807,730.3179,11.616814,267.77145,744.531,-11.610595,360.52768,830.52765,-191.89006,265.49622,883.0207,-78.2044,345.2362,974.9341,-140.2522,257.4321,1019.03015,-47.828426,332.32272,990.726,-138.12648,258.5014,1027.8362,-49.163445,361.49243,1016.6079,-243.4908,253.821,1055.6833,-166.46843
escalon_left
IMG_20241115_103153 (1).jpg,escalon_left,292.80035,498.08386,-82.27252,296.9386,489.933,-61.67763,300.43555,490.5005,-61.71827,303.95618,491.2069,-61.762566,285.76996,489.05338,-63.27054,280.80524,489.14606,-63.275837,275.84564,489.27997,-63.292664,307.13315,499.2564,41.292908,267.27167,497.56653,29.843388,299.24387,512.65186,-44.670353,283.4032,511.63177,-47.949062,346.53696,569.32733,81.91572,228.72525,572.36,60.26756,371.4203,634.97546,115.84348,203.39465,652.74713,92.846275,361.68588,690.9919,10.919857,194.99213,735.1049,36.542763,359.9565,717.31555,-24.032051,190.80214,761.7834,14.712852,348.7712,713.2152,-48.058292,197.35622,760.94794,-14.72196,346.56085,706.6001,-0.24984731,201.82819,752.39386,24.249128,335.31458,726.9294,12.984589,263.81592,740.9156,-12.865763,355.71768,812.2308,-299.10925,262.45844,881.40314,-96.11932,347.1306,980.3003,-269.91287,260.11096,1017.4877,-53.109203,335.22003,999.81134,-270.39737,257.96414,1032.3484,-55.17208,363.86115,1027.5215,-400.68344,251.95004,1057.9525,-189.36937
escalon_left
IMG_20241115_103153.jpg,escalon_left,288.54272,502.25708,-79.43801,292.87244,494.6692,-56.107697,296.31567,495.41205,-56.126076,299.54745,496.1292,-56.183697,281.20154,493.08167,-60.168655,276.19473,493.01303,-60.196228,271.16412,493.2934,-60.216103,301.13348,503.38275,58.07088,260.70645,502.21158,34.744537,295.1568,514.9756,-37.37649,281.12753,514.13525,-44.21016,340.4476,571.3044,111.33175,225.81522,575.4142,73.537384,367.71194,634.5021,161.57758,206.76366,655.81,105.94853,357.8373,689.9005,59.82767,204.06308,740.7322,42.259373,357.3897,715.39307,27.259567,202.095,767.30786,18.945406,345.62552,711.28894,0.8641924,211.17863,766.0806,-12.623016,343.10965,705.0701,47.403732,214.92245,757.9095,29.17925,332.45157,720.8444,15.164965,261.3135,734.6355,-15.030869,358.2278,812.2538,-305.58487,262.9615,874.24493,-123.62842,348.71597,974.99915,-275.38303,256.62027,1018.83167,-93.89288,336.43613,994.194,-276.27194,255.0389,1034.0171,-97.68198,371.0202,1016.4145,-414.90247,248.21033,1057.499,-242.76395
escalon_left
IMG_20241115_103154 (1).jpg,escalon_left,297.8297,500.54132,-133.4763,301.41095,490.62213,-112.650055,304.86826,491.10522,-112.68565,308.26602,491.7719,-112.736015,290.08658,490.0337,-114.87315,284.99164,490.2771,-114.902725,279.92236,490.62097,-114.91197,310.75824,498.74176,-2.9520779,270.95663,498.0217,-16.890408,304.13623,514.2367,-92.84775,288.54025,513.751,-96.8589,351.76678,572.8467,44.575737,230.98946,571.43604,22.596188,374.78223,644.05176,80.56218,206.23372,655.8137,60.818203,362.5015,702.4787,-22.273945,199.24547,739.4823,2.4626825,360.7422,728.7906,-56.564327,195.90735,765.5021,-20.570917,350.3115,722.4655,-80.503685,203.70241,764.13324,-49.194324,348.04456,715.509,-33.13426,208.03282,756.3673,-9.493514,335.93854,734.31696,13.249396,263.99408,745.632,-13.190427,356.90305,829.7844,-253.57188,264.15594,888.0712,-93.66693,350.6923,982.8612,-206.14948,261.29068,1022.3384,-30.004997,338.26996,1005.98,-205.5146,260.68695,1037.6901,-30.840153,367.60098,1028.9121,-339.221,257.22095,1059.5466,-171.93753
escalon_left
IMG_20241115_103154.jpg,escalon_left,298.59622,496.95187,-176.8691,302.98477,488.88586,-154.52179,306.50348,489.47046,-154.55519,309.73828,490.1688,-154.60484,291.70743,488.2208,-157.66376,287.17984,488.40927,-157.7098,282.14716,488.5936,-157.7354,312.3227,498.13663,-35.996773,273.73883,496.19083,-54.31304,304.9552,511.2008,-132.83383,289.5984,510.20523,-138.17339,352.586,571.0507,26.366764,232.71536,571.89606,-8.825892,376.5645,643.56494,72.89311,213.41002,655.0244,34.881966,364.86914,701.5024,-32.76222,205.93893,741.8733,-18.373379,364.4526,727.9107,-65.820724,202.80229,768.3066,-40.779606,354.1076,721.8115,-93.55648,210.96712,766.58655,-71.23133,351.5591,714.937,-45.316017,214.7897,758.0493,-30.804832,340.4665,732.8165,17.789667,267.12827,745.2999,-17.642054,358.12964,824.46704,-328.5921,266.4763,885.3877,-107.461044,348.7636,976.77423,-263.33234,260.87128,1021.6841,-27.633888,336.16162,998.156,-261.27127,262.0888,1040.3246,-28.34106,373.1076,1019.8144,-405.16248,254.31277,1058.3599,-180.54936
escalon_left
IMG_20241115_103155 (1).jpg,escalon_left,286.14807,499.60046,-141.63544,289.6659,489.5314,-120.67079,293.4132,489.56293,-120.71756,296.5376,489.76077,-120.776566,277.38776,489.7197,-123.918564,272.0083,490.02112,-123.954575,266.6519,490.57022,-123.9761,298.81952,496.38483,-7.0095525,256.79553,498.73743,-25.224524,292.93805,513.6246,-98.97066,278.2163,514.22754,-104.25012,339.4392,568.1024,49.586765,221.35893,573.9983,21.099941,365.70282,636.12305,92.99514,200.5773,660.75757,63.979435,358.096,695.6104,-17.31326,194.25746,742.98865,-0.9238421,357.97195,722.4012,-52.304592,190.84937,769.6387,-25.35364,346.65955,718.07465,-79.32447,198.50209,768.1192,-57.79878,343.88403,711.3868,-29.639496,202.52399,760.1889,-14.441786,331.4559,731.748,13.272057,260.13013,744.64185,-13.177883,361.43964,835.03625,-268.42117,261.099,887.22076,-97.274796,350.72266,981.4336,-200.47998,258.14478,1021.05804,-24.004894,340.52448,1001.67993,-198.00351,257.98578,1037.0302,-23.909023,368.368,1024.8872,-333.4083,256.84433,1057.7263,-166.0356
escalon_left
IMG_20241115_103155 (2).jpg,escalon_left,283.67905,500.83917,-123.995895,288.14938,490.91263,-102.7762,291.71857,491.13074,-102.82051,295.5588,491.38242,-102.878494,275.2444,491.15323,-103.87452,269.86865,491.67453,-103.908005,265.2391,492.31104,-103.92773,299.24915,497.9394,10.649664,257.2493,500.88437,2.2061608,291.57776,514.91034,-81.779495,274.9087,515.60876,-84.205345,341.50134,569.72406,62.77832,223.5419,575.20374,46.777782,367.79404,638.74286,97.49035,203.23763,659.92615,88.434784,358.81937,698.4641,-17.949774,197.18495,745.22577,20.362503,358.02478,725.0568,-55.429985,193.42903,771.9072,-5.2538886,346.8861,720.80945,-81.84624,200.90591,770.2219,-37.80725,344.36658,714.01526,-30.136469,205.10487,762.0145,6.6201487,332.50107,734.3196,10.915283,260.62344,746.10364,-10.80794,360.9014,841.3415,-269.37598,260.59457,890.10876,-95.746,348.68158,989.7095,-207.6358,257.2343,1023.2303,-22.054312,338.11996,1009.7659,-205.93672,256.5759,1038.8809,-22.015139,365.40356,1033.0026,-346.7112,255.57986,1060.4467,-166.14731
escalon_left
IMG_20241115_103155.jpg,escalon_left,285.78998,499.81674,-142.53067,289.93942,489.6216,-121.993515,293.3848,489.69635,-122.0511,297.06796,489.88763,-122.115364,277.2054,489.8645,-124.00461,271.8563,490.28568,-124.03282,267.04407,490.77377,-124.06288,300.21582,496.7118,-9.8919,259.4671,498.7307,-22.23999,292.90417,513.7652,-100.492546,277.1375,514.3838,-104.076385,341.59415,568.5483,47.37633,223.93669,572.6537,20.300892,367.03876,635.89026,89.19575,202.16313,657.4842,61.188404,358.64282,694.55396,-21.793299,196.05441,740.91034,0.9214902,358.39575,721.8612,-56.01793,192.42104,767.2793,-22.379057,347.27243,718.38403,-82.62758,199.69037,765.321,-52.848976,344.59232,711.505,-33.94831,204.03238,756.39307,-11.76745,331.02777,732.1076,14.788826,259.98145,744.57715,-14.67498,353.468,824.8422,-288.6963,261.341,885.26276,-92.93456,346.6883,979.77124,-219.8837,260.01724,1014.6968,-9.036309,335.93326,999.0701,-217.04141,258.65314,1034.6283,-7.8315563,363.94998,1025.2999,-353.0605,256.98074,1054.8546,-149.89362
escalon_left
IMG_20241115_103156 (1).jpg,escalon_left,283.29138,501.65237,-181.53581,288.3935,491.82248,-161.22603,292.4432,491.7337,-161.2689,296.14655,491.5838,-161.33234,274.87448,492.2704,-164.1012,269.67004,492.6886,-164.13666,264.3565,493.11966,-164.16634,299.459,495.93594,-40.18032,256.73138,498.53326,-57.078983,290.38644,513.8221,-135.17657,276.10266,515.16675,-140.12381,338.9709,567.08875,31.314579,221.75703,571.56915,4.3308697,366.56168,634.1804,69.73914,200.29187,657.0177,55.29871,356.73798,693.36304,-53.71991,193.92395,739.4223,-13.551478,356.97867,719.78125,-89.62034,191.72388,766.63544,-37.61347,345.1393,716.172,-116.71817,198.49718,765.1201,-71.90374,342.3138,709.5563,-66.05271,201.75113,756.13885,-27.452127,331.84775,730.31244,13.197396,260.63925,743.81525,-13.079117,358.582,834.0077,-290.65292,260.06274,884.9376,-98.49035,345.01077,977.24677,-231.19113,256.61673,1019.8078,-34.76242,332.37253,997.865,-229.43457,256.6929,1040.8068,-35.94655,364.55826,1017.9807,-366.75278,247.1638,1058.2351,-178.8587
escalon_left
IMG_20241115_103156.jpg,escalon_left,279.81036,502.74072,-89.036255,285.34714,493.06805,-70.90494,288.81516,493.29492,-70.961044,291.90814,493.5408,-71.01932,271.92368,493.66745,-73.07202,267.2554,494.32858,-73.100784,262.84198,494.89044,-73.13667,297.04074,500.37128,23.798388,256.5132,502.73788,10.500474,288.7088,515.999,-53.549908,271.40762,516.5196,-57.362957,340.16833,570.3507,59.04632,221.01155,576.53345,36.997536,366.3562,639.73486,90.869606,199.32884,660.65015,75.3928,356.6453,696.24316,5.226466,192.66801,744.8756,33.527897,356.09888,722.37494,-26.007586,189.89769,770.82306,14.964677,344.97504,716.9919,-45.030567,198.03484,769.45953,-12.099551,342.2457,710.23535,-3.2182958,201.78323,762.3868,22.42095,331.6741,736.4315,15.496339,260.4444,748.6997,-15.444811,356.36276,851.25366,-166.30252,262.41373,886.7011,-89.60072,346.9099,986.9577,-81.390144,256.92834,1018.1289,-8.852938,335.36972,1003.2367,-76.70886,254.91959,1038.7963,-6.312837,368.6815,1025.7667,-185.10231,261.6856,1053.004,-131.0443
escalon_left
IMG_20241115_103157 (1).jpg,escalon_left,298.8398,496.30936,-99.63058,302.7095,486.66867,-78.93663,306.28278,487.2153,-78.98227,309.56445,487.89536,-79.03011,291.65982,485.67444,-81.9668,286.8362,485.6613,-81.989044,281.8273,485.6037,-82.01541,311.71106,494.32587,30.935242,272.06833,492.17688,12.490497,304.6002,509.88245,-58.429924,289.2558,508.9078,-63.802563,349.25638,564.7247,77.49758,230.02672,565.039,49.861465,375.1309,637.94653,114.816635,208.33528,650.9836,86.185486,363.828,694.78937,4.174661,201.2083,737.8341,26.12399,363.0038,722.46436,-31.735256,197.65443,763.8259,3.1821358,352.37424,716.6578,-57.482044,206.45598,762.32996,-26.568981,349.68417,709.436,-7.3283105,210.59517,754.89594,14.29939,336.99188,727.4871,14.124896,264.71393,741.18945,-14.042908,353.86896,818.7047,-299.72,265.0922,882.39386,-93.28848,347.8517,980.06537,-260.21353,261.0746,1017.4092,-28.007168,337.438,1002.742,-259.64136,260.39676,1031.5756,-27.824242,363.84027,1026.4174,-392.01355,256.91626,1057.0889,-163.70755
escalon_left
IMG_20241115_103157.jpg,escalon_left,294.88422,495.09277,-77.94597,299.39966,485.69504,-58.367428,303.15167,486.1712,-58.42049,306.90543,486.80994,-58.48247,287.68637,484.9091,-60.298378,282.5102,484.96332,-60.308567,277.64,485.00943,-60.328873,310.8064,493.88535,43.358974,269.2863,491.85715,30.46734,301.58957,508.99796,-39.844852,285.32892,508.2228,-43.577526,349.40152,564.06134,80.25984,230.82834,564.944,59.814777,375.32474,636.9802,111.45054,210.827,649.4396,92.309235,365.07306,694.8336,15.648584,204.82487,736.0325,34.4698,363.08734,722.0923,-18.440388,202.0915,762.6551,11.698947,353.2642,716.00256,-40.81005,211.14235,760.94604,-15.737746,351.24115,708.72797,5.6989117,214.8403,752.86896,23.178553,337.466,729.1008,12.355442,265.5849,741.3999,-12.2790365,366.88748,833.37335,-244.59532,266.8574,886.9839,-91.86306,351.39862,981.78406,-180.1424,261.45187,1019.8874,-24.336603,340.83145,1001.69525,-176.80351,263.28946,1033.4503,-23.20852,368.2614,1025.7863,-295.42545,259.22687,1058.5854,-153.35823
escalon_left
IMG_20241115_103158 (1).jpg,escalon_left,254.75706,501.86493,-342.8291,260.88116,491.68585,-324.68616,265.48944,491.67242,-324.65668,269.62335,491.80402,-324.7056,249.09633,493.00632,-325.02097,245.47322,493.7635,-325.1154,241.9611,494.68384,-325.1215,278.3641,499.41534,-201.76755,240.04132,504.81064,-204.85774,266.06235,513.12225,-295.1979,249.27863,514.4286,-296.24683,331.1341,565.46606,-93.86243,213.854,583.917,-118.41213,358.58438,629.67395,30.011124,199.33139,664.313,-35.355244,352.718,693.80133,-7.224717,187.89789,745.4001,-81.24125,354.5668,719.17615,-21.281555,186.68275,770.6422,-97.90892,344.4145,714.58307,-54.01492,192.22795,769.55597,-132.87733,341.6523,707.5023,-19.139288,194.8248,761.9877,-95.238945,327.83853,727.4022,11.055026,256.38193,742.4236,-11.059174,348.0803,828.7012,-212.2306,259.12582,882.1186,-94.560036,345.95914,981.83276,-134.25931,261.677,1016.8543,-27.373375,334.66666,1000.6351,-133.0721,263.82,1031.9395,-30.345934,370.18307,1021.7555,-286.33926,256.62903,1051.4205,-191.33002
escalon_left
IMG_20241115_103158.jpg,escalon_left,285.83508,502.8104,-89.2338,291.19858,493.60468,-70.21131,294.2814,493.93585,-70.2647,297.78275,494.35043,-70.31668,278.6863,493.1046,-73.16164,273.74847,493.1581,-73.19477,269.3409,493.3641,-73.22817,301.9227,500.9485,31.96519,261.3724,500.5335,15.39832,292.97028,516.70953,-50.70589,276.18253,516.256,-55.477356,341.88052,570.6698,68.29523,222.9501,574.82666,51.547577,366.85043,639.716,96.69695,202.48126,659.65,90.06553,357.22852,698.6449,4.378728,195.36429,743.91046,33.436,356.64688,725.689,-28.537886,192.24486,770.07745,10.425794,345.72842,720.3319,-50.20007,200.72847,767.71423,-18.441273,342.99185,713.2482,-5.6429696,204.59659,760.2667,21.219246,331.99982,736.5418,8.38679,259.7494,747.46533,-8.307974,357.62296,857.12646,-126.07237,260.89774,888.34973,-92.46284,350.11346,993.094,-34.431618,261.3489,1020.7588,-19.415237,339.3244,1009.2235,-29.793787,261.63275,1036.2866,-18.346363,367.57635,1030.9524,-141.63354,244.92491,1057.7313,-147.78561
escalon_left
IMG_20241115_103457 (1).jpg,escalon_left,321.5205,512.6245,-357.66364,327.15625,503.9582,-338.0993,330.86978,504.20264,-338.1553,334.40756,504.55264,-338.23413,316.58395,504.16052,-337.7858,313.15976,504.62732,-337.85037,309.89957,505.2075,-337.92087,338.1491,510.08795,-204.07808,306.85223,512.8513,-202.24727,328.70316,523.5652,-305.6688,316.39832,523.48,-305.3009,380.53998,579.5183,-98.442024,276.42575,589.35175,-105.734055,397.44043,656.34,-28.50053,254.97581,672.6556,-51.929863,424.05063,719.5115,-130.06253,219.09938,741.5409,-125.93916,432.69202,733.49396,-154.20206,208.73006,761.81525,-142.95369,432.02243,734.8307,-194.25714,208.9432,763.96533,-187.22469,428.27527,729.8147,-147.49461,213.38872,758.46265,-144.89081,362.96967,734.39545,1.9382722,302.55777,741.9197,-1.7612273,361.25378,806.3805,-456.93893,314.9891,859.01855,-58.891052,362.7072,962.9513,-406.3102,324.94058,978.39636,85.90621,356.73825,978.2769,-407.54584,330.3026,996.5967,90.258965,364.22656,1004.7162,-598.88873,327.40558,1020.82654,-76.10803
escalon_left
IMG_20241115_103457.jpg,escalon_left,303.725,521.4212,-277.425,307.69485,513.20465,-259.8688,311.13818,513.0056,-259.8853,314.62457,512.87286,-259.94308,299.07758,514.2954,-258.15662,296.57745,514.84143,-258.211,294.39462,515.36444,-258.27255,319.87457,517.8965,-144.71985,293.94025,522.05963,-136.57848,312.93427,530.5595,-232.62082,300.36475,530.81274,-230.39746,372.17297,581.2406,-50.811382,269.3967,600.8168,-68.82816,397.8949,661.1285,11.867076,252.46487,685.2609,-26.016937,443.94995,715.0481,-72.114716,215.24289,753.15564,-80.17358,459.41043,728.0062,-89.11397,202.57729,774.43176,-94.649445,461.50333,727.9055,-129.8807,201.41626,775.3811,-135.46974,456.22943,724.20465,-90.830414,206.74362,769.5395,-98.24379,362.8549,738.31836,1.3697385,301.27573,748.3863,-1.191406,362.02774,818.95447,-426.5372,309.5751,868.5944,-42.83768,358.77722,973.44086,-388.04492,322.06345,992.817,81.12921,352.93546,988.9617,-389.18542,320.24918,1007.428,84.41265,357.7563,1009.9126,-561.2598,317.71918,1034.6101,-63.914196
escalon_left
IMG_20241115_103458 (1).jpg,escalon_left,331.91193,511.42847,-234.172,339.06802,504.07108,-215.03783,343.25616,504.61273,-215.0872,346.97247,505.28918,-215.15692,328.21494,504.14337,-213.39417,324.83963,504.6368,-213.3856,321.68652,505.29352,-213.43094,352.3591,513.6572,-101.90039,319.57166,513.5513,-93.25697,340.9304,523.66797,-191.82346,324.97845,521.83435,-189.40291,388.56815,587.53375,-29.718307,285.13596,591.5807,-34.008846,398.19626,664.9929,16.098705,273.39,673.85736,10.939927,391.34122,730.2195,-96.63637,263.9394,740.198,-66.39213,393.32733,753.9917,-128.97768,261.70822,764.8691,-92.720375,385.99142,750.80273,-162.98315,265.7759,762.97974,-127.29861,382.85782,742.76636,-111.07445,268.83463,756.0303,-81.6244,363.174,734.4007,9.016718,300.58005,739.45,-8.894193,366.66412,828.2091,-324.63547,303.08667,872.25824,-66.79676,361.2796,971.1089,-248.32327,314.05722,987.87103,66.73926,355.5094,985.2782,-246.97906,324.89438,1000.28687,70.9091,365.35492,1009.0307,-417.26,315.26675,1028.8096,-83.592026
escalon_left
IMG_20241115_103500.jpg,escalon_left,342.44888,516.81006,-347.42032,349.09286,510.37195,-328.35126,352.6754,510.93878,-328.38336,355.93442,511.63177,-328.4771,338.23932,509.7265,-327.98068,334.73,509.8767,-328.0022,331.24677,510.307,-328.0303,360.41614,519.67596,-203.60191,326.23337,518.7237,-201.82123,349.28525,527.96344,-299.32913,335.8999,526.66003,-299.1066,394.37012,596.25586,-101.59219,289.66464,592.1953,-113.803314,404.22168,678.10706,-29.78102,269.58093,673.5592,-46.475803,425.50125,753.9273,-115.20686,238.86365,743.1888,-100.26574,436.3238,776.6548,-134.44063,230.55365,767.1259,-115.40011,434.7286,778.7561,-174.86084,234.0396,769.1326,-153.67697,430.76175,772.0537,-131.88977,238.72804,762.9564,-116.12275,363.50806,738.3961,11.563585,301.42667,743.1969,-11.495198,362.7111,813.9116,-398.51553,312.21384,876.4877,-51.401608,366.1794,966.75757,-364.98654,315.90417,997.9177,89.16041,360.41824,980.95715,-368.32065,320.5076,1008.0364,92.5666,360.9805,1014.28735,-560.5874,318.9907,1036.8151,-73.42905
escalon_left
IMG_20241115_103501 (1).jpg,escalon_left,342.40796,515.8806,-387.81308,348.7399,509.35318,-367.63293,352.501,510.04437,-367.67023,355.92715,510.94144,-367.74512,338.08948,508.72772,-367.88315,334.72867,508.97293,-367.91132,331.34067,509.48053,-367.94055,360.78,519.0673,-234.79549,327.13776,517.91064,-234.68341,349.55096,527.2306,-336.77365,336.29935,525.8748,-337.0001,394.09015,595.39124,-124.45123,290.8138,592.1264,-140.1745,403.64618,675.1184,-50.44475,272.0474,673.9417,-78.09059,422.38336,749.2899,-147.06618,242.19492,743.2147,-145.27318,431.08374,770.812,-170.25264,232.20059,766.7639,-165.23409,430.28253,773.0224,-211.0697,234.36786,768.8205,-205.7839,426.35126,766.48914,-164.58136,239.71082,763.50287,-162.57524,362.99905,735.20386,6.908314,301.57483,740.0038,-6.803351,361.92062,816.6549,-382.14642,311.55237,870.199,-41.739426,366.50964,964.7167,-329.58194,316.7376,993.7891,102.12382,362.38342,978.3554,-331.581,319.80542,1004.452,106.085434,360.6384,1010.5176,-529.34576,318.97607,1031.1302,-64.37828
escalon_left
IMG_20241115_103501.jpg,escalon_left,341.5995,515.57056,-306.91977,348.06143,508.57526,-287.16632,351.99908,509.3506,-287.21036,355.50006,510.2124,-287.29724,337.2877,508.27643,-286.08456,333.80414,508.77045,-286.09616,330.31946,509.4778,-286.11905,360.1036,519.1474,-165.60965,326.20294,518.65045,-160.20822,349.88538,527.7146,-260.42734,334.33298,525.91864,-259.21982,394.52496,595.9386,-70.76944,290.89914,593.8266,-76.57193,404.80383,677.16113,0.7318378,272.87833,674.9072,-14.470504,422.57898,750.946,-82.33986,244.31615,745.81885,-76.46758,433.1086,771.48987,-103.0032,235.53426,768.6798,-92.37299,431.65506,773.83844,-141.26949,238.78519,770.89874,-131.93712,427.4847,768.0041,-98.3537,243.81627,765.6498,-92.972084,365.41034,737.0273,4.043648,302.71182,742.0034,-3.9324603,362.0927,816.7073,-402.16116,313.05914,873.39124,-55.75991,363.96973,971.2853,-377.32108,319.0423,994.2679,68.569565,358.4257,987.9259,-382.11243,319.69928,1002.1157,70.89897,367.0712,1008.9341,-576.43274,310.3894,1024.6162,-92.73808
escalon_left
IMG_20241115_103502 (1).jpg,escalon_left,341.65048,516.13275,-331.21686,348.0108,509.62,-312.05362,351.61096,510.2858,-312.0926,355.06082,511.17188,-312.1723,337.64557,509.03406,-312.3416,334.4454,509.3405,-312.35782,331.34546,509.83414,-312.38705,359.5753,518.3942,-186.93416,327.06824,517.808,-187.4012,348.32214,527.636,-282.74,335.7495,526.1056,-283.17587,394.02902,593.7113,-84.18866,289.42783,589.74493,-103.534805,403.92975,673.54004,-8.441898,269.10883,671.6864,-40.12448,423.00256,748.43256,-95.52109,238.11024,741.3557,-98.31148,431.10205,768.73773,-114.950455,229.56769,763.7491,-115.388954,430.28558,771.0212,-154.49287,232.02405,765.8295,-153.7251,426.46085,765.02466,-112.15163,236.75748,760.53296,-114.558044,361.37354,735.8345,10.028486,300.1885,740.8051,-9.943612,362.3334,816.07227,-373.74677,310.47742,873.48376,-50.74724,365.98386,965.2282,-334.78464,315.15982,998.49194,72.268654,361.04044,980.95917,-337.59674,323.08673,1011.77155,74.47148,366.35474,1010.0946,-524.72504,317.52023,1037.2522,-88.82185
escalon_left
IMG_20241115_103502.jpg,escalon_left,340.24854,517.0647,-357.18124,347.40747,510.31708,-337.9757,351.25296,510.888,-338.0164,354.69803,511.688,-338.1107,336.25064,509.735,-337.93463,332.8509,509.94073,-337.95633,329.49942,510.39417,-337.99014,359.99496,519.5467,-210.13107,325.7071,518.28784,-209.27618,347.78867,528.53424,-307.53174,333.98825,527.1238,-307.51364,393.82935,594.77124,-103.85156,289.89816,591.43335,-117.449524,403.29562,674.0482,-31.255346,269.53522,672.7915,-52.137203,423.42755,748.2317,-124.346794,238.22481,743.22076,-113.571465,432.233,768.9933,-145.76486,229.06567,767.5424,-130.97636,431.71576,771.49915,-185.67186,231.96095,769.4541,-169.90102,427.78598,765.36194,-141.28772,237.04964,763.37836,-129.98625,362.96103,736.4269,9.285423,301.39127,740.95056,-9.197897,361.22095,820.3498,-376.63635,311.1562,872.88635,-54.80192,366.01776,966.20087,-340.3048,316.60297,998.6669,77.807495,360.98962,980.4733,-343.5544,320.1911,1009.4348,80.51392,370.5625,1009.574,-535.86786,317.88266,1034.8224,-88.462204
escalon_left
IMG_20241115_103503 (1).jpg,escalon_left,342.09836,515.4804,-318.22736,347.99963,508.9848,-298.66968,351.55264,509.47656,-298.72168,354.85208,510.0714,-298.80893,337.99963,508.40958,-298.38107,334.74258,508.53165,-298.39877,331.4265,508.87543,-298.41653,358.66898,517.64307,-175.94223,326.3344,517.0834,-174.61412,349.079,527.04016,-270.9581,335.68854,525.5041,-270.89114,391.84357,593.05444,-81.91116,289.20285,589.75476,-85.49511,400.91013,673.61566,-9.811932,269.60083,669.8279,-17.910942,419.81854,748.4643,-96.990654,241.02885,738.2855,-82.824615,428.78607,769.7134,-117.694214,233.3703,758.92957,-98.64935,427.5988,771.67017,-156.03433,236.1013,760.4742,-137.91975,423.6572,765.87317,-113.02878,240.47769,755.42755,-99.29612,361.6567,733.20013,4.7808285,301.3421,737.8211,-4.7158003,362.27563,819.6864,-342.6405,310.67233,866.6126,-54.913933,363.07407,967.4175,-319.5876,319.23734,985.3232,55.448658,356.99884,983.7872,-324.6263,321.87402,1000.09485,56.33215,371.01926,1004.4544,-507.91443,316.13214,1022.6655,-103.2327
escalon_left
IMG_20241115_103503.jpg,escalon_left,340.9332,515.84546,-323.67792,347.6073,508.88217,-304.9025,351.30536,509.42307,-304.94443,354.6079,510.09183,-305.03323,336.53308,508.30817,-305.5537,333.05795,508.4751,-305.56622,329.7155,508.9251,-305.59567,359.38583,517.79816,-181.77704,325.30008,517.02893,-184.56143,348.50412,527.2828,-275.79462,334.80542,526.01263,-276.87143,392.9273,594.096,-78.90924,289.36453,590.04614,-103.40047,401.92975,674.0357,-2.318528,269.766,671.50806,-40.911423,421.31104,747.6184,-88.11128,239.71815,740.65094,-97.51394,430.61707,767.79474,-107.28513,231.08522,763.4974,-114.04479,429.74744,769.62585,-146.8999,234.53308,765.15967,-151.37627,425.56247,763.8196,-104.73464,239.22952,759.5957,-113.11125,361.01578,734.08716,12.284434,300.68073,738.5326,-12.20888,361.2334,819.126,-353.46933,310.95193,871.19104,-58.667774,366.00104,962.1166,-322.6972,317.77866,994.9238,52.96262,360.2714,977.2558,-326.1943,324.9503,1008.4835,54.171104,371.35638,1005.6107,-507.28336,322.8122,1034.4713,-106.985344
escalon_left
IMG_20241115_103505.jpg,escalon_left,337.80704,513.3295,-316.43582,344.4912,507.29645,-297.89786,348.37555,507.86395,-297.94482,351.89856,508.53363,-298.03836,333.94467,506.693,-296.75702,330.49667,506.80637,-296.76733,327.10483,507.09244,-296.78024,356.56842,515.8197,-178.0429,323.0273,515.04675,-172.98427,345.5468,525.0511,-270.01297,331.04282,523.2529,-268.8692,390.37592,590.9691,-81.68589,287.06644,587.4955,-82.32569,400.5926,672.28235,-10.599576,266.8406,667.46606,-9.971706,419.6636,746.63885,-99.13899,239.60985,735.2161,-73.00445,428.31943,769.10516,-120.022285,232.05829,754.69696,-88.59884,426.67963,771.1443,-158.87836,234.55841,756.2003,-128.10947,423.02615,765.17456,-115.3307,239.14648,751.03467,-89.588005,362.15417,730.66565,7.142111,300.6277,735.5454,-7.0556784,362.02457,817.2875,-341.4041,309.11398,869.84546,-64.50309,363.94824,967.6364,-321.3656,316.49875,990.1014,32.63248,357.97336,983.67053,-326.64755,325.63562,1002.45557,31.865955,373.05914,1007.2889,-512.0784,314.32108,1026.996,-131.40701
escalon_left
IMG_20241115_104149 (1).jpg,escalon_left,307.80362,493.9424,-220.05789,312.5095,485.94275,-200.1784,315.82028,486.41617,-200.17743,319.1627,486.94647,-200.25009,301.42896,486.06415,-203.68672,297.1437,486.70233,-203.70392,293.15988,487.3613,-203.68404,323.58014,495.41663,-84.1892,286.7265,496.59143,-100.90654,315.49164,506.7077,-175.26689,300.83182,505.75546,-180.2324,365.07843,568.2221,-9.158645,248.11913,572.18005,-28.839329,405.86517,633.8089,62.41474,225.4696,643.4645,40.693645,407.97498,687.12415,-7.997833,210.96411,706.2542,0.13527226,400.8027,704.9613,-29.058468,209.44579,724.1444,-18.451897,393.4633,700.5132,-54.267757,216.06383,722.2388,-44.440166,392.95972,695.0773,-18.970964,219.21788,716.7136,-11.236402,346.85263,717.34973,1.900568,275.73328,723.4501,-1.8156439,339.77646,820.1459,-229.66722,273.1711,873.8855,-124.43722,342.3742,985.9956,-157.41736,294.36798,1016.5448,-88.699486,337.6046,1003.20715,-155.40543,302.2958,1032.8773,-92.7076,347.3229,1036.028,-304.27493,293.06073,1056.8496,-247.31021
escalon_left
IMG_20241115_104149.jpg,escalon_left,306.35944,486.59143,-374.94418,311.369,479.73608,-355.10086,314.9052,480.28815,-355.09723,318.2923,480.9134,-355.1979,300.2821,479.8551,-356.8108,295.94165,480.7455,-356.8844,291.85718,481.68695,-356.91605,322.84558,490.0861,-221.5566,286.22507,491.69513,-229.36653,313.95184,499.49295,-323.01398,299.47134,499.302,-325.51965,367.03537,566.45544,-109.98482,248.44716,571.5231,-135.84813,408.10236,638.5592,-22.70192,230.0844,644.3881,-33.101322,395.1839,690.6713,-109.390396,215.02313,706.15063,-50.10338,384.2109,711.0135,-131.63371,216.15837,724.4864,-65.33112,377.7611,706.1074,-165.28688,221.0831,723.75,-97.53265,378.99792,699.2841,-123.228485,222.61125,718.52454,-63.267303,348.3225,720.02295,9.362964,276.4665,727.098,-9.250707,342.12686,810.1675,-371.4708,274.84833,880.6317,-105.850685,344.0128,985.52606,-305.38437,295.2566,1024.2422,-24.204206,339.0677,1003.09717,-303.8972,303.9203,1035.4711,-25.655697,353.39114,1037.0273,-488.20865,300.4475,1065.3234,-204.9332
escalon_left
IMG_20241115_104150 (1).jpg,escalon_left,316.00525,503.83282,-431.00027,321.4156,495.0345,-412.91608,325.128,496.1719,-412.89688,328.2402,497.1444,-412.99066,309.99936,492.66083,-418.5647,305.097,492.35593,-418.6411,300.2212,492.3056,-418.6574,331.92844,504.73404,-275.25333,291.314,500.35046,-301.00967,322.60532,517.2724,-375.64905,307.67612,515.00586,-383.3538,367.6164,580.5423,-139.91257,250.56055,576.432,-198.3618,388.88763,654.6727,-33.59404,234.16106,657.29956,-107.0423,388.81512,718.5092,-117.37302,219.56876,723.30194,-146.59125,387.7125,736.4627,-137.52856,214.9978,745.2884,-167.61069,383.23004,730.098,-176.47278,220.57912,745.2518,-201.52882,381.4989,723.28723,-133.94374,224.26147,738.2148,-160.71803,342.61,722.4614,13.075233,272.44116,727.24536,-12.980172,343.4139,827.9252,-309.26627,275.07867,879.97797,-114.829765,340.5358,991.84357,-208.2072,295.22702,1029.7407,-33.648754,335.01443,1008.83374,-203.55147,301.7061,1040.9275,-34.586037,342.40744,1042.1641,-377.53323,302.46375,1069.318,-214.01784
escalon_left
IMG_20241115_104150.jpg,escalon_left,312.33914,504.25775,-268.12933,317.25494,496.0579,-248.99255,320.8146,496.77304,-249.01897,324.21924,497.54105,-249.09639,306.09915,495.2008,-254.47467,301.64648,495.45538,-254.5114,297.136,495.7508,-254.49464,327.93237,505.48276,-129.96434,289.82703,504.56262,-155.50887,319.56854,517.0559,-221.60037,304.3412,515.31195,-229.16467,366.07227,578.5342,-47.243656,250.2444,582.8931,-73.78122,402.95865,644.6844,26.614796,230.18402,663.9222,0.40161222,400.9056,699.2981,-47.55757,214.19241,714.53094,-34.11492,391.0272,719.48,-68.367226,214.92365,731.71027,-49.92671,383.85568,713.23706,-95.2145,219.80042,729.6183,-77.58221,384.54272,707.29663,-58.675606,221.9431,724.3823,-45.956776,345.24142,730.8779,7.20739,275.84372,737.01306,-7.041207,344.78845,846.68567,-188.72827,275.3799,890.57996,-114.53825,343.0764,1001.8826,-134.39299,294.37775,1034.7167,-106.95656,337.08722,1018.2952,-134.97403,301.0573,1051.306,-115.01275,351.5972,1046.1287,-283.1976,295.93237,1073.1921,-273.4987
escalon_left
IMG_20241115_104151 (1).jpg,escalon_left,316.02206,509.69934,-89.3388,321.02054,501.2536,-63.756252,324.74802,502.002,-63.789013,327.9757,502.7044,-63.921745,309.7929,499.75702,-74.265656,304.80258,499.67627,-74.3023,299.79532,499.71817,-74.316864,330.665,509.43945,65.79251,292.18088,506.28143,19.683867,321.90472,522.9475,-39.108387,307.34808,521.08057,-52.89835,364.74524,587.90924,150.94208,251.83475,576.2652,20.70221,385.73337,668.7969,195.54842,255.2405,658.0835,-18.092787,387.46954,710.10126,101.93297,322.06143,700.5606,-89.23393,386.5756,721.8792,78.581924,337.18866,717.89667,-120.514046,383.70352,714.9958,50.946667,346.56244,711.55206,-118.59493,380.70493,711.3368,88.11218,343.12064,706.0485,-87.908516,335.58618,728.16907,13.174477,270.35327,729.46906,-12.963523,330.55734,828.12616,-307.32327,268.81476,888.15283,-108.4068,344.7118,996.81934,-289.25507,292.7897,1037.9476,-94.04892,335.5365,1017.55304,-292.0239,291.14276,1043.9216,-99.80282,354.77365,1041.8322,-459.4515,285.51068,1077.1533,-265.72476
escalon_left
IMG_20241115_104151 (2).jpg,escalon_left,318.59354,513.93146,-186.5338,323.77457,504.90576,-158.94888,327.2708,505.77072,-158.98631,330.29947,506.6825,-159.11809,312.0553,503.13354,-169.86867,307.2123,502.93942,-169.92249,302.16006,503.06934,-169.99272,332.77316,513.5272,-8.660648,293.36325,509.4967,-55.292088,324.56744,527.41907,-128.04788,309.74576,525.8515,-141.81895,366.8634,593.5505,109.77894,251.89874,580.93634,-37.55308,383.56302,681.0907,172.1577,258.84406,667.4195,-71.83152,389.6535,712.89905,52.99028,328.4381,711.4855,-152.51518,389.62802,724.2084,27.651041,345.6214,724.6713,-187.11592,387.81168,718.4848,-8.679942,354.8773,717.30035,-185.97687,384.59607,714.94476,35.480457,351.36096,712.82196,-150.8724,336.84692,739.8546,20.010263,269.17166,739.8993,-19.624964,327.2649,819.53485,-416.4263,274.49222,897.17194,-107.513466,344.73892,988.65063,-347.3437,293.59692,1040.1321,-4.052405,339.07773,1001.79266,-345.88516,299.55774,1053.5085,-3.1900387,344.83762,1038.0605,-536.57623,295.42267,1085.6102,-191.4929
escalon_left
IMG_20241115_104151.jpg,escalon_left,309.54764,506.69177,-300.83057,316.8907,499.1126,-282.25735,320.7193,499.90036,-282.23666,324.3911,500.77167,-282.31903,305.676,497.864,-285.63214,301.47498,497.78723,-285.6752,297.18854,497.84125,-285.69562,331.03012,508.74973,-155.36789,291.98224,504.8795,-171.9013,316.6065,519.4854,-250.58334,301.6468,517.86066,-255.53807,364.9799,582.76685,-50.515484,248.29309,579.86646,-92.6125,391.06036,654.9743,32.481007,224.96692,658.58765,-48.58245,387.76828,712.9199,-61.01452,246.37312,706.27893,-126.486946,384.4877,730.5593,-88.72164,252.67847,727.95874,-154.67749,379.6627,723.3179,-119.73801,261.26953,722.9414,-175.32176,378.3556,717.31836,-73.97506,261.44327,715.9348,-134.27875,338.83356,730.3413,10.267149,269.88342,733.7168,-10.200044,341.64587,839.55756,-307.515,274.25003,892.06006,-95.4085,340.74606,995.01697,-216.1157,292.29385,1029.3408,-7.5203137,333.91833,1011.3685,-213.04697,298.92664,1039.7971,-7.3029423,347.96872,1041.0928,-381.1965,296.27963,1066.3269,-173.99971
escalon_left
IMG_20241115_104152 (1).jpg,escalon_left,317.33286,514.79565,-156.42642,321.1275,506.18768,-139.41449,324.34274,507.01785,-139.4472,327.5443,507.8961,-139.53172,310.54517,504.79382,-145.72203,305.99234,504.74304,-145.75014,301.18414,504.8731,-145.77284,328.9644,515.0652,-37.858143,291.77158,511.4284,-68.36603,323.0911,528.2629,-116.53505,309.81058,526.2508,-125.419876,363.55954,587.15094,38.437973,248.89595,583.0924,-39.185307,382.41028,661.1271,106.23404,223.60884,665.5995,-22.685469,389.91183,721.13354,37.583195,256.6116,713.7003,-77.70587,389.59967,740.7547,16.704588,268.26782,734.746,-102.01284,384.3305,736.07574,-9.418631,276.68622,727.2891,-111.29177,381.71396,729.01825,26.122313,274.28918,719.9337,-80.188,338.77112,735.24805,15.75315,272.2809,740.6092,-15.719976,340.9858,843.4335,-213.6752,272.3707,889.30994,-89.72899,342.84027,996.83966,-170.34644,289.19446,1033.5778,-58.558212,333.7227,1015.2139,-170.95912,297.36887,1049.1746,-62.45713,358.7739,1041.5454,-298.82724,291.37146,1067.5052,-203.39479
escalon_left
IMG_20241115_104152.jpg,escalon_left,316.5481,512.9675,-110.79144,320.8813,505.13788,-84.52073,323.9598,505.55145,-84.5615,326.78275,506.00677,-84.66518,310.07846,504.23935,-94.42669,305.2557,504.24115,-94.45914,300.04666,504.3365,-94.531075,328.07217,512.2964,54.6076,290.75452,511.16714,12.575828,322.05862,525.6963,-56.58972,307.1495,524.356,-69.077126,365.30035,589.432,152.64896,251.18459,583.0205,21.783941,386.2737,673.8309,176.54706,265.29703,668.37573,-16.504332,375.7201,707.9573,38.86348,330.53745,713.0732,-96.97682,371.17645,723.00995,7.275367,345.96646,727.89233,-131.11415,369.42227,714.8085,-18.634018,354.49213,719.6841,-133.39917,368.55173,710.3484,24.976173,351.78384,714.7491,-96.73839,337.01132,737.53516,14.490118,269.21164,737.58417,-14.042979,327.1147,821.5685,-379.87784,273.86508,892.65686,-106.65171,339.93842,994.5842,-328.9875,292.41272,1038.0374,-33.24651,333.35403,1009.9011,-329.31207,297.19873,1051.2018,-34.72504,344.18414,1047.8518,-514.1577,296.67062,1081.1139,-212.71259
escalon_left
IMG_20241115_104153 (1).jpg,escalon_left,303.3495,512.53687,-346.9432,309.46652,504.44482,-327.42123,313.04944,505.0061,-327.44913,316.7843,505.61597,-327.48578,298.2564,503.73047,-330.7231,294.20352,503.9004,-330.79245,290.33768,504.13263,-330.85077,322.5336,512.39526,-196.89363,286.14008,511.0821,-212.21771,311.62067,524.2663,-296.16138,296.16687,523.0016,-300.9031,362.8167,582.9999,-88.78984,246.22296,589.0981,-131.00621,388.44177,660.5606,-6.8776317,233.7267,676.5901,-73.37686,381.54538,734.6967,-101.43529,218.62555,755.0012,-156.19359,379.6366,756.272,-126.63317,212.94957,779.9175,-183.48833,372.60452,752.7798,-161.12659,217.33223,779.93475,-220.56233,369.79,746.25354,-116.08083,221.60123,772.4311,-172.13431,333.9457,741.07996,10.574294,270.10382,741.69995,-10.5463705,333.04327,851.6267,-198.44296,270.30847,888.77246,-90.39282,338.00876,999.7417,-98.84867,287.8593,1030.2505,-17.139933,333.10867,1015.08844,-95.85009,294.1952,1041.5156,-18.925615,346.62878,1044.8713,-261.9547,305.40323,1066.2018,-190.68501
escalon_left
IMG_20241115_104153.jpg,escalon_left,310.415,516.6964,-567.6701,314.8072,507.99048,-548.21655,318.30765,508.51587,-548.1986,321.9191,509.1253,-548.2709,303.13818,506.9846,-553.9271,298.19797,506.90732,-554.07904,293.19333,506.90186,-554.1135,325.13245,514.8725,-392.96356,284.92532,513.4829,-419.19742,317.3332,529.16284,-505.6691,301.5828,527.7871,-513.3247,364.03323,579.2601,-237.56577,244.7128,587.2661,-290.50327,398.30978,652.8742,-143.38858,219.01117,681.5691,-212.52942,395.73325,707.2737,-255.6482,195.90874,763.744,-278.97983,389.8856,723.0316,-286.43753,187.68893,789.76996,-306.17664,381.8279,716.72754,-324.29102,193.39705,790.9669,-346.9904,380.9771,711.2366,-272.05795,199.16951,783.83026,-295.8087,338.59943,730.28467,13.912342,271.3619,733.94226,-13.800267,334.99716,826.6124,-316.94025,271.47726,887.1057,-89.117805,339.92896,987.3371,-218.43027,291.04257,1026.854,12.091221,336.5117,1002.0471,-214.07109,298.6401,1036.739,12.00214,345.52234,1030.5804,-392.2741,294.95862,1070.2324,-172.04996
escalon_left
IMG_20241115_104154 (1).jpg,escalon_left,301.1124,510.27734,-422.0378,308.3264,503.72626,-401.91983,312.60733,504.6341,-401.96875,316.88904,505.71606,-402.0675,296.8656,502.865,-402.05084,293.51144,503.2271,-402.13824,290.4563,503.65964,-402.22595,322.73938,514.7624,-267.74313,287.5831,514.10657,-268.15204,310.21667,523.18146,-370.44754,295.33676,521.5852,-370.85977,366.9982,588.11707,-158.59193,250.33548,597.18335,-177.42531,387.475,672.8214,-88.24552,248.94606,696.0477,-115.681755,360.2655,734.3268,-175.39485,230.80632,767.07306,-183.76578,353.17358,761.4368,-202.23558,228.62804,790.84265,-208.65092,345.58963,753.13293,-231.97916,231.04872,788.16626,-245.48804,345.55066,745.8723,-187.17073,233.33667,780.53235,-200.01903,339.5093,746.24274,12.805181,268.54303,749.2261,-12.643559,337.58646,848.20557,-322.99042,271.402,899.982,-104.66675,337.72412,1009.3524,-239.53639,289.11633,1041.5767,-10.060153,333.18436,1028.8811,-237.39041,296.36273,1058.148,-10.132928,352.2215,1053.9119,-415.633,288.78897,1088.327,-189.74655
escalon_left
IMG_20241115_104154.jpg,escalon_left,299.9403,504.8202,-298.5606,307.78946,498.87576,-279.939,312.00568,499.74268,-279.9503,316.16147,500.77747,-279.95642,296.77917,497.86255,-280.09192,293.42786,498.1208,-280.1814,290.29727,498.37347,-280.24332,322.26773,509.32086,-170.46211,287.87277,508.66074,-170.96088,307.83282,516.18427,-257.27628,293.8773,515.3474,-257.64172,363.58966,585.559,-91.88496,245.82527,591.7714,-108.97391,392.2085,663.7483,-28.610697,229.85883,682.88544,-45.430088,376.41254,721.08057,-96.023285,205.81146,762.59375,-101.53375,367.72784,746.0523,-116.47135,198.97476,786.32263,-123.14937,362.64896,734.77747,-140.93668,202.90671,788.0002,-154.73582,362.47067,727.7697,-105.850296,207.97827,780.1605,-115.52745,337.94098,736.3259,7.2160187,269.79086,739.8087,-7.1794515,335.89838,849.2038,-193.25685,266.67746,896.51953,-87.7123,340.29498,997.77655,-124.65716,287.63693,1032.1292,-36.284645,335.58472,1012.22437,-123.37266,294.3753,1044.0822,-39.0203,347.7027,1045.6528,-272.0531,294.53497,1071.6661,-192.90028
escalon_left
IMG_20241115_104155 (1).jpg,escalon_left,310.15356,512.1851,-568.3425,319.56744,504.95743,-548.7235,324.00464,506.20764,-548.7283,328.48074,507.60043,-548.8172,307.05838,503.0806,-549.48956,302.9374,502.99323,-549.6228,298.87402,503.0735,-549.67303,336.3641,516.7923,-401.75366,296.446,511.9702,-406.43765,318.17615,524.9143,-511.00296,302.73444,522.8687,-512.68604,372.9406,595.2677,-262.5866,253.70674,596.0424,-285.65387,390.4595,682.10724,-171.96814,250.4184,693.3178,-205.55672,373.5135,752.51355,-251.36931,232.07477,766.0614,-263.1612,371.07697,780.7392,-276.75635,230.26219,787.8295,-286.49838,363.63434,773.2563,-312.4478,232.7196,787.1698,-325.96127,362.26987,762.9524,-265.6053,236.40894,780.8941,-280.11142,346.5557,740.54407,16.097782,276.40176,743.28186,-15.981777,355.16983,842.8413,-354.2933,277.1459,894.38666,-126.36343,341.5165,1009.8945,-239.94917,294.43784,1043.0581,-14.188604,332.53607,1029.9473,-235.09161,301.3256,1054.127,-13.149799,358.104,1056.9296,-423.14178,299.15732,1080.996,-200.61314
escalon_left
IMG_20241115_104155 (2).jpg,escalon_left,314.2187,511.1031,-505.96127,321.31403,504.82773,-484.43726,325.29715,505.90057,-484.42535,329.35532,507.0907,-484.4586,310.25684,503.78857,-488.26968,306.42905,504.01517,-488.42163,302.4883,504.33136,-488.50034,335.71637,517.053,-339.80176,296.63544,515.48364,-357.6218,322.70953,523.3313,-450.48,307.18753,521.99713,-455.91467,373.1203,596.84503,-202.65048,252.9942,593.28314,-260.88547,389.07806,690.52527,-112.096436,238.27238,688.92017,-194.37332,372.9105,751.5697,-205.00511,219.54228,764.2578,-260.01135,368.9511,777.693,-228.76862,216.55421,789.7979,-286.29507,362.03735,769.96185,-266.9501,221.77835,790.75323,-322.0787,361.52866,760.2677,-221.5914,225.2883,784.238,-275.48654,346.81616,746.13275,17.844912,275.5746,748.024,-17.696753,351.55524,847.9926,-324.9909,276.2323,901.0367,-95.75494,338.34735,1009.3683,-225.68272,292.84955,1046.1521,-0.29114068,332.7442,1026.3948,-221.91158,299.29736,1060.3867,-1.1055284,348.12497,1056.1168,-406.20172,297.9285,1085.9552,-188.80966
escalon_left
IMG_20241115_104155.jpg,escalon_left,306.2826,511.82092,-547.55884,313.3358,505.29614,-527.1588,317.50327,506.27252,-527.17444,321.6531,507.43073,-527.2685,301.61493,504.43668,-528.4292,297.8249,504.8218,-528.55884,294.34326,505.34152,-528.62506,327.44913,516.803,-383.63156,290.34357,515.4049,-388.81863,314.72104,524.8573,-492.0186,299.75055,523.0573,-493.8305,369.4095,590.57214,-246.29425,253.19954,597.4115,-277.43112,390.56277,670.9891,-153.43451,250.4248,696.3172,-203.71957,374.02084,730.43756,-231.45659,232.6403,763.07465,-256.09525,367.80972,755.36304,-254.83406,231.13342,785.3556,-279.59912,361.8656,746.82947,-290.69357,233.13982,783.96924,-318.02185,361.66846,738.95575,-245.56804,235.83179,777.0334,-272.7179,344.58377,738.7698,15.078491,274.89444,741.9065,-14.921679,346.41168,839.67944,-336.76724,275.73923,894.3544,-91.05707,338.58914,1002.5526,-220.73932,292.41074,1034.4093,25.421959,331.02908,1017.652,-215.51816,297.99683,1045.4877,27.214304,346.57874,1048.9512,-401.1684,298.2696,1075.3032,-156.64622
escalon_left
IMG_20241115_104156 (1).jpg,escalon_left,307.90237,510.31177,-485.2877,315.70874,502.4546,-466.24448,319.49893,503.02545,-466.25937,323.5685,503.58292,-466.31494,303.3805,501.80658,-466.73865,298.757,501.9972,-466.8519,294.1455,502.32837,-466.90308,331.00833,511.39157,-331.2027,290.08347,510.32666,-333.60806,315.75128,522.8451,-433.0556,299.6715,522.4464,-434.01572,370.7417,591.7477,-210.52911,250.82332,590.3716,-232.35562,388.45526,678.635,-128.4285,240.94176,687.0221,-156.85529,372.67535,749.3631,-215.05215,221.77972,759.0735,-223.27315,368.3638,775.5831,-241.92752,219.12025,783.3642,-247.5844,360.05417,768.4702,-276.71472,223.00978,783.1261,-286.91544,359.50388,759.4866,-229.27771,226.18456,775.799,-240.36206,344.29803,741.1493,13.137532,273.2575,744.07587,-13.009707,348.61304,844.61084,-309.2131,275.2927,895.0188,-97.606125,342.72403,1001.5261,-201.49281,292.27295,1038.1361,-0.96240896,336.23856,1017.36,-197.15015,300.36755,1051.8645,-1.1682177,353.05927,1049.8851,-373.3052,297.5617,1075.0359,-177.19608
escalon_left
IMG_20241115_104156.jpg,escalon_left,313.09543,514.96655,-518.6094,320.62567,507.88995,-498.32355,324.6428,508.77884,-498.3151,328.70526,509.83627,-498.35767,308.77673,507.1961,-499.8871,304.31424,507.5031,-500.02805,299.72083,507.89178,-500.09683,335.8477,518.9892,-351.91977,293.90005,516.0652,-360.6785,320.8882,527.8402,-462.05832,305.1867,526.5549,-464.855,372.86438,595.9168,-215.42531,251.58057,592.72485,-252.14326,389.4596,682.67993,-121.64437,236.8139,685.08325,-169.35236,374.77505,750.3395,-208.57693,217.18651,760.7573,-227.75233,371.3077,775.7969,-233.3672,212.96095,786.0117,-249.7379,364.52393,768.2657,-269.77994,218.00616,785.5808,-290.56906,364.0434,758.1332,-223.57684,222.40826,778.3222,-244.8205,346.7957,745.47784,18.930315,273.36813,748.43945,-18.798477,348.72998,832.6208,-396.27676,274.14484,899.9619,-123.38849,339.25397,1002.36316,-284.23746,291.15378,1043.1254,-7.7069664,331.5398,1023.08057,-278.72635,300.12582,1055.916,-6.182371,352.2205,1048.6985,-461.89612,288.31943,1091.9221,-193.12276
escalon_left
IMG_20241115_104158.jpg,escalon_left,355.73056,501.52634,-411.593,361.17334,492.61786,-389.1217,365.15378,493.26392,-389.15433,368.61145,493.9705,-389.21432,349.23532,491.67474,-395.6944,344.74472,491.66193,-395.73312,340.29312,491.84174,-395.81143,372.30405,501.83685,-234.78374,332.92844,499.0314,-266.61044,362.73126,514.99866,-351.88095,347.6139,513.29065,-361.17932,407.79092,588.9347,-103.30118,292.5697,578.9855,-168.88956,420.79736,679.12744,-11.833155,273.78394,670.62836,-105.516815,432.03674,757.35254,-140.48752,270.2299,755.4293,-212.98828,437.43787,780.0438,-178.43135,266.7269,778.1952,-251.21097,430.50824,779.44336,-223.32697,278.33948,778.2108,-299.5569,426.6302,771.38275,-161.0022,281.0811,772.08624,-233.47412,384.29416,756.9563,19.276665,317.9088,754.14056,-19.258389,384.73065,905.7665,-64.577774,308.26553,886.29364,-87.74803,368.5743,1042.8634,129.85272,297.0979,1036.3091,91.616264,363.3188,1055.2676,138.13371,291.5841,1046.6245,100.075645,375.54294,1088.3325,-44.717728,298.34103,1080.6971,-91.939224
escalon_left
IMG_20241115_104159 (1).jpg,escalon_left,374.0718,521.0933,-450.16162,381.62933,512.54663,-428.75406,385.04648,513.2483,-428.79416,388.18793,513.8585,-428.85605,369.84448,510.69177,-431.95593,365.24405,510.29047,-432.04297,361.00528,510.06403,-432.09692,392.69406,520.0519,-279.17477,355.75693,516.0716,-295.32925,380.06082,533.4458,-391.1616,365.13156,531.42633,-395.98474,428.2422,599.7387,-160.2376,311.1653,591.1173,-175.42584,446.2445,685.44727,-85.12177,295.0986,680.23865,-111.76254,458.1941,769.75964,-181.2102,281.0779,758.13403,-222.01305,464.80777,794.2792,-208.80641,277.15622,780.115,-261.4211,456.20462,794.0498,-248.42242,282.66727,780.12726,-302.76883,450.58145,786.209,-198.86061,287.44568,772.8403,-241.70769,399.30725,759.4162,-8.337874,330.5242,752.0068,8.498124,392.13025,898.6726,-141.58751,315.23718,848.7583,-326.83224,377.13068,1049.179,-15.700329,308.64438,1008.40405,-170.3615,374.88107,1065.7876,-14.211874,312.24496,1027.5392,-162.67458,386.60532,1090.9471,-199.34512,289.1145,1055.6599,-350.58316
escalon_left
IMG_20241115_104459 (1).jpg,escalon_left,324.52307,588.23553,-267.59467,330.81335,580.77203,-245.74503,334.30222,581.6973,-245.75534,338.14127,582.727,-245.79665,319.61862,579.3218,-250.21472,315.04172,579.2597,-250.23761,310.44778,579.302,-250.28853,344.51892,592.3576,-117.56155,303.57486,587.3485,-139.78186,330.59982,602.39264,-218.47142,316.60486,599.8688,-225.08435,378.77264,673.14526,-35.21961,258.68137,667.5137,-75.68495,400.21902,756.4602,42.291134,240.26968,754.63525,-13.77872,415.7709,832.4021,-39.009537,229.36063,835.94006,-47.825542,419.0736,857.80145,-56.228798,225.86697,860.88586,-61.88529,412.74536,856.02203,-91.279335,232.0258,860.2436,-93.08182,409.24503,847.98883,-52.82984,235.63022,852.81213,-59.794262,352.93243,832.0074,11.798297,281.90805,838.8561,-11.783703,355.98282,894.08545,-417.43408,281.14655,989.62213,-77.409065,353.0421,1082.3354,-354.6276,288.03452,1126.9807,51.470318,345.92862,1097.0963,-352.93292,293.6808,1140.8777,55.56548,350.96182,1137.0306,-515.9944,293.89206,1170.5344,-101.23318
escalon_left
IMG_20241115_104459.jpg,escalon_left,324.96057,587.2793,-379.98718,330.967,580.022,-357.58218,334.8389,580.6482,-357.5879,338.53094,581.29877,-357.6528,319.78857,579.0412,-360.68698,315.55823,579.0717,-360.72635,311.12515,579.2384,-360.76663,343.06757,588.2339,-213.04736,304.0818,587.02264,-228.20601,330.47543,599.16394,-324.10083,317.1847,598.01624,-328.67694,380.32407,671.74744,-101.330734,260.10648,667.16315,-134.26427,403.88248,755.5451,-19.02535,237.40086,756.68976,-66.259796,420.36948,831.8653,-128.13548,223.06958,839.9771,-126.44371,425.5404,855.5844,-154.61224,218.12689,864.4768,-146.26825,419.80566,854.26056,-196.65385,224.2028,864.1478,-187.00829,415.9183,846.12054,-145.93604,228.56374,858.05725,-142.57062,351.1689,824.10583,9.010253,280.1492,831.40796,-8.976062,356.36426,883.82635,-479.37775,284.46274,980.13745,-60.179512,356.04883,1071.8696,-424.81985,297.4019,1124.4506,88.559845,353.68723,1082.7739,-424.69913,310.10037,1143.8231,93.44474,349.59726,1122.3043,-612.815,300.07156,1170.9125,-80.55827
escalon_left
IMG_20241115_104500.jpg,escalon_left,318.75198,584.6138,-355.89954,326.3509,576.791,-335.01843,330.3529,577.5734,-335.0126,334.41745,578.4321,-335.06555,314.8452,575.53723,-337.0694,310.76318,575.5075,-337.1208,306.49228,575.64136,-337.18677,340.44684,585.4,-196.40976,301.3971,583.9077,-207.18547,324.94168,596.3882,-302.2796,310.881,595.08734,-305.56897,378.75818,668.5099,-86.05972,256.97046,664.1495,-126.33036,397.58673,753.4681,-0.07517149,240.0454,752.00366,-64.63527,413.08035,830.82996,-95.894196,227.7589,834.08936,-120.67116,416.8152,857.1509,-118.204414,222.67493,861.23596,-140.20135,410.7487,856.0541,-158.18901,228.94963,861.2128,-176.95886,406.90305,848.13306,-112.35546,233.2324,853.86383,-135.0569,350.68933,824.6786,14.611787,279.42545,831.98395,-14.617182,356.23883,896.547,-468.29675,283.37582,985.4774,-75.33346,354.93372,1076.4993,-391.78665,291.93756,1127.947,80.08513,349.63647,1091.0778,-389.34735,307.647,1142.4434,85.76781,351.4806,1131.0614,-573.5377,301.0144,1168.3104,-88.55311
escalon_left
IMG_20241115_104501 (1).jpg,escalon_left,319.52777,590.4814,-235.89268,325.9932,582.5965,-215.70595,329.80893,583.3831,-215.70529,333.51483,584.19507,-215.73457,314.91257,581.1001,-219.0048,310.71817,580.9584,-219.0238,306.42578,580.98047,-219.06242,337.89212,591.1835,-96.896675,299.26355,589.4915,-113.82683,324.96915,603.2999,-190.37259,311.18915,601.205,-195.42491,375.57214,674.2595,-16.996119,254.24245,668.90234,-64.04218,393.9953,759.5199,61.119614,238.59464,754.70526,-12.688875,405.64194,839.59296,-7.315418,230.52576,833.2024,-46.309845,409.14682,867.2721,-23.18017,227.93658,860.1599,-62.124935,401.9998,865.7085,-56.160053,234.89636,858.8224,-91.14834,398.35526,857.94775,-20.553507,238.23625,851.31604,-57.65781,347.40207,830.92896,15.845744,276.61478,838.1772,-15.807383,356.63416,936.9076,-357.94522,279.2506,990.1631,-73.182106,347.70084,1092.7859,-315.4539,286.45456,1126.7231,32.93275,340.04398,1107.9142,-315.98657,291.8827,1141.5895,34.82332,354.4095,1136.9647,-475.10986,291.71683,1164.119,-115.24238
escalon_left
IMG_20241115_104501 (2).jpg,escalon_left,316.35733,590.515,-264.67825,322.81607,582.35364,-245.03969,326.54535,583.19006,-245.0355,330.42816,584.0344,-245.0649,311.36008,580.71063,-247.96649,307.0419,580.5488,-247.9921,302.28207,580.6138,-248.04077,334.74988,591.2259,-124.44977,295.5909,589.7153,-140.14116,321.8517,603.53186,-218.05754,307.49103,601.60693,-222.81938,373.24377,674.75226,-35.69793,252.54773,670.9393,-80.036705,391.524,759.5618,48.2113,237.40932,760.24774,-17.02911,405.3146,840.23065,-20.552048,229.33597,842.0258,-44.052876,409.2269,867.2876,-35.810005,226.64421,868.85486,-56.823425,401.92383,865.6515,-69.35256,232.7027,868.24896,-86.939064,397.93488,858.0564,-33.729637,235.82967,860.93744,-55.156258,346.6488,829.22485,15.292602,276.84387,837.6295,-15.248845,353.3272,903.0789,-400.7313,278.84702,989.0546,-79.8667,351.47354,1084.9702,-351.95212,286.01074,1129.5807,31.115782,344.67767,1101.3474,-351.40027,292.04694,1150.482,33.741646,351.81116,1138.6896,-511.60095,292.9438,1168.1298,-120.16368
escalon_left
IMG_20241115_104501.jpg,escalon_left,322.33594,585.6974,-299.66428,328.12827,578.14185,-279.19754,331.94073,578.8767,-279.20053,335.3568,579.5904,-279.24814,317.09186,576.82855,-283.40103,312.79367,576.75024,-283.43518,308.49564,576.7996,-283.49878,338.95126,586.2432,-149.98692,300.5383,584.8858,-170.33125,327.69452,597.6748,-249.26387,314.17303,595.95447,-255.39977,376.01404,669.84186,-55.0339,254.78085,666.3965,-99.94746,394.6212,752.2384,27.253443,238.1426,754.5503,-39.18982,408.18222,825.8625,-54.744095,229.40532,836.35266,-78.27469,410.78955,851.81006,-73.41917,226.57196,864.14453,-94.29257,404.97516,850.0711,-109.741806,232.91574,863.23584,-128.22353,401.69257,841.7225,-69.38495,236.25223,855.712,-91.02355,350.55725,823.8915,10.824222,279.53812,834.1033,-10.835949,352.49976,891.557,-417.951,281.57788,984.58887,-57.646767,356.75143,1078.1584,-386.54645,295.84814,1126.7487,63.149124,356.00333,1097.1351,-388.66873,312.97763,1142.3378,66.06039,358.69028,1126.814,-561.57,301.1921,1165.6951,-92.12292
escalon_left
IMG_20241115_104502 (1).jpg,escalon_left,315.51385,590.66644,-258.31107,321.06143,582.77856,-238.2723,324.79028,583.33105,-238.27097,328.56683,583.9759,-238.30414,310.07584,581.9838,-240.7088,305.97482,582.07544,-240.73515,301.51254,582.31836,-240.78893,333.15488,591.25684,-117.03008,294.35822,590.87177,-129.80016,321.54016,603.0895,-211.58293,308.09772,601.98645,-215.49767,371.6456,677.1923,-32.456375,251.5732,672.94446,-70.060745,390.04453,762.9785,46.86036,236.0582,759.9712,-7.1114554,401.6103,840.8343,-24.72767,228.36641,840.6675,-38.71521,406.02206,868.07837,-40.3341,225.08548,867.19775,-53.032234,397.69662,866.72925,-74.42122,231.28293,866.2432,-83.2471,393.5099,859.2777,-38.02291,234.72415,859.3544,-50.187393,345.42636,833.9232,13.721914,275.58673,841.8267,-13.717376,355.9369,936.8651,-403.4825,278.65878,992.2028,-73.521576,350.65613,1092.4331,-349.32455,289.7541,1132.9388,51.819633,346.63,1103.7595,-348.602,295.06268,1146.6979,55.467617,350.04578,1141.1494,-515.69775,295.66446,1170.3765,-100.04785
escalon_left
IMG_20241115_104502.jpg,escalon_left,313.51392,591.9778,-279.20605,320.60602,584.0205,-260.34464,324.48425,584.6658,-260.3456,328.51657,585.3571,-260.38608,309.28595,582.82196,-262.98508,305.3019,582.7515,-263.01706,301.1553,582.8527,-263.06146,334.2063,591.8841,-139.39165,296.30463,590.7663,-153.33392,320.29977,604.0331,-232.12743,306.59348,602.8851,-236.38446,372.69385,678.08167,-45.12354,252.67245,673.92554,-89.48,387.80142,762.7353,43.86356,237.42094,761.85315,-27.16266,399.8515,841.71234,-25.040768,229.85655,842.364,-65.72471,403.99857,868.6563,-40.47543,226.57945,869.4349,-81.04365,396.41486,867.0615,-74.59889,231.61371,868.9282,-112.96652,392.57037,859.4155,-38.50571,234.87318,861.86194,-77.90756,345.5082,834.9108,15.89556,276.58475,842.2925,-15.890901,358.24713,935.21857,-337.90497,278.2997,990.8087,-73.16474,349.87152,1098.659,-289.10306,288.74756,1128.6222,37.87102,342.48276,1113.5068,-289.94995,294.44846,1143.7742,39.71214,357.5481,1141.1045,-455.4132,295.47394,1166.1602,-115.5632
escalon_left
IMG_20241115_104503 (1).jpg,escalon_left,311.97092,590.7261,-329.13425,318.47757,582.3645,-308.28928,321.91745,583.2106,-308.2842,325.96997,584.14575,-308.3226,307.15576,580.9234,-310.05576,302.92993,580.854,-310.11996,298.249,581.07794,-310.19012,331.04782,591.91626,-177.90744,291.7615,590.3823,-187.47884,317.9906,604.21716,-279.22015,303.38312,602.58844,-282.20044,370.8244,677.1009,-75.59326,249.72156,672.273,-112.7843,386.14832,763.3086,15.081343,233.80191,759.1172,-46.0633,397.41522,839.83813,-64.4895,226.98222,841.5109,-87.04648,400.3835,866.03467,-83.60687,223.81462,867.8308,-102.42084,393.79922,864.7886,-120.876976,228.93042,867.5373,-137.44739,390.37195,856.81464,-79.456314,232.17079,860.694,-100.23844,345.3632,833.5447,13.413326,275.38385,842.07434,-13.361237,351.77148,904.4006,-462.20325,278.03387,988.5585,-59.00237,349.09573,1086.0894,-410.5614,289.77573,1121.949,89.4495,343.90247,1099.6558,-410.56973,302.9836,1136.1809,94.50905,347.5239,1134.1572,-594.0722,296.83862,1162.3451,-69.83097
escalon_left
IMG_20241115_104503.jpg,escalon_left,311.51535,590.36224,-302.76965,318.36633,582.018,-282.27048,321.96432,582.84424,-282.2652,326.04086,583.71594,-282.2993,306.75122,580.73706,-283.9578,302.4295,580.7614,-284.00824,297.7351,581.0389,-284.0778,331.46912,591.33685,-156.37817,291.74878,590.3378,-165.53795,317.75092,603.3921,-254.55412,303.1248,602.00836,-257.43045,371.0695,676.0523,-61.347458,249.5171,672.14813,-98.61471,386.89578,760.90076,24.248184,234.28658,758.9029,-32.49338,398.01917,837.45593,-53.81856,227.54153,839.553,-68.23965,401.36014,863.1763,-71.20317,224.70062,865.9333,-83.30246,395.05038,861.7526,-107.052956,229.9497,865.15564,-115.37613,391.50528,854.23474,-68.1708,233.12039,858.06757,-80.34231,345.63165,833.13074,13.584459,275.0276,841.6249,-13.566597,352.76974,904.4854,-437.37332,277.40408,989.8131,-70.71992,350.7272,1083.6707,-376.5563,283.98355,1126.1995,65.182526,345.86234,1097.1466,-375.36606,289.85165,1144.738,69.25773,347.89716,1134.6324,-549.9382,285.0062,1164.2638,-92.53691
escalon_left
IMG_20241115_104504 (1).jpg,escalon_left,311.69528,592.3443,-292.90894,318.88544,584.199,-271.6996,323.22504,585.32605,-271.6987,326.83505,586.4757,-271.71304,307.1108,581.72656,-274.19702,302.16003,581.2064,-274.23297,297.59384,580.78864,-274.29816,333.66284,595.6775,-146.90414,291.26328,589.863,-160.6556,317.69873,607.7078,-245.51274,302.1026,604.5415,-249.75784,368.95526,680.8887,-59.16919,247.05336,673.5829,-89.60922,383.15875,766.71234,24.099428,235.82016,762.9642,-16.005157,393.79626,844.1267,-47.50336,226.64551,846.459,-44.350525,396.5527,870.36017,-63.909294,223.97208,871.7024,-57.00313,390.3985,869.3121,-99.234886,228.7572,870.73676,-90.20081,386.81665,861.14935,-61.464703,231.66142,864.0994,-57.051662,343.41263,835.01215,10.914528,273.22992,843.1858,-10.8592415,350.61957,899.795,-415.2398,275.22644,993.5394,-62.11654,347.22815,1091.7185,-394.5186,282.46454,1131.4207,31.668335,341.65216,1106.2205,-397.37393,287.84836,1151.9203,31.624191,348.72574,1139.7108,-571.17505,285.07062,1169.9204,-126.11779
escalon_left
IMG_20241115_104504 (2).jpg,escalon_left,309.24292,595.1393,-255.40335,316.8233,587.0005,-235.75755,320.67004,588.1876,-235.75789,325.0892,589.477,-235.794,304.82748,585.0392,-239.40628,300.08603,584.85657,-239.42326,295.3822,584.805,-239.46703,332.75272,599.7275,-117.47081,289.94098,592.52026,-136.54681,315.7579,610.30756,-209.85403,300.8198,607.1195,-215.56824,365.98764,681.41595,-40.008976,245.05206,675.90576,-78.18255,380.6432,768.4101,37.60007,230.29198,765.7813,-17.398054,389.18585,847.16785,-28.817396,220.73082,846.54944,-45.229183,392.22815,873.1383,-44.811928,217.68658,872.6592,-58.6854,386.48538,870.807,-76.595856,223.24344,871.8971,-89.10805,383.1349,863.2175,-41.469296,226.67284,864.19855,-57.199947,340.47775,836.8988,14.896341,269.0816,843.46716,-14.870755,349.21237,912.4912,-366.798,272.60217,996.6971,-76.23995,347.85358,1096.1753,-313.71695,274.74548,1126.0604,31.863787,341.76587,1111.1812,-312.89847,282.2351,1141.3394,34.629738,351.78647,1150.9451,-469.6447,285.4236,1170.6404,-114.103294
escalon_left
IMG_20241115_104504.jpg,escalon_left,311.37128,590.6646,-292.81827,318.23218,582.5678,-271.2879,321.80942,583.4348,-271.29263,325.70224,584.3151,-271.3058,306.75626,580.7039,-274.119,302.53156,580.50916,-274.16782,297.9513,580.42017,-274.2386,329.95047,591.58673,-144.08003,291.17496,589.9408,-158.2065,316.95584,604.2341,-244.5207,302.12866,602.03687,-248.83522,368.55182,677.58496,-51.721973,248.2051,671.1782,-95.152695,383.54825,764.8417,32.188282,235.13435,761.70544,-31.291649,393.64423,843.00586,-45.4129,225.58017,844.7057,-66.04532,396.43457,869.35986,-62.697678,222.85048,869.6173,-81.21514,389.39868,868.08704,-98.58904,227.91982,869.0014,-114.73102,385.96906,859.8219,-59.85485,230.93596,862.3496,-78.86538,344.6968,835.24207,14.232131,274.53363,843.94336,-14.140467,356.7683,925.0394,-425.08154,275.36066,993.8861,-69.61126,350.7874,1086.5138,-378.08466,283.07587,1132.9152,50.135048,347.25894,1097.9419,-378.1864,294.16202,1146.1073,52.778687,346.7879,1137.0145,-550.4541,286.20602,1169.9126,-107.01576
escalon_left
IMG_20241115_104726.jpg,escalon_left,185.93285,621.94946,-240.3211,194.53754,613.6867,-225.27295,198.75856,614.9328,-225.27042,203.08275,616.34155,-225.33936,182.68204,611.2386,-228.3804,178.81001,610.76984,-228.40016,174.8038,610.3523,-228.4045,207.77455,624.23395,-123.94397,169.98647,619.3233,-140.69806,193.12486,634.91223,-200.58157,177.83846,632.80774,-205.39972,242.75706,700.3973,-50.690735,119.06628,691.06146,-95.56081,275.31876,779.3207,31.369307,80.1657,779.71497,-53.655125,293.75626,851.68365,-5.457333,64.46476,867.145,-89.968796,295.63522,874.1049,-22.13858,59.448822,893.02344,-108.16814,287.14865,870.41516,-52.309093,67.65568,892.50464,-136.2954,282.6501,861.1979,-18.209972,73.724846,883.6667,-101.76187,221.03688,863.7432,17.435707,144.27863,868.6826,-17.410284,230.73814,970.2843,-188.04771,151.59212,1017.2687,-78.09771,222.00336,1132.7101,-113.93007,153.85591,1156.6027,-4.9059234,211.22162,1148.6998,-112.10024,153.41467,1171.7246,-5.039557,219.60814,1182.7511,-237.79533,145.07285,1191.0771,-142.19911
escalon_left
IMG_20241115_104727 (1).jpg,escalon_left,191.67288,622.6423,-290.3193,199.85608,615.1486,-272.55814,204.15057,616.45935,-272.57617,208.3318,617.8668,-272.6288,188.07912,612.6693,-276.0147,183.97841,612.2729,-276.03824,179.80379,611.9324,-276.06757,211.22192,625.85,-153.90623,172.98944,619.57404,-173.16644,197.03033,635.58563,-243.90279,182.7825,632.3068,-249.46535,244.8713,702.27185,-64.35231,117.99697,693.7114,-112.61032,272.27362,783.4763,15.578756,79.947914,785.4424,-67.22127,289.06958,855.04,-57.041786,64.86376,872.68585,-117.60497,290.5533,879.4854,-80.28123,61.19315,898.07,-138.08495,282.44342,874.69446,-114.39223,69.11148,896.4197,-171.55821,278.12198,865.08154,-71.7153,74.67448,887.5939,-131.51942,220.09525,870.8416,20.906096,145.46317,876.7936,-20.829084,231.15831,977.5425,-206.41223,152.73502,1024.2507,-88.70484,219.25294,1136.4451,-111.893166,154.09036,1161.0494,8.837718,205.80515,1154.8257,-108.827896,158.54147,1177.3667,10.068118,238.35585,1188.1057,-245.36137,143.22006,1199.8442,-142.22243
escalon_left
IMG_20241115_104727 (2).jpg,escalon_left,189.27454,626.088,-242.32524,198.41862,618.0378,-225.52876,202.81396,619.21277,-225.55339,207.26686,620.4717,-225.59148,186.09235,615.6927,-227.84387,182.03639,615.2807,-227.85765,177.77957,614.9041,-227.9157,212.13243,628.1678,-114.86178,172.44638,622.7001,-129.02368,196.23701,639.1652,-199.27383,181.11897,636.49115,-203.34204,245.85349,706.30835,-41.41108,118.87254,696.3185,-68.176216,272.25092,786.1078,37.80134,82.02921,786.56067,-18.564083,289.17938,856.6548,-32.066277,66.257126,872.93286,-71.46046,291.85583,879.68353,-55.225895,62.417534,900.3701,-91.077324,283.3516,876.8808,-88.80811,70.69417,898.9795,-125.525604,278.92648,868.5355,-46.268314,76.1477,888.41736,-85.85191,222.40656,875.72217,14.429465,145.78867,881.76996,-14.3665695,239.65005,1005.1869,-143.56839,154.59286,1028.277,-93.549805,214.70746,1140.3169,1.9041405,156.03253,1165.0408,10.821854,207.52234,1155.304,10.116412,155.51622,1181.5023,13.622113,227.33617,1188.8538,-114.33347,146.0102,1202.8042,-132.36295
escalon_left
IMG_20241115_104727.jpg,escalon_left,192.39944,622.448,-358.14362,200.06252,613.1057,-339.5108,204.08014,614.17236,-339.51675,208.09094,615.26086,-339.58398,188.03796,611.02716,-343.76498,183.93837,610.77606,-343.83844,179.68874,610.6603,-343.8771,210.459,622.5961,-209.80138,172.87772,618.67377,-232.10452,198.54752,635.50665,-307.09964,184.51152,633.54083,-313.47156,245.49245,701.9689,-98.72884,120.19519,691.9741,-156.04947,274.7714,782.7316,4.440583,80.80519,781.4636,-97.97132,292.80045,854.544,-61.76007,64.71935,870.4778,-151.40042,294.323,876.2414,-83.346924,59.85715,897.21277,-173.33395,286.49814,871.4203,-121.85481,69.2149,896.34827,-206.81374,282.09894,863.2325,-78.18596,75.47491,886.9042,-165.13762,221.95773,869.96533,20.511011,144.6936,874.6612,-20.346079,234.78804,991.2589,-227.32796,153.053,1024.5999,-104.84489,216.10529,1130.584,-92.951515,156.6008,1166.6296,5.0906076,205.29353,1146.605,-85.435905,156.8408,1182.4775,6.985215,227.99733,1183.529,-225.58609,146.50305,1211.601,-160.72047
escalon_left
IMG_20241115_104728 (1).jpg,escalon_left,193.44806,628.0627,-225.96779,200.44562,619.1588,-210.91113,204.30695,620.2772,-210.93178,207.99612,621.4673,-210.98228,188.13956,616.927,-214.96722,183.50624,616.5727,-214.98656,178.76639,616.3694,-215.03687,209.04373,628.4171,-107.73812,169.7321,623.171,-127.89196,198.12259,641.6736,-185.13684,183.47412,639.301,-190.98769,244.63664,704.6168,-41.512325,115.20296,698.34015,-74.55752,275.74863,784.1731,34.403652,77.92289,787.61304,-25.542559,291.4528,853.22687,-31.232986,59.749737,873.5849,-71.80402,293.088,876.69495,-52.491238,54.46879,901.03674,-90.51922,283.86407,871.9269,-84.34052,63.473103,900.07104,-123.5595,279.8446,863.11804,-44.471462,68.48584,891.3861,-85.38837,223.53455,873.5684,12.241996,145.36575,879.0344,-12.20967,233.10547,980.6987,-181.66597,152.96532,1027.7004,-76.33427,215.29384,1138.3828,-74.62489,154.8139,1162.1764,19.820053,215.5132,1153.6252,-70.01088,154.96745,1177.5536,22.095024,214.66869,1186.3403,-194.69733,146.15317,1200.6532,-111.677055
escalon_left
IMG_20241115_104728.jpg,escalon_left,188.08398,626.0748,-219.49721,196.98096,618.0702,-202.11507,201.43585,619.2748,-202.13492,205.89287,620.6394,-202.20036,184.8167,615.8912,-205.76477,180.66693,615.56683,-205.76643,176.38487,615.27094,-205.79543,210.3844,628.7742,-93.81512,170.49876,622.95337,-113.35535,194.86856,639.78723,-177.4295,179.49515,637.0627,-183.06372,244.88231,706.48987,-22.239946,116.839836,696.63965,-69.72346,273.084,788.416,55.81121,79.05238,788.44183,-30.150566,286.85303,856.87024,-0.4331364,64.48875,875.5197,-74.99198,288.70218,880.48364,-20.704384,61.667236,902.28424,-93.944756,280.72943,876.61743,-51.012585,70.295166,900.9417,-124.14427,276.23587,868.0417,-13.239999,75.27705,891.4063,-87.46983,222.44757,874.8887,19.724455,143.45515,880.3586,-19.64085,230.42334,976.9986,-217.30533,152.27084,1028.815,-87.531136,219.18547,1139.9523,-107.22588,155.5457,1162.4733,23.056004,207.61789,1156.4913,-101.62457,156.44685,1177.1533,26.881826,223.79994,1182.5447,-227.30344,148.40552,1208.7693,-113.05172
escalon_left
IMG_20241115_104729 (1).jpg,escalon_left,190.45192,630.3823,-181.69315,198.75436,621.84503,-167.04439,202.90598,622.8939,-167.07658,207.07158,624.0778,-167.12546,186.69838,619.82837,-169.5588,182.76344,619.5208,-169.56587,178.6358,619.2333,-169.62897,210.93965,631.3728,-70.95711,172.89293,626.5039,-84.67057,196.88109,643.69415,-144.30292,182.5767,641.47125,-148.23721,247.15611,708.3782,-10.2387905,118.506676,700.63403,-49.868553,274.95508,788.2547,64.26417,82.25228,790.4413,-14.401165,291.1595,859.3967,7.289119,65.00009,876.98846,-58.490337,293.71088,882.5404,-10.869608,60.36248,905.055,-75.99158,284.87207,879.1303,-40.786743,68.98649,903.49023,-106.406494,280.6427,870.5824,-5.111077,74.24769,893.74414,-71.095406,223.9913,879.1348,17.459826,147.1224,883.81885,-17.464067,243.5162,999.1837,-163.67839,156.0396,1028.3098,-74.48196,215.50534,1137.1482,-44.460102,159.06842,1159.702,30.88836,207.51857,1151.4678,-38.04543,160.16585,1177.1929,34.70359,227.94768,1186.732,-151.18681,150.75502,1197.3755,-93.107574
escalon_left
IMG_20241115_104729.jpg,escalon_left,189.7668,629.3548,-217.7195,198.05576,620.2925,-202.74756,202.1067,621.29565,-202.76605,206.16324,622.446,-202.81584,185.77226,618.43066,-205.83571,181.50073,618.1218,-205.82832,176.96873,617.83044,-205.87186,210.02536,629.4534,-101.205826,170.57109,624.6428,-116.1969,196.2671,642.87524,-177.42015,181.23111,640.78235,-181.82626,246.13135,706.9623,-38.397606,117.44123,698.5183,-64.31554,275.21414,785.8247,32.05849,80.71222,786.79004,-18.324167,291.7985,856.0376,-32.720474,63.05792,873.5327,-63.423317,293.56662,878.5526,-53.303772,56.926098,901.84076,-81.079926,285.43027,874.6821,-85.27121,64.61664,900.954,-113.82946,281.63684,865.9617,-45.982906,70.1643,891.5069,-76.95613,224.57039,875.799,9.932048,146.10492,880.93695,-9.9025135,234.4268,973.4793,-217.7336,153.71619,1026.0513,-74.03347,216.92986,1133.0186,-109.6225,157.95523,1160.457,19.839962,210.81714,1146.603,-104.773445,161.17142,1175.0826,22.060781,217.12935,1186.7919,-230.69458,145.04593,1201.2786,-107.69205
escalon_left
IMG_20241115_105058.jpg,escalon_left,323.68768,388.74878,-573.117,327.98676,377.33093,-547.48145,331.20166,377.57812,-547.49915,334.41605,378.04596,-547.6217,316.53415,376.81393,-549.95013,312.10364,376.8534,-550.05304,307.532,377.27118,-550.08777,334.5018,383.83182,-374.3739,298.14642,384.1223,-388.2669,327.97266,401.9489,-506.60434,314.99475,402.70435,-510.82108,377.6397,469.68143,-244.7775,251.47139,460.42145,-248.95679,401.1163,554.09717,-184.23337,226.91205,546.5697,-165.6356,408.37204,644.1854,-322.44955,223.4778,630.2132,-242.27965,413.91818,670.23004,-363.3356,220.18636,656.8503,-266.06412,404.12265,668.9008,-405.9044,231.22908,653.9232,-309.97354,399.05554,660.6006,-339.88358,235.15749,645.455,-259.4794,350.67038,617.107,14.110206,280.36447,623.90643,-13.964155,356.97495,684.2678,-522.76526,296.87164,750.2862,-107.33336,361.58752,828.1341,-362.05655,309.69736,902.8877,109.1057,354.08093,847.9968,-352.40625,314.5604,920.47595,118.1591,367.03284,878.82574,-554.72015,304.78442,944.1327,-88.53663
escalon_left
IMG_20241115_105059 (1).jpg,escalon_left,327.87817,393.74725,-589.8875,331.21082,382.7271,-563.81744,334.42007,383.14844,-563.8321,337.8669,383.70148,-563.9601,319.56256,381.76328,-566.1643,314.61398,381.6388,-566.2822,309.43372,381.94922,-566.307,339.2027,388.94043,-395.32947,297.8002,388.64313,-408.44345,332.55267,406.5648,-525.87177,318.20914,406.65796,-529.91235,381.40387,476.8789,-270.80704,250.12427,469.03397,-266.11792,400.42007,567.35364,-203.1439,229.81337,555.566,-155.50642,406.06693,654.078,-311.41138,225.17334,636.3776,-179.45601,411.97318,678.5597,-345.9756,222.59456,662.6709,-192.24405,403.18546,677.22437,-384.38394,234.20389,658.0587,-233.67319,398.035,669.2364,-326.4442,237.5074,650.39453,-194.18762,351.86438,625.2919,8.334438,280.88904,631.93665,-8.210045,359.18713,689.15857,-526.9615,291.38974,762.16614,-118.63921,365.62088,836.326,-328.31702,299.34018,895.6282,145.61365,355.60623,864.38196,-315.6798,302.47095,912.0497,160.27406,365.63757,891.4531,-521.1085,296.748,938.98596,-47.09358
escalon_left
IMG_20241115_105059 (2).jpg,escalon_left,328.4707,391.2981,-599.45636,332.30048,380.58548,-572.63947,335.7986,381.27924,-572.6607,339.4082,382.15103,-572.7991,320.26334,379.21503,-574.808,315.26978,379.1846,-574.91705,310.0599,379.29022,-574.95337,341.87326,388.4325,-400.91956,299.09442,386.26794,-412.60162,334.28488,404.3306,-534.4881,318.54907,403.60712,-538.13885,382.6099,475.25812,-276.7375,251.41568,465.79266,-267.0192,401.5504,563.6866,-216.41074,231.20853,554.48456,-155.15884,405.86105,653.95026,-338.0841,227.94957,633.44666,-182.05797,410.7465,678.2267,-375.86407,224.12462,661.45874,-196.21573,402.85587,676.93726,-415.5719,234.53522,658.53766,-239.04301,398.23453,669.204,-354.04828,238.4986,650.0757,-197.58812,351.5184,622.21674,8.351413,280.58475,626.48615,-8.220171,359.96774,687.49945,-534.5585,294.78882,760.3161,-115.39052,361.94012,830.0293,-329.49457,308.89395,900.9266,145.15721,355.9405,842.92847,-316.27792,312.61246,917.51654,159.28244,365.62302,883.78754,-524.5303,306.104,944.0881,-51.947044
escalon_left
IMG_20241115_105059.jpg,escalon_left,326.9833,391.3288,-590.8554,329.7105,380.57095,-564.45557,332.7433,380.99976,-564.4794,335.9752,381.54883,-564.59985,318.5448,379.56335,-566.1958,313.8668,379.4433,-566.30786,308.74057,379.66873,-566.338,336.3783,386.86224,-393.65662,297.218,386.28406,-404.39694,331.35742,403.82703,-526.0603,317.32346,403.79504,-529.4465,380.04877,473.92682,-269.87903,248.38097,466.65298,-259.34448,401.8052,564.99023,-208.13878,227.31995,551.0646,-155.3132,406.90198,652.29956,-326.1793,225.64778,632.9099,-199.19519,413.42706,676.58105,-363.24887,224.05064,658.5032,-215.07632,403.53653,675.1217,-401.84705,235.64348,653.43134,-257.04373,397.7056,667.1351,-341.37482,238.8614,645.71625,-214.46771,352.59128,624.7747,9.333971,281.7629,631.2467,-9.130706,367.41553,711.63464,-514.19165,291.94717,762.3676,-135.34457,368.69284,839.1196,-305.01324,301.2088,893.27844,127.722435,364.08118,857.07886,-291.43076,304.48114,912.07153,141.75668,374.35605,894.8752,-496.77316,299.29855,937.02344,-68.6003
escalon_left
IMG_20241115_105100.jpg,escalon_left,326.93787,392.17575,-596.0819,329.58246,380.47418,-570.11127,332.3926,380.6579,-570.1437,335.26385,380.94092,-570.2701,318.56833,380.33676,-572.3167,313.70465,380.54724,-572.4294,308.81708,381.09436,-572.45685,336.33347,386.67535,-399.12393,297.20117,388.05222,-411.40915,331.8757,404.7625,-530.8631,317.90475,405.11993,-534.62354,382.58136,473.9624,-278.08392,251.51523,466.29645,-261.5441,403.83936,565.58466,-224.45792,229.97179,555.957,-148.37085,406.4993,654.4333,-354.566,229.02008,636.25726,-180.78183,412.44693,679.42163,-394.12625,224.90228,662.18195,-194.97821,403.13727,677.39636,-434.53378,235.0556,659.69794,-237.59389,398.3425,669.54376,-370.84903,239.07527,651.8456,-196.1388,352.33078,622.3742,3.814437,281.80838,626.9846,-3.6347504,355.69516,691.9335,-510.72943,293.47876,754.8511,-84.25967,362.21753,833.61975,-344.9581,300.88083,892.00684,143.98619,356.58163,848.8284,-335.33075,313.1697,917.2926,154.34158,362.94458,877.58276,-537.85925,299.98004,940.56665,-47.402878
escalon_left
IMG_20241115_105101 (1).jpg,escalon_left,324.29318,393.42963,-597.1764,328.13025,381.17126,-572.7275,331.59192,381.3871,-572.7506,334.5827,381.66144,-572.85394,316.00818,381.09085,-572.38153,310.94635,381.38574,-572.4871,306.53064,381.82175,-572.50714,337.05093,386.99127,-404.66806,296.9821,388.70145,-405.05084,330.52335,406.14044,-532.7604,314.95978,406.7712,-533.0841,383.9331,474.58282,-274.97006,251.96477,467.632,-252.09978,404.41772,564.4527,-210.93752,230.70032,555.25745,-130.20502,408.7141,652.9888,-332.44315,229.95757,634.9703,-165.77019,414.4678,679.3253,-370.64786,226.63104,663.1432,-178.9028,404.01364,677.2361,-410.725,237.19798,659.81116,-222.93748,399.33932,669.36816,-347.92743,240.83313,651.1325,-181.33876,352.62253,622.97375,4.1655807,280.92514,628.3843,-3.9235022,356.57812,685.31165,-542.5138,293.68552,759.5867,-95.00687,363.7398,835.1553,-398.8329,298.6966,896.5009,129.07053,357.13434,856.1713,-391.70392,310.8775,920.903,139.09998,365.78122,886.2275,-602.3751,300.7393,945.1918,-67.68356
escalon_left
IMG_20241115_105101.jpg,escalon_left,324.6547,391.017,-599.12695,328.21732,379.43466,-572.6688,331.66888,379.80164,-572.6977,334.69153,380.17065,-572.8363,316.1444,379.124,-573.85876,311.06964,379.4438,-573.9687,306.69876,379.89407,-574.00415,337.30157,386.11496,-400.36612,296.99857,387.5081,-407.44086,331.41995,404.07538,-533.57825,315.42734,404.34247,-535.8968,384.4063,474.8741,-277.07568,251.79724,466.57172,-258.68805,404.5226,565.49664,-225.45566,231.50938,555.0014,-158.0645,407.52298,653.1686,-348.02783,230.8367,640.72015,-201.37569,413.09335,678.6106,-387.49,226.59245,667.67,-217.7145,403.22168,676.88086,-427.6853,237.41696,664.2669,-260.58527,398.40143,669.1283,-363.89804,241.44891,656.18256,-217.1893,353.77606,622.07416,6.6817245,281.6182,627.31573,-6.5358615,357.91675,682.09546,-553.7469,294.8871,759.15173,-99.18249,364.65503,833.8458,-397.18216,300.34235,900.50757,138.25012,359.19174,848.73224,-388.74033,309.4663,918.7533,149.33157,363.11514,879.84625,-602.07166,298.6244,943.6128,-59.580273
escalon_left
IMG_20241115_105102 (1).jpg,escalon_left,320.8537,391.80957,-568.6968,326.34552,380.2771,-544.02527,329.9896,380.55334,-544.0523,333.61374,380.91986,-544.1775,314.3871,379.7693,-543.4923,309.7796,379.86176,-543.5944,305.25378,380.10492,-543.6393,337.69485,385.9218,-375.7866,298.0164,385.93094,-375.4437,327.4232,404.63617,-504.20312,313.12018,405.59146,-504.36932,381.5598,471.9964,-255.79166,250.86967,464.8484,-230.51476,403.21713,559.9493,-207.25572,230.47214,550.9351,-140.65965,406.64597,647.6874,-346.75305,228.63736,633.9822,-216.62056,411.53284,673.85486,-389.5664,224.6374,661.8705,-238.08862,401.3984,671.6145,-430.30746,235.7463,658.5958,-283.2421,396.95523,663.4028,-363.35275,239.65033,649.78284,-234.22144,350.45914,620.9144,2.1921718,279.22913,626.21375,-2.0471191,354.04987,680.5571,-562.8448,295.96985,756.0031,-82.65694,359.85785,826.04987,-395.40378,304.8383,900.79956,153.61826,356.63113,843.3949,-385.63092,317.19266,920.6623,164.85973,357.75708,873.719,-593.2371,304.59665,944.8202,-38.391174
escalon_left
IMG_20241115_105102.jpg,escalon_left,328.00052,394.419,-583.08527,330.6184,382.76648,-558.7916,333.5039,383.09424,-558.8193,336.53314,383.5285,-558.9492,319.52786,381.93405,-559.1801,314.80667,381.89185,-559.2834,309.89517,382.1554,-559.3254,337.44098,388.48578,-390.631,299.63297,388.62885,-393.61722,332.47186,406.73065,-518.23413,318.48712,407.2757,-519.3536,384.46774,473.6925,-267.8147,252.33331,464.9074,-244.81226,403.70898,564.9588,-215.91292,232.65088,554.7553,-149.27509,405.13333,648.0382,-346.5084,229.75038,637.21,-211.24387,409.65396,675.80383,-387.6027,225.38315,664.55176,-230.25943,399.8472,672.6564,-427.83035,235.77362,661.1486,-275.55368,395.66998,663.8169,-362.75272,239.91733,652.58984,-228.53975,351.73227,621.5106,0.7760819,280.142,625.6434,-0.605069,353.00543,679.92175,-560.5728,291.00122,757.63525,-78.23882,359.8358,834.1588,-413.10284,298.83514,902.0824,152.52672,357.7905,847.42444,-405.61975,315.66946,918.4909,163.15865,355.03394,875.24316,-615.8587,301.11853,942.8856,-37.667995
escalon_left
IMG_20241115_105103 (1).jpg,escalon_left,322.21582,389.328,-548.6789,326.67056,377.76215,-523.0698,329.87518,378.06616,-523.0884,333.03665,378.46222,-523.1913,314.93237,377.1666,-524.3048,309.9488,377.20728,-524.41614,305.32947,377.4959,-524.46924,335.21286,383.84216,-356.94055,296.6325,384.09125,-364.86737,327.6979,402.4137,-485.3461,312.93146,403.24316,-487.90253,380.9149,471.86737,-234.52632,249.63324,464.59076,-235.80348,399.73468,559.0876,-166.58893,231.49352,545.4075,-160.57379,406.3589,647.3889,-283.86453,229.38264,628.38873,-244.47011,412.6062,674.71924,-320.48172,228.39731,657.73126,-267.90366,401.57938,672.3998,-359.60498,238.44115,653.9086,-310.93704,396.69614,663.7517,-299.1342,241.57643,644.3944,-261.25146,351.47083,623.3199,9.084716,279.43268,629.71106,-8.943827,355.80563,685.6635,-520.88446,293.11987,755.7186,-106.540306,362.60175,833.7931,-352.04736,310.78937,901.2177,123.51192,360.27274,849.44775,-342.1148,315.47513,918.8717,134.66522,370.78262,884.42316,-540.8389,305.26086,941.96094,-67.314476
escalon_left
IMG_20241115_105103 (2).jpg,escalon_left,320.9316,384.6939,-568.67303,327.76608,375.03632,-542.78,331.53317,375.39124,-542.79144,335.12164,375.8133,-542.86273,315.75934,374.35394,-545.2411,311.47983,374.39398,-545.369,307.12604,374.61765,-545.4156,337.54657,381.9133,-373.74442,300.3846,381.0115,-385.94937,326.69846,397.78967,-504.11813,313.17468,397.70035,-507.95847,378.86215,466.8933,-243.42851,254.27518,458.78876,-257.2846,402.90405,545.2391,-176.07121,231.04723,542.11194,-193.38425,405.92456,636.2418,-296.52283,227.4472,622.58875,-280.70102,412.67902,665.6971,-334.2391,226.41791,648.89746,-308.88495,403.80304,662.89703,-375.58746,236.07188,647.08734,-352.83356,397.01273,651.4802,-313.6261,239.45789,638.6161,-298.63348,350.1724,608.1803,9.755786,278.752,613.0936,-9.601566,356.53915,672.9658,-511.7477,290.40005,740.7263,-117.26757,363.67175,832.90576,-368.3075,298.9993,882.9361,78.815765,361.02078,850.0919,-360.77106,306.30118,897.4125,86.78604,361.16394,884.4868,-571.3554,301.8179,923.05975,-118.1691
escalon_left
IMG_20241115_105103.jpg,escalon_left,328.3473,389.2788,-547.2463,330.64963,378.13562,-518.50323,333.55307,378.4682,-518.54016,336.54114,378.8761,-518.6558,319.58994,377.41724,-523.37225,314.86212,377.3111,-523.4856,309.61044,377.4765,-523.555,335.4583,384.27994,-341.9226,297.23703,384.20734,-367.12518,331.89102,402.18427,-480.81604,318.38605,402.96597,-488.42618,380.57388,472.0432,-215.61003,249.42937,464.68265,-235.87659,399.4035,555.295,-131.51215,231.73672,545.8521,-163.21838,405.54132,644.7855,-241.2192,230.21565,629.1113,-246.98001,413.11237,672.09827,-275.82986,228.54288,656.1658,-270.30035,403.43237,669.64136,-317.42477,238.78632,653.6051,-316.24835,397.59402,660.11707,-257.3078,241.84363,644.4351,-264.80472,349.4977,621.1674,11.142122,278.4649,626.5993,-10.949502,356.3817,705.8281,-551.2739,291.58026,754.3828,-122.82026,356.70465,837.8079,-392.88248,296.65063,901.7892,96.42284,354.7223,852.6753,-383.69635,303.9041,924.1132,106.05847,362.02548,884.84564,-587.95856,296.0446,949.7268,-99.95343
escalon_left
IMG_20241115_105104 (1).jpg,escalon_left,325.79767,383.6943,-519.8376,331.59756,374.2414,-492.91724,335.1077,374.54938,-492.973,338.49197,374.9208,-493.06903,319.7501,373.49258,-495.26346,315.15045,373.4118,-495.38095,310.53006,373.5121,-495.45627,339.57547,381.3366,-324.78943,301.97397,379.90564,-336.6507,330.32495,396.47913,-456.66302,317.1244,395.96918,-460.42294,379.91696,468.0756,-203.78915,255.03203,458.5656,-217.26044,401.57043,546.58923,-142.73442,233.01266,539.40546,-155.13806,404.98138,636.55304,-267.11298,230.66191,619.98816,-243.89876,411.44186,665.46045,-305.25452,230.62401,647.00616,-270.55084,402.93466,661.5803,-347.59915,240.32957,644.9685,-315.37387,396.2306,650.2709,-284.8174,243.55624,636.13275,-262.2438,349.8976,611.64996,11.040831,277.41275,618.23987,-10.800755,356.64825,666.3489,-566.01263,288.75333,745.4957,-125.66234,364.98804,829.12976,-461.14392,295.93344,896.0031,43.967003,361.4435,849.9866,-457.01468,305.14847,915.97375,48.622215,364.5202,887.25037,-668.68115,297.71585,936.76685,-157.48854
escalon_left
IMG_20241115_105104.jpg,escalon_left,322.60797,387.7251,-513.3178,328.50082,377.66052,-487.43124,332.23083,378.23145,-487.4549,335.77356,378.96295,-487.5163,317.19028,376.49957,-492.2123,312.7562,376.33072,-492.3191,308.12485,376.3185,-492.3597,339.89188,386.25238,-324.64258,300.1227,382.84338,-348.3885,328.83826,401.3133,-451.18634,314.78473,400.2881,-458.34558,379.68616,468.31305,-202.66467,251.84851,460.759,-231.78505,401.49814,547.6261,-138.51202,230.12778,546.47205,-170.52179,406.64798,638.4621,-238.65558,232.51228,621.4188,-235.75272,413.89093,667.5256,-270.66232,231.7511,649.04285,-260.77982,405.258,664.21216,-310.82523,240.56297,646.36285,-300.30032,397.92188,653.43536,-255.41934,243.8642,637.35266,-252.0982,352.04498,611.6535,15.47039,277.80115,616.08875,-15.224265,358.55392,666.1529,-487.70035,291.26218,732.78357,-165.50357,366.16977,829.31274,-434.76874,298.62878,892.2153,-72.44981,363.02673,852.1349,-434.9933,304.33875,910.53455,-73.66886,362.29782,888.4345,-632.4412,297.67126,929.6048,-269.31268
escalon_left
IMG_20241115_105105 (1).jpg,escalon_left,327.46268,386.27533,-521.03625,332.53036,378.48517,-495.90005,336.10495,379.65012,-495.90973,339.59253,380.99673,-495.956,320.96738,376.2787,-502.2011,316.00818,375.92108,-502.34238,311.09424,375.89215,-502.4112,340.64755,389.8133,-337.9079,299.83292,384.67157,-367.41135,332.71112,400.93842,-460.6283,318.5327,398.5283,-469.5909,376.67114,475.14978,-221.99628,249.53705,463.16116,-257.5419,393.15485,554.92523,-147.28918,229.94476,544.55896,-193.28108,394.99628,635.6612,-224.0657,228.10132,619.62604,-235.22273,398.516,662.1979,-247.48505,227.63264,647.6635,-253.09596,392.56442,656.6635,-284.87628,236.42267,645.53467,-291.85495,386.68652,647.2016,-239.19518,240.27386,636.64294,-250.99171,350.1467,612.79486,10.509766,276.11935,617.26514,-10.29731,355.62094,667.52954,-500.56815,290.32007,740.3144,-125.78947,368.50925,824.82904,-440.17136,297.68787,891.6552,-10.772938,365.2089,846.4088,-439.6046,309.8906,908.9819,-9.351295,364.49097,881.79926,-633.64215,298.37625,923.3651,-194.21048
escalon_left
IMG_20241115_105105.jpg,escalon_left,327.11758,388.04428,-523.05585,332.22147,379.50772,-497.53506,335.59927,380.21866,-497.54407,338.8496,380.98892,-497.61963,320.9524,378.31207,-501.9384,316.46207,378.25516,-502.07132,311.74805,378.44113,-502.13248,340.5501,389.31168,-336.92194,302.4458,385.9005,-357.8071,332.22623,402.4052,-461.81863,318.7712,400.93353,-468.28177,378.91266,474.85535,-221.57272,252.55096,462.5104,-242.69955,395.91476,553.10236,-146.17972,229.01115,538.91656,-167.76753,398.52313,638.6868,-235.28568,228.08917,617.7537,-217.67474,404.3517,665.6522,-261.9002,226.96165,645.0354,-237.12535,396.85544,661.04065,-300.46915,236.49203,642.39795,-276.03036,390.68747,651.11584,-250.71677,240.22765,633.55865,-233.28484,349.45013,615.3727,8.580163,275.4262,619.1354,-8.432726,354.68628,672.7508,-487.4978,287.79718,737.42566,-152.78676,365.89862,826.1096,-340.8434,296.33807,888.86566,11.183538,362.55298,842.40045,-331.70612,303.28036,905.1019,17.23664,363.3132,883.1111,-522.2447,295.8099,927.87463,-175.61053
escalon_left
IMG_20241115_105106 (1).jpg,escalon_left,306.29272,387.8621,-521.3399,312.56213,380.68085,-492.6677,316.41504,381.42624,-492.72433,320.11426,382.39447,-492.80096,300.41577,380.00586,-495.63147,295.64175,380.27014,-495.78595,291.0765,380.87524,-495.89948,323.5532,391.21338,-323.66364,283.8585,390.1575,-338.47903,313.47092,400.48364,-458.98462,298.52988,399.29993,-463.55585,363.40002,475.22903,-193.14774,239.75513,470.2554,-233.19623,384.79138,556.06177,-127.17572,221.78134,550.274,-178.84607,389.56006,636.8275,-232.1893,219.3495,629.0078,-249.12831,395.5858,662.9204,-260.6148,217.12988,655.7068,-273.3736,389.63898,658.74945,-301.8379,227.54355,652.95197,-314.1239,384.0117,649.5398,-249.7749,230.96957,644.2456,-266.134,343.28836,616.10547,22.220694,268.65204,622.2709,-21.966623,351.6481,673.273,-573.793,284.28702,743.94617,-144.78145,364.8478,829.28894,-571.92944,292.96808,900.5779,-23.198406,361.43637,853.6752,-577.99554,302.551,923.5244,-23.848286,377.82394,875.3354,-798.3414,290.34296,938.0911,-232.82227
escalon_left
IMG_20241115_105106.jpg,escalon_left,312.8363,388.16437,-496.78613,318.46216,380.45984,-470.00476,321.87683,381.27435,-470.0301,325.3492,382.15915,-470.1034,306.73474,379.22705,-471.83325,301.8531,379.3258,-471.9698,297.27356,379.71313,-472.05075,328.74115,390.58862,-307.695,289.33838,387.87766,-316.9141,319.63715,402.0784,-436.01733,304.277,400.6389,-438.97388,368.12543,475.9571,-190.11908,243.3917,467.49426,-203.60847,390.2351,556.4052,-114.44078,223.93094,545.6135,-128.9493,390.43518,634.14514,-217.36075,223.88986,624.401,-196.05246,393.19455,660.121,-247.18022,224.00319,651.58026,-216.49158,386.06625,653.72205,-286.3872,234.7058,647.8496,-256.7433,381.5532,644.6296,-233.05455,237.60934,638.8574,-212.05025,349.6075,622.77856,10.913102,273.9887,631.02783,-10.676802,352.66235,671.4881,-553.85913,287.09137,746.98486,-129.45593,363.6074,828.44574,-435.32388,297.6139,905.1678,41.6996,359.1947,851.72217,-429.28488,305.88623,921.3097,47.086143,365.63184,879.7893,-631.68976,296.13904,940.75073,-155.67888
escalon_left
IMG_20241115_105107 (1).jpg,escalon_left,297.727,408.21518,-576.6847,301.9815,396.60126,-549.73785,305.44678,396.52603,-549.7494,308.994,396.51056,-549.8425,289.5857,397.2027,-555.0922,284.582,397.74335,-555.2124,280.13947,398.44647,-555.2419,311.3234,401.18942,-373.4955,270.88208,404.44434,-401.8073,304.52878,420.35925,-509.12506,289.77362,421.82623,-517.43146,356.04965,475.11786,-221.16586,234.19499,482.80716,-282.48758,384.1438,552.2431,-134.27571,224.72923,567.29395,-223.6961,400.3193,635.04846,-243.27243,227.95009,641.5626,-304.33212,406.19193,661.4316,-276.4567,225.93927,668.7769,-333.17877,401.33014,659.0009,-316.54446,238.88788,662.3847,-374.8422,395.20044,649.425,-260.5998,241.72067,653.10645,-321.31827,347.5297,623.6066,29.30075,279.2878,633.9459,-29.083113,372.75906,675.92236,-444.1655,286.79816,751.2139,-200.93587,362.14267,831.98334,-271.24292,298.23938,899.98627,-15.04537,350.05618,851.5321,-259.85785,301.75104,919.55774,-7.473567,391.41434,877.57666,-438.53177,300.0422,941.3449,-216.73172
escalon_left
IMG_20241115_105107.jpg,escalon_left,307.0934,385.35254,-499.3596,312.15268,379.87225,-470.17386,315.5973,380.84518,-470.2387,318.94415,381.88257,-470.32236,300.65714,378.5868,-473.39825,295.89795,378.8713,-473.56296,291.0235,379.45135,-473.68515,320.76215,390.83527,-305.57495,281.59674,389.36115,-320.92557,313.43738,399.23242,-439.2554,297.9213,397.01053,-444.15662,361.80945,474.3816,-185.05661,238.15332,469.19034,-211.42613,384.14807,556.74664,-113.01008,221.2365,547.3158,-148.02338,390.20554,634.197,-199.46031,220.73747,626.42413,-213.34088,394.8214,660.55536,-224.83093,220.30571,650.09766,-235.5438,387.82584,655.9507,-264.77145,229.10233,648.2733,-278.58493,383.21024,647.02844,-215.7944,231.90025,640.463,-231.53001,344.32205,614.865,17.494751,269.53116,620.6735,-17.15111,347.34888,671.47754,-578.3016,285.91782,729.8697,-211.54166,364.1202,834.26953,-518.66187,300.06384,880.82385,-65.196045,362.25745,856.48865,-519.74414,303.6366,897.01306,-62.652008,359.45685,887.5513,-741.544,301.0133,919.4475,-274.46484
escalon_left
WhatsApp Image 2024-11-15 at 10.59.43 AM (1) - copia.jpeg,escalon_left,359.82022,271.81317,-265.4967,357.17056,250.17473,-252.26816,355.82123,249.02498,-252.30733,354.23233,247.47804,-252.3511,354.65417,249.94806,-306.5694,351.5911,248.72495,-306.65805,348.06714,247.16692,-306.7692,329.16602,244.0625,-153.13237,321.97736,245.10597,-399.19144,347.46957,284.62592,-220.34131,344.32275,284.32346,-292.01245,279.9422,333.89084,13.831496,263.15195,332.82944,-470.4124,276.80743,474.1084,132.29556,246.3243,474.6493,-506.5786,321.0088,562.62256,118.94306,282.80048,608.90314,-465.60535,336.7262,586.4594,121.028824,276.6102,643.36316,-511.14792,338.0636,585.9972,78.75663,290.48434,642.8617,-513.8989,330.963,579.5952,97.85211,294.33426,630.7626,-464.9222,281.79916,579.781,133.35394,243.24915,584.1873,-133.19481,381.46378,656.31415,246.09772,235.41238,751.1427,-8.71651,343.11374,808.4905,452.31506,223.80237,917.9872,173.23407,324.97287,843.43286,466.98846,207.01363,944.3506,181.59523,408.43735,845.7123,404.2962,282.6985,965.8685,37.058567
escalon_left
WhatsApp Image 2024-11-15 at 10.59.43 AM (2) - copia.jpeg,escalon_left,360.00574,262.19614,-235.62218,355.93192,240.07034,-222.43121,354.20255,238.72711,-222.46658,352.21405,237.13684,-222.4814,353.96442,240.44757,-275.18753,351.00464,239.55203,-275.2718,347.38272,238.34705,-275.38168,327.13702,235.60638,-128.7357,320.7844,237.1978,-368.3028,347.56366,275.41583,-192.93962,344.69608,275.30032,-262.5591,280.72763,331.23987,33.016235,258.76608,327.79294,-442.39062,279.6887,471.4347,140.70651,247.38133,472.32983,-481.60236,320.57156,558.0473,118.71037,278.71472,607.7679,-448.83203,334.42075,577.6889,119.57316,273.4312,639.9973,-494.50494,336.2346,577.05194,78.99906,287.96848,640.78174,-496.8344,331.30127,572.5793,98.296394,291.28677,630.73035,-448.32333,284.44922,576.0339,131.09833,254.24544,579.91046,-130.99373,382.28928,655.75836,271.36517,232.4455,741.95496,-28.659473,340.20895,803.59344,484.61453,221.87466,914.21387,115.556625,320.68134,840.5885,499.84128,204.24222,941.1467,120.53761,403.75952,834.72687,450.4329,278.03363,953.3734,-13.178319
escalon_left
WhatsApp Image 2024-11-15 at 10.59.43 AM (3) - copia.jpeg,escalon_left,343.61243,246.81734,-264.50937,338.55624,227.54413,-248.64268,336.85803,226.6199,-248.70174,334.83768,225.49695,-248.74394,336.42166,227.6019,-303.7397,333.11246,226.81877,-303.81976,329.35007,225.81866,-303.96896,308.5014,225.63748,-142.89305,301.41977,226.222,-391.64157,331.20395,262.37622,-217.65341,328.11325,262.35672,-289.98035,267.11218,323.94775,29.050037,241.41045,318.59097,-473.05078,278.55426,466.1917,142.57433,229.99539,468.2686,-514.2115,320.74762,550.0318,112.11514,266.56073,602.64655,-487.18533,335.41907,575.5618,107.07831,260.11298,634.74243,-537.4704,336.48343,575.9206,66.03258,275.45132,635.5117,-547.90576,329.3364,572.8634,90.57847,279.70557,625.18494,-489.90247,269.19296,561.8179,139.2804,226.15445,566.96466,-139.17236,369.23083,644.0113,211.45229,220.15207,734.76,-38.199505,330.02884,795.80255,428.86096,209.96739,901.0508,165.74506,310.90146,829.9133,444.2087,194.00322,928.8793,175.56383,396.9094,829.0166,372.66483,269.53918,946.006,20.236525
escalon_left
WhatsApp Image 2024-11-15 at 10.59.43 AM (4) - copia.jpeg,escalon_left,339.24564,246.66681,-242.18794,334.43912,225.01282,-227.43874,332.8648,223.9518,-227.48994,331.01218,222.65549,-227.49933,332.52243,225.4578,-283.21313,329.6947,224.72903,-283.304,326.5464,223.7721,-283.43512,305.23837,221.56314,-129.80565,300.92136,222.87204,-382.56296,327.89682,262.10544,-197.98431,325.0547,261.7236,-271.54187,250.63844,309.67188,42.081932,245.71367,312.15073,-466.34262,264.97296,451.63052,145.13773,231.9964,458.604,-515.07874,311.8964,535.86285,107.26011,268.63443,595.5383,-487.5149,325.24634,559.5041,107.68099,263.83615,626.5105,-538.38434,326.78888,559.31775,63.874905,278.84735,624.9651,-541.29816,320.1377,554.9503,85.20495,281.80493,615.0489,-487.33005,256.18164,555.94617,147.5836,225.17574,560.0325,-147.45059,363.94208,641.6454,244.7201,218.95273,728.1412,-61.10384,324.9477,800.0238,431.24725,212.26987,900.33295,96.60375,309.75003,832.1115,442.98218,194.00023,930.74915,101.55459,394.62857,829.5434,384.31308,275.26956,930.2385,-39.634846
escalon_left
WhatsApp Image 2024-11-15 at 10.59.44 AM (1) - copia.jpeg,escalon_left,334.53268,231.98047,-249.34503,328.87616,212.33978,-234.15677,327.33902,211.59222,-234.20248,325.51822,210.68982,-234.23581,326.66992,212.18921,-287.8238,323.79596,211.32541,-287.90875,320.56796,210.32013,-288.03244,299.5495,211.9205,-133.12617,294.17792,212.05295,-376.2178,324.37802,248.50212,-204.26234,321.35284,248.81813,-274.96417,258.44415,312.84796,39.14057,235.47578,310.20996,-458.13126,271.39777,452.15363,147.61185,235.85797,455.89642,-498.73428,313.9365,543.14624,119.52517,277.5606,590.8,-469.22787,327.28363,571.24945,118.395584,273.4563,621.6839,-516.8342,329.71332,570.19556,78.350334,288.1445,621.4572,-522.0217,325.23132,563.34143,98.3828,291.6607,611.00275,-469.8892,276.23273,554.7671,137.2843,240.69888,559.1182,-137.19261,375.59296,637.6315,262.54587,228.59941,728.39636,-46.466423,332.86847,791.7044,474.1433,217.20378,899.4977,98.65091,315.35336,825.6846,488.67157,198.45314,929.2056,103.19624,400.9974,821.5176,429.2499,279.43433,943.3357,-43.98672
escalon_left
WhatsApp Image 2024-11-15 at 10.59.56 AM (3) - copia.jpeg,escalon_left,351.60938,325.59637,-191.89285,350.83875,306.93683,-179.03539,349.77615,305.9796,-179.06865,348.366,304.81,-179.11748,347.44748,306.57294,-226.81323,344.4053,305.3024,-226.85843,340.83475,303.63742,-226.96057,325.36057,301.47012,-90.29127,314.4055,300.51297,-306.85587,340.43488,338.39423,-151.31949,336.3471,337.97043,-214.51608,286.74835,388.64288,63.972595,263.77338,374.29193,-386.18707,294.211,509.35632,147.99997,272.13434,517.93524,-418.09885,322.291,613.6392,120.61242,303.38934,633.76447,-393.03705,333.8452,643.73975,121.76272,303.79657,669.7173,-433.07175,334.94382,646.70544,82.72002,315.76105,671.9506,-435.45667,331.37292,635.7002,101.416824,318.1085,660.5304,-391.8701,289.7216,600.1657,125.96443,258.11185,596.562,-125.90892,414.52917,697.5001,67.10843,265.53806,772.09607,-136.31294,379.96777,855.07294,168.92564,255.8984,928.42554,-64.86128,362.55682,887.5862,171.84206,237.06459,958.87604,-66.53274,451.81592,886.74817,105.82428,321.09744,967.33795,-202.32787
escalon_left
WhatsApp Image 2024-11-15 at 10.59.57 AM (1) - copia.jpeg,escalon_left,360.3109,341.46576,-163.29521,361.90677,325.0299,-149.11745,361.23334,324.3534,-149.14188,360.36288,323.44397,-149.16841,358.43445,323.38943,-198.07129,355.5351,321.46072,-198.11333,352.1343,318.93417,-198.21016,338.6173,316.13147,-58.335815,329.8003,311.72046,-280.9036,348.67813,353.08252,-122.747185,343.67935,351.3144,-187.626,305.20688,390.03363,84.06085,262.52145,375.91843,-357.96786,311.5408,507.66357,179.34184,265.3575,514.5425,-396.98798,335.93896,606.8742,148.09471,294.96918,637.9199,-374.28656,351.7829,632.2997,149.80978,294.50113,674.8743,-411.08072,353.78033,632.31757,109.731415,308.4551,679.07776,-413.38596,346.6627,627.10724,128.01144,310.717,666.8049,-372.8691,295.43628,606.7429,121.74172,258.42218,601.5541,-121.610916,412.59497,704.7315,36.702255,260.5758,771.52954,-148.09048,379.41275,859.6308,118.57987,257.29282,933.01526,-84.74403,360.11548,895.0543,119.93462,240.58301,960.1045,-87.414955,448.2691,890.98096,50.885265,323.92673,963.84735,-214.16473
escalon_left
WhatsApp Image 2024-11-15 at 10.59.57 AM (2) - copia.jpeg,escalon_left,360.0335,339.6186,-137.27039,360.80917,323.7503,-124.390114,359.694,322.78528,-124.3902,358.23996,321.46512,-124.36883,358.74146,322.6857,-173.10756,356.43204,320.93713,-173.14409,353.5194,318.66754,-173.23041,335.11584,313.064,-46.472073,330.97375,311.6947,-267.32166,347.88712,351.0362,-101.18921,344.51978,349.9264,-165.36208,290.41537,386.6662,90.280815,271.588,376.8286,-347.28467,288.3159,512.5376,164.6302,270.1571,518.5153,-389.5525,314.87726,612.2026,126.93532,290.4092,641.7666,-360.41043,323.70325,643.6188,129.86977,291.3283,679.1151,-400.45135,328.00604,644.6279,92.21581,303.6815,682.30347,-395.18204,324.64233,632.8045,108.00219,305.95062,669.973,-356.1438,285.98755,611.76154,122.37523,270.81577,607.80835,-122.26816,404.5409,709.5417,80.00295,263.87692,765.45667,-46.37983,323.31757,891.8787,131.79468,268.63693,927.2059,72.13369,298.87347,915.0321,131.50063,260.67456,957.6236,76.84261,375.41675,926.32947,66.44722,384.27863,942.10266,-4.9521556
escalon_left
WhatsApp Image 2024-11-15 at 10.59.57 AM (3) - copia.jpeg,escalon_left,359.42587,347.5152,-168.79526,360.74863,331.00958,-155.9749,359.70663,330.0258,-155.97212,358.41946,328.8015,-155.96085,358.47287,329.81277,-206.06052,356.0055,328.02383,-206.1336,353.07355,325.80167,-206.23956,333.9696,318.82837,-73.71555,329.47937,316.68466,-300.76068,346.57025,358.00552,-130.87332,343.23572,356.65643,-196.92444,291.79205,388.3972,65.536964,264.6163,381.89252,-373.42236,288.84714,510.7365,148.71977,259.46884,521.5809,-411.94254,318.4632,610.6223,111.823135,288.2847,639.997,-379.48615,328.54706,636.8892,114.1301,289.1214,675.80237,-417.97504,330.0213,638.86615,75.899345,302.02435,676.7917,-415.96182,326.5028,628.8431,92.52007,305.06818,665.5255,-376.24298,282.9151,609.6199,119.968185,260.4448,606.898,-119.804054,403.46964,708.2795,61.047867,255.49646,769.7796,-69.4329,365.83557,863.8342,122.84276,254.5043,931.8222,35.143,341.95447,901.2979,122.578125,243.67317,959.6256,37.16677,393.1468,900.9966,49.140644,345.6731,953.08075,-65.97256
escalon_left
WhatsApp Image 2024-11-15 at 10.59.57 AM - copia.jpeg,escalon_left,355.14517,342.15796,-129.46169,357.11554,325.3651,-115.57016,356.2766,324.51218,-115.58544,355.2445,323.51575,-115.58526,354.53473,323.68973,-161.70453,352.05817,321.8555,-161.72516,349.18597,319.6421,-161.76099,333.99255,315.1069,-32.937035,328.5078,311.31396,-243.2192,342.98608,352.8714,-92.53662,339.11102,351.11066,-153.77129,280.8601,383.28027,100.69456,266.53668,374.45084,-324.2892,283.66425,513.71533,168.48752,271.51523,514.3319,-359.81046,315.32065,622.38135,128.58972,296.9901,635.72314,-329.31177,326.13626,651.8149,129.74382,294.66965,672.4402,-367.3787,327.46277,651.62854,90.61986,306.9302,675.6028,-364.26324,324.79514,640.92926,108.99183,310.3367,664.56287,-326.1352,271.6896,604.9504,119.75924,257.01248,597.40765,-119.64917,387.545,712.7374,69.256355,265.48343,764.5905,-130.31323,366.04523,859.18915,126.78159,268.77768,926.3192,-91.801834,336.5886,890.86456,125.718,250.99382,957.4962,-94.63546,424.66647,906.45355,71.87669,337.2447,951.5152,-186.0194
escalon_left
WhatsApp Image 2024-11-15 at 11.00.19 AM - copia.jpeg,escalon_left,334.0295,295.80484,-168.578,328.0634,279.28284,-153.55777,326.99518,278.974,-153.58138,325.73694,278.70105,-153.59546,325.1483,278.45135,-205.49806,322.05966,277.5615,-205.55432,318.92972,276.6712,-205.63962,304.47018,282.15573,-56.984516,296.4754,279.7262,-291.3652,327.42102,311.9509,-125.320206,323.73468,311.31384,-193.52968,275.3365,379.9805,108.5998,250.53287,364.796,-385.4508,279.3892,511.03827,191.47816,239.99475,498.9322,-437.79617,313.3928,609.42224,121.08212,278.22638,619.9028,-425.52518,323.63083,640.38403,113.92524,282.2656,653.37,-470.94778,331.00507,641.7154,72.76613,300.8536,649.6844,-472.7225,327.447,630.54865,98.43782,303.18707,638.94965,-424.028,285.7542,606.71906,140.63745,260.73462,603.8871,-140.55885,399.02374,721.4502,113.67532,252.47063,774.4343,-134.59946,370.9122,866.1881,255.14705,227.18903,937.8064,-42.41799,347.467,900.0831,261.64334,202.61334,966.20874,-42.956818,432.41373,896.32385,186.80667,300.57022,980.3578,-192.29613
escalon_left
WhatsApp Image 2024-11-15 at 11.00.20 AM (1) - copia.jpeg,escalon_left,327.66235,287.07578,-161.29958,320.7505,269.36517,-146.32181,319.90088,268.83563,-146.3388,318.9373,268.3917,-146.34381,317.8358,269.16312,-195.5915,314.7315,268.49384,-195.63713,311.5201,267.9426,-195.71092,298.39673,271.32413,-47.908436,287.66617,271.70407,-270.17374,320.56296,301.62015,-117.35268,316.9287,300.65768,-182.11523,267.86264,367.88837,117.861336,248.04562,353.05112,-361.8343,269.5647,499.44586,195.16537,236.1216,485.53098,-412.7705,299.7526,601.69635,124.29066,270.216,605.89026,-405.68826,312.22968,633.05865,118.614006,273.44565,640.62427,-449.95523,317.07428,635.13556,75.6181,291.6095,636.5994,-452.30154,313.66406,623.7007,101.36753,293.34183,625.49036,-404.528,271.83667,597.614,139.2258,252.9711,592.8151,-139.14236,390.72757,713.2075,105.11552,251.14165,765.265,-138.1574,368.04782,859.3683,204.65744,222.09259,935.8475,-82.74269,347.92505,894.04425,206.61078,203.92293,966.2683,-87.32099,437.37204,888.7621,129.23697,296.1342,976.3203,-235.1734
escalon_left
WhatsApp Image 2024-11-15 at 11.00.20 AM (2) - copia.jpeg,escalon_left,330.0907,286.09003,-119.789505,321.8524,268.89185,-106.02308,320.47028,268.31036,-106.04601,318.97125,267.77393,-106.029976,319.98148,268.7803,-154.92365,317.3793,268.1677,-154.93665,314.73804,267.654,-155.00319,298.16873,272.19205,-19.024252,293.3684,271.93484,-240.87895,322.3206,300.33612,-80.30485,319.77194,299.6513,-144.56786,266.97366,369.07373,137.29984,248.6478,354.49194,-336.36917,269.65936,503.7292,206.6234,234.95615,487.44122,-384.3601,294.88812,603.0217,121.93524,271.96985,607.13965,-361.214,303.23996,638.1098,110.910286,274.00888,642.33734,-403.0171,307.39496,640.27594,73.399124,291.85117,640.5761,-402.66202,306.78177,625.7321,101.01339,293.81665,629.60205,-358.49216,266.61768,598.4307,141.22398,257.70685,593.63965,-141.26073,376.76843,712.235,127.72866,322.02917,718.93994,-121.73718,306.04037,907.81067,213.92711,296.8785,893.5735,-36.691902,279.80954,935.55066,216.38338,270.89838,927.62115,-33.159443,371.31854,949.57,151.01779,402.89877,904.0869,-118.28029
escalon_left
WhatsApp Image 2024-11-15 at 11.00.20 AM (3) - copia.jpeg,escalon_left,332.55328,291.11725,-166.33711,325.74295,274.06366,-151.54112,324.8826,273.60284,-151.56082,323.92917,273.12555,-151.56819,322.9727,273.65808,-200.41254,319.83783,272.84216,-200.45862,316.44745,272.02283,-200.53864,303.02292,275.80362,-55.99877,292.67474,274.70233,-276.11618,324.42145,306.11774,-123.57713,321.02286,305.21274,-187.5908,273.00705,372.4417,109.38471,252.02448,357.97192,-366.4477,273.61093,508.0932,187.05722,238.39598,491.14578,-412.84076,303.3672,606.31866,118.094734,274.77682,611.7274,-402.38144,315.00726,638.05615,112.0391,278.0672,644.92236,-446.51773,320.40863,638.30505,70.605644,296.32736,640.4297,-448.93094,317.40155,626.0311,95.78018,297.60513,630.1904,-401.34897,276.6588,606.5441,139.36688,259.9112,601.66205,-139.32076,393.39523,714.8382,121.415985,257.15613,766.79517,-131.56874,369.05756,864.48944,223.04497,228.58911,937.97485,-65.25747,347.50842,899.17206,225.26309,208.82927,969.2895,-67.71856,443.84174,891.412,150.78427,300.12512,979.01013,-204.74576
escalon_left
WhatsApp Image 2024-11-15 at 11.00.20 AM (4) - copia.jpeg,escalon_left,330.98416,289.43524,-70.21053,324.44955,273.07376,-56.600185,323.6012,272.7429,-56.62511,322.6208,272.33893,-56.606014,320.48077,272.69147,-101.78714,317.10522,272.28336,-101.772484,313.7975,271.83368,-101.77953,303.13934,276.47345,30.337446,290.07678,276.26172,-174.25194,326.08612,306.47232,-31.156384,321.1834,305.89426,-90.603584,277.9785,369.77664,178.0095,250.3028,356.12482,-272.98962,277.29135,503.2144,255.38882,235.78249,490.24878,-320.79758,306.15097,602.41315,186.60338,269.73187,613.9167,-291.79538,314.42374,632.2427,178.6091,271.8011,647.9518,-330.00223,320.5909,634.5834,138.15147,292.05475,644.2842,-328.39725,317.45093,621.953,164.50273,293.9501,634.8534,-288.29108,276.86688,600.3662,126.16992,264.08432,595.33636,-126.00503,332.67642,761.71436,50.987865,268.1365,764.5897,-114.77349,238.82314,939.02454,62.64208,320.1581,910.07117,-70.31088,211.49677,975.4823,56.926548,300.3621,947.1164,-73.42968,335.844,979.74475,-25.726362,421.91293,902.9641,-170.38086
escalon_left
WhatsApp Image 2024-11-15 at 11.00.20 AM (5) - copia.jpeg,escalon_left,335.98483,293.77344,-161.75616,329.32718,276.8202,-149.3006,328.30774,276.46307,-149.33365,327.2549,276.06323,-149.34868,325.93903,276.29562,-197.71826,322.83618,275.7451,-197.77661,319.53375,275.0964,-197.86014,306.4846,279.76685,-55.71184,294.3039,279.0906,-274.456,330.05478,310.33405,-119.09856,325.02893,309.48718,-182.9786,282.99963,375.10107,108.50975,254.34993,359.75183,-364.07205,280.91934,504.87064,207.30997,237.45897,490.3858,-411.83786,313.6571,604.5472,157.86127,272.40976,614.7722,-397.90192,323.16183,635.609,153.41512,276.47662,648.3538,-439.21732,329.86008,636.37933,111.638664,294.52875,645.96985,-442.9884,325.54456,624.9177,135.97572,295.77325,636.4173,-396.65103,290.29175,605.6402,131.04428,259.04993,604.2284,-130.88551,403.11786,715.6867,133.78848,257.57812,773.7705,-115.70465,370.87784,864.8756,254.79291,228.00319,939.81683,-31.047344,351.09875,894.5346,259.72922,206.4104,972.9492,-32.611736,441.9035,892.6848,191.44524,298.51016,987.98816,-179.59395
escalon_left
WhatsApp Image 2024-11-15 at 11.00.20 AM - copia.jpeg,escalon_left,329.86786,294.66315,-81.18225,323.99432,277.86404,-66.95637,323.1042,277.38245,-66.94404,322.1582,276.8518,-66.889984,320.5424,277.42786,-111.86787,317.3652,276.77234,-111.86861,314.18997,276.093,-111.886185,302.0377,280.73383,20.077951,291.15646,279.32675,-184.45592,323.70636,310.30386,-42.41879,319.3838,309.84433,-101.56322,274.12308,372.7441,170.28214,250.46191,360.19922,-282.53125,269.36588,507.1264,231.04022,238.42538,497.36725,-330.50775,302.80563,607.3216,143.56198,276.59583,616.9306,-297.8223,312.33563,639.12036,133.47781,280.45166,649.69385,-336.63358,318.25302,641.4293,94.19514,300.28946,645.98975,-332.98297,316.86545,630.26196,121.89962,301.84332,636.43445,-293.14682,274.39594,605.9063,132.80927,265.27133,601.9163,-132.70352,294.81387,768.6914,95.11038,388.7419,716.13007,-93.43816,226.5038,932.4268,113.71467,369.03867,866.92145,5.964005,204.97566,967.8307,109.21154,335.64246,918.8946,10.020013,299.92166,969.25714,40.63772,435.6219,887.8924,-51.66565
escalon_left
WhatsApp Image 2024-11-15 at 11.00.21 AM (1) - copia.jpeg,escalon_left,337.57492,292.54764,-149.01624,329.8251,276.57062,-135.04082,328.7655,276.0983,-135.04504,327.52618,275.63724,-135.03287,326.89584,276.2071,-184.65028,323.856,275.48627,-184.69243,320.7873,274.78406,-184.76718,307.99637,279.80942,-41.541134,298.5231,278.87057,-265.6389,331.2509,308.1729,-106.94435,327.85477,307.32718,-172.13441,279.2558,374.7085,123.11034,256.26172,359.93207,-360.6036,275.9959,505.07736,195.64432,236.05176,494.92035,-414.96112,306.85135,606.36816,114.68874,272.92963,612.9354,-402.4589,318.34595,637.87256,108.4906,276.89197,647.00323,-445.51578,325.74777,639.5587,66.652084,297.03122,643.601,-443.4236,322.225,628.82166,91.76568,298.80576,633.5294,-399.1367,282.3726,602.54114,137.52702,265.5891,597.6139,-137.43382,397.0255,720.61224,88.813286,259.67163,772.5998,-148.26254,374.70184,869.54675,165.19383,230.0152,936.1423,-99.732796,354.21704,903.30566,165.09511,209.59193,969.2077,-103.62477,441.34818,897.93713,88.31247,309.3482,980.51196,-236.00636
escalon_left
WhatsApp Image 2024-11-15 at 11.00.21 AM (2) - copia.jpeg,escalon_left,343.7231,293.17166,-157.99599,336.712,276.6364,-143.7961,335.53906,276.30292,-143.84264,334.26605,275.9308,-143.84697,334.07285,275.88324,-193.61136,331.01434,275.1131,-193.66893,327.91562,274.45407,-193.76675,313.89838,279.607,-48.659573,305.53836,278.4503,-273.54977,335.66016,308.3427,-115.32715,332.71112,307.32797,-180.94235,289.06848,379.437,115.78463,254.54678,358.79846,-367.89444,282.6538,508.89612,203.73628,225.43297,488.56442,-424.24323,312.4415,603.9941,139.183,254.32874,610.60583,-422.38425,320.59665,631.3255,134.17604,254.41847,646.5161,-467.37946,327.67175,631.2748,91.451385,275.04428,643.1977,-469.67166,321.14935,622.58936,116.48917,279.18195,633.9837,-421.38678,291.0852,605.82056,136.46811,255.35876,604.2814,-136.30211,399.4777,714.58716,138.89272,258.83997,779.0005,-123.55283,378.96454,863.2921,260.70908,230.14731,937.01447,-38.731632,360.065,894.8125,265.01282,209.75801,968.78406,-40.826622,453.06424,891.19006,192.72128,305.6452,985.6244,-192.49706
escalon_left
WhatsApp Image 2024-11-15 at 11.00.21 AM - copia.jpeg,escalon_left,336.0288,293.29993,-180.54996,327.73697,276.12567,-167.54358,326.5778,275.72565,-167.57112,325.2751,275.376,-167.56851,325.20837,275.9649,-217.84195,322.15417,275.46402,-217.90953,319.04752,275.07104,-218.0234,305.09146,279.99792,-73.01481,297.08676,280.1201,-300.26556,329.44858,307.64847,-137.42572,326.2708,307.23233,-203.64647,279.27502,373.40588,94.44322,253.13518,361.10315,-388.6627,277.07184,505.20963,183.22672,233.80249,494.85077,-440.49365,306.62183,605.1928,120.76616,271.10965,616.05383,-429.03235,318.51733,635.20734,116.56705,273.95505,648.8988,-472.4144,326.1446,634.9734,75.140144,293.25986,645.3625,-473.67188,320.70358,624.3971,98.64199,294.7968,636.1396,-427.0745,290.81818,605.7187,134.4419,260.65414,604.3993,-134.3069,401.96823,717.17847,118.69967,258.34363,771.51025,-117.16505,375.83676,866.0792,234.4999,230.24968,935.6021,-25.862253,355.24136,898.4278,238.39967,210.68881,968.03455,-27.21829,441.18253,896.74036,159.84937,303.58163,983.80585,-177.30579
escalon_left
WhatsApp Image 2024-11-15 at 11.00.22 AM (1) - copia.jpeg,escalon_left,352.32974,298.1057,-156.43712,345.35913,279.76562,-138.7615,343.7188,279.23187,-138.80548,342.07272,278.74707,-138.81065,343.88495,279.129,-191.19598,341.10126,278.1824,-191.22017,338.01376,277.22656,-191.28444,320.56882,281.82858,-33.827053,315.69577,280.13895,-272.00244,342.0229,312.6079,-110.95589,339.69327,311.56894,-180.40164,294.99634,386.06412,131.65982,255.93263,361.0105,-368.21643,302.85532,514.9363,225.58936,230.74858,490.9242,-431.35803,347.91162,611.8772,142.34598,247.5994,615.67773,-449.8132,363.52563,637.7473,134.02904,246.51894,649.9279,-503.68668,365.49545,636.4691,83.81032,266.3459,649.8445,-508.56314,357.58615,629.3572,117.05225,271.8935,639.0325,-450.99762,291.2959,609.9516,145.69159,253.06062,610.8495,-145.60126,398.52515,722.0668,205.7632,258.36835,783.0045,-110.1495,381.3516,865.4075,371.064,229.89938,947.04926,-10.3842,361.56934,900.42053,380.61182,210.3161,978.4492,-10.034307,445.58923,898.9783,314.43228,297.45358,992.27527,-165.47295
escalon_left
WhatsApp Image 2024-11-15 at 11.00.22 AM - copia.jpeg,escalon_left,370.5867,293.93185,-175.05487,363.94006,277.88965,-159.33379,362.59097,277.17566,-159.38109,361.01962,276.38354,-159.4116,362.16528,277.5955,-213.41704,359.5592,276.6386,-213.4557,356.52457,275.59146,-213.60059,339.04663,278.22324,-60.59921,333.57993,277.6255,-304.0031,359.54987,307.66058,-130.87302,357.19333,307.3972,-201.71861,301.52655,370.78564,111.66609,277.43756,357.2676,-406.46506,291.1211,500.39825,198.56192,252.68196,486.59726,-463.54752,312.3542,605.83136,123.975006,270.94717,611.96204,-455.32953,325.7321,642.32697,115.31213,268.02957,644.48047,-504.87885,329.9818,639.35095,75.589165,288.12503,645.32605,-506.02563,325.61215,628.9666,101.41706,292.41495,635.2326,-454.06042,300.10226,601.03534,147.56119,265.71536,600.06055,-147.504,405.2908,719.65564,178.35641,267.16,773.24524,-99.779945,374.73495,864.6522,374.80548,238.54625,938.8644,33.810513,357.03625,895.9977,387.50336,213.11162,965.02814,38.08656,441.00125,894.17145,317.68033,297.21622,992.47034,-120.67039
escalon_left
IMG-20241114-WA0021 - copia.jpg,escalon_rigth,421.212,590.82947,-267.52362,428.535,577.82526,-257.95,434.3541,576.86365,-257.9653,439.88843,576.3034,-257.98114,416.59125,580.6412,-251.31511,412.6541,581.7123,-251.29532,409.13574,582.8639,-251.34177,454.6764,582.1172,-160.28088,411.75098,588.8822,-127.58528,435.47504,603.1615,-226.54016,417.93323,606.1142,-217.30403,504.04108,655.9319,-94.34436,387.17023,653.5974,-33.7655,520.82336,751.6876,-45.41925,360.5223,740.9024,43.526432,525.632,835.8698,-96.628006,345.40698,826.5986,-16.799685,529.4359,864.04565,-110.03318,339.5805,849.55457,-34.38505,519.71515,862.5046,-143.144,340.5359,851.319,-67.51056,514.892,856.74255,-107.82984,346.17838,844.7077,-32.1344,469.52707,838.5111,-16.811558,397.0212,828.08405,16.708881,450.81873,976.3953,-99.936554,363.03622,941.43,-223.7547,438.83887,1115.1635,34.266495,364.0509,1097.8514,-96.82917,432.93866,1128.4661,38.768387,375.5966,1114.2406,-91.169495,434.43225,1146.3124,-115.49206,352.15118,1157.1469,-240.00325
escalon_rigth
IMG-20241114-WA0022 - copia.jpg,escalon_rigth,422.89337,588.6142,-287.03568,430.70242,575.60876,-280.165,436.64096,575.2645,-280.17004,442.67685,575.02527,-280.17484,418.00674,577.7864,-271.74332,413.63675,578.8707,-271.74625,410.1412,580.2239,-271.79117,457.07022,580.39636,-187.38092,411.23083,586.80853,-148.37456,436.71655,601.982,-247.26675,419.30316,604.8113,-236.12926,503.2855,659.0784,-112.78928,384.7124,652.5029,-51.970783,518.0195,751.4325,-63.499844,357.92572,734.77527,35.73705,524.14124,832.1093,-124.13578,339.3764,814.77484,-25.122112,528.3388,859.36865,-139.6149,332.4655,836.98785,-42.965984,518.8633,858.2248,-172.71005,336.53186,838.7864,-74.85729,514.26685,850.13983,-135.47804,341.71814,831.74286,-39.748886,462.36703,839.1127,-11.108429,389.6624,828.1183,10.972847,448.73404,974.056,-81.189804,365.10672,946.40515,-210.49736,439.90656,1115.0419,19.85138,362.42245,1096.6506,-101.51373,428.5936,1131.5126,21.197407,371.23163,1111.35,-97.681335,446.34018,1151.09,-130.1681,352.1941,1157.4358,-247.99396
escalon_rigth
IMG-20241114-WA0045 - copia.jpg,escalon_rigth,414.62823,588.7103,-316.48477,422.09164,575.1553,-308.36212,428.03888,574.01263,-308.36417,433.57092,573.2732,-308.3943,409.78864,578.2816,-298.9581,406.5601,579.1223,-298.9627,402.50317,580.30023,-299.02057,447.73532,578.51843,-207.7109,405.4887,585.3967,-162.94933,429.52536,601.4463,-273.78723,411.0951,603.64795,-260.98996,497.58682,652.01666,-127.15999,379.89352,651.45966,-48.52574,513.56506,746.5381,-78.45692,353.99033,738.2185,49.312782,519.19403,828.39935,-158.29414,332.17856,817.4238,-29.4373,523.53156,857.70013,-179.76242,320.7962,841.4231,-51.971527,512.50397,856.6012,-217.05171,323.11493,842.94434,-89.2258,507.4172,848.7732,-172.05188,330.9064,835.3895,-46.817074,459.38846,835.46906,-19.405825,385.87112,824.40466,19.360714,441.43478,972.8174,-125.15772,356.12262,941.1669,-237.00879,428.39996,1107.5947,31.168179,354.638,1096.1676,-91.21067,422.56534,1123.4026,37.805515,362.4863,1111.6396,-84.19668,419.95258,1143.434,-127.10645,345.45483,1157.0364,-249.65872
escalon_rigth
IMG-20241114-WA0046 - copia.jpg,escalon_rigth,424.31204,589.94763,-265.04413,432.36896,576.8343,-257.30145,438.23065,576.54395,-257.2958,443.86337,576.3046,-257.2957,419.82574,578.84827,-248.92589,415.89624,579.69385,-248.91818,411.77063,580.7129,-248.944,457.56268,581.861,-166.70291,413.65607,587.745,-126.635475,438.36868,603.2389,-226.74135,420.7326,606.0677,-215.33234,504.68787,658.4027,-109.3268,387.61404,655.6396,-28.172249,520.6573,750.72925,-72.76931,362.04507,738.7959,40.00899,527.43396,832.4616,-145.57573,344.78122,818.3512,-43.7618,531.5108,862.0071,-166.39803,335.9105,840.87366,-65.57791,521.79443,860.79315,-200.30193,341.027,841.93207,-98.054794,517.10706,852.815,-157.76247,347.47482,834.7765,-59.182636,467.31064,837.86523,-21.615038,394.211,828.0091,21.464598,447.8017,976.37366,-105.678116,363.806,947.1917,-153.24544,438.12692,1113.366,2.6336257,362.75803,1100.3457,-28.04793,431.82758,1130.5259,4.287527,372.77237,1117.8552,-23.124887,433.33032,1150.7009,-153.75783,350.67468,1157.2565,-167.08955
escalon_rigth
IMG-20241114-WA0047 - copia.jpg,escalon_rigth,425.21866,588.2132,-286.26956,432.3831,575.9998,-278.498,438.3832,575.51245,-278.49612,444.12814,574.9926,-278.5017,420.04385,577.9283,-271.51376,415.79663,578.90106,-271.51874,411.89026,580.1781,-271.56732,458.03375,579.7948,-184.8088,413.2405,586.7597,-151.5073,439.6189,600.92993,-246.60828,421.54944,604.0957,-237.0482,506.23846,655.78796,-112.008736,388.57635,653.7844,-61.904526,522.7291,751.63794,-66.06065,363.81808,736.2958,16.892256,529.7322,831.3673,-128.23956,346.59702,819.458,-43.893333,534.67896,860.9049,-145.0068,337.02402,841.63995,-63.940887,523.4764,859.1816,-179.14668,340.4125,843.0246,-97.330605,518.4236,851.5433,-140.68692,347.20145,836.1972,-59.445805,469.02084,837.27686,-11.514207,395.0074,827.20483,11.3742,450.00287,971.1537,-81.37222,364.31003,945.21063,-185.22737,438.5941,1113.9751,10.454773,363.69354,1098.6471,-76.11773,430.5572,1130.2229,10.701516,371.77502,1114.7852,-72.64335,444.25583,1146.2205,-140.98717,352.74966,1157.8804,-219.90135
escalon_rigth
IMG-20241114-WA0086 - copia.jpg,escalon_rigth,438.11636,111.01551,-516.0825,452.3815,89.14955,-502.32748,458.83282,89.108505,-502.30328,466.0598,89.36787,-502.2774,428.40387,89.39777,-501.91388,421.25647,89.0638,-502.0356,414.4422,89.06914,-502.1496,478.79947,98.93803,-378.4204,407.46878,97.84458,-380.2781,452.8037,132.82997,-467.51794,424.02197,132.52304,-467.58423,537.15753,229.29503,-286.8717,349.12762,228.9045,-305.75192,550.91626,386.49713,-197.2039,325.2309,380.4756,-252.88852,551.13226,509.5938,-226.30952,310.7714,505.80338,-303.69632,561.40985,547.30774,-249.7689,300.2522,543.88477,-326.53683,545.7214,545.49567,-289.71463,314.01157,544.45374,-370.30542,539.2396,532.7693,-241.40312,320.02628,531.2975,-321.80603,479.39575,489.3388,0.24349502,378.69925,482.09332,-0.53284734,463.80334,662.07983,118.6552,368.87418,654.73193,101.61184,445.51675,792.6294,373.3093,371.3088,797.11365,328.40173,436.05655,808.26306,389.3098,379.81415,808.68115,343.43237,467.82013,839.8695,270.3821,354.32574,872.7567,206.8339
escalon_rigth
IMG-20241114-WA0090 - copia.jpg,escalon_rigth,336.0949,80.84919,-407.5293,346.92642,55.176086,-398.92014,356.59586,52.3106,-398.9512,366.17325,49.5401,-398.90854,326.24084,61.84082,-387.07062,320.7417,63.845596,-387.17615,314.64822,66.12835,-387.3346,386.61435,55.032997,-315.48645,320.80374,74.846115,-262.1456,361.8626,97.77386,-376.60742,333.52408,105.96485,-360.35022,494.21216,189.30911,-252.11417,297.40732,218.43182,-217.47462,524.13306,347.84644,-189.32051,286.27426,386.76245,-156.59882,530.0303,475.75696,-220.50507,291.0927,519.77716,-218.7333,538.9947,514.73676,-250.48654,288.3633,562.03,-237.84914,521.9249,511.857,-281.87903,305.9325,558.3755,-276.47333,513.98926,501.44165,-231.6445,311.27277,543.07605,-234.83377,453.063,479.0662,-14.58644,348.04297,481.94385,14.376106,452.77902,645.48145,112.670815,358.71542,648.67004,145.50606,450.99893,771.3647,341.01724,370.1091,787.3536,353.5782,444.439,787.56256,355.6477,380.366,798.8401,369.58084,475.71338,838.87146,258.46918,352.19067,867.64655,259.85626
escalon_rigth
IMG-20241114-WA0091 - copia.jpg,escalon_rigth,482.03262,108.46027,-477.1116,494.73737,88.15838,-458.02026,501.77277,88.55717,-457.97806,509.2721,89.24587,-457.87488,471.65366,87.27524,-461.92172,464.09717,86.921616,-461.98987,457.03473,86.891556,-462.05124,520.00287,99.80911,-322.66718,444.85025,95.19367,-346.14963,493.29138,131.74222,-425.7743,464.94565,129.7214,-431.8434,565.15546,238.40729,-237.47435,378.93042,214.43259,-279.31854,566.4165,380.88556,-155.49379,341.99692,362.41837,-240.27426,555.46826,488.57037,-234.29156,332.74228,476.03574,-302.51956,560.08624,529.3672,-267.1084,324.33444,515.6098,-332.06866,546.24927,524.77185,-307.636,339.9203,513.85956,-369.25885,540.8742,514.6914,-250.54457,345.36176,503.65118,-317.96564,484.43134,489.18765,7.809371,384.75656,477.53876,-8.061074,464.31046,656.4697,156.00233,376.56244,648.79877,115.553856,439.79865,787.96606,396.60107,372.57364,794.7649,360.78174,431.09012,804.92523,411.85855,377.99716,807.2124,378.21277,462.94495,845.5266,291.8652,353.43472,866.575,243.98135
escalon_rigth
IMG-20241114-WA0130 - copia.jpg,escalon_rigth,525.1039,11.745224,-543.67993,542.38,-16.072998,-528.8624,551.3724,-14.766159,-528.8295,560.5034,-12.792015,-528.794,513.46924,-16.112213,-528.3408,503.52347,-14.370613,-528.49133,494.91907,-12.256851,-528.65466,576.6037,0.3136444,-388.58948,480.94528,0.045166016,-389.45636,539.61456,36.966743,-486.82764,506.20078,36.973343,-486.83856,624.7614,143.60664,-259.32855,416.31717,123.75061,-319.53482,634.817,307.40143,-136.44617,367.81036,288.46045,-244.56442,639.3391,461.54385,-185.21608,340.45682,441.7488,-291.2381,646.9954,505.0674,-210.70134,318.5994,482.45532,-313.36972,634.2529,503.09796,-252.53851,335.56088,487.76996,-360.9385,628.06464,488.4864,-200.45645,347.27426,477.59174,-309.40424,554.899,420.662,39.027386,448.63666,414.23032,-39.46715,526.60535,619.23914,83.19425,458.66296,611.48083,-6.969559,507.11444,749.6772,469.09604,442.79095,779.56024,272.01038,493.49005,765.41046,501.64685,435.06067,792.554,295.22488,511.59488,825.74243,389.9544,466.21146,870.7718,138.19542
escalon_rigth
IMG-20241114-WA0184 - copia.jpg,escalon_rigth,413.7447,188.3291,-320.04156,424.10345,175.65758,-328.53888,429.26434,175.49934,-328.53555,435.08182,175.5498,-328.52103,415.8944,176.26723,-302.0518,414.20624,176.41771,-302.09314,412.55835,176.71057,-302.19626,457.72278,184.9196,-293.37326,426.5925,184.0755,-171.91731,425.14996,204.34624,-301.46222,414.67465,204.68834,-266.30414,517.8846,270.66455,-237.23216,389.8809,270.17368,-66.394325,523.28204,377.9914,-201.35667,370.97168,377.33444,35.970184,523.96045,472.93805,-252.68297,334.93747,463.2788,-42.379982,526.58875,506.17975,-278.89133,320.3137,490.39594,-60.343697,515.614,505.1513,-314.72012,325.17505,491.3251,-106.02917,511.92508,496.10992,-264.86868,332.78604,482.83032,-63.12047,466.38696,474.99542,-42.498703,389.49817,462.70078,42.355824,443.89056,620.2237,-65.18668,369.45734,593.97876,-9.280451,415.56128,730.78644,232.51027,359.95963,726.44965,231.51411,413.0569,740.954,253.62228,367.12994,738.43414,248.48643,387.8645,777.56805,110.76339,340.1464,778.94336,112.75614
escalon_rigth
IMG-20241114-WA0185 - copia.jpg,escalon_rigth,429.7652,213.37466,-526.6551,439.19846,197.53067,-515.3018,445.15594,197.2573,-515.30615,451.20975,197.15372,-515.3373,421.56116,198.23477,-512.1012,417.19348,198.28949,-512.15173,413.3236,198.77205,-512.2245,459.8489,200.58633,-372.76843,408.5464,201.67992,-357.71622,442.308,228.03363,-466.51025,420.72134,228.38116,-462.35645,506.05014,279.07233,-242.08951,372.91656,273.18475,-216.7281,508.6746,388.72867,-161.45963,355.19424,377.66223,-137.80428,506.7391,483.80548,-260.00964,333.94135,476.40753,-242.09276,510.40613,515.9877,-292.355,325.4047,504.94434,-275.93475,500.48157,515.13416,-339.6422,331.96576,506.5393,-325.689,496.70444,506.13693,-279.02133,336.6743,497.78394,-264.15863,458.5735,475.87967,-7.5027976,382.55347,465.49872,7.3961835,438.9185,623.38306,-25.03292,368.99695,593.7057,-25.542421,413.28793,741.7842,238.78162,356.58737,732.4263,231.3846,408.45425,753.68335,254.66736,360.92664,744.6797,247.19905,401.06204,789.1086,79.48081,342.2343,783.8823,71.82798
escalon_rigth
IMG-20241114-WA0186 - copia.jpg,escalon_rigth,431.29904,205.47997,-508.69565,440.4341,191.35802,-491.12097,446.5228,191.80478,-491.11658,452.10175,192.34128,-491.11615,423.39017,191.35963,-490.42523,417.51022,191.66205,-490.49832,413.62143,192.30865,-490.58676,460.4132,198.43687,-338.97784,408.03464,198.51947,-336.6204,442.9591,221.27974,-447.2724,420.88742,221.543,-446.69266,502.33145,280.13422,-217.99226,369.58072,278.54086,-202.96498,511.13458,387.01328,-135.49635,354.29514,384.69882,-127.579216,513.6807,481.33813,-255.96259,331.98172,478.607,-240.23604,519.29803,512.7269,-291.7975,323.63348,507.77786,-278.3899,508.78033,512.04944,-340.1991,329.83652,508.19992,-324.93848,504.30545,501.85718,-276.37057,334.48572,498.96683,-261.042,457.7372,482.28406,-14.574144,381.0774,474.03336,14.410744,439.72934,631.3778,-12.2331705,363.34534,601.9009,-12.961381,415.9115,730.0024,343.75336,356.34393,734.5209,288.1057,413.13962,739.42017,370.5995,363.21072,747.85944,309.4147,401.73676,775.075,213.92519,338.87897,787.62665,140.01518
escalon_rigth
IMG-20241114-WA0187 - copia.jpg,escalon_rigth,458.41193,208.60248,-337.86282,458.29883,194.94766,-322.67792,460.25406,195.15244,-322.65823,462.1518,195.31929,-322.6447,448.99457,194.97946,-338.11743,443.9014,195.31844,-338.16284,438.2029,195.78604,-338.2341,456.23367,201.9921,-207.98055,418.697,203.74243,-279.4029,459.77814,223.71237,-291.0762,447.2959,224.56541,-311.69647,496.44583,288.4366,-142.11719,366.02402,286.31332,-204.3063,508.9683,393.2169,-65.628654,345.31943,390.1336,-158.59525,512.6955,486.0406,-141.7495,323.34198,485.638,-191.03714,517.33844,517.88354,-162.78049,316.99112,515.58984,-213.92212,507.1144,517.4108,-202.66211,324.93106,515.8885,-245.49199,502.39328,507.15,-158.00502,329.11957,507.59558,-203.80128,462.9417,488.7085,-4.080658,383.14005,483.07693,3.8326004,440.0384,634.06683,21.289547,361.6065,606.0676,-2.447046,411.01617,746.77435,251.04654,350.861,740.0912,219.03204,404.20285,758.2378,266.51694,356.75314,753.41187,233.25882,405.41782,799.7777,143.84491,337.71964,794.722,105.52394
escalon_rigth
IMG-20241114-WA0224 - copia.jpg,escalon_rigth,496.66693,273.9063,-693.10846,502.46204,258.43347,-678.194,508.2319,259.22388,-678.2361,514.6519,260.10385,-678.33624,488.84335,259.78757,-672.9444,485.12668,261.5263,-673.0731,481.7677,263.34772,-673.233,518.2123,276.30426,-502.3953,473.35745,279.77686,-486.2986,507.24243,294.56024,-621.8251,488.80237,298.76065,-617.03125,576.1376,413.30356,-359.78668,386.63113,389.0991,-303.28314,598.25275,550.68024,-245.01534,328.16876,514.2923,-180.98177,532.59357,679.7705,-370.98618,263.7992,626.6491,-282.55905,528.30347,717.1472,-419.32504,244.34523,664.7969,-310.59558,522.0243,712.3087,-463.97177,252.03665,663.95337,-379.02087,518.8578,698.2969,-390.24164,263.6435,651.23456,-311.99188,527.0146,704.5264,8.291645,425.70413,702.694,-8.470398,544.4465,938.7108,-67.1298,461.89337,946.24994,-69.55046,500.30048,1131.6942,304.49954,454.8242,1144.697,303.18558,484.8435,1153.924,329.89502,454.68686,1164.8304,330.38046,515.8042,1201.5034,115.957924,464.55618,1221.7448,95.001785
escalon_rigth
IMG-20241114-WA0225 - copia.jpg,escalon_rigth,535.63086,423.54144,-1013.27625,547.6287,414.37537,-982.90967,554.8582,416.97894,-982.94,562.6491,419.47546,-983.0859,530.4445,411.48315,-982.3386,525.6561,412.16025,-982.5484,520.9509,413.0505,-982.66425,569.3428,436.61005,-728.9408,513.8408,430.8219,-729.3798,546.9449,448.2259,-912.71625,524.7118,444.84476,-913.264,615.74097,549.7679,-517.4256,434.9162,535.29,-482.99307,630.6961,689.1086,-394.52286,367.4814,668.72015,-316.58606,647.28265,810.44806,-553.7478,312.0211,790.1126,-442.46765,652.71436,846.8107,-605.2375,291.80792,820.2157,-486.5574,643.2505,843.2346,-671.59454,297.18164,824.5126,-566.56335,636.35126,828.9417,-584.2069,311.3454,817.0566,-478.2057,547.72186,812.9411,-13.143333,455.293,798.8273,13.051272,518.0234,1027.1064,-94.301346,469.07477,1014.06,-75.60449,504.62265,1226.1772,192.97891,453.11917,1232.1494,254.76964,504.75797,1263.8611,208.13173,453.33667,1261.203,275.04535,522.97394,1299.712,-57.650494,450.7295,1300.0532,-4.5404344
escalon_rigth
IMG-20241114-WA0226 - copia.jpg,escalon_rigth,556.4391,472.67322,-650.47394,565.7724,470.76587,-635.0196,569.8171,472.98108,-635.02606,574.3093,475.2177,-635.1421,554.6874,466.6719,-629.5446,550.88324,466.16794,-629.6341,546.96466,465.65057,-629.66656,577.00555,490.20682,-469.96198,536.3353,480.46918,-450.47247,561.0542,493.43997,-584.0867,545.8251,487.58725,-578.618,595.615,605.70966,-332.47903,454.70276,569.12366,-261.40363,612.4227,730.33826,-205.93654,384.8302,684.8464,-132.26453,632.02045,852.567,-296.7648,343.3483,796.632,-215.97475,624.67316,883.52954,-331.66534,327.15677,832.4468,-235.79681,620.5643,882.5763,-375.8312,336.72375,834.7731,-297.24985,575.4413,875.88824,-315.61078,348.86047,824.2483,-241.167,515.3366,832.5349,-30.186407,464.4044,819.2088,30.058912,483.41525,1048.5707,-88.639175,435.81955,1038.5435,-1.6284024,445.3479,1245.3607,67.57403,420.63242,1244.4784,176.68176,434.3258,1271.0775,70.45187,423.9714,1269.2966,182.8604,450.6218,1301.9755,-154.5045,412.47107,1307.8782,-40.832718
escalon_rigth
IMG-20241114-WA0233 - copia.jpg,escalon_rigth,559.43463,409.28067,-908.4379,572.26324,404.33594,-884.74274,579.19885,407.39316,-884.6707,586.63763,410.59766,-884.7894,556.1307,400.2204,-885.5232,551.72034,400.59552,-885.7502,547.29834,401.25208,-885.80365,597.3198,433.89825,-668.3336,538.1862,425.47723,-676.75574,570.0921,434.94562,-822.9271,549.8148,431.0157,-825.4698,643.55664,561.7628,-433.48157,456.84744,537.7804,-471.56522,658.2701,700.86835,-218.10867,397.80865,664.6849,-250.42557,675.54254,824.1428,-291.78256,348.90042,793.4323,-252.36806,679.73676,863.87616,-316.3826,337.22406,825.1314,-274.37015,672.5968,864.25336,-384.69498,347.40387,827.11304,-339.25665,664.51227,850.7578,-320.95093,356.94894,819.33325,-277.7984,586.14075,817.6343,5.887284,472.35175,791.6117,-6.072286,571.1911,1050.8499,-93.33693,457.08728,1009.6154,-122.285774,547.954,1248.446,223.69788,428.81012,1218.5249,231.4764,534.5105,1272.8225,241.81097,430.54858,1242.1715,254.8249,556.1778,1324.0453,-26.071148,416.9745,1290.5768,-23.455624
escalon_rigth
IMG-20241114-WA0234 - copia.jpg,escalon_rigth,491.88977,295.2754,-291.91397,492.01492,275.33487,-304.08945,494.71396,275.91537,-304.1404,498.11542,276.70197,-304.14508,486.12888,276.36246,-301.8633,484.59198,277.74567,-301.99072,483.36423,279.46878,-302.08862,497.00677,291.96616,-270.73203,479.7178,294.36588,-263.75452,496.3606,315.974,-265.6756,489.01462,318.32147,-263.71957,445.6484,413.96255,-194.5401,520.0724,414.89764,-150.09862,398.8969,540.1962,-137.3767,534.824,584.8115,-43.717346,260.6102,679.106,-92.09768,616.0462,683.98035,18.487112,243.48558,703.2578,-121.23741,623.3981,726.54877,18.175983,254.326,697.7984,-106.149796,608.1232,711.2433,-28.300022,266.02725,687.6151,-84.95793,603.38635,697.21515,4.596191,469.8168,740.55865,-14.647523,496.58994,734.22986,14.40499,445.1294,984.96234,-95.647835,558.60913,987.5838,-0.5587716,434.41028,1232.8779,101.40901,510.36127,1164.055,226.21217,430.02176,1271.298,106.278244,520.2261,1200.3596,240.51894,446.86093,1281.6855,-91.23653,511.33408,1261.7366,78.55306
escalon_rigth
IMG-20241114-WA0255 - copia.jpg,escalon_rigth,370.9884,597.04803,-858.5961,386.04263,578.93896,-855.19836,394.13605,579.37634,-855.106,401.4744,579.993,-855.27246,366.72293,578.129,-840.8601,361.8301,577.97363,-841.027,357.22443,577.9304,-841.06116,416.68817,586.37274,-702.5421,361.25,582.67224,-636.94867,387.96964,615.12573,-791.7594,362.49396,615.1449,-773.0592,484.15625,700.1855,-486.37592,297.33722,680.3585,-403.58554,494.8462,842.01587,-294.03748,237.72397,802.09906,-175.79366,478.8764,945.44037,-327.90796,213.86716,905.64014,-219.84218,474.1441,980.88635,-348.8792,201.69008,943.3633,-240.57835,463.84006,973.4398,-410.84003,216.63876,944.598,-296.95163,459.6968,963.74835,-348.53326,223.3407,935.1363,-241.67583,399.5594,929.46655,-12.505617,291.39008,907.09705,12.2915125,359.38174,1153.9092,-131.16241,258.4502,1123.1216,-59.265778,329.75845,1362.5211,95.19004,212.16077,1329.9829,145.52663,320.13812,1382.7362,103.080956,212.72758,1350.27,152.74449,319.72925,1438.9426,-160.96315,177.52196,1399.2783,-102.19021
escalon_rigth
IMG-20241114-WA0256 - copia.jpg,escalon_rigth,357.71878,599.36005,-764.14417,370.83005,582.7701,-768.2457,377.14926,583.0202,-768.07697,383.70996,583.47363,-768.14966,357.79065,583.1689,-751.6037,355.0644,583.61633,-751.7567,352.4423,583.9189,-751.79114,401.36926,590.8546,-643.99493,357.183,589.91077,-569.1034,373.65002,616.7299,-706.2476,353.4967,616.34576,-684.8344,479.21198,698.81494,-426.53885,292.41397,681.3148,-370.7809,494.7818,835.50854,-203.19775,229.8986,797.6323,-171.17143,479.6918,939.3714,-182.31448,197.67075,904.38434,-202.87337,478.12274,979.03766,-186.81334,184.50447,947.47925,-220.53958,465.89285,976.09045,-247.25931,200.27654,947.5735,-275.16864,459.80637,964.1978,-201.46774,208.11386,935.86884,-224.16396,397.16885,927.5872,-14.736648,287.29297,907.8163,14.561722,352.2968,1150.4514,-102.737785,251.58244,1114.599,-89.54644,313.60745,1352.596,59.00878,215.01239,1328.367,60.301464,321.23593,1379.3293,61.43272,218.41696,1354.0521,63.44082,311.447,1414.3949,-189.77365,172.31476,1396.7363,-181.22333
escalon_rigth
IMG-20241114-WA0257 - copia.jpg,escalon_rigth,387.84915,618.4572,-610.98553,405.48184,602.34106,-602.00964,413.43088,603.81213,-601.93933,420.71603,605.4423,-602.06256,384.63358,600.19684,-590.83636,379.13074,600.0797,-590.89667,374.22833,600.1807,-590.8706,434.2077,615.06445,-476.17722,377.26025,608.29553,-424.84814,405.27234,637.8596,-558.2837,377.64838,637.1038,-543.7674,490.55142,733.55945,-323.753,306.2039,703.89667,-263.06424,494.15833,870.7842,-148.16235,245.92387,822.108,-86.728836,470.98383,967.19525,-111.92747,227.59462,922.3224,-72.630455,466.3512,1003.17755,-113.046036,221.16315,953.5487,-81.51641,456.45117,996.64294,-157.31525,232.28493,955.79395,-118.44054,451.66855,985.23694,-124.31321,239.77776,949.6916,-86.88043,396.57266,948.83435,-5.433382,287.42798,922.237,5.120584,350.43198,1176.5872,-100.79342,252.45587,1132.0631,-92.43128,311.03275,1381.8549,19.11045,201.54097,1351.5931,23.337225,317.25714,1415.6055,18.642378,199.98235,1380.9573,24.761986,317.78412,1472.517,-218.73726,174.1233,1423.2971,-208.97382
escalon_rigth
IMG-20241114-WA0275 - copia.jpg,escalon_rigth,388.10245,626.8469,-714.8553,403.2989,610.7,-702.732,411.06528,611.6308,-702.71,418.31866,612.8833,-702.84686,383.78076,609.3716,-693.7282,378.72644,609.23883,-693.88513,373.88684,609.2665,-693.9355,431.3999,621.64233,-542.7766,375.17523,615.4431,-502.08847,404.03638,645.87,-647.65063,377.69275,644.19305,-636.3515,491.85672,735.5696,-357.3913,307.7959,708.5121,-312.70172,496.0817,870.3142,-190.5225,251.97629,827.9172,-133.69974,475.73477,973.0008,-220.36586,230.67406,929.8494,-161.30534,471.41412,1009.33655,-237.35469,222.11932,962.4731,-180.95483,460.20486,1002.2702,-289.65134,235.4908,964.30695,-230.13095,455.0186,991.38965,-237.661,243.9374,957.51984,-180.54489,401.4019,958.6124,-2.6615012,291.743,931.8502,2.5630674,357.4552,1171.9053,-138.05829,266.9209,1126.2272,-167.55981,327.55008,1390.2811,-13.445904,204.94325,1347.4929,-24.552927,316.37228,1414.2959,-14.203722,203.47795,1372.995,-21.041912,317.7036,1462.4789,-271.0281,193.10165,1420.1431,-281.105
escalon_rigth
IMG-20241114-WA0276 - copia.jpg,escalon_rigth,381.84067,616.81775,-668.5488,398.956,601.4883,-657.7117,406.5524,603.06256,-657.638,413.38083,604.6931,-657.74506,377.425,598.8866,-648.91455,371.49484,598.8331,-649.02576,366.17953,599.05396,-649.02124,423.979,614.67206,-510.83755,365.31213,607.59467,-474.27036,397.53668,636.9975,-607.6133,369.12952,635.4652,-597.1694,478.758,733.1858,-341.11237,292.57263,702.0467,-299.8785,481.91675,868.76306,-159.69626,231.63754,815.2607,-124.56105,460.3666,967.0544,-161.73796,199.42744,919.9236,-122.944145,455.67413,1006.2041,-172.80765,186.72273,955.30054,-135.74089,444.98392,1000.9266,-223.8515,202.22122,958.9723,-181.12721,440.24603,989.7603,-178.17186,209.89766,950.5335,-140.63914,383.73123,955.52246,1.856876,272.2444,928.8883,-2.0996506,337.56354,1179.2512,-80.81657,243.13136,1120.6512,-119.844696,303.07266,1374.5854,60.840755,193.90619,1341.1241,20.409603,307.2652,1404.7545,62.518257,194.07028,1364.0156,24.070055,320.76193,1455.2688,-175.62051,183.0932,1418.8765,-219.04105
escalon_rigth
IMG-20241114-WA0277 - copia.jpg,escalon_rigth,394.14014,620.88153,-613.948,411.44473,605.39075,-605.19696,418.91406,606.82117,-605.1312,426.25586,608.58344,-605.246,390.85294,603.3926,-593.60486,385.3203,603.2564,-593.6644,380.45132,603.34314,-593.67426,438.48895,619.06775,-472.24213,380.38916,612.04376,-421.22595,409.6514,641.01965,-558.02954,383.89615,639.47076,-543.4402,496.30838,735.6154,-318.64163,309.93564,708.0397,-260.6358,500.59222,871.3443,-186.81108,257.50797,828.5112,-123.342865,477.03186,974.669,-227.14874,233.20123,924.669,-176.15593,472.91412,1011.22906,-248.37883,223.9741,958.1947,-200.71713,461.15363,1004.63055,-297.03442,235.8404,958.5681,-244.39561,456.22107,993.1016,-244.03908,242.17131,951.37164,-195.30182,403.00314,952.1265,-3.320346,294.3111,924.8373,3.096982,354.42947,1186.2563,-84.49522,262.96832,1125.2988,-103.75905,315.96014,1380.3276,53.193752,205.11981,1346.601,20.094326,323.26144,1404.6703,55.018406,204.54251,1368.104,23.007353,317.2468,1447.3627,-182.79167,179.70435,1420.586,-215.69633
escalon_rigth
IMG-20241114-WA0278 - copia.jpg,escalon_rigth,374.69662,611.0509,-773.934,390.6121,595.1502,-765.62915,398.78378,596.30347,-765.5415,406.45126,597.5398,-765.6298,370.9034,592.7002,-752.49475,365.434,592.0643,-752.6049,360.46725,591.5939,-752.6176,419.82898,605.0049,-610.5051,361.9873,597.0674,-552.3094,389.87567,630.1141,-708.4325,363.30075,628.155,-691.67303,481.98962,715.1874,-420.37262,295.2255,692.2641,-347.9397,488.80084,848.5386,-273.95337,233.24393,811.21216,-180.94177,471.62463,951.94684,-356.34695,207.0309,911.6221,-261.50912,466.98883,991.97253,-388.6509,196.80093,950.404,-293.37415,455.20267,985.9526,-448.82336,212.16771,950.2981,-349.78992,450.40125,973.1288,-378.92618,219.2377,939.50165,-285.89917,393.46872,937.7719,-10.130826,283.30963,914.20996,10.037996,350.3175,1159.6908,-96.16669,257.10938,1107.2424,-106.18879,313.6179,1350.2272,105.06777,217.18054,1312.6833,99.578926,315.19818,1378.2281,110.63716,215.73701,1333.662,108.52293,315.61447,1433.2151,-152.9113,196.92851,1386.7693,-145.82887
escalon_rigth
IMG-20241114-WA0279 - copia.jpg,escalon_rigth,371.66998,588.71106,-715.83704,384.31836,574.221,-709.3763,391.64514,575.0844,-709.29266,399.11063,576.15674,-709.3829,367.52267,573.6515,-697.8556,362.94113,574.0075,-698.00446,358.73483,574.4137,-698.0354,412.52563,585.6821,-565.8385,360.67154,582.798,-515.98047,386.98825,606.5391,-654.57184,363.9721,605.6998,-640.3414,480.24673,700.94965,-373.2361,293.25174,684.3599,-325.68304,492.3309,835.6756,-180.3329,235.29279,799.1712,-120.55243,481.9912,936.5826,-216.08894,206.36044,901.0852,-143.0312,479.6394,977.135,-232.66205,192.13107,939.3607,-160.6062,467.66394,972.72015,-292.69254,207.96289,938.9486,-216.26318,462.33188,961.3056,-236.75726,215.92938,927.27954,-164.88925,396.50156,935.23615,-4.2299705,284.81528,909.96216,4.02613,354.7016,1161.6165,-113.303215,254.4435,1122.4226,-111.59581,332.8347,1363.2295,70.78535,208.89055,1328.5883,77.563255,322.89047,1384.5758,75.2177,208.75429,1349.234,84.6576,326.88736,1437.1301,-183.64311,179.67369,1396.7828,-170.43214
escalon_rigth
IMG-20241114-WA0280 - copia.jpg,escalon_rigth,374.07928,597.1658,-409.4113,389.80655,577.5614,-401.2658,398.1857,577.9297,-401.26755,405.9933,578.5401,-401.33487,371.36084,577.14746,-387.48517,366.85153,577.0048,-387.5262,362.7831,576.90466,-387.61536,422.03113,586.58856,-290.23538,365.99496,583.3979,-227.65298,391.35464,616.0012,-361.6165,366.41818,615.46783,-343.77457,491.31616,693.11896,-189.11688,304.79733,677.27954,-102.91781,503.40637,823.4722,-100.20698,246.9298,789.2956,18.736338,487.54282,922.9609,-152.48535,229.5666,887.20294,-57.079067,484.3066,958.1669,-170.70163,221.37485,923.3551,-83.93055,472.34784,950.06116,-210.93794,235.19969,920.55444,-119.76923,467.5746,938.29364,-165.88823,242.2181,908.5607,-73.4554,410.59848,922.06494,-23.498304,298.14767,895.3322,23.316397,364.8919,1122.9332,-148.73352,277.7429,1061.8767,-216.2678,327.25125,1326.6528,-36.794334,243.29251,1280.9904,-50.32162,320.9157,1347.3256,-37.323845,245.3398,1304.0365,-41.050865,321.5633,1401.3367,-253.56122,218.7362,1356.0946,-240.97577
escalon_rigth
IMG-20241114-WA0370 - copia.jpg,escalon_rigth,493.50903,227.57878,-868.0197,505.55954,208.16435,-841.41864,513.7183,208.24399,-841.35406,519.54346,208.52518,-841.43176,481.26108,210.34146,-841.25366,473.73975,211.18016,-841.45966,466.90265,212.08815,-841.5233,533.4362,221.11253,-631.46094,459.34518,226.93434,-636.52075,511.71558,251.18367,-786.6327,481.33746,252.44937,-788.12897,614.7332,362.11255,-450.3945,402.72995,356.9944,-442.7521,647.6074,523.51697,-268.0905,383.3604,508.07773,-251.9197,634.1281,648.0427,-327.64047,371.70352,640.5464,-259.89087,630.737,685.6222,-359.29532,371.67972,682.11615,-284.0412,616.237,679.7482,-415.11182,385.26184,677.2593,-341.68558,612.4662,665.8848,-346.7367,387.73193,665.74506,-281.7334,557.9657,648.81775,5.598244,435.69574,636.93,-5.8167105,551.9148,868.03827,33.69082,445.37955,843.2744,27.776484,540.5054,1061.872,370.88187,430.3693,1033.2134,415.73758,533.8295,1074.1915,389.98718,419.48032,1057.6763,441.3612,553.3243,1131.3386,140.49509,402.19345,1105.2706,181.87306
escalon_rigth
IMG-20241114-WA0371 - copia.jpg,escalon_rigth,429.4818,167.94882,-263.7452,442.13562,149.63612,-222.26152,450.06458,150.39978,-222.3165,455.57736,151.74117,-222.3593,416.10132,150.04192,-223.5075,407.07452,151.00279,-223.52278,399.43536,152.31123,-223.58595,467.81967,166.20174,-20.90361,390.49503,168.42593,-35.046967,447.75638,194.6127,-191.31044,416.14783,196.5922,-195.18916,552.66895,298.22885,67.510056,337.60443,295.67395,-32.287487,623.8606,414.81485,71.52457,324.85205,413.1938,-217.15579,599.5178,545.4813,-69.68974,363.87592,430.96722,-518.693,599.9572,583.45575,-119.45039,390.07068,452.37604,-591.95764,583.7848,576.19354,-145.93242,397.4676,432.32132,-594.9567,580.0158,564.6845,-82.45035,395.55072,427.89944,-528.2715,533.9838,583.3046,66.15118,404.55127,580.60034,-65.99491,577.95264,754.5071,-243.01509,466.54736,777.1544,-322.08087,514.73096,974.76624,118.07676,446.73306,985.24646,-40.975574,492.55438,993.5925,143.2122,438.4971,1004.922,-22.279734,556.04175,1073.8246,-47.952168,449.46158,1072.7007,-264.42477
escalon_rigth
IMG-20241114-WA0372 - copia.jpg,escalon_rigth,551.6748,325.10785,-1044.8942,565.08844,306.48254,-1010.90735,572.07935,307.4182,-1010.96857,579.5338,308.90784,-1011.162,540.70374,305.58557,-1009.5045,532.71277,305.91626,-1009.768,525.75684,307.0421,-1009.83844,592.81525,324.6134,-767.5823,515.81396,322.76392,-764.32166,566.74506,348.91983,-952.5822,538.13904,347.83005,-951.83685,653.8554,469.06024,-575.5661,448.53607,456.3713,-531.6503,665.3373,633.1182,-410.79385,413.10693,615.70056,-341.70392,648.7829,767.58026,-458.99396,407.73676,745.71436,-394.87173,648.1925,813.7814,-497.3197,402.23557,783.2183,-428.2666,637.49304,812.69806,-554.5064,416.5527,785.4131,-498.60638,625.1596,788.7275,-479.9806,421.2645,772.26636,-423.88486,580.13086,740.5482,-13.3322,465.90042,718.5181,13.316019,559.9031,946.3177,24.362333,445.67206,916.9672,74.50592,544.5551,1130.7263,453.17773,416.90082,1094.9259,545.32587,540.7656,1147.2528,480.34647,423.30057,1117.645,580.3777,567.59814,1203.469,218.77118,389.7847,1166.123,307.42526
escalon_rigth
IMG-20241114-WA0374 - copia.jpg,escalon_rigth,584.1844,317.23373,-1115.2474,595.6953,300.5702,-1082.6503,603.073,302.35284,-1082.7263,610.16516,304.3681,-1082.9594,573.8455,296.5873,-1078.791,564.9286,295.5903,-1079.0432,557.65967,295.05768,-1079.1378,620.8082,318.6994,-837.8718,543.2989,307.14374,-822.3096,594.12463,342.94815,-1021.28955,567.52094,337.93176,-1017.1238,671.17755,458.04416,-642.10645,464.54977,438.00372,-568.18585,676.66974,632.47534,-488.42117,430.8862,596.4589,-348.7569,656.9896,780.49066,-530.3435,416.70416,720.78424,-372.37735,647.10803,824.91266,-568.79285,411.52765,758.25824,-397.6351,633.5908,818.98486,-625.14813,421.18494,765.00574,-471.46884,643.5017,808.1709,-550.8624,425.0604,752.916,-401.44974,586.9368,725.1045,-26.536335,464.57565,708.35565,26.574259,566.2812,930.0708,-33.292114,443.77087,902.27423,43.698303,540.10187,1111.2156,442.4355,432.6961,1066.9335,571.80286,527.7535,1130.856,473.4891,445.74548,1086.3798,612.6599,561.8754,1195.2473,201.36888,396.45816,1134.1517,341.52704
escalon_rigth
IMG-20241114-WA0374.jpg,escalon_rigth,584.1844,317.23373,-1115.2474,595.6953,300.5702,-1082.6503,603.073,302.35284,-1082.7263,610.16516,304.3681,-1082.9594,573.8455,296.5873,-1078.791,564.9286,295.5903,-1079.0432,557.65967,295.05768,-1079.1378,620.8082,318.6994,-837.8718,543.2989,307.14374,-822.3096,594.12463,342.94815,-1021.28955,567.52094,337.93176,-1017.1238,671.17755,458.04416,-642.10645,464.54977,438.00372,-568.18585,676.66974,632.47534,-488.42117,430.8862,596.4589,-348.7569,656.9896,780.49066,-530.3435,416.70416,720.78424,-372.37735,647.10803,824.91266,-568.79285,411.52765,758.25824,-397.6351,633.5908,818.98486,-625.14813,421.18494,765.00574,-471.46884,643.5017,808.1709,-550.8624,425.0604,752.916,-401.44974,586.9368,725.1045,-26.536335,464.57565,708.35565,26.574259,566.2812,930.0708,-33.292114,443.77087,902.27423,43.698303,540.10187,1111.2156,442.4355,432.6961,1066.9335,571.80286,527.7535,1130.856,473.4891,445.74548,1086.3798,612.6599,561.8754,1195.2473,201.36888,396.45816,1134.1517,341.52704
escalon_rigth
IMG-20241114-WA0375.jpg,escalon_rigth,458.8102,137.09937,-624.3463,471.45584,115.71221,-588.2937,478.6912,116.29162,-588.2903,485.917,116.64534,-588.34564,444.30435,116.295715,-594.05786,435.21027,116.95705,-594.1532,427.39044,117.4551,-594.1615,501.8442,131.95233,-365.26508,416.33536,133.60162,-403.34885,477.1804,161.95432,-542.05695,444.85367,162.94188,-552.581,579.0715,284.1417,-207.95708,354.47473,281.87228,-292.14993,638.1474,436.65363,-58.438396,336.74976,429.6875,-272.86826,619.33435,553.52527,-131.03539,342.18002,523.9714,-451.24365,620.55145,594.2689,-168.7367,345.28152,574.13495,-507.96634,604.98615,581.65717,-220.52254,361.7125,562.34326,-548.70233,600.1968,569.3479,-150.88257,362.30722,545.13794,-472.47836,548.3372,582.83215,34.93085,411.46875,576.47845,-34.98286,567.5259,811.3035,18.180628,440.24356,807.3063,-75.71212,530.7529,1024.2089,382.2547,433.4957,1017.765,231.73244,511.56714,1047.524,404.86154,428.05313,1046.4474,248.70164,572.32733,1121.9984,178.05856,426.84775,1121.8435,-29.551403
escalon_rigth
IMG-20241114-WA0376.jpg,escalon_rigth,537.676,331.54968,-1132.689,552.235,316.20093,-1103.1764,559.15845,317.3118,-1103.2369,566.79663,318.8457,-1103.4009,528.69257,314.26727,-1099.0015,520.9459,314.17743,-1099.2755,513.7913,314.6096,-1099.343,578.3645,331.71973,-856.21106,504.08627,328.2706,-840.9463,552.02686,355.68503,-1037.0621,522.7152,354.97775,-1032.9801,635.5181,463.05447,-629.938,437.89935,451.71805,-567.015,648.7378,625.9924,-449.33057,398.8119,598.5004,-286.9251,631.1474,768.047,-516.39667,384.87625,723.68854,-278.7062,632.28217,819.16235,-554.04803,380.7296,757.0874,-297.50708,619.01495,818.1055,-618.36646,393.0087,759.51825,-370.0524,605.88293,791.92847,-539.5772,399.89563,750.4339,-305.03146,556.5434,729.5775,-7.9201117,446.2677,704.522,8.049131,538.56506,955.5513,-50.218967,436.52322,934.06165,-37.73541,522.01483,1144.3925,343.6305,418.23447,1118.8925,371.57617,517.69293,1161.5011,366.73376,422.26538,1141.7434,399.3942,536.4701,1215.7268,84.34278,406.65848,1193.767,95.05957
escalon_rigth
IMG_20241112_104146 - copia - copia.jpg,escalon_rigth,126.51269,91.95644,-270.23782,130.7541,65.483284,-299.78198,137.86488,61.331215,-299.86713,145.12717,57.04796,-299.94742,119.534164,73.15735,-250.01805,118.29698,74.58546,-249.97997,117.02743,75.895424,-249.97733,180.43648,50.895805,-342.23044,141.96375,71.57959,-115.52621,155.00652,104.762344,-278.12024,140.48187,112.98817,-212.31612,278.50168,125.97221,-415.0945,189.56802,189.21954,61.65018,328.8516,294.22144,-436.7212,209.56705,348.29974,162.87912,302.72217,435.28943,-397.72,181.7081,471.38705,69.389984,306.11447,483.02673,-436.53455,174.33496,520.1688,51.58389,282.31628,480.62006,-453.08966,174.42163,520.6605,-0.8594713,277.10162,469.04846,-397.415,179.08891,502.3028,40.933716,328.91708,451.6195,-128.27258,256.80856,464.92307,128.04953,383.53348,634.2738,-96.7399,281.51453,646.9258,202.17114,462.21487,797.2002,114.41345,354.89276,791.1242,388.43402,487.81274,811.99396,125.95833,393.70544,824.78577,400.04202,444.12827,895.77576,-27.75865,270.6431,856.8983,322.05325
escalon_rigth
IMG_20241112_104148 - copia - copia.jpg,escalon_rigth,439.99915,187.09831,-217.99806,436.5183,163.54968,-206.33171,435.26953,162.13554,-206.43806,433.64505,160.49355,-206.6019,430.7489,164.75064,-255.129,425.55478,164.07422,-255.18922,419.98407,163.1456,-255.18785,395.87872,160.66022,-132.20038,383.3734,163.9967,-349.62463,427.23657,204.18561,-180.04703,419.38113,205.3183,-242.52177,325.45337,258.93124,11.337458,330.22665,297.19427,-406.72488,313.85925,431.8277,84.17552,348.13773,506.2539,-356.39825,356.3794,553.59467,97.26485,396.94077,607.1199,-205.03477,365.2599,584.2756,98.00613,400.4107,640.0524,-230.78392,372.0503,587.08716,71.54575,410.57715,635.8558,-233.01624,366.70184,578.8391,83.493355,408.84943,622.96094,-203.51149,302.67673,542.1834,120.436935,325.4666,558.33826,-120.556435,299.3574,690.26117,296.67047,387.2579,712.5062,85.19452,242.00272,830.6872,516.2162,358.14487,856.3717,320.42856,208.47223,852.06006,536.0463,330.136,883.368,342.15637,313.89874,853.501,528.5729,434.26865,888.93036,311.23657
escalon_rigth
IMG_20241112_104148_1 - copia - copia.jpg,escalon_rigth,358.7391,237.64606,-212.36862,355.1717,219.14787,-201.8008,354.2784,218.48569,-201.82043,353.1299,218.01216,-201.87445,350.0523,219.1584,-246.22174,345.71353,218.46497,-246.28871,340.74796,217.89536,-246.3075,322.4312,221.56242,-120.220665,310.74265,221.8269,-321.44635,347.24542,256.6541,-173.11324,341.08517,258.10895,-230.85612,262.93256,312.72803,37.05101,264.23404,334.6955,-389.12866,277.4028,455.22125,119.59781,280.30618,513.85187,-361.04718,301.8513,545.7807,137.23254,345.24393,643.18176,-203.17577,306.79767,575.08545,137.84148,351.6703,672.37915,-227.4509,312.7337,571.65393,116.09733,365.84744,668.7979,-225.30528,309.5865,563.0828,125.51861,363.433,658.55347,-198.69905,254.04768,579.6246,125.44367,277.6208,585.12976,-125.53733,265.1175,717.96985,315.3547,416.80594,692.9206,40.040447,211.5729,874.01624,506.37643,372.94525,850.5475,286.74762,188.16162,905.6444,523.9507,338.89804,878.58777,311.15765,280.95392,880.41864,524.9495,441.64438,882.1052,315.27014
escalon_rigth
IMG_20241112_104150 - copia - copia.jpg,escalon_rigth,509.34708,133.29727,-211.12088,507.13873,109.40342,-195.99228,505.8543,108.29182,-196.05931,504.29932,107.05513,-196.13283,502.69052,109.288864,-241.10237,498.17206,108.1443,-241.11134,493.1078,106.9434,-241.07161,467.33347,105.78831,-110.79026,458.48532,107.29374,-314.68625,494.13416,151.54968,-170.3557,487.24347,152.85728,-228.87347,374.39883,202.782,24.404022,407.8556,228.63844,-373.23727,348.11023,372.8501,63.32438,433.66705,444.89792,-341.69073,394.27875,515.393,85.12287,466.6149,559.88916,-194.83734,391.25793,538.59283,92.29974,470.63748,595.098,-220.23076,408.50098,545.8001,69.58848,478.94846,594.1864,-214.28357,409.02457,537.23596,74.368835,476.61377,582.6169,-191.17996,361.231,494.1507,123.41989,396.40173,509.69165,-123.56529,365.30862,644.4178,306.24402,408.2415,693.29114,80.85739,287.16635,761.728,516.6196,387.06824,843.884,285.65402,243.91197,776.5868,535.2965,357.45148,873.35114,302.25778,325.3537,788.7805,527.3391,463.63977,876.71765,255.91869
escalon_rigth
IMG_20241112_104151 - copia - copia.jpg,escalon_rigth,332.75107,224.2915,-316.92496,339.2782,200.20932,-349.22723,345.32013,198.44836,-349.37735,351.97418,196.4932,-349.5421,330.57016,201.70895,-302.60422,329.59198,201.08661,-302.59268,328.61395,200.28378,-302.69586,385.61682,194.74815,-401.4018,358.3885,197.10571,-191.34921,355.42923,242.99756,-327.97803,344.47617,243.96622,-266.88998,477.8046,278.51917,-454.71643,405.10355,291.79456,-14.003456,516.5541,465.40768,-472.55908,404.70355,410.50116,196.25127,501.1212,623.0038,-427.0454,383.65274,489.9202,244.07782,512.19666,664.2646,-466.1728,378.68338,516.352,246.63516,492.45743,660.9,-485.75754,372.8807,514.03253,204.12895,484.81528,649.13684,-429.01614,379.96207,507.34467,224.23726,492.95444,594.6421,-114.5255,418.48706,582.6566,114.54999,515.13184,762.89294,75.367325,339.93555,701.12537,271.46982,531.67316,904.2459,342.4586,430.11313,824.60297,577.66754,548.61523,921.92615,359.83792,455.3723,844.1299,606.11536,471.67834,967.2615,243.93893,350.00284,873.56195,590.51465
escalon_rigth
IMG_20241112_104154 - copia - copia.jpg,escalon_rigth,201.84204,131.01402,-316.7781,208.05711,104.41151,-341.11542,216.29956,100.61844,-341.19006,224.87012,96.66874,-341.27917,195.7188,109.85176,-296.882,193.64159,110.165215,-296.9109,191.57599,110.46608,-296.95816,257.79474,93.0904,-370.60678,218.58566,105.5542,-170.66548,231.93112,146.86928,-321.58127,213.69327,151.33426,-263.1813,370.8811,176.70322,-425.19458,259.54443,234.20184,-7.556387,419.10233,357.8672,-417.00204,281.00952,383.4301,105.18854,382.7363,508.2296,-364.9357,264.99988,506.99875,32.33703,387.54156,549.6452,-400.6392,256.10068,552.2454,19.141382,361.77057,548.8017,-417.98828,258.5486,551.6877,-30.881168,359.35434,538.48474,-364.5435,265.6689,535.59985,7.3143687,418.25406,503.99814,-109.22232,338.6962,503.52475,109.08,398.22018,705.23303,-59.975384,323.15552,680.5545,195.32877,465.88348,818.6469,228.62537,360.60077,823.17456,447.7896,494.012,821.60516,249.5683,386.07648,855.3241,468.15567,439.1885,903.371,144.92911,276.50082,889.8601,414.29688
escalon_rigth
IMG_20241112_104155 - copia - copia.jpg,escalon_rigth,249.61166,205.41412,-311.7051,255.44598,179.77399,-345.63904,260.41446,177.52911,-345.70013,266.42438,174.89658,-345.79218,248.69862,183.15585,-294.44565,248.26462,183.28407,-294.43298,247.88722,183.31985,-294.46045,302.84763,170.8418,-407.1562,277.69177,179.6215,-172.7357,269.802,220.43011,-327.1228,261.26984,224.29837,-258.94122,410.36816,251.01855,-449.2973,304.73236,299.15054,-14.870946,465.56467,416.01413,-458.4652,333.3847,433.79092,127.20636,451.72137,564.53925,-430.32422,322.23712,548.682,57.222435,457.9556,606.0969,-472.54462,316.76883,588.8052,36.164196,430.68442,606.6255,-492.59686,315.56354,587.28174,-16.894499,425.10138,598.59625,-431.66888,323.4765,570.25806,29.199427,438.8488,570.91833,-106.46664,350.74213,572.8734,106.50982,499.9987,734.32996,19.768341,316.2179,723.1931,390.74362,564.7775,879.02563,213.055,368.39136,863.2905,699.23425,585.414,890.0463,221.89072,393.47333,892.0637,725.2886,519.6091,956.6108,68.08543,270.48242,896.9266,681.12195
escalon_rigth
IMG_20241112_104157 - copia - copia.jpg,escalon_rigth,457.70667,180.3642,-171.15813,456.3739,157.69443,-158.66557,454.90295,156.97327,-158.74829,453.2505,156.08868,-158.86934,452.62253,157.56778,-207.30077,448.507,156.7326,-207.34929,443.77194,155.51941,-207.36452,417.2349,154.8862,-83.454666,410.32764,154.96368,-301.97827,443.80655,197.10258,-133.46602,438.96515,196.77818,-196.17656,329.46313,241.42123,55.9855,354.49362,269.88443,-368.73965,317.08627,397.50412,116.06414,370.12323,458.4949,-311.89792,362.39102,537.71875,117.67319,420.5246,579.961,-124.64161,369.0649,568.4998,118.590416,424.6899,614.70654,-143.45753,379.0024,571.36163,94.05992,436.22482,611.1176,-144.07434,374.23288,563.03357,104.33493,434.17145,598.8452,-121.455154,311.6442,538.1267,120.04909,335.6541,547.10284,-120.19633,307.5018,674.0439,328.56073,421.29688,685.0238,97.100395,276.7288,818.3202,561.1042,391.47974,827.3291,358.01743,240.71979,842.51154,582.9557,359.93475,854.91833,383.65588,331.5273,836.8399,585.15485,459.711,858.14026,371.661
escalon_rigth
IMG_20241112_104158 - copia - copia.jpg,escalon_rigth,312.3764,186.8866,-159.97905,304.89258,167.92523,-148.5159,303.92133,167.50099,-148.5204,302.75613,167.32516,-148.53966,299.98807,168.31856,-190.96846,295.684,168.32947,-190.98212,290.72223,168.6066,-190.96324,276.9317,175.75894,-64.08935,261.31772,179.03618,-255.04366,304.60828,206.4375,-118.87017,299.2425,209.07657,-173.68472,224.43538,277.12463,89.66828,235.31665,285.50937,-329.1776,239.35297,422.79358,136.75563,260.81897,456.2251,-308.99252,288.56216,538.82666,137.15323,323.1326,569.37646,-146.10777,286.15002,569.53,141.48811,325.4111,605.86127,-166.20029,297.4945,564.4411,120.14258,333.94913,601.8649,-162.43259,297.56757,550.89435,125.994675,333.47748,591.5115,-140.22554,247.62154,560.00916,122.397736,286.86276,557.88007,-122.6753,279.074,698.1171,303.1915,403.87918,672.58606,32.359295,264.96695,849.047,477.8866,407.84158,831.06555,261.8389,254.26666,884.8248,492.60034,385.41464,864.08136,283.14032,349.19885,852.02747,487.93253,477.23853,860.75464,269.58847
escalon_rigth
IMG_20241112_104716 - copia - copia.jpg,escalon_rigth,353.5003,222.23315,-390.49374,359.53607,197.63832,-427.01996,363.37463,195.69962,-427.11313,367.67175,194.02916,-427.26,354.67914,198.97797,-378.6374,355.24408,197.95242,-378.6326,356.00107,197.02423,-378.7555,407.9321,192.64465,-491.53046,390.50742,194.89581,-269.12796,376.86243,240.31792,-404.67758,369.97897,242.16739,-339.97137,532.7678,297.61157,-517.2336,410.10254,296.83273,-96.646194,536.7977,497.90564,-502.44052,416.47763,447.77206,95.88078,497.16492,665.04144,-455.986,396.0584,539.07227,98.41322,504.06784,713.731,-499.14362,378.06564,578.1604,90.726555,480.0927,711.276,-526.9934,371.231,575.39984,38.467613,474.48724,696.43823,-460.90488,380.7175,565.9393,73.8799,516.2474,610.9423,-105.50577,421.3444,599.8304,105.43651,516.4954,814.34265,62.720695,323.05737,753.6693,237.32993,572.9878,950.7492,355.54514,367.1019,915.50916,539.0465,607.4166,976.73413,373.313,394.29382,949.057,564.5603,510.98853,1024.5122,229.84306,285.79556,983.93097,508.93427
escalon_rigth
IMG_20241112_104716_1 - copia - copia.jpg,escalon_rigth,545.283,129.04941,-229.28212,540.0305,104.74415,-219.56393,538.12024,103.591385,-219.60545,536.20514,102.53414,-219.69254,537.65,104.968605,-269.05615,534.4023,104.065475,-269.10284,531.3348,103.29727,-269.12823,507.7925,102.9369,-136.17914,505.23376,104.50352,-358.77,529.129,144.66397,-187.08719,525.1882,144.76875,-251.25572,450.97537,191.04927,19.449797,444.30383,200.36247,-427.583,429.66672,346.95743,110.43188,429.66956,382.85626,-438.7024,457.27496,477.72382,83.117485,488.06052,535.90344,-360.29407,463.46762,503.7637,79.18061,491.90112,577.71814,-400.03494,469.65414,508.806,42.60578,506.10886,581.1805,-393.63452,465.47305,503.25647,64.64521,505.22827,566.06433,-355.61957,411.87015,479.55295,136.23457,418.18912,490.8836,-136.4238,432.20682,627.60144,313.43326,442.9615,670.10504,49.97615,373.7874,770.6875,531.0885,390.24768,805.36163,285.23517,341.61148,794.74426,550.0019,358.53256,840.91284,306.2643,445.95746,817.10266,532.1499,450.9262,859.0225,254.51376
escalon_rigth
IMG_20241112_104717 - copia - copia.jpg,escalon_rigth,140.96696,110.77788,-217.90855,144.14198,87.38518,-251.98529,147.7659,85.88566,-252.09566,151.5151,84.254135,-252.19228,140.72034,88.28035,-198.89447,142.00389,87.53265,-198.87793,143.33672,86.44966,-199.05237,190.55447,78.95149,-337.94482,178.58708,80.47601,-103.755806,162.9547,130.3674,-245.54659,158.13492,132.44998,-176.82683,307.7091,175.02596,-458.10275,216.3517,220.43115,97.59509,332.6285,369.83395,-482.7441,231.32391,392.64685,232.57681,288.42627,564.84546,-474.48032,184.10193,513.1771,169.53043,298.12015,612.7951,-535.3936,171.90192,550.69507,167.58826,275.16202,615.3065,-533.9554,172.43741,556.3718,104.6406,272.52795,601.52374,-467.80005,179.05823,546.19946,139.77873,362.13168,509.96246,-140.00688,297.18304,517.9734,139.87868,338.41266,761.42944,-74.18803,289.19708,733.3643,233.83047,494.5021,844.77325,188.9071,362.012,919.02747,473.91916,539.8376,837.3308,212.14009,388.83487,945.4408,492.17578,472.65677,930.176,136.27054,276.78418,990.0626,416.75662
escalon_rigth
IMG_20241112_104718 - copia - copia.jpg,escalon_rigth,328.5712,205.99765,-361.0691,337.0796,179.67903,-397.52002,341.7443,178.41907,-397.6197,346.68018,177.29362,-397.79184,332.63477,180.04646,-348.48767,333.5521,179.1919,-348.5342,334.62097,178.22563,-348.70847,384.4397,180.13702,-462.42004,368.44983,179.72598,-239.74376,349.27457,225.59491,-375.93658,341.43573,226.3779,-311.02625,511.9891,287.2786,-489.2866,371.22906,291.51917,-84.102776,511.67136,498.93796,-473.63147,395.6955,449.7088,80.01985,483.35883,670.19385,-422.8627,354.7102,569.0559,61.29024,490.62524,718.2937,-463.46942,344.06842,605.841,52.930153,465.51266,715.0598,-487.60822,341.38687,606.72815,0.37026876,458.9622,701.942,-426.35764,353.15448,595.7336,36.237434,484.65756,628.48553,-99.19951,390.6457,611.7022,99.06819,492.71988,854.9924,37.417526,303.29202,762.6599,232.23903,537.77124,986.9272,274.31168,370.3749,912.0185,507.69406,567.4393,1011.0265,286.76785,396.98822,943.6896,532.71014,490.76764,1053.3859,156.77888,271.061,978.4944,501.47726
escalon_rigth
IMG_20241112_105023 - copia - copia.jpg,escalon_rigth,356.55655,333.701,-204.17615,358.3635,312.97244,-193.4664,356.9994,311.71417,-193.44194,355.2871,310.3147,-193.44104,355.09506,312.05225,-243.01099,351.576,310.24695,-243.04459,347.8935,308.31366,-243.01811,326.61377,300.74292,-109.15977,322.71533,300.5891,-333.2818,342.31937,346.5799,-162.39427,337.81055,344.83627,-227.06918,277.45514,370.51825,27.882072,260.25604,383.40225,-391.51743,302.74448,494.41315,136.86101,266.11884,551.73224,-428.4425,344.89615,598.21783,131.30635,325.5622,674.6599,-368.33282,355.3282,623.7711,133.2608,329.55832,711.538,-406.74777,360.41254,625.9501,97.06176,341.66522,706.39307,-405.39203,356.05182,620.41125,114.76852,340.97546,694.45337,-365.03394,286.57193,661.0468,123.440796,287.30466,665.9832,-123.44988,306.75684,807.1729,228.47063,389.16037,774.7742,108.64469,233.72125,955.90125,372.5622,387.23074,932.19995,358.13794,214.97008,988.12854,384.13538,366.36633,975.88245,379.41925,290.88663,997.0646,359.17114,455.8146,966.0221,359.32236
escalon_rigth
IMG_20241112_105024 - copia - copia.jpg,escalon_rigth,354.49026,340.26562,-183.41669,356.95877,321.07986,-169.79092,355.26392,319.68237,-169.76187,353.06003,317.91626,-169.7496,354.29242,320.24304,-221.61958,350.9926,318.26355,-221.59097,347.301,315.91406,-221.58107,323.83643,306.15576,-76.171,321.08936,306.0327,-312.47354,338.97546,350.76144,-139.42111,334.81323,348.86032,-207.36531,281.1028,376.0263,53.42169,259.24976,383.7583,-369.17096,340.6287,461.61407,211.10094,266.9586,557.1796,-439.0163,441.8041,513.3052,245.582,334.14334,676.9282,-415.93973,469.44498,522.13196,250.7801,342.0013,712.955,-455.45038,475.86212,522.69617,210.63896,356.8497,706.5034,-467.5905,464.78763,525.92334,228.33064,354.61246,694.64966,-418.5413,288.26227,660.68176,132.2283,294.38184,665.73,-132.37665,283.29608,813.2221,276.74643,394.9082,794.49146,93.34869,229.0828,960.7582,427.9815,389.7639,945.37964,374.291,205.70007,994.78015,439.77213,371.69952,986.6513,399.094,285.61273,1002.6378,411.95685,464.56885,972.3506,383.35745
escalon_rigth
IMG_20241112_105025 - copia - copia.jpg,escalon_rigth,359.9325,335.4153,-180.18425,360.77957,316.88632,-167.83258,358.7481,315.35242,-167.8165,356.252,313.38373,-167.80042,358.7952,316.10492,-221.4933,355.85248,314.1004,-221.51949,352.7691,311.8303,-221.52579,327.38495,302.42126,-82.74085,327.47974,303.4547,-325.82358,345.01083,346.29315,-138.5608,341.72977,344.9324,-208.76639,275.72607,377.6611,60.016636,262.4506,382.90527,-400.9506,293.86902,505.04547,156.08156,273.88666,553.32007,-448.7538,323.55737,624.1432,136.4051,335.74792,674.4,-388.61746,357.7501,642.499,138.94537,342.0143,712.95044,-429.28113,365.17178,646.0391,101.6397,354.10364,707.74097,-424.43173,335.04663,641.59753,118.31911,352.21436,696.1858,-383.85532,288.52957,667.5684,133.78795,286.8168,669.9204,-133.81122,324.1143,813.9722,235.59712,393.18677,781.3611,73.45044,241.65987,956.84094,377.84726,378.37366,941.4413,326.74637,215.60501,989.3195,389.34958,350.9393,991.12427,348.2161,298.06033,1001.8812,368.41956,456.3732,972.5103,327.07706
escalon_rigth
IMG_20241112_105028_1 - copia - copia.jpg,escalon_rigth,365.65466,306.20142,-166.52835,363.97385,285.7531,-152.3748,362.04504,284.892,-152.33963,359.8419,283.99704,-152.30885,361.61902,285.5989,-203.4442,358.25812,284.5616,-203.41556,354.71445,283.3279,-203.44037,332.62393,281.47607,-63.766613,329.22342,279.58307,-296.78537,352.7714,321.42932,-124.40704,349.79187,320.79602,-191.29865,278.86963,371.55457,90.28422,279.3052,370.9005,-374.3116,291.43414,509.9618,154.87,294.73788,541.40393,-390.92978,332.08087,615.62244,130.59323,356.82632,656.3224,-273.24802,335.96722,648.5266,129.58942,361.6446,693.91223,-303.99442,346.37857,639.4771,100.35253,374.01694,687.6647,-296.5688,342.23807,628.97534,115.004906,372.4026,676.79504,-266.16858,287.88434,653.4394,138.36505,321.44177,652.3762,-138.7263,274.8625,803.1311,319.88,433.14328,771.6969,39.5721,241.80096,952.1747,507.7023,413.64932,930.22046,319.56342,226.72194,981.7044,523.944,385.49765,974.0679,346.81088,298.28302,968.9839,504.17175,492.10052,967.2369,338.99686
escalon_rigth
IMG_20241112_105029 - copia - copia.jpg,escalon_rigth,346.56628,193.61504,-307.29153,352.51758,168.16678,-340.3239,358.70953,165.60397,-340.36096,365.61044,162.47195,-340.43094,343.2518,171.0863,-285.63705,342.46823,170.58357,-285.62805,342.0319,169.97806,-285.69385,402.32135,155.9833,-403.44745,375.09964,163.85349,-150.18619,370.5065,209.25473,-322.9881,359.54672,213.39648,-249.65865,520.62573,272.54816,-436.37134,382.6421,288.1551,-7.3116302,535.7812,466.04138,-442.03928,374.23767,446.50732,121.279854,477.16547,626.5163,-394.85452,332.92017,573.07544,52.781635,478.22284,670.49194,-435.14258,314.44733,615.9936,35.494865,449.71967,665.33887,-451.03494,312.69977,612.613,-17.8951,443.4001,655.17365,-394.60715,320.4082,601.6715,25.05824,476.00967,596.3575,-109.40083,375.25513,583.8939,109.34985,493.5501,775.70996,-46.134575,282.5585,738.1793,119.41166,521.3871,926.1133,242.0848,310.00436,906.1521,375.45026,530.33563,949.042,258.20453,338.24612,940.91296,393.62186,469.09332,989.2698,101.630356,232.95874,968.2649,311.15112
escalon_rigth
IMG_20241112_105739 - copia.jpg,escalon_rigth,329.0492,158.26886,-289.022,339.01898,135.86197,-305.07,345.6377,134.70657,-305.19147,353.39908,133.52979,-305.27902,327.9688,137.00523,-269.13385,326.2309,136.85803,-269.102,325.02487,136.50943,-269.14478,382.12527,139.8703,-316.142,348.69046,141.80496,-155.27135,347.3905,178.96027,-289.54913,333.6926,180.99434,-242.72992,444.07846,245.01724,-408.15723,358.1133,263.12656,30.91272,429.72122,402.70447,-427.72223,326.73328,389.15686,142.82474,386.67123,546.5298,-379.9317,280.50967,484.4906,82.37996,383.69965,588.1843,-415.86835,259.2667,524.11475,70.771935,359.94568,586.0274,-430.0799,261.01648,523.6735,26.503065,357.40244,573.10724,-379.1649,271.29028,516.1593,58.848976,413.34485,533.00116,-112.008385,341.45892,520.6891,111.79746,421.9843,685.9148,15.233168,251.9923,628.23303,199.21785,435.10962,824.3415,253.7674,293.21198,761.9917,455.97824,455.63596,850.38,269.59808,313.4099,789.5786,476.55188,378.66428,878.2927,168.38528,206.49829,790.4509,454.72336
escalon_rigth
IMG_20241112_105740 - copia.jpg,escalon_rigth,374.31528,226.71959,-236.66995,363.88196,207.63062,-228.26733,362.40253,206.96674,-228.25813,360.65338,206.50159,-228.28445,360.73206,208.30899,-269.39392,357.40042,208.05031,-269.4149,353.56482,208.00626,-269.42273,333.7794,215.60837,-150.17601,327.01123,218.00266,-334.06436,367.66718,246.45428,-198.24463,362.85254,247.83234,-250.75279,294.6094,317.3246,8.509589,299.9505,336.94543,-388.27036,322.5746,469.63586,67.195984,327.3637,498.3374,-372.367,386.5522,548.4399,43.546684,386.6746,615.5221,-245.02162,395.84607,569.8888,36.633575,391.9721,649.58624,-269.09076,398.45502,571.80884,9.19357,405.2327,646.4595,-276.75327,394.82193,569.4732,28.679665,404.3306,634.3078,-244.82108,290.32596,574.1577,122.407135,328.86682,580.60596,-122.74063,328.2369,706.961,330.5363,450.69498,702.9878,-19.175694,317.7747,854.30774,523.7531,422.21768,881.7378,168.17546,306.92368,879.7523,539.97314,398.3315,916.9044,186.01529,375.4228,858.8021,537.11224,505.57748,907.2205,162.11977
escalon_rigth
IMG_20241112_105742 - copia.jpg,escalon_rigth,372.5854,246.39621,-185.73624,361.17276,225.51735,-173.22668,359.62796,224.62318,-173.15614,357.74887,223.86829,-173.18727,357.1643,226.20789,-214.41039,353.15475,225.86258,-214.33978,348.88858,225.74017,-214.30537,333.1055,232.24754,-73.785095,323.17703,235.15839,-262.06134,366.84286,264.92203,-139.9884,360.92352,265.14465,-194.13065,329.802,342.6994,79.83358,285.46063,343.906,-297.07532,419.41373,432.3755,206.67676,317.9988,502.218,-316.6796,509.51852,375.54803,265.98843,387.44778,618.53046,-270.3228,539.57196,354.30936,271.17038,396.30356,655.08203,-288.84537,534.83734,338.57794,262.5736,412.11752,652.9853,-302.80362,522.6429,344.5822,263.14865,410.48798,640.26135,-271.0973,302.4147,591.76965,118.235,331.37305,598.94525,-118.57324,330.63153,723.66125,321.75647,448.34436,722.7174,-6.101961,323.55038,876.80493,504.95392,425.88055,902.9016,177.79051,300.9604,903.12067,522.12354,400.28983,932.4653,198.1512,382.8913,870.5878,526.1119,509.2051,922.801,189.02104
escalon_rigth
IMG_20241112_110452 - copia.jpg,escalon_rigth,288.36438,280.81088,-292.5225,282.32947,261.86923,-268.537,281.90155,261.4183,-268.50757,281.35162,260.79926,-268.47827,275.95786,262.50186,-306.3914,270.97897,262.61093,-306.40405,265.574,262.5778,-306.4375,257.73743,265.4787,-127.99139,235.96603,267.6856,-298.60455,282.1252,301.26712,-233.92422,273.90616,300.9827,-282.71118,240.11255,355.76355,67.38086,179.95041,356.1881,-345.01895,240.02814,467.22528,250.42474,123.74025,500.55576,-406.4459,281.21173,501.88452,294.44745,159.04439,633.5392,-396.8717,285.45914,485.828,306.93747,153.62105,668.11145,-435.62457,285.29047,484.1252,272.1208,178.22987,666.8731,-434.338,282.6552,454.72253,279.87637,185.52122,655.3346,-393.1638,235.27321,617.0112,133.97305,228.02504,617.42285,-134.19708,225.43387,764.44855,310.8248,363.29514,745.00006,-26.349636,217.39642,912.6581,484.7341,356.64276,908.97644,190.21776,200.3434,947.73425,497.78217,333.16568,940.1645,210.56349,286.0893,927.20935,468.15894,423.75568,943.3304,178.14037
escalon_rigth
IMG_20241112_110453 - copia.jpg,escalon_rigth,289.94022,281.42093,-231.87338,282.53445,261.92258,-214.83691,281.76303,261.38477,-214.82175,280.8584,260.77573,-214.78276,277.41354,262.206,-258.2833,273.3109,261.93652,-258.305,268.3982,261.53436,-258.36734,255.65263,265.30316,-105.38968,237.31996,266.18533,-302.75418,283.123,301.258,-183.65396,275.91498,301.39752,-240.28653,239.47906,358.79492,60.180702,175.58644,355.04004,-355.50287,241.87921,485.0584,169.37839,117.89925,497.5441,-416.09525,289.40527,570.74164,131.27623,154.84702,632.4641,-406.35837,290.8987,609.1494,129.32555,148.12733,667.0824,-447.50232,290.26166,612.1601,88.545074,171.80997,667.7033,-448.41257,282.48,598.48474,111.791374,179.95872,655.12915,-404.0626,230.00278,612.90436,132.11913,221.64626,614.51855,-132.32126,222.0415,762.78674,281.57822,361.65512,743.88525,-47.071224,221.11961,913.8665,445.8587,353.3565,914.2788,154.82188,197.59877,944.8622,457.60764,327.8106,946.5569,172.157,280.59778,927.67847,418.51117,424.35895,941.2088,129.08217
escalon_rigth
IMG_20241112_110454 - copia.jpg,escalon_rigth,333.18625,254.49188,-230.02893,342.8543,238.2468,-255.90904,346.4647,237.31458,-255.87749,350.55652,236.36179,-255.86424,338.16217,239.00667,-212.61507,338.35373,238.65623,-212.61853,338.8228,238.17284,-212.69862,378.11816,239.44675,-302.75476,360.37225,241.29442,-105.99155,346.4822,268.195,-242.17505,340.36786,269.41718,-185.18086,449.46652,327.4614,-346.25784,353.82892,328.5939,30.557507,456.53284,456.98135,-365.95963,366.41284,435.53333,130.5538,425.37042,567.6585,-331.81314,340.98575,531.71606,61.47883,429.02432,600.0364,-361.46118,328.6525,558.15607,49.97427,409.8318,597.76996,-369.84387,325.67816,559.3426,9.417864,406.99594,587.05316,-330.08795,331.94803,552.6594,40.548664,434.08698,552.65356,-96.807014,360.60223,543.2575,96.7071,442.2505,697.2241,-83.37339,261.62674,636.91766,-89.282745,440.70883,819.27637,169.26407,287.28467,766.8434,127.05046,452.86246,840.09735,184.03764,308.4052,794.3208,142.2902,392.57993,864.56165,39.894646,221.02084,808.9496,67.05099
escalon_rigth
IMG_20241112_110455 - copia.jpg,escalon_rigth,303.87363,289.9425,-241.86989,296.3767,272.26343,-227.14969,296.06158,271.79065,-227.11772,295.61353,271.18423,-227.0961,290.2405,272.47095,-267.44324,285.57645,272.27063,-267.4434,280.33572,272.09064,-267.4974,272.05994,276.92676,-124.88529,250.88612,279.09085,-308.3186,299.67755,310.01657,-196.21921,290.843,310.2281,-248.73523,258.74655,371.49182,38.374443,197.30453,369.51636,-356.51953,263.19434,511.04944,147.18913,133.3664,509.18024,-402.24084,305.13358,606.746,131.45517,169.07538,642.57086,-372.77835,318.19666,633.986,132.15982,165.53047,682.2246,-406.783,322.61462,634.93396,92.881714,188.5827,681.95496,-407.72723,314.28418,626.97064,113.27361,196.21982,669.30396,-370.55954,242.55946,623.70056,126.64867,241.60979,625.2705,-126.95874,228.53079,774.2561,279.84573,384.94247,754.8783,-55.496304,215.7293,918.4726,441.93088,364.9987,922.94165,154.9169,198.83752,949.7004,454.0828,334.36966,951.38336,175.29776,283.3503,930.98694,427.75366,434.48117,958.9343,150.66899
escalon_rigth
IMG_20241112_110456 - copia.jpg,escalon_rigth,331.9916,241.99026,-240.66968,341.1201,224.86029,-269.67014,344.14362,223.97997,-269.66937,347.2671,223.11237,-269.68887,338.15048,225.3343,-222.03923,339.12152,224.7019,-222.0218,340.2164,224.01627,-222.10689,373.6693,227.41394,-330.2653,363.0134,226.54478,-114.46962,343.87183,253.95099,-258.1146,339.60635,254.97662,-195.6204,444.50217,318.54037,-391.17258,361.71362,319.57507,36.077915,451.82742,449.44336,-413.08075,366.2533,427.8573,134.08118,417.9154,561.7303,-375.91888,337.32288,522.0071,61.3179,420.75702,594.2286,-413.6611,321.78577,547.59717,51.27751,401.53348,590.87286,-421.55557,318.98822,548.31323,7.1007643,398.3919,580.15454,-374.10803,326.69458,544.23346,38.381783,429.02322,549.3372,-109.079475,358.51556,536.32776,109.01849,438.6768,691.8003,-71.948746,252.50693,634.807,-14.980836,440.31567,812.7896,237.70668,283.4361,761.7776,208.46443,453.23703,835.21185,258.49237,304.4231,788.11755,224.57646,386.62823,855.3189,125.33815,221.27516,803.32794,157.26192
escalon_rigth
IMG_20241112_110457 - copia.jpg,escalon_rigth,332.5911,240.46924,-232.3253,342.07727,224.29614,-261.4139,345.2644,223.10187,-261.4107,348.71368,221.81268,-261.43427,339.45175,224.87543,-215.39978,340.60535,224.10616,-215.38542,342.10147,223.08235,-215.4608,376.59055,223.39786,-324.18695,366.0469,223.6093,-116.242905,346.1964,252.17642,-250.74223,342.05954,253.05223,-190.4183,446.46747,315.14743,-384.11078,371.62778,316.70844,28.493668,454.0469,448.4679,-400.36472,372.9889,425.12372,124.75042,421.73776,561.1879,-357.7382,344.9512,512.0147,59.410168,423.30853,592.2737,-392.13843,331.04694,540.2676,50.226986,406.8757,589.586,-399.59744,326.31088,540.1862,8.36278,404.15344,578.9613,-355.44763,334.6346,532.52734,37.61172,428.53537,546.92206,-103.92399,360.90878,534.5133,103.871025,440.19363,689.44305,-85.17711,255.58911,631.04297,-35.873386,441.14932,812.3961,188.94283,289.02115,758.1975,172.65186,455.1809,834.56366,206.5204,310.66916,787.15894,187.81119,386.89587,854.5672,78.831085,224.2218,800.8251,128.28777
escalon_rigth
IMG_20241112_110458 - copia.jpg,escalon_rigth,334.56348,245.86801,-231.10527,343.5242,228.52597,-262.18304,346.63885,227.57608,-262.15656,349.87894,226.64575,-262.15558,340.7304,228.94003,-214.45784,341.86124,228.16821,-214.44615,343.24744,227.24768,-214.54198,376.8532,230.01715,-329.76535,366.62665,229.244,-113.93897,347.62805,257.89868,-250.89182,343.67654,258.36865,-188.32332,448.59692,320.04297,-388.80563,367.23978,316.51425,33.02322,454.28638,452.22946,-408.27722,372.6417,423.90073,133.65749,424.3015,559.97687,-364.98297,348.80093,514.54834,72.959045,426.6345,592.6264,-399.24203,336.03204,545.71173,66.417534,408.1514,591.0431,-405.18582,332.79047,546.67706,23.498423,405.5467,580.31305,-362.41644,339.09567,539.13135,51.087036,433.07574,546.2124,-108.16158,363.57507,534.7317,108.09104,441.5175,689.70337,-94.14768,256.75424,631.08093,-24.626686,441.25745,819.5681,140.75212,289.00342,761.37463,193.7841,453.1176,841.30457,153.36757,312.605,788.57996,209.28006,388.08197,859.431,11.792487,221.61913,802.3785,150.85065
escalon_rigth
IMG_20241112_110458_1 - copia.jpg,escalon_rigth,321.61462,286.15643,-231.61526,312.37482,267.516,-217.19215,311.54227,266.94397,-217.14493,310.46042,266.22235,-217.13145,307.3003,268.69998,-257.1886,302.82532,268.97742,-257.20264,297.6455,269.13632,-257.25235,286.66568,273.07956,-114.858154,267.7548,276.49777,-294.7744,316.11694,306.0701,-185.98454,308.61127,306.02444,-237.55177,268.52396,364.11713,53.04556,211.21227,366.99173,-338.79224,272.04202,470.47153,267.16748,151.54323,512.33057,-379.4213,309.01422,460.79562,374.14056,187.39209,643.26404,-347.98132,319.40402,475.5797,395.1286,183.90744,683.5235,-375.25687,317.02853,453.64548,362.2234,206.24112,682.2307,-380.05768,312.2367,452.4542,362.52612,213.94542,668.8795,-345.72256,256.94525,620.959,122.526,259.60388,623.28955,-122.78143,243.90842,771.3685,264.3671,402.2433,752.3063,-41.378384,232.4191,920.1242,410.0812,375.6716,920.44495,164.03342,215.50484,954.4085,420.1775,351.46472,951.81305,184.50053,305.26965,933.3811,396.51468,444.66116,952.7771,167.35875
escalon_rigth
IMG_20241112_111420_1 - copia.jpg,escalon_rigth,346.05878,256.4424,-326.32986,345.32715,238.08685,-294.70557,348.70703,237.99873,-294.66235,351.64905,237.94243,-294.65067,330.21512,238.52618,-315.33105,321.95178,238.88214,-315.31464,312.88776,239.72183,-315.19736,341.53244,245.98434,-130.42134,289.0024,250.23529,-221.87112,349.1253,276.5361,-262.13205,333.15103,279.25995,-287.54514,332.29004,341.72876,82.16623,263.46707,352.6065,-276.84076,346.9342,471.49472,161.93845,278.6051,505.32224,-312.6395,379.01477,561.14636,117.94402,309.72278,624.78174,-320.40033,390.97025,588.0287,110.4158,315.25778,660.9585,-361.70996,392.77457,590.0578,79.88014,334.66373,656.66016,-364.2584,387.00638,582.92847,101.20919,337.35474,644.34784,-320.6057,335.35626,596.3713,117.031654,326.7715,601.86835,-117.27483,340.13913,752.75446,221.01935,444.57938,722.29565,-25.5071,295.97894,913.8308,313.31464,424.41086,881.72424,127.194,270.60486,940.0304,318.2271,402.5325,911.50665,139.7353,363.36487,931.8683,292.78995,503.11487,916.3453,99.42467
escalon_rigth
IMG_20241112_111422 - copia.jpg,escalon_rigth,319.19162,196.68846,-234.29767,329.61142,177.56279,-254.58722,335.57996,176.32938,-254.6504,342.1478,175.00778,-254.69585,320.35403,179.05469,-212.59785,318.9703,179.22946,-212.54352,317.5308,179.25827,-212.60709,373.4278,180.6731,-272.1039,343.64413,181.8179,-82.497086,336.3285,216.75598,-235.40251,325.18466,218.2127,-180.36314,447.40045,283.3332,-353.95905,345.75885,290.5578,92.448685,454.46518,448.4029,-373.61978,358.54974,434.3953,188.82509,426.88266,586.2334,-312.24313,328.01422,545.5917,121.30124,434.5876,631.61584,-336.17432,311.43073,579.4109,112.31583,407.21695,627.97473,-350.02405,312.9721,578.72626,70.99247,402.23672,615.9504,-310.50482,321.12637,568.53973,98.67912,430.29156,579.30457,-120.17644,350.30423,570.34863,120.031296,431.06662,762.73895,-111.3035,240.08952,703.47253,59.409225,436.29993,923.594,89.29963,278.95825,854.6011,280.89688,446.7175,946.1614,99.27784,301.51807,889.7785,296.15842,364.3881,969.23364,-33.149757,183.86449,912.4712,254.3522
escalon_rigth
IMG_20241112_111422_1 - copia.jpg,escalon_rigth,334.83218,279.2071,-144.60886,324.07343,260.2139,-133.6883,321.7929,259.46997,-133.70338,319.28787,258.79044,-133.71332,322.57062,261.02817,-176.27736,319.6925,260.83075,-176.28563,316.5661,260.7321,-176.29198,295.48535,264.45175,-60.56322,295.10886,266.6362,-251.84923,325.014,296.9003,-108.95175,322.71793,297.65903,-163.74971,255.42589,354.85297,73.55561,251.55292,365.65454,-318.58322,282.63275,494.25238,129.20825,268.584,518.8778,-328.06638,307.24963,598.42126,112.79129,306.42233,642.1209,-258.60397,307.39404,638.81903,107.249825,308.37848,678.1143,-290.96188,317.05643,636.29517,81.00857,322.99692,675.9588,-289.94382,304.04956,623.46594,99.17269,325.14014,663.45166,-255.74821,295.21927,613.59845,116.09271,310.97186,617.6089,-116.299286,318.7095,763.1207,216.51755,436.68777,733.4514,-8.527898,285.07352,928.9391,345.14932,413.1224,897.8584,191.62083,260.57535,957.2352,354.12405,395.2494,929.09985,210.38966,357.2768,934.4099,332.27676,495.7718,927.6677,190.13832
escalon_rigth
IMG_20241112_111423 - copia.jpg,escalon_rigth,359.49545,199.35303,-258.74118,371.6035,180.63168,-259.0418,380.2651,179.97318,-259.16385,388.67804,180.01114,-259.2476,349.22693,184.10275,-229.85817,343.0011,185.4892,-229.74452,338.59482,186.82727,-229.71655,405.85864,191.62865,-204.29855,340.01828,197.06764,-72.4097,379.72354,219.99509,-235.00305,352.1741,223.28407,-196.79018,456.1105,292.58228,-305.89948,336.28696,303.9169,129.32423,470.59808,450.65536,-322.46512,347.39767,453.9691,209.98186,431.95157,588.08997,-252.22786,329.8274,557.3027,132.55322,435.8826,634.1205,-272.34592,320.69913,589.7686,120.98003,410.62866,630.54675,-285.5469,319.34787,587.6222,87.99533,406.1707,618.73425,-249.85254,324.43155,581.76965,113.100815,433.6107,589.7047,-126.96407,352.60977,580.80255,126.802025,435.17017,774.317,-104.64628,243.92125,716.36865,39.41666,433.6965,932.62573,124.43496,280.37378,869.2627,274.29758,443.78683,953.8672,138.24515,307.20776,905.67737,289.6607,373.20728,980.58264,6.0557218,184.60645,920.69006,231.75743
escalon_rigth
IMG_20241112_111424 - copia.jpg,escalon_rigth,315.2908,276.37872,-202.52647,301.0614,256.79263,-190.23662,298.8207,256.20996,-190.26018,296.37384,255.8551,-190.24704,299.4596,257.7687,-238.8866,296.5272,257.74164,-238.89803,293.19876,257.89636,-238.97742,275.3379,265.90344,-109.23207,272.3559,267.42615,-327.80206,309.09296,295.66147,-164.06702,306.67444,296.78537,-226.84106,252.50095,362.01477,49.210083,232.59604,369.5491,-403.51,271.58688,497.05194,122.23333,249.36896,522.6138,-445.29022,287.7243,609.3825,87.730194,286.6814,642.56995,-403.0735,292.76907,642.69324,82.57844,288.25906,677.0925,-446.07928,304.19482,639.8394,50.644085,305.63318,675.70764,-445.24323,292.60187,630.0775,70.8873,308.4386,663.5277,-400.75525,284.7369,612.9425,131.96815,290.11316,615.79016,-132.18263,309.50775,765.55115,254.39282,426.23257,729.62524,-24.432047,273.1405,927.2582,421.42224,409.889,894.1211,193.65944,249.1811,956.2611,433.11243,388.2616,926.2268,212.34332,339.80273,936.1345,393.72845,488.1557,926.5034,165.31158
escalon_rigth
IMG_20241112_111424_1 - copia.jpg,escalon_rigth,324.6851,295.10046,-132.45592,311.35016,274.1579,-120.76829,309.52524,273.5469,-120.78776,307.43286,272.96875,-120.785934,309.30435,275.16528,-164.53244,306.30655,275.1677,-164.53766,302.8972,275.21094,-164.5802,285.2826,280.45444,-43.693623,280.6993,282.80103,-240.47101,317.26953,311.92737,-95.782646,314.24313,312.92264,-152.2463,263.20404,372.0893,96.84415,240.4929,377.40228,-315.69107,289.837,497.34167,173.75038,253.273,530.08386,-349.99503,319.52167,595.677,160.2892,289.01578,652.61725,-305.2046,329.44345,622.51154,160.53464,292.99847,689.5822,-340.34457,333.90256,620.79694,128.87688,310.7095,687.5254,-340.801,330.44696,609.1766,144.56401,313.11273,674.60504,-303.2879,294.1167,627.5527,120.439865,300.7117,629.43274,-120.58721,318.18225,776.48157,208.9035,427.1722,746.0349,-34.824074,280.04358,942.4537,322.23438,405.514,911.6603,148.15805,256.08722,969.13916,329.26587,384.85855,943.3863,163.98137,346.63513,954.9678,299.03726,485.8033,940.07117,128.28975
escalon_rigth
IMG_20241112_111425 - copia.jpg,escalon_rigth,321.42487,300.0131,-144.77321,311.28494,280.4564,-133.12456,309.59628,279.90448,-133.13275,307.7545,279.44363,-133.12305,308.38626,280.8594,-176.71613,304.85132,280.49445,-176.72542,300.74313,280.17117,-176.74797,284.7831,286.49066,-55.718277,275.77966,287.83026,-251.98886,312.41302,316.82285,-108.08228,308.67535,318.03256,-164.3949,257.68475,372.771,85.74136,233.68173,383.43414,-322.87347,274.49634,503.03333,161.4829,246.2483,534.0681,-344.74472,300.2003,601.94324,158.5543,281.84982,655.1376,-284.10065,309.0026,631.1712,160.19792,284.49368,689.4396,-316.62787,311.79794,632.148,131.49352,302.01013,688.14185,-316.47284,307.41602,622.8603,144.2111,304.0937,676.2633,-281.62943,283.75314,627.2195,117.39113,290.50198,630.00964,-117.538475,308.4167,771.31476,207.01396,417.60583,743.8227,-28.300318,272.87866,938.734,319.68164,398.72775,907.67773,151.00273,249.89388,967.7495,326.7927,379.1387,939.6368,166.21153,338.49155,946.7474,298.02536,478.78546,933.1935,130.35818
escalon_rigth
IMG_20241115_102857.jpg,escalon_rigth,384.1976,707.2979,108.56186,382.4925,699.01135,86.79431,380.26968,699.2335,86.77108,377.94434,699.4427,86.721275,387.90228,698.33685,88.519714,389.54443,698.20374,88.53093,391.4484,698.1587,88.473404,372.84448,702.9892,11.492501,394.90555,703.57556,15.748681,380.02304,716.9807,88.11486,384.75085,716.4428,89.27055,320.09064,767.7084,-46.886665,437.51944,776.126,-6.3777246,306.05295,862.39655,-37.699585,451.5998,867.8492,-0.5446006,292.65833,945.04364,44.313713,452.7401,957.91223,56.674004,285.39362,967.8856,52.598858,458.50055,981.8759,67.306305,294.7442,964.33624,55.341858,449.07556,979.70056,62.249306,299.4924,957.26587,47.87516,443.43866,971.6517,56.827354,352.23264,938.86865,-30.060284,387.38956,940.04626,30.071804,347.15134,1081.5059,-63.63627,384.41428,1077.9071,-35.839993,336.99582,1215.4978,-43.288006,358.09537,1213.6299,-21.202265,339.17407,1238.7482,-45.401028,358.25284,1237.9543,-21.99637,321.0319,1238.7052,-112.4977,342.03384,1238.9303,-100.244644
escalon_rigth
IMG_20241115_102858 (1).jpg,escalon_rigth,377.72653,702.9224,-312.14163,382.2191,695.40967,-294.05798,385.2072,695.666,-294.12878,388.35468,695.96387,-294.18335,374.34583,695.2948,-294.4428,372.029,695.3778,-294.478,369.95416,695.36633,-294.51736,392.1479,701.4108,-168.39632,366.74744,701.51587,-172.11772,383.1928,713.2866,-263.34674,372.82333,712.57764,-264.2977,437.2387,773.76404,-83.36506,326.3037,769.01746,-87.32419,454.1725,859.69916,-38.273193,301.44522,857.42676,-48.36757,458.38232,947.70233,-150.22331,284.58215,936.23816,-162.87631,461.09723,974.83954,-181.5346,277.414,957.9166,-198.33936,450.23517,971.89465,-216.45929,285.523,957.5719,-235.44563,445.67963,962.76135,-166.26756,290.73288,950.78906,-180.88301,400.3388,940.7382,0.7130484,339.97675,931.12756,-0.53218585,390.13266,1091.2251,-70.2561,326.56653,1002.48175,-298.8288,368.18872,1232.3652,45.266117,320.87543,1137.6053,-139.76668,365.143,1241.8407,46.60268,320.64368,1147.1143,-129.54982,389.06,1271.2416,-119.11113,306.09866,1186.018,-286.20282
escalon_rigth
IMG_20241115_102858.jpg,escalon_rigth,384.15353,703.64136,-52.7892,383.56818,695.0659,-63.89824,382.50732,695.4888,-63.970127,381.4369,695.8496,-64.0311,386.2511,694.3426,-62.42717,387.03757,694.39307,-62.453674,388.025,694.5294,-62.52853,377.40686,701.37213,-83.35455,389.8696,701.76013,-80.126976,381.39288,714.7412,-53.314587,383.19934,713.7127,-52.46343,322.9319,767.16504,-98.04899,426.8747,773.7749,-58.04712,308.68607,860.2697,-98.31142,446.68784,866.9345,-63.66052,292.51044,946.25696,-79.52144,444.44855,960.2018,-81.89319,285.59302,967.86255,-84.17586,447.62833,987.14233,-87.99743,294.7361,964.4495,-87.13505,438.02377,982.8817,-102.49705,301.09848,957.56445,-79.68842,431.5118,973.0625,-87.81911,356.43997,935.6475,-36.03782,381.27176,937.8128,36.254776,351.36258,1080.2119,-111.38698,374.35352,1073.8063,-74.75979,341.33737,1213.3326,-104.08183,338.24338,1198.532,-86.387146,341.1298,1240.8921,-110.17296,341.947,1234.7339,-91.18153,324.88428,1236.1626,-203.65416,317.9068,1226.7396,-192.95506
escalon_rigth
IMG_20241115_102859 (1).jpg,escalon_rigth,372.4977,698.24536,-348.358,374.2596,687.37415,-330.30466,376.0935,687.28467,-330.42392,378.04544,687.1078,-330.43317,369.55994,687.461,-330.6735,368.21246,687.5311,-330.71893,366.94128,687.55383,-330.81067,380.81357,692.69275,-207.32909,365.25327,693.953,-211.2104,376.95444,709.65625,-300.73053,370.23273,709.412,-301.92264,432.91052,770.9205,-125.73359,324.57297,766.0827,-115.47252,449.64453,862.76587,-65.09763,300.09406,858.24457,-56.9149,450.29776,952.6467,-165.57533,284.05573,940.9766,-165.57161,455.98227,982.44763,-193.52492,276.77585,962.36035,-195.794,441.2979,978.2197,-226.94449,285.53506,960.13824,-236.1292,435.99466,969.00134,-180.26784,290.77524,953.9105,-184.674,387.1652,937.4271,-15.188157,344.73505,931.7921,15.437185,385.21033,1091.5364,-93.968704,324.4811,1049.2454,-115.47196,362.07822,1235.9227,3.7150874,316.36685,1170.0442,5.7492433,374.50195,1253.6042,3.3117576,311.06006,1190.4004,11.820487,375.18787,1275.6875,-136.287,294.12564,1215.868,-123.4906
escalon_rigth
IMG_20241115_102859.jpg,escalon_rigth,373.57626,700.7643,-340.0626,374.59668,690.08093,-322.64618,376.31543,689.7629,-322.77142,378.1225,689.43024,-322.7969,370.06433,690.6362,-323.50656,368.74304,690.80554,-323.54913,367.50708,691.0129,-323.635,380.04056,694.91003,-196.18037,365.75317,696.9452,-202.45332,377.73856,711.7624,-290.71494,371.21887,712.0956,-292.45453,432.2686,770.72943,-104.548065,326.24133,765.5734,-109.68666,448.73605,863.4386,-47.169865,299.1296,853.1549,-58.391453,451.46924,949.42346,-155.74858,283.72232,937.3838,-173.64534,455.77057,977.50085,-183.2691,275.75217,958.53326,-207.57411,442.3714,973.0161,-219.7401,287.87646,956.5414,-243.9144,437.4388,964.4034,-171.8581,293.58862,949.7665,-191.81427,385.1702,934.70917,-2.231286,347.7948,929.18304,2.5385401,383.4967,1097.2014,-70.567406,327.2493,1029.7605,-193.26114,356.1606,1239.9791,28.80495,318.96863,1153.506,-58.709164,352.06946,1250.415,28.912083,310.60486,1171.6006,-50.565952,373.54956,1278.6028,-116.71371,295.96875,1206.8273,-195.15674
escalon_rigth
IMG_20241115_102900 (1).jpg,escalon_rigth,364.70868,705.40643,-338.7224,370.3771,694.6829,-322.55093,373.96365,694.5586,-322.5952,377.68323,694.4597,-322.6322,361.67255,695.47064,-319.75214,359.18982,695.87067,-319.79868,356.73615,696.3452,-319.8493,385.6849,700.4586,-204.05463,357.4827,703.2837,-192.91647,373.22498,716.4747,-292.16678,361.40326,716.58575,-288.9331,433.65585,773.85486,-121.94703,321.57068,770.65643,-101.16557,452.09424,866.29846,-72.75678,298.0505,859.23553,-47.1068,452.72485,954.2489,-174.16469,283.57733,941.1868,-159.28952,457.60315,985.90704,-205.69965,277.95474,964.34784,-196.47475,444.69635,981.1932,-240.51112,284.65042,962.8332,-234.63275,440.17392,971.02783,-189.68117,289.19174,955.8823,-177.93863,399.16956,938.48456,-11.85403,335.73935,931.23566,11.971304,389.60486,1094.6421,-91.36605,312.82742,1021.58966,-209.47115,374.4784,1236.1389,6.2925,312.71222,1156.2067,-51.408432,373.29263,1244.3256,5.579532,312.52106,1175.2831,-41.79673,384.8838,1280.0852,-156.65924,291.27225,1203.9037,-193.54887
escalon_rigth
IMG_20241115_102900 (2).jpg,escalon_rigth,363.84677,703.63745,-331.44608,370.276,693.5147,-315.89145,374.55634,693.4781,-315.94644,378.8312,693.4214,-316.0107,359.80927,693.9529,-313.46094,356.94775,694.19275,-313.47824,354.1522,694.3718,-313.5169,386.9146,700.16345,-196.6083,354.4052,702.03094,-187.4071,373.8525,714.7711,-284.2994,359.7058,714.42053,-281.4998,433.29367,775.7401,-109.370605,320.12827,773.013,-98.251686,451.07764,865.5435,-60.336926,297.4592,864.37415,-49.06345,452.00024,954.35004,-159.45374,281.32614,948.8817,-167.40532,455.9525,983.16864,-191.8347,275.90042,973.6592,-205.7433,444.09888,979.6846,-225.66083,285.21387,972.0484,-245.13155,440.14914,970.5884,-174.81061,289.45734,963.57056,-186.71596,399.98334,940.8723,-4.635273,334.1797,933.3733,4.839381,391.64526,1096.1123,-75.91917,313.04663,1022.99243,-264.30576,375.43713,1243.9304,11.684673,311.66565,1158.1089,-122.87286,375.73526,1252.9167,10.064775,311.42322,1187.1598,-114.82981,388.8777,1292.2051,-156.00053,295.9132,1217.2384,-279.7599
escalon_rigth
IMG_20241115_102900.jpg,escalon_rigth,366.42053,708.33124,-317.60428,368.65466,697.13684,-304.59662,370.2857,696.97845,-304.7028,372.06015,696.81,-304.7372,365.27115,697.56714,-301.4818,364.46713,697.7463,-301.49872,363.66983,697.9509,-301.59357,377.85678,701.9233,-195.26071,366.05197,703.7551,-182.94328,371.10315,718.9163,-273.8354,365.98737,719.79663,-270.42624,430.3289,774.6414,-120.608765,327.09738,769.84485,-85.453766,447.67657,864.086,-62.104336,301.28433,856.7187,-34.558914,449.5647,954.40076,-157.92114,287.7225,941.78955,-135.20033,453.85052,982.7979,-185.96512,284.48984,963.7183,-159.6615,439.951,977.4713,-217.6212,293.05066,960.88904,-200.84012,435.28137,968.3905,-171.67061,298.63934,954.27844,-153.99611,384.687,940.9719,-22.524876,346.5259,936.32416,22.716248,384.0005,1096.3263,-94.93769,325.6496,1044.9193,4.411768,365.4505,1235.4617,-18.942694,316.17487,1163.044,122.10591,364.82413,1243.3765,-21.154354,309.9896,1183.7047,128.11624,373.71515,1278.8716,-156.76343,292.5481,1207.058,13.794811
escalon_rigth
IMG_20241115_102901 (1).jpg,escalon_rigth,364.23642,716.24054,-336.75076,369.95618,705.9854,-321.89844,374.05038,705.9877,-321.94824,378.19717,706.1222,-322.0075,360.1094,706.14136,-319.89856,357.4021,706.20435,-319.93445,354.6257,706.2505,-319.98703,386.76743,711.21875,-195.88603,353.92032,710.93713,-187.65207,373.8888,726.70667,-285.5807,360.68756,726.35315,-283.30045,432.31467,782.5823,-95.11685,318.89468,778.02057,-86.69122,447.31796,870.67126,-38.569027,296.06558,868.16284,-29.662754,451.62735,956.02856,-147.33669,282.65875,950.1803,-151.15324,454.38562,985.63306,-178.4963,278.77756,977.11884,-188.981,443.14117,981.90765,-214.87224,285.98404,974.69836,-230.00163,438.86612,973.0437,-163.0048,290.0816,965.66925,-170.19556,398.7513,945.7545,-0.9133343,332.92374,936.9858,1.1101735,392.06863,1098.764,-82.33689,320.6106,1013.20306,-321.589,374.6682,1235.4371,42.031685,312.46857,1162.7505,-169.90628,367.57074,1247.0099,44.2317,314.98224,1186.3915,-160.66339,376.22223,1270.8693,-128.49742,301.84274,1219.1029,-337.24454
escalon_rigth
IMG_20241115_102901.jpg,escalon_rigth,361.94067,715.39215,-345.76898,367.79742,704.6335,-330.32272,371.77347,704.5161,-330.36414,375.89276,704.5176,-330.40625,358.70862,705.0654,-327.94244,356.18222,705.1755,-327.99484,353.73834,705.24084,-328.03888,384.98004,709.71765,-205.39606,354.93323,710.5165,-194.86319,371.671,725.9503,-295.7751,358.83896,725.8834,-292.7591,433.02704,782.5099,-114.64377,319.28284,777.1937,-95.38063,448.5653,870.6448,-68.727875,297.14056,866.95435,-45.265865,453.21213,953.2403,-183.23315,282.9966,948.425,-169.98534,454.26166,981.4452,-215.87126,278.318,975.62537,-207.98465,443.2993,978.192,-250.46193,282.5931,973.35394,-247.76468,439.7957,969.7687,-198.1874,286.7301,964.5851,-188.66986,398.74664,948.17993,-6.3488827,332.66937,937.7429,6.457032,389.91946,1097.529,-90.14645,320.12375,1004.7849,-338.25037,374.59097,1234.0918,57.211315,313.3972,1148.3086,-164.75137,383.29156,1244.8729,61.71974,318.17712,1165.5487,-153.47324,364.5418,1267.1831,-112.65663,304.83878,1200.2642,-323.42853
escalon_rigth
IMG_20241115_102902.jpg,escalon_rigth,369.102,711.4106,-347.27136,373.911,702.7929,-329.20102,377.28647,702.9126,-329.2584,380.68417,703.06335,-329.29855,365.40454,702.8134,-328.81244,363.0451,702.8818,-328.8629,360.8076,702.9535,-328.9158,386.8851,708.94604,-198.01494,359.48975,709.71954,-197.72917,376.84943,722.06476,-295.7512,365.68942,721.4093,-295.70868,432.89474,781.8407,-105.697426,322.2766,776.94525,-101.84897,447.0803,870.6265,-53.283203,298.42773,867.5729,-52.860966,448.71384,956.4273,-165.24136,282.88394,950.0159,-168.78183,451.3154,985.1975,-196.00352,277.4741,975.9058,-205.01385,440.55176,981.50037,-232.37506,284.16806,973.7218,-242.7659,436.42664,972.73987,-181.32982,289.09943,965.04395,-186.86731,396.57242,944.9987,-3.7315893,336.72867,936.9658,3.864785,390.44165,1093.628,-107.69575,320.7972,1018.02185,-267.81787,387.4853,1223.1447,41.137283,315.82944,1157.6296,-73.95656,382.5593,1238.7595,45.93598,316.94208,1176.3335,-60.683987,367.7289,1256.415,-117.92595,301.8713,1211.9652,-221.5844
escalon_rigth
IMG_20241115_103159.jpg,escalon_rigth,358.0255,510.88287,-388.35867,364.25,503.59064,-367.706,367.0609,504.33234,-367.70102,370.49353,505.22424,-367.7316,352.52783,501.17902,-372.07367,347.6581,500.5877,-372.14487,343.0868,500.3136,-372.14948,372.95013,511.1369,-233.25737,334.00876,505.14282,-252.35677,361.5086,525.21655,-335.5334,346.67087,522.03094,-341.3287,397.4092,590.72076,-129.61275,285.35312,569.97797,-150.88156,401.02496,669.88306,-50.31484,246.92014,645.6469,-93.208244,402.2826,756.7693,-112.35827,225.03244,723.6305,-169.97612,404.3307,781.52985,-128.4031,214.34842,747.5327,-198.71295,398.83505,778.8388,-162.69565,221.64131,748.27966,-232.3482,396.13248,772.59973,-127.32145,227.54733,741.87195,-185.35825,348.6654,736.9925,-6.2741804,282.4257,718.95483,6.3124623,338.0052,867.483,-116.03232,251.34918,787.974,-352.83032,326.52374,991.37683,57.35262,260.33868,936.755,-154.29704,319.72525,1008.89777,63.492363,272.01755,955.1233,-141.6728,321.13672,1042.7573,-106.02184,238.21492,984.6979,-302.11075
escalon_rigth
IMG_20241115_103200 (1).jpg,escalon_rigth,345.81686,505.65894,-333.5781,352.68134,497.1991,-314.3069,356.54227,497.93353,-314.36276,360.31924,498.75867,-314.43777,340.3535,495.28833,-317.57205,335.48837,494.86832,-317.64404,330.90533,494.73505,-317.6956,363.58078,504.01245,-184.53346,322.99405,499.5014,-199.59857,349.70273,519.2475,-281.8486,336.12393,517.4484,-286.53568,393.39502,583.2241,-93.22998,275.37018,573.0595,-98.43167,410.16464,664.1549,-27.581472,245.25136,657.9513,-29.3939,405.7679,749.9048,-90.15666,225.01361,743.8862,-106.5728,404.75385,774.4457,-106.71287,215.57751,768.07605,-131.76033,397.1821,772.00684,-136.3586,218.03845,770.5169,-168.44682,394.64316,765.93445,-101.792366,224.70396,762.453,-122.51435,345.88065,748.3236,-6.5016537,277.57532,730.2195,6.4775987,334.61066,884.69965,-95.91882,243.44083,830.048,-283.5033,323.45752,1019.40686,40.802837,241.03159,981.8357,-140.68544,317.51505,1036.7528,44.785255,248.73695,1005.1917,-133.93365,329.4603,1058.9926,-109.86246,215.04059,1023.685,-297.25003
escalon_rigth
IMG_20241115_103200.jpg,escalon_rigth,350.95923,506.41412,-362.69174,358.26187,497.5519,-341.3692,362.04556,498.3194,-341.41443,365.95944,499.32788,-341.51468,345.5658,495.63007,-346.3199,340.71478,495.14877,-346.42572,335.7847,494.98624,-346.47324,368.55286,505.31448,-201.83447,326.85535,500.5043,-225.70398,355.1722,519.758,-307.65256,341.60107,517.83765,-314.86243,395.3317,584.78595,-93.10068,279.57385,568.76373,-123.53646,405.14462,665.6355,-15.752374,243.54562,654.07623,-55.852154,403.24548,749.5415,-69.69876,227.75156,736.71173,-126.64151,404.09476,774.7977,-86.484955,218.34486,759.5349,-152.70668,398.09506,772.3064,-116.14776,224.03146,761.4002,-188.61446,395.55463,766.17645,-81.84475,231.11421,753.9999,-141.76477,349.00815,742.386,5.433811,280.96722,724.6422,-5.3681893,345.71918,871.73816,-150.40254,252.95874,815.90125,-368.94342,323.07297,1009.468,-6.5274434,242.20766,969.5655,-206.26959,315.9467,1024.7075,-1.7681152,249.15924,994.11926,-196.41995,331.6636,1053.0012,-162.19681,225.23637,1016.4846,-371.80374
escalon_rigth
IMG_20241115_103201 (1).jpg,escalon_rigth,352.41968,514.5847,-283.04504,359.5021,507.81036,-259.85455,363.12543,508.73755,-259.91837,366.8868,509.7139,-259.9909,346.57858,505.51743,-262.7474,342.08618,505.27295,-262.82364,337.89062,505.31036,-262.86578,370.54602,515.5407,-129.36499,331.0282,510.25018,-143.05612,357.81924,528.9454,-233.15036,342.6293,526.8011,-237.45865,400.23782,597.81085,-49.657276,283.22946,585.3318,-60.874172,413.29575,680.6614,5.096384,253.86696,671.1958,-3.4296947,414.21246,765.03625,-52.543594,232.18484,761.9113,-81.72971,414.91275,790.943,-68.41804,221.0264,784.07684,-107.17749,406.93906,787.7955,-94.87586,224.79907,786.08496,-143.15047,403.85712,781.397,-63.512135,232.82849,777.5805,-97.65341,352.0679,759.1315,-1.9091386,284.55017,741.8946,1.9439137,341.00577,884.84753,-132.09978,250.53761,827.068,-378.21143,322.56915,1025.0304,14.527218,242.48465,981.8887,-236.89546,314.18326,1043.9686,19.643303,250.50523,1003.2982,-229.14374,324.7512,1063.5393,-140.62558,219.95389,1028.6244,-405.96173
escalon_rigth
IMG_20241115_103201.jpg,escalon_rigth,348.38785,513.0879,-365.69177,357.0072,503.4638,-345.86005,360.39413,504.22977,-345.89548,364.35242,505.0438,-345.97336,343.1752,501.38513,-347.81628,338.17215,500.98358,-347.90887,334.09183,500.79242,-347.94818,369.28622,511.62476,-211.13509,327.8121,506.6767,-221.05695,354.64523,527.4585,-312.21582,338.29034,525.24976,-315.4193,398.76566,591.5103,-110.63721,279.9946,577.87585,-112.53956,412.44818,676.3545,-37.159935,248.40701,663.65753,-40.49322,413.40875,762.6614,-96.70649,230.88593,752.89734,-120.19337,413.22147,787.7788,-113.1731,220.28876,776.5292,-146.97948,404.21198,785.4386,-145.37039,223.728,778.74664,-183.75456,401.59406,778.58,-109.55009,231.40514,770.6562,-136.21445,350.29065,754.72174,-5.7690005,280.9243,735.9974,5.76443,335.60257,891.4145,-106.80015,246.61017,834.47906,-330.2137,315.10065,1033.2301,47.021633,242.0578,984.97046,-173.29448,307.74893,1047.1898,52.133865,249.71323,1005.8832,-165.38586,315.25912,1068.7627,-114.6642,215.66103,1028.3933,-343.83582
escalon_rigth
IMG_20241115_103202 (1).jpg,escalon_rigth,349.1666,520.4459,-372.98328,357.37415,514.3238,-349.52322,361.5511,515.3659,-349.58536,364.86212,516.26825,-349.64432,344.6009,512.4024,-351.8149,340.54996,512.2777,-351.917,336.7314,512.1362,-351.95142,369.38193,523.25385,-209.93396,331.49124,518.6079,-219.25005,356.32306,534.8391,-319.50336,340.07184,531.0571,-322.56683,401.56912,601.01575,-116.52033,286.12314,590.0578,-110.57682,413.7169,679.7318,-47.818573,259.54507,670.5335,-34.146973,415.5676,766.6283,-104.89879,235.96054,758.8586,-119.13597,415.35992,794.40625,-122.33527,228.33847,780.31915,-146.2568,408.097,792.1293,-153.68533,232.92215,781.4232,-189.15642,405.23526,785.4021,-117.597176,238.40833,773.39246,-138.35115,355.2776,762.3667,-9.981258,287.0795,744.7777,10.138331,343.10202,888.5503,-143.30531,254.37619,824.70264,-406.88797,323.41937,1030.6465,21.760439,242.37419,980.5509,-239.84389,316.05267,1047.2323,27.190392,249.86938,1001.34814,-230.20847,317.3659,1068.4581,-152.18048,228.25395,1026.8479,-414.75534
escalon_rigth
IMG_20241115_103202.jpg,escalon_rigth,348.0251,518.68976,-322.62888,356.45975,511.0022,-299.62146,360.1894,511.97952,-299.68735,363.6536,512.9908,-299.77728,343.20627,509.15747,-302.16245,338.8459,508.99957,-302.2341,334.8211,509.08087,-302.25287,368.7921,520.50824,-163.0552,328.84384,516.21545,-174.4839,354.95746,533.27045,-269.84137,338.38284,530.3821,-273.53467,400.38757,597.92126,-72.50281,283.9599,587.143,-69.32156,413.2219,678.238,-0.94605374,257.32993,669.6613,8.701272,415.23917,764.5697,-53.29485,233.13188,758.1579,-75.669464,414.87933,791.45996,-69.855225,223.2432,781.0603,-100.756775,407.55066,788.68115,-99.27927,226.50409,782.4451,-144.16026,404.8405,782.282,-65.21392,233.45328,774.1227,-94.7546,354.51004,759.2609,-7.953515,285.7614,741.457,8.08663,343.47638,882.8584,-150.68936,251.71066,828.7204,-394.833,322.8533,1030.3138,-19.305576,242.72849,983.08997,-255.25583,312.3351,1049.9489,-17.013052,250.86383,1003.9666,-248.52437,319.55243,1070.7521,-197.07588,223.02533,1028.9592,-435.5659
escalon_rigth
IMG_20241115_103203 (1).jpg,escalon_rigth,356.656,523.4564,-337.4336,363.22272,516.53625,-313.53577,366.92786,517.40735,-313.602,369.91907,518.2109,-313.6678,350.50708,514.683,-318.22726,346.43454,514.5605,-318.31924,342.45706,514.6936,-318.33603,373.66812,525.2933,-175.51302,335.46335,521.30743,-195.66916,363.11368,537.66486,-284.57422,346.7643,534.4935,-290.7489,404.12878,602.734,-83.05792,289.7302,591.2275,-96.488144,415.70447,681.3578,-12.924381,265.64648,672.36255,-25.342701,415.5564,769.13214,-68.004456,239.45013,757.2063,-98.93464,415.2852,795.4278,-83.49382,231.41325,777.9733,-123.85538,408.66797,793.0542,-113.28766,235.15248,779.30786,-165.0355,406.30063,786.2027,-80.63264,240.77536,771.51294,-117.32923,357.9987,760.8456,-7.201456,288.8247,743.43616,7.365547,347.0079,885.8373,-140.21748,257.775,818.04504,-400.0178,323.77145,1030.9194,-1.9978286,242.19803,980.1776,-259.5008,315.9563,1045.1061,1.14636,249.22813,1002.45276,-251.9116,318.52844,1068.8234,-173.77423,226.2425,1026.3882,-432.28973
escalon_rigth
IMG_20241115_103203.jpg,escalon_rigth,353.07642,522.3993,-346.8268,360.0472,516.16144,-322.7354,364.16858,517.0956,-322.79822,367.5663,517.9835,-322.86826,347.79483,514.42554,-326.55014,343.96646,514.35803,-326.63763,340.0984,514.50726,-326.6471,371.91553,525.2734,-184.37222,334.3721,521.19714,-200.56525,360.28427,536.2677,-294.07513,344.3112,533.1248,-299.1341,403.15817,603.399,-92.90544,289.42303,590.4203,-99.1387,415.1003,682.4181,-22.666157,265.3904,670.49744,-25.893423,414.69266,770.22754,-72.61245,238.54414,755.9508,-99.11554,414.4931,797.53174,-87.16225,231.03549,776.2612,-123.55014,407.5454,794.95026,-116.976234,234.84476,776.809,-164.82211,404.9903,787.926,-84.86927,240.27846,769.7468,-117.714836,356.15945,763.1505,-7.0382767,287.5661,745.3409,7.176485,345.60837,888.6938,-135.07674,255.57607,822.2523,-402.9059,322.86017,1030.3079,19.438318,241.77716,981.05176,-250.87926,314.7531,1044.6866,24.02284,248.87767,1000.9543,-242.44865,318.7157,1068.8118,-150.51556,225.75522,1027.5209,-422.89505
escalon_rigth
IMG_20241115_103204 (1).jpg,escalon_rigth,366.73734,523.1355,-328.1614,373.5131,516.5124,-304.01578,377.4842,517.647,-304.0878,380.80115,518.7442,-304.1584,361.3151,514.22125,-309.1183,357.2425,514.0185,-309.17984,353.1481,514.1635,-309.18176,383.74945,526.33044,-167.32942,345.9132,521.0124,-188.8778,372.75757,537.6594,-276.02026,356.70853,533.7905,-282.59262,411.35962,605.99646,-80.01975,295.76828,590.57886,-91.11492,420.6736,682.7093,-11.872804,269.46967,668.8501,-21.131662,419.2252,769.4793,-62.255173,242.0031,753.95435,-89.17981,415.27002,796.1395,-77.31528,234.71786,774.7333,-113.248505,408.59045,793.7339,-106.11065,238.35974,774.95416,-154.97385,407.35226,786.9606,-74.49996,243.4201,767.8936,-108.1412,359.82468,765.47845,-7.195895,290.79153,745.3744,7.381246,345.5472,892.1991,-129.59853,255.90622,827.0252,-402.98273,317.30826,1039.49,-2.9920628,241.80281,981.06885,-272.2959,310.2768,1053.0886,-1.6813287,249.09177,1003.079,-266.3373,319.00543,1079.5566,-178.12102,223.09122,1027.9164,-444.67477
escalon_rigth
IMG_20241115_103204.jpg,escalon_rigth,366.39075,529.7815,-245.11493,373.05432,522.081,-222.77995,376.81772,523.07825,-222.84677,379.70148,523.94495,-222.91847,360.94843,519.6917,-227.59245,356.86533,519.29315,-227.6254,352.80954,519.05194,-227.61775,381.92227,529.72,-96.59872,345.23434,524.22174,-116.711296,371.4749,543.7475,-196.2536,356.08572,540.17896,-202.43887,409.93338,606.3677,-23.250193,295.6964,589.41864,-34.669197,418.64355,685.48865,36.10705,267.12262,667.7682,28.877872,417.31198,770.37354,-6.37727,239.25856,755.1361,-29.68731,414.20435,796.85297,-18.585756,232.37094,778.33185,-50.562225,407.57968,794.00476,-45.875378,234.58534,779.23474,-89.56821,406.01224,787.65,-17.70155,240.7266,770.70874,-47.3083,357.9329,764.42505,-6.805483,289.78323,747.62756,6.9298577,346.37134,891.00806,-120.91569,251.42004,834.7831,-357.95007,320.85333,1033.5795,-31.4393,242.66228,984.3976,-254.19196,311.6185,1051.0695,-33.184055,251.39977,1006.16364,-251.34082,320.64374,1075.1155,-197.5024,217.83455,1028.7288,-415.97607
escalon_rigth
IMG_20241115_103448.jpg,escalon_rigth,374.28162,508.21967,-304.52612,379.7214,501.0833,-283.82843,383.196,501.7846,-283.9216,386.20618,502.62946,-284.03296,368.84506,500.9198,-286.7425,365.08142,501.3684,-286.79376,361.40372,501.99377,-286.84534,390.31543,511.44043,-153.28474,354.80078,510.7436,-165.68407,381.69177,519.89545,-253.7624,365.67932,518.5343,-257.6037,423.07675,587.8402,-49.07862,319.5901,581.05646,-82.15526,434.27924,665.67316,13.111368,298.0417,659.6362,-21.340326,449.17395,742.3164,-75.892815,277.22665,730.91974,-119.94155,452.9648,760.7672,-96.98491,271.71686,747.2561,-150.90265,450.91928,762.11414,-130.18222,275.276,747.48804,-191.26341,447.81,756.4948,-90.98711,279.6982,742.732,-138.52264,385.7332,738.23975,16.930813,330.09045,727.153,-16.780674,377.97775,877.35547,-79.70411,338.73965,801.9471,-368.42178,363.0639,1005.18915,46.656742,322.68518,952.87585,-234.94574,353.7166,1016.1853,48.68595,329.17734,958.3025,-227.4745,369.64206,1051.1671,-120.33631,332.0916,1003.0777,-403.527
escalon_rigth
IMG_20241115_103449 (1).jpg,escalon_rigth,370.23175,510.00153,-310.8597,376.91083,503.27194,-290.28122,380.78696,504.0409,-290.37003,384.45734,504.9826,-290.4814,365.98026,503.1061,-291.6021,362.76657,503.65277,-291.65558,359.29477,504.37213,-291.7087,389.71313,513.5635,-161.3358,354.91592,513.41425,-165.75586,378.76367,521.7461,-260.86282,363.20166,520.39984,-262.43878,423.87048,591.5269,-56.790474,319.76953,585.22345,-80.72602,433.42874,670.16016,3.9407434,299.94543,664.4825,-22.339716,447.9259,747.3377,-84.70292,280.28397,734.9176,-129.0832,451.46213,767.8604,-105.728745,272.29327,752.72424,-162.76067,450.5006,769.65063,-140.70648,275.92117,754.24243,-202.49307,447.37988,763.26324,-100.84932,280.84338,748.7708,-148.13188,385.98593,739.6332,8.463935,329.8816,728.7114,-8.307951,377.95328,877.32263,-98.32162,338.05264,803.38226,-355.7999,361.95514,999.36206,43.565277,323.64352,954.417,-217.32837,352.73764,1010.2255,47.07615,328.45792,963.5311,-209.82697,363.64764,1044.4529,-127.77753,328.38605,1010.54865,-391.69537
escalon_rigth
IMG_20241115_103449.jpg,escalon_rigth,373.96393,509.39758,-366.7214,379.81436,503.72162,-345.50775,383.3752,504.47058,-345.60803,386.52057,505.21774,-345.73746,368.68796,502.89,-348.09772,364.78278,503.1048,-348.18045,361.15115,503.50916,-348.21185,390.32037,513.22644,-209.26689,354.58755,512.2854,-220.7478,380.6456,520.4853,-313.8034,366.00668,519.17053,-317.41617,422.7949,591.0963,-98.517105,319.29843,585.01514,-125.23585,433.92233,670.0721,-38.116844,296.451,666.48975,-71.15065,448.84567,752.77625,-126.563614,274.09137,741.06067,-180.96248,451.2167,774.7718,-149.5356,265.85983,761.5171,-216.13185,448.60336,776.49646,-185.31326,270.93698,763.5707,-254.92815,446.523,769.7898,-142.80357,275.6344,758.0304,-199.54045,384.67468,738.7844,9.54983,328.73267,726.4727,-9.400182,378.25534,875.87354,-79.44102,338.54303,796.74927,-380.6427,359.0693,1003.2339,69.79595,321.3363,938.5184,-241.3012,350.93753,1011.99066,73.90475,324.47147,950.9315,-233.71896,366.46863,1047.3801,-100.2448,326.66235,995.0769,-416.37384
escalon_rigth
IMG_20241115_103450 (1).jpg,escalon_rigth,367.68417,511.44226,-298.76138,374.94458,504.27075,-277.98593,379.05643,504.9665,-278.08032,382.9383,505.72577,-278.1799,363.7416,504.66016,-279.66956,360.28452,505.44012,-279.72308,356.9786,506.21802,-279.80682,389.0252,514.9826,-150.95773,354.3402,516.10693,-157.69673,376.79504,523.4368,-250.01186,359.81436,522.3461,-252.179,422.96127,592.8189,-53.59017,320.31778,586.8384,-80.528275,432.94556,670.1972,3.0579693,299.85468,666.44464,-20.89685,443.47525,746.07104,-82.84186,282.26672,738.3806,-115.83137,446.6268,766.32825,-104.02895,274.921,759.0116,-146.32242,444.05057,768.26086,-136.7918,279.05408,759.46783,-187.08492,441.0739,761.6926,-97.56826,283.883,753.4066,-134.52652,387.07947,744.6837,15.989135,330.4167,734.92395,-15.857392,376.3277,883.0417,-84.37783,339.71997,805.74896,-357.27762,360.35565,1005.2947,60.02852,325.95844,960.3223,-203.82037,352.39218,1018.29004,63.960262,332.81696,965.96185,-194.48146,366.7099,1054.1295,-104.13005,331.14603,1010.6035,-369.98563
escalon_rigth
IMG_20241115_103450.jpg,escalon_rigth,367.12244,511.57214,-302.12854,374.30917,504.30283,-281.8201,378.22833,504.98358,-281.91153,382.11844,505.7647,-282.02814,363.36496,504.11618,-282.49942,360.16086,504.5724,-282.5573,356.78253,505.20386,-282.61682,388.24564,515.1437,-155.58708,353.73422,514.8276,-157.15791,375.64038,523.11304,-253.3518,359.4543,521.47314,-254.08972,423.45554,593.41113,-57.78715,319.5129,587.1267,-74.81186,433.9002,671.3376,-2.00056,299.6127,667.548,-18.90671,447.14648,751.5057,-89.777916,281.31546,739.5501,-124.364655,451.04507,771.0713,-111.141945,273.1902,761.742,-156.99884,449.26273,772.9951,-144.89568,277.7859,762.94275,-196.38612,446.34628,767.0953,-105.16911,282.23935,756.4874,-143.05925,386.65485,742.5437,6.4109898,330.70978,730.79724,-6.29908,376.52164,881.24695,-94.222534,338.46558,802.0405,-358.6421,360.04425,1003.23425,57.304104,324.33838,954.7515,-213.4232,352.83603,1011.24194,61.915657,328.62134,968.3247,-205.06244,360.43512,1052.299,-111.7132,327.70425,1008.9682,-385.21405
escalon_rigth
IMG_20241115_103451 (1).jpg,escalon_rigth,368.61127,513.6821,-293.5352,375.4236,506.96072,-273.3893,379.3184,507.62405,-273.47583,383.13126,508.4346,-273.5889,364.43063,507.0428,-274.14877,361.26,507.6207,-274.21075,357.7312,508.3899,-274.26508,389.31778,518.0415,-148.05864,353.91013,518.026,-149.88356,377.417,525.18353,-244.96132,361.7406,523.88354,-245.80559,423.32343,595.13495,-47.757908,321.02533,589.27527,-70.65161,433.29382,673.05597,11.329578,301.03174,667.89685,-16.295635,444.82635,750.2948,-74.485115,282.99854,738.7623,-120.86653,446.12796,770.86304,-94.549484,275.82553,760.2201,-154.10191,444.65057,772.4935,-128.93636,280.21545,761.51697,-191.76721,442.0977,765.8258,-90.15729,284.40128,755.29456,-138.94484,387.4224,742.8309,7.6139083,331.58142,731.8987,-7.5002403,379.26016,878.225,-100.41246,339.62466,805.7507,-355.7017,362.1999,1005.3533,39.78121,325.37662,954.85767,-218.9339,354.27667,1013.327,43.38873,328.14743,969.1424,-211.23065,363.31625,1051.977,-129.48065,331.78458,1010.60596,-388.86108
escalon_rigth
IMG_20241115_103451 (2).jpg,escalon_rigth,370.52124,514.1248,-338.9437,377.5868,507.8145,-318.80753,381.47644,508.47562,-318.8936,385.36185,509.35672,-319.0233,366.624,507.7851,-320.06503,363.5959,508.34174,-320.13828,360.1548,509.01184,-320.18488,391.39398,518.0045,-189.53033,356.48834,517.89795,-193.79712,379.1683,525.54694,-288.57455,363.94473,524.35974,-290.09955,425.29727,595.35284,-79.72985,322.31973,589.6821,-107.95737,434.21356,674.3025,-17.797842,302.09976,670.974,-50.961708,444.6866,752.2544,-102.618164,284.32468,740.87805,-156.42932,446.53616,773.28314,-124.31522,277.47327,761.9181,-191.4438,444.76205,774.66125,-159.65482,283.0505,763.45374,-229.1596,442.2221,768.09143,-118.67465,287.17984,757.0731,-174.49493,388.09778,742.8728,11.587836,332.24026,730.9677,-11.412734,378.76065,881.105,-99.26414,341.1911,801.759,-369.35626,361.10156,1008.2593,42.918602,323.5295,953.85974,-228.43413,351.73102,1016.48486,46.69447,327.06122,965.4939,-220.38031,365.32468,1054.8153,-126.41178,329.05182,1011.3101,-402.48108
escalon_rigth
IMG_20241115_103451.jpg,escalon_rigth,370.73837,512.40283,-358.18622,377.54535,507.05786,-337.85703,381.46994,507.8211,-337.94315,385.22946,508.6537,-338.08124,366.55652,506.46075,-339.58807,363.27414,506.7636,-339.65225,359.98285,507.2622,-339.70737,390.80334,516.503,-205.62254,355.6929,516.22266,-211.8956,378.884,523.51447,-306.58688,364.25507,522.3003,-308.71262,423.71075,592.4646,-93.04676,321.3993,587.0861,-120.874565,432.74768,670.2739,-24.965235,300.73608,666.3537,-60.22374,442.49698,748.3916,-106.52847,283.2959,738.661,-164.33353,444.77917,769.3535,-127.152626,276.72656,759.1185,-198.62459,443.0226,770.59827,-163.60597,282.73248,760.1452,-236.9628,439.65796,763.8907,-122.87208,286.87503,753.79517,-182.55983,386.2317,737.8598,10.270804,331.7285,727.01105,-10.094928,378.29944,875.3185,-105.651955,341.12518,801.3436,-348.97443,363.8432,996.5929,55.232197,324.4553,950.96014,-192.59158,355.40018,1003.7532,60.675312,326.83447,956.83606,-183.35269,366.54068,1044.8451,-113.12254,330.29416,998.178,-368.90756
escalon_rigth
IMG_20241115_103452 (1).jpg,escalon_rigth,371.08713,515.37463,-295.10266,378.04544,508.6234,-275.14432,381.87845,509.2955,-275.22266,385.54077,510.12714,-275.3195,367.17047,508.6441,-276.64215,364.019,509.21692,-276.69443,360.49872,509.9532,-276.75858,391.2188,519.42975,-149.84952,356.5624,519.36163,-154.97423,379.4066,526.9284,-246.4063,364.08594,525.7816,-248.17355,424.26355,597.33795,-47.899517,322.8899,590.9592,-78.3749,433.219,675.27344,14.378231,303.71014,670.3256,-25.36458,443.20126,751.081,-74.42998,286.42322,739.3955,-130.05687,445.21924,771.8652,-94.59871,279.9658,762.3739,-164.13934,443.41922,773.4844,-130.08585,285.30722,762.77594,-200.32198,440.90933,766.6315,-90.470856,289.20984,755.57324,-147.25526,387.9387,744.0947,9.025149,331.99887,734.3065,-8.915963,378.28323,881.4417,-95.87048,337.9188,811.45605,-332.22266,359.3081,1004.0612,48.619873,322.9755,962.82135,-185.68019,352.66086,1012.34766,52.627335,326.02496,976.0058,-177.13248,358.6234,1040.7451,-118.1044,327.0258,1015.3871,-352.20212
escalon_rigth
IMG_20241115_103452.jpg,escalon_rigth,372.97858,515.818,-339.1987,379.5426,510.83374,-318.72806,383.40634,511.53662,-318.80914,386.97495,512.26196,-318.92776,368.77554,510.3402,-321.1116,365.36725,510.62634,-321.19437,362.177,511.13702,-321.26025,392.4645,520.163,-186.21542,357.5271,519.90594,-195.88332,380.8511,526.7622,-287.5819,366.33807,525.658,-290.663,424.54984,597.9188,-75.14683,323.58316,590.9076,-112.90168,432.91183,678.42554,-8.671307,302.54095,670.7087,-58.58659,443.9922,757.81866,-98.43122,286.1653,741.9386,-163.52432,444.86252,779.7174,-119.31281,280.16425,762.69775,-198.53862,442.28314,780.07324,-156.8056,285.48505,762.8138,-234.96451,439.82086,773.23047,-115.09011,289.2723,756.7235,-180.73813,387.89337,745.69244,13.832187,332.906,734.5293,-13.705373,377.63846,880.31555,-103.36569,342.05664,806.55005,-353.58728,359.10132,1006.5278,63.26266,324.77142,963.7019,-192.60127,351.63477,1018.83234,69.60462,329.49298,963.9363,-182.4854,363.80173,1047.1178,-100.251755,327.48508,1014.6538,-363.08038
escalon_rigth
IMG_20241115_103453 (1).jpg,escalon_rigth,375.21796,516.5374,-327.6213,381.87787,510.3158,-308.0736,385.58948,510.85413,-308.1555,388.81113,511.54236,-308.25775,370.96677,510.4121,-310.09833,367.29514,510.7895,-310.16272,364.17596,511.27173,-310.20218,394.1892,519.043,-178.27005,359.0374,518.6486,-186.54314,382.844,527.8437,-276.6833,368.0042,526.4605,-279.37302,426.57874,596.16785,-72.198006,323.44684,587.155,-100.576355,435.08624,674.05505,-12.195464,301.9135,666.6863,-50.73171,446.28622,750.9632,-105.39037,284.71326,736.8328,-164.48096,448.41025,771.69446,-127.97554,278.3633,758.9087,-200.48965,446.48776,772.95404,-164.27692,283.92764,759.8468,-237.44408,444.4034,766.55634,-121.668785,287.90863,752.8476,-182.16336,386.84064,742.0983,8.887105,331.038,730.31213,-8.7443075,377.54877,876.40814,-78.794205,341.77145,800.7935,-363.88113,357.35904,999.4412,72.353096,322.99518,945.6947,-219.7949,350.6757,1008.4669,77.01909,329.49405,951.9156,-211.44003,357.82352,1039.306,-92.88088,331.43988,996.80206,-387.79288
escalon_rigth
IMG_20241115_103453 (2).jpg,escalon_rigth,376.0111,516.28424,-327.08267,382.96838,510.08856,-307.43994,386.84286,510.7408,-307.51984,390.1603,511.42697,-307.62726,371.71066,509.45447,-309.49133,368.02878,509.62296,-309.56055,364.857,510.00726,-309.6041,395.79312,519.4596,-178.39165,359.9233,518.42175,-186.34906,383.73166,527.40924,-276.4633,369.03925,526.15515,-279.04507,427.04312,596.28534,-68.45749,324.98865,587.58435,-102.09619,435.37674,672.6643,-4.919192,303.04688,669.05676,-49.52402,445.55664,749.12354,-93.90048,284.1252,740.02167,-156.02864,446.72955,770.2113,-114.48549,277.70947,760.4236,-191.2623,445.19336,771.4076,-150.17712,283.6507,760.9512,-226.94484,442.65723,764.74866,-110.10479,287.66888,754.5374,-173.20334,387.7949,741.9336,9.962802,332.34933,730.45416,-9.823052,378.5985,874.60315,-96.53283,342.17133,802.83044,-354.17606,359.46143,1000.5747,44.4308,321.86853,952.7412,-215.23491,351.61703,1009.74805,48.250114,323.919,965.63934,-207.32333,360.99472,1049.3965,-122.03338,325.96655,1009.50507,-384.33694
escalon_rigth
IMG_20241115_103453.jpg,escalon_rigth,372.3575,516.5952,-339.05994,379.5713,510.88498,-319.38626,383.5293,511.52103,-319.46234,387.09247,512.2288,-319.5647,368.41904,510.62036,-321.23727,364.98682,510.93848,-321.3131,361.82776,511.44028,-321.3766,392.88718,519.9949,-188.74677,357.62695,519.6438,-196.20987,380.46158,527.9697,-287.94534,365.53964,526.71454,-290.4067,424.89868,597.22784,-78.88481,323.13867,589.45654,-110.784424,432.7224,676.8187,-10.940943,302.3902,669.9763,-54.05478,442.54074,757.2084,-98.56939,285.23676,740.9631,-159.0608,443.55078,778.5242,-118.75582,278.91946,763.37415,-193.58313,441.15665,778.8987,-155.75536,284.78247,763.76074,-230.38045,438.77112,772.197,-114.94655,288.58093,756.8954,-176.46545,386.90433,744.8153,9.979909,330.69058,734.04364,-9.851372,378.183,878.73975,-105.35837,340.37476,808.85815,-344.26514,363.01132,1001.82874,60.30543,324.13785,963.96814,-182.93091,355.58252,1011.4978,66.67603,326.70605,977.61523,-172.93646,362.59686,1040.905,-101.65571,326.6177,1014.1963,-351.7081
escalon_rigth
IMG_20241115_103454 (1).jpg,escalon_rigth,376.12643,520.7959,-363.13553,383.46655,513.8261,-344.3821,387.19647,514.5745,-344.45776,390.7306,515.6153,-344.57327,371.9022,512.8565,-346.66385,368.0468,512.9623,-346.73767,364.7806,513.34344,-346.78705,396.20767,523.2264,-211.03575,360.25323,520.9692,-220.65285,383.4583,532.3561,-310.25308,368.96167,530.34375,-313.3216,426.015,598.6285,-94.21679,325.18637,588.639,-128.75652,433.72705,677.59985,-24.843508,303.64792,668.24695,-71.601006,443.04077,757.2953,-117.83967,286.11322,738.36127,-181.72517,444.10883,778.92615,-140.51093,279.50558,759.8974,-218.4553,441.70837,778.808,-178.978,286.02,760.6981,-255.45142,439.47333,771.98694,-134.89989,289.7792,754.01056,-199.3437,387.40707,742.6304,12.550164,332.11893,731.3552,-12.382793,379.18845,877.8927,-101.49758,342.49063,806.2774,-349.83426,362.5209,1000.52466,63.13634,325.84064,955.737,-190.77829,354.82864,1011.6786,69.59485,328.3506,968.30804,-180.79501,366.9898,1050.8805,-98.20565,330.0971,1010.36584,-360.69586
escalon_rigth
IMG_20241115_103454.jpg,escalon_rigth,375.54187,518.94385,-354.16513,382.83362,512.2042,-335.4599,386.58975,512.8176,-335.54468,389.938,513.558,-335.6666,371.61658,511.5059,-337.49878,367.94864,511.65848,-337.57193,364.76248,512.0172,-337.60904,395.22397,521.3336,-204.08661,360.44006,520.0027,-212.29997,383.09604,530.2634,-302.05182,368.4399,528.84644,-304.72037,426.90253,597.8054,-87.57389,325.25958,588.4521,-119.92044,435.12607,675.54926,-20.962584,303.59055,669.5867,-62.84831,446.2643,753.62726,-110.88424,284.21497,738.2915,-173.63893,447.8913,776.0882,-133.1748,277.7892,759.01074,-210.0116,445.98035,777.40674,-170.31007,283.49585,760.84204,-247.83292,443.62527,770.3195,-127.687744,287.30545,754.38635,-191.784,387.74377,741.8164,11.556088,332.861,729.73785,-11.374162,377.54477,878.44763,-84.521866,345.54092,798.6439,-365.093,358.83054,1005.37775,59.97685,323.53098,944.16144,-224.53046,351.55542,1014.30066,64.09382,327.41888,955.1454,-216.38869,363.85205,1052.6063,-106.182724,331.2171,1000.4841,-395.2153
escalon_rigth
IMG_20241115_103455 (1).jpg,escalon_rigth,375.16208,521.3984,-375.61835,381.94,514.8309,-356.81384,385.53726,515.35187,-356.89133,388.79834,516.0331,-357.0132,370.80032,514.22253,-359.19427,367.13742,514.35785,-359.27728,363.89594,514.6972,-359.34814,393.78076,523.5293,-223.05109,358.92688,522.47925,-232.82062,382.72226,532.6055,-322.63422,368.1292,531.0804,-325.73267,425.30878,599.0397,-107.01982,324.2142,591.12646,-138.10892,433.1814,676.90063,-37.485123,302.7979,671.17175,-79.75288,444.0637,756.0803,-124.44024,285.69864,743.8718,-184.8053,445.39813,778.2165,-145.78925,278.4623,763.4713,-219.58849,443.38757,778.9051,-182.85852,284.10953,763.772,-257.7849,440.11252,771.7147,-140.85223,288.45093,758.0187,-202.73051,387.40472,746.50116,10.420666,332.6235,735.3338,-10.228459,378.81534,880.3632,-107.373985,340.70377,806.86255,-345.23105,359.9248,1000.0238,72.32401,322.37,953.3411,-171.45154,353.5465,1007.8497,80.148636,328.41406,957.1182,-160.16031,360.21695,1039.966,-87.775276,327.32733,1000.8191,-341.26434
escalon_rigth
IMG_20241115_103455 (2).jpg,escalon_rigth,384.9168,515.6537,-323.04254,387.59756,508.7227,-302.0812,390.11185,509.23083,-302.1713,392.50937,509.73944,-302.30035,377.86676,508.17474,-306.6787,373.61563,508.4035,-306.73987,369.3924,508.91077,-306.77908,392.95764,515.9304,-167.23535,359.5759,516.40924,-186.84047,389.08707,526.6468,-269.91864,375.71036,525.8557,-275.9257,424.8756,592.8331,-51.85252,322.9651,585.14343,-102.58457,433.57526,669.53644,20.071306,302.77646,663.03534,-50.010612,447.445,746.60156,-69.97842,286.1529,734.8257,-153.92303,450.73337,767.11865,-90.37264,280.0915,756.60547,-188.84743,449.83902,768.6462,-128.82956,285.84567,757.37134,-224.52829,447.01953,761.86957,-87.423645,289.50558,750.6302,-170.83464,387.6847,737.5955,15.201972,333.23413,726.38336,-14.9942875,380.94086,873.29065,-110.167366,344.27356,802.304,-356.73578,363.96533,998.2596,26.753948,325.42505,954.08014,-227.68524,354.59146,1009.00635,30.355412,326.16278,966.505,-220.77823,369.2175,1046.9441,-138.36961,332.86603,1008.78754,-400.12695
escalon_rigth
IMG_20241115_103455.jpg,escalon_rigth,374.96094,521.6255,-324.37222,382.2196,515.2462,-304.47003,385.96207,515.85754,-304.55664,389.25293,516.53754,-304.67682,370.9148,514.60144,-307.6126,367.26947,514.7274,-307.6817,364.11588,514.98254,-307.73804,394.3115,523.66425,-171.16089,359.21375,522.19366,-184.37067,382.60745,532.8922,-271.7046,367.77252,531.04065,-275.82526,425.24548,598.9344,-57.60004,324.22595,591.28455,-99.55467,433.6108,676.2747,10.610533,303.39203,671.3804,-44.206356,445.48663,752.80334,-83.6248,286.55515,743.6417,-153.94821,447.42212,774.31854,-105.16583,279.9564,764.1418,-189.44438,445.01453,775.6813,-142.26138,285.55762,764.2744,-227.24777,442.4941,768.9138,-100.11672,289.5288,758.03723,-171.56174,387.94888,745.5116,16.261433,333.3394,734.18146,-16.098822,378.99243,881.9171,-91.93046,343.53647,804.2031,-371.48502,361.77155,1007.7954,63.523163,323.42575,961.8258,-224.83131,354.1551,1016.949,68.847145,325.52322,974.0233,-215.99365,365.14053,1043.9114,-97.21305,330.4469,1011.70447,-396.24655
escalon_rigth
IMG_20241115_104159 (2).jpg,escalon_rigth,383.2796,535.2852,-447.00113,390.30408,526.01514,-426.9075,393.7746,526.5222,-426.9377,397.26245,527.127,-426.99487,378.8185,524.37714,-431.06372,374.44757,523.89453,-431.15906,369.9864,523.4774,-431.22638,399.7727,532.0267,-274.2406,363.27676,527.42645,-293.84628,387.80554,546.86456,-385.4882,373.76505,545.2461,-391.46896,432.1879,610.1439,-145.93547,316.36588,597.948,-167.64452,447.2769,699.07666,-58.0666,296.59134,689.649,-96.6334,451.58295,779.2251,-155.45168,278.00504,770.23535,-208.37605,458.3152,804.2551,-181.5965,270.53134,796.75,-247.19133,450.2549,802.1601,-222.67686,274.78094,797.18146,-291.11905,445.13116,793.5253,-173.34427,281.24695,788.09845,-228.64366,400.1634,772.2598,-6.8923197,332.3249,763.70337,7.0066824,391.7379,910.22986,-161.83734,302.21475,878.369,-302.16483,375.7002,1063.1285,-27.228321,305.18347,1024.8793,-130.92947,372.47104,1075.836,-24.925596,306.82343,1043.0698,-122.18341,377.78726,1101.295,-212.86588,292.85587,1076.8137,-308.67764
escalon_rigth
IMG_20241115_104159.jpg,escalon_rigth,370.1569,517.88446,-261.58386,376.88556,508.1524,-241.97679,381.0089,508.56696,-242.02098,384.54645,508.99817,-242.07866,363.9703,507.88544,-245.11401,359.83856,508.1588,-245.17189,356.02133,508.54828,-245.24016,388.80234,514.43463,-111.750015,351.91904,514.0969,-127.54304,378.0837,530.0483,-209.66307,363.15283,530.141,-214.53557,427.02466,594.99585,-23.121572,310.5265,587.7665,-41.908363,442.42145,673.0613,23.83975,293.8144,664.7812,-21.74964,454.67126,751.61316,-71.03959,296.9821,730.7227,-152.64503,459.6044,774.6125,-94.62163,295.39392,750.4813,-188.34938,453.0751,775.9446,-126.12817,301.98218,747.3136,-216.8564,448.33063,768.50525,-84.83991,304.47943,741.41064,-166.80418,399.32153,757.95264,-1.1974349,329.73065,748.54767,1.2994484,390.6537,901.60834,-109.561325,314.9665,854.2339,-259.0354,377.1484,1052.5181,-33.90077,306.49622,1016.58374,-135.85873,367.77164,1065.4806,-36.744015,307.86673,1034.518,-130.56985,377.0626,1094.9253,-212.97443,301.46002,1066.7888,-302.7157
escalon_rigth
IMG_20241115_104200 (1).jpg,escalon_rigth,400.46234,537.5372,-384.95004,406.15564,530.4856,-362.5857,409.4295,531.93774,-362.60873,412.28912,533.1596,-362.672,394.9603,526.3203,-372.53406,390.5062,525.1328,-372.58832,386.03983,524.1319,-372.63852,409.85455,539.21204,-216.8492,374.78857,527.93604,-264.9699,402.79166,549.7009,-327.34097,389.8359,545.7519,-341.55008,430.89615,616.50037,-107.53544,319.24326,597.88947,-154.85873,447.1964,702.3545,-24.70804,296.57077,688.64984,-87.89632,454.4146,782.16156,-114.554146,280.50275,768.89825,-171.55283,460.96994,807.1203,-137.5165,274.30084,793.71436,-202.30978,452.93643,807.0973,-177.79044,280.52103,793.3664,-243.05223,447.57214,798.4254,-132.57243,286.40344,785.2366,-189.43033,399.30444,770.24963,1.8255237,330.99664,760.91614,-1.7309141,391.9829,909.1821,-82.269684,312.78906,879.52783,-202.9965,373.80292,1058.6453,8.952233,305.67917,1021.5231,-59.780376,365.60843,1078.7405,6.8644958,306.2303,1040.0483,-54.196877,379.1572,1097.9149,-163.35992,284.44678,1065.5018,-220.28897
escalon_rigth
IMG_20241115_104200.jpg,escalon_rigth,391.15756,532.4832,-474.2554,397.60178,523.95447,-451.7409,401.40103,524.73663,-451.79672,404.71024,525.65765,-451.89197,386.35187,521.6764,-456.48563,381.59955,520.926,-456.59357,376.85114,520.3213,-456.65436,407.13907,531.72943,-289.9819,368.37805,524.9474,-313.20984,395.15353,544.5016,-410.01746,380.83313,542.06213,-417.02255,436.6494,612.2955,-157.35698,320.12082,593.46344,-184.54353,452.59067,699.7287,-70.85552,298.16647,682.86755,-118.0938,461.7361,784.72534,-170.34918,280.2492,763.5773,-242.05135,464.65894,806.37885,-198.20618,276.69098,787.3786,-283.60678,456.36212,804.45184,-240.52405,283.46954,787.5681,-328.26794,452.2822,796.8805,-188.93692,287.8636,778.9158,-263.10193,399.23892,770.59924,-3.3780112,331.9962,760.9144,3.5305045,390.8088,911.4428,-160.26369,315.08713,863.4869,-330.85596,373.89294,1058.2676,-3.81925,308.46933,1023.06793,-145.96556,372.6484,1072.8196,0.53221357,312.2631,1042.6033,-136.23595,380.59082,1100.749,-190.28938,294.14798,1073.4034,-335.12436
escalon_rigth
IMG_20241115_104201.jpg,escalon_rigth,398.46588,537.2192,-425.61966,404.60266,530.3784,-403.19046,407.8718,531.3946,-403.2106,411.15848,532.4818,-403.27463,393.75656,527.31335,-412.23865,389.3756,526.23315,-412.33603,384.55222,525.23706,-412.39975,411.2889,539.5746,-255.92526,373.82712,529.7657,-299.29764,402.06848,551.04095,-367.63055,388.28412,546.9082,-380.4934,434.35663,617.6495,-137.60782,320.80276,598.27673,-183.50069,450.74045,704.1189,-47.25657,299.07947,686.4318,-115.74096,460.20084,783.8624,-131.28635,283.82034,767.4457,-205.53233,464.56323,808.4794,-153.7061,277.95642,793.052,-237.68001,457.21326,808.0442,-193.24059,285.54816,791.8093,-278.73477,452.7658,799.63184,-148.25362,291.3024,783.4358,-223.18314,401.73538,771.22253,0.24979913,334.78366,761.4141,-0.16879001,391.8107,910.90576,-98.726654,308.10477,878.6309,-248.45467,375.8301,1047.6722,22.862831,307.88626,1017.5866,-90.0984,370.57367,1061.3815,23.670444,309.57446,1036.0889,-83.457794,378.00272,1075.2015,-154.95364,293.68048,1056.1775,-263.89807
escalon_rigth
IMG_20241115_104202 (1).jpg,escalon_rigth,387.74332,534.4685,-474.70648,396.42834,527.3351,-452.8213,400.4746,528.28314,-452.89075,404.32178,529.3707,-453.0185,385.17328,525.11475,-456.22372,381.34042,524.5371,-456.31976,377.58105,524.0523,-456.39148,410.4096,537.09186,-294.3217,373.44888,529.3234,-311.2151,393.37967,546.077,-411.667,380.1148,543.4498,-416.8397,436.05768,616.36865,-164.70941,321.86584,595.2917,-175.77992,453.2062,699.5664,-82.251785,301.6839,683.44025,-102.47492,463.72354,783.0823,-181.11317,282.38284,761.1777,-227.57042,468.10614,806.7335,-209.85757,279.16022,785.71643,-268.14883,458.93567,805.5759,-250.65599,284.86163,785.40027,-316.61743,454.14648,798.07245,-198.72841,288.94125,776.90796,-249.88708,400.84424,771.46106,-5.9814596,334.59824,761.32806,6.2003126,393.25574,910.0754,-164.28381,313.6701,834.7528,-401.10986,370.97586,1059.1808,-14.410903,310.17862,1013.35156,-223.97441,366.65656,1074.5181,-11.545141,311.95587,1031.2097,-214.84709,381.1923,1099.458,-213.9027,296.15424,1056.5447,-420.40814
escalon_rigth
IMG_20241115_104202 (2).jpg,escalon_rigth,380.23364,528.71875,-270.88486,389.29825,521.7406,-250.66737,393.5781,522.65924,-250.74648,398.00674,523.7898,-250.81612,377.74692,520.28424,-250.15778,374.0772,520.10675,-250.20538,370.514,520.004,-250.25491,406.57434,532.9859,-128.74948,369.13354,527.37634,-128.61449,387.6194,541.2768,-223.96358,374.19687,539.34375,-224.14352,438.016,616.9827,-61.84275,321.93137,600.2693,-40.025097,458.51776,699.24963,-31.321993,303.13425,688.3078,24.817314,445.04623,756.34186,-118.5738,285.4508,764.4312,-58.44959,436.79675,775.68475,-146.38068,283.64536,789.6878,-88.81104,431.90164,764.324,-169.76532,289.5178,789.1645,-122.475555,432.34665,758.8861,-129.02985,292.65683,780.15796,-74.96182,402.75214,773.7623,-6.094978,331.9033,761.2351,6.342056,395.2942,897.7326,-218.70236,315.15045,828.06635,-397.0728,379.18845,1059.6422,-125.5389,304.8795,1019.30457,-288.96878,371.2576,1075.8943,-124.11845,306.41766,1039.5886,-283.79257,383.47168,1104.9824,-294.32184,298.04785,1074.6985,-460.48984
escalon_rigth
IMG_20241115_104202.jpg,escalon_rigth,391.15906,536.54614,-456.79724,399.2836,528.8941,-436.41562,403.22638,529.8556,-436.46042,406.78937,530.68823,-436.56702,387.15872,525.85925,-440.72525,382.49808,524.79285,-440.8128,378.0953,524.00024,-440.87427,409.96497,536.5612,-283.3246,370.96576,529.0686,-305.23328,395.25262,549.39966,-395.37512,381.49857,546.4133,-402.06656,436.25388,616.4356,-153.76424,321.76935,594.96405,-170.84972,453.21454,701.65137,-60.427574,301.1227,681.16815,-94.61798,463.43307,783.6004,-144.80049,283.32565,762.023,-207.55365,466.412,808.96606,-168.62689,278.09717,786.44543,-243.09808,458.80804,808.1996,-210.3765,281.7506,786.4715,-290.7999,455.1846,801.3318,-162.10614,287.55698,778.39,-228.79233,401.46738,773.0535,-2.8615558,334.23352,762.023,2.9715502,394.1869,912.10645,-121.37299,302.25742,866.579,-329.9682,374.09882,1051.286,14.80335,305.4702,1014.87427,-167.87111,369.21295,1066.009,16.605946,309.60565,1033.6995,-160.18497,378.40875,1097.1459,-174.13551,291.29742,1063.883,-353.2635
escalon_rigth
IMG_20241115_104203 (1).jpg,escalon_rigth,374.15146,517.50696,-264.56207,383.2227,508.7563,-243.84985,387.88818,509.3418,-243.93336,392.63318,510.08698,-244.02246,371.86185,508.32153,-241.63799,368.9906,508.4793,-241.6967,366.18402,508.77692,-241.77945,403.51398,518.74396,-119.62365,367.75696,516.75916,-109.99448,383.40225,530.3031,-216.64925,369.9846,529.103,-214.20901,441.47427,603.24164,-44.021774,325.46252,589.78424,-22.555227,457.99023,684.0486,-3.3621564,308.22522,678.42584,39.928276,447.55762,744.30664,-89.91889,294.96588,754.4659,-62.07352,441.01477,762.676,-113.18884,295.0378,779.62335,-94.56076,435.97934,753.80426,-139.56708,300.8905,778.4348,-130.5305,435.7709,748.254,-101.32308,304.40442,769.28253,-79.631645,405.69553,763.0972,-9.024929,335.80884,751.50903,9.178419,397.17,892.9044,-149.55658,316.3193,820.36206,-409.11847,382.1726,1046.7515,-40.56824,306.69437,992.0547,-289.22693,374.94598,1061.7018,-39.606575,307.97223,1011.2308,-283.1729,381.48126,1089.5046,-222.87059,298.31567,1044.8684,-466.8762
escalon_rigth
IMG_20241115_104203.jpg,escalon_rigth,371.27432,527.98456,-327.47195,380.15686,519.5249,-306.90884,384.7953,520.20636,-307.00708,389.534,521.036,-307.0976,369.63406,518.8728,-303.30328,366.93625,519.03265,-303.37466,364.31287,519.29047,-303.4497,400.01514,529.75415,-175.7449,365.89224,527.8789,-160.07088,380.98694,540.1528,-277.2288,367.45398,538.9304,-272.99017,439.53564,613.82697,-91.67449,323.1852,602.5681,-58.302727,460.44174,699.4043,-100.765656,305.69724,691.06995,-5.1005483,448.80637,748.2085,-257.43338,294.05255,765.9071,-143.03122,436.3648,770.4209,-296.83487,291.8488,790.95544,-182.0806,431.8772,756.0486,-322.56384,296.04205,789.16473,-219.90425,433.33902,750.04083,-270.18768,299.4251,781.05334,-161.24915,404.9424,775.77795,-6.5973363,335.71292,763.20996,6.7408485,396.42947,910.775,-153.0704,308.56378,850.96094,-414.45554,379.40112,1053.9438,-17.340572,306.78574,1009.85486,-288.95435,369.39047,1067.6082,-14.407423,310.65125,1026.7554,-283.9896,384.5217,1090.669,-201.47525,294.01123,1054.6434,-481.62375
escalon_rigth
IMG_20241115_104204 (1).jpg,escalon_rigth,388.70703,519.8559,-320.40558,396.52887,513.1791,-298.72757,400.95334,513.73956,-298.79788,405.56317,514.3827,-298.89163,384.5698,512.2749,-300.07846,380.67203,512.18304,-300.15347,376.98663,512.21594,-300.22897,412.8439,520.91833,-161.66846,373.2151,518.08417,-167.76692,396.4199,530.8329,-266.88443,382.54395,529.42194,-269.00354,447.48212,603.4144,-61.950844,331.34555,588.75507,-75.08345,460.29935,684.357,3.5584776,314.9395,678.24414,-10.311598,463.97473,756.07306,-73.16468,300.96695,754.3369,-103.39836,463.20834,780.23535,-92.41357,300.44986,779.1581,-135.14812,455.08163,771.475,-123.51794,307.206,777.57684,-172.17491,452.09616,762.56665,-86.56215,309.45178,769.1906,-120.67732,408.46848,763.0355,-3.887748,338.27362,750.6786,4.0579762,398.4067,895.59155,-156.77731,319.39508,821.3312,-401.10596,383.26288,1041.2666,-30.86853,310.55206,992.9699,-254.63046,379.04663,1053.7325,-28.317776,311.2238,1007.75366,-246.045,381.25488,1081.6426,-209.70134,296.28925,1040.7262,-431.31277
escalon_rigth
IMG_20241115_104204.jpg,escalon_rigth,388.16153,522.8057,-408.17114,396.02097,514.78723,-385.29996,399.92526,515.3921,-385.37854,404.10217,516.1401,-385.48312,384.2336,513.69763,-387.52997,380.1655,513.55896,-387.64246,376.2017,513.6022,-387.72562,411.05988,523.4365,-234.5702,373.18225,519.7926,-245.26596,395.25552,533.83356,-349.19183,381.35,532.94836,-352.60254,444.6466,605.756,-119.64,329.12897,591.08716,-127.00435,458.92905,681.51587,-51.67983,311.98615,681.9018,-66.91679,469.1054,751.03296,-154.21864,296.99924,755.0241,-195.7779,466.583,773.40454,-181.3819,295.70938,780.89404,-235.7716,459.7436,767.944,-218.21028,302.68408,778.7698,-275.92114,457.71915,759.8913,-170.3321,305.62503,770.199,-214.95627,409.2061,764.15594,-7.441257,340.87936,752.4342,7.596754,397.65964,903.0515,-147.49973,310.1534,855.3022,-369.58295,377.29785,1049.3561,-5.01981,306.57028,1006.3612,-213.47705,371.8401,1064.7917,-2.170285,311.7587,1027.9286,-206.07448,386.6837,1090.2432,-195.93164,297.3677,1057.5812,-405.27014
escalon_rigth
IMG_20241115_104507 (1).jpg,escalon_rigth,324.35968,584.8821,-420.99356,333.29892,574.0475,-399.2134,338.26224,574.8124,-399.22476,343.23846,575.7525,-399.27496,319.6556,573.05316,-399.3635,314.84442,573.0743,-399.4539,309.6985,573.2173,-399.51178,351.48572,585.43695,-255.39575,304.4341,581.24567,-258.8213,331.4868,599.6361,-365.36774,315.08197,597.9974,-366.3553,386.4312,676.9205,-145.04094,258.44525,664.61615,-152.2687,398.946,770.7009,-65.17184,231.72958,758.83966,-76.932434,400.20068,866.3025,-130.02228,207.68697,849.5281,-160.32417,403.2611,896.3683,-148.6864,198.56136,870.64276,-190.76364,394.91913,895.52856,-180.01859,204.14705,871.44653,-229.42082,390.84653,886.61804,-143.33958,211.80493,865.4752,-178.51433,336.9438,856.52075,-2.7352467,266.5454,839.3898,2.6849818,324.2736,1001.8086,-85.889786,246.32704,923.6584,-430.4287,313.6742,1140.0663,131.12817,231.45825,1101.3018,-255.92265,303.14014,1154.4534,142.57767,236.45045,1120.1653,-245.40625,309.41446,1195.8042,-35.548595,219.50061,1158.5126,-453.116
escalon_rigth
IMG_20241115_104507.jpg,escalon_rigth,325.26663,578.80347,-417.97885,333.97064,566.67914,-402.21234,338.6646,567.0489,-402.2051,343.0672,567.5611,-402.2227,320.78818,565.9607,-402.48373,315.81635,565.7036,-402.5065,310.76178,565.32825,-402.5342,350.3525,574.7796,-274.98984,304.6027,570.2273,-278.43494,332.04514,593.2931,-366.67102,316.31516,591.70325,-367.67712,385.80945,664.5377,-163.98178,257.67056,650.323,-176.64577,395.97473,757.4897,-72.52012,232.19519,746.3635,-107.054085,403.1282,851.6499,-128.15204,212.87311,838.87573,-186.2864,405.9894,878.8062,-146.99123,207.46999,864.1265,-216.91502,399.54233,877.3932,-185.36339,216.78856,863.29553,-255.66284,395.07626,869.5786,-144.0057,221.10638,855.608,-204.39134,336.23267,842.56494,-3.128106,265.94366,830.6833,3.0737898,326.96375,995.2148,-65.183846,247.13617,956.3427,-154.76357,320.21335,1145.4799,32.924267,233.42487,1114.4618,-21.480303,313.06525,1161.4429,31.591528,238.5256,1134.1084,-16.83885,327.1305,1185.9467,-133.37592,219.95346,1159.9443,-185.38313
escalon_rigth
IMG_20241115_104508 (1).jpg,escalon_rigth,308.58215,600.1738,-334.95386,316.21783,591.4157,-315.04492,319.9574,592.3638,-315.08365,324.14957,593.5116,-315.1187,304.08304,589.99805,-315.88403,299.79663,590.0045,-315.91833,295.28595,590.0576,-315.95862,330.7686,602.1075,-191.05385,291.33752,598.4875,-196.79222,315.41232,613.97644,-286.98395,300.11304,612.0629,-288.82355,371.00482,689.3359,-102.03727,246.98538,680.50684,-115.92163,387.36368,774.183,-35.378365,231.7208,769.3027,-49.964516,392.66766,863.427,-76.261185,213.70717,857.2489,-115.992676,397.28928,890.5028,-89.39375,208.70132,883.5754,-141.95255,386.90955,888.916,-116.27652,213.86484,884.1583,-177.11702,382.6422,881.4772,-87.23966,218.82454,875.8258,-132.4106,330.6238,855.0266,0.34718603,261.44257,839.7837,-0.30225202,320.67947,997.1839,-78.33476,245.89984,931.0049,-365.8367,313.3983,1144.8588,15.100097,228.10211,1105.877,-278.90436,303.55093,1165.7013,14.867562,231.06789,1129.6921,-276.29556,317.02448,1189.9181,-152.58276,218.36151,1156.2169,-461.99307
escalon_rigth
IMG_20241115_104508.jpg,escalon_rigth,321.24915,592.8661,-324.45663,328.67288,582.319,-305.1759,333.39304,583.6031,-305.1716,338.06552,585.0616,-305.19568,316.35373,580.7276,-305.2492,311.85028,580.79126,-305.2964,307.174,580.9704,-305.33316,345.83072,595.0682,-183.00397,301.5985,589.4955,-185.63867,327.88092,608.041,-277.0308,312.74387,605.6125,-277.8346,383.16666,684.67566,-91.44674,256.23108,674.17017,-106.40504,395.68347,772.2638,-14.667845,236.69786,764.74927,-36.29362,407.49573,858.9447,-60.808758,217.71585,850.3624,-100.95469,409.0342,885.2223,-71.697235,211.778,874.99854,-126.60307,402.5826,883.80664,-100.071846,219.26689,873.88,-157.71727,398.70276,875.6483,-72.56388,223.96248,866.3022,-115.61457,337.30615,855.22217,-0.61478245,264.97067,838.85223,0.5015956,321.8717,1004.44574,-82.35864,242.74991,928.9697,-362.8759,309.07162,1150.039,57.285236,227.481,1102.4392,-225.73346,300.1599,1164.3269,61.71425,232.70612,1127.309,-218.09087,303.9737,1198.8978,-104.29028,215.98761,1160.3828,-400.2197
escalon_rigth
IMG_20241115_104509.jpg,escalon_rigth,316.19507,605.27325,-493.40646,323.90912,596.6328,-471.54797,328.49054,597.6708,-471.5802,332.5161,598.73926,-471.64908,311.89023,594.81104,-472.18024,307.04202,594.45166,-472.28595,302.4736,594.1079,-472.33868,340.0487,607.17395,-322.68686,297.27542,601.726,-326.5349,322.04807,619.26544,-435.25955,307.83615,616.65533,-436.64832,376.47583,692.6804,-204.80632,251.02464,683.47705,-201.6176,390.54132,781.4328,-128.30751,235.3332,771.77313,-120.59209,397.7897,873.2189,-193.0637,214.22023,859.4772,-211.779,401.721,900.3994,-215.89539,208.4389,882.7799,-248.17514,390.60727,897.4161,-251.36012,214.32463,882.29034,-292.2102,385.8983,889.0247,-208.05556,219.37187,875.03235,-232.71062,335.24176,856.2168,-9.739442,264.71176,844.0962,9.825377,323.78845,1000.4424,-127.96928,233.49379,951.27856,-356.42862,327.04523,1145.8335,-8.140316,231.73415,1108.2433,-221.43774,321.05853,1168.6985,-7.341592,240.7927,1127.9448,-216.21014,333.18518,1197.1072,-197.6548,212.76111,1157.8033,-416.64676
escalon_rigth
IMG_20241115_104510 (1).jpg,escalon_rigth,314.26364,600.5735,-296.93607,321.57104,592.449,-277.71304,326.18445,593.504,-277.73026,330.5761,594.61475,-277.76114,309.72324,591.06555,-277.91013,305.12595,590.9769,-277.924,300.62808,590.86676,-277.94254,339.0794,604.26154,-160.25145,296.13962,599.13525,-164.13156,320.81085,615.0502,-251.6205,305.9411,612.7594,-252.73952,376.74335,690.4879,-90.7375,251.8089,683.979,-86.68297,392.87735,778.9917,-34.91834,235.65213,772.6741,-20.87497,400.12622,868.32996,-74.56053,215.5796,858.2502,-74.394485,404.49054,897.0477,-86.955605,211.19176,884.0364,-96.76864,394.1386,894.7016,-110.64712,216.20244,883.8343,-126.238464,389.23068,885.6653,-83.92202,221.25354,875.21326,-88.535614,334.49124,859.8992,-5.052754,261.97543,846.1035,4.990619,321.67563,1008.1348,-57.785282,245.8007,925.81885,-336.50894,307.01715,1154.6879,38.95225,228.04521,1103.0005,-223.06035,297.5157,1171.564,40.000965,236.56776,1131.7161,-217.39651,307.27322,1197.3052,-116.99225,221.054,1155.7753,-387.96732
escalon_rigth
IMG_20241115_104510.jpg,escalon_rigth,317.20883,604.0724,-367.57632,325.03046,595.81476,-346.3678,329.45386,596.6401,-346.4082,333.35233,597.4871,-346.47113,312.76425,594.0908,-347.20346,307.60678,593.6901,-347.27084,302.918,593.29816,-347.29807,340.85492,605.7085,-214.65996,297.2504,600.9781,-220.09433,323.19156,618.3066,-316.57904,308.64807,616.08655,-318.3647,376.74402,693.37946,-125.248024,251.88322,684.3307,-125.10682,388.66125,782.0831,-60.670082,235.24417,772.06006,-54.366104,395.3799,873.64716,-113.44619,214.88344,858.7625,-129.73352,400.14383,900.1449,-131.38213,209.22879,881.9752,-159.90407,388.2823,897.754,-159.10085,214.62852,882.1344,-195.58214,383.63452,889.77405,-125.08838,219.63005,875.22107,-146.86655,334.93524,858.1466,-6.431492,265.11826,844.90295,6.476244,323.72064,1008.6722,-100.19064,248.02122,921.5636,-368.58603,326.48196,1152.934,13.774944,232.9341,1102.4437,-237.55688,320.9621,1170.2914,15.291324,241.1527,1121.9929,-230.96931,333.19342,1198.7494,-161.84026,222.447,1155.5894,-421.0408
escalon_rigth
IMG_20241115_104511 (1).jpg,escalon_rigth,315.173,606.23157,-343.68115,323.5949,596.4876,-326.41037,327.93463,597.42,-326.40094,332.4883,598.4161,-326.4193,311.82837,594.8896,-325.66095,308.08408,594.71857,-325.71024,304.45438,594.64154,-325.76425,340.4393,606.29175,-206.5472,301.6951,602.83765,-205.27716,322.63416,618.90894,-296.62338,308.4309,616.6739,-296.2553,379.92404,691.84827,-112.44213,256.59027,678.0907,-125.77762,394.61508,774.39026,-42.384087,237.32129,763.0996,-59.213417,402.94122,861.64496,-94.30975,216.6824,848.54663,-131.58691,407.2263,889.78143,-108.34264,209.80487,871.9636,-160.55933,398.4441,888.1443,-137.51607,216.56732,872.00836,-195.23625,393.48972,879.1944,-106.84577,221.59824,864.6234,-148.16644,336.1646,856.1985,-0.49234667,266.3559,841.6665,0.456633,324.05817,1002.27997,-66.11136,242.99683,949.239,-328.51343,308.37057,1143.8927,50.383713,229.20587,1105.3605,-212.2694,300.52966,1160.443,52.992527,233.87987,1124.4053,-206.84273,306.50833,1178.0934,-108.30549,216.32898,1153.0948,-384.02164
escalon_rigth
IMG_20241115_104511.jpg,escalon_rigth,313.59515,604.9358,-362.5863,321.8102,594.9293,-345.31445,325.75986,595.8364,-345.29846,330.18524,596.9294,-345.3301,309.5291,593.6498,-344.4483,305.26758,593.70154,-344.5008,300.99313,593.82654,-344.53287,338.88483,605.7165,-223.86304,298.36597,601.27325,-221.9264,321.3389,618.47644,-314.7146,306.2019,616.6283,-314.1815,378.91202,690.9665,-125.482666,254.8141,679.797,-134.67519,394.44855,774.4666,-48.556007,237.41356,766.6682,-65.29845,402.75076,862.98206,-94.27505,217.61551,852.6795,-134.04555,406.0334,889.85016,-106.983894,210.95822,876.5757,-161.72755,397.3257,887.9968,-137.04214,217.37025,876.1189,-195.39801,392.79736,879.63916,-106.478516,222.52875,868.29016,-150.10413,334.75705,856.00336,-0.6644825,264.66797,841.9648,0.57117105,323.63474,1001.93536,-81.07483,235.75763,952.2287,-336.2904,309.9787,1146.0844,54.822426,229.96187,1101.2743,-200.24315,302.67493,1161.9396,59.041798,235.60689,1121.4772,-193.24956,308.97433,1195.2041,-103.92087,217.05847,1157.8965,-370.10797
escalon_rigth
IMG_20241115_104512.jpg,escalon_rigth,321.16907,591.43805,-311.6905,330.28302,582.44275,-292.94443,334.46542,583.1184,-292.9807,338.93015,583.95544,-293.03027,317.75986,581.5635,-292.11044,313.36713,581.64087,-292.13098,309.03696,581.9134,-292.1658,347.49957,591.59344,-173.5286,306.69058,589.56903,-171.18816,329.1049,603.4825,-265.12195,314.5319,602.7854,-264.66113,386.1177,681.5149,-86.31274,262.1219,669.27826,-90.61505,397.7186,769.35,-19.875433,245.10883,755.6255,-22.695633,406.56924,856.8039,-68.36977,223.18172,840.46985,-100.40778,409.79132,885.90814,-83.123405,216.57132,864.402,-129.07137,400.21777,884.26855,-111.2759,221.55997,863.604,-165.674,395.91284,875.327,-80.27073,226.58844,856.34314,-117.88061,341.0202,841.18384,-2.611649,270.7897,826.6974,2.6497314,326.647,985.14166,-103.90602,255.05405,915.6226,-342.14014,314.54034,1132.6938,-10.124548,228.42476,1094.2662,-239.77615,309.05353,1152.678,-10.194683,230.2101,1114.7488,-235.83958,308.74573,1179.7186,-180.86644,220.58746,1139.0282,-420.93558
escalon_rigth
IMG_20241115_104513 (1).jpg,escalon_rigth,325.2291,574.8342,-422.4744,334.2439,565.0309,-400.4752,338.29453,565.59357,-400.51154,342.58554,566.22015,-400.57684,321.15274,564.02106,-401.51617,316.23578,563.96857,-401.62506,311.7441,564.03754,-401.661,350.82736,574.60095,-258.43927,308.3254,572.82294,-264.9587,333.09146,588.34485,-367.47833,317.43176,587.5808,-369.52652,389.71313,667.2832,-145.13506,264.2681,653.75635,-165.93384,399.41748,754.23413,-69.4505,249.18927,737.9733,-101.44833,407.6069,844.6973,-132.1032,228.54987,825.16284,-189.31033,410.91486,871.89685,-150.08493,221.47545,850.058,-223.40169,402.51318,869.25256,-184.13635,227.47725,848.7091,-259.5193,398.14883,860.0006,-146.2727,232.29398,841.0818,-206.70317,344.06445,827.37427,-0.52852136,274.47632,814.2335,0.6019541,329.05472,977.3756,-79.38908,259.36374,884.54346,-394.1136,323.60858,1114.2821,85.73905,236.55225,1066.8706,-237.9879,318.17105,1138.7031,91.62669,242.29703,1087.671,-229.61842,334.22827,1166.2744,-87.8509,224.04007,1117.5121,-431.08176
escalon_rigth
IMG_20241115_104513.jpg,escalon_rigth,323.91373,591.32965,-388.90057,332.89148,581.9262,-368.97647,337.38043,582.4914,-368.9914,341.91763,583.1819,-369.05588,320.68228,581.1536,-368.52612,316.55994,581.1887,-368.5692,312.30453,581.2825,-368.62445,350.51123,590.41315,-232.87292,309.75174,588.2528,-232.4081,331.26624,603.3807,-335.5987,317.14798,602.42426,-335.67456,387.55878,679.41174,-122.38651,263.55978,667.31537,-129.97148,396.7802,769.8571,-39.574127,246.7507,753.5773,-51.528313,406.13226,856.92664,-107.37281,223.99611,839.47626,-142.60849,408.82797,885.0657,-125.63946,217.16481,862.4954,-175.86621,398.47888,883.1151,-160.85435,222.73714,862.17883,-215.40656,394.31265,874.2217,-122.07089,227.8604,855.36,-161.23936,341.85205,845.14075,0.5037548,271.29477,829.8363,-0.5016455,325.36935,1000.26575,-101.82374,254.40341,919.79443,-330.2544,313.27634,1143.9847,48.60363,231.98398,1089.238,-164.6641,304.26923,1157.8812,53.17012,234.74113,1110.5854,-155.07245,305.43488,1189.3688,-126.62812,219.2785,1145.0798,-344.45193
escalon_rigth
IMG_20241115_104514 (1).jpg,escalon_rigth,327.7475,580.1507,-404.31894,335.4478,571.5463,-384.87,339.8844,572.3822,-384.89948,344.03967,573.23676,-384.98325,323.1178,569.8263,-385.58032,318.59955,569.5432,-385.6312,314.07425,569.42163,-385.6664,351.01434,580.42694,-249.88098,308.72772,576.35345,-254.22523,333.83298,592.52386,-350.975,319.89658,590.8677,-352.41006,386.64325,668.3271,-143.1446,263.79535,655.18036,-153.34573,396.68198,756.18286,-69.58644,246.48097,743.7963,-87.15126,403.259,845.05426,-127.15236,224.94263,829.9302,-171.58562,406.60812,872.68585,-145.60985,219.92169,853.07495,-204.63455,396.17288,870.9368,-177.72432,225.88515,852.1476,-242.21321,391.7624,862.3823,-140.60909,230.76248,844.9569,-189.636,340.40036,828.591,-2.8665545,270.76004,815.53613,2.9355814,328.26486,977.4208,-98.655754,254.23088,894.7775,-360.19672,316.92676,1122.4559,35.086987,234.71255,1071.7665,-222.33215,310.83414,1141.0027,38.23176,240.05449,1093.7881,-215.59085,315.18344,1167.6216,-140.56384,223.92766,1122.2499,-407.52127
escalon_rigth
IMG_20241115_104514 (2).jpg,escalon_rigth,328.22412,575.98206,-423.92322,336.6373,567.39453,-401.58856,340.53806,567.97296,-401.62268,344.59586,568.7012,-401.6847,323.8561,566.7797,-402.77676,319.13254,566.8781,-402.888,314.65906,567.0566,-402.94736,350.9952,576.78955,-257.1271,309.90533,575.00726,-263.9714,335.4155,588.4502,-367.9804,320.24316,587.70703,-370.17078,391.02634,666.3844,-144.69896,266.02573,653.8684,-161.38216,401.91318,754.3899,-68.24731,251.78407,739.5332,-99.53552,410.03036,846.4601,-135.52174,232.2189,825.09094,-192.16083,411.6362,874.0763,-154.77693,224.5514,849.6168,-227.2391,402.36475,872.4575,-189.30023,230.41034,847.9503,-265.2838,398.74182,863.4606,-149.69463,235.45508,840.5072,-210.07037,347.52234,831.7746,-2.4219265,276.51263,819.3811,2.4520772,333.09152,977.87366,-83.879524,261.78696,893.74176,-400.00574,320.90784,1116.6912,97.29847,239.38109,1069.4441,-245.06532,313.14053,1135.4714,104.532555,246.25453,1091.8274,-237.11058,319.91534,1165.6127,-79.600365,232.49055,1118.6252,-440.75708
escalon_rigth
IMG_20241115_104514.jpg,escalon_rigth,326.61105,582.6244,-361.90475,334.5212,573.0897,-341.94696,339.24844,573.78296,-341.99548,343.6717,574.5728,-342.01624,322.17606,572.0105,-342.88843,317.70425,572.0017,-342.9685,312.91586,572.0626,-343.00867,352.05173,582.47156,-215.13979,308.33978,578.87036,-221.7895,333.1423,595.9702,-312.93475,318.72144,594.68256,-314.97696,387.60217,673.72064,-127.49819,262.73816,658.9252,-138.58734,396.3095,763.30237,-69.80118,248.34363,743.6604,-72.16356,403.09818,854.22235,-120.74944,228.39236,830.94574,-134.728,408.07883,882.5043,-135.52605,221.6786,856.05316,-161.0452,397.7915,881.28955,-161.978,227.6469,855.4493,-193.33698,392.54593,871.95374,-131.65746,232.50175,847.74054,-149.85562,342.85074,834.1902,-3.2059073,272.3399,819.5731,3.2637022,330.43396,978.5194,-66.96598,259.33054,887.98334,-360.2721,332.71548,1122.2404,37.405136,235.5276,1072.6249,-242.99844,328.37863,1140.431,38.99188,242.42801,1094.3137,-237.0823,340.32214,1165.2443,-123.253265,226.65524,1119.741,-419.8754
escalon_rigth
IMG_20241115_104515 (1).jpg,escalon_rigth,338.8718,580.1327,-429.63406,345.96338,571.4171,-407.69232,350.2983,572.2959,-407.74023,354.2905,573.14453,-407.81104,333.5588,569.8657,-409.4368,329.09433,569.7421,-409.54675,324.39264,569.7649,-409.60968,359.61273,580.10016,-263.03317,318.419,576.4713,-272.37134,345.0019,593.23425,-373.31757,331.23724,592.02545,-376.265,397.6261,673.8905,-148.27316,272.2165,655.8248,-167.66522,405.6806,760.6495,-67.62379,258.9248,739.9264,-95.62495,414.6985,848.6187,-136.22932,238.13283,826.23413,-185.2149,418.27765,875.95703,-155.39368,231.85948,850.97644,-218.82028,408.89374,874.1377,-189.74937,236.50032,850.2893,-258.41684,405.16534,865.5708,-150.65627,241.78842,843.10974,-203.81046,351.013,830.58923,-1.9842393,282.16748,817.7286,2.0550392,337.52405,974.3362,-128.42409,262.51093,902.4777,-369.1038,330.43756,1110.6371,37.281963,242.42775,1065.0947,-201.66293,325.135,1130.0319,43.588657,247.6843,1085.2513,-192.12775,324.54593,1149.2117,-131.24834,230.51614,1117.7566,-384.39282
escalon_rigth
IMG_20241115_104515.jpg,escalon_rigth,331.8082,577.22235,-398.75235,339.65704,568.5153,-378.14865,344.00238,569.1787,-378.16898,348.13025,569.89185,-378.23422,327.4485,567.39935,-379.05777,323.23853,567.307,-379.1252,318.8738,567.27124,-379.1718,354.38312,577.13477,-239.11739,313.9103,574.3533,-243.91032,338.21246,589.9223,-344.09857,324.4043,588.9024,-345.7056,393.56018,669.2481,-128.1327,268.4312,654.6443,-143.42236,402.43756,753.9668,-48.315525,253.52373,736.1978,-78.16101,409.03253,843.9859,-112.65552,235.91174,821.15594,-170.12393,412.5378,870.6472,-130.34625,229.60458,849.83856,-204.99876,403.40414,868.4952,-164.95963,235.32904,848.7583,-240.80205,399.32156,859.5764,-126.739944,240.65666,840.227,-187.23633,348.34207,831.2676,-3.676196,278.6113,818.1924,3.7260983,332.09164,979.2761,-96.65463,260.01797,901.43115,-366.3447,319.81128,1124.5552,67.301544,241.16643,1071.0398,-201.33682,314.8743,1142.1257,72.900406,248.27411,1089.8081,-192.16597,316.4856,1172.156,-109.615005,228.029,1122.4462,-384.09082
escalon_rigth
IMG_20241115_104732.jpg,escalon_rigth,262.6314,623.6825,-220.59167,267.14847,613.974,-204.20667,270.62582,614.77106,-204.25827,274.11288,615.631,-204.31633,255.44073,612.91925,-201.94118,250.80951,613.07697,-201.92867,246.35948,613.41364,-201.97124,276.8021,624.5481,-99.31586,238.66144,622.5743,-88.10144,268.17615,637.35284,-179.51875,252.82863,635.8365,-176.20932,319.44162,708.2971,-39.285324,192.6622,696.344,-17.767324,336.97046,795.3688,7.3301797,151.55823,781.66675,50.743404,337.26428,871.88806,-41.428024,112.5868,850.55054,-21.214333,335.76404,894.25586,-57.888336,101.70475,870.5441,-46.889664,324.94296,890.1932,-82.32186,104.66966,871.20514,-83.56854,321.63995,882.6727,-52.1511,112.661674,865.5598,-39.575405,261.28348,887.1422,-11.419929,186.91377,867.2555,11.596597,227.99823,1034.0807,-88.50916,137.88281,955.86664,-288.40305,205.92842,1178.7341,-35.442726,100.08853,1136.6484,-236.41833,201.24263,1193.0626,-39.01983,99.85993,1165.984,-237.34547,211.28029,1221.067,-193.45895,70.75797,1188.7169,-404.01324
escalon_rigth
IMG_20241115_104733 (1).jpg,escalon_rigth,256.52673,622.1125,-392.97644,262.38354,614.1975,-379.723,266.24423,615.14655,-379.7468,269.96356,616.1401,-379.80066,250.2898,613.3382,-375.78534,246.37999,613.66064,-375.85486,243.10965,614.0822,-375.91504,272.9688,625.53253,-264.7852,237.26315,623.9764,-246.84026,263.18164,635.4133,-347.40448,247.22156,633.64264,-342.0396,316.4119,706.9966,-169.54732,190.78731,695.15076,-148.75932,335.04083,792.50543,-117.4396,144.8538,781.8718,-71.78882,334.2246,866.58966,-214.95296,114.047195,865.32654,-147.68164,332.20505,892.9751,-245.65546,104.28169,887.11035,-175.97852,321.44336,887.6032,-282.94614,114.63048,888.66425,-217.97308,318.01935,879.09174,-231.29274,122.56735,881.5635,-166.67862,257.2267,888.4066,-2.2090576,184.39337,869.2322,2.31837,226.3092,1036.1229,-65.51407,134.93304,987.9697,-79.81808,214.63666,1172.7695,31.707705,104.804924,1136.3801,16.693432,213.3828,1178.2737,31.957613,99.38287,1157.9005,17.922733,227.36551,1209.2451,-124.985214,71.42363,1183.3473,-144.85257
escalon_rigth
IMG_20241115_104733 (2).jpg,escalon_rigth,249.16318,626.1018,-323.79663,257.27664,617.23517,-310.48337,261.87024,617.9824,-310.51245,266.28088,618.85626,-310.5923,246.03285,616.8755,-304.4047,242.80064,617.1183,-304.4494,239.7241,617.4617,-304.48758,273.12415,628.3767,-200.31157,237.34357,626.7292,-171.95195,257.7131,639.4077,-279.82245,242.74109,637.6739,-271.65286,317.05243,709.60535,-112.32161,193.18289,696.8665,-83.717026,334.65018,792.1808,-52.562294,146.32172,780.7739,-9.450881,334.9433,870.9079,-121.655945,115.36952,864.1686,-84.5145,332.67206,897.7064,-148.2004,101.991684,887.28644,-114.02284,321.22534,893.92267,-185.91644,114.01823,888.8402,-155.6726,317.6364,884.7936,-137.58237,122.9997,881.4731,-103.67249,256.54965,891.35486,-7.8089027,182.61908,874.3183,7.948514,224.16798,1044.773,-82.65681,137.26906,1003.753,-85.07384,211.65431,1181.9911,6.420064,108.56362,1155.7156,-0.36613616,213.87057,1190.8171,6.026952,102.87904,1171.8518,0.106051415,222.862,1219.7139,-155.61165,76.82568,1190.1316,-164.05493
escalon_rigth
IMG_20241115_104733.jpg,escalon_rigth,249.27264,622.5664,-339.96222,257.68848,614.98047,-322.08945,261.77826,615.9221,-322.08282,265.7257,617.02484,-322.088,245.79549,613.7631,-320.80566,241.47594,613.8041,-320.8871,237.33975,613.98315,-320.95987,271.13654,624.6423,-200.94405,231.69781,621.718,-196.4625,256.0779,635.3064,-293.1507,240.22954,633.83154,-291.81708,310.53015,704.19403,-110.75784,182.45271,695.3922,-102.452446,333.78287,789.1214,-31.288078,139.36,782.0597,-23.132359,333.37454,866.3224,-98.67239,111.422386,859.7765,-103.74115,330.4163,891.874,-120.063774,100.166824,885.30914,-130.93703,318.12863,887.82117,-154.87944,110.233376,885.93945,-171.57858,315.52063,880.42847,-112.90848,118.152626,878.9682,-121.622665,257.21854,888.72144,-6.0350547,178.72754,871.09503,6.060916,228.14304,1034.3964,-81.2394,135.73431,977.9023,-140.2731,209.4363,1160.6538,41.589542,106.562584,1128.1836,1.5299498,207.54134,1173.627,44.10762,99.102005,1150.5281,7.5110254,214.94221,1206.48,-110.9542,77.936584,1176.8739,-150.44055
escalon_rigth
IMG_20241115_104734.jpg,escalon_rigth,258.77917,628.93884,-311.6223,264.5198,620.3026,-297.2669,268.22086,620.8277,-297.31476,271.66916,621.4105,-297.37585,252.67842,619.80804,-293.89154,248.13124,620.014,-293.91742,244.23256,620.3374,-293.96826,274.16962,628.40955,-188.27498,237.52542,627.4291,-171.69144,264.99057,643.0254,-268.2033,249.63832,641.0029,-263.401,317.98526,713.175,-118.581856,190.02065,700.3216,-81.50933,335.68155,801.67126,-71.635605,144.31628,785.6659,-7.892498,330.93396,874.02155,-151.77072,112.18921,867.0636,-84.27508,327.08557,901.42914,-180.2494,99.84621,889.6266,-111.99783,316.8697,894.5517,-213.80081,109.69506,890.71344,-153.94594,313.82745,886.53394,-165.9516,117.969475,883.9556,-103.416336,257.74057,894.9418,-13.87564,182.53735,875.8917,13.9887,225.0503,1042.826,-90.314354,136.30795,996.9406,-80.319565,207.41283,1184.2328,-14.816949,99.83165,1147.3829,2.9263108,205.41345,1199.1136,-17.2766,91.467125,1171.8715,3.1879647,207.61536,1229.7684,-172.45898,64.954926,1188.2295,-146.90074
escalon_rigth
IMG_20241115_104735 (1).jpg,escalon_rigth,249.67192,626.5239,-240.8091,255.98457,618.4563,-226.83109,260.0488,619.29755,-226.87666,263.94446,620.3385,-226.92819,244.49216,617.7341,-222.61093,240.56647,618.12537,-222.63153,237.27525,618.60144,-222.66452,268.2264,628.93933,-128.74329,232.54164,626.9946,-108.769485,256.77374,639.8773,-202.17336,242.35042,638.0166,-196.2914,313.06894,708.1968,-74.38234,186.62926,699.34534,-37.999275,333.54956,793.8685,-39.628006,144.53497,785.87695,31.136263,330.42935,867.15247,-112.77127,114.66143,868.2593,-31.82817,325.99033,893.862,-139.54301,102.957405,891.1307,-57.760227,315.1297,887.9902,-169.8106,113.13982,892.38983,-92.9324,312.8228,879.46344,-125.68193,121.45723,885.31586,-48.244,255.89804,888.13654,-11.472073,184.62497,870.6921,11.5542755,224.84267,1035.6113,-76.50443,139.13129,984.34094,-78.163086,210.04915,1172.48,-4.976823,104.47026,1136.5281,-1.2246835,207.68053,1181.7076,-6.0109735,95.789185,1160.1191,-0.4852657,214.52226,1215.0674,-143.76956,72.19372,1181.2129,-139.80765
escalon_rigth
IMG_20241115_104735 (2).jpg,escalon_rigth,254.1049,630.03937,-370.7354,260.95016,621.50134,-356.00333,264.8371,622.3518,-356.03003,268.66876,623.2718,-356.08,249.0124,620.2114,-353.18384,244.78137,620.2428,-353.25586,240.46881,620.488,-353.3235,274.3384,632.2434,-237.3632,234.24188,629.78955,-223.94003,261.33463,642.77527,-323.3229,245.688,640.9717,-319.45288,314.1479,710.60547,-148.0874,187.88521,699.6532,-117.605865,333.9571,800.5561,-86.20712,144.52274,788.3631,-29.150038,326.78854,875.36285,-171.34123,114.77394,866.8472,-106.14789,323.60977,899.63965,-199.22485,104.151474,888.71155,-133.62079,313.33704,892.9251,-236.0015,114.506775,889.5802,-176.92447,310.1486,884.94946,-186.7437,122.09603,883.4304,-125.40329,256.91315,893.0722,-12.323418,182.05582,874.2495,12.429559,224.87413,1038.7379,-83.59948,133.56512,994.00684,-76.3804,210.20404,1173.1024,11.2278595,101.35179,1142.1351,19.8373,199.68976,1188.976,10.967903,93.49743,1165.1836,20.850895,209.1749,1214.9401,-146.13914,67.94168,1184.7297,-136.23138
escalon_rigth
IMG_20241115_104735.jpg,escalon_rigth,246.41779,628.9332,-354.36298,254.02257,619.90576,-340.70187,258.30157,620.54346,-340.73465,262.46786,621.39655,-340.77933,241.84691,619.47577,-336.80103,238.15634,619.8371,-336.84567,235.03564,620.2503,-336.8916,268.18173,629.8601,-229.48349,231.13197,627.5663,-210.57997,254.31839,642.6555,-309.92108,239.18213,640.6395,-304.36337,313.7825,710.8585,-145.72235,186.49211,701.20776,-112.923744,334.11353,796.2356,-86.96405,142.63446,787.6234,-30.85506,330.89957,870.4812,-166.36208,113.24831,869.4065,-106.15368,326.63406,897.12854,-193.72244,100.556755,890.7049,-133.27756,315.4569,891.28076,-228.89513,110.65435,892.2821,-175.98741,312.84912,882.7715,-180.87347,119.27861,885.8312,-125.36921,256.31113,894.22314,-9.746057,182.21806,876.2749,9.861635,225.7578,1041.64,-81.35429,135.54547,989.8371,-93.93825,214.72392,1177.0803,6.369447,102.76001,1136.7039,5.170919,215.32298,1190.0118,5.1423645,96.49226,1163.2556,6.90346,219.60498,1221.3582,-152.31146,70.373856,1183.3401,-149.45163
escalon_rigth
IMG_20241115_104736.jpg,escalon_rigth,245.26968,627.91125,-288.14825,254.15604,618.1104,-275.29364,259.18475,618.80786,-275.31647,264.1141,619.66235,-275.37482,241.75906,617.6687,-268.20578,238.34035,617.84314,-268.2348,235.05644,618.1152,-268.25406,272.66052,629.3528,-170.48994,234.42188,626.50745,-137.93185,254.80687,640.9091,-246.29099,238.65184,639.2362,-236.8918,315.39087,709.6335,-95.30642,191.11649,697.4506,-51.784424,332.66922,792.1414,-43.957287,145.99165,782.204,22.122303,331.85025,871.30786,-114.93963,115.24139,865.17664,-56.376312,329.19446,896.95105,-143.26318,102.73897,888.4426,-85.826515,318.31003,892.4476,-180.06332,114.86,889.4599,-127.488914,315.2078,883.4403,-130.1029,123.19831,882.3513,-75.48028,257.2559,893.00146,-12.661184,180.42906,875.32043,12.783589,224.14337,1044.8811,-91.1816,135.49129,1001.81555,-75.95271,219.03806,1180.1704,-7.1116705,99.571335,1156.3496,3.431204,212.1802,1198.1139,-8.108037,111.88508,1176.502,3.1850731,222.728,1226.4126,-165.56519,73.8406,1191.4336,-154.56708
escalon_rigth
IMG_20241115_105046.jpg,escalon_rigth,409.01273,406.26703,-594.61774,414.98486,395.75778,-565.5446,417.1907,396.54047,-565.6584,419.1893,397.33606,-565.76324,406.43448,392.5146,-576.50226,402.52298,391.0738,-576.6279,398.47064,389.74982,-576.6799,414.10596,400.84467,-373.896,387.73383,390.056,-426.1413,406.74905,417.6143,-520.343,397.63184,415.17896,-535.64795,431.00772,482.81775,-226.2143,316.8584,450.1931,-274.96967,435.4096,565.30615,-148.74078,269.54498,536.4755,-184.78339,432.49475,647.79517,-280.32834,257.8647,615.1955,-271.63574,433.3324,673.59546,-313.5551,250.51541,639.3449,-306.03223,423.52008,669.26483,-356.07785,263.80643,637.75525,-349.2667,419.4633,660.72534,-299.3169,269.35635,629.9584,-289.99112,365.0554,625.37384,15.458128,313.79037,611.82275,-15.108739,355.052,753.44653,-82.781364,308.72684,676.3806,-420.06482,335.76437,885.57446,177.16296,291.27527,814.4034,-150.89778,326.1429,898.6658,192.00294,290.6436,825.4625,-130.55128,335.6776,938.88916,9.49119,289.49896,875.65063,-326.0392
escalon_rigth
IMG_20241115_105047 (1).jpg,escalon_rigth,398.9105,391.883,-640.2091,406.40167,382.48322,-610.4397,409.87833,383.2824,-610.5538,413.13272,384.24255,-610.7294,394.0931,379.88837,-615.878,389.66306,379.05716,-616.0382,385.14484,378.30408,-616.094,412.92886,391.40265,-422.6728,378.33554,382.1717,-450.14062,401.2996,404.61572,-568.50507,388.93732,402.14993,-576.59937,434.79797,480.78564,-279.78836,315.1695,450.3622,-296.28525,445.97076,563.7487,-216.97339,272.48608,535.4705,-186.40851,447.35443,648.7644,-333.002,261.55527,616.31415,-243.1366,448.19516,674.0301,-366.91327,255.79494,640.1031,-272.66183,441.87897,670.412,-407.81384,266.20197,639.425,-317.5649,438.6204,661.8058,-350.86163,271.5513,631.7226,-261.7417,378.3091,621.4933,12.395368,311.84723,603.06274,-12.034196,363.9223,740.1004,-152.28201,305.1479,667.5799,-505.37573,346.71524,877.12854,132.50497,285.39774,810.57227,-202.88863,339.88177,890.10706,150.09946,282.0915,821.622,-179.29787,346.44626,916.3901,-35.621,277.53265,865.016,-384.1209
escalon_rigth
IMG_20241115_105047.jpg,escalon_rigth,403.93472,396.3475,-628.9105,411.32697,387.5742,-597.6075,414.9046,388.87427,-597.7144,418.2004,390.02655,-597.86005,399.27176,382.93518,-606.0134,394.7241,381.42807,-606.18774,389.70337,380.0315,-606.2514,416.3662,396.49716,-408.87204,378.1412,382.97113,-450.99277,405.61273,408.93906,-557.8015,392.69266,406.12424,-570.0417,432.5847,484.1664,-269.28955,312.32364,449.43408,-311.1601,445.72177,570.01685,-218.9655,269.57098,531.3301,-232.89754,448.96655,653.3064,-373.66583,257.24808,605.07324,-335.45462,450.49936,680.3446,-415.338,251.77205,630.02405,-375.61295,443.06064,676.9319,-458.0511,262.5595,629.2184,-419.30707,439.40826,667.7406,-393.58087,267.9698,620.9796,-354.42422,375.45966,627.1364,18.3034,305.7379,604.61945,-18.009731,355.60696,750.8009,-98.46091,305.71878,659.9187,-499.97766,332.86258,884.95325,204.86168,281.02887,795.4147,-171.25644,320.96002,897.5662,224.83165,282.03638,804.4983,-143.93344,329.1333,932.1188,52.24015,275.6126,850.9545,-328.33542
escalon_rigth
IMG_20241115_105048 (1).jpg,escalon_rigth,367.55054,385.4152,-519.0449,375.15762,377.28622,-494.59464,379.46185,378.17307,-494.6789,383.6877,379.35043,-494.8242,362.7823,375.89594,-496.7464,358.46268,375.83115,-496.88205,354.63528,376.08337,-496.92944,389.44693,387.1188,-333.59012,349.13086,383.84467,-344.08292,374.60275,398.44702,-457.06073,359.64334,397.4417,-460.2062,428.22025,475.07782,-211.68341,303.65863,454.44116,-224.40427,443.9346,552.8202,-160.09982,276.6526,536.65045,-170.47911,444.80313,634.08093,-261.7876,264.11664,615.0275,-287.565,446.12543,660.3721,-292.7272,258.91403,638.7832,-330.00018,437.66922,658.2566,-329.8237,265.5547,638.93365,-368.75885,434.0165,648.1872,-277.77615,271.4132,629.475,-306.1869,379.09225,622.3928,1.707949,309.26892,603.6733,-1.493338,363.31186,737.04553,-115.99043,302.04996,659.1137,-472.53864,345.82428,881.3968,114.51449,285.57104,802.2887,-249.98761,339.14645,895.67566,127.022125,289.67038,815.02747,-234.30516,339.3367,914.6337,-59.250996,271.05508,853.59015,-431.95883
escalon_rigth
IMG_20241115_105048 (2).jpg,escalon_rigth,364.02173,388.63702,-555.3128,369.87555,379.8221,-529.9814,373.73428,380.43152,-530.0877,377.43396,381.13525,-530.25653,357.64297,379.4367,-532.3584,353.48853,379.75122,-532.50507,349.55496,380.23462,-532.56665,381.22916,388.05707,-363.02484,341.73364,387.1622,-375.18597,370.55417,401.9362,-491.07806,355.09802,401.35474,-494.69617,423.93005,476.0938,-238.09724,298.27582,459.75623,-246.51498,439.77628,556.2764,-189.3328,270.78107,545.2187,-188.24672,440.50262,637.4726,-298.18613,258.86957,625.91815,-310.04193,443.28894,664.3689,-333.85742,253.14139,649.63684,-353.37674,433.99786,662.6721,-371.77036,260.52097,648.8907,-396.15097,429.62976,652.4238,-314.21857,267.27313,638.814,-329.93243,377.49976,628.24475,5.9753895,306.3311,611.3627,-5.6966968,363.99466,741.9789,-130.94283,302.75446,661.325,-498.37637,342.05032,883.40155,124.84255,283.61404,804.5873,-232.28616,332.5055,896.25806,139.72865,286.51184,817.47925,-212.16196,341.38666,916.7062,-42.723373,276.23035,854.8308,-406.38556
escalon_rigth
IMG_20241115_105048.jpg,escalon_rigth,383.86862,394.00833,-552.0586,390.70972,387.56516,-522.9652,394.14,388.52173,-523.0444,397.5598,389.58563,-523.167,380.20917,385.58923,-527.67255,376.38577,385.26758,-527.8304,372.30615,385.10544,-527.9036,399.9991,397.83493,-347.99213,364.9077,391.80267,-372.35086,388.1438,407.56964,-486.29935,375.8991,405.60303,-493.46432,430.04495,486.43124,-222.03676,309.40994,463.54504,-251.4826,442.00308,569.22906,-157.17235,274.16122,550.3326,-203.36903,443.9796,653.0933,-269.53558,265.1681,626.08435,-322.5502,444.25183,678.3452,-301.74026,261.53558,650.7498,-367.25287,438.4789,674.4912,-341.38712,271.5379,648.74567,-403.38235,435.09726,665.4113,-287.23984,276.12766,640.87195,-339.9371,379.9289,634.6641,4.2053304,311.62393,618.46704,-4.045365,361.3027,754.148,-81.02577,302.15652,670.71655,-459.94345,343.84045,883.4696,239.06111,288.81174,810.03937,-153.78938,338.73608,897.71967,261.28918,294.71097,819.37756,-129.20724,335.7746,919.76044,82.81434,276.47473,863.1094,-323.43378
escalon_rigth
IMG_20241115_105049.jpg,escalon_rigth,364.1389,386.42468,-532.25214,369.66248,378.13574,-506.4859,373.51932,378.87772,-506.5961,377.19846,379.73077,-506.77194,357.89212,377.48965,-509.09015,353.72498,377.74817,-509.23874,349.81848,378.24646,-509.30484,380.4747,387.0235,-342.56238,341.768,385.40482,-355.61945,370.43594,399.9893,-469.53592,355.02676,398.80347,-473.4462,422.45505,477.1676,-223.03917,296.7351,460.5489,-233.1407,436.97287,557.31537,-172.4712,271.15085,544.7442,-181.78133,437.0378,636.8013,-272.56857,258.02148,624.4991,-305.74484,440.2842,663.7976,-304.75204,251.41283,647.629,-347.8673,431.05673,662.3825,-342.00647,258.3417,647.7355,-389.8448,426.363,652.09503,-288.11786,265.0194,638.34595,-325.4749,375.32043,627.7227,3.3497474,305.3806,611.814,-3.0838826,361.28586,743.86536,-109.90012,300.33807,659.64777,-509.5139,340.77258,882.38,147.85341,283.35913,803.2163,-267.80173,331.30212,895.77954,162.77414,285.82404,816.7908,-250.36203,337.182,917.3257,-18.503002,271.58475,850.4108,-448.29056
escalon_rigth
IMG_20241115_105050 (1).jpg,escalon_rigth,365.35583,387.0224,-518.59064,371.9653,377.5555,-491.33746,375.59824,378.29944,-491.47266,379.43674,379.27954,-491.61365,360.51456,376.18347,-493.6307,356.4725,376.08423,-493.77014,352.2368,376.3603,-493.8346,382.04703,385.99982,-321.61517,345.11554,383.42078,-334.33185,369.8727,400.59402,-454.06296,357.0503,400.19894,-457.9659,423.2859,475.48737,-204.15974,295.09,458.81134,-203.83963,438.55258,556.19196,-155.14397,266.87433,550.3938,-151.20271,439.32602,642.51764,-264.16635,257.4553,625.70996,-297.21176,441.28513,669.5086,-297.91748,253.13869,648.64624,-339.30426,432.7974,666.93304,-332.52664,261.54404,647.16016,-382.9817,428.57837,657.7851,-278.53964,267.32104,639.14276,-317.56454,375.3765,631.0614,0.59112173,304.24283,619.47046,-0.26199797,363.12262,746.66724,-93.83027,302.2453,661.98065,-547.21405,343.6385,881.1488,166.94109,280.40088,796.4188,-355.9654,335.79868,899.8706,182.16379,283.69244,812.3941,-343.4669,344.48602,924.33606,0.07109891,276.22482,837.18274,-551.92413
escalon_rigth
IMG_20241115_105050.jpg,escalon_rigth,364.44427,384.98438,-529.48126,370.71555,376.43707,-502.57104,374.59937,377.17465,-502.69202,378.33398,378.03198,-502.87543,359.29422,375.09576,-505.07834,355.20734,375.01758,-505.21368,351.24942,375.19516,-505.27243,381.48077,385.26544,-333.73398,343.40744,382.3738,-346.88797,369.8863,398.7755,-464.88693,355.99896,397.87567,-468.9116,422.59302,474.74646,-216.43098,295.07504,457.00192,-216.23372,438.34903,556.7168,-163.73955,269.44934,543.22784,-155.72243,440.52585,641.33215,-262.55917,257.8204,622.1012,-281.64685,442.38486,668.4568,-295.05392,253.12129,646.11505,-322.60403,433.9146,666.3757,-331.3727,260.68942,644.7715,-366.5376,430.05783,656.9437,-277.42493,266.23453,635.922,-301.92355,376.70566,628.01794,0.67332494,304.7138,613.41095,-0.41855285,364.4054,746.1752,-109.561005,303.1911,656.97534,-536.27527,345.449,886.21063,160.46788,277.016,805.1648,-317.86185,338.91714,901.22986,176.61559,288.19067,819.13855,-302.82098,341.8115,926.1782,-10.485253,269.7242,852.70013,-513.0913
escalon_rigth
IMG_20241115_105051 (1).jpg,escalon_rigth,361.8067,389.8167,-485.40314,369.08456,380.7991,-459.50146,373.29724,381.4616,-459.60468,377.3996,382.20413,-459.721,356.14786,379.45947,-462.8864,351.53757,379.3062,-463.03357,347.48395,379.43048,-463.08987,381.9239,388.20685,-297.73056,342.21106,385.17395,-315.60828,368.77292,403.19336,-423.73044,354.0713,402.77084,-429.02786,421.6987,477.54352,-184.55247,294.34348,461.91406,-199.54068,437.41144,559.9847,-137.4788,266.97348,552.23474,-163.74017,437.1951,643.63275,-242.03763,259.51675,625.86035,-300.47324,440.47736,670.6542,-273.3475,256.19977,650.5243,-341.25433,431.1147,667.1752,-305.7645,263.82556,648.10864,-379.35706,426.3304,657.7326,-255.77174,268.35352,639.57556,-318.4659,376.76373,631.24585,0.6405038,303.99246,618.87634,-0.3816891,363.78043,747.07007,-89.73216,303.7047,657.7916,-537.344,342.47696,885.34705,148.12564,280.18478,798.6191,-364.49457,334.27844,899.2803,161.62662,286.91174,814.1452,-353.21228,337.003,927.8573,-14.473094,275.62393,844.807,-553.24713
escalon_rigth
IMG_20241115_105051 (2).jpg,escalon_rigth,361.4977,392.33047,-518.8882,367.45853,382.14325,-493.0721,371.42896,382.6255,-493.1456,375.10706,383.16574,-493.26764,354.89175,381.43835,-496.771,350.33328,381.50854,-496.92554,346.33194,381.82022,-496.99445,378.13397,388.5463,-325.57028,339.23373,386.93314,-344.2171,367.52255,405.214,-454.40533,353.38257,405.6131,-459.94064,421.12442,476.15198,-202.30388,291.65735,463.04565,-225.27333,437.62064,560.14594,-140.24718,264.51358,556.02423,-176.36993,438.4295,643.61017,-241.26071,258.65775,631.4011,-293.0553,440.4081,671.01434,-271.2933,254.22913,657.2949,-335.39978,430.74277,668.21375,-308.24924,262.16855,655.0332,-373.27402,426.17648,658.3948,-256.73563,266.7272,646.34326,-310.5595,377.44836,635.14374,0.89536744,304.77368,621.5809,-0.7289499,361.06134,755.4431,-74.79885,301.33636,660.58704,-501.42682,344.16132,894.19324,219.54857,287.1186,811.85126,-262.30252,337.0825,908.71155,239.13011,293.69473,821.562,-244.15958,332.21204,933.47485,60.784035,272.92465,868.656,-443.3779
escalon_rigth
IMG_20241115_105051.jpg,escalon_rigth,362.10135,388.06,-524.4839,369.35623,379.62387,-498.60022,373.6446,380.4268,-498.66406,377.81024,381.277,-498.7854,356.80627,378.21487,-501.60056,352.56247,378.10623,-501.7472,348.7593,378.27704,-501.80814,382.6164,387.58362,-333.45273,343.41626,384.36417,-349.2132,369.31714,401.3391,-461.30176,354.80978,400.81396,-465.9547,423.67624,478.18243,-213.59961,295.19385,462.01477,-237.34735,435.563,561.5369,-150.03526,268.5916,552.25543,-187.4445,435.8438,646.2649,-237.50177,260.79147,629.649,-289.97693,437.89954,674.44885,-265.0087,257.18536,655.74146,-329.69583,430.88043,670.9833,-300.32013,264.41278,653.2766,-366.57492,426.90027,660.9922,-252.07686,268.77136,643.9157,-307.27353,376.8414,633.1984,2.568975,304.2776,618.57556,-2.4696374,362.97885,752.211,-80.98536,301.11752,668.41895,-481.60495,346.08786,881.12415,228.46318,285.62756,809.9164,-203.97185,339.02383,894.2605,250.41031,291.34686,824.0488,-181.48802,330.30286,918.76953,83.39329,268.37375,870.1453,-371.6171
escalon_rigth
IMG_20241115_105052 (1).jpg,escalon_rigth,359.61075,389.6316,-523.3821,366.39954,381.6723,-499.4109,370.49902,382.37027,-499.51196,374.55032,383.12524,-499.67856,354.57303,380.64752,-501.5559,350.77008,380.6868,-501.70227,347.18036,380.9375,-501.75616,378.33276,389.44766,-339.50595,341.5331,387.34094,-350.6951,366.28796,403.00674,-461.6542,352.597,402.33353,-464.99103,420.11426,480.06317,-224.85716,294.37793,465.5545,-226.86996,435.49478,562.06165,-178.12646,268.82428,553.1211,-179.62735,434.83737,646.1451,-276.5252,258.90414,629.3572,-301.0544,439.86746,672.6002,-308.52124,255.51216,653.2831,-341.97223,431.55014,670.40375,-345.62473,263.12134,652.4631,-382.78214,426.21503,660.6973,-292.27713,267.7342,643.0377,-320.60565,376.09433,630.3568,-2.5686777,305.1896,614.76526,2.795293,361.92676,749.5539,-112.793365,300.07925,666.74646,-500.61002,344.65375,894.39,108.368286,283.89243,810.62286,-317.53952,337.02222,908.523,120.038055,288.37537,820.47363,-305.84445,334.8099,933.4891,-65.47923,272.62122,858.5314,-506.484
escalon_rigth
IMG_20241115_105052.jpg,escalon_rigth,359.9226,389.58316,-484.48026,365.95175,381.5773,-456.7569,369.83267,382.15448,-456.82254,373.5995,382.7925,-456.9101,354.16644,380.885,-460.02377,350.19394,381.08588,-460.16672,346.54297,381.4466,-460.23346,376.64914,389.5251,-288.75146,340.06674,388.2924,-306.09888,366.2305,403.01086,-421.0897,352.42126,402.26526,-426.21832,420.05444,478.747,-175.22527,293.22144,465.334,-201.0985,435.02017,561.3284,-116.46767,266.75204,555.272,-159.79164,436.23148,647.165,-216.59088,259.1477,631.2235,-274.57373,439.28952,674.30023,-245.91559,255.36623,656.9067,-317.24033,431.60843,671.5254,-281.69928,262.6238,655.3428,-354.5899,427.18613,662.0127,-231.64606,267.43524,646.5642,-292.31314,377.02783,637.8577,2.2533145,303.79462,624.954,-2.1326134,362.00024,754.8833,-60.354263,301.9125,661.4375,-509.25726,345.13132,890.3871,253.29791,286.3,809.85364,-254.60542,337.08185,897.1985,275.5477,292.48807,821.2693,-233.95918,332.482,925.0904,105.0049,267.9806,865.9021,-425.04922
escalon_rigth
IMG_20241115_105053 (1).jpg,escalon_rigth,361.99487,396.3465,-517.9386,367.01605,385.62012,-492.05862,370.4604,386.1342,-492.17935,373.78076,386.84534,-492.3467,355.70596,385.23004,-493.89917,351.7458,385.48782,-494.02716,347.84872,385.934,-494.09564,376.68298,394.48837,-328.3389,339.98944,393.5591,-338.0141,368.00616,410.0624,-455.42108,352.66864,409.00894,-458.46497,421.38275,484.391,-216.3673,292.167,471.57495,-208.47076,435.33453,567.38226,-166.3426,266.3697,563.3293,-142.7792,434.5328,650.98334,-272.17453,257.3966,641.22705,-266.28708,435.86554,677.0319,-306.45267,253.81577,663.15247,-306.36124,426.32147,675.011,-342.59998,262.14502,660.9137,-350.82254,422.35873,665.68085,-287.0676,267.18387,652.96375,-286.1488,375.3943,641.0985,-2.9845982,305.51364,627.35175,3.1959355,361.01678,761.3217,-99.92724,304.17447,665.2488,-509.85098,344.86505,902.38654,169.6916,287.57806,809.5877,-251.33534,340.43396,915.3216,185.85612,293.40872,820.0009,-230.97044,337.92398,945.47595,-1.5713269,272.3921,857.61475,-419.67322
escalon_rigth
IMG_20241115_105053.jpg,escalon_rigth,359.77176,389.6762,-526.30255,366.3383,381.74323,-499.80515,370.3545,382.37006,-499.8997,374.2898,383.051,-500.0314,354.53232,380.7413,-502.04056,350.48596,380.79514,-502.17673,346.80975,381.08923,-502.24948,378.1508,389.51233,-332.24963,341.5311,387.74268,-344.10538,366.6451,402.62915,-462.57156,352.4871,402.01483,-466.10535,420.95972,479.1991,-217.60667,294.75043,465.8698,-225.45729,434.82428,562.65186,-168.36948,270.39822,555.3834,-174.85979,431.60193,647.873,-271.86115,259.03772,632.44025,-292.94815,437.04437,673.684,-304.3505,255.11151,655.6846,-336.2038,429.94196,670.63055,-340.59406,261.34628,655.30664,-377.04395,424.44315,661.3415,-287.45514,266.9959,646.8281,-312.82468,376.76776,636.8685,0.2910128,305.2071,623.7114,-0.10767594,362.59766,753.7322,-93.220184,300.77032,672.8816,-472.24597,348.7115,892.4818,195.53465,286.95212,819.6698,-204.34009,342.86636,906.5905,214.12701,292.98126,830.42676,-184.0914,337.73196,927.73193,31.442575,272.87314,873.6264,-386.1014
escalon_rigth
IMG_20241115_105054.jpg,escalon_rigth,361.54666,398.7306,-481.87616,367.7054,388.4816,-455.14713,371.628,389.07556,-455.22388,375.284,389.77902,-455.34082,354.72235,387.9925,-458.89166,350.08154,388.29382,-459.02432,345.7413,388.78967,-459.0821,379.25162,396.23682,-292.87558,337.68143,394.8429,-312.41602,367.99362,412.73697,-420.25497,351.7624,412.17377,-426.08728,422.6407,488.1125,-184.66411,292.10526,471.61597,-205.10237,434.83475,572.9975,-129.86435,267.36002,559.62384,-172.6887,433.76614,656.3623,-223.46101,258.04416,635.1533,-296.14322,436.1452,682.194,-251.99847,253.23941,659.9147,-336.60675,426.71628,680.01654,-284.94858,259.5691,656.3567,-373.2862,422.52362,671.03827,-236.63704,265.79074,648.52747,-313.38928,376.21054,648.2988,2.1882117,303.77728,635.47046,-2.1197517,359.93958,765.89307,-59.5665,301.0954,669.8223,-496.78003,342.36334,895.62427,255.44783,278.12997,812.6173,-244.97688,334.94507,907.8641,277.87057,293.53635,829.2518,-224.32732,330.0297,939.7333,110.68419,270.97144,865.9726,-408.37875
escalon_rigth
WhatsApp Image 2024-11-15 at 10.59.42 AM - copia.jpeg,escalon_rigth,372.86786,302.4879,-58.601818,369.06256,281.6992,-47.362312,367.40085,280.4365,-47.31442,365.53714,278.9466,-47.250996,367.47812,281.92593,-89.84081,364.87595,280.98016,-89.78347,361.74673,279.8158,-89.813324,341.615,276.18515,20.592226,337.31332,278.0184,-173.61449,360.6743,315.57825,-26.413748,358.2178,315.66452,-82.22865,282.2793,353.98407,142.8246,286.8715,350.67072,-258.37494,262.22733,479.17874,174.02908,261.83133,475.0381,-314.05283,291.1133,579.4474,126.18395,294.61584,599.46173,-266.5823,291.1047,611.266,125.22616,299.4497,629.7626,-297.08356,300.60303,612.2475,94.79181,311.1023,627.79565,-284.5729,300.77753,598.6921,110.66956,311.25824,619.304,-258.31552,269.26575,597.97107,116.794655,305.07373,589.7448,-117.01586,261.6792,737.1014,178.11522,421.11716,711.62286,-52.329292,230.49207,908.5991,254.5295,363.53738,869.14276,130.4822,214.90575,940.8696,257.6439,342.2322,897.64435,147.49419,282.29886,922.11255,224.35863,431.02515,906.6345,143.8976
escalon_rigth
WhatsApp Image 2024-11-15 at 10.59.43 AM - copia.jpeg,escalon_rigth,385.28156,298.04788,-66.45611,380.96158,279.27188,-56.580994,379.10324,278.18515,-56.551567,376.91315,277.0121,-56.537136,379.78424,279.41312,-101.96548,377.27682,278.49075,-101.91497,374.2334,277.41705,-101.98547,351.96838,273.92096,2.4674404,349.77322,274.3395,-203.85217,371.73224,310.73676,-37.297382,370.1063,310.63757,-96.59757,293.5736,350.6593,126.9563,293.961,348.11386,-296.41672,276.40378,470.2495,175.24234,269.58334,472.05316,-347.48782,298.0467,576.0797,138.69034,300.67017,601.8032,-307.28314,303.12476,610.23914,139.97653,297.14734,630.677,-342.62408,313.94434,612.4585,110.73585,311.1761,631.02765,-332.0385,314.74207,604.38873,123.71123,313.41168,622.99335,-300.53583,269.40533,584.6266,121.47401,308.62332,579.948,-121.717,266.81747,735.998,192.8147,419.60736,710.1553,-45.230526,235.58339,899.67194,282.1771,365.20593,868.1688,146.15996,219.97644,939.1339,287.01907,335.22232,901.95404,164.59721,280.30368,922.0112,253.10803,434.74777,902.98267,157.1267
escalon_rigth
WhatsApp Image 2024-11-15 at 11.00.23 AM (1) - copia.jpeg,escalon_rigth,352.2089,335.0345,-50.02807,344.29105,318.09476,-36.454185,343.06012,317.63364,-36.42754,341.87988,317.1699,-36.36315,342.1031,318.29956,-80.266624,339.43985,318.03278,-80.21927,336.48874,317.7341,-80.27676,323.5075,320.73334,42.12462,316.44254,321.61902,-157.50374,344.50693,349.60913,-14.378531,341.3858,349.03348,-71.96419,287.75623,409.15115,184.78912,279.714,396.5196,-257.0582,289.7928,529.2581,229.76071,276.91946,523.3916,-314.9688,318.70157,631.60846,146.40755,313.24908,636.3838,-297.6542,322.1648,666.5201,138.95615,315.74954,669.875,-338.83777,328.43518,667.8293,101.738785,331.63376,669.9784,-331.21936,330.5252,656.0556,126.88832,333.8122,660.53064,-291.6732,278.39468,625.7818,127.75573,297.18747,617.8632,-127.85028,277.51627,790.40564,128.11891,419.72177,744.29297,-97.77802,257.16968,950.9382,157.0918,389.28842,908.9557,31.93307,242.13313,980.72864,154.19675,368.72675,945.68787,41.177143,316.69965,965.68896,93.731606,455.7879,936.004,-1.0150487
escalon_rigth
WhatsApp Image 2024-11-15 at 11.00.23 AM (2) - copia.jpeg,escalon_rigth,352.15118,338.33594,-27.358088,344.0719,323.4272,-16.233425,342.84497,322.7513,-16.196001,341.43845,322.01892,-16.138533,342.587,323.04907,-58.279377,340.12894,322.24915,-58.208714,337.51132,321.5379,-58.22318,322.38718,324.49915,51.55782,319.06604,325.26025,-140.28557,344.44135,352.06793,4.842088,342.16953,351.48346,-50.573433,283.5126,411.43073,182.2043,285.34952,400.34155,-233.87642,274.01547,533.2764,218.17769,274.35205,525.9133,-289.66537,309.9234,634.31866,135.89978,309.15546,637.5974,-262.2077,309.4542,668.6968,129.55292,312.53195,672.22766,-298.44812,322.5055,668.29846,92.68707,328.61548,671.5746,-287.7014,323.4877,655.77893,116.75304,330.2207,661.9366,-254.67564,271.8012,631.21423,120.57743,297.22714,621.46326,-120.752426,276.14136,791.1968,149.62733,420.73138,748.6559,-66.98232,252.3334,953.9204,195.30875,388.0735,915.8418,81.64898,239.48123,989.2859,195.18771,364.6134,944.36,93.31417,313.67123,968.40564,146.6231,453.2762,939.7981,59.849644
escalon_rigth
WhatsApp Image 2024-11-15 at 11.00.23 AM (3) - copia.jpeg,escalon_rigth,348.10263,340.79443,-17.256962,340.3447,325.18173,-4.206126,339.4103,324.67487,-4.16907,338.36475,324.03107,-4.1052904,338.25565,324.98712,-46.395344,335.63214,324.33466,-46.329662,332.6217,323.5901,-46.359184,319.12177,326.6306,71.44121,311.9422,327.46338,-120.81058,340.45624,354.42413,17.508432,337.53934,353.8224,-38.035095,284.62683,414.4967,209.12979,277.88568,400.65427,-221.24585,284.6183,535.98413,250.11157,273.08,525.64124,-277.997,315.31555,638.46686,159.44028,307.90393,638.74567,-247.6313,318.14932,671.03235,152.46503,308.0131,671.58594,-283.85004,324.50476,672.57806,114.628975,325.2824,672.0913,-274.305,326.7454,661.5326,139.47588,328.11655,662.86285,-240.1846,273.21844,628.7063,124.54036,293.45294,618.53064,-124.68172,278.51978,789.9732,128.12497,420.38348,749.2097,-80.5203,253.50055,955.0255,153.11913,389.2118,911.1291,59.028458,240.25255,992.30457,150.59532,365.59952,938.166,70.12113,316.36526,969.3092,95.28892,454.5822,935.1686,36.595062
escalon_rigth
WhatsApp Image 2024-11-15 at 11.00.23 AM (4) - copia.jpeg,escalon_rigth,350.16388,338.52637,-32.674915,343.49228,324.218,-21.53671,342.44547,323.73596,-21.49312,341.22327,323.1562,-21.416286,341.13577,323.3499,-61.835575,338.36075,322.3816,-61.77668,335.52502,321.36072,-61.77903,321.92804,324.93912,52.02977,316.26312,324.08997,-131.89539,343.17023,351.68768,2.05057,340.24524,350.86044,-51.13755,288.93396,411.27274,187.9371,282.4995,397.22382,-223.18466,287.3883,530.2816,230.0162,272.88815,519.95917,-282.75278,315.4141,631.21423,147.7418,312.0023,635.56793,-258.98163,317.5202,665.6548,140.63394,311.4337,669.05066,-295.95605,325.11334,666.04376,101.26241,327.589,668.6616,-287.3408,325.4428,653.7069,127.85408,330.00394,659.5947,-252.0028,277.43582,628.88354,119.39904,299.15784,619.5818,-119.527084,280.7886,789.1836,138.45375,419.57803,745.06726,-71.85417,256.27606,952.27954,172.92433,391.14896,907.5759,63.584717,239.75781,993.81903,171.70023,365.51617,945.0058,73.455215,317.90628,962.8727,122.83703,451.93137,933.3539,35.94402
escalon_rigth
WhatsApp Image 2024-11-15 at 11.00.23 AM (4).jpeg,escalon_rigth,350.16388,338.52637,-32.674915,343.49228,324.218,-21.53671,342.44547,323.73596,-21.49312,341.22327,323.1562,-21.416286,341.13577,323.3499,-61.835575,338.36075,322.3816,-61.77668,335.52502,321.36072,-61.77903,321.92804,324.93912,52.02977,316.26312,324.08997,-131.89539,343.17023,351.68768,2.05057,340.24524,350.86044,-51.13755,288.93396,411.27274,187.9371,282.4995,397.22382,-223.18466,287.3883,530.2816,230.0162,272.88815,519.95917,-282.75278,315.4141,631.21423,147.7418,312.0023,635.56793,-258.98163,317.5202,665.6548,140.63394,311.4337,669.05066,-295.95605,325.11334,666.04376,101.26241,327.589,668.6616,-287.3408,325.4428,653.7069,127.85408,330.00394,659.5947,-252.0028,277.43582,628.88354,119.39904,299.15784,619.5818,-119.527084,280.7886,789.1836,138.45375,419.57803,745.06726,-71.85417,256.27606,952.27954,172.92433,391.14896,907.5759,63.584717,239.75781,993.81903,171.70023,365.51617,945.0058,73.455215,317.90628,962.8727,122.83703,451.93137,933.3539,35.94402
escalon_rigth
WhatsApp Image 2024-11-15 at 11.00.23 AM - copia.jpeg,escalon_rigth,352.10007,332.12527,-52.324055,344.7773,315.3824,-40.65867,343.78314,314.94354,-40.621937,342.61017,314.48514,-40.549526,342.49887,315.0758,-83.83554,339.69965,314.38672,-83.80078,336.7195,313.70685,-83.86127,323.71118,317.0967,35.113754,316.21634,316.63702,-161.19485,345.21286,347.29913,-16.641352,342.12,346.05,-73.3127,290.77057,402.33475,181.49286,280.36993,384.63425,-257.94775,286.95645,524.3955,227.77678,273.61014,510.02942,-317.65576,309.27255,631.4552,142.13937,317.5962,629.9764,-292.74405,310.02695,662.8318,135.52164,318.82895,664.8402,-332.32162,320.59448,663.9319,97.14026,335.34564,663.97925,-322.2664,323.25397,651.963,122.390205,337.51694,655.7901,-285.02847,276.96933,625.8777,127.51723,296.61636,617.4275,-127.61819,279.83093,784.8904,154.63223,415.29886,743.151,-84.22917,254.8478,944.14417,210.71043,385.60593,904.1889,57.67117,238.35062,982.4578,210.85303,356.57077,943.04517,67.58466,304.85394,958.2335,158.3556,449.3911,930.86365,21.17273
escalon_rigth
WhatsApp Image 2024-11-15 at 11.00.24 AM (1) - copia.jpeg,escalon_rigth,332.00308,321.85043,-23.46137,324.25867,308.85675,-9.809233,323.2743,308.38766,-9.799003,322.23474,307.78433,-9.7341175,320.9568,308.1618,-49.030296,318.0112,307.29678,-48.97232,314.92,306.37854,-48.963318,303.601,310.16177,72.08949,295.81796,309.62805,-106.46594,325.909,336.3919,13.434133,321.8097,335.21518,-38.32291,276.37796,394.9551,208.6074,267.5404,380.45624,-203.74684,275.0275,515.3196,247.36668,253.89862,502.82867,-265.3236,303.2649,617.56915,160.69719,295.54523,620.67883,-249.31905,304.78412,651.02686,153.47928,296.30402,655.6638,-285.74402,313.02472,650.598,112.679535,312.8096,654.306,-277.08194,314.29242,639.18915,139.83476,314.91,645.6426,-242.64062,265.38773,609.62103,122.27571,278.65964,600.19965,-122.26704,274.16016,776.0145,92.38255,400.52585,731.28674,-110.904366,244.84972,941.46967,89.846825,380.8542,891.2892,-34.06676,227.24718,980.77484,83.74004,349.46515,943.72125,-30.556183,318.9077,954.6892,22.638208,445.17966,920.76526,-85.03707
escalon_rigth
WhatsApp Image 2024-11-15 at 11.00.24 AM (1).jpeg,escalon_rigth,332.00308,321.85043,-23.46137,324.25867,308.85675,-9.809233,323.2743,308.38766,-9.799003,322.23474,307.78433,-9.7341175,320.9568,308.1618,-49.030296,318.0112,307.29678,-48.97232,314.92,306.37854,-48.963318,303.601,310.16177,72.08949,295.81796,309.62805,-106.46594,325.909,336.3919,13.434133,321.8097,335.21518,-38.32291,276.37796,394.9551,208.6074,267.5404,380.45624,-203.74684,275.0275,515.3196,247.36668,253.89862,502.82867,-265.3236,303.2649,617.56915,160.69719,295.54523,620.67883,-249.31905,304.78412,651.02686,153.47928,296.30402,655.6638,-285.74402,313.02472,650.598,112.679535,312.8096,654.306,-277.08194,314.29242,639.18915,139.83476,314.91,645.6426,-242.64062,265.38773,609.62103,122.27571,278.65964,600.19965,-122.26704,274.16016,776.0145,92.38255,400.52585,731.28674,-110.904366,244.84972,941.46967,89.846825,380.8542,891.2892,-34.06676,227.24718,980.77484,83.74004,349.46515,943.72125,-30.556183,318.9077,954.6892,22.638208,445.17966,920.76526,-85.03707
escalon_rigth
WhatsApp Image 2024-11-15 at 11.00.24 AM (2).jpeg,escalon_rigth,320.13458,313.0234,-30.337404,311.49463,297.96835,-20.328058,310.5408,297.67294,-20.303274,309.6389,297.24982,-20.250141,309.03915,297.6372,-57.807137,306.281,297.18585,-57.743557,303.12323,296.60938,-57.73441,290.31537,301.21085,51.26328,282.85916,301.51767,-119.67381,315.7772,327.6455,3.8405554,311.56613,326.87192,-45.63735,268.35767,391.7946,184.47202,255.77562,376.02722,-207.23865,270.18747,512.57526,224.55023,253.42537,499.72195,-263.74902,296.26688,619.52856,144.18944,293.69147,617.1874,-242.62476,294.31848,652.7046,134.79332,292.53903,651.9384,-278.13504,306.37302,652.3242,95.90966,309.45404,651.2937,-269.4629,307.2328,639.9868,124.502304,311.945,642.2586,-235.73291,260.53824,611.5211,114.625626,279.0115,600.5415,-114.75703,264.61774,774.0076,136.09567,402.5302,726.54755,-71.20204,241.60313,939.3142,181.9195,371.8661,884.6237,58.03175,223.01935,977.67444,181.78596,346.73895,917.12854,67.89391,308.0274,947.00195,134.63452,434.336,914.25476,33.230392
escalon_rigth
WhatsApp Image 2024-11-15 at 11.00.24 AM (3).jpeg,escalon_rigth,316.11737,304.9529,-108.11387,309.32147,289.71353,-90.666306,308.5657,289.42157,-90.61684,307.48456,289.0546,-90.55933,305.94135,289.5125,-132.1651,302.60147,289.0247,-132.13748,299.14563,288.5938,-132.164,288.35638,293.4363,10.11867,276.3499,293.68042,-177.64125,310.69833,320.56036,-64.05384,306.2755,319.67853,-118.219986,263.28873,386.27496,180.86674,243.94684,374.35046,-272.30737,265.60596,509.46997,240.22035,236.74675,499.65112,-326.6683,294.4364,604.512,160.93976,271.04465,616.3681,-300.86343,299.16293,639.1131,158.17586,274.0752,647.1674,-339.44983,308.01843,639.8157,119.48347,294.05994,644.61584,-332.26547,307.50977,627.2776,140.83588,296.83795,635.13696,-294.60858,259.41284,604.23706,131.93575,272.9612,596.2074,-131.98929,259.06854,766.68854,117.541824,398.25165,718.2313,-102.97321,228.50204,925.0885,126.07009,359.4831,871.77124,25.72001,212.60925,962.7449,121.28284,338.59772,914.94763,34.64379,295.3191,933.82166,63.43417,429.4865,904.2418,-5.2847495
escalon_rigth
WhatsApp Image 2024-11-15 at 11.00.24 AM.jpeg,escalon_rigth,344.58313,329.1175,-51.859234,336.82617,312.64813,-40.445187,335.91614,312.2384,-40.412178,334.9653,311.88412,-40.35379,334.31592,312.6274,-81.81283,331.4597,312.24686,-81.75917,328.33023,311.92172,-81.79207,316.35864,315.1322,33.67912,307.75897,315.88376,-154.60173,337.5354,343.37225,-17.018774,334.3895,342.4981,-71.36046,282.83316,404.6247,174.61383,274.19873,393.01245,-245.21779,284.8659,525.5233,219.45967,269.949,517.88184,-296.86234,311.328,626.1899,135.6091,303.9581,631.7419,-270.29465,313.99597,659.5143,127.43153,303.1188,662.90906,-307.8838,320.12762,661.43427,89.760216,320.91693,663.76904,-301.5389,322.45166,650.4047,116.18139,323.70743,654.5824,-264.37097,270.27362,621.3341,122.283775,291.7544,611.8728,-122.447044,277.69452,782.36816,150.8924,417.33435,741.34753,-81.373505,255.6437,944.7149,201.34015,391.9889,897.0892,68.08684,240.76892,981.02893,201.29262,361.1989,934.66766,80.039894,313.1249,960.09717,151.2503,454.25464,926.40906,44.600494
escalon_rigth
