IMG_20241017_104329.jpg,tijera_down,295.32486,187.58644,-353.8557,297.5378,182.25536,-339.23758,299.79623,182.77571,-339.2176,301.71118,183.34564,-339.25204,289.00693,182.08344,-340.92706,285.87152,182.49615,-340.97604,282.47812,183.19191,-340.97812,303.2354,189.67824,-233.29485,275.15454,189.61237,-240.37068,299.4193,197.5245,-312.68958,288.42563,197.08759,-314.99258,333.2553,248.7233,-143.42383,245.66692,242.56497,-152.02596,345.90286,305.13025,-75.25605,228.64949,303.58112,-96.585,339.12115,363.39606,-134.05391,228.89163,355.29535,-156.25005,336.49896,382.0309,-151.57054,227.48474,374.4258,-178.05011,331.92236,379.30356,-182.61191,232.22069,372.43256,-206.89734,331.00052,372.92923,-146.93373,234.0943,366.13,-169.13531,311.12448,361.6981,1.3535236,256.54172,358.10892,-1.4392637,312.30536,455.80917,-20.470806,251.757,453.92624,-11.322917,313.2325,548.8916,77.496925,249.04924,546.0309,97.14349,306.99707,561.90344,78.77426,255.69402,560.0308,99.35021,321.21378,574.56287,-52.365013,232.65302,572.5942,-25.605232
tijera_down
IMG_20241017_104435.jpg,tijera_down,308.60422,118.35715,-300.09677,310.73395,107.86805,-284.33047,313.47656,107.59339,-284.38293,315.8998,107.34987,-284.41556,301.6019,108.67946,-287.49393,297.03314,108.95238,-287.50705,293.6266,109.56709,-287.53198,316.28403,111.922516,-176.0398,283.9327,114.22562,-190.74617,312.49988,128.42432,-257.95184,301.92175,128.804,-262.411,345.5948,182.12932,-98.90197,251.32817,173.16748,-108.48111,354.3656,247.81792,-42.289265,228.32152,238.74464,-62.34041,361.24188,305.66882,-131.71498,220.876,298.78067,-147.89528,364.82587,325.5184,-157.85617,216.36404,316.8499,-172.88153,360.29364,323.2721,-192.3405,221.32298,315.4851,-210.48358,357.26285,317.6705,-146.62506,224.85455,310.19836,-164.29967,314.17633,312.88037,-1.8697304,258.98285,310.33307,1.8871834,311.89142,413.04565,-16.323093,257.67276,411.52496,-11.847295,315.29355,515.60126,88.03379,252.45395,511.59348,102.50111,309.02728,531.08215,89.42261,258.9672,528.80634,105.45899,325.68164,543.48566,-33.31112,229.80211,538.3239,-18.48604
tijera_down
IMG_20241017_104838.jpg,tijera_down,303.12607,201.2258,-330.8793,307.25433,194.93706,-317.88004,310.5169,195.24321,-317.87146,313.0487,195.66048,-317.90494,297.37415,194.92606,-319.97705,293.87244,195.38081,-320.0388,290.57092,195.96591,-320.0316,315.2583,201.31721,-216.87802,286.25778,201.59802,-226.65784,309.18274,210.68515,-291.14496,297.3902,210.77322,-294.1304,338.8404,257.18378,-127.07183,260.02744,253.78328,-141.81042,348.12354,313.57996,-79.91262,247.38962,309.84872,-91.24785,362.18936,363.222,-162.79301,240.81993,369.30933,-151.14833,368.86102,377.95264,-184.0164,232.67754,386.92493,-174.10146,367.626,379.1026,-218.9653,235.19614,387.50092,-205.69151,363.8063,373.85464,-178.8724,239.97508,383.19577,-165.15732,323.00882,365.7069,2.0791957,274.12097,364.74835,-2.1268473,334.4211,460.0564,-17.461445,254.49898,456.85052,-20.7055,349.93372,550.2223,74.04547,235.39839,548.9454,73.69746,344.65607,563.50336,74.8973,240.62709,565.9342,74.3498,369.1613,572.57855,-47.39594,206.17851,573.7957,-49.167763
tijera_down
IMG_20241017_104938.jpg,tijera_down,277.81467,533.6915,-855.34045,284.34387,526.0551,-871.5811,288.31213,523.214,-871.45526,291.5122,521.5483,-871.48676,271.3139,526.3903,-871.41626,267.26965,523.7434,-871.542,263.89084,522.0861,-871.31824,298.06537,509.31277,-778.98425,255.61812,511.2157,-776.70636,284.85583,533.94055,-801.6975,271.99655,536.5705,-801.43524,322.85825,494.79913,-590.6123,226.15228,503.43906,-605.8926,385.96924,498.08054,-430.14435,174.13628,511.57385,-454.86523,376.57687,567.94214,-362.8087,180.99632,570.7586,-397.69516,385.53644,577.76117,-397.60852,168.9134,579.18787,-437.9822,371.7967,579.3557,-411.36493,185.8169,578.7869,-453.66565,365.98615,576.13544,-367.04807,190.06963,576.57556,-403.5478,308.31036,523.0485,-0.5653863,249.91577,525.7621,0.5131166,303.09412,523.36786,469.31702,253.1732,523.46857,460.41473,292.1457,510.0771,941.0946,248.56339,510.51578,935.07806,286.93048,502.67572,994.65356,248.9291,502.055,988.4541,297.84702,528.0475,1021.95667,253.16034,529.3519,1011.35376
tijera_down
IMG_20241017_105219.jpg,tijera_down,275.36023,186.02979,-203.04512,279.45758,180.92752,-188.62352,282.55862,181.28555,-188.62633,285.24112,181.69572,-188.62997,270.7541,180.7061,-188.14891,267.71967,181.09825,-188.13617,264.63388,181.66702,-188.0953,289.49268,187.5201,-103.34141,261.69376,187.62709,-100.23119,281.1666,196.01347,-171.1518,269.7992,195.62318,-170.33278,314.16565,244.0859,-55.30263,235.67499,244.50125,-36.962547,326.86392,299.94077,-41.556328,220.98642,301.1135,7.404444,334.72702,344.83887,-134.0007,205.93832,345.67755,-54.296055,335.98413,361.7235,-158.82785,197.92897,364.21292,-75.598175,332.01843,360.20828,-186.99097,202.36487,364.46735,-105.87305,329.67935,353.9591,-147.41399,205.98221,359.7317,-68.404106,292.91782,352.98123,-7.4273944,244.81818,351.2898,7.4239974,293.66696,445.95953,-40.47801,231.28534,443.395,-19.491188,292.65836,539.701,35.890656,223.66437,535.61725,56.25717,287.22345,553.7569,35.654778,228.18248,550.27936,55.735565,308.2453,564.4379,-75.2023,197.73633,557.3459,-49.617786
tijera_down
IMG_20241017_105220.jpg,tijera_down,276.8561,184.89056,-234.01817,281.56653,179.95892,-219.9291,284.3094,180.39374,-219.93971,286.54935,180.8271,-219.93922,272.15015,179.48726,-220.34341,268.92398,179.63281,-220.34906,265.85782,180.00343,-220.32324,291.47702,187.23337,-129.62021,261.81674,186.84651,-130.87993,282.38852,194.63628,-199.7906,271.21814,194.57303,-200.21404,314.99533,242.34094,-70.33439,236.36067,242.09027,-59.246742,327.18268,299.28036,-35.53272,221.0164,302.05917,-12.008697,334.58792,344.7697,-119.2193,207.7118,350.1368,-82.234764,336.24222,361.46988,-142.18645,199.79103,366.55478,-104.819466,332.99664,359.8062,-173.27751,204.13896,366.55118,-137.15834,330.7931,353.70273,-133.32,208.2344,362.7459,-97.20534,294.1261,354.72653,-5.560932,246.76721,353.12268,5.534395,294.0168,447.51764,-28.723297,232.65926,443.7328,-19.537703,292.13028,537.2056,49.41247,220.27917,536.6888,60.55102,286.90082,551.029,49.103615,227.14487,552.96924,60.38387,298.81458,560.6422,-66.235306,198.1911,555.467,-48.254856
tijera_down
IMG_20241017_105221.jpg,tijera_down,275.94125,181.98695,-239.91548,280.77063,177.53664,-225.82231,283.71533,178.05249,-225.82234,285.93103,178.48514,-225.82646,271.41003,177.0827,-226.32436,267.94772,177.2593,-226.33353,264.67377,177.49255,-226.30591,290.22275,184.22891,-136.29424,261.1447,183.57544,-138.25912,281.68213,192.04146,-205.97774,270.55762,191.83777,-206.61752,314.35013,240.40933,-76.28393,235.99785,239.95924,-64.609024,326.3021,297.52933,-41.358368,220.82341,300.07275,-14.4647,333.57245,341.71194,-125.93113,209.04968,348.3111,-79.36148,335.24762,358.64145,-148.77486,201.48784,365.15112,-100.83787,331.27344,357.34204,-179.59981,205.59624,364.7759,-132.36627,328.71094,351.0558,-139.89755,209.65599,360.71854,-93.79798,296.14624,348.64096,-5.8420115,248.93665,348.78223,5.8117576,295.00653,443.1577,-39.315216,232.49382,440.78607,-25.051205,293.26562,536.10547,35.197098,221.12016,533.7023,49.638103,288.63635,549.7289,34.54125,227.87083,549.545,48.74099,301.83545,557.86414,-81.317505,198.76997,553.9356,-60.94333
tijera_down
IMG_20241017_105833.jpg,tijera_down,306.6192,137.24567,27.014133,310.6412,126.09622,28.504854,313.26224,124.79786,28.388184,316.24585,123.446045,28.356886,305.45038,127.92662,52.549343,304.43045,127.946815,52.622066,303.5698,127.94058,52.621918,327.0767,124.29598,52.769726,312.385,128.70728,158.91309,314.19025,143.11658,37.142166,308.3301,145.19519,67.90879,341.45816,155.81,-55.773125,330.58365,175.91367,287.78815,339.79666,209.19826,-169.95476,323.299,258.44672,341.54678,307.1389,279.2812,-233.81442,299.23373,320.55493,287.7738,302.22556,298.3997,-268.61652,291.30902,333.781,290.86298,294.36908,296.5777,-261.435,289.71512,332.5249,266.027,295.5212,292.6326,-230.21448,293.90747,328.2658,275.29977,347.3701,298.3232,-104.10579,346.9934,306.20624,104.004265,333.01724,411.13855,-147.21054,333.0478,410.18323,54.645695,333.164,531.30035,-162.48833,333.77545,529.30774,36.081696,345.21786,547.50165,-166.48358,344.91052,546.09393,30.44797,291.056,550.729,-241.03712,290.4718,546.8092,-34.390217
tijera_down
IMG_20241017_110214.jpg,tijera_down,291.954,120.78469,142.90749,297.57816,109.73174,141.34087,300.44153,109.19001,141.2065,303.4291,108.70179,141.17435,292.4505,110.900246,166.06723,291.5749,111.25825,166.13759,290.7782,111.576256,166.14116,316.96164,111.26484,150.66989,300.92657,114.75073,259.8492,299.56674,130.41734,147.85115,293.46686,131.62575,179.24817,328.17786,141.44594,10.875926,315.80307,163.94487,359.13824,331.45572,182.2903,-137.80061,305.9524,238.9575,403.1083,302.93414,251.79506,-230.66472,281.28812,316.85187,388.8838,302.23257,274.9944,-258.61166,271.95685,336.9514,398.64383,292.92572,274.01224,-251.05334,270.71106,338.50665,379.42746,292.48376,268.45,-226.2715,277.35306,327.9512,379.03162,311.61954,298.68005,-106.71245,317.65988,309.6705,106.50828,303.46527,419.45267,-170.34332,310.24347,424.97745,42.616325,344.6107,556.9878,-263.9816,338.49182,545.0829,-37.531773,368.50845,579.1133,-274.8029,360.53864,569.3186,-49.48309,300.1944,582.4358,-350.62744,295.38443,572.24036,-102.72567
tijera_down
IMG_20241017_110214~2.jpg,tijera_down,292.93063,118.864845,179.10074,299.03354,107.94468,176.96696,301.83737,107.51883,176.8431,304.71887,107.02511,176.81648,294.8672,108.93627,202.93379,294.4339,109.31394,202.99214,294.04526,109.55266,202.9737,318.52966,110.33743,180.42258,306.00116,113.64672,295.76917,300.11105,129.44287,181.45656,294.71365,130.40607,214.70375,332.52698,142.95227,39.959126,317.12466,166.87979,385.5105,329.4781,186.70125,-98.61468,304.1174,243.64653,420.3071,297.15335,254.23396,-192.99008,276.54642,316.5414,392.55402,295.58524,275.22052,-221.6459,266.61786,337.54144,397.81436,288.4406,273.57074,-216.18544,265.44012,338.1883,377.61072,288.06522,269.24435,-189.47148,269.38138,328.58444,381.7299,314.62955,294.8766,-106.76249,316.0664,308.88086,106.624275,305.3952,415.18222,-190.37547,309.22513,424.13382,14.599358,348.19708,556.9114,-308.2968,342.88284,552.139,-87.94905,371.36185,578.9997,-321.78598,364.51154,575.01733,-102.99105,298.77457,581.3572,-403.33322,293.75546,576.98346,-165.62366
tijera_down
IMG_20241017_110215.jpg,tijera_down,293.8978,118.95631,164.96458,300.22034,108.45548,163.01132,302.8575,107.989204,162.89554,305.83047,107.52576,162.8554,296.6332,109.38772,187.28235,296.52405,109.5868,187.31912,296.47757,109.67299,187.30527,320.49173,110.98874,170.35362,309.75024,113.137474,277.9311,300.98462,129.0383,169.36931,296.5721,129.50116,200.38441,331.63904,142.21715,47.07561,327.2163,163.56328,362.9481,326.7355,195.42694,-55.17051,313.5469,245.34438,417.32416,290.25354,258.87262,-105.0991,292.94583,291.4523,415.33438,284.38892,278.80685,-124.874405,288.33102,305.9986,420.37582,277.05536,272.36325,-121.12383,285.00546,302.9233,406.08078,278.81775,267.7141,-100.5488,286.56934,298.25702,407.73898,309.66437,293.3196,-99.56826,318.33127,307.52194,99.44347,301.7726,415.1782,-179.24005,307.49298,423.2827,4.5259895,347.1692,557.911,-311.60925,341.57626,553.858,-116.70501,371.61444,579.1894,-325.48514,363.60715,578.0322,-133.25139,297.5194,585.01965,-392.29758,287.39124,578.9564,-188.67645
tijera_down
IMG_20241017_110511.jpg,tijera_down,367.69742,134.96982,48.126152,374.78146,124.122574,26.820858,377.49915,123.26253,26.770922,380.5618,122.29655,26.748198,371.41757,124.48154,59.068413,371.57755,123.959496,59.1631,371.90433,123.331665,59.14973,396.0106,124.3337,-25.7284,386.4558,125.26623,116.99084,374.48175,143.38348,33.087425,370.37595,143.80052,74.52386,416.838,158.86923,-138.59444,397.46497,181.46194,225.02847,413.3246,223.24521,-191.08359,388.763,257.3585,269.9018,385.3933,304.97617,-200.29755,372.88748,326.165,238.98439,386.25186,329.63037,-227.33447,368.4297,349.66104,244.47716,374.8533,328.14294,-224.9742,363.49597,350.88223,215.30438,373.97308,320.3119,-196.36366,367.26028,341.57452,223.93758,398.38016,323.11826,-106.37461,389.7506,331.62878,106.36596,405.68768,449.58826,-116.322624,392.42288,452.98004,82.06269,420.35544,590.1,-125.86425,409.61673,582.52637,82.67769,436.78723,613.4336,-130.86414,423.83487,604.738,78.52776,362.34924,614.0806,-221.36296,352.76758,606.14734,14.572544
tijera_down
IMG_20241017_110512.jpg,tijera_down,362.5133,135.2073,45.81579,369.56726,124.59001,24.52499,372.2192,123.63214,24.479883,375.07596,122.7319,24.454182,366.08862,125.194,57.03579,366.33725,124.59149,57.126297,366.67764,123.91851,57.112312,390.72025,124.507454,-27.209536,380.5755,125.412056,117.18135,369.6049,142.71129,31.172943,365.5648,142.93929,72.99374,412.27548,160.52177,-141.65167,392.068,181.6201,225.83015,409.37772,227.66695,-195.09651,385.7477,256.88678,271.01593,383.6119,307.16998,-198.53906,374.34076,324.31992,239.31534,383.56747,332.1139,-224.75967,373.3334,349.52463,245.00906,372.76944,330.77484,-222.99742,370.76425,349.97134,216.34042,371.4386,323.05994,-194.68137,370.4299,340.67072,224.46968,394.31415,322.45837,-108.35434,385.9243,329.9499,108.31673,405.38013,448.38196,-123.87322,387.74066,451.20563,85.85364,419.07513,588.474,-132.87474,407.313,582.9002,87.55145,435.31976,611.9553,-137.98065,422.30283,605.1426,83.05909,363.4804,612.6734,-233.12253,352.87,606.9889,17.038286
tijera_down
IMG_20241017_110513.jpg,tijera_down,358.49902,131.80171,44.32648,364.65268,120.481514,22.669106,367.52173,119.75394,22.623547,370.83472,118.99834,22.591343,361.39606,120.92667,55.23381,361.50485,120.61227,55.348015,361.75204,120.172646,55.350418,386.55374,120.28783,-30.162897,375.08005,121.53053,113.953575,365.9361,139.8805,29.232021,361.50665,140.42778,71.07398,413.54227,157.35161,-143.29517,385.00403,179.22382,221.72452,409.1502,227.0769,-193.07732,381.60934,253.1117,269.1894,383.67255,306.40942,-199.22559,368.00848,320.83344,236.26599,385.07733,331.15054,-227.0322,364.57812,346.804,241.77248,373.21637,329.0809,-224.32988,363.78934,347.11865,211.84358,371.4635,321.45056,-195.02158,364.37473,337.81613,220.85794,394.9703,319.80136,-105.136345,384.00592,326.8911,105.14799,403.1048,446.1585,-127.83159,385.8343,451.10663,81.458786,421.3798,587.84344,-143.13902,409.82382,577.66925,77.74175,435.6636,609.89325,-148.6233,420.18567,601.7319,73.0163,364.61786,610.2962,-239.40912,350.5428,600.6399,10.909501
tijera_down
IMG_20241017_111748.jpg,tijera_down,275.1632,347.74094,-346.22546,278.51395,341.7945,-332.84772,280.97778,341.79483,-332.865,283.18085,341.86108,-332.90793,271.00476,342.24588,-335.35287,268.06064,342.624,-335.4147,265.05493,343.02756,-335.42337,285.8952,345.79257,-231.15497,260.72968,347.81458,-243.97609,279.70163,355.59183,-306.68515,270.35468,356.00162,-310.3477,309.53442,395.83044,-139.14874,236.2716,392.59866,-158.41025,350.0174,435.6515,-100.474335,197.28513,434.49026,-129.34538,375.48395,474.44135,-191.96759,161.65425,479.00052,-211.23337,385.47684,488.18726,-211.68423,151.80347,490.94467,-232.6628,383.51193,489.60757,-244.41899,153.99492,492.68546,-264.87103,379.2447,484.59592,-207.14407,157.72351,488.5066,-226.07375,291.10617,495.79306,4.732421,251.412,494.22818,-4.8044715,281.2699,582.7238,-6.2203126,259.18024,581.5319,-16.129507,275.4589,671.6236,69.75718,261.0562,668.9064,70.60511,272.9545,682.5602,70.19175,261.80563,679.63696,72.80146,281.98163,694.3583,-41.955414,264.00842,691.5948,-35.302334
tijera_down
IMG_20241017_111749.jpg,tijera_down,274.63144,349.17078,-288.73526,278.4297,343.5054,-275.736,280.88095,343.59244,-275.7639,283.369,343.65244,-275.79977,270.59943,343.88217,-278.15842,267.7094,344.1932,-278.2027,264.72458,344.51785,-278.2124,286.54352,347.4178,-177.8289,260.92462,348.29773,-190.15828,278.7694,357.2271,-250.44594,269.59714,357.46237,-253.94928,308.6397,395.58792,-89.405876,236.54034,393.1345,-114.04081,348.30258,433.0349,-49.33236,197.2813,433.34714,-86.55704,376.58612,471.6936,-142.18079,161.7881,475.88037,-172.96216,386.95657,485.0337,-160.93127,150.82785,486.82352,-194.07872,385.005,486.73358,-193.02406,152.24161,487.76898,-226.80782,380.9819,482.42773,-157.05978,156.50513,484.612,-188.05782,290.12946,495.97388,8.227592,249.83757,493.34598,-8.30369,281.46918,582.73303,-12.561046,257.91296,582.62555,-33.16954,275.81186,670.66187,56.370148,261.08658,670.015,43.553196,272.9669,682.90985,56.437313,262.1595,683.1285,45.02646,283.3022,692.6496,-50.759037,265.6708,690.68195,-61.445145
tijera_down
IMG_20241017_111750.jpg,tijera_down,273.381,348.42276,-301.55743,277.00885,342.43298,-287.53275,279.50174,342.42203,-287.56097,281.77945,342.56772,-287.60025,269.47504,342.95016,-290.24677,266.57898,343.311,-290.29297,263.52423,343.8195,-290.2986,285.50302,347.07016,-187.57085,260.0764,348.61737,-201.28471,278.00867,356.04657,-262.99997,268.73062,356.59042,-266.86414,308.60138,396.18683,-99.453125,236.02599,394.0554,-126.66119,350.11694,433.99347,-65.27769,195.6292,433.42032,-104.75902,377.30783,470.62726,-163.80867,159.42474,475.22827,-192.14853,387.75754,484.36746,-184.43826,149.51189,486.0755,-214.46973,385.9646,485.75278,-216.4952,150.9184,486.97238,-245.99437,381.97678,481.4919,-179.04166,154.63536,483.88147,-206.95197,290.52417,496.15436,10.24221,251.19528,494.81555,-10.30313,280.649,583.4093,-10.047854,258.82562,583.2396,-30.95865,275.88583,670.65356,62.761276,260.76862,669.6937,50.72389,272.37564,683.2011,63.06651,261.4755,682.347,52.50962,285.25488,694.0229,-45.38212,266.84283,691.5533,-55.249733
tijera_down
IMG_20241017_112758.jpg,tijera_down,289.42776,242.01894,14.965147,295.67026,234.78622,-2.6763752,297.08566,234.74037,-2.7248237,298.5783,234.74019,-2.7306051,294.63754,234.56702,25.287083,295.2105,234.41153,25.338762,295.83994,234.25035,25.282728,308.91406,238.70502,-47.638657,305.49704,238.18533,76.82533,293.16528,250.06096,1.5117013,291.51065,249.92625,37.475765,330.81607,272.53162,-141.85597,309.55255,286.96832,166.43445,334.95084,326.04138,-214.5997,303.61044,340.81644,205.47278,315.82217,382.5514,-253.4951,291.30817,383.94012,164.6382,315.34793,399.8227,-283.33124,288.1475,403.67865,165.75528,308.6444,398.7777,-283.553,287.5974,404.39114,139.72087,307.79282,393.4619,-251.9972,290.7199,398.3715,151.00095,331.76135,397.89963,-92.666435,310.46948,401.54214,92.59476,336.56198,492.37708,-95.9892,315.8873,492.54297,89.048935,352.2472,594.90796,-83.85238,343.62048,585.8391,110.20201,363.00302,612.15027,-87.79132,352.97818,605.0952,108.00525,310.3255,613.91583,-175.43364,304.95328,610.55194,52.39392
tijera_down
IMG_20241017_112759.jpg,tijera_down,293.62372,246.88968,8.49027,299.26297,239.14171,-9.326428,300.91684,238.96828,-9.395968,302.65176,238.81369,-9.413773,297.77362,239.0511,18.9316,298.31686,238.8598,18.966084,298.95404,238.68748,18.914713,313.65402,242.21936,-52.200207,309.7107,241.52998,73.88879,297.6486,254.43645,-3.9027114,295.7804,254.65588,32.522556,333.62112,274.32727,-143.19844,315.64325,289.33545,165.3203,337.24353,330.7189,-205.27509,315.96805,344.28503,201.40298,315.3811,387.4635,-218.91531,304.53973,385.95007,150.63165,313.94177,404.812,-245.91438,302.33286,403.68854,150.34294,307.90704,402.99625,-245.06017,300.4708,403.05585,123.812,307.29318,397.3847,-216.36952,301.48648,396.25806,136.42816,335.61505,402.1576,-93.265976,316.34586,404.47607,93.18889,338.429,494.38568,-97.9624,319.39227,494.1898,94.96074,352.13202,594.37787,-84.33636,343.18332,586.6781,115.02573,363.66653,612.3892,-87.63509,353.03766,602.79443,112.77538,308.42224,616.1204,-170.71872,304.24054,610.59076,60.374794
tijera_down
IMG_20241017_112800.jpg,tijera_down,292.68613,246.11972,5.4831967,298.309,238.10095,-13.213576,299.88074,237.86194,-13.272272,301.53787,237.66696,-13.293321,297.30716,238.00253,15.820648,298.07867,237.72092,15.874354,298.9649,237.42604,15.833064,313.11914,240.29889,-59.996716,310.33838,239.96048,69.77298,297.068,253.75328,-8.441737,295.60526,253.76851,29.101532,333.97882,272.55817,-147.53902,319.02582,285.60013,159.4684,338.78568,328.192,-206.86972,319.18118,342.8264,196.87936,318.15338,387.0303,-223.41975,305.4823,386.35693,148.5602,316.59244,404.75345,-253.00777,302.95053,404.41345,148.22427,310.46826,403.00897,-251.2627,300.75693,403.99753,120.54567,309.92197,397.49377,-220.96042,302.37094,398.9232,134.0488,333.73898,400.52496,-89.484406,316.83902,402.48593,89.43585,338.9177,493.76236,-92.998,318.41342,493.66962,85.516174,353.7722,595.1735,-73.88177,345.03952,589.1681,109.83382,363.37274,610.8709,-76.8754,354.93976,605.5525,107.955154,310.21576,614.6987,-160.17206,304.95108,611.26544,51.81721
tijera_down
IMG_20241017_112801.jpg,tijera_down,295.1583,245.32408,6.8952518,300.41275,237.58159,-11.480696,302.02203,237.32193,-11.534054,303.76065,237.11671,-11.552016,299.25287,237.64148,16.950418,299.9726,237.41083,17.012999,300.7605,237.15768,16.979334,315.5719,239.51611,-56.59447,312.50217,239.27591,70.2377,299.34058,252.57915,-6.3273168,297.6228,252.77396,30.385439,335.32367,272.33292,-143.87495,320.46625,285.92963,159.89702,338.7099,327.61172,-199.38452,318.42047,342.97687,196.69084,318.35675,386.07755,-212.57538,305.58673,386.1525,148.34065,317.2279,404.34714,-240.7374,303.33456,404.37408,147.73238,310.94495,402.20572,-240.20193,300.43488,404.47458,120.91888,310.44147,396.41058,-210.30981,302.90082,398.064,134.22388,335.03766,399.16727,-88.51523,318.95557,402.46088,88.49059,339.0291,492.76343,-92.951744,321.1188,492.65585,85.66187,354.30283,595.8253,-76.54346,345.5129,588.18616,104.122055,363.857,611.98413,-79.8166,356.26053,605.372,101.783005,310.603,614.7477,-161.98038,306.66263,607.7728,46.80114
tijera_down
IMG_20241017_113129.jpg,tijera_down,339.83334,268.77298,-374.04715,341.431,262.96625,-361.0349,343.31464,263.08975,-361.03387,345.31082,263.2841,-361.07117,334.84036,263.67444,-363.35352,332.21902,264.35437,-363.4144,329.67575,265.15393,-363.37857,346.97086,268.3166,-256.03745,324.7325,271.32736,-266.7489,343.3719,276.92105,-332.6418,335.5043,276.97278,-335.70316,375.5838,316.25394,-155.3196,301.29208,322.15326,-178.02771,407.22607,373.22284,-102.051704,263.3001,378.15024,-137.75635,451.54022,418.41302,-192.88664,227.0801,425.20413,-214.73152,466.55573,432.29855,-214.2407,213.85872,441.13242,-239.65793,466.14404,431.90656,-251.50992,215.0711,441.7767,-275.2784,460.5493,427.0313,-211.39757,219.9798,436.10498,-231.9631,365.48172,437.0893,3.933445,317.52274,435.93936,-4.074862,413.0961,522.88916,-21.995783,267.22745,519.6544,-20.188627,458.47696,610.62854,54.49892,226.15533,603.84265,69.68941,455.4614,625.7689,55.083996,229.79785,616.4342,72.199585,481.33286,635.4628,-57.316605,202.44397,631.3605,-36.73108
tijera_down
IMG_20241017_113130.jpg,tijera_down,338.36688,276.1875,-405.39423,341.70285,269.86075,-390.402,344.12225,270.01883,-390.41574,346.4266,270.22797,-390.46576,334.29175,270.0982,-392.3224,331.7639,270.3859,-392.39795,329.47037,270.71985,-392.37793,350.58304,274.99268,-277.2802,326.2734,276.46762,-285.78604,343.2839,284.79858,-361.72617,334.4964,284.47113,-364.152,378.9286,322.09225,-172.27718,302.01428,325.64307,-190.2855,421.52792,367.43564,-132.22583,265.8172,379.66022,-161.83592,467.99805,401.91864,-240.29094,231.19127,428.91516,-251.62575,488.36227,413.18408,-264.80273,218.05183,444.18994,-277.69,487.87802,411.96432,-303.87042,219.19522,444.91168,-315.42953,480.99646,409.01923,-259.66833,224.17517,439.59924,-269.5661,365.65405,440.08746,3.130643,317.3526,437.99863,-3.2699351,411.6625,527.465,-20.19747,269.80624,519.4041,-62.41761,458.49896,611.743,65.55128,225.97589,604.44196,25.945415,456.07187,627.00446,66.62512,229.63358,619.9767,28.161184,486.7118,636.28796,-52.173214,199.23424,628.7879,-88.57039
tijera_down
IMG_20241017_113130~2.jpg,tijera_down,336.47955,273.3972,-387.0629,340.14636,266.91324,-372.97812,342.78067,267.1813,-372.99023,345.26215,267.57318,-373.03146,332.19864,267.11902,-374.14078,329.55527,267.3952,-374.2022,327.05737,267.7075,-374.1677,349.65277,272.87888,-264.7124,322.8178,273.92545,-269.57346,341.62274,282.1418,-345.14316,332.04495,282.00467,-346.48715,378.3558,320.99866,-164.00763,298.51645,324.1351,-177.70819,420.9626,366.38583,-121.20324,264.92737,377.51694,-144.29341,468.74213,400.08978,-227.5308,228.90256,424.6656,-232.80408,488.99313,411.83902,-253.16093,215.22751,440.88196,-259.64758,488.6633,411.0083,-291.61374,215.93112,441.81653,-297.37894,481.7314,407.69452,-246.86446,221.0827,436.0038,-251.09308,367.04504,437.94656,1.5701646,312.6575,437.121,-1.7007362,410.8289,524.97815,-18.151663,267.00107,520.0899,-36.299355,458.30838,610.2808,74.65989,225.41534,604.4815,74.405365,456.27866,624.55005,76.656784,229.06859,618.1633,78.91666,480.69824,636.2536,-42.43285,200.50624,631.5956,-32.964073
tijera_down
IMG_20241017_113131.jpg,tijera_down,331.70062,265.77548,-301.57895,334.47766,259.24844,-284.18954,336.87848,259.30347,-284.21964,339.54147,259.52875,-284.25897,326.22522,259.90125,-285.53784,322.97458,260.56235,-285.59225,319.9581,261.28687,-285.53503,344.3629,264.771,-179.57657,315.46277,267.41412,-184.24933,337.53778,274.42075,-262.8701,326.63937,275.10266,-264.09637,377.16843,319.16977,-105.66895,293.77133,324.94196,-111.6562,427.67786,356.7995,-69.62264,256.2231,376.17426,-82.90717,478.4448,386.72638,-161.39558,212.21051,422.2612,-168.92592,498.27655,394.80542,-185.2934,197.9737,436.63086,-192.39426,497.5286,395.07236,-219.17078,198.02396,437.1394,-231.7652,491.37024,393.59833,-179.0681,203.07191,432.82303,-188.60165,368.0106,440.55182,-3.7342036,309.8003,439.21432,3.6785538,423.13464,518.8543,-119.111595,256.56055,515.6737,-113.05716,457.49777,609.77026,-19.474888,224.72821,607.1809,2.0191264,451.60138,624.4185,-16.632378,229.56015,619.8759,7.1902504,481.553,640.34326,-137.71141,202.26013,634.1556,-99.858315
tijera_down
IMG_20241017_113717.jpg,tijera_down,286.58917,216.77895,-64.50428,290.21167,213.62686,-46.892036,292.93176,214.45427,-46.94119,295.66794,215.46584,-47.0146,281.58713,212.59856,-48.42499,278.48807,212.75334,-48.409496,275.2673,213.0736,-48.391697,300.10928,223.09001,41.851624,268.7516,220.45493,34.269108,291.96747,227.41757,-31.380116,280.90604,225.70601,-33.69349,320.67468,270.46365,75.78638,243.86322,269.1502,73.78473,331.54764,331.11588,77.152626,226.1861,329.87262,76.776634,342.0242,384.26108,-19.143105,209.9638,380.55554,-12.171421,348.37317,400.13367,-46.213627,202.85474,396.79794,-38.236107,346.5617,401.16354,-71.66208,206.23805,397.18134,-65.227806,342.7254,395.72412,-32.601532,210.49194,392.11166,-26.05118,303.25104,377.46848,-3.1399379,253.16953,377.5813,3.1836126,296.4598,480.5148,-59.89092,254.61699,477.32733,-44.666264,299.6595,576.3573,-8.576001,256.8033,578.556,14.48348,293.45993,591.7626,-9.9558325,263.3721,591.7722,13.306061,304.0296,602.5723,-123.59505,244.96483,604.1835,-96.02389
tijera_down
IMG_20241017_113719.jpg,tijera_down,285.44574,218.0089,-191.54779,288.78598,215.29707,-177.31514,291.57782,216.06729,-177.32773,294.27396,216.84998,-177.40752,280.05673,214.63521,-178.88042,277.0429,214.992,-178.88788,273.82834,215.49118,-178.85202,298.71298,224.24472,-83.58353,266.65933,222.83339,-91.39103,290.9856,227.5466,-154.84581,279.73425,226.7751,-157.26997,320.23688,272.19543,-21.182997,243.1699,269.9574,-26.455914,331.73596,330.11252,18.116182,226.10962,329.71515,11.624885,341.83188,379.8018,-47.273537,208.05176,381.07056,-46.94003,349.0285,395.16608,-67.88397,201.79274,398.65366,-69.065125,348.26306,396.31512,-97.75047,204.42479,399.23337,-101.133644,343.80972,390.44922,-61.455273,208.78247,393.8024,-62.22248,302.65503,376.204,-2.0166101,251.38188,375.5183,2.0426252,296.869,477.49625,-46.776035,253.7443,475.85736,-27.594727,298.61908,574.82495,18.807064,256.52362,577.4505,44.90781,290.93155,591.2656,18.637112,263.31836,590.6155,44.977177,306.86993,602.1513,-100.21929,243.32567,605.9893,-68.20226
tijera_down
IMG_20241017_113720.jpg,tijera_down,285.4654,218.32988,-225.43724,288.93164,215.35735,-212.78427,291.67477,216.10289,-212.79521,294.33594,216.84654,-212.87578,280.0052,214.90736,-213.95305,277.0356,215.28415,-213.97832,273.63675,215.76901,-213.94945,299.24673,224.46967,-118.51353,267.36465,222.76059,-124.28053,291.19885,228.01485,-187.89575,279.81757,227.17332,-189.70705,321.40524,271.5738,-45.707916,244.2965,269.77545,-52.026142,333.63828,328.90646,0.754607,226.15115,327.43878,-6.7774825,343.26364,378.8284,-66.91483,207.68709,377.35394,-64.81,350.1084,393.62875,-87.239685,201.79022,393.92126,-86.24633,349.20926,394.6186,-118.41406,203.9953,394.12878,-119.51989,344.9561,389.14246,-81.351524,208.06241,388.64838,-80.35006,302.64093,376.0818,-0.07168242,251.39877,374.97046,0.06419238,295.7199,477.84406,-41.537014,253.6169,475.78683,-26.149101,297.7486,575.7453,27.95617,256.01004,578.22614,50.89058,290.25113,590.5168,28.14145,262.56097,590.0336,51.350807,307.74603,601.7235,-91.87281,245.2582,604.92267,-64.447945
tijera_down
IMG_20241017_113720~2.jpg,tijera_down,285.39893,220.48402,-171.42271,288.64124,217.33995,-156.01396,291.45853,218.08443,-156.03969,294.28888,218.99655,-156.13547,279.97446,216.80002,-157.97127,276.9252,217.12917,-157.96614,273.7543,217.62068,-157.92003,298.81052,226.45316,-60.41173,266.96585,225.15607,-70.11451,291.24963,230.68016,-134.24088,280.13666,229.57832,-137.198,319.4649,272.52322,-0.84395784,243.72334,272.53665,-5.914423,333.34573,330.1342,35.092052,225.3343,330.12637,27.258484,347.54263,382.14685,-34.793156,206.50365,380.87634,-36.7565,355.89542,397.40094,-56.401,199.84175,398.12067,-59.574455,355.88657,399.1776,-86.66744,202.08525,398.52628,-91.02697,351.93018,394.26352,-49.318115,206.41766,392.90146,-51.94533,302.03607,375.21402,-2.7739923,251.3061,374.90878,2.8174293,296.1419,478.45053,-49.864483,252.94363,477.24948,-30.912655,299.11118,575.56885,15.503377,256.27255,578.4201,40.123657,291.5734,592.05945,15.617205,263.42795,592.087,40.272903,308.6663,601.8445,-101.08802,243.1056,605.83124,-73.13012
tijera_down
IMG_20241017_113721.jpg,tijera_down,283.6246,220.72566,-97.23441,287.6694,217.70224,-79.62036,290.53598,218.31789,-79.68184,293.28302,219.06763,-79.77208,278.58636,217.32039,-80.8263,275.24655,217.79417,-80.81881,272.00284,218.41466,-80.78005,297.44815,226.47653,11.479126,266.22543,225.316,4.699145,289.72986,230.77274,-63.395554,277.61008,229.62875,-65.459625,317.18094,273.91162,46.77505,242.25052,273.82208,51.97188,332.70865,331.29565,48.759056,227.64449,332.559,36.03741,355.30154,375.13937,-41.587154,204.55234,372.20984,-87.27227,366.0588,387.96066,-66.58792,192.91765,380.75684,-116.45236,367.49368,388.62604,-94.10936,192.08873,379.72055,-144.06645,363.44693,384.2629,-55.70688,196.73311,377.71704,-103.05297,301.46298,378.42923,-4.6815066,252.2593,379.41248,4.709236,295.63956,478.50714,-44.877308,253.76192,477.43378,-27.524292,297.67114,575.83716,16.26297,256.90656,578.52844,43.799717,289.98306,590.0487,16.063257,263.76328,591.05054,43.849255,304.81882,601.9567,-95.33999,243.66928,605.25195,-64.365974
tijera_down
IMG_20241017_114224.jpg,tijera_down,291.6087,232.1084,-139.71753,295.9471,226.71518,-123.60955,299.05713,227.13931,-123.64386,301.41727,227.67682,-123.64276,286.64554,227.12975,-124.36619,283.66132,227.71048,-124.37628,280.74448,228.34883,-124.411964,307.2043,234.40361,-30.719105,277.21198,235.01418,-34.71723,299.31256,241.85231,-105.06888,286.69687,242.2431,-106.21952,337.27615,280.47992,22.548727,256.8694,282.24445,7.3950677,353.7539,336.50797,21.002232,241.33884,338.23334,13.3927355,353.40436,380.94205,-123.01259,242.9437,386.67413,-93.67661,353.22992,399.79346,-161.79878,243.40575,406.15988,-126.87325,346.28406,394.31625,-187.7838,250.22672,403.93018,-152.89949,344.43933,388.13013,-136.28975,252.03477,397.4966,-106.072014,323.32407,397.23645,11.530359,275.3714,398.2011,-11.489541,319.04382,488.16885,-17.009594,283.72,487.42352,-39.41282,311.7933,579.0659,96.00655,286.61676,581.9383,74.82789,307.0202,590.5331,99.94247,287.66248,594.58453,79.17814,317.16217,611.173,-15.69941,289.7708,609.69745,-36.506752
tijera_down
IMG_20241017_114225.jpg,tijera_down,295.11737,229.2104,-87.85594,299.56622,222.76205,-71.19125,302.6871,223.29636,-71.22097,305.07657,223.8354,-71.226,290.204,222.72253,-71.43337,287.09384,223.05861,-71.4327,284.39923,223.47665,-71.43534,311.27948,230.4677,13.7035675,279.6558,230.95068,10.866098,302.45056,238.37483,-57.152596,289.81372,238.38869,-57.897762,338.16537,276.62482,44.783855,257.7808,278.79156,42.947598,355.68152,333.59378,28.945055,241.11298,336.33987,38.56565,355.56488,377.16385,-101.09793,242.6667,382.13226,-61.825455,355.42584,397.3274,-138.93808,243.647,402.1975,-93.536865,348.26395,393.2353,-161.22047,250.97269,399.61246,-115.64656,346.31436,386.36365,-112.73635,252.57457,393.00925,-72.974205,324.14386,393.8277,8.455833,275.41312,393.8124,-8.4358635,317.1694,490.44806,-21.744833,283.7736,487.44922,-41.2307,312.21558,580.18616,74.32,285.66165,581.5677,57.125767,308.17865,590.3802,77.500854,286.40417,593.4604,60.548405,316.3752,612.22687,-28.8003,287.93173,609.59033,-44.891483
tijera_down
IMG_20241017_114226.jpg,tijera_down,294.90115,228.89853,-94.544205,299.298,223.04526,-78.17392,302.69302,223.57797,-78.1957,305.12173,224.33366,-78.19107,290.11676,223.0855,-78.070465,287.2141,223.59547,-78.06878,284.5482,224.31195,-78.06865,311.46423,230.50818,6.6904416,280.47058,231.20622,5.553875,302.81235,237.81776,-63.818222,289.76624,238.14311,-64.04575,339.35184,276.98642,40.987644,259.0146,280.53546,42.625237,357.48743,332.93268,36.154427,242.35211,335.8643,54.418526,356.38065,376.80975,-87.4104,239.51045,382.86487,-33.868835,356.28983,397.3703,-123.00986,239.18391,402.48547,-63.10887,348.792,392.53915,-146.12968,245.84613,400.347,-87.59895,346.94974,385.39047,-99.21577,247.92595,394.31937,-45.876938,324.84015,393.6571,6.26654,275.9227,393.7508,-6.2456627,318.8831,490.04178,-26.191751,284.8637,486.59412,-40.354874,312.60178,580.6563,65.1034,286.1344,581.38745,56.335808,308.48984,590.7145,67.640656,287.17618,592.492,59.33702,317.62918,612.60693,-40.062023,286.617,607.3306,-45.758034
tijera_down
IMG_20241017_114721.jpg,tijera_down,288.9028,210.4476,-69.71194,292.68872,206.957,-50.310978,295.10358,207.93013,-50.32349,297.79922,208.92715,-50.300007,284.46536,205.75871,-51.11452,281.2155,206.05139,-51.11005,277.99286,206.49991,-51.10658,301.22894,217.26816,36.987476,271.02795,214.97011,32.64316,293.6575,221.03568,-39.22438,282.063,220.24026,-40.497257,325.8667,268.10278,41.51452,242.47713,265.35178,41.41703,334.30087,325.414,-48.606827,234.60822,322.77304,-37.335457,322.34302,366.17966,-203.04628,246.97234,364.92874,-170.92285,320.22278,384.5056,-245.54161,247.85945,383.62213,-208.44801,312.53558,379.505,-258.43185,256.8833,378.11243,-219.1401,310.18967,373.59482,-211.9164,258.6959,371.70206,-178.22975,307.94485,382.19977,0.0933113,261.02002,381.34674,-0.078602344,304.80875,466.7068,-27.907913,257.773,468.80182,-23.392195,308.56595,562.7048,52.27311,255.86119,562.45044,61.96775,299.96295,576.28375,53.621185,262.2305,575.95337,63.213177,318.18637,589.96857,-52.82496,244.74013,590.8466,-40.671494
tijera_down
IMG_20241017_114722.jpg,tijera_down,284.59235,211.05762,-40.938816,288.779,208.18321,-22.894033,291.506,208.97017,-22.909483,294.20502,209.8373,-22.892515,279.97018,207.48732,-22.470882,276.89307,207.91394,-22.469666,273.66748,208.56514,-22.48657,299.2672,218.59602,56.420208,267.7652,217.62695,57.838554,290.41278,220.7099,-13.365971,278.54987,220.25986,-12.940075,324.17667,267.0686,55.94955,242.03505,265.84793,61.95518,331.19775,324.9757,-20.07472,235.15923,324.00153,-2.2493343,316.8177,365.46152,-151.63548,249.83546,367.0074,-112.63726,314.10474,383.83096,-190.41878,250.79912,385.53833,-145.70573,305.80338,378.33707,-202.77701,259.09692,379.96698,-157.72029,303.7553,372.50104,-159.70924,260.68442,373.48868,-120.01811,306.14627,381.53833,-1.0970619,259.07153,380.45334,1.1002321,306.37534,465.01242,-52.893208,256.90662,466.7617,-34.75091,308.01355,564.7621,2.906599,257.6154,564.8452,28.516945,298.9387,579.54584,2.1515322,263.54932,579.00073,27.815506,321.04367,592.6688,-105.66774,246.73566,593.1227,-74.218254
tijera_down
IMG_20241017_114723.jpg,tijera_down,279.12985,210.08258,-69.23917,283.1503,205.14993,-51.095055,285.70273,205.59044,-51.12598,288.52048,206.21024,-51.117302,274.23358,205.08313,-51.80571,270.65582,205.52419,-51.79552,267.3404,206.16231,-51.807316,292.36993,213.42825,32.5684,261.36884,213.78288,28.906511,284.5344,220.29066,-39.46958,272.84467,220.54578,-40.476456,317.4708,263.1105,44.09102,235.8661,263.55383,40.997623,325.71274,319.8149,-16.578661,230.20209,323.1445,-12.588503,312.10904,362.77298,-150.32855,246.07848,366.27737,-124.5027,309.3175,381.67084,-190.62123,247.84265,385.39435,-158.8719,301.47864,375.7231,-205.79596,256.56027,379.10718,-171.62007,299.6464,369.83252,-159.57384,257.67093,372.3685,-131.75372,302.65405,380.42773,-1.412452,255.91821,380.26834,1.4793042,304.0192,467.35068,-47.03194,254.58377,469.2408,-29.889208,306.90536,565.07916,14.273962,257.1381,563.55664,38.572758,297.8734,579.35065,13.581407,264.27448,576.79315,38.255695,320.8675,593.8379,-93.22056,247.245,591.99524,-64.5223
tijera_down
IMG_20241017_115104.jpg,tijera_down,269.93524,236.87086,-248.79965,273.73782,229.86765,-234.20876,276.43387,230.15314,-234.21944,278.535,230.40056,-234.22154,264.52695,230.1885,-237.76283,261.01126,230.66377,-237.78719,258.16885,231.06744,-237.81068,282.5417,236.09628,-138.21793,253.83311,237.59375,-156.1163,275.7531,247.20975,-212.14839,264.57132,247.98364,-217.3561,307.17484,297.75568,-62.87168,229.91125,289.41174,-98.97313,317.4251,353.62506,-14.278599,217.50333,348.6122,-66.37339,324.4307,408.4326,-90.55882,204.48398,408.00348,-129.5265,329.7035,426.2942,-110.839066,200.6334,425.60287,-151.49783,324.6528,426.46194,-141.76483,205.7863,426.65115,-180.2347,321.22382,422.02438,-104.514366,208.66724,422.33267,-142.12613,283.64078,407.69876,14.265433,243.30621,404.50934,-14.333433,279.167,495.0581,-13.571924,246.70976,493.9098,-33.304237,269.37387,588.21857,67.83973,248.52248,586.94934,58.69544,265.31964,598.0747,69.09231,248.27982,597.60016,60.57927,279.96323,615.0138,-41.19632,252.8022,613.5444,-51.77419
tijera_down
IMG_20241017_115105.jpg,tijera_down,270.2666,235.63928,-237.51813,274.1903,229.04243,-221.62729,276.6123,229.45485,-221.64607,278.73148,229.77113,-221.64091,264.97238,229.42404,-224.26778,261.3693,230.01299,-224.29338,258.4786,230.70941,-224.34402,282.88834,236.0107,-123.418945,253.86269,237.60605,-136.86897,276.2501,246.12779,-200.68205,264.36823,247.03802,-204.64157,306.96524,299.32718,-50.249943,230.02264,289.55923,-80.83271,317.36627,355.3962,1.4038908,216.26805,346.1313,-42.99208,326.3232,409.0676,-76.32079,203.34383,401.60294,-107.818054,332.0254,426.41684,-96.68005,198.83508,419.43683,-129.94633,327.05066,427.03186,-128.3788,203.06409,419.83865,-162.41197,323.5935,422.22977,-90.56698,206.6006,414.53223,-122.13634,284.0437,410.07422,14.916946,243.15068,407.1011,-15.0020275,281.75983,498.4313,-0.15520705,246.65834,495.00922,-29.27442,271.16855,585.88043,109.416374,247.89256,585.1183,87.13427,266.49792,595.9979,113.148445,248.73712,595.9247,91.335365,279.13263,613.55927,-0.91868496,253.14655,612.327,-25.703733
tijera_down
IMG_20241017_115106.jpg,tijera_down,272.63797,236.56058,-234.10483,276.82568,229.9478,-219.2009,279.1397,230.39584,-219.20589,281.0782,230.79996,-219.20609,267.84412,230.05647,-222.26807,264.0762,230.51071,-222.29256,261.28955,231.08592,-222.31212,285.0698,236.4107,-121.692696,256.32346,237.56929,-137.56583,278.12958,246.52107,-196.87799,266.63644,246.88287,-201.5181,308.74857,296.762,-48.21885,232.77419,287.96158,-77.38936,319.6832,352.19275,-3.4412491,219.01466,345.29166,-41.695087,327.8714,406.81915,-85.657486,205.35979,403.5632,-106.74847,333.26675,425.19495,-107.95696,199.6533,420.95364,-129.20203,328.43613,425.30627,-138.86218,204.95775,421.62863,-160.06863,324.76062,420.6967,-99.91968,208.6718,416.88638,-120.35013,285.57895,405.64526,12.119154,244.67365,401.61313,-12.184988,280.671,492.7765,-17.325556,247.01775,491.8367,-33.921604,270.6629,587.3651,64.065895,247.60419,587.0538,59.86104,266.28232,597.79376,65.238884,248.65651,597.7691,61.775467,279.7401,613.7724,-50.598602,253.14769,612.2503,-54.069176
tijera_down
IMG_20241017_120129.jpg,tijera_down,245.96922,210.29645,-200.44266,250.913,204.15353,-183.61111,253.93454,204.64612,-183.63991,256.5073,205.11885,-183.66577,241.51955,203.91734,-185.826,238.36174,204.01755,-185.81854,235.56468,204.20198,-185.78107,260.2054,210.63525,-78.16128,230.52187,210.51741,-88.4463,251.99129,220.60675,-160.04779,239.42482,219.5982,-163.04532,284.4174,270.26868,-3.6797767,201.09436,266.63116,-21.856092,301.92566,330.989,14.278886,176.78908,324.84866,8.212054,329.21384,377.80182,-122.04745,145.81126,373.1348,-86.56193,339.6752,392.9543,-153.9859,135.65141,389.17758,-116.12298,338.06943,391.90372,-190.29153,137.618,389.1547,-150.59955,333.81216,386.5182,-140.42232,141.5327,384.70175,-103.0932,261.15097,391.0367,7.1492505,211.62122,388.09692,-7.1680675,262.34222,499.36148,-38.304085,196.51746,495.68356,-53.45124,258.28876,609.7743,29.364399,181.59274,612.48517,8.403495,250.61635,627.0366,27.851305,185.88614,627.0653,6.423656,262.50183,641.1359,-106.83374,175.6737,643.7054,-125.52437
tijera_down
IMG_20241017_120131.jpg,tijera_down,249.6776,204.04358,-234.13307,254.61069,197.29033,-217.1976,257.615,197.78479,-217.22118,260.07172,198.25671,-217.253,245.13179,196.83557,-219.59697,242.02882,196.84515,-219.58372,239.2824,197.03204,-219.52754,263.9622,204.57903,-107.9307,233.75569,204.00934,-118.39631,255.62303,214.38399,-192.09897,243.25322,213.1511,-195.1688,288.87805,264.8325,-26.807749,204.1675,261.96396,-43.574986,304.97867,327.41537,-11.149402,178.23691,321.62747,-10.304318,332.30164,374.61478,-159.09036,149.02853,369.79495,-106.11424,343.04062,389.63498,-193.2721,137.50082,387.00388,-136.35902,342.29294,388.3184,-230.44211,139.44913,387.42737,-171.34209,338.10254,383.1276,-178.28387,144.70296,382.79883,-122.97708,265.1454,386.50275,7.0611444,213.88976,383.44873,-7.073753,263.996,499.4854,-41.875343,197.8925,492.4942,-55.37759,257.03134,612.1141,31.758446,181.82216,611.94806,8.779279,249.48325,628.8672,30.299562,185.0182,626.6079,6.824524,263.9849,644.55554,-111.13374,172.8508,642.6184,-130.38448
tijera_down
IMG_20241017_120145.jpg,tijera_down,288.80618,242.01698,-266.58325,292.8905,238.33444,-254.78888,295.76508,238.7898,-254.79626,298.6754,239.34236,-254.81236,285.0204,238.89732,-253.9877,282.52048,239.64064,-254.02856,279.9831,240.5025,-254.03961,303.79584,246.90314,-163.2764,274.60812,249.68161,-159.35793,294.15637,251.0804,-230.37498,284.30197,251.10532,-229.41568,332.39673,300.41257,-87.74571,248.32181,301.25705,-79.553604,347.60638,363.24384,-30.6824,226.59877,362.0741,-25.096788,363.9563,420.3559,-90.330246,207.6851,417.6887,-88.486694,369.2634,435.8141,-105.31918,201.72876,435.45242,-107.61474,367.4066,438.12384,-139.24457,204.76706,436.09625,-142.75311,364.78085,432.1201,-105.11704,208.84158,430.17148,-104.121346,312.13635,422.35242,-6.477002,259.97583,420.74078,6.4054804,316.3515,521.94037,-43.210033,246.51958,520.5219,-28.213846,322.59433,621.3526,34.989254,236.89648,623.1,50.399597,317.31598,638.84375,34.532497,245.3085,643.2581,49.860245,336.80194,648.9428,-81.31011,204.2712,643.5579,-64.80277
tijera_down
IMG_20241017_120146.jpg,tijera_down,288.65366,242.45882,-281.30444,292.90707,238.37585,-270.1423,295.84616,238.90958,-270.15085,298.8117,239.51025,-270.17105,285.19296,238.7597,-268.9819,282.77225,239.432,-269.018,280.27872,240.19814,-269.0253,304.24512,246.8965,-178.50922,274.90192,248.75905,-172.31783,293.96475,251.80202,-244.56079,284.00104,251.61958,-242.99171,333.49817,299.94308,-99.15844,248.99652,300.07434,-89.18213,348.2158,364.73514,-40.80994,227.28568,361.6579,-33.04892,364.1978,422.90134,-101.89797,208.65135,417.18265,-99.19792,369.74036,438.74292,-116.831024,202.32228,434.1745,-118.4246,366.84625,440.34036,-151.20117,204.429,434.56152,-154.49461,363.58932,434.30548,-116.62622,208.40085,429.2663,-115.369194,311.0546,420.91986,-7.680342,259.74826,419.12662,7.6178484,315.25574,522.313,-53.994392,246.89806,518.73737,-36.99697,323.29788,622.0342,21.21877,236.5732,622.6071,33.074783,315.4456,639.7244,20.197363,243.92822,641.5055,31.461027,341.236,648.7642,-96.82493,202.17883,645.18396,-85.60238
tijera_down
IMG_20241017_120151.jpg,tijera_down,289.9784,241.50204,-293.79657,295.17722,237.4789,-281.44012,298.44196,237.9932,-281.4444,301.53592,238.45358,-281.46176,285.69528,237.625,-281.57904,282.72345,238.27338,-281.61447,279.81052,238.93564,-281.6086,306.85715,245.29657,-184.81992,274.85916,247.65073,-185.4507,296.23236,250.88629,-255.4612,284.65338,250.92888,-255.76779,335.3187,299.85214,-99.562645,250.33815,301.23068,-102.86809,350.35275,364.51147,-37.779915,228.43459,362.90002,-46.89892,368.25635,421.28836,-99.25782,209.62297,418.95898,-111.56065,374.46735,436.25955,-114.537224,204.14178,437.32953,-132.1736,372.6471,438.9351,-150.53197,205.61331,437.28687,-167.9284,369.6252,433.26535,-114.98649,209.14644,431.15158,-127.815254,314.15732,422.27182,-1.5424362,262.73608,420.9528,1.4921798,319.36075,523.0937,-44.525337,246.06514,520.80084,-35.679,323.06778,622.2685,32.302273,236.28041,623.99036,37.034893,316.7485,638.8108,31.401352,245.06772,644.0671,35.35589,341.98367,651.7483,-88.171524,201.98668,650.358,-84.32868
tijera_down
IMG_20241017_120206.jpg,tijera_down,271.36945,222.649,-115.79707,273.6848,218.99733,-97.49439,275.78027,219.57066,-97.50901,277.77805,220.21884,-97.52731,265.9986,218.81557,-100.55227,262.9987,219.52014,-100.55216,260.38968,220.20544,-100.550064,279.42886,226.0628,-1.6007699,253.73999,227.25452,-16.67601,275.60065,232.69534,-80.48004,265.19366,231.60124,-84.790215,310.07123,282.03568,47.213596,226.32095,279.33606,16.69931,322.50986,341.86163,59.550014,211.84119,342.7748,25.533358,325.739,400.282,-40.04023,215.84607,402.1759,-46.852432,326.02872,419.52377,-68.51594,215.91225,423.16403,-75.42761,320.67477,417.50177,-96.06612,222.74402,421.0934,-98.29399,318.81067,411.81412,-53.85399,225.1547,415.33832,-57.66115,293.50916,401.80322,7.891023,244.57977,404.49652,-7.8270035,289.9125,505.12466,-45.20698,242.09778,502.19983,-55.878723,287.14465,615.00275,24.651537,245.20714,612.2119,23.261158,279.3024,632.98883,24.371729,251.7453,628.2149,22.664034,309.50165,645.43536,-92.749435,233.23038,643.8447,-96.437126
tijera_down
IMG_20241017_120208.jpg,tijera_down,268.688,218.0502,-75.45752,272.89145,214.0119,-59.334023,276.24588,214.45528,-59.34141,278.4268,214.83124,-59.35259,264.3561,214.0736,-59.94912,260.98846,214.65817,-59.93487,258.2437,215.3236,-59.91731,283.1049,220.23167,27.259995,253.40263,221.20364,23.095001,275.00122,227.54568,-43.39691,263.0161,227.20518,-44.55177,312.8367,278.57028,63.734497,228.35841,274.20758,53.15816,324.7269,339.342,66.6364,211.25067,336.93808,66.73621,326.85312,398.1529,-25.576118,211.69186,390.99036,2.2905786,327.94797,418.4039,-54.01699,211.89746,412.48517,-22.690586,321.23282,416.70056,-76.96901,218.49214,410.00165,-45.57609,319.27887,411.11417,-37.17649,220.41086,403.05286,-8.261904,295.10797,400.03137,4.498306,244.71013,402.3329,-4.52643,293.11438,503.40533,-48.909443,240.34862,502.7411,-53.020367,289.55377,614.08575,6.069106,243.4803,611.1445,17.340025,280.0346,631.8709,4.881133,248.31763,626.41724,16.555021,306.34924,646.2602,-110.94769,235.00232,644.74084,-97.09531
tijera_down
IMG_20241017_120209.jpg,tijera_down,263.56,214.68372,-79.962585,268.23505,210.92647,-63.37832,271.46964,211.336,-63.377113,274.3535,211.86409,-63.37726,261.286,211.29167,-61.213066,259.16806,211.87634,-61.21206,257.0945,212.47711,-61.206455,281.44406,218.90164,21.159616,255.30112,219.67134,29.558804,269.10574,223.25116,-49.58001,259.53833,223.20744,-47.119846,313.56763,277.1363,52.590977,229.11508,272.1751,61.663048,326.13788,337.32346,45.3914,212.6178,333.2837,68.03763,330.8343,396.6906,-54.289627,212.51443,387.54675,-15.901902,331.91815,418.4049,-84.02428,211.1211,408.83685,-44.077423,324.0627,416.7242,-107.97861,217.31903,406.20438,-68.033775,322.03345,409.97925,-66.52759,219.87791,399.4564,-28.064672,299.0967,396.06757,-0.781714,247.68965,398.53625,0.75183165,295.2984,504.41736,-54.45571,241.33548,500.45438,-47.71049,286.73465,613.40283,8.23388,245.04076,612.1202,27.838934,278.52823,630.1434,7.3504915,250.52948,626.6627,26.940472,307.36972,646.7165,-112.570885,232.2349,645.47174,-88.61234
tijera_down
IMG_20241017_121241.jpg,tijera_down,309.70023,276.3001,-205.5974,313.43427,269.24048,-192.7164,316.3276,269.49,-192.72864,318.89484,269.81927,-192.75781,305.21875,269.40128,-191.33723,302.25613,269.8019,-191.35654,299.5187,270.48746,-191.28554,323.8974,274.42236,-99.758316,294.78714,275.53925,-93.74748,315.56082,285.30063,-169.25156,304.71832,285.4337,-167.62245,350.4102,318.57242,-40.820396,273.56577,318.7467,-13.899475,372.03967,371.04187,-27.163307,249.60193,372.97345,31.732468,388.69757,417.4192,-131.11198,229.5401,419.65814,-44.36053,393.34402,434.2915,-160.72777,222.69067,434.65848,-69.31021,388.68478,432.35184,-191.22705,224.87634,435.179,-101.59872,386.0615,426.18185,-145.81018,229.49788,429.7082,-59.85782,334.59042,435.75958,-8.516209,284.17368,435.61044,8.526971,352.50052,532.02295,-62.99598,268.59787,531.39764,-35.154224,377.04105,632.27875,3.8061678,242.8187,631.57837,32.79611,371.9696,647.8115,3.0809603,251.4207,647.53265,31.523851,399.17758,656.6152,-112.32783,212.81369,654.1171,-80.57938
tijera_down
IMG_20241017_121242.jpg,tijera_down,311.797,277.41827,-71.76448,314.62872,270.83884,-54.999577,317.17447,271.00323,-55.013466,319.2069,271.28497,-55.012524,306.40326,271.35065,-53.135994,303.28412,271.82828,-53.13135,300.14902,272.50635,-53.062595,323.63126,275.7308,31.371372,293.8343,277.05884,38.95104,317.52084,286.38754,-40.38635,306.5287,286.32126,-38.258434,348.10806,320.46646,48.658924,274.78864,323.28168,87.38595,368.3275,374.76923,19.331299,255.42401,378.7452,80.21905,355.65012,419.07758,-99.99802,253.78307,426.867,-35.14697,352.57663,437.73184,-139.27621,254.13625,445.26852,-69.64449,345.1432,433.697,-158.70323,261.1816,443.6999,-87.92223,343.91824,428.44138,-109.98749,263.48505,437.18433,-45.38307,334.51086,442.01102,-10.757219,286.2307,443.5876,10.802616,352.41013,535.9655,-48.277634,268.42056,533.1195,-32.92107,378.83936,634.0711,25.474224,243.74716,631.7288,48.209023,373.64163,648.31616,26.493042,250.65172,647.6781,49.200592,398.57925,656.9778,-79.14571,217.77101,653.83765,-55.302505
tijera_down
IMG_20241017_121243.jpg,tijera_down,310.35403,276.31894,-171.78964,313.54315,270.6187,-157.58382,316.36047,271.05817,-157.57664,319.0211,271.57184,-157.58554,305.81152,270.54883,-156.14641,302.9195,270.87234,-156.17044,300.34778,271.41953,-156.11351,323.7712,276.89386,-70.70737,295.76755,277.40506,-65.41352,316.12057,284.89352,-138.86601,305.5592,284.81155,-137.43874,350.8161,323.68802,-26.726059,275.11093,324.05914,1.8237801,370.098,375.89154,-13.328646,251.5917,378.36044,40.25429,381.31168,424.94327,-98.18573,236.44817,428.53726,-26.925488,384.11664,444.29575,-125.55348,228.9217,444.624,-50.67593,378.80344,441.45087,-152.85336,232.83339,445.50232,-78.25914,375.11362,434.18073,-111.03974,237.53407,440.29642,-40.143127,336.57343,437.5712,-8.166996,286.47446,437.88858,8.136293,351.21753,533.9332,-56.34588,269.80493,531.0973,-36.18529,378.64957,635.1446,10.624206,243.85803,632.37213,33.299564,373.64362,649.0449,10.50517,251.2055,649.0051,32.871063,398.241,657.59564,-99.25159,215.92766,653.73486,-74.788826
tijera_down
IMG_20241017_121933.jpg,tijera_down,314.4093,315.80377,-238.35278,319.11572,311.65332,-222.8311,321.42007,312.48856,-222.83945,323.85654,313.31302,-222.87401,310.90356,310.27786,-226.68459,307.8078,310.12582,-226.71037,304.80753,310.05258,-226.67683,327.54758,319.95163,-121.99985,300.03467,316.3481,-141.02339,319.03854,324.91864,-199.08224,307.93954,323.3158,-204.80286,347.46722,366.58334,-46.253853,271.30017,364.90836,-60.34635,359.75067,424.385,2.5866194,253.68687,425.81888,-9.674462,372.9374,471.82526,-75.165596,228.45465,473.6502,-73.964386,381.94336,486.3382,-95.78165,217.24275,485.6782,-94.9635,382.10413,486.6623,-126.67032,215.96313,486.73257,-129.43279,377.90445,482.446,-89.806046,220.84167,483.8138,-89.866295,332.18555,472.61734,6.0563555,282.6613,470.89386,-6.128851,348.1787,564.563,-58.19359,288.61203,566.8177,-69.03862,371.98462,666.2557,2.9461112,285.47974,666.7099,5.6670785,365.34668,681.3526,1.6183572,290.45673,679.06305,5.173029,387.58026,693.1561,-123.90592,277.09744,691.1865,-121.608246
tijera_down
IMG_20241017_121934.jpg,tijera_down,310.52402,319.4207,-264.71317,314.6331,315.36252,-250.36299,316.62973,316.0575,-250.35843,318.7416,316.71725,-250.37204,307.20306,314.293,-253.55014,304.34445,314.34512,-253.57703,301.4647,314.34183,-253.55923,322.73196,323.06076,-152.76868,296.98944,319.83685,-168.39561,314.89905,328.73126,-226.89172,304.5675,327.38138,-231.62636,344.23184,369.47327,-82.835335,269.41367,367.48587,-82.755,354.64072,426.17773,-36.09948,250.2511,427.1415,-33.585285,371.58572,473.8699,-116.68649,226.62721,476.61475,-99.362656,379.93808,487.4762,-136.5402,215.7801,487.5919,-119.68641,380.6933,487.9468,-168.72745,214.74707,488.772,-153.7208,376.77197,484.3706,-131.7513,219.61699,485.94055,-115.24117,330.1319,476.3645,-2.7939146,280.9709,476.94534,2.6617413,344.43976,564.92993,-54.10035,284.35535,573.54254,-45.437473,372.27463,668.6322,5.981507,285.27542,668.11383,33.110554,369.87555,681.3178,4.5598025,290.84787,681.0039,33.11842,382.86578,694.6094,-124.419174,275.44794,694.0874,-86.74683
tijera_down
IMG_20241017_121935.jpg,tijera_down,315.17944,317.80933,-284.11246,319.39413,313.9043,-270.27173,321.6392,314.58502,-270.26047,324.10208,315.2714,-270.27332,311.9718,313.10733,-272.8305,309.18958,313.19302,-272.8744,306.42935,313.33466,-272.87546,328.63297,322.3475,-171.37506,301.9646,320.4773,-183.78479,319.6655,327.31146,-245.45888,309.42883,326.066,-249.27518,351.62363,371.95172,-90.686,273.78415,365.0567,-94.65154,361.28876,424.92752,-34.846478,255.54518,423.97772,-39.49354,376.5757,470.54416,-114.141136,233.56898,464.48392,-109.461395,382.0977,482.78918,-133.55026,225.22723,478.07895,-130.61955,382.18295,482.33456,-165.52164,225.14116,477.8256,-164.6682,378.90283,478.61517,-128.87595,228.90555,473.8794,-125.06468,337.21378,475.76404,0.64884144,287.29077,475.29095,-0.777156,350.47827,565.8734,-52.4426,290.01767,571.78143,-56.979904,371.94028,666.34656,12.040968,284.82077,669.232,20.086285,367.74918,679.1281,10.476802,288.6375,681.06335,19.570778,386.01443,695.6245,-123.40092,276.33417,693.47437,-108.89414
tijera_down
IMG_20241017_122607.jpg,tijera_down,289.82034,324.8553,-285.8385,289.87396,322.1624,-271.01236,291.58417,322.34116,-271.03235,293.16544,322.63287,-271.0709,283.38416,323.03644,-272.69666,280.4309,323.9962,-272.73175,277.5461,325.13126,-272.7749,292.63763,329.27588,-177.07494,269.95172,333.04468,-182.56934,293.41437,331.81406,-249.87549,285.08997,332.7951,-251.76025,329.22256,381.8051,-112.46236,247.99968,385.09552,-107.37007,344.80524,443.69788,-64.421844,243.99112,448.1526,-61.377758,349.65448,501.27612,-122.64008,239.04655,502.2255,-125.21099,351.35147,521.6543,-141.10155,240.42671,520.32526,-147.37752,346.34128,523.1359,-171.65834,242.85146,524.08997,-181.75528,343.59332,514.76447,-135.40594,247.16106,516.76245,-140.55353,317.22318,500.8651,-8.507973,264.85608,500.65918,8.463238,330.9222,590.31055,-47.171436,250.13899,589.3557,-36.622253,345.252,691.92584,36.292347,247.45146,690.8736,59.41327,340.06387,706.9684,35.034096,254.52344,707.26654,60.009075,355.53217,715.9359,-92.97308,214.90431,712.5215,-58.989147
tijera_down
IMG_20241017_122607~2.jpg,tijera_down,308.07156,320.04984,-238.65907,310.90802,319.11032,-224.46692,313.1685,320.18738,-224.47784,315.23853,321.32123,-224.49051,303.58597,318.16058,-226.7465,300.7947,318.63074,-226.77843,298.223,319.28052,-226.78311,315.66214,328.72705,-132.27286,290.25366,327.2059,-141.85251,311.848,328.65234,-203.49811,301.2759,327.5455,-206.39204,339.13388,377.91498,-70.32189,261.1088,379.52307,-70.06364,360.3542,438.30365,-22.819351,243.72691,443.61893,-21.240135,379.94302,493.053,-96.464645,223.21118,499.14786,-90.763725,387.77322,507.7652,-115.40873,212.20465,516.08405,-111.30283,385.13776,508.68927,-150.2262,213.92065,516.5768,-150.22937,381.25034,503.57996,-111.681694,218.52916,512.2396,-108.16847,322.3326,502.13617,-3.603932,272.56787,501.8977,3.5517077,332.97443,596.7206,-34.46397,257.2988,597.6795,-26.535887,346.758,691.9075,50.047253,247.37155,692.8577,67.07259,339.5093,707.51776,50.18157,253.3063,708.3496,67.40244,365.05316,718.1912,-66.52996,218.1643,713.8623,-48.6047
tijera_down
IMG_20241017_122608.jpg,tijera_down,306.30988,317.5383,-249.12543,308.4934,314.2466,-235.9028,310.76053,314.8028,-235.91565,312.84796,315.30295,-235.92482,301.07507,313.93802,-235.09631,298.10706,314.3681,-235.12296,295.21246,314.84857,-235.12854,314.4973,321.8271,-144.62012,288.16788,322.61096,-139.81366,310.51282,325.63806,-213.97046,300.1485,325.64,-212.73657,345.62512,376.43582,-80.57225,263.09216,377.83966,-69.314674,359.15036,439.6206,-37.249104,249.11313,442.84988,-22.077868,364.4833,496.89206,-111.1375,235.7966,498.1085,-91.93304,362.9662,518.28705,-132.57027,231.15538,515.8613,-114.16826,360.48575,516.6395,-165.12589,234.91658,515.5752,-148.49593,359.11792,509.6496,-125.090576,238.08368,509.99402,-107.27577,324.57483,500.59393,-5.002257,272.0648,498.35907,4.9550185,333.09378,592.0146,-37.75207,263.0385,593.0187,-21.541515,346.46597,691.1899,48.560783,248.43375,691.4445,70.17094,338.57797,705.53534,48.635597,254.55357,707.65717,70.4905,365.92923,720.01953,-66.476364,216.32088,711.9628,-43.77639
tijera_down
IMG_20241017_122608~2.jpg,tijera_down,294.6346,319.0651,-220.97833,298.15555,315.4269,-209.46239,301.13626,315.6446,-209.4812,304.1509,316.00815,-209.49834,289.4051,316.34433,-206.07367,286.5082,317.31726,-206.0901,283.57983,318.5063,-206.10577,308.96594,322.71594,-127.88785,280.23984,326.17978,-111.0062,301.8148,326.67133,-189.51642,289.7947,327.94373,-184.79471,343.1566,374.23962,-72.99687,261.23007,379.2484,-46.75521,355.98444,440.0693,-38.58227,246.34918,444.28345,-2.3246298,356.78314,496.85126,-105.59031,235.56886,498.54947,-67.61933,357.72134,517.41956,-128.33492,231.63611,516.7268,-89.57368,351.503,515.7341,-157.86392,236.90718,516.1155,-122.77785,349.33127,508.94147,-118.334496,240.0934,510.256,-82.65282,324.27377,500.73608,-9.561418,270.5637,497.77975,9.549165,330.41016,592.367,-40.452637,263.03024,593.5866,-16.016512,345.8869,691.17957,45.58115,247.414,690.3045,76.43131,339.2203,708.23944,45.52919,254.35846,708.23883,77.460945,364.2471,719.00385,-68.53827,214.86858,712.7385,-33.324596
tijera_down
IMG_20241017_122621.jpg,tijera_down,308.51968,300.76294,-181.28418,311.90692,294.90787,-163.63466,313.99213,295.25293,-163.6846,316.09503,295.60327,-163.75063,304.31677,294.95834,-163.42996,301.46753,295.46786,-163.41084,298.47433,296.0084,-163.34132,316.90082,300.18158,-55.719826,291.28015,301.2453,-53.538815,311.00436,309.97763,-140.92767,301.85254,310.72342,-140.27826,346.66406,348.26212,-8.470502,261.33447,353.45917,28.577354,371.20114,397.289,-77.4148,232.76318,403.51614,14.893748,383.3488,425.85754,-306.2857,200.17044,431.66846,-163.83133,386.76126,432.14044,-358.5733,190.00601,445.30258,-205.38347,384.21625,427.0044,-386.0444,191.58669,445.11508,-236.42378,381.04977,424.88513,-323.57468,195.26561,441.54242,-181.98401,326.49976,464.54272,-12.313048,276.86505,463.37744,12.431221,330.52435,571.9464,-72.39743,267.4681,571.93585,-35.545853,324.9026,680.2066,-9.219807,264.7416,683.8007,25.720978,315.53632,695.6134,-11.095341,272.5949,698.7243,23.051064,332.73547,715.049,-151.66478,250.70659,715.49945,-106.88526
tijera_down
IMG_20241017_122621~2.jpg,tijera_down,307.98502,317.93054,-357.8099,312.30878,312.31335,-344.22122,314.72348,312.72217,-344.2268,316.4984,313.0332,-344.2458,303.49673,311.6121,-345.75388,299.76437,311.60983,-345.77805,296.96536,311.6865,-345.77322,319.36816,317.54413,-233.28185,291.7693,316.13263,-241.57861,312.56882,327.3775,-313.59216,301.33102,327.13943,-316.05487,343.33136,367.03098,-140.73795,264.05112,366.27155,-132.56766,362.2188,429.5814,-77.93178,240.49475,429.59814,-68.6758,376.31128,485.98166,-178.99266,219.25565,482.37018,-153.7111,377.43176,505.9794,-205.36862,212.1657,498.71497,-176.95601,375.6488,505.51013,-245.17332,213.97195,498.5567,-218.04807,374.60245,499.74112,-195.98503,216.68579,494.36,-171.62837,326.45734,489.8809,-5.002529,279.6641,488.58984,4.9531093,321.24634,590.08887,-18.347256,279.2573,591.35565,-4.4820867,306.32385,689.14685,82.20136,280.57825,693.78235,92.0247,303.335,703.0714,83.29393,286.05472,708.25385,92.44322,313.30844,715.7039,-44.634705,264.78375,721.2775,-35.258865
tijera_down
IMG_20241017_122622.jpg,tijera_down,298.52142,312.59555,-144.82909,303.10315,306.7669,-127.58938,305.91266,307.20673,-127.61072,308.5767,307.7003,-127.622986,294.42978,306.50452,-129.17052,291.44693,306.6293,-129.16292,288.76947,306.71448,-129.1578,312.15762,313.44305,-31.512018,283.82886,312.9768,-39.42944,304.06033,321.2917,-108.95033,292.43634,320.51044,-111.26556,338.1517,364.1304,13.772523,258.12823,364.2878,12.753249,351.2302,427.8494,12.612649,251.4161,431.5705,27.892334,350.73328,480.9171,-111.98144,244.3719,486.8988,-64.121025,353.1316,502.35037,-146.8156,243.22552,504.8277,-95.00008,348.309,500.16724,-175.17375,247.83763,503.1682,-124.02561,345.40637,492.90604,-126.42994,249.98137,498.0249,-77.97907,325.64514,487.97818,-2.37283,276.32385,488.7278,2.3930445,317.20508,589.06433,-25.79397,274.99744,589.63556,-22.883244,306.87805,685.2206,75.86644,280.59808,690.2199,79.04367,303.3036,697.4423,78.33596,285.39447,703.34485,80.70357,314.1521,714.5762,-41.425682,268.40268,718.36633,-38.644394
tijera_down
IMG_20241017_122623.jpg,tijera_down,297.42593,308.7879,-283.0851,301.97385,304.01273,-267.16486,304.63568,304.667,-267.16714,307.26016,305.35883,-267.1907,294.13745,303.37015,-268.54056,291.4771,303.49615,-268.5511,288.95627,303.51202,-268.52127,311.1342,312.0164,-159.40472,283.9403,310.73083,-166.1019,302.67786,318.12878,-241.67574,291.93756,317.0489,-243.67651,335.02032,362.31827,-82.315895,255.89249,362.06836,-76.671135,353.6492,423.30832,-45.685078,237.39815,425.08536,-26.972904,372.00854,477.66367,-161.5419,222.31696,475.3885,-110.99828,376.70813,494.63702,-191.74652,215.87892,492.4512,-137.74861,375.44794,495.17975,-229.7449,220.68596,492.06442,-173.2307,373.14694,489.58148,-179.48969,224.68384,487.10886,-127.41786,321.71567,481.5557,-3.0861776,272.83514,480.7803,3.0831664,318.0795,584.77057,-30.199512,274.47543,584.18414,-20.713884,309.65582,682.74,78.94381,278.7725,691.3549,74.912056,304.32635,695.1609,81.46203,284.19125,705.45844,75.25142,315.27396,715.5595,-51.621765,266.6554,718.5372,-58.29334
tijera_down
IMG_20241017_122647.jpg,tijera_down,294.9562,346.31558,-140.17683,297.1824,339.37506,-126.716705,298.89142,339.4598,-126.73011,300.85983,339.6624,-126.76863,290.53467,339.63284,-128.44046,287.49655,339.969,-128.43474,284.42276,340.3616,-128.41023,302.4749,344.52963,-38.27227,277.9315,345.27405,-46.007,297.75528,355.15387,-105.2751,289.03665,354.83575,-107.65715,325.681,389.37646,19.086327,256.38373,388.88608,14.524155,338.09433,439.43457,48.340763,240.96812,442.10602,49.83772,349.45865,486.4256,-30.596832,226.38564,491.42938,-12.58062,354.62457,502.64288,-52.592693,219.68712,505.93033,-33.744884,352.60928,501.5473,-80.74681,222.0358,505.9705,-63.99609,349.61386,496.1631,-44.268085,226.08087,501.89658,-26.520971,314.87436,496.43015,-2.4556992,268.8563,495.83698,2.4936686,325.59863,586.7264,-68.191765,255.4918,586.9425,-45.487186,336.3244,688.2576,-21.502283,247.2531,687.3811,2.7375796,328.01382,703.6511,-23.91683,253.8046,702.681,-0.2193515,358.7583,714.3527,-136.07552,221.46375,714.61304,-108.4867
tijera_down
IMG_20241017_122648.jpg,tijera_down,298.35806,345.70795,-156.53674,300.14108,339.20416,-143.33011,301.77917,339.27032,-143.34227,303.6056,339.44955,-143.37354,293.57648,339.39877,-144.5457,290.49142,339.61752,-144.56032,287.44626,339.8527,-144.5535,304.57175,343.77203,-52.11748,280.8293,344.24597,-57.563194,301.0341,354.08286,-120.63564,292.48035,353.5569,-122.32714,328.1908,388.06277,10.211831,258.79446,387.69962,5.8644204,339.54373,440.16895,39.389053,242.27643,441.47205,43.182625,351.4092,485.81534,-46.95776,227.60074,493.65405,-24.38066,356.3068,502.95752,-70.2249,221.07283,508.45618,-47.197933,354.61563,502.60892,-100.376114,222.50153,508.60062,-79.51066,351.63727,497.3711,-61.48406,226.37616,504.27576,-39.20713,314.9826,497.72388,-1.1186444,270.56326,498.3358,1.1207299,327.76038,592.52277,-54.41864,256.45163,591.5415,-41.42378,336.32742,689.53284,1.0175892,247.0461,686.78485,20.485863,328.156,704.82697,-0.7446008,252.36482,701.94214,18.513916,358.57944,713.9651,-116.66556,222.66019,713.65454,-94.30767
tijera_down
IMG_20241017_122648~2.jpg,tijera_down,296.37616,342.70163,-290.42593,299.17633,335.552,-277.25064,300.7932,335.6632,-277.2807,302.54794,335.88806,-277.3318,292.1512,335.20117,-279.1684,289.17368,335.17636,-279.2107,286.2732,335.24432,-279.1922,304.77567,339.678,-174.22627,279.4211,339.5685,-182.11206,299.29108,351.04114,-249.88506,289.75436,350.44226,-252.0944,328.38406,383.61954,-89.27603,255.02324,381.04715,-91.28929,362.9613,420.65607,-84.33041,221.59372,426.7067,-65.13201,402.74478,445.97717,-236.13641,181.23863,461.75717,-159.9906,417.54822,455.61835,-266.95886,167.6214,470.57037,-183.60902,418.0734,453.99933,-303.24927,166.02824,470.61682,-222.08842,412.50162,450.6702,-255.08415,172.17453,468.08005,-178.27432,314.05795,491.28543,-2.8950222,267.0679,490.57092,2.9290903,327.48392,583.104,-80.205505,250.40605,580.88306,-71.8095,334.9284,681.5767,-27.861107,246.68854,680.9963,-14.338596,327.0718,694.8918,-30.524694,255.51016,696.4725,-16.976902,357.22717,714.7505,-157.25784,224.82306,714.1548,-137.02333
tijera_down
IMG_20241017_122650.jpg,tijera_down,293.35718,345.07318,-136.80092,295.47516,338.64966,-122.9726,297.0923,338.75607,-122.99923,299.00616,338.98993,-123.02248,288.4454,338.68066,-124.83966,285.31802,338.95035,-124.82878,281.9013,339.47504,-124.816025,299.99405,343.37024,-35.6579,275.5402,344.31522,-43.71404,295.8751,353.8358,-102.97062,286.93057,353.65695,-105.32654,323.97488,390.18597,16.914932,253.51791,390.6084,12.316826,334.6199,443.0633,31.251308,240.63596,446.12384,44.133953,344.70477,487.92038,-78.31947,225.41856,496.11487,-25.613573,347.509,503.40067,-107.467575,217.29669,511.49887,-49.672337,345.05038,502.2127,-134.1597,220.72025,511.68393,-80.095566,342.76984,496.6617,-92.02974,224.7017,507.89117,-39.419975,308.80176,499.2657,-2.5249717,265.21365,500.43582,2.5519314,308.4332,594.1685,-39.043415,265.9003,595.0953,-26.79774,299.2568,686.3837,30.152687,270.67993,687.75995,49.86019,292.77225,698.7063,30.108393,275.72736,699.127,50.295307,309.12872,714.5709,-84.40612,257.62125,716.3067,-58.276287
tijera_down
IMG_20241017_122651.jpg,tijera_down,289.71463,349.80038,-186.54172,293.71204,342.25323,-174.69183,296.19363,342.2491,-174.71796,298.20792,342.26428,-174.74164,285.15582,342.90475,-175.68529,282.19647,343.11008,-175.67598,279.53345,343.2198,-175.66397,301.29312,346.24863,-84.84711,274.77432,347.39432,-88.822586,294.497,357.95886,-150.765,284.37244,358.07513,-151.94138,324.25043,390.75122,-16.39785,254.57036,391.05435,-17.715569,335.98373,442.78735,17.381292,238.1253,444.1279,22.636156,347.71332,488.60303,-83.137695,221.49915,492.6729,-51.990696,350.91776,503.46756,-109.24372,213.81693,507.53192,-74.89876,349.63287,503.14355,-139.02055,217.41443,507.6461,-106.636566,347.75082,497.9899,-97.7001,221.7465,503.93387,-66.36967,308.95224,499.71155,-3.0588112,265.68304,500.5845,3.0914097,308.85663,593.726,-43.109524,266.246,593.269,-27.410248,300.55322,685.6863,23.847256,270.53046,686.76465,40.36025,294.1154,697.7649,23.335083,275.0749,698.27655,39.781353,306.4532,715.6194,-93.91297,260.4706,716.4315,-72.19786
tijera_down
IMG_20241017_122652.jpg,tijera_down,292.66544,347.29346,-138.28484,295.87946,341.10507,-125.70929,297.68658,341.22473,-125.73948,299.72708,341.45895,-125.76673,288.13086,341.01358,-127.20736,284.84283,341.22186,-127.19405,281.72968,341.59216,-127.18159,302.122,345.60324,-37.73617,276.41562,345.66403,-44.633312,296.28113,355.87714,-103.47036,286.57855,355.88495,-105.49878,324.34518,390.1866,19.296011,255.35777,389.38892,17.817532,334.9099,443.1008,45.049477,239.82115,443.7448,52.962925,345.06876,490.1029,-51.95591,225.36032,492.3978,-19.09003,348.7577,506.5284,-78.78472,218.04938,508.11642,-42.335144,346.23505,505.07077,-106.42896,221.42027,508.25357,-73.14866,343.40335,499.51,-65.526855,225.73354,503.44867,-33.154156,308.9719,498.2511,-3.774958,266.14767,498.9113,3.8023713,305.5281,593.23737,-45.115673,265.223,592.9164,-31.93681,300.0204,689.1134,9.534477,269.61908,688.38617,32.39474,294.1448,700.9562,8.080103,274.2363,699.7402,31.63651,304.28467,715.18945,-108.12477,258.14334,716.5578,-77.38064
tijera_down
IMG_20241017_122706.jpg,tijera_down,292.5558,372.2558,-250.02635,295.70383,364.29688,-238.13403,297.99023,364.01624,-238.19844,300.1204,363.7877,-238.27287,287.49667,365.2791,-237.5824,284.3544,365.70245,-237.60835,281.62253,366.15134,-237.58975,302.2243,365.6577,-143.23364,276.70676,369.15607,-138.25682,296.56335,379.22858,-212.23222,286.98184,379.98776,-210.69917,331.76794,408.27295,-71.88389,253.05536,411.83847,-50.270374,364.42517,448.91824,-59.565033,215.70155,455.40384,-27.428593,411.92697,472.0293,-163.63301,167.12045,487.1265,-120.94532,428.25436,479.4494,-188.39136,150.49431,495.53732,-141.93987,428.96014,478.79205,-224.77081,149.4926,494.56863,-182.25198,422.61407,477.08704,-182.15121,156.28305,492.92883,-140.66273,314.5942,523.13025,-11.357706,267.73978,524.793,11.510527,324.8599,610.7152,-75.82452,249.6446,613.2986,-60.305817,331.37332,703.29047,-9.155763,229.9694,705.4143,5.955589,326.18347,717.46796,-10.081693,234.80269,720.57263,4.1797943,342.05643,723.85706,-127.21414,205.11253,726.12354,-112.73896
tijera_down
IMG_20241017_122706~2.jpg,tijera_down,292.29593,371.79327,-271.81357,295.5612,363.8896,-261.23898,297.74234,363.73306,-261.28778,299.72528,363.63312,-261.32877,287.92535,364.48294,-260.31247,284.85184,364.6861,-260.35364,282.11127,364.90912,-260.35602,301.7064,365.8971,-167.82101,277.08582,367.99268,-161.83601,296.20883,378.6791,-234.37663,286.92603,378.7887,-232.53252,329.8705,406.069,-93.65252,254.06248,411.67093,-69.02952,361.72064,450.4943,-90.81005,214.96626,456.43524,-42.269524,407.22986,478.97058,-223.98752,168.00299,487.92657,-135.138,423.93222,490.70697,-250.70468,151.9423,495.9565,-155.30005,422.63263,489.60266,-288.4957,150.507,495.0142,-194.67694,417.12592,486.1951,-242.84715,156.92978,493.40463,-153.89696,314.13712,521.5364,-9.699914,268.06665,523.2123,9.7724085,324.65808,611.4094,-54.33419,247.50513,614.39746,-36.46987,332.908,702.99384,17.510458,231.61032,704.2782,34.30992,325.9454,719.338,16.788712,236.47227,720.2605,32.992756,345.57016,724.8478,-101.20089,203.81041,724.72437,-82.561386
tijera_down
IMG_20241017_122707.jpg,tijera_down,295.6524,364.928,-202.38223,298.5238,358.40225,-187.57588,300.41318,358.524,-187.62683,302.1225,358.68076,-187.69461,291.3178,358.07187,-187.67766,288.44846,358.00452,-187.68987,285.88968,358.03574,-187.66939,301.29352,361.612,-94.14943,280.19025,361.9117,-92.35326,297.68195,372.75204,-166.75066,288.40213,371.6276,-166.24718,330.31512,405.7624,-39.258522,256.65265,409.29236,-15.207768,362.2433,452.05148,-19.178017,224.17953,458.64243,14.539135,405.2386,488.01413,-112.9241,181.36128,495.6976,-71.8939,419.4301,499.97864,-135.178,167.3992,506.2613,-93.6668,419.63675,500.25778,-171.65442,166.63638,505.11798,-132.66777,415.06964,496.7688,-131.10011,172.30328,502.78406,-91.32784,312.52094,520.926,-13.854675,267.62445,521.0942,13.949699,323.7189,613.95276,-63.161583,246.81029,612.20825,-36.248615,330.73276,702.82855,10.911829,229.76,704.82794,27.43425,324.9444,718.0667,10.707587,235.12566,719.6754,25.233164,345.16043,724.96436,-105.14098,201.8839,724.5548,-87.71695
tijera_down
IMG_20241017_122707~2.jpg,tijera_down,296.75845,367.15463,-243.72687,299.69833,360.59848,-231.41202,301.6771,360.74585,-231.45882,303.48932,360.97504,-231.51897,291.8717,360.56207,-231.30347,288.5871,360.72617,-231.3227,285.61694,360.98105,-231.31601,303.78088,363.3783,-136.0669,279.6558,364.04807,-133.73738,299.64923,374.42047,-205.97813,289.73312,374.2869,-205.32703,330.7551,405.11545,-63.622684,255.91782,408.59467,-47.109035,359.26047,454.24338,-30.207188,223.91985,460.46152,-10.374642,405.15906,488.71814,-127.14544,183.24236,497.13992,-102.10341,420.6498,502.17706,-148.56497,169.14578,508.72168,-124.40211,420.95233,501.6421,-187.51282,168.36598,507.4651,-164.55484,416.24258,497.88693,-145.77257,173.72754,504.44394,-121.49917,313.36703,523.6634,-8.492465,267.57977,524.33435,8.542769,323.5414,613.8054,-48.657707,247.55263,614.2623,-41.36211,331.07877,704.7221,24.451529,228.89383,704.26996,29.010214,326.536,718.5298,24.16658,233.3838,718.4478,27.750336,343.4598,725.73566,-94.626755,205.48222,726.5033,-89.56215
tijera_down
IMG_20241017_122708.jpg,tijera_down,295.61154,365.97067,-216.73238,298.84558,359.54794,-203.31273,300.86343,359.8348,-203.36502,302.75797,360.1805,-203.4281,291.31467,359.12347,-204.3865,288.1399,359.2216,-204.4044,285.17975,359.48196,-204.39714,303.4523,363.50546,-109.36657,278.81635,363.75922,-112.907364,298.45963,374.23944,-180.07549,288.71317,373.34326,-181.10548,329.18286,405.3475,-46.92171,255.13513,409.4558,-33.811394,360.12152,454.9202,-20.246052,223.2091,460.4805,-2.9810028,401.01813,492.69452,-113.019394,184.46843,501.41812,-89.63441,414.7243,505.86835,-134.11723,171.0542,512.1235,-111.631065,414.45697,506.84247,-171.57544,170.13591,511.34576,-150.4334,409.96796,502.97333,-130.92871,175.65465,508.56885,-108.341705,312.18353,522.7847,-8.099231,265.94922,523.45886,8.177336,323.5389,614.08966,-48.999577,245.96933,613.2811,-32.69556,331.05283,704.80695,25.994896,228.78726,707.44183,34.84253,325.9271,720.0643,26.136982,233.13554,720.56525,33.112156,345.97696,726.4621,-84.346085,201.21269,726.3295,-78.43699
tijera_down
IMG_20241017_122721.jpg,tijera_down,291.5866,340.84406,-230.35413,293.5101,333.984,-216.59792,295.47473,333.87622,-216.61087,297.0693,333.8642,-216.64876,285.62854,334.88934,-218.18095,282.3069,335.63586,-218.1996,279.11484,336.4695,-218.1503,298.66373,337.69214,-121.80098,272.72604,341.5988,-128.20943,295.01868,349.58612,-193.259,285.4411,350.17902,-195.17949,326.134,384.15152,-53.966614,249.48376,394.60358,-52.49901,340.51852,442.02185,-28.099136,229.55399,454.6141,-9.980106,358.37918,493.10797,-121.46837,211.86153,506.9713,-73.20353,364.55127,507.76358,-146.377,203.82156,524.09656,-95.2061,364.4276,509.3309,-177.93059,208.27061,524.07715,-126.165016,360.81784,503.6573,-136.9001,212.57726,519.5211,-87.27629,309.49442,504.71393,-2.9095745,260.1147,505.5436,2.903544,324.3345,602.8258,-57.52458,242.69107,600.83765,-38.661182,346.77405,698.67346,8.924969,219.6643,701.0724,23.187017,340.91895,713.8323,7.6892757,228.48175,718.7758,20.882195,364.27383,729.3809,-109.30918,184.7264,727.6255,-95.458984
tijera_down
IMG_20241017_122721~2.jpg,tijera_down,288.61212,339.7878,-239.96288,292.32697,334.6314,-227.11136,295.04633,334.9655,-227.11775,297.10446,335.4293,-227.15126,284.38596,334.63934,-228.0265,281.14343,335.05954,-228.03903,278.32034,335.64853,-227.99754,300.17923,340.64102,-132.78542,273.34314,342.10464,-136.22142,293.5245,349.11746,-202.74506,282.77835,348.9244,-203.84084,324.16757,385.31808,-60.46017,250.38394,394.6406,-57.080124,340.09048,439.59012,-29.617155,229.62811,454.5661,-10.374364,354.3775,489.06693,-124.002235,210.74422,505.88885,-75.0183,361.13385,504.28806,-148.79657,203.25787,523.92816,-96.85171,359.8445,505.75436,-180.73082,206.34149,523.871,-128.64174,356.29926,500.40012,-139.26816,210.98445,518.85333,-89.20825,309.47134,503.77536,-2.9402468,260.19736,505.69638,2.9066677,323.142,603.15436,-53.73785,240.97316,602.6587,-35.581047,346.02356,698.38727,9.370776,219.92711,702.2322,24.75188,340.03772,713.3058,7.741577,228.66484,719.12994,22.491383,362.93103,729.50745,-113.65893,188.50969,730.19556,-96.26594
tijera_down
IMG_20241017_122721~3.jpg,tijera_down,286.9379,338.6529,-249.85468,290.6443,334.05045,-236.27411,293.3946,334.33777,-236.28296,295.5671,334.54822,-236.30444,282.52078,334.04636,-237.32286,279.3766,334.38934,-237.33998,276.60925,334.8332,-237.29327,298.8049,339.38132,-139.80322,271.9203,340.39825,-143.76714,291.67075,347.91843,-212.16524,280.51312,347.9949,-213.39291,324.135,383.51703,-68.36904,249.48434,394.5193,-62.183823,340.73596,440.62015,-40.670803,229.49333,454.37555,-14.589494,358.1485,489.73965,-144.13094,210.28236,505.9145,-83.98534,365.1618,503.9306,-170.68788,202.81883,523.5945,-107.047325,364.56967,504.70428,-203.92671,206.27391,523.54474,-139.74677,360.92822,499.73627,-160.236,210.71594,518.60077,-98.7507,310.16318,504.89917,-4.0777574,260.9541,506.6719,4.039034,324.47025,603.69226,-49.269314,241.58072,602.44165,-29.353315,347.20328,697.93024,20.798891,219.39429,699.9105,38.156586,341.38705,712.69885,19.469187,228.43176,716.4618,36.24847,363.73715,730.1832,-103.34359,185.85437,727.4828,-82.09662
tijera_down
IMG_20241017_122722.jpg,tijera_down,286.76108,342.39987,-242.26186,289.5362,335.8678,-229.27231,291.47565,335.87003,-229.2863,293.45508,335.99866,-229.31575,281.51117,336.58456,-230.57085,278.14142,337.2218,-230.60258,274.9978,337.95508,-230.56308,296.44293,340.27594,-132.76971,269.56192,343.41852,-138.06407,290.77914,350.8739,-203.97987,280.76477,351.5471,-205.64151,323.11752,383.83984,-64.573814,247.87337,395.15628,-52.718464,340.01846,439.5763,-43.130833,228.5279,455.0755,-3.3013115,357.33142,487.39304,-148.49261,209.14754,506.11252,-68.4426,363.79602,501.2723,-175.21986,202.27286,522.53064,-90.29168,363.92947,502.00052,-207.151,204.8684,522.7296,-123.48003,360.55716,497.2867,-164.14594,209.17638,518.0392,-83.378654,309.81116,503.5883,-8.095241,261.20093,505.25235,8.069114,324.2706,601.5474,-59.008224,241.45184,603.0647,-28.282108,348.11966,700.0544,7.272545,217.87027,699.2633,37.792088,342.30957,715.05786,5.939991,226.688,715.796,36.144005,364.4895,730.3691,-115.85087,187.83441,728.3812,-80.246315
tijera_down
IMG_20241017_122722~2.jpg,tijera_down,286.94904,342.44418,-246.89746,289.26617,335.63406,-233.29294,290.99106,335.609,-233.30522,292.78387,335.72992,-233.3439,281.62326,336.65366,-235.1943,278.32175,337.3453,-235.2313,275.1667,338.0388,-235.19096,295.2375,340.10928,-135.1076,269.52274,343.19287,-143.1085,290.55453,350.93338,-208.10092,280.99594,351.39575,-210.54652,322.34488,384.4424,-65.07041,247.39186,394.58762,-56.379128,338.6723,439.88318,-38.89756,226.75409,454.33618,-7.326619,355.57755,488.29776,-137.72137,206.06693,505.90344,-71.45186,361.51596,502.6649,-163.05667,199.17114,521.48944,-92.74699,361.4323,503.58414,-195.03926,201.31465,522.0503,-125.59193,358.23975,498.88324,-153.24167,205.57767,517.7254,-86.203476,309.10428,504.48657,-7.014982,260.58487,505.122,6.9865966,323.36963,600.6506,-64.44677,242.22472,601.92633,-34.687794,347.85275,699.24567,0.04713033,217.56575,701.2493,26.163013,342.38925,714.16534,-1.3288625,226.39539,719.0135,23.936024,363.39984,728.6421,-122.476166,185.40358,728.4499,-93.41687
tijera_down
IMG_20241017_122723.jpg,tijera_down,286.9906,341.74893,-235.48628,289.79285,336.03387,-222.01921,291.77066,336.14673,-222.026,293.5349,336.24017,-222.04614,281.93503,336.23737,-223.38097,278.5585,336.57553,-223.40384,275.41492,337.07275,-223.36185,295.66934,340.7758,-126.3007,269.61243,342.1746,-131.77605,290.74973,350.66382,-197.95721,280.35248,350.95483,-199.66525,321.62003,385.6274,-56.900364,247.99211,394.66675,-52.574207,338.44742,441.1588,-28.310272,228.24715,454.06122,-6.273762,356.02002,488.9345,-128.27856,209.78166,505.6881,-74.06071,364.29645,504.3731,-154.19771,201.81895,524.05084,-96.84364,363.93942,505.41364,-186.93103,205.22652,524.0922,-129.7103,359.62546,499.66797,-144.11958,209.88007,519.39124,-88.83123,309.0968,505.56412,-4.0469985,260.42114,507.0399,4.012433,323.77332,602.8735,-46.111282,242.38222,602.3901,-31.61919,348.14575,697.9392,23.891243,218.20311,699.7876,37.72921,342.92178,711.7661,22.825045,226.73637,715.9245,36.286335,362.35342,729.41364,-100.23531,188.03197,726.9906,-82.6082
tijera_down
IMG_20241017_125948_DRO (1).jpg,tijera_down,322.1657,84.591415,-410.84952,328.02292,75.22516,-390.8399,331.69797,75.40383,-390.83194,335.04242,75.54457,-390.86316,315.68686,75.684525,-394.39127,311.48132,76.01848,-394.43686,307.56558,76.21651,-394.3782,339.95297,82.26738,-254.655,300.708,83.77104,-275.18445,330.1442,96.64881,-359.25006,313.78403,96.719955,-365.0741,372.53345,151.91356,-144.55347,267.38782,154.97531,-176.12155,396.04065,232.99277,-76.655815,244.02997,234.80682,-118.93593,439.19934,294.88376,-183.7248,215.36041,297.08566,-205.28181,453.6544,317.09427,-213.88469,204.3357,320.12857,-234.94608,452.12918,318.03,-261.93506,206.80629,318.51843,-280.68515,447.28354,311.46237,-205.91226,211.32793,312.34473,-226.3139,357.9501,302.3547,19.863901,293.8773,305.38733,-19.965832,370.83804,428.10947,-14.360559,289.04153,430.36734,-45.778053,377.74884,550.97363,86.38867,277.91818,548.2209,80.425934,364.8387,570.25757,86.27058,283.88626,563.8105,82.58233,407.9259,578.9497,-62.550953,269.06155,586.1642,-69.17497
tijera_down
IMG_20241017_125948_DRO.jpg,tijera_down,322.23148,79.635765,-289.3054,327.4886,70.033005,-270.06363,331.28925,70.11509,-270.06854,334.3108,70.57769,-270.0825,314.85303,70.75882,-272.4664,310.4414,71.52663,-272.4884,306.3866,72.39287,-272.43274,339.29065,77.53358,-151.62326,299.65085,79.221344,-166.66956,330.4519,92.36836,-244.92491,313.57263,92.719696,-249.13164,373.08817,152.63673,-71.577644,266.58868,147.10995,-102.329796,397.4856,230.83348,-25.967543,237.22029,226.97272,-71.57446,444.48972,292.38492,-120.85401,204.90408,286.8122,-152.98566,458.7568,314.25223,-148.47026,190.65578,309.28067,-179.3129,456.89227,314.65002,-189.48958,193.1722,307.8934,-221.73085,452.30112,307.2054,-140.40244,199.02242,301.24963,-173.00294,357.93182,306.2337,19.376442,293.88522,308.4236,-19.475225,373.01837,432.30432,-21.602034,288.4076,433.06165,-55.47144,377.277,553.1602,60.82052,277.39456,552.4775,50.630096,364.66705,571.9422,59.87746,282.53043,565.8893,51.434162,411.7315,581.0766,-73.94225,273.82306,589.8587,-87.7248
tijera_down
IMG_20241017_125950_DRO.jpg,tijera_down,326.5172,97.615364,-345.22546,331.522,89.06193,-325.07373,334.42258,89.37178,-325.07025,337.378,89.44416,-325.0946,319.8855,88.86481,-330.1402,315.5019,88.781,-330.17752,311.55576,88.74619,-330.1227,341.68585,96.042564,-196.42305,303.23663,95.773384,-224.13661,332.87817,109.30205,-296.6228,317.71832,108.91376,-304.5572,372.54453,164.24286,-102.925674,268.60104,163.31207,-139.47385,395.50015,241.05501,-54.823685,245.65698,239.04004,-90.053925,437.30396,299.54065,-170.59357,222.38992,298.99222,-166.63676,451.07947,321.19006,-202.17923,210.7707,321.0831,-193.14944,449.36908,321.04456,-244.45909,213.37195,320.1443,-236.96313,444.55267,314.70767,-190.80997,218.58774,314.28467,-186.2739,357.7387,311.37167,21.58524,294.75296,312.77985,-21.689194,373.4613,433.98834,-23.28167,293.38583,432.70618,-45.958164,377.74622,554.1217,62.71048,281.449,549.72174,76.83853,366.9086,576.3736,61.765774,286.0472,563.6416,79.084335,413.3003,579.6274,-78.863464,272.8802,584.2328,-64.38148
tijera_down
IMG_20241017_125951_DRO (1).jpg,tijera_down,322.04297,92.13683,-356.2908,327.99893,84.38692,-335.26917,331.66595,85.025,-335.2611,334.55338,85.42516,-335.30615,315.8614,84.253075,-339.90594,311.62497,84.49874,-339.94025,307.72015,84.65657,-339.86627,340.0105,93.3727,-203.45787,300.43716,93.136475,-228.5392,330.3647,104.31947,-306.68954,313.2956,103.46803,-313.86627,370.81943,162.16655,-103.59512,266.967,161.06476,-141.7111,395.72937,235.90375,-52.723564,244.36752,237.00014,-92.126686,438.60956,293.48325,-173.65295,222.52686,297.8211,-172.05783,453.58435,314.8438,-206.49771,211.36415,320.2369,-200.36339,450.4313,314.9133,-250.22937,215.02373,319.56168,-243.79407,445.0076,308.30356,-194.80212,220.7585,313.3356,-191.7872,355.56168,305.5856,21.585993,292.19788,307.7549,-21.71209,367.84708,430.20004,-27.834883,290.3317,431.30627,-54.068226,378.93466,553.60223,59.88703,279.8882,552.4356,60.85996,367.78442,575.9387,58.90285,284.46317,566.87573,62.109688,414.5516,579.5641,-89.95517,274.6502,586.84033,-89.24892
tijera_down
IMG_20241017_125951_DRO.jpg,tijera_down,322.77713,94.054245,-388.11902,328.25665,86.01129,-368.88162,331.8562,86.59141,-368.8693,334.75513,86.99074,-368.88727,316.36264,85.612366,-372.2851,312.35437,85.8937,-372.33173,308.35794,86.21786,-372.28204,339.27444,93.92348,-238.84564,300.84232,93.537544,-257.9695,330.0838,106.32329,-338.7952,314.0536,105.630875,-344.26553,371.0592,164.37991,-137.5863,265.71918,161.64948,-164.43512,394.2995,238.6464,-91.52064,242.82507,239.32874,-110.9176,437.8399,297.68698,-225.11469,219.61337,298.76163,-198.98819,450.3262,318.69254,-258.86594,209.38672,319.92355,-228.39638,448.21155,318.71854,-304.13992,212.53706,318.63824,-271.82715,443.97467,312.57394,-246.54663,217.24338,312.90485,-218.61899,354.1795,310.92743,16.574987,290.7369,312.80426,-16.707691,366.8693,433.49713,-8.450431,288.15002,433.67413,-37.192818,376.40967,549.10095,92.655045,279.96262,551.0787,84.789215,364.7858,571.3538,92.98261,285.5138,566.0779,86.56123,410.17276,575.48267,-52.36428,271.74448,586.64215,-63.24967
tijera_down
IMG_20241017_125952_DRO.jpg,tijera_down,325.11752,87.257195,-281.44086,329.94708,80.37822,-259.3832,333.35162,81.05462,-259.39194,336.4465,81.51031,-259.43127,318.45306,79.89449,-264.05066,314.83298,80.13632,-264.06732,311.00168,80.28937,-263.99826,340.56683,89.64586,-133.93178,302.60254,88.681885,-159.39857,331.98538,99.88246,-235.19296,316.27847,98.82126,-242.48425,371.7283,160.90086,-55.529907,265.7143,158.52179,-92.35878,395.73633,236.8462,-14.545214,242.905,232.78308,-55.55633,437.96567,295.2943,-122.5377,220.30247,290.54123,-131.5647,452.6617,317.66,-153.7738,208.1366,314.07095,-159.31895,450.32028,317.6696,-195.23787,211.26291,312.5545,-201.31767,445.12802,310.99008,-142.70305,217.24394,305.26782,-151.3375,354.27814,307.6707,22.08688,288.36307,310.20593,-22.164854,368.2253,432.70264,-24.9693,288.71408,434.30432,-60.178677,378.7568,554.82855,62.224327,279.0446,554.6693,53.45587,368.5475,576.51135,61.572746,284.76062,569.7537,54.777763,414.80188,579.0222,-79.30496,271.82935,586.96014,-90.33336
tijera_down
IMG_20241017_125953_DRO.jpg,tijera_down,323.70572,82.44171,-351.6642,328.62265,75.48039,-330.90784,332.09262,76.22061,-330.90692,334.9731,76.68233,-330.94012,316.9761,75.26088,-335.40536,312.97263,75.62523,-335.43515,309.0591,75.950455,-335.37283,339.2662,84.99474,-202.75517,300.8067,85.00774,-226.68231,330.86658,95.01455,-303.81714,314.78635,93.77914,-310.68292,370.4123,159.41612,-109.99693,264.84695,157.26797,-148.57664,394.52023,233.84686,-66.566154,242.19115,233.91037,-104.81791,439.71838,291.43912,-191.39026,219.13916,294.3723,-182.54056,454.3185,310.56317,-223.6239,209.71248,316.3422,-211.2851,453.1064,309.85272,-268.0577,213.4044,314.9589,-253.0461,448.18594,303.81247,-213.20789,218.3491,308.8874,-202.063,353.18604,304.23883,20.751806,288.5421,306.9619,-20.845728,368.10022,431.35385,-12.446252,286.91196,431.27875,-49.649567,377.18674,553.0952,85.86337,279.65616,551.97266,69.1442,366.97638,575.70917,85.961815,285.39166,568.0847,70.63536,415.97235,578.2457,-58.200153,272.78732,585.93427,-79.699974
tijera_down
IMG_20241017_130644_DRO.jpg,tijera_down,321.8826,258.02728,-212.86284,324.29065,251.50967,-202.18575,326.7009,251.4421,-202.20786,328.38553,251.4565,-202.22655,316.7641,252.55861,-202.45049,314.14557,253.30258,-202.49246,311.38898,254.18816,-202.5195,332.29236,255.26578,-125.608536,308.82193,259.18747,-127.48234,327.37985,265.59424,-183.10516,318.07068,267.32565,-183.69693,355.6612,297.68484,-68.56374,292.6725,301.5002,-64.25937,369.17953,345.34274,-46.125923,282.28336,348.93814,-39.666203,378.1164,381.28036,-129.05516,271.2137,381.36807,-122.65462,382.13654,395.32983,-149.60402,266.78436,394.73892,-142.23813,379.25443,394.71625,-172.53102,268.50027,393.99893,-167.62328,376.68436,390.98132,-139.41545,270.8718,389.9369,-134.504,344.70685,391.86407,-2.5207806,305.9765,390.84457,2.4778297,345.23996,469.438,-29.37761,306.94205,465.89432,-41.383854,351.78635,542.8216,34.748775,305.00427,538.33936,44.135292,347.17902,553.57245,34.805687,305.6286,551.07477,46.690563,360.7643,561.2739,-60.886974,304.04025,561.793,-44.53327
tijera_down
IMG_20241017_130645_DRO.jpg,tijera_down,302.46228,261.03778,-314.2916,306.10187,253.81105,-302.86993,308.7785,253.81093,-302.86813,310.55142,253.812,-302.8939,297.9989,254.41339,-303.845,295.43063,254.75325,-303.8975,292.876,255.23538,-303.90384,314.7042,257.11502,-211.2716,290.50018,259.06924,-216.59325,308.11862,268.89066,-278.36084,298.49014,269.62543,-279.99463,337.099,300.9524,-126.84477,274.13702,299.06732,-136.45657,350.14774,352.08655,-77.324036,262.19046,348.4558,-95.18356,357.09778,390.96832,-155.05943,256.80783,388.05212,-164.32654,359.27194,405.37906,-177.25693,254.14099,400.9079,-186.79242,356.47736,403.56378,-206.43083,258.6277,400.6129,-213.43605,354.484,398.20877,-167.83034,260.3521,395.97806,-176.03645,326.4129,388.5172,4.945723,286.3205,388.8034,-5.0157204,336.22156,468.8569,-28.63792,286.9768,467.58746,-25.58087,347.08472,540.7669,66.46475,286.08884,546.59674,70.29599,344.78494,550.60785,69.6668,284.48062,556.0952,73.56815,356.43774,562.76935,-37.43073,287.8062,560.9982,-35.93367
tijera_down
IMG_20241017_130646_DRO (1).jpg,tijera_down,309.50046,258.55884,-264.2767,312.6322,253.3711,-252.10417,314.9964,253.54143,-252.1022,316.73462,253.78549,-252.11803,305.1633,253.7935,-253.59828,302.31024,254.29416,-253.62471,299.94818,254.84285,-253.61497,319.95593,257.32285,-164.38962,296.00537,258.41037,-171.91998,314.36545,266.37982,-230.28665,305.04163,266.902,-232.53375,341.90823,299.87756,-94.22223,278.8598,299.8582,-98.168564,353.50168,348.80615,-51.974857,268.37885,346.54428,-58.41491,356.99887,386.17392,-131.74774,265.32224,385.36133,-124.249306,359.11084,400.85916,-154.91792,264.03635,397.94513,-146.24481,354.45456,399.48682,-181.01581,268.04886,397.05255,-170.13028,352.22836,394.12625,-143.35251,269.51904,392.7928,-134.85063,330.25943,389.70544,1.4873304,291.52716,390.56,-1.533717,332.47232,470.59445,-20.082521,288.81708,469.60464,-16.456783,341.6425,543.2063,70.40809,286.353,544.67175,78.35104,338.6485,552.73315,73.25014,286.12042,554.3088,81.59603,349.6193,564.5389,-30.273458,284.61743,560.477,-21.557062
tijera_down
IMG_20241017_130646_DRO.jpg,tijera_down,304.16913,259.51828,-266.65067,306.8211,253.77231,-253.41835,309.28256,253.82562,-253.43219,311.0156,253.8372,-253.45346,299.17398,254.43611,-255.46904,296.3864,254.83627,-255.5104,293.80618,255.41733,-255.50893,313.92606,257.35236,-161.52231,290.3696,259.87973,-172.06642,309.34158,266.7276,-231.44423,299.94247,268.25375,-234.49878,338.53052,300.49826,-83.40258,274.2939,301.45786,-109.88269,351.8479,349.34595,-58.308697,264.52536,349.69803,-89.74572,358.03796,385.55988,-158.09334,262.2836,387.56836,-166.89124,360.67307,400.01443,-183.1957,261.07727,401.29166,-191.42978,356.80142,399.42853,-210.64012,264.71616,400.6275,-212.78319,354.33362,394.4439,-170.88318,266.38977,395.67023,-176.65686,328.9607,391.1713,17.370296,290.2402,392.83105,-17.408827,333.19995,469.11392,14.697457,288.91156,467.9205,-37.10238,341.74844,540.17847,96.00976,285.94388,545.8787,42.111397,337.7651,551.301,98.08035,283.43597,558.0568,43.85743,355.66428,559.2211,5.422432,292.97974,561.9537,-59.68798
tijera_down
IMG_20241017_130647_DRO (1).jpg,tijera_down,310.0413,252.68109,-243.1367,312.70267,248.22816,-230.10529,314.90152,248.51088,-230.10802,316.6042,248.82973,-230.11934,305.43332,248.69072,-232.31706,302.4898,249.32204,-232.35115,300.07846,250.00174,-232.34627,319.57318,253.17679,-141.66383,295.8172,254.81586,-153.25119,314.74536,260.62317,-209.3347,305.4795,261.12152,-212.69612,342.87476,296.29712,-69.47659,279.24487,296.1548,-93.788956,353.86877,345.9182,-33.04913,268.52734,343.45303,-61.72364,357.96393,384.94727,-115.18526,265.7051,383.8983,-125.53619,360.21405,399.22855,-137.20276,264.27194,396.42883,-148.63133,355.49765,398.12442,-164.1778,268.73648,395.32687,-169.97098,353.18274,392.99918,-127.27829,270.22516,391.3396,-135.26793,330.6622,388.0833,14.986481,291.81342,388.97903,-15.033138,333.25528,468.89642,10.208467,290.62894,465.96948,-31.10252,345.33246,540.88104,89.00941,286.48856,544.5854,56.8148,340.63168,551.4425,91.08492,284.2288,555.67786,59.633602,357.4966,561.7753,-3.170683,293.04633,560.3647,-42.887012
tijera_down
IMG_20241017_130647_DRO.jpg,tijera_down,308.601,254.91028,-233.64056,312.12247,250.09113,-221.51454,314.74225,250.3273,-221.5286,316.69302,250.51012,-221.54718,304.58948,250.43147,-222.05292,302.0158,250.79655,-222.07454,299.51093,251.30585,-222.07402,320.24414,254.57387,-135.52469,296.40494,255.7824,-138.57689,313.8829,262.69254,-200.47005,304.2014,263.1299,-201.42828,343.25708,298.03558,-67.501564,279.3944,296.64612,-71.62603,354.56558,347.1176,-30.598494,267.7051,343.92014,-33.556786,358.14954,384.33182,-113.44911,265.59076,382.0669,-104.3506,359.34763,398.93423,-137.1727,263.73495,394.55637,-127.39216,354.85544,396.8202,-163.07079,266.6679,393.73123,-151.556,352.837,391.50076,-125.12927,268.12454,389.5615,-115.42958,330.09894,389.95834,3.4116156,290.32925,389.42102,-3.424043,332.00208,469.9893,-24.794388,290.4857,468.56036,-29.35237,342.5091,542.04114,57.915928,286.8707,547.1788,54.308113,340.8125,551.6041,60.12379,285.24402,556.8624,56.535313,350.78735,563.066,-45.27736,289.5137,563.9713,-50.82062
tijera_down
IMG_20241017_130648_DRO.jpg,tijera_down,309.0486,252.84792,-217.2105,312.0352,248.09714,-203.5373,314.26822,248.35437,-203.55617,316.02728,248.78773,-203.57649,305.11676,248.32492,-206.1505,302.47583,248.84576,-206.16653,300.06702,249.6412,-206.15234,318.86218,253.61176,-115.40181,295.82547,254.98622,-128.29378,313.9347,260.57614,-183.7837,304.74097,260.62018,-187.49712,341.9528,296.5458,-48.789307,278.23453,296.75577,-71.884964,353.216,344.88962,-14.259604,267.79324,343.5846,-40.020355,356.25742,382.84915,-97.92184,265.9164,383.78464,-101.86158,358.0156,397.64185,-120.97689,264.49756,396.38623,-124.466484,352.45886,396.42242,-147.1014,268.50552,395.63736,-146.27386,350.5531,391.72495,-109.88718,270.22104,391.6026,-111.82673,329.38773,389.52032,12.155822,290.39084,390.39157,-12.157402,331.2854,469.57675,-1.3837476,288.37195,467.964,-31.616693,342.08636,542.5739,73.16825,287.0388,545.35144,52.13469,337.64767,552.84106,74.659256,285.0758,556.3857,54.243958,352.97113,561.6499,-21.587038,288.7653,558.7472,-48.197277
tijera_down
IMG_20241017_130949_DRO (1).jpg,tijera_down,332.2649,244.81732,-233.2789,334.84436,239.00604,-217.85,336.99072,239.30417,-217.90001,338.82666,239.60583,-217.94931,327.36703,238.87834,-220.08452,324.36932,239.15201,-220.09077,321.52887,239.59875,-220.08072,340.6631,243.11528,-123.49983,316.84274,244.12758,-134.94362,336.4008,253.10564,-197.72322,326.6808,253.2772,-200.9076,361.02966,286.51666,-63.949593,296.27127,287.42117,-59.826874,390.0278,328.1234,-38.182945,262.98834,326.36914,-32.610218,428.40915,359.21353,-139.57574,226.9352,364.84998,-117.40449,442.0645,370.83405,-163.95438,214.03334,374.2019,-136.92644,441.5976,371.0278,-193.90329,214.98558,374.69748,-170.77423,436.97998,367.7452,-154.9994,220.05467,372.42206,-133.6688,354.0413,384.06107,-5.987766,316.7569,385.63504,6.094964,347.1959,460.93063,-33.30139,321.15237,461.31772,-41.34445,348.29135,541.80334,40.1434,319.88074,543.8734,38.31481,349.75208,551.186,40.938435,317.13907,555.17773,39.84675,348.2173,559.56213,-59.907036,315.9616,564.57996,-63.91051
tijera_down
IMG_20241017_130949_DRO.jpg,tijera_down,332.6124,244.07683,-221.87347,334.6633,237.51009,-205.97473,336.798,237.72139,-206.0288,338.50403,237.94704,-206.07916,327.37012,237.70294,-209.11652,324.40115,238.03973,-209.14168,321.4995,238.59087,-209.14484,340.2466,242.01355,-111.76834,316.81296,243.7942,-127.571976,337.03128,252.26886,-186.51715,326.93765,252.56944,-190.91519,361.50748,285.52078,-48.22125,296.7669,286.92984,-62.91338,389.7893,327.95255,-18.037231,263.1822,327.6804,-36.482887,430.2276,359.76056,-113.36334,226.73192,365.54843,-111.34327,443.51898,370.9314,-133.67155,213.79683,375.37726,-129.07571,443.36093,370.53906,-164.65096,214.41815,375.5722,-161.37344,438.72217,367.3273,-128.99773,219.5165,373.15735,-126.74434,354.93753,383.59552,5.294775,317.38342,384.2998,-5.2225704,348.2901,459.8911,-24.704306,319.377,458.72464,-70.167404,344.3976,539.92865,45.941933,320.0318,542.0947,10.169837,342.91434,548.4202,46.934475,317.07547,553.98846,12.141986,351.1932,557.0827,-46.05848,316.21625,562.3477,-89.41929
tijera_down
IMG_20241017_130950_DRO (1).jpg,tijera_down,333.5701,246.88158,-250.03206,334.99246,240.70515,-235.15808,336.79544,240.89008,-235.20401,338.29913,241.04933,-235.26184,328.02457,240.46106,-240.55035,324.90237,240.5652,-240.56848,321.99008,240.91615,-240.57642,338.8825,244.15453,-139.30833,316.5198,245.21547,-164.29942,336.91214,254.60706,-213.07771,328.06696,254.90916,-220.18349,359.5884,287.17175,-61.000397,295.46863,288.74454,-99.59147,388.02316,328.91763,-22.797558,262.78793,328.21475,-71.44848,427.39374,360.46167,-118.5054,225.4012,366.80167,-142.74867,440.82605,372.1386,-137.40443,212.63602,375.28604,-160.79729,440.28183,371.72205,-169.62846,213.27473,375.17557,-192.99309,435.6316,367.7965,-134.56741,218.35002,373.50275,-157.64577,353.21817,384.22742,15.813174,317.14474,385.46814,-15.744943,349.2943,462.56824,1.4245936,321.67703,462.66998,-77.511856,349.61334,541.7998,77.11059,320.63058,544.9559,-12.752081,348.8036,550.4256,78.28783,316.59854,556.9313,-12.702541,359.97504,561.2754,-18.231482,321.45663,567.4712,-122.98593
tijera_down
IMG_20241017_130950_DRO.jpg,tijera_down,332.25052,244.38443,-203.07376,334.22443,238.41342,-187.18863,336.27515,238.76334,-187.24637,338.1307,239.15059,-187.30806,327.35138,238.23764,-190.97437,324.7855,238.49344,-190.99245,322.09396,238.96689,-191.00076,339.29626,243.48831,-94.254616,317.42566,244.34294,-112.30564,336.47772,252.57716,-167.97304,326.86664,252.43535,-173.05402,359.80502,287.18332,-31.45682,295.9143,287.3732,-51.593544,388.1093,329.28824,-8.203213,262.01895,327.905,-29.918684,426.12305,360.12836,-107.72263,225.1256,367.02057,-106.23509,440.58054,371.96988,-129.12045,212.21112,375.6369,-125.44432,440.4082,371.67856,-159.40996,213.158,375.70972,-156.76355,435.4346,368.1919,-123.39276,218.19699,373.94717,-121.32928,353.44986,384.69473,6.3243785,316.0353,385.27032,-6.202376,346.66614,462.84637,-20.552895,320.4213,460.90512,-84.856445,343.73346,540.8385,51.798706,320.3743,546.08905,-18.392887,342.09933,549.64685,52.838707,316.99927,557.70166,-17.890005,349.0004,560.2311,-42.66593,316.18857,567.6476,-123.43668
tijera_down
IMG_20241017_130951_DRO.jpg,tijera_down,334.0309,244.33289,-254.64679,335.98953,238.67926,-239.06415,338.09366,238.94667,-239.11494,339.75705,239.17015,-239.17017,328.53754,238.58443,-242.51486,325.34457,238.82129,-242.53381,322.336,239.20703,-242.52983,340.94794,242.50894,-141.88594,317.1336,243.77518,-158.65039,337.8,252.39734,-217.67818,328.19962,252.94872,-222.39041,360.46182,286.1099,-69.96458,297.17972,287.38486,-88.60212,388.65338,329.46216,-35.19634,262.7983,327.23703,-59.638065,426.11835,360.63242,-133.25864,225.51999,365.42358,-137.63904,440.27795,373.00967,-154.2939,212.54079,374.55865,-157.04929,439.94794,372.6158,-186.44661,213.17221,374.38638,-188.85121,434.7808,368.81943,-149.40445,218.17853,372.41534,-152.96152,354.29272,384.37543,7.1356606,317.05875,384.65656,-7.0566263,347.50098,462.21185,-21.222538,320.59354,462.08917,-70.19912,346.54404,541.43665,47.654415,321.27408,546.325,5.3545465,346.18204,550.9186,48.224953,318.83066,558.1295,6.6412807,357.6911,559.8927,-47.890396,318.4716,565.57623,-98.03385
tijera_down
IMG_20241017_130952_DRO.jpg,tijera_down,332.16644,245.3097,-256.1853,334.3598,238.95831,-241.3338,336.49847,239.15181,-241.38286,338.38455,239.40053,-241.44041,326.87463,239.05907,-244.45332,323.86078,239.39905,-244.4644,320.8268,239.83553,-244.46599,339.83298,242.89436,-145.0065,316.15704,244.1914,-160.38417,336.28134,253.36108,-219.31425,326.54544,253.92227,-223.60411,361.2589,286.1596,-70.797745,296.00668,287.3603,-88.596565,390.3865,330.11288,-31.707977,262.55008,327.81506,-57.49995,431.2325,359.9395,-130.02878,226.32762,366.76736,-137.58626,445.11752,371.10236,-151.22646,213.30598,376.32495,-156.20842,445.25446,370.39453,-183.57446,214.50645,376.34998,-189.52946,440.50397,367.20242,-146.27374,219.57361,374.26434,-153.26073,354.6592,383.23648,6.033751,317.32773,384.7414,-5.948239,349.17413,460.52274,-26.62993,320.64758,460.00272,-65.545555,347.26498,540.7734,47.99797,318.49365,545.0504,14.77041,347.44974,548.28,49.222645,315.49057,556.9273,16.849693,350.42462,561.06555,-48.7473,319.16116,567.9786,-89.861465
tijera_down
IMG_20241017_131418_DRO.jpg,tijera_down,346.96637,117.34157,-370.55847,350.5046,110.88615,-353.24097,353.3236,111.3091,-353.21686,356.1618,111.90253,-353.23196,341.98688,110.77869,-356.14105,338.7986,111.04522,-356.22116,335.76593,111.4198,-356.2699,358.91898,119.90816,-233.14871,328.69333,120.23487,-248.64888,352.85895,128.23262,-324.0792,339.70395,128.26425,-328.71817,393.36383,183.5502,-135.50874,294.36887,178.82312,-154.68762,414.21207,250.07541,-60.17528,282.22998,249.56923,-98.43171,421.6921,308.1478,-156.26765,275.22598,318.35245,-177.85378,422.99973,330.87912,-181.23538,272.86093,338.99973,-203.84247,417.75156,328.7283,-219.20746,279.96707,337.45483,-237.91943,415.4292,322.18195,-172.87787,282.66248,331.13635,-192.28447,382.88824,315.84048,-1.0974419,324.14606,320.26797,1.0047969,372.67136,432.41977,-57.875675,331.87927,433.58292,-45.865993,373.58054,546.57166,30.122177,340.35727,551.16003,43.130676,370.39368,561.18176,30.540077,339.8323,569.073,43.014744,377.16534,577.11743,-114.90062,339.60614,583.9476,-104.019844
tijera_down
IMG_20241017_131419_DRO.jpg,tijera_down,351.79114,111.520195,-412.25568,355.1888,104.14512,-393.97098,357.7608,104.59351,-393.93332,360.28497,105.11837,-393.937,346.15652,103.68877,-399.82367,342.1633,103.8542,-399.91107,338.37204,104.06036,-399.94766,362.36005,112.08124,-261.8639,329.56516,111.63771,-291.86874,357.13724,122.41959,-360.79172,343.47238,122.4741,-369.5718,394.91458,176.09943,-146.51256,294.13452,170.76402,-187.95032,416.5932,243.9456,-57.419098,279.87943,243.40765,-125.131485,424.31967,304.0473,-169.77405,281.46365,310.86673,-210.754,425.4404,326.84937,-199.52097,279.4943,334.24557,-239.84354,419.5931,324.3035,-240.44965,289.62036,330.79132,-273.79385,417.01837,317.41754,-187.7502,292.93735,323.17984,-224.37163,386.0689,312.71936,6.44754,327.3541,318.6631,-6.507307,375.5799,433.1149,-30.586224,334.2471,433.7214,-34.375515,376.50058,544.9602,89.70529,339.2614,546.84247,90.99167,373.284,557.7619,92.996216,338.0466,561.18805,94.05448,379.74008,576.65674,-55.53159,341.24286,580.0973,-59.74321
tijera_down
IMG_20241017_131420_DRO (1).jpg,tijera_down,346.32523,114.30793,-276.1088,351.25433,107.15232,-259.67648,354.40915,107.57177,-259.65433,357.4496,107.94456,-259.6561,341.7659,106.967354,-262.17584,338.27316,107.11488,-262.23694,335.34335,107.27284,-262.2768,362.18076,115.145874,-149.02335,329.62726,114.20486,-164.23268,352.56616,125.15184,-233.0946,338.87732,125.00759,-237.59232,394.61877,180.16173,-70.18263,296.66125,171.24881,-82.23474,413.97998,246.96059,-13.705318,282.23294,241.97107,-30.75514,422.43866,302.9181,-114.485306,284.34998,310.28738,-101.4926,424.8947,325.00262,-140.74191,281.47293,333.83423,-124.02924,418.62128,322.9567,-173.90439,291.13535,330.67307,-152.34697,415.7724,316.38412,-129.07509,294.7172,323.0878,-112.86222,385.2318,310.9656,0.08591313,327.08438,315.7929,-0.18459602,375.17432,431.31284,-68.50378,334.48846,431.70956,-66.348465,375.89426,549.5735,-5.650487,339.6472,550.8442,3.262267,372.4981,567.30975,-6.971875,338.27728,569.21655,2.0582895,374.61887,578.4486,-142.54665,338.7678,578.61255,-134.70782
tijera_down
IMG_20241017_131420_DRO.jpg,tijera_down,349.22882,109.46967,-267.31757,354.39832,103.05917,-249.70557,357.39386,103.447655,-249.68216,360.27472,103.89133,-249.67625,344.59082,103.34585,-252.21489,340.83414,103.79815,-252.27325,337.36676,104.28853,-252.31053,363.73386,110.70275,-140.1795,331.27505,111.33486,-155.1621,355.26978,119.87538,-225.58215,341.2616,120.26322,-229.99232,396.09924,178.6753,-65.859535,297.82056,169.87167,-81.033295,417.34515,247.5171,-8.512931,283.29858,239.94823,-33.420994,424.09805,305.87265,-103.38955,284.78098,308.9889,-103.05338,425.06012,328.8939,-128.43887,280.44095,332.65387,-126.017105,418.9571,326.30933,-160.10979,290.556,330.13556,-152.05086,416.66776,319.7691,-117.347466,294.96057,322.75226,-113.89288,387.1479,311.6429,0.94147015,328.22488,316.16168,-1.0208287,373.40698,429.452,-66.43079,334.733,428.901,-62.608154,373.60013,544.97833,16.941078,340.73834,547.8068,20.988508,369.59677,559.6441,17.837387,340.28836,564.2703,21.00279,375.24506,575.6979,-115.48739,341.51984,581.3033,-116.471466
tijera_down
IMG_20241017_131421_DRO.jpg,tijera_down,350.54544,114.82644,-341.63666,354.2179,108.378006,-325.51297,357.04883,108.81095,-325.4854,359.75696,109.22899,-325.49374,345.55505,108.11613,-328.97617,342.1259,108.288284,-329.0484,339.26633,108.51061,-329.0942,362.5091,116.43088,-212.30756,331.78494,115.53788,-231.2721,356.1824,125.93543,-297.3281,343.24118,125.348724,-302.996,394.99268,182.03128,-127.00452,297.48184,172.63329,-138.61926,414.58972,249.5825,-60.085255,284.23718,243.3027,-82.5385,423.0206,305.3614,-158.65208,285.9157,310.11893,-153.60532,423.4344,328.39127,-184.73949,283.1613,334.24286,-177.25235,418.25333,325.5585,-220.96718,293.27023,330.81903,-208.33583,416.23032,318.18875,-174.17708,297.0085,322.84103,-166.23956,386.5178,311.25287,-6.004305,328.01434,318.06516,5.8996143,374.7903,430.7947,-59.909424,333.76224,432.47842,-34.621555,375.02625,548.27936,17.317482,340.80243,549.0985,46.87828,372.95502,565.25525,16.699745,341.04074,567.0637,46.255142,370.0293,578.49066,-122.27834,333.97723,580.20795,-90.65714
tijera_down
IMG_20241017_131756_DRO.jpg,tijera_down,353.4405,227.30984,-347.64017,357.34747,219.49068,-334.62033,360.11053,219.59042,-334.63873,361.80023,219.76883,-334.6668,348.51028,220.27388,-334.64685,345.3035,220.84898,-334.7217,342.2946,221.52249,-334.7426,365.0923,224.43356,-235.84459,337.93835,226.31595,-236.53598,358.98636,236.94577,-309.34927,348.1859,238.21484,-309.6502,393.2301,274.95847,-162.99037,314.79022,271.47928,-147.39108,405.47046,331.37674,-138.98514,293.58823,326.40854,-105.75007,412.33667,379.21466,-225.46504,283.19568,378.89227,-175.0491,417.2393,395.51312,-251.74098,277.94543,394.64365,-197.409,415.6785,395.5107,-281.3512,283.0976,394.95782,-228.67294,412.71182,390.21332,-238.91093,287.22736,389.9906,-189.01189,376.41965,384.01474,-2.8945296,331.46597,383.71014,2.8965147,386.54645,458.45938,-36.226604,322.62177,459.91238,-48.28809,416.5077,541.68225,41.91401,299.68048,542.2064,52.38362,413.42734,555.9774,42.58419,299.35748,557.05194,54.92061,436.96118,561.8711,-71.13172,287.8925,558.59143,-62.48443
tijera_down
IMG_20241017_131757_DRO.jpg,tijera_down,353.34805,228.09329,-341.3373,356.9312,220.95947,-328.3821,359.56192,220.86282,-328.39612,361.17358,220.81296,-328.42053,348.65826,221.529,-328.25546,345.14612,221.94461,-328.32956,342.279,222.561,-328.34113,364.05447,224.90793,-230.11581,337.5647,227.1842,-230.13159,358.85147,237.57458,-303.2871,348.00363,238.63724,-303.40515,393.04034,273.89423,-157.04063,315.32297,272.6082,-141.72572,409.02103,328.52118,-137.75226,293.55554,325.41327,-102.86463,420.4959,378.95856,-231.25388,281.3401,375.7714,-177.65765,425.37628,395.14874,-258.85278,275.86002,391.8762,-201.43176,422.64682,395.19455,-288.85257,280.96976,392.09683,-233.34808,419.73767,390.09656,-245.18613,285.20657,386.7167,-191.95757,375.98944,383.35205,-5.970461,331.52884,383.12393,5.967492,387.03738,460.9078,-35.626926,321.88654,460.54358,-47.290997,418.6878,545.01215,44.6872,299.29572,545.55457,46.401943,414.3873,559.6335,45.4327,300.61316,560.60516,48.081738,443.01044,562.86523,-67.34419,283.99286,559.3173,-68.95976
tijera_down
IMG_20241017_131802_DRO (1).jpg,tijera_down,356.13412,227.43701,-286.65903,359.4087,220.44182,-272.28372,362.22025,220.2714,-272.2913,364.27536,220.32652,-272.28592,351.20624,221.11134,-273.24316,348.17517,221.63675,-273.29352,345.27283,222.46754,-273.30286,367.0984,224.70084,-174.70355,340.69443,227.66588,-181.0445,361.96872,236.36334,-249.68643,350.92996,237.19012,-251.54445,396.16287,275.44064,-105.53909,317.71365,273.71167,-109.51466,411.5743,331.7764,-84.51601,299.98404,329.25006,-72.817184,423.44556,383.02737,-188.26964,291.48715,378.2843,-142.95758,426.401,400.54712,-214.04506,286.4662,394.82925,-166.07335,422.23187,399.95288,-245.24489,293.03973,394.05164,-193.3227,419.77515,395.08994,-202.93811,297.195,388.4886,-155.36168,378.63843,385.55157,4.643023,332.76675,384.7683,-4.65793,386.5745,459.8658,-17.60378,325.879,463.08728,-43.425983,407.44937,546.02124,63.904736,308.0909,545.8591,48.944935,401.81372,560.9595,65.36081,308.37607,558.57886,50.803886,435.58136,565.3945,-37.29807,289.82248,564.58527,-59.85304
tijera_down
IMG_20241017_131802_DRO.jpg,tijera_down,356.77106,231.1667,-315.34647,360.93665,223.90298,-302.80804,363.2908,223.80646,-302.80234,364.8685,223.71793,-302.79898,352.56543,224.29404,-303.5375,348.9418,224.5349,-303.59918,346.12134,224.97754,-303.6072,368.29794,226.99217,-206.07812,341.7017,228.20692,-210.95227,361.89822,240.37402,-277.51172,351.0642,241.10875,-279.04294,396.609,275.8285,-131.69868,318.50983,271.9037,-127.55685,412.6734,330.98425,-95.365265,301.0214,327.7616,-83.74381,425.19876,383.69305,-180.89218,291.12277,377.39197,-151.35402,427.7876,401.1294,-204.25832,285.74142,393.40994,-171.98474,424.27777,400.635,-234.9595,292.4072,393.3856,-202.05083,421.9714,395.62683,-194.37721,296.7512,387.8792,-164.34851,379.42368,384.2304,-2.0793657,334.16168,383.69647,2.0400455,387.2492,458.25864,-29.749426,326.48477,461.55624,-35.860928,408.96307,545.6815,48.968258,310.24844,543.93536,60.75226,402.3974,560.47235,49.958282,312.27612,556.7678,62.927284,435.7125,566.40826,-55.20996,291.15073,562.0131,-47.813934
tijera_down
IMG_20241017_131803_DRO (1).jpg,tijera_down,355.9301,230.38164,-309.2976,359.2658,223.35329,-296.4796,361.84244,223.34723,-296.48868,363.47186,223.41165,-296.4942,351.13922,223.79927,-296.2618,347.7249,224.26968,-296.31485,344.97858,224.85432,-296.32532,366.5353,227.25363,-199.98422,340.08368,230.09558,-200.02713,361.54785,239.65192,-271.8322,350.77478,240.38806,-271.94128,396.96094,275.94104,-131.09349,317.03647,274.38962,-117.02872,411.98453,331.8382,-107.14519,299.98264,328.32266,-84.23278,423.4615,382.24655,-205.03738,292.06897,378.08835,-168.21379,425.42288,398.6104,-233.53326,286.76947,394.7163,-193.2669,421.99533,396.86276,-263.79428,294.14914,393.5336,-222.54274,419.51154,391.42407,-219.08372,297.55804,388.11862,-181.66547,380.40576,387.68323,-5.722607,333.99252,387.93112,5.742434,387.8143,463.84827,0.23818158,326.55536,466.55188,-25.835787,408.43866,544.6479,108.18265,309.7067,548.70734,73.69998,402.82367,559.7005,112.14377,311.4123,563.26086,76.02911,433.17975,566.0295,7.9587817,288.4981,562.6177,-37.068665
tijera_down
IMG_20241017_131803_DRO.jpg,tijera_down,355.69568,230.02963,-311.9437,359.21762,222.94298,-298.15295,362.0326,222.82123,-298.15515,363.76517,222.68777,-298.15482,350.835,223.69542,-299.41705,347.528,224.12067,-299.47668,344.78268,224.6819,-299.485,367.01917,226.35066,-197.1885,340.48422,228.81053,-204.90852,361.43967,239.59392,-272.97556,350.5382,240.57758,-275.2682,396.56375,274.85123,-118.339355,318.1117,273.73196,-127.597015,411.72226,330.3745,-89.98758,301.124,329.03726,-95.71991,422.5964,382.53525,-191.0269,293.37308,378.19632,-172.71269,424.9061,398.70132,-216.6939,288.2536,394.9118,-197.42601,421.29788,397.67133,-248.72081,295.3336,394.1122,-224.39395,418.9568,392.52487,-205.57347,298.87097,388.60306,-184.71132,381.11343,384.89844,5.9165087,336.10776,385.1964,-5.9270945,387.8678,460.83246,-3.4685915,327.24326,462.80527,-52.089615,408.2007,545.2398,87.01959,305.8817,545.92975,43.257477,401.01453,561.2934,89.23904,305.49408,559.9817,45.44421,437.1808,564.3835,-14.595665,290.21997,560.63025,-69.80179
tijera_down
IMG_20241017_104334.jpg,tijera_up,1269.0923,1601.7697,-235.30879,1245.4194,1560.7953,-178.42436,1243.1647,1559.3242,-178.53392,1240.4178,1557.9603,-178.6072,1231.3815,1561.7345,-350.59387,1218.6934,1561.0577,-350.5071,1205.586,1560.7283,-350.4753,1174.6403,1580.2987,142.81277,1138.8055,1583.2002,-632.7217,1255.5173,1641.0148,-92.03754,1238.5992,1644.0901,-318.0324,1130.6837,1779.5493,706.19836,1089.4147,1758.7479,-1025.3601,1217.9196,1891.9651,1600.383,1275.7727,1452.4172,-1637.3765,1308.5488,1976.0425,1637.4752,1377.7844,1143.4429,-1646.7395,1334.5276,2014.8185,1710.3032,1407.1222,1053.4739,-1804.0369,1330.7466,1992.6338,1568.4595,1375.6079,1039.7612,-1762.1342,1321.8967,1980.3485,1571.2859,1362.072,1069.1919,-1625.7224,1238.3875,2499.0908,530.8624,1169.3806,2536.341,-530.9286,1265.3245,2916.6877,1151.2755,1192.7048,2998.1436,-193.15344,1177.422,3290.1921,1866.1499,1120.5428,3518.4668,181.37737,1117.7709,3359.1382,1925.6453,1064.1458,3591.1328,193.36658,1360.5354,3415.0054,1763.9641,1337.9928,3614.7954,-239.56259
tijera_up
IMG_20241017_104335.jpg,tijera_up,303.34015,197.48958,-437.2642,307.99945,192.85104,-417.30014,310.73578,193.29536,-417.21478,313.62848,193.81505,-417.27206,299.85678,193.34146,-417.36148,296.98108,194.11357,-417.43997,294.135,194.96768,-417.39835,317.10068,202.19331,-304.07617,288.6247,203.1537,-302.37695,307.47617,208.08658,-394.53833,297.62524,207.61389,-394.30487,338.7214,241.26088,-266.1839,263.53104,236.39018,-267.08582,357.10754,185.17947,-384.1333,250.01672,173.81064,-400.26395,345.6418,118.55047,-457.9929,268.88205,111.041664,-515.5449,344.1149,105.04093,-497.31006,270.07425,98.986435,-562.4927,336.38895,104.37012,-491.61917,277.68384,97.61562,-554.9368,334.03137,108.084366,-461.20374,279.94193,101.4761,-520.4805,314.97446,364.77734,1.363563,264.59195,362.2406,-1.6596028,312.0356,459.13538,9.641759,256.09396,454.75058,-27.43198,313.19064,549.44037,174.71735,253.05081,546.7617,157.803,306.398,561.9258,182.96544,259.35706,559.6717,168.0405,322.15173,576.5933,46.543335,242.2408,574.2569,40.087605
tijera_up
IMG_20241017_104501.jpg,tijera_up,303.71707,185.97227,-550.9146,308.2933,179.07071,-533.9591,311.3452,179.4741,-533.86633,314.23755,179.97302,-533.9594,298.85815,179.64917,-529.53687,295.58212,180.40636,-529.5868,292.42258,181.19803,-529.5077,317.84668,187.01196,-421.14136,287.0906,187.82803,-398.06357,309.30408,195.51778,-507.48276,298.22812,195.38347,-501.07788,341.81363,227.53725,-373.83533,261.4741,222.49136,-332.62173,369.9994,169.77078,-506.2792,243.97337,159.14604,-463.15234,362.8712,102.137825,-581.783,261.14108,89.02433,-602.11285,360.70135,85.81331,-627.2596,263.94214,76.77293,-650.4296,353.74625,83.6633,-625.931,272.3393,74.70479,-646.276,351.94144,87.291626,-586.63763,274.05505,78.0387,-608.7513,322.51053,350.95917,-10.249067,268.88864,350.067,10.068877,320.96646,448.8345,-16.78393,262.32928,446.49234,18.139214,319.96857,545.6536,125.27235,260.1024,547.78033,161.61728,315.62686,559.13586,129.15248,266.8874,563.3473,165.19258,334.44922,575.785,-25.281809,234.66434,572.64905,24.68996
tijera_up
IMG_20241017_104835.jpg,tijera_up,307.17902,212.46371,-301.84714,312.01532,204.4487,-282.45993,315.04422,204.78468,-282.40164,317.40152,205.15242,-282.43536,302.29816,204.23813,-281.77325,298.55746,204.47147,-281.80676,295.23685,204.83798,-281.7786,319.86032,209.31888,-176.68704,290.63535,208.15794,-172.95587,311.58392,221.68803,-262.44052,300.9078,221.36746,-261.67297,335.4381,247.00406,-139.98164,274.1881,243.72414,-128.88257,359.65582,202.4035,-189.22122,253.74399,194.43346,-217.26328,370.0563,143.1497,-241.32846,255.22655,131.40771,-326.44205,371.3969,128.96011,-275.31277,257.84387,117.3908,-368.1615,365.87448,124.92249,-282.14008,264.9144,114.90338,-367.33307,364.3455,129.42183,-249.12889,266.19714,117.75947,-333.4126,321.91473,369.29144,-10.181884,277.48273,369.53055,10.077763,330.44116,461.1564,21.86508,264.66483,461.61542,54.796387,337.8113,546.04346,167.93979,253.995,545.85486,216.3381,332.55777,558.6419,174.80765,258.51175,559.25525,224.60092,348.85107,575.6295,52.62258,236.10156,572.85205,109.82632
tijera_up
IMG_20241017_105211.jpg,tijera_up,1521.1198,1020.31067,-541.8051,1501.8264,972.7954,-491.78714,1498.3843,970.6886,-491.84814,1494.2645,968.5886,-491.74374,1494.6589,973.9026,-647.1,1487.3997,972.82214,-646.9584,1479.8816,971.7047,-647.04083,1441.6284,973.12634,-194.14175,1429.4337,976.6858,-912.0576,1499.3828,1054.0121,-410.49548,1492.502,1053.2715,-619.5284,1394.814,1122.0469,193.67902,1340.5208,1126.3862,-1174.5403,1446.6776,833.2011,591.83386,1438.1162,811.71655,-1772.2026,1490.6608,531.0966,233.06891,1480.5983,500.7693,-1865.202,1518.9338,479.86526,155.23929,1503.5299,461.9533,-2044.2578,1513.742,474.67725,72.351364,1503.9255,457.28592,-2011.6036,1501.0588,495.10516,168.70535,1491.9592,471.67328,-1854.7976,1422.2817,1709.1149,479.4652,1377.2302,1731.5175,-479.85364,1417.8872,2048.4722,1233.2034,1368.091,2097.178,-132.25836,1394.717,2358.6309,2051.586,1360.4167,2459.2908,339.26266,1347.1115,2419.3206,2119.6865,1322.0663,2516.4417,361.3415,1544.0496,2429.9202,1908.0363,1499.5643,2555.4802,-77.000916
tijera_up
IMG_20241017_105213.jpg,tijera_up,272.2327,186.10089,-430.97458,277.56445,179.12964,-415.28192,280.983,179.6705,-415.19565,284.15506,180.3295,-415.272,267.97488,178.7855,-414.45047,264.55032,178.82619,-414.535,261.34814,178.95651,-414.47467,288.32623,186.75082,-313.76712,256.26697,184.48767,-309.12027,277.54526,195.77861,-391.30515,265.7613,194.42702,-390.12454,307.08118,224.95953,-280.5233,239.19652,223.21713,-257.7031,318.30197,164.02142,-380.7059,222.63437,160.4453,-350.54037,315.73563,103.7256,-455.88962,229.27516,98.63692,-448.99066,315.19876,89.61489,-494.979,228.10728,88.00519,-487.21448,307.82706,86.7666,-494.73315,235.96756,84.51822,-487.8903,305.3885,90.89828,-461.69946,238.68184,87.84468,-455.75766,292.71286,349.3243,-9.688701,244.76663,346.55713,9.479208,293.6784,443.96573,7.7279086,232.87459,440.06976,25.835718,294.96265,536.2508,141.8365,224.46158,534.9737,166.38911,288.67972,549.51294,147.44165,228.47832,547.9335,171.90576,302.84192,565.1401,22.733742,202.49149,562.8859,56.2947
tijera_up
IMG_20241017_105214.jpg,tijera_up,272.76056,187.57268,-450.54056,277.61145,181.4002,-434.4489,280.6531,181.74448,-434.3567,283.85425,182.30136,-434.4388,269.04047,181.60413,-432.5938,266.08566,181.84837,-432.66516,263.1226,182.13611,-432.61005,288.1708,189.27132,-331.98383,258.99512,188.02211,-321.98938,278.10968,196.2854,-410.74963,266.81635,195.15211,-408.05466,308.36472,227.36409,-294.38538,240.75194,224.87169,-275.37918,322.8377,165.53871,-391.24414,227.20457,161.93123,-380.5806,322.23627,101.20163,-455.32727,234.46732,100.93844,-487.27985,321.6422,88.1741,-493.71463,232.99644,89.02035,-528.6829,313.95764,85.685135,-493.3074,240.73709,85.95323,-528.2591,311.22186,89.355515,-460.7685,243.96228,89.855125,-494.44595,293.5687,350.2944,-8.809239,244.74117,347.72467,8.5650215,295.0633,445.88107,19.26805,232.06654,442.00873,51.26825,293.8287,537.97205,167.54576,224.60999,532.562,207.2697,286.72556,550.6793,174.33484,229.23195,544.1268,214.33994,301.74326,565.46716,45.60687,204.26099,561.2646,98.92436
tijera_up
IMG_20241017_105215.jpg,tijera_up,272.02518,187.8834,-448.37958,277.1048,181.41129,-432.45718,280.2032,181.73354,-432.3659,283.51205,182.33794,-432.44418,268.4858,181.5673,-430.8563,265.4659,181.87962,-430.93906,262.37323,182.17027,-430.88037,288.57178,189.4652,-329.2373,258.661,187.77115,-320.99347,277.696,197.36438,-408.22284,266.50775,196.18692,-405.97244,308.75977,227.39789,-290.61316,241.1498,225.53639,-268.3824,321.741,163.79779,-390.59076,224.67749,163.89421,-366.93845,322.20233,102.77858,-465.9364,224.7169,100.84737,-479.4615,323.165,89.55245,-506.15436,223.37778,89.487885,-521.0791,315.8849,86.776855,-507.5757,231.33101,86.174225,-522.13556,312.72595,90.833374,-472.64392,234.32278,89.387634,-487.1871,293.4264,349.96594,-7.0297914,245.16203,347.2719,6.8035545,294.6146,445.33698,14.322114,232.71596,441.08752,30.302395,294.0484,537.311,155.61377,223.52846,536.1119,176.57649,287.5534,550.80096,161.81613,227.50203,549.80786,182.61438,302.44153,565.9922,34.678844,203.24821,563.1482,63.66633
tijera_up
IMG_20241017_105329.jpg,tijera_up,1490.1558,1580.8307,-361.0602,1469.0262,1547.9286,-314.2287,1466.4446,1547.8267,-314.34784,1463.7856,1547.8491,-314.22638,1460.4811,1548.5338,-453.79443,1452.1655,1548.7139,-453.64627,1443.6636,1548.9033,-453.6891,1423.8793,1560.9573,-54.222168,1399.3239,1561.474,-696.11145,1477.6699,1610.4077,-247.74905,1469.8383,1611.9812,-434.66284,1400.016,1697.6445,291.14618,1361.4536,1698.0012,-963.8879,1451.0364,1446.8542,657.0386,1447.7638,1443.3711,-1472.762,1458.485,1212.8448,324.90887,1458.4264,1172.6012,-1576.4749,1451.471,1155.9808,255.2255,1456.3618,1121.1838,-1744.7706,1448.2163,1145.0211,176.53377,1445.5923,1118.3308,-1728.3115,1448.7722,1163.9192,265.54327,1446.3921,1134.8696,-1572.7236,1435.5171,2223.852,441.31732,1393.3638,2237.1868,-441.48718,1441.0615,2530.2588,1015.62573,1402.7627,2596.8674,-188.9518,1427.3667,2832.737,1686.4036,1413.1945,2945.703,170.14365,1395.0575,2886.7898,1741.374,1379.4968,3006.0872,184.74075,1558.7439,2878.1409,1556.5837,1570.8516,3012.4133,-209.62936
tijera_up
IMG_20241017_105829.jpg,tijera_up,317.6596,120.900055,81.83538,323.3969,113.97345,59.27286,324.684,114.01115,59.253544,325.68118,114.02836,59.192097,322.4061,113.852585,93.69487,323.073,113.905655,93.70821,323.5817,113.9451,93.721436,336.50116,117.24788,-2.802053,333.7777,118.1193,152.53494,322.79785,126.54542,63.01365,321.4957,125.98459,107.573364,349.31995,141.62128,-94.111885,344.8009,160.41762,229.388,329.4263,79.07321,-115.44326,337.19595,156.92294,372.78082,320.37875,52.122498,62.648655,337.36948,143.84326,460.76926,318.38037,44.38405,63.261284,340.15964,140.3043,478.8707,317.8879,49.2532,68.19458,340.33353,139.59898,467.22235,318.25626,53.107548,68.9425,338.93344,140.5278,455.64728,335.2967,295.43042,-106.5677,327.60217,299.3833,106.38837,333.9452,405.60046,-135.05411,323.64032,408.7771,93.96366,339.05286,534.48486,-149.24475,332.83084,531.3421,98.678986,354.0601,552.5119,-151.88078,345.56052,549.43695,96.00979,297.27777,556.768,-226.40689,286.46677,556.6986,43.500927
tijera_up
IMG_20241017_105830.jpg,tijera_up,318.1674,127.867935,53.947395,322.9728,120.30357,32.106163,324.44232,120.147705,32.076702,325.49905,119.96394,32.02235,321.93872,120.273384,65.7148,322.53348,120.181595,65.73635,323.17197,120.064995,65.73293,335.9185,121.48402,-21.1223,333.03397,122.433784,130.87936,323.42593,133.14806,38.836487,322.11563,132.63962,82.521545,352.7979,145.29979,-116.67979,347.5829,168.11078,211.14943,333.23575,85.530876,-195.2199,342.4029,210.47902,332.5634,322.37958,52.95341,-100.21253,331.78595,221.6234,381.58032,319.7682,44.04087,-113.73798,332.7664,224.0593,398.51993,319.19452,48.23749,-101.90738,330.16415,220.27194,374.9601,319.5448,51.549458,-94.46646,328.91336,218.68329,371.4523,339.43106,300.89532,-111.41002,332.26666,304.85165,111.26364,332.30392,415.32874,-141.3938,327.17844,414.11978,112.23933,338.6378,542.50775,-150.74124,334.60443,529.85175,125.47063,354.36023,558.42267,-153.33435,348.64966,550.2659,123.75096,296.58945,558.9031,-228.9866,295.33392,551.97296,72.05881
tijera_up
IMG_20241017_105831.jpg,tijera_up,315.05667,125.00789,85.1485,320.5501,118.316696,63.773197,321.90182,118.301056,63.737957,323.23502,118.27931,63.679188,319.28934,118.21535,97.47031,319.83786,118.2201,97.47535,320.23294,118.21961,97.47036,334.20975,120.92291,5.9594,330.96606,121.87433,158.46255,320.0792,130.44818,67.81651,318.49905,129.89221,111.598785,348.2479,142.81532,-90.0104,344.5346,167.30795,231.6885,329.9843,88.85469,-123.40742,339.91324,203.81424,359.4904,321.51883,64.350746,31.295872,329.78525,209.30157,428.30035,317.93735,54.046204,28.535362,329.15585,210.9669,447.65244,316.09177,54.18806,35.529503,328.48062,207.70145,427.7726,322.53262,65.43488,37.298725,327.8837,206.32562,419.90802,337.5716,294.92966,-106.69623,327.30917,300.76517,106.586044,334.44202,408.5273,-151.0174,323.0611,410.8428,87.55765,339.411,534.213,-170.7238,331.44528,531.37067,82.363075,354.62186,554.96686,-174.58948,345.65012,551.5732,78.32813,297.82388,558.6283,-253.13019,289.7174,555.30365,23.65313
tijera_up
IMG_20241017_110155.jpg,tijera_up,1560.3076,1559.6401,-409.72864,1562.0248,1530.3391,-310.23163,1568.772,1531.1494,-310.16696,1575.2714,1532.0963,-310.28607,1530.5525,1527.3391,-326.34903,1514.552,1526.2694,-326.21704,1499.0132,1525.3391,-326.25085,1569.856,1541.8016,111.84327,1463.3354,1535.1545,46.01363,1565.384,1595.52,-258.64346,1533.5564,1593.1747,-279.15906,1653.3223,1677.4757,211.64642,1363.8298,1679.1165,14.413184,1799.8225,1513.7258,-65.83114,1305.304,1488.5028,-345.88666,1745.2745,1285.2194,-390.63782,1416.0741,1255.0922,-491.1499,1734.0493,1231.2295,-529.26514,1439.8718,1209.6361,-644.722,1709.3267,1227.6605,-520.4665,1463.6138,1215.3433,-612.60364,1708.5422,1249.5646,-410.84222,1462.2786,1232.1615,-500.61346,1609.1818,2203.2283,18.592148,1409.4921,2194.4177,-18.37077,1633.1876,2577.4226,96.10755,1399.6267,2567.507,-77.14227,1676.2928,2906.0317,574.7993,1377.7478,2924.0432,397.47272,1660.687,2955.3225,595.25507,1406.9434,2969.0916,413.3078,1757.2848,3014.5212,127.00353,1293.1224,3043.0498,-64.41409
tijera_up
IMG_20241017_110156.jpg,tijera_up,311.29865,150.89395,201.23741,319.39468,142.38727,202.77162,321.61392,142.71185,202.74326,323.69324,143.31657,202.64903,315.61227,142.68939,231.57231,315.24725,143.20264,231.5352,314.64886,143.9284,231.5312,333.224,151.54462,188.50691,319.27097,153.30699,316.66248,315.69098,159.39525,192.44049,310.7738,159.3897,229.15004,354.35422,188.23228,66.07865,316.2009,214.3146,365.32712,326.00412,130.06523,8.858671,283.35468,166.44672,517.7917,288.18146,69.112206,118.05112,271.04016,102.809235,640.34814,281.68527,50.80488,120.88583,266.9864,85.96342,657.1265,278.7737,54.63157,128.00343,267.7601,83.351875,661.3721,279.4108,63.776375,125.83216,269.10965,91.17658,640.65393,331.49707,326.46936,-98.060356,305.1223,336.33197,97.83643,323.02786,439.89655,-207.33604,306.62646,450.65265,32.1577,359.122,574.0739,-284.66562,340.45593,571.2164,-18.469046,380.24216,596.19885,-292.37967,360.1297,593.1111,-28.030037,320.54507,620.0919,-378.39468,293.1677,593.5191,-82.578064
tijera_up
IMG_20241017_110157.jpg,tijera_up,307.28906,155.17967,201.56918,316.4002,146.11673,202.1599,318.91187,146.1958,202.1456,321.21857,146.4813,202.06613,312.6107,145.8601,231.11836,312.51324,145.85118,231.08351,312.25473,146.04123,231.08272,331.42322,152.3843,186.6195,319.2054,153.04204,315.39444,311.75198,163.18036,193.09087,307.16568,163.03488,229.86118,351.56784,187.69261,71.08129,313.07,210.2742,361.0335,322.89066,130.14644,42.749012,278.31848,167.34093,522.30225,284.8988,72.77841,175.95819,266.81076,105.800606,656.8133,279.29224,53.656815,185.58461,261.5875,89.61205,676.30743,277.91788,57.132984,187.37161,263.75046,90.2694,677.69324,278.2618,65.79785,182.54031,265.54385,94.705154,656.8065,328.45197,325.50076,-100.62688,303.0367,333.07227,100.407555,323.21774,438.3979,-228.5566,307.94482,446.6917,39.206078,359.44278,570.6299,-317.50766,341.14032,566.3479,-6.0646405,379.30637,594.6459,-326.28336,359.92184,589.7848,-14.99951,314.28082,596.493,-417.9539,293.78906,590.94073,-69.15712
tijera_up
IMG_20241017_110207.jpg,tijera_up,1615.7626,1669.8755,-1130.9365,1604.1748,1642.0884,-1028.7429,1606.1277,1642.0911,-1028.4246,1608.0762,1642.0786,-1028.3472,1586.2256,1643.4904,-1069.1726,1575.839,1644.482,-1069.2472,1564.6373,1645.3645,-1069.437,1586.0079,1659.9023,-547.7347,1521.5342,1661.9717,-729.33264,1613.125,1699.3304,-956.1582,1591.797,1701.0824,-1009.7981,1691.1823,1797.4724,-350.73523,1390.9761,1816.0714,-755.4632,1872.4991,1666.981,-768.17554,1255.2244,1662.8009,-1445.7772,1819.0624,1450.609,-1217.4558,1417.4358,1463.8196,-1804.9377,1807.3816,1384.0776,-1362.9948,1445.1648,1400.2426,-1986.9199,1781.454,1384.3602,-1329.7703,1465.5277,1407.268,-1906.9875,1777.5781,1411.5623,-1232.7065,1460.9299,1435.5189,-1793.7177,1660.4689,2339.3118,79.87368,1448.6228,2339.941,-80.50554,1771.9504,2694.292,163.60954,1331.7484,2663.2932,-73.505264,1879.291,2972.9172,1007.9214,1215.3191,2980.7563,581.4925,1866.0137,3017.3574,1063.124,1227.7588,3031.2837,618.65625,1930.3385,3077.0286,581.66895,1141.4089,3099.1926,107.05716
tijera_up
IMG_20241017_110208.jpg,tijera_up,321.43124,138.95111,238.83653,330.89502,131.86243,244.41605,333.25595,132.2506,244.38695,335.5572,132.80263,244.29935,326.82782,131.8127,268.62375,326.3115,132.24428,268.67578,325.72617,132.79266,268.73593,344.49866,140.58478,257.92792,331.31522,141.10129,365.77567,324.9503,147.89883,241.39957,319.843,147.95961,271.96973,358.301,171.37274,136.57082,320.28452,200.03557,415.47192,333.67038,103.10359,127.721825,316.40146,252.32944,523.693,309.99783,39.660763,319.2736,286.97916,304.20694,601.22394,304.45407,26.699257,331.78073,277.50552,319.88956,624.20416,303.2709,27.511238,341.23877,282.46652,323.3878,602.44495,304.36823,33.84254,328.47583,287.382,317.16827,593.35974,338.23996,303.72287,-99.41801,309.65283,319.04227,99.41923,329.4251,419.8803,-273.7509,312.745,436.6421,28.877075,383.59454,558.84534,-409.5717,354.60446,560.41766,-66.464775,411.2073,581.3594,-424.78592,375.62488,581.98926,-81.443665,341.27307,591.5022,-518.97797,330.60995,595.8161,-137.98671
tijera_up
IMG_20241017_110208~2.jpg,tijera_up,323.3109,133.29315,290.76828,332.43958,126.53613,301.96838,334.54715,126.88887,301.9657,336.58182,127.36888,301.86896,328.50836,126.679085,327.03973,327.84448,127.17643,327.06357,327.04303,127.818634,327.13315,344.6761,135.85753,316.6591,331.1816,136.5832,428.6566,325.35452,141.84036,290.60913,320.04956,142.34294,322.62192,360.95462,166.92276,188.99356,317.37527,194.87503,473.73663,336.96228,100.31774,157.54416,288.0131,173.36551,674.127,312.55087,34.02822,322.375,274.0858,112.05156,866.04285,306.72452,19.794846,336.56992,273.2401,100.39222,894.3331,305.31018,20.999218,338.7543,280.03864,100.01151,900.8893,306.72635,27.336502,328.06238,281.4522,100.524666,869.18585,334.94794,301.4441,-98.145226,308.72678,313.187,98.00245,326.7865,417.42365,-275.6716,311.58783,431.6885,-6.0427804,381.49997,558.0804,-420.89328,355.4507,559.1633,-97.19884,404.78772,578.9114,-436.41217,374.3394,575.56445,-110.73622,330.64294,596.76025,-537.3924,315.12698,585.1647,-170.65306
tijera_up
IMG_20241017_110209.jpg,tijera_up,328.50717,142.17722,308.14444,337.7571,133.94788,318.38565,339.86435,133.86755,318.36978,341.84232,134.08954,318.2552,334.12256,134.81793,344.59827,333.65625,135.27585,344.6124,333.05685,136.00648,344.66006,350.2427,142.3613,322.98648,338.04205,145.42097,441.37506,331.71628,150.62904,303.4447,326.7442,150.71793,337.37457,369.74136,170.29308,201.79561,327.81763,207.97366,466.66302,346.01913,99.44983,157.2667,297.09448,178.13977,659.89905,316.27142,30.641031,308.90356,278.97574,118.91978,845.5393,310.68854,16.8746,319.5276,273.60385,102.815605,868.75916,308.45758,19.428467,323.98938,278.46704,99.16191,873.8116,308.9256,28.010988,314.70267,280.26056,104.937935,847.24634,338.65936,299.67474,-88.097725,317.36316,319.66077,87.898026,330.3117,415.44818,-259.19308,317.61633,430.74316,-4.4957767,384.70987,560.5281,-411.38394,361.1059,560.10754,-110.67477,411.88776,584.1058,-426.72565,389.4813,583.3391,-125.03956,334.34525,590.9185,-520.6078,321.68524,584.85724,-177.89099
tijera_up
IMG_20241017_110329.jpg,tijera_up,1523.6108,1194.6234,-459.32123,1522.0662,1167.0607,-356.7221,1527.8286,1168.2412,-356.57657,1534.3167,1169.4764,-356.6069,1496.5599,1166.4548,-375.903,1483.8326,1167.8517,-375.90442,1470.414,1169.9141,-375.9227,1528.2368,1185.6079,50.01394,1437.5051,1190.3115,-26.79255,1532.9346,1231.4316,-318.59113,1502.1396,1230.065,-341.77704,1620.7764,1341.3414,151.77698,1342.0532,1358.3341,-72.326035,1772.3818,1192.3708,-64.840515,1289.0403,1185.2389,-421.0329,1711.132,973.8738,-238.1743,1390.2969,963.98413,-484.84375,1694.7397,915.2896,-340.2979,1416.0232,889.0545,-616.50464,1671.39,913.0766,-310.50964,1435.7588,893.31836,-567.81195,1669.6643,937.1061,-246.99576,1432.4182,921.7913,-486.6547,1594.8123,1815.7178,20.874905,1413.303,1814.6755,-20.871021,1577.062,2154.1033,132.52786,1415.8019,2138.3076,94.196045,1578.2812,2449.4912,725.5504,1424.9622,2442.8596,709.89233,1560.5239,2484.1155,761.29266,1437.2407,2476.4268,745.3447,1603.2825,2566.5923,326.79205,1397.5715,2556.9277,320.75983
tijera_up
IMG_20241017_110505.jpg,tijera_up,346.8843,156.04572,112.16025,351.03632,143.38615,100.27855,354.03558,141.92152,100.22871,357.30884,140.4556,100.11177,347.06912,145.70947,133.64426,346.84195,145.97737,133.71478,346.56372,146.11375,133.76807,372.28345,139.80359,86.39532,356.99112,145.28227,239.15363,356.74307,161.92534,111.193275,351.2977,164.04427,155.0039,405.14398,170.40468,3.3747265,374.01273,201.46284,328.0346,404.07623,97.968796,-45.510914,374.82526,264.60248,451.41608,377.23764,46.9532,93.0361,361.6405,314.46274,492.59006,370.86157,33.482742,84.59698,356.72552,321.10373,505.8191,369.95425,35.87375,91.613075,358.11392,321.06223,477.22345,374.37018,42.79654,97.63552,360.56552,315.16827,479.85654,386.07452,332.57138,-112.45248,364.40305,337.58136,112.5674,404.2683,452.78378,-199.53581,374.1315,459.096,101.173935,431.5771,589.7455,-245.4311,392.63895,581.7552,114.91435,450.44324,614.93713,-253.92638,408.3809,603.3278,111.87676,395.54416,631.0698,-369.88943,345.91708,609.66766,43.473606
tijera_up
IMG_20241017_110506.jpg,tijera_up,1526.3696,1142.7186,-1426.5887,1538.3167,1109.4496,-1341.3297,1547.448,1110.8207,-1341.106,1556.5615,1112.3845,-1341.351,1502.081,1106.2489,-1357.0071,1488.1348,1105.3756,-1357.235,1475.1367,1105.3579,-1357.0083,1564.2631,1127.6779,-875.1223,1453.828,1121.3807,-953.0747,1545.0647,1176.1064,-1254.503,1504.7267,1170.0571,-1276.6797,1666.422,1277.0459,-573.9158,1363.1006,1288.921,-752.68134,1900.853,1141.9784,-571.39685,1154.5311,1140.0038,-876.9741,2016.4867,934.2777,-908.8823,991.308,921.2262,-1286.8104,2054.12,869.82574,-1021.4253,955.4716,869.5905,-1436.8408,2028.1908,846.232,-1109.9786,969.3448,856.49786,-1491.4192,2009.7887,870.20013,-973.11536,986.0525,872.0706,-1337.4805,1609.1045,1808.797,65.43641,1422.2012,1808.8773,-65.718155,1663.7574,2138.2122,515.1561,1353.1904,2132.6685,66.19053,1697.155,2404.8838,1358.0029,1292.6204,2406.102,704.3201,1661.7163,2447.7363,1417.887,1318.2424,2447.084,741.82745,1763.7612,2533.9453,1000.97656,1223.3336,2537.3345,272.47656
tijera_up
IMG_20241017_110508.jpg,tijera_up,346.8494,152.516,21.61107,353.58054,141.40726,7.0295105,356.0134,140.48051,6.9537654,358.81393,139.58562,6.8757477,350.55966,142.41397,38.29687,350.77322,142.12103,38.30051,351.0062,141.87193,38.272396,373.48105,141.84702,-10.24875,361.651,144.59143,131.82976,354.84717,159.69649,19.255806,350.7735,160.6303,60.21982,402.63428,177.35023,-94.061226,375.19962,202.54813,241.70268,411.94742,97.19207,-308.62662,363.17862,230.03412,475.81262,402.6543,33.91342,-415.8985,337.61472,228.11635,666.37494,392.33453,33.513283,-444.42062,334.64206,207.65643,704.4762,387.18954,34.412457,-438.66412,334.7055,200.5937,690.7884,387.89374,41.981102,-416.95657,336.5177,201.24219,663.8139,384.00876,338.66953,-111.87193,364.16177,345.01096,111.80799,405.291,460.6374,-191.08948,374.58658,464.84222,56.385723,428.29617,592.59753,-230.50836,398.13147,590.6657,47.753433,446.2672,615.75574,-238.07645,412.7087,610.82996,41.10705,381.25092,623.01886,-351.65067,350.86475,612.3957,-36.458893
tijera_up
IMG_20241017_111741.jpg,tijera_up,276.32062,349.19165,-333.30225,277.8212,343.91693,-314.54453,279.8753,344.26068,-314.50513,282.12534,344.63602,-314.56216,271.13464,343.95325,-318.1235,268.2608,344.1899,-318.17697,265.20798,344.45667,-318.1798,283.68207,349.63565,-208.41333,260.11966,348.41098,-226.01997,279.9781,356.85825,-292.94342,272.1934,356.69858,-298.16534,304.42072,383.4342,-159.12022,241.82341,380.1853,-200.8641,327.00455,338.737,-204.96587,229.20396,330.3247,-319.988,333.517,286.03552,-283.3968,220.45901,272.51144,-438.3953,336.66974,271.12997,-314.71994,219.14091,260.00558,-477.0923,332.75027,268.31638,-323.4821,223.90573,257.6672,-474.66367,330.35675,273.34305,-292.8276,225.34833,261.11737,-443.679,290.02487,494.66443,-0.71726125,248.79341,494.20837,0.66471356,282.66196,582.56903,16.080767,258.35492,582.7627,28.01419,279.59982,670.9036,130.13376,262.2697,671.50323,143.04846,278.09644,683.6132,134.69832,264.6269,684.72473,147.6084,282.663,694.8135,19.490065,261.82254,693.5078,35.31109
tijera_up
IMG_20241017_111742.jpg,tijera_up,274.88483,349.60263,-296.46478,277.46152,345.3272,-277.65945,279.59094,345.55817,-277.6301,282.0343,345.77145,-277.6727,270.2842,345.53928,-279.78406,267.41824,345.90448,-279.8023,264.67432,346.2966,-279.78232,283.911,350.84286,-174.7908,259.6196,350.65292,-185.26993,278.68906,356.94843,-258.0485,268.98126,357.2289,-261.329,303.21616,382.04938,-146.87747,241.89421,381.46118,-164.45892,309.7747,329.86368,-235.6677,240.13667,326.33978,-281.99197,313.59406,282.8197,-326.6569,234.38062,275.3735,-382.65826,315.77188,271.44507,-362.5672,232.24701,263.08777,-421.0664,312.39603,270.58694,-365.3693,235.83679,261.91025,-418.93015,310.45215,274.31934,-333.9115,237.90836,266.17847,-388.00568,289.15005,496.13892,-3.2214186,250.01453,496.52725,3.079059,281.43698,583.6987,8.726473,257.9097,585.65985,18.93019,278.04443,670.9718,137.85127,262.29285,670.26764,153.49104,276.0458,681.54926,143.86966,263.42465,682.4546,159.94969,283.69913,696.8241,24.664242,263.29504,695.37756,46.381298
tijera_up
IMG_20241017_111743.jpg,tijera_up,275.28882,349.361,-341.6126,277.96487,344.37555,-324.43488,280.04733,344.58304,-324.39667,282.6755,344.86414,-324.45917,270.63788,344.63477,-326.46912,267.65726,344.95486,-326.51007,264.78033,345.20758,-326.48907,284.89066,349.29272,-223.60638,259.67065,349.22552,-233.36176,279.20987,356.92084,-303.09332,269.77164,356.98724,-306.22232,303.06134,383.1454,-192.6796,241.78625,381.30356,-204.81033,312.31985,331.85236,-285.17337,239.5357,327.00705,-330.03937,318.31708,281.67838,-376.35812,228.99037,271.2852,-442.71332,320.8268,267.62946,-412.86343,229.0066,257.68738,-481.43875,318.02228,267.134,-415.01755,230.9279,255.02808,-479.71274,316.2716,271.6197,-383.64398,232.24248,260.29678,-448.74066,290.90967,494.58643,-6.5683913,250.79593,495.24112,6.4189954,282.99725,583.8318,14.2928,259.32272,585.21655,40.20873,279.72775,668.09894,147.56998,263.5001,667.41986,176.22646,278.39423,678.8283,153.93523,265.20032,678.7692,182.91724,284.01447,692.6704,35.682865,263.5271,691.5266,72.07533
tijera_up
IMG_20241017_111746.jpg,tijera_up,1663.2612,1759.1423,-549.06335,1681.08,1725.0288,-622.0753,1687.7179,1723.5201,-622.0404,1693.9567,1722.0,-622.1647,1674.7253,1725.5782,-518.5152,1676.8773,1724.3873,-518.48444,1679.6052,1722.7596,-518.5597,1745.0015,1728.1355,-765.6459,1725.0488,1725.5693,-307.9204,1684.9998,1784.4192,-586.9554,1675.6165,1784.8912,-454.08972,1808.6118,1907.4778,-925.5892,1774.4778,1895.359,57.828106,1793.4078,2161.4045,-972.22174,1752.8962,2117.2615,254.51454,1794.4282,2355.0647,-885.6448,1755.9727,2275.224,139.0799,1811.0386,2422.3755,-975.8429,1751.1311,2335.0579,151.18796,1794.0201,2421.5022,-967.55475,1752.1908,2328.018,54.269493,1787.5105,2404.228,-875.82367,1759.9259,2337.2986,94.75157,1771.5267,2339.3481,-286.4098,1741.3909,2316.7024,286.1244,1766.1396,2642.4497,-139.81042,1746.8477,2601.5383,525.0923,1761.286,2961.4792,104.04207,1764.1609,2898.6155,832.6824,1793.4115,3025.3813,114.09964,1783.9377,2962.695,855.72473,1610.0,3017.6152,-165.39275,1616.572,2974.9277,707.54
tijera_up
IMG_20241017_111855.jpg,tijera_up,1698.6698,1177.2881,-276.985,1712.1064,1142.8182,-341.5615,1717.9285,1140.4938,-341.77997,1723.6809,1138.1182,-342.0067,1707.7971,1144.4949,-230.51114,1710.5892,1143.3771,-230.34256,1713.9678,1141.7289,-230.37073,1768.8125,1135.0548,-490.00793,1757.0703,1137.4677,17.630278,1726.1475,1193.4852,-315.93683,1720.039,1194.9923,-169.08847,1865.0369,1234.4479,-712.5642,1803.1963,1243.1344,289.2635,1779.0591,1018.1391,-1168.7019,1735.055,1044.8464,539.26575,1663.8193,813.21826,-1301.2338,1641.4717,849.4367,272.07007,1636.2491,761.1244,-1441.6884,1625.367,799.04144,238.02048,1636.2744,752.3623,-1372.2595,1627.9863,784.4497,145.58765,1644.5205,771.3567,-1279.0677,1634.094,804.9053,216.3668,1818.03,1726.601,-341.77997,1777.712,1711.8594,341.54202,1816.7632,2046.7319,-114.691925,1790.6387,2020.7628,550.7264,1814.3632,2350.365,124.15286,1806.0371,2321.8228,857.1927,1847.8733,2406.7412,134.80205,1835.8414,2381.4578,877.4328,1663.815,2386.3643,-137.61395,1645.1539,2365.868,676.4061
tijera_up
IMG_20241017_112751.jpg,tijera_up,1387.0852,1094.3816,-2138.2217,1410.1401,1060.0326,-2101.8828,1426.4982,1058.0306,-2101.3997,1442.7388,1056.1765,-2101.7935,1369.0332,1057.9335,-2080.1013,1357.2424,1054.8105,-2080.6367,1346.0192,1051.8588,-2080.9358,1463.1674,1049.6973,-1755.3442,1331.1681,1046.2249,-1652.6504,1419.5365,1112.4879,-1992.6362,1370.2688,1109.0204,-1963.4565,1571.3159,1166.5181,-1587.0095,1234.107,1141.7091,-1507.3312,1640.9535,891.7451,-1994.4585,1181.634,870.9351,-1844.981,1632.1644,551.81006,-2215.9316,1148.2612,535.68695,-2025.3792,1645.592,460.97025,-2382.7295,1130.5167,452.86008,-2199.671,1612.6335,456.43362,-2372.5938,1181.9836,449.57544,-2190.4932,1591.6995,484.9787,-2237.7236,1198.3727,476.0966,-2052.3489,1503.706,1787.8435,7.278699,1276.3772,1782.9364,-8.42023,1508.4597,2140.2354,481.82642,1253.9152,2142.3003,242.67357,1511.96,2432.6228,1738.5436,1258.8074,2420.081,1407.2971,1475.6516,2465.024,1843.22,1287.3527,2449.199,1500.986,1560.0073,2599.145,1378.2194,1203.2427,2594.7373,1013.5448
tijera_up
IMG_20241017_112858.jpg,tijera_up,278.5879,239.60347,39.409504,284.11926,231.27374,19.887981,285.75992,230.93343,19.820244,287.4834,230.61395,19.790104,282.83334,231.39253,48.458435,283.40027,231.15683,48.518703,284.07962,230.91478,48.480236,298.00888,233.68555,-23.117018,294.37967,234.10042,105.749504,282.72903,246.91705,28.07891,281.06952,247.08456,65.29551,307.95264,260.51358,-123.113144,306.69662,274.97128,204.3211,308.1571,304.47623,-223.80348,312.93103,336.89227,256.02603,266.88672,332.75592,-263.05157,305.53857,372.6885,228.67572,258.00403,342.84717,-291.61697,297.52936,392.65698,232.07649,255.00975,340.92792,-282.7793,294.5037,390.5867,206.99574,258.77347,337.62234,-257.53864,295.76376,385.3925,215.83278,317.4492,396.13824,-93.21136,301.86624,398.74005,93.13676,320.02722,499.67548,-102.50669,304.1852,497.5606,79.24033,331.95734,603.39496,-100.641235,321.9005,597.33984,79.20418,343.6715,622.1454,-104.22112,331.2335,615.8276,74.98644,286.61972,623.45984,-184.8113,280.89697,618.6759,18.741453
tijera_up
IMG_20241017_112904.jpg,tijera_up,298.19623,239.26518,127.029434,302.2714,230.88736,115.04033,303.9964,230.25346,115.00583,305.75143,229.72539,114.91583,300.34622,231.751,143.5444,300.59134,231.7793,143.53334,300.84045,231.91228,143.53798,315.3927,232.18506,77.61415,307.36563,234.51224,205.82338,303.93323,244.01483,115.57971,301.55432,245.39192,152.10457,337.79443,258.89832,-19.867857,311.76324,270.60748,265.13446,310.74637,202.93503,-60.963623,299.55756,224.48628,384.6449,290.1631,143.18958,36.790665,293.66577,179.85985,434.38547,286.35458,129.2392,35.19318,290.73535,167.68071,439.95346,288.28033,130.13441,33.748367,293.02484,152.31065,432.31125,289.42673,136.12712,40.27681,291.20193,163.92691,428.56924,325.25708,377.85583,-93.2273,307.32727,385.22427,93.13614,323.47012,484.01743,-140.9889,304.8987,484.95248,58.22309,338.48517,597.09546,-177.2497,333.17587,584.6653,31.108147,349.40567,617.6337,-182.53539,343.15222,607.8517,24.243864,291.20746,618.2392,-266.0341,288.43552,610.18896,-25.05118
tijera_up
IMG_20241017_112905.jpg,tijera_up,292.45837,234.98549,85.96109,297.9001,227.22273,74.77808,299.68106,226.86848,74.736244,301.44647,226.57631,74.64569,295.6298,227.75468,102.01848,295.81555,227.77281,102.01606,296.08707,227.84338,102.0093,310.31552,229.178,44.293007,302.80148,230.55864,167.41002,297.31073,240.51971,77.38197,294.72852,241.28265,112.43244,330.047,258.69376,-48.053368,304.37344,268.3276,232.26591,305.8374,203.6638,-114.339676,286.25485,219.57083,314.42932,286.24338,146.00215,-61.612698,280.33472,166.22072,314.24124,281.0813,132.19547,-74.161896,280.39703,156.20186,309.57727,282.62286,132.81042,-73.261406,286.19553,151.32437,301.78397,283.97574,136.79317,-59.350796,286.20798,154.12508,306.31375,317.1205,380.3672,-93.80122,301.03983,385.65552,93.69502,319.40643,485.13495,-132.28537,304.14856,486.42178,65.9395,340.05887,597.5011,-153.65823,332.1796,587.0602,51.66527,352.59003,616.82294,-158.78853,343.32358,608.55707,45.530804,293.11853,619.95056,-250.06224,285.87384,613.2803,-9.967363
tijera_up
IMG_20241017_112906.jpg,tijera_up,278.93768,228.64409,115.45943,283.40677,220.79196,98.46933,285.04315,220.37077,98.423515,286.60495,219.96631,98.329414,281.52628,221.45662,130.19092,281.814,221.55104,130.20232,282.09036,221.63324,130.22032,295.50192,222.13359,47.476177,289.38602,224.01094,191.41273,283.69635,234.59196,100.29323,281.86182,235.5106,141.27364,312.43326,248.94495,-53.69973,294.44354,261.57437,257.43497,285.87796,190.95645,-105.079605,279.56412,223.76662,386.28894,271.3319,136.62537,-14.43977,284.11264,191.34021,446.1751,267.49435,122.81916,-20.433645,275.87247,175.48372,454.57016,269.51227,124.00983,-22.672424,282.10364,172.90294,445.6289,270.939,129.81491,-11.550302,280.94354,174.85141,440.23544,299.5622,375.5637,-101.46582,287.14938,381.33713,101.344406,308.4207,481.90424,-148.39449,293.83633,484.06192,72.924805,332.75174,590.02423,-177.48291,325.65677,584.6505,57.880753,348.89615,608.17926,-182.12766,341.14517,603.2771,52.095634,290.67197,621.1987,-270.51016,287.8592,615.5896,-1.8000671
tijera_up
IMG_20241017_113133.jpg,tijera_up,321.20795,250.70024,-227.68721,323.96152,244.23111,-208.1168,326.10587,244.26718,-208.10974,328.33377,244.38412,-208.15498,316.46793,244.77525,-208.69124,313.97003,245.05466,-208.71495,311.4489,245.382,-208.71951,329.99356,250.04718,-108.03323,306.28824,250.78166,-111.19336,324.804,258.44894,-190.40231,315.59003,258.20306,-191.48038,345.36847,283.34766,-92.28438,294.45187,285.0663,-83.651245,349.2535,224.8129,-155.97476,287.3546,222.63828,-173.29257,343.33652,166.72864,-208.95445,295.72275,162.00853,-258.31622,340.48715,150.35846,-243.11021,297.86008,146.88971,-292.94968,336.27502,148.83655,-244.71542,302.06396,145.62157,-293.00323,335.00137,154.57782,-214.12498,303.10175,150.79877,-264.00964,335.75348,402.33084,-14.073398,298.53232,404.25638,14.09851,336.51917,499.07874,-35.119076,296.079,500.1536,8.352717,326.98602,599.66986,52.18436,306.8732,598.38074,96.07046,325.57373,613.55176,53.26585,309.6077,613.02185,97.35692,332.08966,627.8005,-59.736694,299.94943,627.95056,-6.539758
tijera_up
IMG_20241017_113134.jpg,tijera_up,316.94156,254.39,-291.10745,320.30447,247.57626,-273.9043,323.02484,247.54767,-273.87653,325.70837,247.5542,-273.94214,311.9636,248.16139,-272.51956,309.02136,248.34697,-272.54218,306.34464,248.71072,-272.507,328.4113,252.37656,-177.2508,301.8584,253.74413,-169.79297,321.60275,261.42398,-254.45412,311.27313,261.75958,-252.5699,345.86383,287.26086,-164.04245,289.3609,288.7283,-137.15889,353.36646,233.41975,-261.35983,279.02844,227.52351,-252.79247,353.5403,174.06544,-336.50952,285.789,165.86185,-371.60803,354.76807,155.20366,-376.2687,286.00916,150.19153,-415.6001,349.71814,153.26576,-378.74353,290.83038,147.77615,-412.46356,346.36923,159.63948,-342.70428,292.8126,152.439,-378.0098,333.07364,405.94177,-14.69976,292.4945,407.25287,14.612546,335.28818,502.60504,-14.910502,289.53027,505.7629,28.100658,328.51968,598.8868,121.63308,304.78693,599.2144,153.5252,325.9352,609.10596,127.7056,308.22833,611.3944,158.49825,326.13828,631.46765,0.36839208,300.13275,632.6587,47.437454
tijera_up
IMG_20241017_113135.jpg,tijera_up,316.9289,262.01788,-228.19443,319.97043,255.38,-208.83514,322.3816,255.30663,-208.80907,324.88678,255.41095,-208.84059,311.89096,255.66344,-209.00584,309.0641,255.67,-209.03941,306.2639,255.7364,-209.0488,327.2503,260.15808,-111.50693,301.48862,260.76855,-112.04872,321.24973,269.31647,-192.04407,311.1203,269.1684,-192.38254,342.386,293.6648,-98.8515,289.9219,296.54755,-82.19497,347.514,238.25255,-171.3145,277.5669,237.15312,-183.85257,345.76236,182.36703,-227.87799,286.98694,180.04858,-281.336,344.91818,165.02998,-261.48386,286.6537,162.93637,-317.3602,339.6315,162.84528,-262.1974,291.74594,161.21872,-313.5296,336.9521,170.10846,-232.79695,294.05005,168.4433,-285.93765,331.63278,411.98157,-17.417404,295.4516,413.8122,17.388145,334.19373,506.6039,-23.636251,292.6723,506.1996,15.85263,327.67728,602.6807,71.52621,305.4177,601.96893,111.021065,327.07568,614.0906,73.09908,309.29095,614.2905,113.55189,325.98978,629.3799,-45.090683,300.9996,629.97174,11.581385
tijera_up
IMG_20241017_113707.jpg,tijera_up,357.3198,260.38324,-71.196434,353.20828,249.73566,-59.740368,351.9959,249.1115,-59.76561,350.74918,248.72968,-59.7206,352.27884,250.08585,-90.74124,350.42197,249.66031,-90.74741,348.46658,249.42456,-90.76234,338.82904,250.56398,5.786883,335.9648,249.83636,-138.65295,351.30405,266.98624,-43.06003,350.07037,267.09418,-84.94693,329.65576,283.77386,88.0231,312.654,279.7102,-198.31573,337.2069,232.09157,167.64423,309.01624,225.81963,-330.49176,328.95264,181.38586,76.779625,315.40112,156.64255,-366.89584,326.3456,166.33589,61.333267,314.49973,137.4747,-396.3357,323.54398,163.7612,44.40178,311.36047,137.93668,-390.78198,324.47412,171.62263,63.436234,311.8761,145.17688,-364.20618,323.87692,418.75452,109.446625,311.09863,424.16223,-109.44548,323.60233,489.0517,248.93324,304.9613,517.65906,-114.14782,319.72525,563.4432,399.11176,298.06387,622.81116,-104.06536,311.86508,574.34045,410.89145,285.95776,640.0084,-108.77527,353.45355,580.2867,383.15857,340.30676,651.8992,-208.51814
tijera_up
IMG_20241017_113708.jpg,tijera_up,339.40335,262.72186,-66.8388,335.94266,252.83441,-55.76536,335.26675,252.4714,-55.773182,334.58618,252.224,-55.71739,334.23312,253.23114,-83.06525,332.2397,253.12463,-83.064735,330.1244,253.09724,-83.059944,325.6932,256.1263,7.4329658,319.29913,255.96333,-120.180534,335.6685,270.13916,-40.1661,333.60764,270.8142,-77.253105,323.98743,294.66006,93.033066,305.02518,289.65427,-189.13312,326.437,240.50165,180.58212,306.02188,234.12947,-313.61646,322.7722,187.51259,104.15248,309.25183,165.5995,-357.09097,319.7099,172.56157,91.18259,307.01935,146.52574,-391.18774,317.67694,168.97855,71.50184,304.28885,145.92648,-387.77417,318.72006,177.64035,90.41993,305.55807,153.21805,-355.6315,323.1351,423.9301,102.59245,307.0062,426.8797,-102.63476,323.15796,503.52664,238.2445,307.92838,520.0432,-111.47232,316.55655,569.88416,382.3265,300.32675,631.77795,-108.03981,307.11563,583.66925,393.40015,289.0872,645.8818,-112.850266,349.45743,591.7058,363.7809,340.22083,660.0411,-211.96498
tijera_up
IMG_20241017_113709.jpg,tijera_up,382.33322,273.38354,-79.4603,377.60043,263.58112,-66.51269,376.67184,263.12683,-66.518906,375.61624,262.8506,-66.497406,375.7024,263.44064,-96.555855,373.4926,262.78928,-96.55773,371.12146,262.25806,-96.57582,364.08987,265.15903,7.361768,359.5047,263.0456,-131.82425,376.35367,279.8227,-48.48334,374.3005,279.60434,-89.14223,354.65665,303.52353,110.922165,330.42188,292.0279,-201.37459,369.41382,263.435,279.764,336.22385,234.4243,-373.31046,359.10083,222.27638,292.4881,342.5166,169.27377,-465.50934,359.47412,229.03656,302.63126,341.53613,147.35759,-503.91608,358.08554,223.08282,280.53244,339.73727,147.11469,-497.97983,357.1006,211.64836,281.38834,340.32034,154.69174,-464.02344,352.43994,432.22833,109.06423,332.49936,433.51572,-109.06455,351.10995,511.3896,260.76834,333.60294,530.77264,-147.84955,347.27338,586.09784,417.99744,332.21185,639.6206,-169.98561,336.7895,601.08466,430.05038,322.59045,657.0227,-178.51524,385.6256,597.57983,394.0056,379.88458,671.28503,-288.7536
tijera_up
IMG_20241017_113710.jpg,tijera_up,390.03696,276.74283,-62.72999,385.32886,267.30756,-51.68069,384.48514,266.86014,-51.710957,383.5551,266.5423,-51.658413,383.38864,267.20862,-81.924484,381.26825,266.61105,-81.919365,379.1175,266.11258,-81.91608,372.55704,268.7278,10.042602,368.057,266.8709,-130.46432,384.9945,283.57516,-36.210064,382.8164,283.1798,-77.099495,362.9022,305.4863,90.832924,342.8012,295.843,-195.08228,363.15887,244.22722,163.60358,352.20807,233.63567,-322.8684,362.2792,189.39331,56.728687,353.55743,168.61319,-355.94638,358.20407,169.70183,37.910625,350.94156,149.58102,-386.87845,355.63803,165.86691,20.562449,347.7233,148.28032,-384.7317,356.97443,176.04639,42.69155,348.68018,155.09915,-354.433,356.09448,435.0381,108.72685,341.8321,438.36337,-108.71864,358.56345,512.32,237.53725,346.2004,535.61884,-138.93004,351.1572,588.04395,381.36322,341.8906,647.7439,-156.74834,343.28897,598.92804,392.18033,331.03055,663.95154,-165.35101,390.77536,598.3914,361.668,388.08487,677.78217,-274.4188
tijera_up
IMG_20241017_113711.jpg,tijera_up,286.3459,226.78609,-338.83188,289.25668,221.74768,-319.7432,291.8596,222.1764,-319.67618,294.5421,222.70987,-319.74127,281.22037,221.34209,-323.8916,278.12723,221.33772,-323.974,275.11172,221.3944,-323.94766,296.54102,228.90082,-208.63553,269.22183,226.73845,-227.98503,291.0116,236.44342,-297.1637,280.09064,234.91864,-302.8797,320.01675,268.25757,-128.78433,244.34355,267.65317,-178.59795,363.59067,231.94872,-111.16651,207.53828,230.2978,-235.45859,400.12033,182.04768,-167.40437,172.46385,179.37946,-357.0088,410.07736,172.05699,-185.74185,158.48282,168.92662,-394.50983,407.0489,171.54579,-211.89247,161.2722,165.61394,-404.49316,402.57074,174.6421,-183.52675,166.76318,169.63618,-368.37613,304.72073,386.90802,10.622254,255.58821,386.10657,-10.717142,321.91525,486.90356,18.582888,229.2532,485.51782,-22.47921,357.2287,578.3054,120.95151,192.00919,577.6638,67.76272,354.10916,591.8536,122.93778,195.98036,589.72833,68.435005,372.99542,604.9437,-9.47542,177.13956,605.548,-64.023155
tijera_up
IMG_20241017_113712.jpg,tijera_up,285.24728,227.13818,-334.86407,289.13773,222.61209,-313.623,291.89993,223.27594,-313.5436,294.61697,224.11533,-313.60385,280.93024,221.76814,-318.9352,277.75177,221.68195,-319.0091,274.6485,221.73933,-318.98257,296.71954,231.2005,-196.6989,268.5702,227.62799,-220.99748,289.82834,236.63382,-291.43185,278.36258,234.43883,-298.63953,319.349,271.01544,-112.49711,242.67017,269.29678,-175.87344,361.8884,230.38425,-69.22652,204.39328,230.52411,-239.45218,396.60617,182.55551,-97.17905,171.79802,181.2424,-360.0031,407.13126,171.81656,-107.867256,157.43808,169.61646,-396.93408,403.53485,171.60194,-134.62141,160.20279,166.61853,-407.0897,398.8556,175.40343,-112.72405,165.69879,171.22166,-371.37347,304.04544,387.8132,11.603895,254.39183,387.06952,-11.707219,321.91006,487.83017,4.67016,229.1909,486.18713,-23.832827,357.94333,579.16113,97.20049,192.47693,579.15967,63.05747,354.3522,593.54095,97.81822,197.38669,591.9328,63.181034,374.61383,605.82733,-38.20924,174.55147,606.936,-69.54856
tijera_up
IMG_20241017_113714.jpg,tijera_up,289.22073,226.3605,-393.6049,290.80496,222.21938,-372.7492,293.00073,222.85895,-372.66293,295.17294,223.57266,-372.7324,283.3853,221.40164,-381.15625,280.40237,221.41028,-381.24887,277.3116,221.44861,-381.23392,295.02222,229.85658,-249.09583,269.55487,227.65565,-288.4275,292.9039,235.90161,-346.77432,282.69794,234.01332,-358.25626,321.1779,271.6832,-143.181,241.88707,270.50644,-243.3393,369.89923,241.42078,-81.70854,199.66411,233.41624,-291.62973,406.7603,201.67517,-116.382416,163.10506,186.99815,-388.1988,417.75842,190.54582,-125.50906,146.90616,177.77777,-422.168,416.0876,188.89806,-157.73347,148.54082,175.11046,-438.90796,411.56445,192.5739,-134.18791,154.19122,179.22504,-401.17957,303.68735,389.12418,22.062046,253.39447,388.14478,-22.157475,322.44254,489.27628,15.102772,227.68216,489.6493,-37.464527,357.24643,578.93445,116.9638,191.3838,580.2391,54.355854,352.86044,594.9216,118.538284,197.97278,592.76825,54.93854,375.9963,604.965,-13.031505,174.47278,608.12506,-80.45139
tijera_up
IMG_20241017_113715.jpg,tijera_up,376.32635,194.95023,-158.71417,371.16486,185.10947,-150.41856,370.2255,184.656,-150.41702,369.18225,184.07779,-150.4267,369.69766,184.79744,-181.14955,367.90723,184.31488,-181.20284,365.993,183.78955,-181.22853,356.27127,185.32054,-88.92457,354.31482,186.17151,-227.74785,370.94214,205.90137,-130.32599,368.53693,205.46397,-170.47455,346.45694,238.67316,8.425908,331.6019,238.80362,-265.89685,349.42194,312.51205,66.68117,335.019,323.10815,-274.2392,351.7878,382.25604,43.770683,354.997,397.51306,-231.1254,352.39008,398.0755,40.506397,352.89972,417.18503,-255.05539,354.0174,401.0543,19.095236,357.87903,417.11728,-253.70705,354.43805,393.9127,32.60223,359.63596,411.24823,-228.81268,345.50455,379.7245,84.120026,341.163,381.80957,-84.240105,341.97885,466.47052,184.38892,343.33624,472.7492,23.96384,341.99045,547.59607,315.30377,344.0558,560.09503,156.23444,330.82095,564.27454,326.09933,332.45215,578.2125,166.32632,380.4514,560.6611,289.1507,386.5883,576.42755,103.02116
tijera_up
IMG_20241017_114216.jpg,tijera_up,266.7023,247.27084,-470.95956,273.62323,240.79979,-456.19534,277.54507,240.79826,-456.0935,281.26605,241.00075,-456.16632,263.81436,241.392,-456.51508,260.9671,241.60825,-456.63947,258.20947,241.89992,-456.6326,287.93494,246.69685,-350.85257,257.7849,247.28651,-351.23413,274.25812,255.27682,-430.1596,262.48236,254.65157,-430.29507,308.62677,285.31726,-277.5691,243.26195,287.1755,-283.1211,343.38812,238.08661,-343.2895,200.2208,243.3507,-331.94662,376.63458,191.63275,-463.67548,168.35516,196.01283,-431.80722,388.1846,180.27577,-498.86578,158.20177,185.35585,-464.71042,384.45483,178.9686,-516.3442,159.8274,181.78792,-482.53595,380.1935,182.56035,-478.9053,163.95868,185.98361,-445.47797,301.651,394.6878,-5.353025,253.19199,397.09653,5.1700854,322.51877,487.60342,-37.509335,228.14977,491.1057,-0.6569224,350.84186,579.38306,69.89072,192.5942,578.3119,105.4841,347.1781,592.2441,71.75853,195.88953,590.5286,107.48227,361.5239,608.372,-64.78379,172.00269,606.8731,-13.8170805
tijera_up
IMG_20241017_114217.jpg,tijera_up,271.2174,244.30165,-437.5083,277.90143,237.12997,-421.92685,281.3551,237.30145,-421.85043,284.86014,237.51797,-421.9275,267.32242,236.6971,-420.35892,263.86316,236.50403,-420.47,260.50854,236.40161,-420.44394,290.28638,241.9799,-313.39557,258.7553,240.42075,-303.88824,277.46677,253.07288,-394.9757,265.00058,252.48938,-392.29016,309.7208,278.24857,-249.32692,243.85782,281.17917,-219.0107,340.3795,230.48383,-319.5687,200.91847,239.74886,-234.5761,374.59952,181.18654,-454.68982,166.00632,188.3889,-316.67554,387.45697,169.7146,-494.78976,153.05473,180.52655,-344.48148,384.1184,167.55338,-511.7631,154.69919,176.20427,-366.31042,379.64398,171.4366,-470.31433,160.0384,179.49178,-331.3143,304.86865,394.42264,-22.164627,256.69073,397.34903,22.024393,324.27582,488.71323,-49.732765,228.56715,490.23193,29.314716,354.09186,581.53827,54.08371,191.21704,577.6439,132.57948,349.8168,594.71625,55.80943,194.4194,590.7197,134.29646,362.52768,606.7236,-78.842255,167.43906,605.41174,16.90207
tijera_up
IMG_20241017_114217~2.jpg,tijera_up,274.18695,243.02931,-437.10605,280.12854,236.6605,-422.80765,283.5799,236.75821,-422.73312,287.01617,236.9555,-422.81198,269.77548,236.62634,-420.42953,266.31882,236.65543,-420.54422,262.77408,236.78745,-420.52072,292.15585,241.89728,-320.11523,260.38528,241.10632,-306.76303,280.566,252.16852,-396.81262,267.5928,251.77791,-393.04694,312.50656,280.2446,-265.79584,246.012,282.8218,-215.02321,342.69028,229.47478,-350.35834,202.2925,240.88916,-211.1207,376.6671,180.79237,-494.4663,167.7109,190.25653,-280.87335,390.17557,169.85461,-535.92584,155.12485,182.1346,-305.01257,387.35748,167.72647,-552.98065,156.45003,178.56667,-327.71176,382.3975,171.21277,-510.08884,161.21132,181.87349,-295.6002,304.55542,394.79724,-26.50427,257.64435,398.25522,26.385588,324.5439,488.95807,-56.05082,229.60362,490.81384,26.377043,353.27832,581.8991,46.78087,191.78546,580.04706,129.2653,348.47076,594.4124,48.290207,195.12756,593.4271,130.65056,358.4346,606.7025,-87.694984,168.03363,606.002,13.410573
tijera_up
IMG_20241017_114218.jpg,tijera_up,278.0425,245.19124,-490.64374,283.20197,237.74004,-476.53616,286.5154,237.87752,-476.44238,289.6993,238.19403,-476.52054,272.5219,237.76009,-478.78253,268.64005,237.70132,-478.91025,264.8119,237.73643,-478.87573,293.55737,243.16501,-368.21735,261.17944,241.83626,-377.14008,283.12976,254.4721,-447.89862,270.66776,253.92044,-450.46143,312.54398,281.14328,-301.5566,244.5742,283.04297,-298.9668,342.63794,232.9278,-387.862,202.26228,239.1304,-345.13046,376.73834,182.68016,-526.87775,168.00992,191.78687,-441.2608,388.89975,171.83783,-569.0626,155.45483,183.22072,-474.0194,385.53775,169.82529,-585.7743,157.65256,178.66206,-494.25125,381.1582,173.28267,-542.66266,162.59943,182.17159,-455.71042,307.26474,395.14514,-9.554776,258.05524,397.89096,9.407146,324.31024,487.9225,-32.983036,230.87486,489.4105,6.640017,351.17593,581.82294,67.905045,193.77881,578.6014,108.581535,347.63275,594.4375,68.91228,196.6979,591.9042,110.068375,357.93253,608.82654,-68.18545,170.6844,605.7869,-10.312331
tijera_up
IMG_20241017_114220.jpg,tijera_up,276.709,251.65506,-452.66876,282.10498,244.64078,-438.819,285.413,244.7302,-438.73862,288.6338,244.94434,-438.8177,271.7333,244.40451,-439.71774,268.19443,244.29002,-439.83945,264.5987,244.30533,-439.82074,292.9534,249.49413,-335.15985,261.69946,248.52655,-338.13486,282.3971,260.74176,-411.6777,270.11606,260.4826,-412.59854,312.64938,287.05615,-270.2896,247.11511,289.67728,-252.11284,343.0058,238.1493,-330.4063,202.80939,248.95413,-259.999,375.0972,186.91115,-455.39536,170.91188,196.16864,-334.819,386.08417,175.59158,-493.531,158.80301,187.73376,-361.91394,382.458,173.61856,-511.35843,160.99731,184.08504,-381.5471,378.7633,177.28667,-470.6115,165.5594,187.0914,-347.99103,305.54797,398.97488,-15.16066,259.0654,402.65323,15.022808,324.46918,492.09146,-38.043983,231.12057,494.76605,18.845264,351.94492,585.0313,64.37307,192.81111,582.34406,120.29619,349.19357,598.095,66.24414,195.23672,594.46936,122.07196,360.57465,613.22424,-66.84315,172.34209,610.44025,4.2487254
tijera_up
IMG_20241017_114710.jpg,tijera_up,285.7049,219.68065,-363.00592,288.32547,213.87325,-343.31573,290.86597,214.28537,-343.24402,293.3507,214.86177,-343.3047,280.2587,213.82819,-346.12595,276.96927,213.97964,-346.22302,273.85416,214.29054,-346.22186,294.8968,220.73012,-235.46469,268.33572,220.33472,-248.87994,290.2608,227.8695,-323.02322,279.26758,227.21838,-326.9873,316.4643,261.33212,-171.3785,246.89066,260.97375,-199.61237,352.37225,207.81236,-178.39928,215.96904,209.88646,-238.66408,385.47287,153.89616,-236.87502,188.13065,152.47993,-309.12073,396.4623,141.37082,-260.4032,182.87988,138.39534,-339.6832,392.8492,137.50903,-278.26715,187.02432,134.5239,-346.65857,388.59348,141.97002,-250.46404,189.96127,139.19766,-318.02002,304.82364,387.3893,6.3547406,256.6199,387.5345,-6.4412556,329.7712,475.5412,1.553846,230.41681,477.52615,-33.422802,362.0091,568.2858,104.48883,189.2861,568.8122,74.59781,355.36227,580.8688,106.61076,194.37039,583.4988,76.755646,383.76892,594.4417,-14.257713,162.93457,597.1881,-45.403923
tijera_up
IMG_20241017_115055.jpg,tijera_up,401.1266,174.01869,-194.0955,397.67087,165.25826,-177.65765,397.69,165.19318,-177.61484,397.63904,165.1059,-177.58862,393.69623,165.48535,-205.60896,390.83612,165.57838,-205.6302,387.74258,165.64368,-205.646,388.15027,169.69142,-80.97266,376.21616,170.01997,-209.83357,398.87363,181.74725,-154.87634,394.07114,182.62373,-192.22903,382.14688,214.83893,58.267403,359.89526,214.97932,-273.62567,380.6468,279.6148,243.6506,365.9406,146.59503,-477.74826,386.31406,324.0385,286.62677,373.49738,70.454926,-589.9474,386.7285,336.8213,310.5428,373.7651,56.011906,-637.43536,386.68698,335.56024,279.9071,373.59113,51.08445,-620.28595,385.89432,330.82297,275.3902,373.24423,58.48958,-587.2819,366.83908,350.48557,108.15591,362.73013,363.42044,-108.44896,363.74442,413.208,355.9632,364.14725,442.72256,-25.537374,362.56308,479.23508,593.19293,350.198,538.16626,69.20533,355.25705,488.6841,614.97046,340.80154,557.149,74.81054,392.02396,494.318,581.5718,389.3467,567.00757,-23.668257
tijera_up
IMG_20241017_115055~2.jpg,tijera_up,397.2122,199.9989,-177.07314,396.06567,189.45753,-155.44861,396.2649,189.11285,-155.41977,396.44904,188.82005,-155.38515,392.37143,189.62163,-183.05031,389.79544,189.38301,-183.06332,387.00586,189.213,-183.10068,388.60135,190.70242,-46.20176,375.96176,191.23787,-172.75407,394.88644,208.1622,-134.18262,390.4482,208.44028,-170.802,384.2838,228.60999,89.054245,356.69757,233.11777,-241.68951,388.23462,222.36247,285.01263,364.14017,166.79189,-443.0087,384.0457,212.36198,329.0537,370.17642,98.25903,-547.5983,380.7251,214.38596,349.9601,369.44193,82.19473,-585.0403,380.7147,208.16502,331.18192,367.9677,81.74005,-577.49896,383.48773,208.19566,321.04993,368.30936,85.78683,-546.22174,367.7122,369.89203,113.855965,357.69403,383.3387,-114.08655,364.65897,431.35315,327.6559,359.3486,462.22528,-63.873165,358.4277,501.92288,523.8653,346.50687,557.3512,-2.4796286,352.3921,511.59863,540.8989,335.13046,576.9083,-0.07492493,389.67673,518.98096,515.1557,385.47638,589.759,-91.39218
tijera_up
IMG_20241017_115056.jpg,tijera_up,400.8433,212.1507,-199.53455,397.7568,203.55428,-186.72694,397.75296,203.3873,-186.68571,397.7737,203.27373,-186.66705,394.2713,203.9716,-215.24599,391.68466,204.04079,-215.27736,388.84018,204.11887,-215.32048,390.3533,207.35379,-101.68467,377.70587,208.075,-232.65228,398.11728,220.07571,-164.14139,394.0091,221.43538,-202.12584,386.63464,253.27322,29.799793,360.3451,251.65775,-290.72546,392.13004,262.1449,237.14967,361.6201,184.47174,-473.39536,394.5516,263.58655,291.69897,372.12045,107.87044,-561.47327,391.80478,268.82495,315.25113,372.44446,94.576294,-600.56714,393.8294,261.427,290.36282,372.3504,84.78321,-586.67316,396.54144,259.80136,282.06656,371.27673,94.68261,-558.34174,368.26962,386.42178,104.25358,362.94092,398.66074,-104.46577,362.36252,448.9437,345.0701,363.06204,476.7095,-14.728065,359.59262,514.28864,562.9577,347.74893,573.35913,84.38062,352.79184,523.06104,582.544,338.5991,591.00275,90.44647,386.00235,531.3707,544.27637,385.06592,603.1426,-7.720099
tijera_up
IMG_20241017_115057.jpg,tijera_up,404.39047,229.47588,-203.12453,399.96796,220.69496,-185.86859,399.73267,220.65619,-185.83417,399.47363,220.5901,-185.82455,396.96857,220.62366,-215.98228,394.51675,220.52528,-216.01292,391.82562,220.33255,-216.05502,390.33032,224.839,-87.4787,380.36877,224.01074,-226.16936,402.17184,237.08371,-163.55135,398.39877,237.71277,-203.95427,388.07806,270.3794,54.547726,359.29843,266.98083,-289.47293,381.46805,327.26526,258.6418,365.81223,196.63304,-507.78113,382.56424,367.9405,338.01727,374.64523,122.600586,-637.0882,381.59076,380.72766,368.6144,374.70132,108.002785,-687.3065,382.0507,379.22958,337.0712,374.08783,106.714066,-667.66,382.09418,374.03802,327.4608,374.21973,110.337585,-633.9704,370.62866,400.40582,110.77148,360.0494,407.26303,-111.046875,369.39835,472.87994,336.63992,360.81003,495.73734,-48.435184,362.33313,533.565,566.1609,349.59634,590.81195,30.31309,354.07776,543.6866,586.7381,339.24792,606.6554,33.331013,395.07367,551.41565,544.568,391.89944,617.9154,-76.01406
tijera_up
IMG_20241017_115059.jpg,tijera_up,275.03323,252.92404,-283.13748,279.50217,246.03181,-264.24182,282.42886,246.03357,-264.21323,285.07697,246.29378,-264.27832,270.57996,246.63472,-265.08014,267.5032,246.81532,-265.1267,264.52078,247.14832,-265.09335,289.03128,252.20816,-161.46605,261.12946,250.88701,-164.49274,280.50128,261.09695,-244.80904,269.20563,261.17865,-245.74759,306.62048,290.8001,-111.462296,244.37076,284.32135,-126.94937,334.4435,248.51213,-140.65863,223.84132,239.73227,-168.82127,356.74652,192.1599,-216.41103,195.62637,181.2181,-237.75171,366.79236,181.39874,-246.84074,188.40077,165.78656,-271.1196,364.311,178.64754,-262.15686,191.67056,162.24248,-278.01022,358.8042,182.99875,-229.29526,195.034,167.95502,-247.27222,293.80994,413.43393,4.8947234,246.10004,413.44214,-4.9060054,320.69693,499.47842,-2.3831038,215.12433,501.3321,-25.847284,351.12637,589.73334,93.68769,177.71387,589.8773,82.02346,343.60428,604.2955,95.87913,181.5001,603.9567,84.97644,373.17993,618.9084,-23.865175,157.15056,618.4376,-31.425117
tijera_up
IMG_20241017_120052~2.jpg,tijera_up,374.19315,259.91635,-470.3676,379.77484,250.91191,-452.8371,382.96292,251.09018,-452.7038,386.08728,251.39214,-452.78336,369.77774,251.35205,-457.77536,366.43112,251.54091,-457.8845,363.01492,251.90123,-457.8642,390.41135,256.5177,-340.7907,355.7468,255.75194,-365.6875,379.73306,269.5424,-426.57895,366.82465,269.69897,-433.5712,415.28552,294.2825,-272.80692,332.22427,292.8167,-332.47928,455.70303,243.40982,-302.99118,296.8361,245.67873,-416.80716,479.9385,175.45978,-368.2901,279.00705,167.94446,-480.9396,486.59293,158.72952,-400.48004,277.02695,153.44702,-518.1002,482.45816,155.09508,-408.31415,282.75217,149.59044,-515.9754,478.9046,161.92618,-379.24414,284.71082,155.29895,-486.69125,401.37036,440.69275,18.520208,349.04623,442.89542,-18.775742,419.20026,520.7378,146.94467,328.32397,516.65784,21.519466,430.03574,585.93243,458.4754,306.07263,588.276,254.36768,423.16232,596.5618,486.4683,306.9031,594.73193,274.02805,449.62643,621.2563,399.4559,304.4109,629.68835,166.1624
tijera_up
IMG_20241017_120053.jpg,tijera_up,378.82898,269.3921,-470.64645,383.91504,259.3192,-455.81592,387.10028,259.27936,-455.66727,390.0737,259.42914,-455.7511,373.76047,260.04535,-459.5872,370.27563,260.35315,-459.69437,366.6428,260.85693,-459.673,394.51395,264.2289,-353.50256,358.53864,264.73004,-371.52676,383.86667,279.38348,-429.8876,371.31284,280.22183,-434.79633,420.41275,300.77448,-299.76254,336.42383,300.98535,-329.82605,461.3012,252.07414,-345.7948,300.94946,253.16083,-418.40994,482.9141,181.94572,-409.10013,283.72296,174.52435,-498.32504,489.11072,164.45026,-443.98178,280.88855,159.19304,-534.1933,484.50476,161.1542,-447.1949,286.5881,156.27457,-534.23566,480.95966,167.24364,-418.29037,288.7758,161.60869,-505.5255,404.99875,446.8636,6.7292047,352.52533,448.61127,-6.990245,418.50977,524.359,115.51416,331.1648,521.5273,88.665504,432.3564,587.4906,404.51093,309.763,591.06854,358.36615,426.77213,597.8088,430.57825,310.27765,597.5893,381.55032,447.53357,625.8733,338.51212,305.56912,635.76886,280.0684
tijera_up
IMG_20241017_120054.jpg,tijera_up,312.3436,235.50848,149.22527,317.59415,225.80304,149.5639,320.22525,224.89513,149.54399,322.95233,223.96455,149.4407,313.45682,227.42839,173.64908,312.9769,227.67566,173.70467,312.49377,227.84813,173.8245,333.67108,226.37091,167.43053,318.996,231.10475,276.99918,319.67032,242.24939,157.40527,314.48703,243.3097,188.28285,359.25684,249.87144,86.6179,332.5667,272.84915,345.34467,346.17926,183.55989,49.83463,328.66165,329.88638,487.9742,316.87552,108.21965,175.79079,303.8492,365.52307,604.81616,310.23352,92.83719,174.21268,295.51788,373.91428,626.51953,309.05286,92.17796,182.74936,297.87708,377.43503,602.16144,310.77716,97.44189,181.57225,301.0403,374.7244,595.5711,338.41922,385.28925,-98.05216,318.74985,397.96573,98.18251,362.97287,502.25226,-205.13254,329.15826,507.59872,30.601545,390.33896,624.25073,-240.76788,355.97137,613.2301,35.029995,406.45496,648.2061,-246.97758,370.5077,634.7227,30.398537,351.3454,654.7965,-362.49564,310.73544,645.25134,-44.95224
tijera_up
IMG_20241017_120118.jpg,tijera_up,391.36996,230.88448,-67.37224,387.7414,218.42978,-55.918274,387.42697,217.965,-55.934616,386.9428,217.54877,-55.893925,384.4068,218.15097,-100.19984,382.0444,217.44122,-100.150925,379.61758,216.65825,-100.16811,373.42804,217.2768,14.940828,365.50095,215.87175,-189.40967,388.21747,239.5825,-34.65756,384.68945,239.65564,-94.10595,355.7852,261.36838,133.72115,339.8474,259.47528,-281.70728,370.5301,189.99611,273.86343,370.71262,177.75,-449.27554,396.5028,129.05623,171.97426,400.58728,95.18695,-478.67276,402.18222,113.23142,158.72853,408.70398,75.68086,-524.9902,400.6421,114.01291,128.7638,405.75577,71.1543,-513.41925,398.96964,116.345474,152.5401,402.77002,80.264366,-473.05823,355.2312,431.524,141.49261,344.84445,444.17908,-141.53293,362.17194,542.76056,284.47708,351.0928,563.2718,-101.218544,356.41534,626.6494,459.24448,344.0359,676.65814,-31.60084,345.26376,652.34174,473.05298,332.10468,699.21857,-30.858112,397.32086,645.1915,436.32108,400.93213,706.90314,-142.43271
tijera_up
IMG_20241017_120118~2.jpg,tijera_up,392.88416,252.16739,-70.75466,389.86267,241.6212,-58.72151,389.58737,241.0061,-58.73792,389.18182,240.47401,-58.72231,387.1758,241.79306,-97.87883,385.0738,241.24586,-97.84878,382.83066,240.67944,-97.83642,377.7777,240.15237,17.444893,370.01065,240.20937,-161.1559,389.54868,259.98956,-36.773647,386.41663,260.3318,-88.72151,363.63687,283.2928,151.41043,348.0074,277.64944,-249.10066,372.0573,334.93246,312.49768,377.47055,200.95181,-427.4173,386.4692,372.81076,249.6831,405.98224,114.96088,-487.44904,390.29297,385.81107,254.0364,409.91614,98.50728,-537.10144,390.1343,381.39218,215.54826,406.99368,94.736824,-519.34766,388.1507,376.7063,230.80046,406.46634,100.37324,-481.40366,365.60733,446.59973,129.00415,356.43478,458.31375,-129.04225,366.60297,554.5645,308.1183,357.07333,576.4592,-80.09655,355.7552,643.8699,499.0755,349.23053,692.6251,-18.736652,344.7881,651.9522,514.7855,339.7922,718.3923,-18.619368,398.4067,653.6357,473.67276,403.25134,711.9919,-129.99536
tijera_up
IMG_20241017_120119.jpg,tijera_up,395.1734,247.0729,-79.15068,392.2992,235.42163,-66.892136,392.12845,234.6233,-66.90241,391.77426,233.86996,-66.85148,389.1708,235.8629,-106.96583,386.95718,235.45116,-106.8988,384.62494,235.08005,-106.86042,379.5802,233.91556,5.0607777,371.17215,235.8885,-180.52559,391.66345,255.24365,-47.11397,388.163,255.46863,-101.118805,362.97095,274.4919,103.60591,345.41504,279.69263,-258.63126,379.12445,197.37462,200.94714,376.28055,194.95001,-405.51434,407.38202,128.1782,77.459595,407.16348,112.34567,-428.8374,413.9596,107.755424,55.767418,415.57562,89.68225,-472.31375,412.85458,106.71158,29.622232,413.64157,83.96476,-462.07132,410.78452,111.54288,58.662437,411.22055,92.442085,-424.36942,364.6713,443.52124,124.65701,353.18338,455.2986,-124.704956,363.66248,554.313,292.3572,354.64337,573.1898,-82.948044,358.68103,643.9357,465.101,349.1272,685.56165,-25.443378,348.5388,650.9217,478.76083,338.84253,710.4912,-26.551579,402.1312,652.486,436.1339,404.6482,711.2647,-142.43222
tijera_up
IMG_20241017_120119~2.jpg,tijera_up,399.4868,256.6671,-79.91877,395.99796,244.71019,-67.62111,395.79025,244.08786,-67.63337,395.4475,243.56111,-67.58264,392.7116,244.78477,-109.93417,390.29214,244.23935,-109.87533,387.883,243.78313,-109.864365,383.58456,244.28235,6.73112,374.49954,244.38824,-188.98297,395.64346,265.22394,-46.418545,392.09384,265.67328,-103.4042,367.31403,283.97922,122.29231,348.84372,284.76712,-277.14777,384.8449,210.88371,257.567,380.35187,198.75249,-441.2494,406.24673,152.54488,157.4824,411.88406,113.34809,-473.53568,412.30334,138.29462,143.56645,417.65796,93.67284,-518.67303,411.0805,138.25836,114.56723,415.1403,91.74388,-508.124,410.64243,138.25536,138.3733,413.68723,100.06531,-468.51132,364.6676,450.34967,136.29424,352.73758,462.56717,-136.33713,369.86868,556.3362,298.52487,358.66388,579.1662,-96.65371,363.45078,642.46295,479.02695,350.98178,690.12445,-32.129204,353.97955,664.171,493.3281,340.7807,711.942,-32.18481,405.2719,665.6302,453.1496,404.728,722.7374,-149.0688
tijera_up
IMG_20241017_120120.jpg,tijera_up,265.92728,224.5789,-333.95258,270.51276,214.69872,-314.30304,273.76804,214.67905,-314.2266,276.72903,214.84465,-314.28265,260.7084,214.87778,-314.168,257.18887,214.91882,-314.24597,254.06143,215.08658,-314.22903,281.00522,219.55855,-207.58638,251.86127,219.56308,-207.14761,271.5543,233.76788,-294.6828,260.3012,233.71773,-294.6498,300.75504,261.91782,-161.66823,234.3875,260.10333,-182.48271,338.2336,209.22162,-221.48798,203.61482,203.01527,-278.31238,347.71652,134.01022,-279.71088,209.39955,128.50478,-351.38586,350.08557,119.44311,-310.4967,206.70297,109.60844,-389.05774,342.47534,114.82861,-313.99506,212.81943,107.25944,-380.86044,339.69333,120.14995,-287.09045,216.29863,115.28628,-354.6849,281.0305,396.79254,4.0872903,238.00284,395.2348,-4.1561313,304.21707,500.38162,-23.004421,212.13638,500.06848,-41.405136,321.48477,608.97205,75.22445,188.07175,614.47986,53.828903,313.72034,626.3756,77.60427,192.10205,629.5643,54.960766,338.08282,646.96533,-48.64523,171.81747,647.259,-70.45287
tijera_up
IMG_20241017_120121.jpg,tijera_up,265.1277,223.36421,-359.03482,270.0091,213.59015,-339.5476,273.38367,213.51453,-339.4566,276.4487,213.59625,-339.50568,259.93613,213.73517,-340.02542,256.39993,213.70177,-340.11584,253.2764,213.77512,-340.11856,281.15494,217.90326,-231.40285,251.55615,217.82513,-234.17047,271.17224,232.14337,-319.03314,259.70297,232.18794,-319.92853,301.9228,260.91672,-176.46176,233.43399,259.51224,-208.69511,339.2491,208.00662,-224.05646,201.9055,201.46179,-286.4796,348.29034,133.45349,-280.64447,210.07884,125.4395,-339.0023,350.4281,119.16587,-310.2294,207.18733,107.321045,-374.2691,342.39664,114.27524,-314.78052,213.39836,105.097725,-368.10117,339.68835,119.41984,-288.2899,216.7454,112.52122,-342.3801,282.53867,397.22717,8.116867,237.88136,395.08624,-8.208567,302.1946,500.15363,6.136147,213.11989,499.34445,-46.693794,321.39496,607.716,115.528046,187.3841,614.1469,57.082745,314.0804,624.0699,118.84212,189.51746,629.02264,59.3907,336.2241,645.3247,-6.0735784,173.66077,646.2269,-70.09138
tijera_up
IMG_20241017_120121~2.jpg,tijera_up,267.8507,224.1925,-399.4442,272.1973,214.41669,-379.42734,275.50504,214.31036,-379.3348,278.52692,214.35046,-379.39795,261.7615,214.62093,-380.6667,257.9425,214.62448,-380.76788,254.59549,214.79288,-380.76083,281.3372,218.57906,-265.3535,251.00055,218.00511,-270.83432,273.50058,232.69373,-356.67764,261.2372,232.76839,-358.43607,301.5057,261.9089,-205.0577,232.50035,260.63815,-235.89365,336.43948,206.03566,-261.7248,202.62672,203.3257,-345.97128,349.50006,132.92262,-331.6144,210.99965,126.374985,-442.30078,353.29834,117.84346,-363.63303,209.47958,108.12943,-483.11945,345.53055,112.65926,-369.1121,215.3672,104.968475,-475.03903,342.53577,118.30866,-339.97446,218.22467,111.95257,-445.66,283.5576,395.54938,4.7324824,236.9231,394.58722,-4.8402243,305.60797,497.18622,-46.22778,212.97984,497.32394,-53.483784,321.3883,607.84235,47.653866,188.43205,612.9721,38.562878,313.51425,624.6718,48.82874,192.96248,629.974,38.753788,336.71408,645.15906,-89.85162,169.27988,646.33093,-94.81087
tijera_up
IMG_20241017_120138.jpg,tijera_up,402.32303,252.80954,-177.45761,398.55417,242.4238,-163.86702,398.1668,242.087,-163.86288,397.7315,241.86613,-163.81787,396.1147,242.37134,-199.10188,394.17706,242.01413,-199.12762,392.15253,241.78325,-199.173,387.99738,243.87328,-74.46371,381.23032,243.49445,-236.65015,397.3924,261.03244,-138.67085,394.76477,260.73035,-185.68436,377.3936,279.62622,75.76956,367.75537,279.04742,-311.13373,358.92627,334.1748,253.82654,382.22302,204.25098,-491.6894,339.66055,377.2065,228.86945,402.76068,133.9081,-546.67316,332.27005,388.9749,242.08046,405.2131,115.455635,-594.06726,335.2133,386.43628,204.32823,403.81784,114.44827,-568.54126,338.70218,382.6899,212.37387,402.756,120.33062,-537.99695,368.31497,422.2916,130.9123,362.06534,437.0192,-131.11322,374.20123,489.94836,393.5064,362.36743,531.0631,-30.833656,364.62082,574.6323,663.7921,355.37006,633.44403,78.29434,356.76205,581.0471,688.78735,344.7391,650.1961,84.00371,394.30048,585.598,651.48285,398.363,666.3538,-28.868141
tijera_up
IMG_20241017_120138~2.jpg,tijera_up,397.77472,267.18463,-191.74162,395.6557,256.09613,-172.54822,395.7996,255.60716,-172.53957,395.90988,255.24193,-172.4748,392.32376,256.27682,-207.27191,390.17087,255.91318,-207.29996,387.90536,255.65604,-207.33455,387.19214,256.25375,-65.4728,376.6331,256.43262,-225.64682,395.03934,275.29767,-147.67635,390.97034,274.94492,-194.20375,379.161,294.5074,87.99164,357.12762,292.09955,-303.12787,355.44595,354.37115,260.21152,377.6299,217.13065,-500.60553,331.81046,404.74796,240.75,400.32214,143.8407,-569.15857,324.97156,418.38052,254.89865,402.7257,123.87806,-617.80646,325.97025,418.0227,219.78339,401.05646,123.99522,-593.7802,328.63876,413.40765,225.36227,400.62677,130.05916,-561.2892,368.0814,435.18814,133.17816,357.7931,447.3955,-133.37,374.74918,504.8378,389.46765,357.71133,545.2606,-68.02243,362.5183,578.8758,655.3752,352.0474,644.1792,9.162961,353.88675,585.8928,679.7453,342.97324,661.1658,11.11751,396.84235,597.2889,643.7697,393.87537,681.5902,-107.59099
tijera_up
IMG_20241017_120139.jpg,tijera_up,293.35645,232.42068,-257.31976,297.30905,227.82788,-235.36702,300.45514,228.38197,-235.32597,303.5227,229.10872,-235.37903,289.3776,228.33858,-235.55551,286.5942,229.01178,-235.61732,283.90787,229.77019,-235.61722,307.29572,237.73082,-131.80865,279.4613,237.94756,-132.6187,298.90326,241.87941,-220.52142,289.09885,241.5265,-220.70302,335.30173,279.98438,-90.0307,257.02408,279.98773,-102.27734,371.95987,232.9216,-120.36881,225.29839,221.59628,-138.96745,408.0897,183.24582,-205.42848,190.89064,157.5778,-183.23232,420.3561,170.45514,-229.17502,182.83456,145.01288,-208.80309,416.85257,169.9187,-250.3267,187.30324,141.35938,-216.64044,411.91257,174.37802,-220.61833,191.19655,146.10004,-193.05301,321.23602,411.53583,3.1463358,271.6365,410.10046,-3.1107152,336.6848,511.8672,-33.41895,251.61514,512.07275,-66.02264,359.79074,617.44507,50.13305,223.38553,618.85693,1.2184045,352.70413,635.56287,49.659763,230.96754,638.9279,-1.8755064,385.0989,645.5155,-76.08781,186.4658,643.4489,-132.80815
tijera_up
IMG_20241017_120140.jpg,tijera_up,293.88715,232.21744,-292.1719,297.74973,227.48824,-270.5989,301.06448,228.06558,-270.5539,304.29416,228.73663,-270.62094,289.70544,228.04079,-270.9282,286.98032,228.8217,-270.98508,284.18777,229.64508,-270.97418,308.7758,237.47906,-164.062,278.8823,238.18155,-165.60225,300.15042,241.87067,-253.83383,290.01657,241.56313,-254.23993,335.25055,279.48294,-115.56605,257.7487,279.50287,-128.89449,372.24756,233.31857,-134.85136,223.99855,220.58882,-175.05779,410.5133,184.4969,-205.48024,189.92624,157.55534,-242.46739,422.07968,171.4206,-229.06873,182.50029,144.66927,-272.05557,417.74527,170.22952,-249.72229,186.78156,141.1145,-281.28903,412.56775,174.9095,-220.00153,190.09473,146.53842,-253.29082,320.43643,410.25952,2.808099,271.53424,409.60532,-2.8236375,336.5041,513.69324,-20.613363,250.4402,512.2954,-36.320354,359.45276,615.5326,73.05344,222.04378,619.12134,42.74633,352.12244,633.24603,73.59354,228.86118,637.99225,40.823933,385.62808,644.7171,-50.67477,187.04817,642.28986,-86.82009
tijera_up
IMG_20241017_120141.jpg,tijera_up,293.30295,235.37183,-296.2416,297.112,231.3153,-275.20673,300.16187,231.84412,-275.16077,303.09702,232.4133,-275.22397,289.66074,231.72975,-274.91727,287.05008,232.441,-274.9797,284.4269,233.11115,-274.96967,306.92102,240.44995,-170.78612,279.52887,241.47762,-169.28403,298.7994,244.50052,-258.63138,289.8695,244.02834,-258.15332,335.13095,284.27063,-128.07439,258.53806,283.9669,-129.69063,371.09048,237.25278,-167.71599,224.93864,225.4448,-174.17758,406.91278,186.60886,-256.22018,192.82068,161.06982,-236.61858,419.10974,174.41292,-284.56125,187.2301,148.63481,-265.87015,415.22992,173.04552,-303.2303,191.91896,145.15585,-274.29315,410.02435,177.11385,-270.70612,194.98093,150.3955,-246.98047,320.86343,414.7566,-1.8552071,271.55014,413.81107,1.8413559,333.73578,516.5812,-25.261631,250.29068,515.1994,-30.986298,359.94293,619.3461,70.1635,221.98138,620.63885,52.529522,353.0357,636.4915,70.91942,229.02904,639.4343,50.991077,384.1671,646.661,-55.232845,188.45401,644.5178,-76.750626
tijera_up
IMG_20241017_120201.jpg,tijera_up,282.5632,237.20374,-417.73553,287.71695,229.3429,-399.30365,291.148,229.49919,-399.2184,294.3342,229.80644,-399.28036,277.1979,229.11525,-399.45535,273.61697,229.18867,-399.56403,270.31134,229.20523,-399.5318,298.20264,234.21263,-286.8027,267.0825,233.66364,-286.65802,288.6645,246.95868,-374.75635,276.9479,246.25024,-374.83484,325.1516,274.22537,-211.19003,244.76324,275.17905,-220.25891,372.98276,236.40294,-218.71815,197.63544,234.81174,-251.53645,387.33273,170.22061,-273.519,180.96503,165.17813,-334.82477,391.79117,154.94186,-298.3945,177.11066,150.93727,-368.52762,386.87653,152.32655,-314.84647,182.87209,147.84174,-373.9635,384.01984,157.24525,-285.54755,186.02406,151.55833,-342.86642,309.5306,404.00858,-0.61898017,257.2292,403.84702,0.5854055,319.9037,504.01678,-83.524216,241.13719,500.22906,-57.29702,334.12122,612.87805,-13.480807,224.34332,613.3369,2.7797387,326.9879,632.73413,-14.92826,233.10925,631.7238,-0.8972526,350.70135,647.8492,-149.09843,201.88428,647.47534,-129.10149
tijera_up
IMG_20241017_120202.jpg,tijera_up,286.07053,229.19376,-438.68005,290.72134,222.82994,-419.74927,294.05014,223.29906,-419.65634,297.37585,223.86555,-419.72272,280.3104,222.62416,-420.52972,276.9592,222.9559,-420.6404,273.52777,223.31633,-420.60715,301.27136,229.98949,-304.0131,269.06973,229.26736,-306.63812,292.62164,239.89034,-394.64688,280.12375,239.07135,-395.53333,327.2812,270.14987,-223.1104,245.60558,271.00534,-239.787,379.16736,233.05435,-235.22353,197.21274,224.96257,-282.56693,394.08795,168.56825,-297.9041,184.41496,156.5139,-365.8222,399.00974,153.38066,-323.2309,180.51535,142.01436,-400.10938,394.34595,150.98727,-338.16742,185.23407,138.19151,-403.12924,391.3661,155.67136,-309.6449,188.2134,142.8895,-373.0101,308.90857,399.08694,0.21937639,256.89932,399.45456,-0.30986598,318.58496,498.9214,-68.08945,241.25266,499.2306,-32.57686,333.52045,611.7117,12.8204155,225.04611,610.59406,40.26118,325.3142,630.2025,12.308019,233.09381,628.7362,37.933243,348.58044,644.4311,-126.77738,204.02164,644.9395,-90.62535
tijera_up
IMG_20241017_121235.jpg,tijera_up,308.56708,277.25955,-329.12082,312.10306,271.27527,-311.837,314.89243,271.43365,-311.78174,317.761,271.81396,-311.84143,303.62744,271.9219,-310.28577,300.59433,272.31372,-310.3522,297.71,272.861,-310.3244,321.9198,278.76953,-213.14346,293.3837,279.43054,-204.3731,313.65735,285.65994,-291.41174,302.72012,285.0605,-289.04346,342.56393,313.82483,-182.1657,274.96896,311.738,-169.60757,365.27917,266.35275,-253.9096,259.84296,256.9887,-243.2835,364.29813,203.4977,-320.36258,263.54895,192.57417,-321.62128,363.1042,187.7507,-356.5829,263.37244,179.68314,-356.65775,356.8032,183.31761,-360.6911,268.77118,176.15298,-359.82144,355.5298,188.98062,-327.33344,271.03424,180.69182,-328.66266,331.6815,438.9127,-10.88404,281.23328,438.99094,10.811574,345.1971,533.9678,-40.064457,270.33075,532.99854,3.048561,370.05862,633.3462,64.95523,248.33064,632.37317,108.87271,364.46735,648.6766,67.55103,255.15227,649.2186,110.77942,390.74683,657.3821,-53.394733,220.1717,655.8806,-3.9727855
tijera_up
IMG_20241017_121236.jpg,tijera_up,309.95325,278.13687,-430.09784,314.25006,271.92798,-413.25085,317.45447,272.44086,-413.18283,320.5985,273.18787,-413.2857,305.2391,271.8551,-414.01575,302.0577,272.11044,-414.114,298.99005,272.55002,-414.09265,324.37808,280.0493,-306.29785,295.15494,278.30472,-309.0979,315.26462,287.1008,-388.60352,304.08722,286.1274,-389.53094,347.61374,315.74826,-236.6126,274.31128,315.80893,-237.95093,390.865,281.40594,-254.46913,240.03308,274.68713,-263.0633,423.23782,223.36363,-324.71072,218.83849,213.41795,-345.96555,432.0906,209.44841,-353.75897,214.13556,198.00433,-375.57007,428.11142,206.3133,-372.2349,217.02365,195.49269,-390.56647,424.41953,211.14291,-338.43945,218.93793,199.82733,-357.57556,331.58844,437.48328,-6.824821,281.22513,437.95108,6.7233486,345.16647,530.8766,-57.261845,269.0562,531.7899,-12.298168,369.7349,633.06525,36.058033,246.93439,632.9271,79.441444,362.3307,648.08795,36.58943,252.91148,648.6399,79.20221,389.40875,657.2694,-91.351166,220.08186,653.9504,-42.85743
tijera_up
IMG_20241017_121237.jpg,tijera_up,311.5954,278.07275,-358.33664,314.3375,271.65543,-340.58493,316.87976,271.90338,-340.52615,319.28186,272.44168,-340.58557,306.6211,271.88712,-340.5883,303.65253,272.20724,-340.6611,300.70474,272.75177,-340.65613,322.70218,278.95947,-236.27693,295.12924,278.56274,-235.4274,316.11798,286.8761,-318.1409,306.40738,286.71466,-318.12985,344.37253,310.1604,-187.75658,274.6673,308.32187,-195.97339,369.0103,261.9316,-236.14818,257.4773,256.62717,-263.81012,377.18948,197.40695,-300.60486,253.91418,194.93213,-346.72287,377.8756,181.60252,-333.18738,252.33524,181.00276,-381.984,372.37094,177.86894,-342.91663,257.86923,176.76247,-387.43362,370.58105,183.1882,-309.8884,260.19742,181.53123,-354.40186,330.08936,436.81012,-3.4476616,280.77264,438.13528,3.3746202,346.21204,531.34595,-29.91059,270.2776,529.8943,-17.89061,370.17938,631.39386,71.69405,248.39494,631.4005,87.40182,365.9184,646.62787,73.474495,255.91736,649.94745,89.11266,389.31827,656.6699,-49.16743,218.82759,654.1567,-31.089985
tijera_up
IMG_20241017_121929.jpg,tijera_up,316.47305,309.8726,-35.272976,320.96722,307.3305,-9.73968,323.34467,307.8023,-9.702553,325.62247,308.32272,-9.701759,312.52072,307.68646,-8.287667,309.34732,308.34708,-8.258264,306.22476,308.98056,-8.234608,329.8485,315.9478,83.09595,304.60986,315.0029,91.55342,321.25458,316.84937,-4.6869745,311.07034,317.1179,-2.651365,351.8927,352.78696,74.19,280.9088,351.0178,75.73117,365.08652,298.82907,-19.529833,263.58157,299.87646,-10.87606,343.8409,248.87941,-61.664787,283.32056,251.38283,-40.909306,331.68655,240.4519,-91.823944,293.10596,244.13118,-76.50295,326.0808,241.61009,-84.82031,297.35016,244.47832,-64.182045,328.40082,245.33827,-63.881523,295.7166,247.57085,-42.523224,336.40466,471.21677,-3.7141957,286.54977,470.60995,3.6743062,352.15387,566.6913,-27.239471,290.39334,568.22,-22.478548,371.78427,665.1733,37.851547,285.45776,666.7592,46.012737,370.10605,675.8366,37.11252,289.73364,677.9763,45.58541,383.9717,692.6646,-93.31065,277.0671,691.22266,-75.27009
tijera_up
IMG_20241017_121930.jpg,tijera_up,313.33994,311.6221,-161.1961,316.76276,308.87527,-137.91135,318.77707,309.49612,-137.85887,320.8155,310.08572,-137.87422,310.14008,308.5758,-137.40413,307.5868,309.00143,-137.4107,305.11618,309.4619,-137.37608,323.61694,317.66833,-35.60613,301.15695,315.17038,-32.46519,317.05252,319.41296,-125.48822,308.18417,318.927,-124.86905,346.91113,357.57773,-11.306478,276.2098,350.49887,-23.651894,366.94058,309.9885,-66.090355,249.35907,309.78122,-138.91376,365.78244,250.68347,-124.73878,252.04596,255.89905,-250.72154,362.30304,237.32123,-153.12685,255.29118,245.0653,-293.5416,353.2875,237.34274,-158.01263,261.98135,244.12108,-283.31854,353.45163,242.45308,-131.71599,263.3802,248.23245,-254.06921,331.32687,471.71082,0.7375535,281.9979,471.4225,-0.7777032,347.6635,566.16156,-17.739609,288.7318,567.91376,-16.798653,372.35834,664.7846,63.578632,285.32724,668.2936,64.03113,370.20102,677.12634,64.21634,290.4865,680.4131,64.4489,384.0336,690.92004,-68.839584,278.51508,693.2702,-58.01746
tijera_up
IMG_20241017_122107.jpg,tijera_up,446.7805,247.32866,-24.67988,443.79062,239.49373,-11.895609,443.056,239.08817,-11.8959055,442.3792,238.55954,-11.882213,442.17004,239.4083,-48.877316,440.16727,238.88869,-48.841408,438.12445,238.10915,-48.890003,430.97318,238.3498,52.64676,425.95935,237.66713,-115.09853,442.47302,252.51291,3.8053908,440.9669,252.14865,-45.054302,414.7483,274.24963,147.7684,417.93893,261.88644,-199.05559,445.8173,222.95294,253.94048,450.10754,213.21535,-307.46924,466.08432,176.86427,192.48798,470.20178,161.46721,-314.0947,467.67606,164.8779,186.38475,473.83243,148.85497,-350.3497,465.6958,164.20781,166.5649,469.32022,149.0841,-342.99774,465.59625,167.32881,179.08682,468.0464,153.75395,-310.41867,420.8635,403.2594,114.52046,423.23065,407.00574,-114.56309,421.1625,497.6033,175.15147,419.00293,504.90582,-58.321785,404.01797,584.87305,272.50558,401.83148,598.29504,22.489271,392.79242,598.9703,278.99905,389.16055,611.57135,26.805077,442.0591,604.5198,233.28502,441.98877,618.70386,-52.943523
tijera_up
IMG_20241017_122558.jpg,tijera_up,337.86215,318.87094,-33.399563,336.4879,310.03387,-20.534294,336.40277,309.6194,-20.534931,336.32257,309.13486,-20.514906,333.8554,309.9772,-52.780907,331.905,309.49976,-52.814304,329.90298,308.95197,-52.851845,327.81723,309.78998,49.594086,319.13214,308.87656,-96.87586,334.99088,325.5848,-3.8733392,332.575,325.29987,-46.628338,318.89548,348.99368,151.76459,299.78647,341.83032,-171.5578,341.72205,336.10703,289.64386,332.34024,291.8572,-212.88753,341.91272,312.5426,313.50162,338.7482,240.55861,-106.39664,342.58438,310.33383,318.6501,340.671,230.5905,-113.35069,338.1853,308.09842,310.6798,335.46365,227.54977,-124.214226,337.29883,309.3317,307.01767,334.6932,233.30667,-105.348755,327.21494,476.34106,104.325745,314.91293,479.34134,-104.34497,330.772,562.636,218.49524,310.0872,575.52057,-120.22019,314.8624,645.2726,336.33377,295.66367,676.6718,-134.90901,305.68185,655.4399,344.92358,284.67767,696.1179,-141.20027,356.60776,657.25507,310.92007,337.67532,704.75464,-232.25731
tijera_up
IMG_20241017_122601.jpg,tijera_up,309.03598,326.56894,-74.4012,309.84573,321.39108,-48.25357,311.5696,321.47668,-48.16287,313.5262,321.55588,-48.16123,302.75476,321.8082,-48.52545,299.49008,322.3586,-48.57448,296.30185,322.93723,-48.523643,313.67563,326.98227,58.90723,288.27405,328.5175,59.00499,311.5429,335.96506,-37.327045,303.19537,336.56534,-37.79721,339.46884,368.93094,73.58224,264.29126,370.9666,91.91552,381.76407,327.14362,7.567644,219.51878,336.87854,47.608044,361.77982,280.24872,-21.250101,249.3617,288.4982,44.120388,358.22083,268.83777,-46.212822,257.59412,278.0565,19.03972,348.8733,271.41263,-37.064014,262.67752,279.53787,33.968533,348.69324,276.4639,-21.754232,262.25415,283.7187,45.773525,325.9791,493.99133,-21.956476,276.14975,493.70822,22.03138,339.42004,586.5863,-74.18646,255.19482,590.4636,-20.372684,368.20578,687.5777,-1.6265674,227.15973,690.2936,44.49643,362.91537,702.57404,-2.4552655,234.50288,708.1987,42.618114,378.65714,715.20575,-128.26776,191.52414,714.4209,-75.510254
tijera_up
IMG_20241017_122602.jpg,tijera_up,308.74036,325.44333,-112.682945,310.90726,321.00204,-87.296104,313.0036,321.3274,-87.200584,315.13696,321.596,-87.19232,303.4397,321.27466,-87.76377,300.44608,321.8795,-87.807144,297.38055,322.44516,-87.763214,315.90567,326.82895,19.981968,289.67026,327.42477,18.819008,311.8902,334.12253,-75.303185,302.21753,334.13187,-76.03318,341.3392,368.46893,42.14215,265.36826,370.27048,50.886593,384.65344,327.1953,-29.314278,221.22928,337.82245,4.559892,358.4452,283.82578,-64.19778,249.79767,290.98093,2.468344,353.0548,273.54163,-89.00012,258.327,281.2761,-22.296103,345.9451,275.23883,-78.35464,263.49396,283.54547,-7.3611093,346.44608,279.71762,-64.0655,262.70682,287.27026,4.465768,325.99252,492.57712,-14.76721,276.7591,492.40012,14.791429,339.4826,587.8873,-63.182026,255.19115,589.2814,-24.209433,368.12317,690.2991,10.112076,226.72609,689.50574,47.396492,362.693,704.85236,9.28363,233.96425,705.3311,46.33638,383.39746,718.49036,-118.61272,195.6194,714.0715,-74.17271
tijera_up
IMG_20241017_122602~2.jpg,tijera_up,310.1133,326.3933,-41.596924,311.1235,321.3986,-16.298845,312.76648,321.6612,-16.204453,314.48596,321.99655,-16.199806,304.51505,321.67392,-17.376875,301.34378,322.39157,-17.421381,297.8526,323.18106,-17.394335,314.14554,327.5528,86.19457,288.71143,328.98117,82.15185,312.3962,335.5377,-5.9405823,303.36273,335.861,-7.6412687,340.96356,369.20682,98.42064,263.9488,373.30408,103.041046,384.09613,328.46823,36.3322,222.85135,338.91306,63.595047,357.0911,285.60577,28.054058,254.7374,293.443,94.21652,350.7002,275.00198,9.790235,262.39923,284.45804,75.305214,342.5155,278.17383,20.452423,267.81967,286.99677,92.79813,343.3741,282.83392,29.22634,266.94897,290.67023,97.81391,327.8274,495.2756,-16.234955,277.9898,495.6844,16.271076,342.38202,589.9741,-72.91846,257.60364,593.9604,-32.35407,367.67206,689.45514,-18.01724,227.99435,691.0655,19.556952,361.7784,705.80597,-20.052395,234.07722,709.00037,16.909378,380.977,718.05743,-139.859,192.4314,713.3109,-95.947525
tijera_up
IMG_20241017_122603.jpg,tijera_up,310.65027,332.59885,9.386849,312.82925,327.28845,36.104282,314.66946,327.5231,36.195408,316.63947,327.8483,36.189224,306.03888,327.23978,33.227356,302.93887,327.5847,33.183002,299.55106,328.10864,33.200367,317.73798,332.71976,140.7089,291.26096,332.82904,128.93115,313.69064,341.14603,45.749985,304.3801,341.2185,41.74217,339.32877,371.62878,155.39801,266.17453,374.12158,146.04619,380.99786,333.09683,105.48465,224.51942,340.75278,127.58124,355.3626,291.16547,105.652824,258.61374,293.4985,193.40709,348.62683,281.4205,88.97284,265.16183,282.28247,179.69226,340.1959,284.2741,98.893265,271.04575,285.87616,196.14166,340.42422,288.7083,106.35527,270.52597,290.54797,197.32497,326.66824,494.5633,-11.114078,277.50842,494.1576,11.161018,339.91998,589.6189,-97.07608,257.6959,593.21094,-54.2414,366.5534,691.98926,-62.88131,228.12581,692.25684,-22.188328,361.3803,708.64453,-66.733055,234.08711,710.5738,-26.877333,381.09546,717.82367,-191.65753,195.21518,714.86,-143.49428
tijera_up
IMG_20241017_122606.jpg,tijera_up,288.85352,316.47076,-104.386444,291.19427,309.8521,-79.073975,293.6175,309.77692,-79.023476,296.07336,309.722,-79.011826,282.8336,310.83612,-77.31573,279.59384,311.45874,-77.33232,276.52936,312.0609,-77.29691,298.8703,315.11078,21.370806,270.07483,318.36954,31.703394,293.88953,325.50174,-70.35938,283.70282,326.55304,-67.78496,328.02557,354.11307,35.136642,251.8563,363.8543,90.52495,370.1594,316.01624,-42.029613,200.59364,351.4547,80.13396,343.41458,267.80716,-108.86962,208.70454,288.96887,45.508923,331.6419,253.341,-136.59045,210.26251,274.07648,22.197596,324.65656,252.17293,-122.25495,214.6975,273.16357,33.921833,327.34448,258.7225,-107.435875,216.43538,278.2623,45.695988,320.1034,478.39627,-34.881134,275.0664,481.81662,34.900146,315.626,570.7008,-72.55015,274.0231,574.1949,7.4028873,315.06494,680.0676,-16.545204,284.74048,677.6711,63.17552,317.47296,691.64874,-19.175266,290.56482,687.147,62.029823,302.679,709.2655,-155.45662,280.23758,712.2348,-48.269566
tijera_up
IMG_20241017_122616.jpg,tijera_up,305.2618,310.29312,-100.15779,308.52518,307.0383,-75.29668,310.94363,307.74805,-75.24829,313.3644,308.4498,-75.27257,300.32153,307.20804,-75.50318,297.2809,308.03824,-75.48165,294.34967,308.73013,-75.44334,313.9965,316.6045,24.418074,289.75674,315.53766,25.967972,308.80945,320.3202,-65.632225,298.67804,319.57974,-65.58683,336.63504,355.29944,25.330217,264.5994,352.68164,15.934102,361.0344,305.5125,-62.794647,248.95346,292.48325,-91.58404,352.22165,235.79501,-119.6974,265.08978,230.64973,-154.43439,347.403,222.3536,-152.70917,268.12595,218.89117,-194.69862,339.31635,221.1255,-151.38615,274.62308,217.32204,-185.13791,339.05154,224.6974,-124.479774,275.5801,220.76793,-157.46773,326.83606,478.56342,-6.201514,275.5359,480.18765,6.228054,338.02472,578.05426,-28.547667,260.70728,585.4867,-16.58239,344.66516,682.81976,54.47393,248.22827,689.0491,58.683712,341.7126,694.63904,54.947594,254.32628,703.4216,57.617752,350.6727,716.49457,-82.01945,231.60971,716.5075,-71.46341
tijera_up
IMG_20241017_122617.jpg,tijera_up,302.15634,310.01987,-139.62543,305.42603,306.5628,-114.99816,308.01822,307.16782,-114.95361,310.6758,307.71994,-114.9727,297.558,307.128,-113.8011,294.74664,308.11987,-113.788826,292.04172,308.9316,-113.747314,313.06833,315.58777,-14.528126,288.40463,316.4242,-6.4987483,306.9041,320.0994,-105.1226,296.91174,320.16605,-103.106995,338.4775,355.25027,-12.3778105,266.84338,354.86908,-10.769071,360.637,305.2823,-107.736206,248.81883,294.13907,-111.71657,351.37723,237.76547,-165.91151,263.41995,232.48512,-171.86145,346.83603,223.29796,-200.87929,265.69217,221.03755,-212.86697,339.01358,222.59454,-199.39455,272.14597,219.4769,-204.59381,338.37067,226.6218,-170.70384,273.50607,222.79456,-175.67471,328.2038,480.46664,-7.717486,276.27557,482.56622,7.7186866,338.66296,581.3505,-18.071121,260.04245,587.5181,-4.7979927,343.43994,683.9324,79.70556,248.17293,691.37067,83.251396,340.18164,696.6179,81.61883,253.03587,704.1008,83.23965,352.77386,717.1285,-55.184418,231.37198,720.73553,-45.91455
tijera_up
IMG_20241017_122617~2.jpg,tijera_up,303.0516,310.56,-140.34299,305.72,307.35098,-115.392296,308.09644,307.9691,-115.34885,310.57477,308.50958,-115.371284,298.35162,307.777,-114.401115,295.67627,308.69125,-114.39273,293.02142,309.49554,-114.35011,312.83566,316.1038,-13.774439,288.905,317.1225,-6.8514814,307.69022,320.1765,-105.55069,297.98926,320.25986,-103.82537,338.18546,354.64725,-10.788955,267.0062,355.34384,-11.363636,360.21613,303.52325,-105.06705,248.50204,295.27536,-120.27081,350.47983,238.71107,-162.24365,262.6499,234.05287,-187.60747,346.2442,224.50511,-196.8087,264.9445,222.33963,-229.17874,338.86118,224.36679,-195.76328,271.47836,220.75217,-219.56274,338.1536,228.56133,-167.20325,272.71954,224.13464,-190.96805,327.8374,479.9247,-6.7399354,276.36847,481.48004,6.749811,339.13278,580.7344,-24.584375,259.65567,586.6305,-12.046332,344.3925,686.24133,67.37998,248.76459,691.4778,73.61544,339.5917,698.92615,68.59427,252.53467,704.61975,73.480675,354.66144,717.98505,-67.82722,231.2766,719.6038,-54.48954
tijera_up
IMG_20241017_122618.jpg,tijera_up,305.34473,312.70456,-139.24527,307.60806,308.31525,-114.8248,309.99023,308.83905,-114.78029,312.4123,309.29727,-114.80223,300.14075,308.74246,-114.17712,297.25137,309.56836,-114.16684,294.43405,310.32657,-114.12729,314.15286,316.01343,-13.622741,289.61118,317.26285,-8.063756,309.68173,322.4246,-104.19366,299.89667,322.32745,-102.92601,338.80292,353.21683,-10.031619,266.78915,353.32068,-11.45088,361.12808,304.078,-104.701256,250.46747,291.70145,-119.22561,351.1637,237.28986,-163.14246,265.05496,230.98476,-188.69676,346.52396,223.30516,-197.60849,267.4182,219.33122,-230.61748,339.3206,222.26593,-196.14784,273.29892,217.60652,-222.54358,339.07062,226.106,-167.78003,274.46704,220.91496,-192.63255,328.2727,477.75397,-8.694711,276.945,479.014,8.707246,338.5302,579.3562,-25.499743,261.2891,585.3905,-9.701326,345.41852,683.3783,65.86617,248.57887,688.25586,73.68156,342.21432,695.6816,66.812126,254.91393,702.3588,73.08569,350.8384,718.7922,-71.336975,232.17584,716.53955,-56.158733
tijera_up
IMG_20241017_122642.jpg,tijera_up,300.11108,348.48706,-137.9001,304.7181,342.55887,-114.024445,307.39783,342.4994,-113.97745,309.8802,342.55225,-113.99049,294.66617,343.16983,-115.15882,290.8967,343.4795,-115.16903,287.60242,343.71542,-115.15678,312.01648,347.2479,-9.674239,283.6747,347.66794,-13.948713,305.2675,356.67487,-101.25743,293.5336,357.419,-102.76185,328.57285,382.7002,11.206852,268.06647,378.23184,-16.85186,343.2921,335.6579,-67.17868,254.90273,328.64304,-122.22733,335.15762,280.06772,-114.60262,280.35184,279.72284,-180.03604,327.5254,269.49615,-144.41225,291.38522,270.8015,-215.89221,320.5909,268.89227,-142.45706,295.30612,270.51862,-208.76965,321.54175,273.02634,-118.700615,292.69925,274.13046,-182.98936,319.4162,498.34003,5.033657,273.64658,496.33423,-5.0951724,334.94128,590.11804,-27.418877,259.6362,589.0122,-27.689327,346.292,686.53894,52.951317,248.56816,683.6255,58.442097,337.57156,700.4047,53.08863,253.98688,695.14105,58.324974,369.88425,712.7841,-71.119446,227.08345,712.05994,-63.485844
tijera_up
IMG_20241017_122643.jpg,tijera_up,299.11282,347.2755,-111.45432,303.12003,341.89587,-87.276245,305.68277,341.8085,-87.24241,308.04605,341.86908,-87.26517,294.06128,342.87344,-88.73521,290.74762,343.4389,-88.73743,287.79617,343.95178,-88.71866,310.0757,347.2682,14.501219,283.54788,349.55267,9.161073,304.22842,355.50183,-75.83787,293.1703,356.17047,-77.66545,326.3428,385.12936,33.468735,267.47452,381.6449,4.736925,342.75583,338.97906,-27.428974,256.62817,327.71155,-73.16347,335.35718,281.512,-67.23333,280.5481,279.82138,-109.20526,328.87216,271.31534,-93.79517,291.30176,271.0501,-141.21368,322.27048,270.4953,-93.86101,294.84833,270.61172,-136.51968,322.92056,274.55896,-71.7573,292.2935,273.99646,-112.539314,319.9059,498.26056,2.4713943,274.12784,496.88965,-2.46939,333.20438,587.30634,-34.861824,260.37625,587.5568,-30.4532,345.53015,686.7837,38.39068,248.57823,684.2064,47.516594,336.79745,700.653,38.14281,255.52257,697.32434,46.677193,371.83105,714.7006,-80.63424,227.6707,713.74023,-70.83827
tijera_up
IMG_20241017_122643~2.jpg,tijera_up,299.5448,347.87808,-141.6246,303.2869,342.78613,-118.00652,305.85373,342.87823,-117.9637,308.22287,343.08096,-117.99075,294.10544,343.2445,-119.113235,290.6319,343.62537,-119.11931,287.475,344.01523,-119.09064,310.2167,348.98172,-13.71423,282.86972,349.6224,-17.8077,304.44662,356.82446,-104.6944,293.15698,356.6289,-106.115685,327.0647,384.68347,14.5868225,266.21655,381.39145,-14.104266,343.84174,337.28174,-42.272545,253.8153,331.18292,-96.88625,336.80408,280.206,-86.04464,276.66995,280.96414,-149.55032,331.43872,269.92734,-112.97366,285.7789,271.82626,-183.73112,323.5322,269.28232,-113.080444,289.5766,271.45032,-178.86084,324.2402,273.55353,-90.51138,287.88556,274.9715,-152.95667,319.67502,498.2451,2.141694,273.77875,496.72345,-2.1504178,333.19336,588.8917,-38.015972,260.04672,588.836,-28.241129,345.52753,687.9858,36.526436,247.64911,685.9899,48.416275,337.4208,701.247,36.316948,253.57965,699.2765,47.376854,372.4547,715.31744,-84.723885,224.14938,714.069,-71.47821
tijera_up
IMG_20241017_122644.jpg,tijera_up,299.48727,351.23376,-189.59967,303.8825,344.77972,-167.65788,306.48492,344.66153,-167.591,308.88565,344.6185,-167.60706,294.06473,345.47137,-169.3396,290.17474,345.7855,-169.35605,286.6571,346.0729,-169.32751,310.3923,348.2633,-59.796104,282.90692,349.52942,-66.46279,304.4934,358.96753,-150.27463,292.7606,359.70703,-152.42014,327.3194,382.82333,-36.216377,268.50537,379.27252,-71.94693,342.8783,339.41653,-168.57637,254.46368,331.25687,-257.32013,333.709,282.25616,-266.0061,277.91895,283.16214,-398.82077,325.60443,270.89526,-303.5957,288.07877,272.64038,-444.19165,319.2277,270.56848,-296.86264,292.02908,272.4078,-433.8223,320.18423,274.68314,-269.53464,289.834,276.5677,-402.08704,319.61594,498.6197,7.3294983,274.12073,497.01727,-7.5123615,333.27844,591.83466,-39.300304,261.85672,589.5364,-31.652578,344.9469,690.4482,45.265976,248.50461,686.3484,61.721363,336.47952,704.8618,45.339798,253.70522,699.2065,61.80316,368.50958,714.7858,-86.73752,225.95393,713.06433,-64.9103
tijera_up
IMG_20241017_122700.jpg,tijera_up,343.39795,404.3994,-47.660366,340.96478,396.82895,-36.73607,340.51678,396.4774,-36.737072,339.98093,396.07852,-36.68188,338.57358,396.6358,-71.80628,336.46808,396.2744,-71.82577,334.23874,395.8644,-71.85987,327.31738,396.27567,24.248491,321.72324,395.63214,-137.62039,340.04443,410.04236,-20.591442,337.55756,409.4343,-67.744064,317.02914,429.45,119.01056,307.07428,423.8843,-214.86586,339.44116,382.3499,234.4679,344.00568,371.19562,-303.06183,346.89905,336.614,185.13425,348.45325,317.4119,-256.43976,347.6988,322.0182,176.03113,349.02652,306.35037,-281.37872,341.56628,320.7021,159.8942,342.56662,304.51154,-286.73453,341.6503,323.9843,173.0272,342.1182,308.0259,-255.75009,323.149,561.9257,118.90981,314.57657,568.7919,-118.92842,327.90872,640.55914,284.85544,316.08414,657.40076,-90.272385,325.31015,713.0585,459.48996,312.39688,753.2056,-63.86401,316.8777,728.8051,474.25497,302.766,770.5648,-66.68544,363.593,730.52264,445.54672,354.59323,774.11816,-163.5779
tijera_up
IMG_20241017_125927_DRO.jpg,tijera_up,332.78238,136.66402,-282.52975,337.41162,125.98697,-255.37617,340.737,125.57195,-255.31085,344.061,125.461624,-255.32674,326.1512,126.75116,-260.60388,321.67767,126.662025,-260.65878,317.34418,126.79528,-260.65884,347.1461,130.6806,-118.59134,311.49783,131.36742,-144.78773,339.5038,146.47571,-232.57599,324.61984,147.09903,-240.26794,370.1157,172.64108,-57.416626,291.68073,178.04547,-141.95447,400.3681,103.270676,-85.19232,266.95224,110.2772,-244.15724,398.2205,26.69015,-140.00883,274.8296,30.496025,-295.12894,396.7763,11.39946,-171.1838,275.21298,13.936353,-340.1271,389.18213,8.306265,-182.4416,281.52252,11.788058,-328.89362,387.36707,14.929295,-151.25275,284.06116,18.344856,-297.4853,364.15674,331.41638,30.496565,307.17313,332.48593,-30.564278,390.93765,437.27356,83.38219,275.34354,448.9223,-20.517548,421.47968,546.6866,229.16093,236.37697,552.6315,121.162186,410.10858,568.37854,236.47253,239.20895,570.4442,128.00784,454.78024,576.52893,116.8437,218.89859,587.4228,-9.46219
tijera_up
IMG_20241017_125928_DRO.jpg,tijera_up,329.156,132.5658,-314.94397,333.9203,122.94792,-288.4444,337.1715,122.7407,-288.3903,340.43277,122.89869,-288.4333,323.97644,123.86468,-292.71606,320.04187,124.17961,-292.76935,316.2977,124.76952,-292.76114,344.52606,129.68799,-154.70113,311.13623,130.67236,-174.85513,335.99313,142.8965,-265.99924,322.56302,143.04797,-272.0377,368.3181,171.92766,-98.098526,290.65875,177.97249,-149.11537,398.78543,104.47926,-127.51038,263.86832,109.515884,-227.92978,405.41653,30.233978,-189.54135,264.68558,32.716274,-292.0382,407.27234,14.36491,-222.62294,261.89328,14.794278,-336.37674,401.0491,10.216045,-235.07954,267.65268,12.3298645,-330.4304,399.34186,17.760038,-201.6314,270.6163,19.188381,-296.914,359.1884,328.5924,15.0060005,301.33295,328.86337,-15.109716,386.17715,438.0805,58.81667,273.1694,447.93057,4.4658294,423.93036,548.2547,207.26564,231.33682,548.2085,162.38351,415.2918,570.49023,214.14629,234.5635,565.9761,169.79662,450.3733,579.5278,77.28518,215.13957,583.65094,26.771564
tijera_up
IMG_20241017_125929_DRO.jpg,tijera_up,324.32266,136.94997,-257.6642,327.96057,128.12363,-229.33267,330.80295,127.85833,-229.28256,333.81775,127.94727,-229.30367,319.01627,129.29114,-235.40945,315.6008,129.64752,-235.44577,312.16873,130.2463,-235.43938,338.34042,135.48729,-94.43573,308.02536,136.87238,-123.787155,331.1325,147.07236,-209.12651,319.22437,147.87444,-217.61584,363.44992,177.74081,-37.34747,288.41544,185.63731,-121.213776,396.35074,112.30473,-74.04019,262.16226,116.63587,-221.28111,403.97708,41.075157,-155.22568,254.37733,42.364098,-280.89587,406.35834,25.898098,-189.49104,250.80316,22.998953,-325.55255,400.57693,21.885872,-203.48128,256.22107,19.62173,-316.56836,398.94345,28.09186,-168.78073,259.55328,27.507687,-284.2619,361.56854,332.85406,27.039106,305.0254,336.44522,-27.057257,385.96573,438.6728,76.90919,275.5765,454.1247,-19.610157,420.2812,545.5842,225.87613,231.58229,555.9142,127.44155,412.62796,567.224,233.03477,236.32513,571.98334,134.54901,452.46854,578.39386,108.35911,210.47714,589.54987,-4.56824
tijera_up
IMG_20241017_125930_DRO.jpg,tijera_up,327.39282,135.57436,-287.08334,331.23087,126.35581,-260.3598,334.14627,126.15585,-260.31525,337.09845,126.33039,-260.3349,321.96054,127.422,-265.4264,318.07483,127.78062,-265.4672,314.27118,128.28056,-265.4605,340.87802,133.70062,-131.40387,308.78662,134.02975,-156.17328,333.22745,145.73535,-240.6396,321.0052,146.52075,-247.79123,366.04153,176.25183,-80.28893,288.28546,183.48715,-144.83522,397.40665,112.99536,-121.81377,260.68665,118.91414,-235.42487,404.43695,40.448906,-199.9766,254.37738,43.076134,-296.9776,406.94147,25.211287,-233.29817,249.70053,23.307919,-338.1693,400.47867,21.49775,-246.71481,254.72777,19.78724,-332.53436,398.81906,27.903938,-212.82022,258.15234,27.54445,-301.1598,361.1769,333.1069,21.708008,304.5321,335.64807,-21.748617,386.65567,439.20203,62.48924,273.41525,447.3507,-16.641462,419.2424,547.15784,202.70877,235.46631,551.48804,121.88372,409.84503,570.09045,208.65245,243.13095,568.4669,127.35402,458.31516,575.4271,86.249084,212.2767,584.36945,-6.201601
tijera_up
IMG_20241017_130639_DRO (1).jpg,tijera_up,313.52878,263.4615,-206.81038,315.27884,258.57275,-187.07698,316.96896,258.74213,-187.0559,318.76868,259.0306,-187.07051,310.2664,258.64743,-194.17593,308.41232,258.83698,-194.22375,306.6471,259.07535,-194.2537,321.85406,263.6899,-90.17812,303.93808,263.54156,-122.38384,317.1818,270.12787,-171.16263,310.5751,269.76797,-180.74843,342.26736,288.44952,-42.161552,285.12915,290.34863,-123.075745,357.3549,247.8282,-72.77114,270.65543,247.62051,-202.33498,367.0934,202.08464,-150.12862,266.4895,196.44283,-257.90128,370.67618,188.76694,-177.15349,263.15848,183.63971,-292.70364,366.42365,185.59529,-187.4015,266.17673,179.85805,-288.39514,364.00958,191.37111,-160.31029,268.7683,184.19461,-261.05496,336.94254,398.17966,17.815271,296.1138,398.3836,-17.88145,361.40714,469.03915,13.039686,266.46805,469.346,-32.541668,391.27945,540.95123,132.70113,233.66628,539.19604,92.090576,388.67554,552.492,139.09883,233.26932,545.9234,99.88992,408.3057,562.35144,42.53105,224.50053,559.8575,1.4959292
tijera_up
IMG_20241017_130639_DRO.jpg,tijera_up,314.28925,262.0411,-192.56273,316.18002,257.96677,-172.25334,317.8672,258.24866,-172.23245,319.67972,258.60648,-172.25125,311.361,257.78226,-181.275,309.61505,257.93796,-181.31895,307.94574,258.10074,-181.34756,322.54578,263.4936,-74.38277,304.86505,262.38876,-115.34287,317.67197,268.96277,-156.54257,311.3076,268.25815,-168.63635,342.6056,287.31094,-21.812428,284.60782,288.96042,-122.07092,359.091,248.13068,-41.0174,271.30377,247.01279,-201.83977,369.20953,202.93896,-115.77908,267.11176,196.10541,-256.13,372.44272,189.50827,-140.86353,263.65268,183.292,-291.0565,368.5355,186.72383,-152.55038,266.2048,179.6416,-286.2835,366.10526,192.57481,-126.61148,268.80594,183.9689,-258.95688,337.09143,398.15582,22.05096,296.50867,398.84103,-22.098251,362.55618,467.89185,10.207231,266.8692,470.08267,-45.97882,389.1664,539.4072,133.35278,236.18948,538.8773,81.13107,386.7096,550.7266,140.15292,234.9675,544.70593,89.148834,405.38058,560.4743,46.143417,227.50894,560.2722,-9.535412
tijera_up
IMG_20241017_130640_DRO.jpg,tijera_up,310.34686,262.65353,-212.05858,312.86148,257.5906,-192.53537,314.6764,257.65244,-192.50227,316.50168,257.7993,-192.52832,307.8658,257.9463,-201.08167,306.18143,258.18228,-201.13742,304.59012,258.4188,-201.17416,320.33804,262.57187,-94.31357,303.381,262.70038,-133.29341,314.5204,269.20932,-175.55927,307.80533,268.91678,-187.07816,342.68726,286.78027,-34.03016,285.10797,289.4759,-139.68459,357.60638,247.76196,-44.83253,269.1917,246.7562,-210.72371,367.28174,200.95644,-112.641785,265.73517,196.44528,-252.15572,370.6256,187.14091,-136.44606,262.64478,183.89084,-285.50723,366.6127,184.8723,-148.36816,265.38333,179.8556,-279.6923,364.14917,190.93332,-123.31134,267.77298,184.37524,-254.28516,337.66833,396.50827,28.214577,297.96002,398.11493,-28.291002,360.6011,468.80112,24.319775,270.57086,469.28177,-33.0586,390.59332,539.95197,147.48657,235.05331,534.3279,91.711296,387.4459,551.07446,154.71828,235.15562,542.501,99.6348,410.05432,561.1013,65.87893,226.63861,555.2758,4.4536624
tijera_up
IMG_20241017_130641_DRO.jpg,tijera_up,312.9275,264.23773,-204.26933,314.1729,258.80637,-184.95091,315.80768,258.8375,-184.92754,317.48978,258.98056,-184.94482,308.9713,258.9736,-191.21799,306.96106,259.10507,-191.26761,305.0263,259.28906,-191.30191,320.27298,263.00348,-89.41938,302.24756,263.32162,-118.02132,316.93292,270.58878,-169.05646,309.88828,270.44772,-177.55966,343.06393,289.16132,-38.530296,285.25204,291.30624,-118.123116,359.34552,247.89319,-54.343834,269.11456,248.69461,-184.78294,368.28644,204.16365,-117.94553,265.52515,198.97308,-229.0694,372.03003,189.72601,-142.24646,261.64066,185.11157,-261.62018,367.95578,186.54286,-153.37077,264.58258,181.32167,-257.78833,365.157,193.10278,-128.0552,267.28717,186.91077,-232.15726,336.56342,399.1248,18.50532,295.66522,399.26068,-18.543133,361.9012,468.9176,20.078648,266.33862,469.8876,-44.013123,389.14612,540.0667,127.189545,234.78674,541.9567,64.4823,387.56992,551.37024,132.24405,234.00647,548.93585,70.42088,408.67505,559.58264,38.776817,224.67282,561.5114,-29.026335
tijera_up
IMG_20241017_130932_DRO.jpg,tijera_up,341.4516,256.1411,-145.13344,344.18976,249.3349,-124.653114,346.2756,249.05734,-124.629036,348.26907,248.75784,-124.62653,336.98108,250.3107,-134.2113,334.03412,250.75006,-134.24644,331.14194,251.15196,-134.29787,350.7673,249.84474,-26.757832,327.23032,253.12624,-71.09516,346.25177,262.44318,-108.71827,337.47018,263.37,-121.923294,365.702,274.64267,15.582047,313.437,279.3735,-92.03902,369.35648,224.09592,-33.072445,302.3725,227.44934,-182.17725,361.9717,178.13788,-110.618324,315.47455,176.20955,-193.65472,359.30038,167.1341,-138.60063,318.9992,165.49457,-223.73508,353.81766,165.07327,-139.58774,322.1479,163.51462,-219.30812,352.70615,168.26584,-116.993996,322.30612,167.66393,-194.55074,361.95792,379.39362,31.764568,324.2486,381.82227,-31.843594,381.42764,460.72226,22.109793,314.80142,463.90076,-88.141266,406.15277,542.5466,93.844604,293.1261,550.2423,-22.86065,402.62375,554.75977,95.08151,287.75778,561.7668,-22.109184,434.3161,561.9539,-6.9692855,308.95013,572.78595,-139.83705
tijera_up
IMG_20241017_130933_DRO.jpg,tijera_up,343.01962,255.45062,-331.14127,344.78052,248.27368,-313.54776,346.6623,247.73775,-313.48114,348.29135,247.222,-313.50003,337.99026,249.9124,-322.34204,335.2131,250.5311,-322.41592,332.50726,251.06001,-322.44055,349.72098,248.3571,-207.9895,327.98306,253.14632,-248.81078,347.27206,260.66083,-290.08112,339.27097,261.85242,-302.18585,367.3435,274.40222,-145.3356,313.38812,279.84995,-240.02222,369.6219,223.72276,-209.5814,304.9063,228.09424,-363.0339,356.5834,176.22075,-299.82404,320.3804,176.26978,-417.03546,351.928,165.51823,-330.27917,325.3964,164.1786,-451.14822,347.53683,164.07686,-328.66418,327.43436,162.57138,-442.2189,347.33636,166.94672,-305.16183,327.0754,166.29863,-416.81732,364.30115,379.81805,19.852308,325.01614,383.20627,-20.050959,382.34668,460.01898,2.5145926,316.21057,462.2426,-57.57938,407.36176,544.38824,92.32901,295.39722,546.1922,50.6659,403.3911,555.5539,95.174934,294.5066,557.43726,55.709705,433.69952,563.23413,-11.254688,303.0765,565.97424,-56.259087
tijera_up
IMG_20241017_130934_DRO (1).jpg,tijera_up,341.65924,254.97668,-120.16248,344.39978,247.25995,-97.039276,346.59955,246.91396,-97.00856,348.55203,246.65121,-97.014496,337.27972,248.63527,-104.8789,334.2971,249.2137,-104.91927,331.54556,249.80278,-104.95986,351.41452,248.20819,3.112002,328.63535,251.55768,-32.98681,346.70227,262.38455,-84.003136,338.169,263.4257,-94.78252,369.2174,276.57217,36.273582,312.98642,281.29373,-51.55323,378.89764,227.71701,-10.726262,294.4501,233.61841,-140.5189,358.22336,185.33464,-65.12776,317.61496,184.36526,-156.42177,352.94928,174.14253,-92.8108,323.90573,170.81847,-185.89993,347.07867,172.56216,-89.89762,326.75363,170.37296,-180.9264,346.85696,175.9779,-69.37267,326.37952,174.96962,-157.32558,364.21823,384.15207,26.08495,324.11563,384.71542,-26.121613,387.17242,466.399,-13.013358,315.7032,463.81393,-79.024895,408.99954,547.1963,50.305027,296.40714,548.08527,-11.571792,403.97308,561.0586,50.467438,295.97687,561.1564,-11.25233,442.7995,565.0841,-53.52201,299.69366,567.7998,-126.298706
tijera_up
IMG_20241017_130934_DRO.jpg,tijera_up,341.42343,256.70395,-166.48447,343.55618,249.80815,-146.39519,345.5828,249.34515,-146.37083,347.35184,248.89061,-146.37698,336.46713,251.37294,-155.2031,333.51,252.01382,-155.24454,330.72046,252.64854,-155.27989,348.92383,249.931,-49.031178,326.5528,254.68005,-89.84531,346.02728,262.88367,-130.05711,337.54022,264.09644,-142.24031,366.01633,275.48376,-10.899879,313.21957,282.0397,-103.27579,370.76273,225.88377,-63.179058,301.34766,230.22156,-192.91411,355.57288,177.95058,-136.35316,316.2916,177.64032,-206.99393,350.94852,167.17577,-165.70865,320.61816,165.43889,-236.5116,345.2192,164.53577,-163.48236,323.2783,163.29114,-232.90482,345.11734,168.28122,-141.12352,323.38583,167.93907,-208.09645,363.59238,381.91705,25.62912,325.31995,384.4547,-25.702017,383.92633,461.88626,-15.284214,315.00818,462.464,-89.45975,408.07428,546.63446,44.352886,294.47128,547.9052,-12.125082,403.61926,559.70685,44.297348,293.29623,559.31036,-10.384161,437.64404,564.42566,-62.331696,306.99374,569.665,-126.63987
tijera_up
IMG_20241017_130935_DRO (1).jpg,tijera_up,345.9083,254.92892,-135.58516,347.04507,247.9188,-112.611374,348.69592,247.42682,-112.58935,350.58264,246.96558,-112.58812,340.02963,249.49336,-124.84095,337.0493,250.1687,-124.88235,333.85895,250.90489,-124.92204,351.59097,248.37134,-8.229354,329.10583,253.07855,-63.68411,349.86108,262.08743,-96.85168,341.8784,263.7473,-113.20633,367.15396,277.27493,35.604362,313.4201,281.78192,-89.88037,378.2753,229.7247,-26.05255,300.84982,234.61743,-191.69948,355.91354,186.57027,-107.55801,322.39923,185.96188,-193.50244,348.48517,174.22244,-138.01695,328.7747,171.02437,-222.57954,343.7835,171.63077,-131.68608,329.74384,170.67558,-217.65921,344.35638,176.07217,-111.40687,329.08383,176.01497,-193.49391,363.38596,382.65198,41.36985,324.066,383.66226,-41.4433,385.45786,464.41776,-1.581625,316.1102,463.99225,-104.883804,407.6518,548.2771,63.08625,294.19366,549.13873,-49.770164,402.54785,562.38934,63.274914,293.07028,562.2776,-50.92126,444.87927,567.0675,-42.19783,305.65454,571.8184,-173.24236
tijera_up
IMG_20241017_130935_DRO.jpg,tijera_up,343.8401,254.4807,-134.32526,345.5646,247.77956,-112.201256,347.3943,247.42308,-112.18173,349.3062,247.02615,-112.18127,338.3052,249.10431,-121.35672,335.18713,249.79007,-121.38774,332.12515,250.57364,-121.42208,350.79907,248.38943,-11.954709,327.6923,252.91286,-53.684258,348.17123,261.2143,-97.63565,339.92856,262.89597,-109.97289,367.79922,276.29047,15.756416,312.53442,281.04987,-79.75689,376.4472,229.38957,-78.06653,299.9079,231.98184,-209.80061,355.34286,185.56674,-168.13245,322.15042,185.82785,-246.9559,349.4175,173.65749,-200.65575,328.51404,172.32327,-279.6262,344.55124,171.19841,-192.96754,330.00143,170.84256,-271.9829,344.797,175.3187,-171.43726,329.37796,176.01971,-247.22745,363.86993,381.8555,28.310694,325.06534,383.98428,-28.392765,385.562,461.87244,-10.934386,313.5433,464.28305,-86.09935,408.10165,544.0659,58.592674,294.6313,547.9175,-19.72073,402.5069,556.6072,59.251286,293.75314,560.03314,-19.53677,436.12103,564.00134,-47.421658,303.06073,568.6294,-137.67505
tijera_up
IMG_20241017_130937_DRO.jpg,tijera_up,344.0123,256.85104,-163.32236,345.5463,249.64832,-141.52605,347.3897,249.04709,-141.50043,349.10315,248.4609,-141.493,338.1498,251.58258,-152.87807,334.9754,252.42555,-152.90991,331.96185,253.27182,-152.94249,350.2689,249.68689,-37.700874,327.70078,255.25768,-89.477356,348.40585,263.7954,-124.67609,340.51758,265.7879,-139.9874,367.4968,277.40555,6.123325,313.29846,283.64487,-111.95117,379.77322,231.882,-63.075676,300.66873,234.82632,-212.16649,358.73865,187.61122,-153.58209,320.82687,186.74571,-213.47801,352.20526,175.39677,-186.27821,327.68304,172.9087,-244.38528,346.67157,172.90446,-180.6988,329.29913,171.85123,-238.35622,347.01642,177.292,-157.83484,328.54553,177.01997,-213.36816,363.68723,383.64175,37.829727,324.85306,385.31775,-37.920486,386.16428,463.69543,5.555141,316.14822,464.84894,-90.755394,407.7886,544.0309,105.307236,294.46072,548.7542,-2.6792824,401.71387,556.34595,109.53263,289.46445,558.96594,0.10833868,436.74435,563.5464,6.7760634,312.08484,574.2398,-119.92196
tijera_up
IMG_20241017_131409_DRO.jpg,tijera_up,347.17294,162.52313,-406.7758,351.94623,152.08678,-381.6733,354.87463,151.32071,-381.5647,357.6163,150.79813,-381.58917,340.97803,152.4638,-384.39087,336.33002,151.75725,-384.4916,331.89157,151.04099,-384.56186,361.18674,153.83932,-235.2432,326.1971,152.71376,-244.18028,353.4709,170.9286,-350.58252,339.23526,169.50386,-353.77878,385.37112,189.03973,-160.14697,297.38217,190.55847,-198.9594,406.58408,122.34762,-233.05229,276.99646,119.31665,-284.55167,368.35306,49.322365,-296.7706,320.87775,52.705288,-324.43277,356.80902,36.214138,-338.8043,332.52438,37.146545,-371.29086,353.18945,37.10389,-332.26047,334.80432,37.92465,-360.13513,354.91956,42.278553,-300.78824,333.7767,43.811844,-326.15225,375.8938,353.27673,-1.2453492,308.7806,354.47565,1.1300907,425.43646,448.85202,23.227007,250.7403,456.15454,10.096403,465.9387,545.3269,249.34988,207.58942,555.92847,192.71799,460.95493,561.4279,263.5353,212.60419,572.9007,201.6994,490.14417,579.4151,118.52193,169.47836,587.8067,49.768303
tijera_up
IMG_20241017_131410_DRO (1).jpg,tijera_up,340.47397,161.42714,-349.4788,345.17133,150.90717,-322.71152,348.6163,150.21942,-322.62094,351.66824,149.81688,-322.63385,333.20935,152.11288,-327.30933,328.46548,151.89685,-327.39273,323.9544,151.64253,-327.45306,355.06058,155.39394,-183.0398,319.11578,155.40881,-201.79654,347.50677,169.86401,-297.41068,332.25854,169.61334,-303.28183,379.9411,194.54503,-121.273415,294.17172,197.8663,-184.95589,399.0502,127.19794,-227.45558,274.74478,128.62308,-287.10815,362.98782,56.659317,-317.43182,316.22025,57.650875,-306.87192,352.26163,41.09855,-357.75433,327.24805,40.81266,-348.98212,348.44037,41.503166,-346.97845,329.21405,40.61074,-333.2851,349.6643,47.373055,-320.49902,327.9434,46.906044,-305.75708,377.09677,352.54947,10.005453,313.29184,354.65732,-10.169072,423.13275,448.65866,35.019623,257.18314,452.97443,-10.173282,463.8472,550.1238,226.90054,208.87746,553.6623,156.19243,458.1017,570.00214,238.07668,214.85089,570.3429,164.36975,496.1952,585.00684,105.90825,173.70642,587.2827,24.313293
tijera_up
IMG_20241017_131410_DRO.jpg,tijera_up,343.2526,157.0564,-394.18524,347.42953,146.25189,-366.86102,350.64215,145.81061,-366.74176,353.5413,145.61093,-366.7547,335.424,147.90875,-376.12054,330.39972,148.15462,-376.22122,325.68396,148.24843,-376.31183,357.02924,151.96857,-221.64294,319.95,152.9466,-261.39926,350.15067,165.98123,-339.34702,335.21906,165.6556,-351.36707,382.38037,192.28177,-143.74194,295.86475,195.4434,-248.76477,400.68683,124.13402,-201.33925,274.9968,124.212814,-360.32867,361.07672,53.288723,-255.54926,317.0654,54.54376,-374.91418,350.02417,38.7331,-288.94363,327.84497,38.50863,-418.0677,346.67236,38.693596,-283.87378,330.313,38.389442,-400.48865,348.12576,44.293404,-260.35565,328.80728,44.713593,-373.17313,378.81195,353.02054,17.391973,311.51062,353.9313,-17.589956,423.5502,448.5303,44.315796,255.2684,455.58887,-0.5539439,463.56284,551.47845,245.38985,204.29955,558.4197,170.49454,457.75543,571.74884,257.13254,211.52367,576.7361,178.63715,496.15427,587.2266,120.65337,163.01166,590.1257,31.996319
tijera_up
IMG_20241017_131411_DRO.jpg,tijera_up,340.70377,165.7951,-358.95718,344.92477,155.46222,-332.73724,348.008,154.62054,-332.63684,350.88974,154.008,-332.652,333.84268,157.0667,-337.75275,329.2329,156.932,-337.85455,324.93787,156.75642,-337.9301,354.1223,158.2274,-192.23196,319.64008,159.239,-213.77599,347.57104,174.17099,-306.14368,333.1624,174.35583,-312.9162,381.00244,195.67754,-119.64939,294.681,199.2622,-195.729,399.5565,127.35441,-197.92093,275.09482,130.65724,-295.6019,362.1211,57.804443,-262.87466,315.69818,59.358932,-309.40616,351.10028,42.258835,-297.33792,326.50323,42.877388,-351.10086,347.4239,43.140816,-288.19797,328.40042,43.21444,-332.47235,348.6826,48.709488,-265.4618,327.33344,49.240448,-307.01703,378.2809,351.70297,12.750261,314.18027,353.7559,-12.894579,422.4964,444.86145,47.398552,258.3908,451.3361,-35.929882,462.0065,545.8397,249.98712,207.67035,552.4931,119.604195,455.97586,566.3238,262.65714,213.29227,569.0421,127.23454,494.98383,581.4148,135.75252,172.29092,586.41815,-12.759653
tijera_up
IMG_20241017_131412_DRO (1).jpg,tijera_up,340.59653,167.9872,-424.61966,345.74936,157.58344,-398.36462,349.21786,156.663,-398.25293,352.48578,156.0735,-398.27127,333.89288,159.12051,-401.31363,329.35776,158.83917,-401.42093,324.93085,158.55136,-401.5033,356.22592,160.34897,-254.00887,321.62537,161.06668,-264.5113,348.32065,176.46011,-370.2495,332.8939,176.46881,-373.825,382.9556,198.94392,-180.05168,295.92615,200.91023,-238.02255,402.9265,128.56102,-278.35062,277.19235,132.77939,-341.44382,362.687,58.35836,-362.16302,318.32922,61.607433,-370.85242,351.04315,43.39044,-404.29092,329.88962,44.378662,-417.25317,347.30408,44.694138,-395.29333,331.9137,44.715332,-402.9911,348.7044,50.39587,-365.96695,330.58887,50.929142,-371.07486,378.13452,355.90692,5.9326386,310.94388,358.3705,-6.146104,423.92065,449.00165,18.770117,254.37115,455.5318,-34.726254,461.53485,548.0507,247.21507,204.87564,556.4568,152.83922,452.46573,568.6013,261.55017,211.21155,573.5569,162.70001,493.9559,583.39746,120.094215,167.122,587.78296,13.85184
tijera_up
IMG_20241017_131412_DRO.jpg,tijera_up,339.67755,166.02516,-359.51318,344.65884,155.71451,-333.846,348.072,154.78705,-333.74692,351.31693,154.1484,-333.7566,333.0463,156.92487,-336.08258,328.6692,156.4726,-336.184,324.35266,156.00479,-336.2613,355.5161,157.9403,-193.70117,320.69907,158.10931,-201.0409,347.4205,174.07146,-306.8016,332.18625,173.754,-309.53152,382.53537,195.87466,-123.691536,295.27875,199.24998,-169.81396,400.66528,128.4047,-205.01706,276.1535,130.88136,-256.4591,363.3248,58.225395,-266.4444,317.19998,59.604263,-278.8562,351.6146,43.14587,-302.9191,328.26303,43.210316,-321.13446,347.98108,43.8889,-294.20132,330.33395,43.265556,-306.2451,349.30844,49.430943,-269.2824,329.0519,49.19474,-278.4145,377.87296,353.65994,0.6807636,312.30722,353.78873,-0.7957876,423.59253,447.99582,33.07901,256.93576,452.7554,-6.8745995,462.45883,549.4325,213.18083,205.93912,554.8376,137.9507,456.90536,568.54803,222.89368,212.33109,571.46704,143.6517,492.23416,585.0221,83.15647,168.41492,587.45734,-1.26701
tijera_up
IMG_20241017_131739_DRO.jpg,tijera_up,381.71338,105.24087,-283.14645,383.5364,97.511314,-259.1968,386.38818,97.71147,-259.1412,389.08594,98.0092,-259.1507,373.60126,98.24321,-266.83438,369.48566,99.019554,-266.8619,365.43454,99.85051,-266.89322,390.4597,106.099365,-141.34355,356.1697,107.79426,-176.97726,387.69226,117.23962,-239.81825,374.9846,117.01524,-250.36485,418.83545,157.53802,-112.985695,329.99628,158.05762,-203.71336,437.1467,79.79822,-211.22336,325.46567,76.12445,-335.81155,411.61914,1.4527798,-314.34964,351.67584,-1.9236565,-327.52603,409.27148,-18.314886,-353.77582,357.02014,-21.214342,-358.26236,402.21667,-18.436028,-347.83627,358.83408,-23.064922,-343.8764,400.95782,-8.659935,-320.1447,359.94473,-13.715982,-325.65558,414.45584,323.1014,26.350794,348.60437,323.1266,-26.6024,425.03418,440.20386,46.826405,348.9452,435.3816,-6.0619645,454.58673,564.2789,168.16455,329.9645,551.5855,150.62463,447.64447,584.12964,173.63983,323.35428,565.73456,159.22527,490.1036,600.30396,52.3431,331.92508,595.89874,27.828571
tijera_up
IMG_20241017_131740_DRO.jpg,tijera_up,279.08334,111.25355,-331.85873,282.49725,103.85015,-308.30762,285.80017,104.11782,-308.25143,289.15878,104.64034,-308.25668,271.1136,104.00014,-314.75165,266.65414,104.23298,-314.7915,262.2049,104.6438,-314.8525,292.58627,112.34708,-186.4952,253.83144,112.783905,-218.59831,285.44382,122.615555,-286.61008,271.47113,122.63525,-295.82962,318.05002,162.50327,-144.12457,227.41055,161.29823,-241.45836,338.26474,85.744286,-219.8872,221.21599,84.89821,-377.30728,314.68573,9.048963,-299.5125,253.20432,5.4092884,-375.3794,313.00635,-8.543015,-334.04092,259.8078,-10.448384,-402.17395,307.03934,-10.359526,-332.01996,263.06802,-11.986065,-389.8317,304.93774,-1.3343334,-305.80826,264.64374,-2.8490782,-373.27402,305.54333,331.5983,30.869757,236.72052,329.32846,-31.12592,309.09372,449.17398,79.76812,228.60414,446.41953,-12.082827,327.9592,571.6218,226.75374,203.43513,557.20703,138.64471,318.76807,594.3303,235.28217,197.649,571.8816,146.77023,360.71167,605.2641,124.45782,196.20992,603.03766,12.446345
tijera_up
IMG_20241017_131741_DRO (1).jpg,tijera_up,277.75934,105.32739,-380.02774,280.7881,97.86675,-357.39835,283.95383,98.039154,-357.33078,287.2604,98.488976,-357.34506,269.48865,98.67861,-363.71887,264.9913,99.32499,-363.7665,260.48242,100.17183,-363.82437,290.72626,106.73499,-234.34763,251.70238,108.949615,-265.43018,284.26837,116.86921,-333.78372,270.19473,117.203476,-342.6704,318.02756,156.66486,-184.37775,226.317,156.886,-288.49472,337.78326,76.16155,-265.85797,220.3153,75.28031,-436.40363,309.82886,0.5707979,-346.30853,251.69125,-1.1632919,-431.53735,306.7653,-15.808821,-381.03024,257.72394,-15.23633,-459.03748,300.90866,-17.773842,-376.40393,259.55328,-15.543389,-444.6586,299.4888,-9.210396,-351.98032,260.01056,-7.932019,-428.715,305.61594,327.1629,34.00229,236.61096,325.14017,-34.304596,310.3727,445.44925,107.14052,226.84073,444.12268,-3.6172771,329.0707,566.8038,276.44348,201.02692,556.94434,155.38733,319.57318,586.4662,287.30603,196.43001,573.1298,164.47025,363.24268,604.2682,175.33957,196.68314,599.1996,27.166592
tijera_up
IMG_20241017_131741_DRO.jpg,tijera_up,276.82745,104.1476,-189.89163,280.36435,96.99368,-164.2332,283.78683,97.24288,-164.22571,287.05057,97.76571,-164.25644,269.13452,97.361565,-168.54185,264.7535,97.79754,-168.5648,260.551,98.31171,-168.62744,290.21503,106.36241,-52.52775,252.72432,107.5381,-73.62617,283.70868,116.35997,-150.54457,268.8349,115.9204,-156.60342,316.3778,156.82132,-33.9533,228.26572,156.0367,-111.979675,336.91797,81.17926,-96.173225,222.68979,77.19326,-241.85162,310.46982,6.631756,-142.17795,251.97205,3.1744719,-234.08426,306.5158,-11.301279,-173.9209,256.94012,-11.608577,-264.02832,300.31323,-13.163495,-173.47154,259.65225,-12.392759,-249.43716,299.6264,-4.4727087,-149.39668,260.23245,-4.7786236,-233.77754,303.97464,325.84244,29.838133,236.12291,324.84857,-29.997086,308.9412,444.93427,35.574528,232.91885,444.78677,-29.90886,325.4081,565.8263,142.03127,207.90749,560.0683,97.47436,316.71396,585.1008,146.42519,199.4235,571.09204,103.24716,358.43546,600.10583,38.440617,204.46782,602.838,-25.48693
tijera_up
IMG_20241017_131742_DRO.jpg,tijera_up,276.32104,104.147484,-393.2348,279.04865,97.3217,-369.84164,282.38898,97.67151,-369.78796,285.6726,98.245094,-369.80667,267.8226,97.86403,-374.24994,263.47424,98.47217,-374.29123,259.35046,99.15824,-374.36575,288.97348,106.744095,-248.12073,251.53856,108.14447,-268.1386,283.27576,115.522385,-347.7396,269.3033,115.44349,-353.48447,318.1595,156.66512,-213.30217,225.64627,155.85146,-287.27396,336.76492,76.81406,-322.56055,219.5513,73.72146,-442.6625,311.14984,0.8767605,-405.51425,249.15048,-3.1153202,-463.56342,307.04083,-19.153786,-444.21527,255.33734,-17.98985,-497.32098,300.84235,-20.347023,-438.7783,257.3634,-19.01269,-484.76807,299.22437,-10.980344,-411.08865,258.17896,-11.473322,-462.83408,305.0241,322.75754,18.645515,233.98465,320.36563,-18.93448,308.2638,442.06473,40.562916,226.15329,442.4098,8.553364,329.67737,565.52966,194.00848,199.58621,560.732,178.26434,323.00784,584.32214,202.13733,196.77405,577.9311,187.23761,355.61914,601.57965,69.50315,195.22894,600.3316,45.52467
tijera_up
IMG_20241017_131743_DRO.jpg,tijera_up,276.5712,103.8553,-346.76965,281.06198,96.39797,-323.5559,284.83365,96.62535,-323.50888,288.50336,97.13983,-323.54025,268.94388,97.05904,-328.15613,264.3358,97.5704,-328.1925,259.88104,98.24505,-328.25674,292.9208,105.84271,-205.49237,252.32462,107.306076,-227.64423,284.03833,115.07575,-303.06476,268.94193,115.30273,-309.3707,318.6503,156.00185,-174.59753,226.59264,155.36308,-248.82397,340.02908,80.2728,-260.46426,221.84314,70.9588,-386.10736,313.77145,3.7763834,-324.73883,251.60637,-2.7907133,-386.0796,311.00314,-14.657807,-359.2526,257.9173,-17.46962,-414.26886,304.34607,-16.331268,-355.83835,260.097,-17.974615,-402.7465,303.14777,-7.131076,-330.3495,261.26895,-9.662557,-385.28864,305.85,324.60953,21.748852,234.79893,322.81818,-22.007032,308.53915,443.43652,55.81192,227.21997,443.6966,12.434729,327.65656,564.9609,201.49536,206.26866,556.73535,180.6039,318.39954,584.9255,209.49574,200.47867,571.2892,189.68643,358.97253,601.112,90.53232,199.9228,600.65436,55.796276
tijera_up
IMG_20241017_143910.jpg,tijera_up,368.65985,380.77777,-227.1966,373.37512,372.77133,-205.72104,376.04895,372.63593,-205.68181,378.17093,372.4657,-205.70818,364.2519,372.7821,-205.38698,360.70895,372.592,-205.42041,357.6613,372.31024,-205.43556,381.31653,373.73154,-100.24486,354.77695,372.86053,-96.83045,372.73813,387.7372,-188.52422,362.4845,387.87085,-187.94554,401.42584,406.52408,-72.88192,338.67493,405.29617,-73.3778,414.11676,352.0688,-136.98605,317.81674,356.9976,-140.74963,375.7768,306.2337,-168.54846,350.31168,309.2528,-170.41017,367.8554,292.28677,-200.86913,357.58368,294.72873,-207.30093,365.46948,291.8315,-192.64326,358.98972,293.77283,-197.19418,366.52505,297.40457,-170.16452,357.8947,300.4039,-172.33359,389.99036,535.4739,-5.5236087,344.12732,535.88043,5.421981,404.6228,622.93427,13.570997,326.41116,617.4861,35.791286,416.27472,696.5201,208.01155,317.2132,687.8039,230.41757,412.2892,704.181,221.22449,321.868,697.2398,243.69229,429.7263,724.0129,107.20321,296.1016,712.2023,135.51059
tijera_up
WhatsApp Image 2024-10-18 at 10.39.09_10923423.jpg,tijera_up,355.66205,320.2905,-434.98874,362.5502,311.05923,-417.86707,366.68362,311.18506,-417.77087,370.96085,311.51196,-417.83173,350.9349,311.0397,-415.07983,346.93173,311.10147,-415.17557,343.0347,311.16504,-415.15176,377.8331,317.83395,-313.19812,340.0246,317.15326,-295.6146,363.9904,332.89203,-395.27475,348.4469,332.07205,-390.21588,404.768,360.56296,-282.80536,319.87485,362.9107,-211.43993,445.36536,307.02832,-382.16165,270.22433,312.25616,-230.78204,487.26785,244.87793,-512.1777,221.79085,253.61736,-339.71082,500.31854,231.80096,-558.0617,201.5986,239.35426,-372.52698,494.43228,230.51385,-573.4526,205.53322,235.58667,-397.71228,489.25415,235.3737,-527.8982,212.67514,240.7234,-358.716,393.4949,514.22327,-32.144653,331.7394,513.85114,31.99439,409.3014,609.55505,-12.474403,302.99423,608.96796,61.37086,431.31055,712.41504,160.52151,264.80875,700.83575,228.30424,429.30817,724.62683,168.07216,268.37146,711.79297,235.61801,434.2082,755.8138,7.619934,236.9857,744.9884,105.34021
tijera_up
WhatsApp Image 2024-10-18 at 10.39.09_5326c239.jpg,tijera_up,346.6294,322.82312,-436.63715,355.32135,311.52307,-420.34738,359.86154,311.47,-420.26074,364.4744,311.42545,-420.33182,342.73105,311.70645,-417.37518,338.71686,311.6173,-417.4667,334.78372,311.6733,-417.4451,372.77222,315.91196,-312.6506,333.9747,315.81888,-295.59113,356.02103,333.95377,-394.98758,339.92773,333.44333,-390.0565,400.70645,357.5719,-264.65033,314.85617,357.17984,-208.7097,445.55963,302.5532,-320.11105,263.6024,306.50632,-227.03738,490.62943,241.05681,-417.78134,214.96187,250.1602,-347.00934,503.1001,227.55727,-458.6661,196.31723,235.92679,-382.2879,497.1171,225.97209,-478.07736,201.24893,232.88367,-407.3665,492.19025,230.83711,-434.21127,208.21977,238.34012,-366.07166,389.58975,512.6757,-22.21696,327.7006,511.9778,22.106884,405.78458,609.3828,10.6189375,300.71198,609.48627,45.372276,431.24292,709.55383,190.78444,263.44336,703.0499,217.8725,427.45306,720.1554,199.53352,266.48578,712.78906,225.72525,435.76334,754.6707,40.747128,236.29327,742.8556,85.817
tijera_up
WhatsApp Image 2024-10-18 at 10.39.09_fc88ba15.jpg,tijera_up,354.33835,320.76077,-477.33325,361.68155,310.8508,-460.57837,366.0078,310.82794,-460.48538,370.3381,310.89566,-460.56317,350.12253,310.38367,-458.18665,346.3666,310.06952,-458.2963,342.6861,309.84848,-458.27563,377.04953,316.19244,-351.111,340.67453,314.1911,-336.22226,362.90512,333.12805,-435.20108,347.24283,331.93347,-430.9201,405.06473,359.01782,-307.57004,317.8942,358.9595,-246.56776,448.72656,302.57144,-395.19974,269.92084,309.0716,-270.56845,491.75125,243.27,-516.8454,222.56631,251.23123,-387.49805,503.5944,230.09442,-562.9877,203.05078,237.93987,-423.8421,498.11755,228.89632,-580.9623,206.35144,234.69348,-450.3409,493.4426,233.70108,-533.4829,213.85342,239.83527,-407.09192,392.7593,511.54163,-25.373003,330.57,510.4541,25.245075,408.0336,608.30334,-6.845773,303.62106,606.976,37.195274,430.71774,710.92645,164.58687,263.25763,704.87146,204.07465,426.59967,722.51825,171.66597,267.87994,715.3312,210.74858,434.93143,755.1229,7.9208155,235.90468,745.24176,69.28742
tijera_up
WhatsApp Image 2024-10-18 at 10.39.21_00003126.jpg,tijera_up,372.10574,302.5423,-445.00195,377.5344,294.81763,-425.0903,380.8422,295.43552,-425.00418,384.25864,296.3284,-425.07816,366.72318,293.2481,-426.26508,362.74173,292.928,-426.3659,358.53128,292.51154,-426.3135,387.38162,301.5909,-304.23746,348.8881,296.81967,-308.5199,376.841,313.83798,-399.15063,363.06677,311.97968,-400.55997,414.42905,342.8172,-237.57127,317.9579,339.34357,-227.28168,471.6546,299.6637,-248.54333,265.55865,291.40994,-242.22908,520.66516,238.1765,-330.24634,224.19032,227.66035,-344.1143,534.7298,225.61603,-363.55325,204.66306,214.86426,-383.4071,529.97797,222.96416,-389.8238,208.1577,211.21367,-403.17038,523.4167,227.06366,-348.66104,216.19675,215.58746,-360.94452,390.7053,499.407,-5.9110274,329.78647,498.24985,5.705547,406.392,609.17163,20.536839,302.10828,607.7349,39.084824,441.05405,710.43243,190.56288,266.6951,702.67,205.16837,436.01398,723.94586,198.59232,271.60327,714.99677,212.13242,455.41656,749.2174,41.316303,242.52274,738.3119,67.82029
tijera_up
WhatsApp Image 2024-10-18 at 10.39.21_554e2557.jpg,tijera_up,378.74216,301.26224,-511.37448,381.21268,293.9993,-490.9193,383.7138,294.8197,-490.78918,386.56982,295.8842,-490.83752,371.5087,292.31958,-495.1012,367.09122,292.11804,-495.2229,362.38242,292.00143,-495.18655,387.9732,301.34064,-360.45444,350.7894,296.63943,-380.15524,381.62903,313.2432,-461.59756,369.60513,311.17487,-467.34955,418.13788,343.85825,-274.97525,317.42355,344.27438,-293.4891,482.64966,302.2681,-266.406,262.02887,296.39432,-310.98987,534.88275,249.08824,-350.3913,212.62291,241.60037,-407.95493,551.90186,239.2929,-378.6965,193.5424,227.64575,-443.98315,547.1527,236.84206,-410.7466,195.49309,224.12885,-470.00006,539.8074,240.97804,-370.87924,202.39369,229.26166,-426.63516,392.2937,501.26743,2.0315833,330.99557,499.73453,-2.240293,406.5324,612.16254,45.17531,303.80048,605.15485,15.707554,440.2238,709.53314,224.18222,267.07037,701.645,195.93118,435.25095,723.19116,232.83456,272.04422,715.4318,203.86018,454.72525,748.5569,70.00472,245.2751,740.86536,49.021946
tijera_up
WhatsApp Image 2024-10-18 at 10.39.21_a4849b26.jpg,tijera_up,369.99786,301.53253,-466.29788,376.17896,295.6712,-447.17194,379.5434,296.05872,-447.06168,382.9065,296.50793,-447.116,365.32416,294.98315,-447.11887,361.4049,294.82132,-447.22586,357.08517,294.52243,-447.17786,387.15775,302.0501,-327.83868,349.19107,298.66907,-327.29855,375.5656,312.59183,-421.10593,361.7903,311.55258,-421.0285,416.47797,341.39154,-263.95392,320.48315,339.6552,-245.17064,471.60504,293.88684,-278.82718,267.65857,290.71997,-259.99805,520.3325,236.12254,-358.99567,225.6706,227.47052,-361.49814,534.2516,222.93532,-391.3932,205.34267,214.25204,-399.16827,529.24524,220.75362,-416.65775,208.13048,209.72894,-419.45343,522.6463,225.2433,-376.83884,216.20296,214.6853,-378.40475,392.1325,500.05267,-5.1682763,331.3166,498.74005,4.9510984,406.06683,610.6392,44.75628,304.76794,603.6408,40.158615,439.30557,706.6981,222.81035,269.40756,698.9152,220.36002,434.61896,721.1665,232.03342,274.27,713.4069,228.69003,454.84677,747.2663,73.03345,245.81253,738.8604,79.8323
tijera_up
