IMG_20241115_101943 (1).jpg,pesas_down,453.64154,113.25958,-407.18323,461.54456,100.6575,-381.14554,466.75006,101.34773,-381.19696,470.75146,102.19093,-381.21597,444.83884,100.60917,-385.0593,438.78357,101.3773,-385.08182,433.11496,102.38083,-385.10675,477.8633,112.3267,-211.2418,425.68027,113.020134,-229.22046,463.53766,130.31677,-342.14554,443.84418,130.88548,-347.4431,516.2814,214.61882,-81.600876,381.71594,217.42847,-118.18386,531.39,319.652,7.007803,364.72626,327.8266,-48.649136,532.09686,413.7256,-142.78143,351.43564,413.54184,-191.47047,538.12946,442.31262,-183.1794,346.64032,442.88272,-239.2874,531.38214,441.41452,-236.0647,353.26312,440.08786,-288.53458,526.74524,431.35577,-167.64307,357.20505,431.22626,-214.35632,479.73553,424.60498,6.092196,406.2277,424.2554,-6.1528306,480.64804,593.1594,-40.70494,419.1507,597.5813,-47.750664,493.2759,760.49316,143.84326,422.4262,764.80786,135.57405,483.41003,782.06226,148.74611,427.58676,786.6267,140.48227,505.20886,808.5681,-67.68085,415.86615,812.29663,-75.55017
pesas_down
IMG_20241115_101943.jpg,pesas_down,451.9426,108.41152,-421.8363,460.05014,96.184616,-395.8545,465.83182,96.86394,-395.89716,470.6061,97.908554,-395.90994,443.02548,96.33526,-398.8449,437.51132,97.11792,-398.84662,431.55658,98.12542,-398.87546,477.79623,108.54038,-222.70604,425.10995,108.95187,-235.61046,462.93628,125.946106,-355.42642,442.07144,126.526794,-359.2811,517.5042,210.8779,-85.56615,381.80502,214.80823,-119.745674,532.6574,315.32748,19.400686,364.20068,322.98682,-41.387974,537.74207,408.60306,-125.732765,354.07465,407.95825,-174.50946,545.38257,436.14566,-164.41772,351.00687,439.04755,-218.73885,540.8418,434.15607,-220.05556,357.05887,435.24408,-273.0225,534.79083,424.35822,-151.20265,360.08978,425.45593,-198.83955,478.35,425.8879,8.110018,405.9411,424.00458,-8.212181,483.58533,594.97003,-40.78769,415.82184,596.3777,-41.27007,486.7313,757.059,156.58746,419.3007,759.53284,165.21059,475.27048,781.0318,161.95645,427.26953,781.0753,172.06927,498.76187,807.98926,-61.371754,410.02023,806.41785,-43.446007
pesas_down
IMG_20241115_101944 (1).jpg,pesas_down,449.4841,112.66472,-413.71155,457.78516,100.48668,-387.9731,463.49078,101.14605,-388.0182,468.18204,102.20154,-388.02286,440.5543,100.87002,-390.7652,434.75513,101.82938,-390.75235,428.6382,102.96463,-390.76614,475.0106,112.88719,-219.9889,422.6221,114.21448,-232.56245,460.57626,130.7303,-349.4652,439.18378,131.47491,-353.26413,515.43726,216.55913,-91.73996,378.4615,220.98459,-115.767006,533.6675,317.49515,12.456199,361.55865,327.72955,-28.333904,537.60376,410.82364,-118.77539,344.75952,410.27917,-156.08658,544.7419,437.88397,-154.16104,339.58618,440.46512,-197.62697,538.3787,436.17462,-206.32878,345.8008,437.1423,-252.36203,532.7118,426.313,-142.47127,349.60855,427.79617,-181.00874,477.74985,429.81793,5.8595138,404.30576,427.28723,-5.9552054,483.26895,596.0941,-28.453386,417.79337,593.413,-35.44546,492.7369,760.1034,151.27763,423.56235,757.9019,161.61282,480.19315,782.6822,155.05023,429.99854,778.73566,168.0522,502.56702,809.2384,-61.820442,413.60007,809.2958,-39.456417
pesas_down
IMG_20241115_101944.jpg,pesas_down,450.41925,115.60375,-392.81024,458.60132,104.04644,-367.3036,464.3612,104.80698,-367.34998,468.67908,105.50739,-367.35663,441.51993,103.76373,-370.45264,435.69293,104.35917,-370.45422,429.66483,105.21568,-370.4568,476.10382,115.938416,-202.22414,422.97705,116.64055,-217.03094,461.35565,133.48909,-329.84506,440.4462,134.08032,-334.21942,515.6482,217.41524,-78.00292,378.99252,222.15314,-111.18254,532.83124,319.5974,14.364459,361.88022,328.45996,-36.45784,532.1965,414.55554,-113.39865,347.85522,413.45996,-161.61078,539.26624,442.6231,-149.06693,343.46948,441.40378,-203.92764,533.2272,440.30353,-199.53777,349.6656,438.74652,-254.2519,528.1603,430.46625,-136.60394,353.3898,430.1488,-184.69788,477.2665,429.09973,8.103075,403.48157,427.12,-8.166992,481.7542,595.0431,-27.475908,419.56006,592.4099,-41.540867,494.3225,760.2936,120.86994,421.78656,757.0368,128.18793,481.973,783.55884,122.13075,426.57568,779.5923,132.00325,508.95096,809.3847,-89.03231,413.34772,807.9855,-73.474335
pesas_down
IMG_20241115_101945 (1).jpg,pesas_down,448.96936,108.610306,-395.15646,457.32654,96.76193,-368.95798,462.74872,97.48356,-369.00845,467.87268,98.63907,-369.02408,440.4191,96.89571,-371.94772,434.62793,97.69371,-371.91815,428.79608,98.73558,-371.9318,473.9692,110.02155,-201.4716,422.19385,109.84688,-214.16945,459.39417,126.6716,-331.2903,438.01254,126.45433,-335.13083,512.978,212.28249,-78.496925,377.14786,216.14478,-100.698784,530.36273,312.9953,16.033348,362.08157,323.85706,-22.390242,537.934,406.908,-123.96965,345.9811,409.0647,-148.70029,544.53656,434.78748,-162.88657,340.69113,437.80756,-191.22453,538.9701,432.94434,-217.15015,344.53476,434.9539,-245.95589,533.0432,422.8946,-148.93073,347.65823,426.36456,-173.65742,477.7147,422.96985,6.4416013,405.44196,423.13782,-6.4722877,485.52756,594.2216,-33.589935,415.9406,590.6929,-41.123413,491.1901,758.4807,150.72968,419.08615,759.70874,142.67711,480.98083,778.0947,154.91634,426.49506,780.6351,147.44298,501.241,808.12634,-64.3791,412.20947,809.0333,-64.87978
pesas_down
IMG_20241115_101945.jpg,pesas_down,451.71896,106.33503,-436.48395,459.52417,94.37744,-410.10083,465.09576,95.00591,-410.14203,469.3425,95.78556,-410.15457,442.97812,94.32552,-413.86435,437.2459,94.86717,-413.86362,431.20447,95.87288,-413.8893,475.95703,107.542114,-235.92178,423.86877,107.993355,-252.29428,462.44125,124.48221,-369.68414,441.78012,124.74262,-374.6063,516.30316,214.34619,-102.64347,378.75006,216.08116,-128.78241,531.8327,313.90155,-4.1600842,362.1457,324.4925,-40.989918,537.0019,406.79938,-151.82166,345.89395,409.61124,-170.38579,543.6382,435.1494,-191.27669,341.55414,438.07532,-213.90836,539.0883,433.55133,-247.15462,345.61163,434.7417,-270.13882,533.0832,423.20697,-177.41779,348.77612,425.71478,-195.99835,478.01028,422.66772,7.4791083,404.83234,421.7764,-7.558929,483.83948,596.19415,-33.243023,415.25595,592.0878,-41.29755,491.11307,757.1088,165.05255,419.50974,760.7744,157.59412,478.48828,778.45306,170.62067,425.9764,782.46216,163.50899,501.266,807.7704,-54.3756,411.52338,809.3213,-55.428757
pesas_down
IMG_20241115_101946 (1).jpg,pesas_down,449.73093,111.080894,-407.78406,458.0417,98.85494,-381.30862,463.63278,99.502716,-381.37048,468.03238,100.45532,-381.38364,441.22668,98.92086,-384.80725,435.60187,99.71123,-384.81512,429.85632,100.71018,-384.84454,475.62762,110.5014,-207.49303,423.4815,111.290054,-223.58774,460.56885,128.48314,-341.39706,440.42734,128.87099,-346.1297,516.16016,214.32466,-75.0049,379.1166,216.41943,-110.26306,533.3913,316.10016,11.828815,361.13623,324.43967,-34.052338,544.1509,408.06165,-151.59158,343.12924,414.4058,-173.74692,553.76086,436.3407,-193.95518,334.4483,440.90704,-218.8815,547.2084,433.48712,-249.48138,340.18628,439.09366,-275.2807,540.7204,423.77014,-177.93748,345.79626,431.3023,-199.64133,478.24704,425.99884,11.369843,404.41467,424.5426,-11.432579,481.57785,592.3919,-28.59946,420.64453,590.3627,-48.595543,495.04065,756.21466,148.11288,420.04422,759.924,142.29082,483.20175,781.3191,151.93634,425.16656,782.8071,147.46599,506.819,809.0056,-70.58312,413.27426,808.1062,-72.26325
pesas_down
IMG_20241115_101946.jpg,pesas_down,450.56555,111.6938,-378.17032,458.71307,100.02281,-352.50815,464.418,100.832596,-352.5581,468.86545,101.78127,-352.57248,441.43375,99.519844,-356.075,435.68396,100.148735,-356.0619,429.45322,101.05873,-356.0613,475.54663,111.84456,-186.97801,422.71777,111.640396,-203.65816,460.85907,130.15509,-315.0453,439.7954,130.03748,-319.91055,513.65533,214.16989,-67.379265,378.17932,216.26776,-95.83836,532.78186,314.53748,13.903789,359.74597,325.04224,-20.271986,540.45575,406.1621,-135.41312,344.5268,410.29926,-143.53244,547.6752,435.18726,-176.83133,339.61194,438.99817,-185.93816,542.1411,433.34225,-230.51535,345.20743,436.2338,-238.93384,536.18823,423.16287,-160.70963,348.862,427.18066,-167.8941,478.4103,424.9481,10.205503,405.64047,424.13745,-10.2185335,483.98514,597.02203,-28.519733,416.2658,592.85547,-45.79175,491.31427,761.16,123.81365,418.75287,761.9318,121.782234,477.80664,783.53467,125.51127,424.42508,783.28314,124.91993,503.63675,810.1789,-89.768486,413.1782,808.79236,-84.99314
pesas_down
IMG_20241115_101947 (1).jpg,pesas_down,452.15988,108.913956,-421.05368,460.02716,97.74002,-395.05008,465.3347,98.34564,-395.1114,469.24667,98.95172,-395.13647,443.75397,98.150444,-399.86768,437.93616,98.91331,-399.8919,432.25443,99.816666,-399.90912,476.2362,109.76864,-223.7835,424.3707,111.54236,-246.14166,462.56497,125.38864,-355.36032,442.71298,126.08568,-361.9227,516.79956,217.01163,-87.172676,381.78543,217.95702,-134.2851,533.09045,317.46344,8.779214,364.68512,325.41693,-56.696533,537.8128,410.8974,-137.72026,347.5244,414.13742,-192.84323,545.739,437.86472,-176.8406,342.2351,441.1572,-238.04451,539.0134,436.7892,-229.873,348.37115,439.55978,-290.39233,533.5504,427.1344,-162.5801,352.4444,430.9282,-216.75348,479.2302,421.83356,11.531835,405.48822,422.18744,-11.611115,481.45145,592.12274,-36.101112,422.30188,587.1319,-50.518585,495.15192,757.1619,136.16023,419.40106,758.4977,130.60265,482.6162,779.1649,139.64882,424.42773,781.6153,135.29382,507.75208,809.17694,-75.5564,415.02914,806.96423,-78.767975
pesas_down
IMG_20241115_101947.jpg,pesas_down,452.06015,108.31829,-427.6594,459.85983,97.076836,-401.67197,465.14087,97.665596,-401.725,469.04428,98.2576,-401.745,443.60965,97.31987,-405.72772,437.80008,97.97527,-405.7231,432.0941,98.8361,-405.74377,475.7129,108.95447,-230.31865,424.44125,110.37819,-248.85828,462.19135,124.692535,-361.87457,442.4284,125.4323,-367.41577,516.9581,216.1022,-96.15407,381.23132,217.23679,-130.56941,533.3028,317.01318,10.459749,363.52536,324.96158,-44.6651,539.4113,410.62915,-127.66868,345.97534,414.83142,-176.91891,548.0597,436.84454,-164.33257,340.01627,441.02017,-219.89195,541.37665,436.1806,-218.38007,346.00888,439.8426,-275.4567,535.4834,426.8539,-152.36403,350.1944,431.32114,-202.17021,480.211,423.1034,7.609945,407.0208,423.15967,-7.6868954,482.6627,594.14764,-31.929745,421.0619,589.683,-39.795677,494.81442,755.6588,150.6192,423.06964,756.3367,151.9373,485.01257,779.4031,154.84914,428.99243,778.698,157.7005,506.09674,806.2515,-62.56034,414.35748,807.24524,-54.69336
pesas_down
IMG_20241115_101948 (1).jpg,pesas_down,452.79895,110.12932,-395.64883,460.71677,98.26042,-369.30457,466.2079,99.01173,-369.35843,470.42007,100.221825,-369.37152,444.28278,98.13778,-373.1968,438.56152,98.829,-373.19308,432.61526,99.9115,-373.20175,477.17102,112.389755,-200.46944,425.18927,111.9249,-218.47952,463.28012,128.82393,-331.43094,442.73224,128.38776,-336.67578,515.3461,216.14197,-74.52251,379.71942,219.44302,-108.50303,531.81573,317.57523,12.35991,360.4053,326.17767,-32.45998,537.5296,409.49255,-138.02553,343.83545,408.46454,-164.98138,544.21735,437.27478,-179.08475,339.38766,437.72125,-209.01607,538.70197,434.72638,-232.92447,344.881,434.0244,-263.0999,533.0719,424.60138,-163.39615,348.33633,425.04803,-189.80362,479.83545,426.62366,11.001426,405.957,424.76282,-11.01658,485.47562,598.7354,-32.776543,415.86557,590.35345,-47.998028,490.00586,759.5269,130.75853,417.9044,760.0132,127.99447,476.08725,784.73083,133.00044,424.3955,782.62024,131.68477,504.81186,809.3226,-83.20885,410.8407,808.1019,-80.122635
pesas_down
IMG_20241115_101948.jpg,pesas_down,454.0229,109.458694,-430.19315,461.83743,97.49378,-403.09778,466.70038,98.0085,-403.14807,470.2829,98.77487,-403.15863,445.43085,97.43557,-408.55197,439.35687,98.017845,-408.5714,433.6086,98.98235,-408.60168,477.18042,110.641136,-226.8926,425.01562,111.09009,-251.39636,463.8121,127.6466,-362.70166,443.8256,127.53366,-369.95178,515.906,217.03189,-87.275764,381.31317,217.02484,-137.95895,531.6428,320.88385,19.788416,364.4479,324.96912,-60.552128,530.9102,414.59332,-117.9117,347.86273,412.98825,-198.34776,538.587,441.29944,-153.54405,342.83752,438.68988,-243.50609,533.351,439.97067,-206.43013,348.54376,436.3001,-295.6354,528.054,430.401,-142.46465,352.42807,427.94336,-222.09811,478.39362,425.5464,10.750719,405.1968,424.4136,-10.878071,481.14697,592.6019,-28.5076,419.55933,588.1657,-41.728764,494.24487,759.41943,164.27663,418.04623,755.24567,165.81772,482.55325,780.6548,169.44548,423.7654,775.79895,172.99275,505.24298,809.7667,-53.983353,417.54483,805.5438,-45.400856
pesas_down
IMG_20241115_103021 (1).jpg,pesas_down,398.27225,442.0699,-402.77515,405.30286,434.5773,-384.52615,409.43732,435.11633,-384.5292,413.65247,435.80063,-384.59344,391.79242,435.1022,-389.55817,386.8338,436.11603,-389.57056,382.13757,437.16522,-389.56125,418.70203,444.7792,-239.50148,376.00183,446.60916,-264.35553,406.30515,455.73438,-345.12372,389.23654,455.97537,-352.49597,461.26752,522.69977,-102.672966,333.956,528.42017,-127.83192,480.10486,603.8691,80.18331,320.30927,605.07104,43.46024,495.29526,695.98724,82.47217,310.98938,692.5718,67.71108,510.83047,711.66754,80.60355,305.42133,712.077,61.957,513.57806,711.43243,28.296217,305.94168,710.7003,12.705437,504.44263,706.1197,62.407524,309.78262,705.5932,49.43183,441.8541,713.88513,-3.4589114,365.28897,714.9521,3.4107418,446.93744,858.03656,-36.75399,358.62137,865.2942,-27.941275,457.77295,1019.958,93.88773,351.3587,1023.3108,107.71425,451.3768,1040.7653,94.371155,356.8836,1045.2648,109.59749,468.25824,1072.2068,-83.48428,327.56818,1070.5928,-60.154488
pesas_down
IMG_20241115_103021.jpg,pesas_down,396.6776,442.48022,-394.67563,402.83792,435.0383,-374.7844,406.5825,435.4559,-374.8315,410.7667,435.99167,-374.87616,389.6497,435.66547,-379.12628,384.5274,436.48962,-379.15802,379.6728,437.5171,-379.20312,416.19415,445.07645,-224.75156,372.5843,448.42194,-244.86124,405.38092,456.24872,-335.70804,386.99414,456.31775,-341.73425,459.87354,520.3933,-92.08254,333.3949,528.6404,-128.83398,479.28058,606.1425,44.409256,322.5808,618.48846,-21.755783,493.5837,698.61816,-24.187649,310.98492,707.9309,-92.79225,509.60632,712.5666,-42.2909,302.3451,725.2863,-119.62871,510.82648,711.9386,-94.74885,303.76282,724.0576,-174.77266,501.98706,707.77673,-46.551,311.34027,718.70154,-116.33394,440.98337,717.4634,5.1479635,365.04977,716.8497,-5.1785936,449.24997,866.2945,-16.32561,359.22174,867.9597,-35.79882,458.9863,1015.022,127.90127,352.22235,1020.96893,112.01201,453.36163,1030.5651,129.99002,357.1107,1042.0116,114.986946,474.3198,1071.8102,-59.35514,332.08932,1070.4481,-73.13241
pesas_down
IMG_20241115_103022 (1).jpg,pesas_down,396.14545,453.17505,-441.96085,403.4558,445.4084,-422.0683,407.78058,445.9928,-422.09344,411.36285,446.74353,-422.15244,389.2945,445.8416,-426.7209,384.0832,446.7329,-426.7565,379.96362,447.73016,-426.73718,416.9932,456.25427,-265.35834,374.27628,458.62177,-287.70697,405.5806,467.5853,-379.9986,386.98413,467.22144,-386.64746,461.2347,530.99536,-122.74917,336.59222,537.7882,-138.96504,479.15518,610.1643,32.144962,324.33035,614.7349,25.17778,494.11667,698.8694,-23.59291,312.17844,699.91516,10.867047,509.31403,715.1565,-38.265465,307.04715,717.51306,-4.0026426,509.48233,715.3152,-94.62295,308.31387,716.6255,-56.026352,500.56796,710.0199,-46.668903,312.1225,711.87,-9.701828,441.04834,718.1641,-4.505435,363.8792,718.4695,4.445421,446.2262,870.0453,-36.50999,356.0242,872.77496,-31.951689,458.93768,1025.2947,98.89138,353.14322,1032.3152,104.65124,453.95895,1045.229,99.45947,360.2955,1053.8171,105.63764,472.9809,1076.38,-92.06616,327.16653,1074.8488,-80.294914
pesas_down
IMG_20241115_103022.jpg,pesas_down,400.39807,450.60754,-291.70383,407.19635,443.18518,-271.3814,411.18393,443.69022,-271.39206,415.0412,444.33618,-271.46338,394.28305,443.58466,-275.78586,389.6968,444.42206,-275.7582,385.49127,445.28723,-275.75784,419.11755,452.79968,-128.6102,379.00403,454.1391,-149.53514,408.05148,463.6654,-235.30638,391.7274,463.76526,-241.63892,461.17615,527.85675,-11.409345,336.17383,532.29364,-45.739033,480.95322,610.65173,114.21912,322.01886,607.1929,62.841217,498.09564,698.63025,59.35856,313.49643,694.81506,27.012589,513.6953,713.8784,42.065742,309.91714,716.23895,5.7138953,515.39386,714.67334,-5.3750625,312.13962,715.29083,-41.28739,506.29456,708.9733,38.3567,315.94104,709.21014,6.8333793,439.59433,711.1543,1.4881309,365.261,710.3638,-1.4646282,447.71735,856.58484,-54.396748,359.5002,860.9246,-54.099884,457.58603,1019.973,53.22061,351.3185,1023.3704,61.15051,449.28452,1038.1584,52.86684,356.22147,1046.52,62.071205,477.98938,1074.3206,-132.71494,331.15002,1077.3275,-116.057274
pesas_down
IMG_20241115_103023 (1).jpg,pesas_down,398.849,454.62268,-186.84859,405.8465,445.83032,-166.62955,410.02646,446.3025,-166.67342,413.7952,447.04984,-166.79532,392.1029,446.35068,-169.64046,387.12885,447.15186,-169.57146,382.9498,448.14398,-169.55661,418.77075,454.9906,-38.20589,376.23187,457.64877,-52.0596,407.4223,466.71173,-136.78456,389.8598,467.13657,-141.01569,459.6345,530.18524,54.097706,336.24954,533.91846,28.424938,480.05066,607.61633,160.42163,317.875,603.4034,113.91615,501.21518,697.76587,126.05884,313.79724,690.14374,79.97254,518.06165,711.5592,111.57434,307.9578,707.9489,60.85043,518.17224,711.3435,71.63315,310.77164,706.3202,21.176805,509.90103,706.5974,108.165596,314.25153,700.66736,62.286785,440.61575,715.8325,0.7287063,364.2875,714.37476,-0.67580944,449.8226,861.52185,-66.325226,362.35815,863.9613,-67.26221,457.62683,1020.5399,15.929958,353.89807,1028.6005,18.485834,451.12958,1039.3627,13.699545,356.5557,1049.5707,17.586811,471.06946,1073.9739,-160.49278,329.54388,1076.326,-147.15155
pesas_down
IMG_20241115_103023 (2).jpg,pesas_down,399.59656,449.6191,-402.28113,407.5902,441.49753,-382.10153,411.94818,442.11676,-382.12744,415.85797,442.90405,-382.21136,392.80487,441.79352,-385.56488,387.26788,442.67944,-385.58264,382.9752,443.83044,-385.56738,422.98196,450.06747,-226.64796,377.35373,451.38904,-243.20866,409.83505,463.1688,-340.7758,391.17044,463.32043,-345.8306,463.73492,529.5051,-83.627304,337.56747,531.7829,-105.71686,482.8654,614.235,70.97893,322.09348,605.6464,38.47746,505.03165,698.1991,19.523691,311.7133,694.08746,10.137647,521.2957,711.2272,5.2521496,303.969,710.5484,-8.186707,522.65814,710.5348,-49.238586,303.1173,709.06726,-60.005974,514.50586,706.58167,-3.4861398,308.50742,704.8834,-11.314152,442.09058,715.84717,-1.440832,365.3631,716.78906,1.4349961,452.01505,868.22076,-36.895042,356.9869,871.91016,-34.90998,466.3583,1032.335,97.51401,355.09357,1029.8337,106.50931,461.7068,1050.9843,97.88921,362.10312,1048.634,108.19494,477.8612,1079.3934,-103.16369,332.50415,1075.9706,-83.99455
pesas_down
IMG_20241115_103023.jpg,pesas_down,396.99533,452.6448,-228.3942,404.26315,444.0597,-207.35814,408.54477,444.57086,-207.38304,412.36282,445.3943,-207.49547,390.6207,444.59222,-211.14926,385.7225,445.4178,-211.10399,381.68842,446.4203,-211.06422,417.91895,454.0855,-71.15717,375.73795,455.96298,-89.60175,405.3276,464.83112,-175.42323,388.19513,465.0083,-180.9615,458.83627,529.99695,34.194633,335.89337,532.94275,3.6807725,480.46442,607.4961,165.09523,319.99347,604.9901,114.375854,495.76947,695.85596,146.1507,316.4436,691.0824,106.61991,511.3076,712.3236,133.76149,313.39114,711.004,91.24555,511.89124,712.4791,92.3066,313.6702,709.5154,49.72242,502.70984,706.71436,128.32524,318.00684,703.0981,89.21407,441.09735,715.82916,2.9183629,365.25272,714.8998,-2.8596756,452.1047,860.4046,-56.020744,361.2817,862.363,-58.032032,457.12186,1023.56604,47.524162,352.1057,1026.3765,52.639893,449.35974,1042.6248,47.080063,356.11072,1049.8684,53.46965,480.08777,1073.7755,-131.33868,326.479,1075.687,-117.16831
pesas_down
IMG_20241115_103024 (1).jpg,pesas_down,401.7738,438.63348,-310.4601,408.96808,431.06433,-288.32843,412.83063,431.37115,-288.37787,417.18066,431.78073,-288.44644,395.38773,431.13965,-294.2963,390.0543,431.6407,-294.30865,384.69,432.34076,-294.30725,422.76788,440.32196,-136.11972,378.31027,441.77646,-163.99673,410.02393,452.674,-250.65034,392.11914,452.72095,-258.83783,464.77643,520.01746,-15.246411,336.55542,523.96063,-62.202244,485.1632,602.52814,94.800316,324.94385,603.5681,22.497774,508.33533,689.1979,3.942168,313.28714,685.32806,-65.42745,524.4245,700.71204,-22.26365,306.89914,700.36865,-97.403984,525.31384,700.48956,-72.542915,308.03116,698.37274,-149.95485,517.39185,697.18207,-19.30984,312.18835,694.6967,-89.17176,445.45602,707.3629,4.581042,367.21307,708.30505,-4.409686,456.09024,856.54816,-57.635082,361.6925,864.8981,-58.36695,460.26437,1018.7976,55.148937,354.12088,1025.569,58.11573,453.84805,1041.1785,54.667072,361.24902,1046.0573,58.074535,476.1405,1070.0046,-132.74963,330.2572,1069.7773,-126.11308
pesas_down
IMG_20241115_103024.jpg,pesas_down,401.61493,448.55362,-579.65857,409.10233,440.33585,-561.2787,413.0588,440.8103,-561.2603,417.00925,441.48407,-561.3323,394.81744,440.75464,-566.33307,389.0754,441.67084,-566.3995,384.5916,442.8308,-566.3541,423.7335,448.3423,-390.25604,377.7168,450.14917,-414.95242,411.29266,462.52618,-510.5983,392.7664,462.84552,-517.9206,465.11627,528.0313,-202.1749,337.35898,532.2572,-242.15488,483.5825,609.28613,-0.10365101,324.97922,608.9443,-50.596664,502.96277,696.08575,-30.995707,313.1335,693.8055,-36.37004,516.51514,708.9441,-36.997437,311.16663,709.5776,-44.172638,517.2386,708.6688,-95.596924,312.65167,707.7468,-96.16538,509.0874,705.1437,-53.945408,315.36423,703.22546,-54.857193,444.53726,712.3807,3.7212226,365.92175,713.48816,-3.8190632,457.2818,863.73505,-35.289093,363.59833,867.1958,-38.59475,465.2653,1023.29803,118.73582,356.77347,1025.3054,118.835335,459.46417,1043.2719,121.19541,361.06567,1045.7808,121.83426,479.55664,1074.0656,-80.82518,341.76468,1078.7482,-74.48878
pesas_down
IMG_20241115_103259 (1).jpg,pesas_down,383.94537,491.07208,-327.44363,388.87796,482.75208,-306.99084,392.5262,483.5167,-307.10062,395.88303,484.4133,-307.17212,376.40372,482.8214,-310.79327,372.26868,483.7309,-310.82303,368.5872,484.77277,-310.9356,399.1385,492.3838,-161.49313,363.16092,493.98737,-177.29419,392.79715,504.72183,-270.56662,374.96567,503.14215,-275.23828,435.06216,573.7779,-46.63105,327.06454,569.2781,-83.54997,436.03036,659.10156,17.650127,317.84216,655.8707,-24.735804,453.40964,736.718,-132.03403,296.84775,729.8179,-152.10732,470.25278,753.64355,-170.18459,281.45978,748.544,-189.40091,472.78375,754.89685,-216.1562,280.36078,747.1577,-243.83919,465.82852,748.9054,-154.26892,289.29736,741.40753,-176.77562,400.87567,749.5729,10.895466,339.32697,744.0313,-10.943333,402.73758,893.52454,-43.416676,352.13022,891.832,-49.874893,394.38544,1041.0194,116.47626,357.14474,1043.3329,112.53165,390.1117,1057.2123,120.4222,359.52432,1058.0605,117.56093,400.54297,1079.6167,-64.35889,354.28128,1078.1245,-67.49708
pesas_down
IMG_20241115_103259.jpg,pesas_down,382.96152,487.81427,-271.14456,388.93008,481.63324,-249.46524,392.72278,482.525,-249.581,396.1167,483.30414,-249.6577,376.54416,481.09708,-254.23695,372.61304,481.70282,-254.25627,368.89252,482.3859,-254.374,399.85437,491.5323,-106.98375,364.18433,492.42438,-127.0817,391.695,501.58636,-216.25046,373.59866,499.86557,-222.10933,435.45502,571.6825,-2.6502483,328.6402,569.47156,-51.29066,436.5993,656.7468,45.912647,319.2703,656.3054,-8.58887,452.6726,734.5984,-103.23512,299.27353,728.895,-133.27809,467.34286,751.0918,-141.91956,284.53546,746.91315,-172.44392,469.5737,752.6374,-187.29172,284.3542,746.3462,-223.09903,462.87595,746.57355,-125.68568,293.51447,741.0843,-156.88948,403.18674,750.579,18.684462,341.98767,746.94525,-18.714687,403.21744,894.4387,-47.885864,351.04242,897.20404,-66.055725,390.3187,1043.825,119.20385,357.03687,1046.3054,103.09386,385.24277,1063.4022,124.00911,362.52145,1063.8502,108.38372,408.9737,1075.6407,-59.007328,355.1166,1075.1869,-77.039955
pesas_down
IMG_20241115_103300 (1).jpg,pesas_down,380.5996,488.981,-280.83948,387.6696,481.79367,-259.97705,391.70413,482.43506,-260.09293,395.19894,483.05298,-260.1522,374.86618,481.94666,-262.16913,371.0774,482.71063,-262.18976,367.5133,483.45688,-262.2964,400.02676,491.0125,-118.24126,364.14755,492.17395,-127.06299,389.84888,502.55978,-226.34012,371.59048,501.1313,-228.93294,435.86325,570.7356,-14.594831,329.02957,567.39417,-44.757862,438.56696,657.14606,31.261883,319.35886,650.79193,-3.1786473,454.45303,733.62415,-129.55717,298.0487,723.52185,-146.0414,469.67462,750.56915,-171.23192,282.48816,741.76544,-187.23541,471.75775,751.3612,-217.0823,281.8299,742.11127,-240.22505,465.7021,745.38684,-151.88814,289.96512,736.16895,-170.9912,401.89667,749.0248,16.404018,341.0343,745.022,-16.45757,401.33148,893.69446,-38.043957,352.5693,897.5363,-62.571136,392.64227,1043.0161,114.74284,355.86163,1046.3566,95.46884,388.2097,1062.5881,118.08122,359.8727,1062.6128,99.86432,407.69345,1076.9612,-64.35313,357.7176,1076.3756,-84.607765
pesas_down
IMG_20241115_103300.jpg,pesas_down,380.56168,489.55255,-279.44934,387.053,482.5733,-258.5299,390.88788,483.22815,-258.63943,394.26065,483.85077,-258.70892,374.67932,482.59375,-263.03992,370.77905,483.30652,-263.0586,367.02078,484.04495,-263.17044,398.38193,491.6195,-117.893074,362.64053,493.3175,-136.99814,389.1402,502.95526,-225.15434,371.55167,501.338,-230.72202,434.21326,571.7044,-11.15049,327.20178,569.1603,-63.960197,436.30298,657.33673,36.25961,317.50482,656.13354,-31.814665,451.98145,732.1404,-119.68821,296.71478,727.98315,-171.38026,469.37558,749.7747,-159.89171,281.14243,746.78986,-212.32797,471.7228,750.8865,-205.1477,280.34277,746.1499,-263.36816,465.0364,744.55505,-142.04619,289.4921,740.19275,-195.34955,400.38757,748.5644,21.027767,339.88712,745.22034,-21.07476,401.95435,894.36414,-35.42926,350.6953,892.3346,-64.300186,390.98114,1041.837,121.04959,353.99066,1043.8956,98.700584,385.0393,1061.1708,124.86809,357.6371,1059.4878,103.91963,405.9184,1074.4792,-55.64425,354.207,1074.0654,-78.717834
pesas_down
IMG_20241115_103301 (1).jpg,pesas_down,386.6723,491.1811,-332.02835,392.3259,481.23993,-312.28876,396.0358,481.72937,-312.39825,399.52722,482.3988,-312.46674,379.59644,481.3653,-316.05753,375.50876,481.8248,-316.0868,371.7877,482.4884,-316.1907,402.7221,490.7834,-166.98473,365.96356,491.21243,-182.8714,394.78925,503.23776,-274.62775,377.5809,502.1186,-279.3645,436.42712,568.1292,-50.08913,328.3091,563.69,-83.22666,437.67197,652.0639,20.202013,321.27777,648.51733,-21.442848,454.2856,731.056,-128.07195,299.395,724.5853,-150.83041,469.40237,748.5255,-164.402,284.1337,743.9675,-187.67682,472.02505,750.42267,-210.25154,282.75842,742.604,-241.81462,464.76993,743.6482,-149.94649,291.8564,736.7182,-175.2315,400.22235,743.9165,4.947292,339.36386,738.4801,-4.986316,398.7566,886.8232,-50.388664,351.1218,889.38385,-45.885967,391.71594,1039.7056,96.425385,359.61807,1039.5793,105.43838,388.57773,1055.5167,99.02699,360.64948,1057.0103,109.38693,397.07953,1077.4597,-84.00788,352.98865,1076.9403,-72.83067
pesas_down
IMG_20241115_103301.jpg,pesas_down,387.5425,483.46085,-263.78323,392.34488,475.60275,-243.16632,395.9546,476.44577,-243.28383,399.3131,477.37872,-243.36264,379.75342,475.14554,-248.55872,375.58826,475.8158,-248.56898,371.78873,476.7011,-248.6722,401.83908,485.06134,-103.482544,366.19696,486.14893,-126.47913,395.88727,497.09,-209.24979,378.0305,495.29816,-215.977,436.61356,566.2579,-1.6825962,329.38208,562.9742,-45.925045,438.17712,649.9696,51.972473,320.48853,648.4515,1.4725312,454.22665,728.45996,-97.17368,297.44308,723.23816,-117.527504,471.01874,746.19745,-135.30783,281.15982,742.707,-153.74892,473.27454,747.31256,-180.00813,280.0149,741.88354,-206.45084,466.40216,740.92004,-119.19047,288.7392,736.2732,-141.5893,401.60788,742.1756,13.280658,341.4016,737.88806,-13.293391,402.97052,884.8876,-52.164593,350.0725,887.3262,-58.75579,396.79376,1037.1511,74.04559,353.01285,1035.542,81.89681,390.27032,1057.3932,74.89243,358.71417,1052.4344,84.84779,406.03207,1071.8943,-106.56092,349.73715,1072.0519,-93.126854
pesas_down
IMG_20241115_103302 (1).jpg,pesas_down,383.7782,491.44928,-307.5939,389.8844,481.13397,-288.27533,393.70673,481.68115,-288.38675,397.11517,482.2969,-288.4565,376.9221,481.30023,-290.58264,372.8038,481.7339,-290.60657,369.07315,482.24585,-290.70337,401.61978,490.5996,-145.31659,363.4464,490.62646,-155.03436,392.4108,503.99573,-251.32779,374.87402,502.81372,-254.21298,435.20035,567.8626,-39.658073,326.12158,562.3627,-54.626305,435.95334,653.1609,14.171142,318.32166,648.5609,-7.659872,452.943,731.323,-144.52562,295.58865,723.6453,-152.31323,468.69186,747.8572,-185.69653,278.185,742.32104,-192.63931,470.95212,748.5801,-231.86903,277.40707,740.9459,-246.03595,464.29202,742.8741,-167.0379,286.95984,735.589,-177.33168,400.81665,745.90063,0.14045355,340.0394,741.31586,-0.13525496,402.97766,890.66864,-56.037838,347.30048,891.9089,-45.31582,392.41946,1037.6412,108.0591,355.2005,1039.2054,120.0071,391.00482,1052.0514,112.4386,360.65393,1051.9612,125.36695,395.30276,1071.9928,-74.78698,346.9377,1072.1023,-59.82245
pesas_down
IMG_20241115_103302.jpg,pesas_down,389.02777,492.39807,-334.62366,394.07578,482.136,-314.46536,397.6909,482.6825,-314.57535,401.0917,483.50104,-314.64288,381.4238,481.99426,-319.21503,377.09296,482.30667,-319.24878,373.1294,482.8723,-319.34906,403.8702,491.36624,-165.7076,366.29962,490.74356,-186.41379,396.30847,504.624,-275.57574,379.31766,503.73105,-281.67285,437.17947,567.6447,-41.663303,327.90283,563.7188,-91.73669,436.80692,652.88306,26.058184,321.28653,649.7946,-31.963043,454.03864,731.29614,-132.36758,297.69156,724.5399,-159.59705,469.9257,749.265,-170.33548,281.0724,744.19464,-197.1778,472.97992,750.70166,-216.89171,280.08466,742.3886,-251.05048,465.79224,743.88354,-154.94345,289.46902,736.55115,-183.7293,400.60754,743.55237,13.007846,339.41946,738.6085,-13.015421,400.32468,886.01624,-40.503136,352.36768,886.4292,-55.63282,392.65845,1036.2496,113.41686,356.51157,1032.7819,103.40557,386.94833,1051.7644,117.28269,358.24643,1050.8196,108.43078,400.17242,1075.3478,-59.506447,353.51245,1073.3241,-74.05408
pesas_down
IMG_20241115_103303 (1).jpg,pesas_down,386.53525,489.61908,-285.39478,390.2524,479.76923,-263.9044,393.6649,480.45166,-264.01407,396.71527,481.1623,-264.08157,378.05054,479.25043,-270.37173,373.20007,479.49854,-270.40024,369.23535,479.89404,-270.4896,398.68665,488.87305,-114.70857,360.93277,487.86298,-143.39761,393.2399,501.7592,-226.81152,376.6858,500.62402,-235.17165,432.75388,566.59705,4.006039,323.8708,562.3066,-64.02327,434.26196,652.2155,56.739487,316.72696,647.403,-32.657967,452.39532,730.5718,-112.59803,295.96365,723.2721,-182.8964,468.05167,747.4557,-154.30441,282.01553,742.41565,-226.85153,470.29797,748.10205,-201.0506,281.17465,741.5289,-277.76035,463.4569,742.2759,-135.87451,289.79306,735.88684,-206.69127,398.9495,744.67346,21.862007,337.84906,739.74805,-21.851877,400.48026,888.58594,-34.42818,349.59677,888.6036,-65.88768,390.61786,1041.1559,111.2192,354.92166,1040.884,87.43345,385.0652,1057.8633,114.14428,353.96933,1058.1382,91.43297,403.4184,1080.4536,-65.07418,356.4149,1078.2648,-93.19734
pesas_down
IMG_20241115_103303.jpg,pesas_down,379.4699,489.24954,-360.5974,385.7492,479.286,-341.97415,389.7737,479.9324,-342.06976,393.50113,480.83734,-342.13263,373.2566,478.99884,-344.86853,369.3518,479.26987,-344.9112,365.84534,479.7102,-345.0207,396.98465,488.63562,-194.31488,360.71475,487.46423,-206.44968,387.16498,501.55786,-301.5549,371.02414,500.3814,-305.20267,432.1901,566.13635,-66.22724,323.90128,561.0434,-103.14165,434.14417,652.2007,8.978539,316.04303,648.3306,-32.115707,453.04932,731.2715,-144.33363,292.17023,724.51953,-157.88708,468.21594,748.73364,-181.39738,277.93387,744.32074,-194.52931,470.81506,749.9769,-229.67491,276.58893,743.2763,-249.80183,463.54785,743.24835,-166.98795,284.22653,737.3207,-182.45486,398.30817,741.97986,12.150553,337.13388,737.82043,-12.2045355,397.60205,883.3165,-50.681633,351.8934,884.1802,-59.811646,389.6913,1033.142,111.27794,356.24136,1029.8517,104.723656,383.9954,1048.4135,116.00257,357.62027,1049.9846,110.517365,397.533,1077.0365,-63.82077,355.97925,1073.7759,-72.98921
pesas_down
IMG_20241115_103304.jpg,pesas_down,380.99625,489.51462,-347.12732,387.72012,479.91736,-327.9131,391.71808,480.55524,-328.01508,395.50455,481.4792,-328.07672,375.20233,479.69202,-330.54184,371.43796,479.96432,-330.56918,368.02026,480.44647,-330.68323,399.19012,489.74988,-181.94681,363.35223,488.70807,-193.03331,389.34015,501.82916,-289.36285,372.7205,500.6054,-292.6981,434.12802,567.3206,-60.56539,325.50085,563.2937,-93.29225,435.0357,653.037,8.970899,319.14755,650.12915,-27.132542,454.08713,731.82983,-142.92812,297.17822,726.9659,-154.97089,470.44492,749.9509,-180.16643,281.58447,746.6926,-191.96849,473.18155,751.6658,-227.21854,280.6968,745.1798,-246.60196,466.35724,745.4516,-165.31372,289.2423,739.37384,-179.46109,399.335,743.626,8.6485615,338.45737,738.9984,-8.675416,397.9175,884.26337,-50.546375,350.36624,887.8856,-54.40169,390.27374,1036.1525,107.62955,363.08136,1038.1263,105.55894,385.92892,1052.3958,111.8265,364.17014,1055.7231,110.72405,400.4971,1075.2382,-68.900314,359.03946,1076.2694,-73.80166
pesas_down
IMG_20241115_103306 (1).jpg,pesas_down,381.9198,493.58902,-348.64587,388.14188,483.82565,-328.72275,391.929,484.40997,-328.83124,395.4252,485.32193,-328.90744,375.726,483.9071,-331.4649,371.8231,484.3363,-331.49252,368.26184,485.065,-331.58255,399.31354,494.08218,-181.16116,362.6032,493.42453,-192.71944,389.98868,506.0864,-290.54214,373.36157,505.10297,-294.03162,433.76822,572.12695,-68.13372,325.13254,568.1736,-81.18988,434.96512,657.576,-0.8261707,317.51678,654.5371,-17.535276,452.57114,737.3019,-151.44254,297.67038,731.26807,-152.25848,468.6402,754.7956,-189.95007,286.7167,750.65643,-190.90329,470.667,756.39746,-238.20808,286.42264,749.2041,-244.43675,463.63403,750.24976,-174.06819,292.82635,743.6945,-176.70251,399.8119,748.8436,-4.546135,337.33868,744.536,4.5390787,401.5155,891.91406,-50.155556,349.5469,893.66626,-34.326572,394.12448,1043.3948,98.341034,356.42117,1041.8257,116.27074,391.14795,1060.8689,100.68178,361.48813,1058.5714,119.94077,394.5381,1081.7251,-91.1003,352.47736,1083.7648,-67.61164
pesas_down
IMG_20241115_103306.jpg,pesas_down,382.03983,493.3871,-343.978,388.00195,483.8047,-324.53067,391.84503,484.4376,-324.6373,395.4522,485.32782,-324.7114,375.2323,483.72644,-326.1943,371.34717,484.1435,-326.22742,367.8904,484.8047,-326.3254,399.09393,494.45447,-178.42157,362.7558,493.60184,-185.00273,390.23694,505.89526,-286.38806,373.33716,504.5498,-288.4533,434.1948,571.4774,-67.16315,325.6929,567.4426,-74.86445,435.46057,656.4678,-5.008027,317.29718,653.2843,-14.935818,453.4324,736.76245,-160.45253,298.05817,729.41125,-155.66628,469.85422,754.97003,-200.20192,285.85196,750.48474,-195.66547,473.03308,756.85034,-248.43599,285.9386,749.4158,-248.72694,465.53226,749.9631,-183.3651,292.98334,743.0,-180.22058,399.244,748.1937,-7.4804163,336.86777,743.4882,7.4718647,398.36392,893.7906,-54.688637,347.4396,892.5427,-31.278057,396.96,1044.0819,99.789375,356.6931,1045.4321,123.54321,393.13205,1060.7456,102.84218,362.50403,1062.0121,127.79703,396.60635,1081.5289,-87.817696,350.84286,1085.412,-58.56783
pesas_down
IMG_20241115_103307 (1).jpg,pesas_down,377.52844,486.52432,-328.75497,385.2989,477.3546,-309.09485,389.35037,478.04022,-309.1949,393.1859,479.0443,-309.25314,372.99988,477.20374,-312.14835,369.45233,477.51917,-312.18326,366.27142,478.06635,-312.2956,397.59525,487.94693,-164.76575,362.30035,486.83212,-177.8398,386.06323,499.08676,-272.06857,369.80075,497.59003,-275.9612,432.6603,564.9444,-43.169018,323.99445,561.40985,-87.21735,436.24445,651.6294,29.504175,315.6502,647.71844,-27.787556,454.13675,732.07526,-114.7124,297.31714,724.9419,-154.49944,470.90732,749.54395,-149.53188,284.3622,744.5728,-190.88249,473.03082,752.0657,-196.16936,284.72507,743.5446,-243.71068,465.67493,746.62225,-136.85367,291.94693,737.7998,-178.1716,399.25626,742.2153,16.587954,337.99268,737.3916,-16.64204,399.10373,884.79236,-40.410404,351.58728,888.55457,-63.358513,391.36923,1036.8909,116.21739,358.44348,1041.0663,94.78181,386.44904,1054.1467,120.07397,358.4887,1057.1414,99.42567,405.29535,1077.6938,-59.93083,354.80112,1077.0669,-87.05654
pesas_down
IMG_20241115_103307.jpg,pesas_down,380.41937,491.1296,-290.43784,386.9673,482.096,-269.98895,390.7946,482.84576,-270.0995,394.38098,483.82562,-270.16873,374.25278,481.89398,-272.4255,370.40775,482.27502,-272.4468,366.993,482.7978,-272.54434,397.9659,493.20654,-125.29302,362.20288,491.68396,-135.6404,388.97336,503.7616,-233.8274,371.40674,502.0836,-236.97731,432.60358,570.48193,-22.266714,324.13873,565.9699,-40.25672,434.61682,655.6742,25.7784,315.6497,651.3934,3.5223794,450.05374,733.8402,-133.74371,297.30145,727.0586,-141.32979,466.06094,751.9294,-175.53296,283.75345,746.9427,-182.93694,468.30103,752.92975,-221.49628,284.13065,746.1821,-235.09468,461.02722,746.16016,-156.06505,291.53238,740.1816,-165.90724,398.19147,748.442,2.9050686,336.48206,743.8054,-2.9001033,399.33688,892.6161,-48.55087,347.46478,893.3646,-45.000095,396.1094,1044.8109,93.42924,354.35968,1042.9432,105.27779,391.8963,1064.2056,95.75148,358.39285,1060.6276,108.79697,402.3931,1082.9788,-92.70624,352.50845,1083.9011,-76.62057
pesas_down
IMG_20241115_104005.jpg,pesas_down,378.49222,492.6465,-146.68358,385.72733,482.7912,-124.31027,389.87714,483.9192,-124.417915,393.5069,485.28885,-124.504524,372.68127,482.05176,-126.427574,367.8842,482.39914,-126.41324,364.16507,482.93182,-126.45132,399.32547,494.2511,14.156171,358.4548,492.5697,2.8176358,386.5793,506.37054,-93.4473,369.37924,505.20288,-96.83442,438.22446,572.8262,83.8985,318.34854,569.4979,80.41243,443.64334,650.2872,141.04837,318.25684,651.7799,115.44357,446.564,720.72375,55.127903,304.96835,727.00653,-0.74042094,454.63538,743.57556,27.237371,296.9944,751.417,-37.067295,452.24854,741.9365,-13.283884,298.36383,749.04114,-76.45054,446.56506,734.1421,36.66764,302.67578,741.702,-20.380249,411.8519,759.49,-4.3759446,338.9031,758.9578,4.4739423,422.8835,905.39453,-75.930595,335.54764,907.4899,-71.67528,422.23572,1056.6306,46.33896,347.15424,1056.6326,70.76954,408.91623,1077.2277,48.044968,357.43463,1071.532,74.1118,435.6306,1093.0623,-122.21233,336.0288,1099.0012,-87.15166
pesas_down
IMG_20241115_104006 (1).jpg,pesas_down,382.8001,494.22058,-90.492165,388.71835,485.1619,-67.26326,392.4809,486.22806,-67.3507,396.24844,487.28946,-67.43062,375.82135,484.06052,-72.49938,371.23672,484.49005,-72.48362,367.23523,484.96332,-72.50691,400.51767,496.74567,64.977905,359.86804,494.4626,39.976692,390.07684,509.032,-40.04754,373.33347,507.39404,-47.350666,437.28082,574.6328,123.55155,318.83722,571.7011,81.5197,443.61102,650.5356,145.31285,317.50555,655.14075,60.644573,448.5322,721.12823,35.546543,304.6549,726.1554,-87.40935,457.00958,742.2881,2.8265877,298.19788,749.85864,-128.59232,454.7837,740.5474,-29.909605,299.68973,747.8257,-164.68866,448.47964,733.42725,19.446625,303.6281,740.3501,-106.46291,410.45184,761.2388,7.9565506,337.45956,759.92786,-7.8566165,426.27988,908.0933,-97.76208,334.4641,907.50885,-110.034256,420.99472,1060.4314,4.6281357,348.2687,1057.7297,24.295193,406.09918,1081.183,4.9734735,359.23856,1073.4161,27.76487,441.2831,1095.2852,-159.26517,342.07486,1100.0034,-126.65771
pesas_down
IMG_20241115_104006.jpg,pesas_down,377.50513,491.65894,-125.01405,385.13535,481.57135,-105.13916,389.80167,482.5052,-105.24068,393.82574,483.68872,-105.32344,371.5065,480.91275,-104.69838,367.2368,481.2527,-104.68463,363.53262,481.84735,-104.732216,399.4688,492.12173,22.68935,358.47894,491.4041,23.772009,386.3026,505.10483,-75.1507,368.73633,504.33014,-75.03886,439.2297,574.78235,82.21018,318.3393,570.92554,96.78108,442.95795,654.8281,128.00824,319.0118,657.4128,119.154305,446.807,724.3358,43.051575,303.8254,730.20496,-9.614166,454.99146,746.29736,15.1150055,297.0917,753.93427,-46.72936,453.01733,744.4387,-22.41245,298.74945,750.9757,-86.76689,446.6341,737.2905,26.07038,302.2705,743.93677,-30.270555,412.0858,762.07587,-8.847835,339.57135,761.6957,8.932399,426.28867,907.4005,-89.07834,335.85034,909.2422,-74.30972,423.60242,1062.0245,16.43832,348.03607,1058.7152,56.059547,410.05737,1084.1405,16.621601,359.385,1075.9789,58.716328,438.6428,1099.6934,-152.65256,335.5366,1103.2555,-96.46978
pesas_down
IMG_20241115_104007 (1).jpg,pesas_down,381.27643,489.12054,-183.69258,388.65384,480.14886,-161.37523,393.10162,481.2693,-161.47293,397.28186,482.44778,-161.54965,375.30768,479.02643,-162.8448,370.77643,479.28055,-162.831,366.96945,479.7778,-162.85965,402.39993,491.12625,-20.854822,361.6793,489.81564,-28.785269,389.0763,502.73346,-129.47017,372.82697,501.77454,-131.92116,439.15363,574.20056,59.1977,319.60556,568.59564,47.32123,445.30923,656.8579,103.38761,320.2922,656.9074,72.65309,448.42218,728.09973,-18.023228,304.82727,729.3444,-69.83874,456.1556,749.7346,-52.93938,297.7705,754.10645,-110.95766,455.23877,748.1627,-92.72176,301.00604,751.8951,-154.10635,448.98135,740.8786,-37.410927,304.44025,744.1677,-91.89414,413.4802,757.81793,0.45292708,341.03802,756.86816,-0.3019177,425.94144,903.5393,-76.86011,336.8585,902.4044,-63.271214,420.728,1057.8022,54.108776,345.56625,1055.2522,86.49681,405.49713,1077.6465,56.528194,355.72168,1071.9918,90.53345,439.9888,1095.5369,-124.03799,338.853,1098.2122,-79.726944
pesas_down
IMG_20241115_104007 (2).jpg,pesas_down,382.40854,488.21136,-182.72298,390.03296,480.57593,-162.13028,394.44836,481.6728,-162.20451,398.81927,482.9312,-162.28035,377.0367,479.47372,-162.48486,372.6093,479.77615,-162.46275,368.6794,480.35355,-162.47786,403.64987,491.9185,-32.406437,363.27594,490.47095,-34.449028,389.86865,501.07245,-132.30978,373.99966,500.7428,-133.16032,439.88916,573.74274,34.689507,319.8166,568.31726,42.655563,445.9533,658.0382,89.26889,320.41312,657.21814,95.816315,447.62857,728.86926,3.2495513,303.83887,729.01355,1.9230852,454.02832,748.7342,-23.387442,298.18652,754.114,-30.648922,451.28995,747.3115,-59.975197,298.81302,751.9782,-72.9371,446.63208,741.0702,-13.816099,302.55087,744.27856,-19.143457,413.17224,755.4767,-7.485481,339.45163,753.4515,7.5169067,424.16034,900.03955,-68.16542,335.61307,897.0796,-44.48339,419.24133,1055.272,65.63273,345.06982,1047.9551,110.06061,405.15054,1074.8744,69.186,355.31906,1067.9968,115.80541,436.76212,1094.0367,-99.947495,334.7644,1095.4188,-38.72685
pesas_down
IMG_20241115_104007.jpg,pesas_down,383.66168,491.50635,-155.93983,390.76755,483.31436,-131.58583,394.3495,484.1845,-131.68515,398.33868,485.37857,-131.76454,377.61386,482.03156,-135.64043,372.63638,482.12857,-135.62999,368.33463,482.40515,-135.67462,402.08057,494.72058,10.742589,361.20248,490.41724,-9.136361,390.77258,506.87244,-101.69928,373.1273,504.45007,-107.5869,438.48044,574.31555,78.99753,318.41443,571.68787,56.95306,443.0597,651.04987,119.17631,315.6763,655.0736,59.43572,447.8314,721.6303,4.9185767,302.8919,725.50635,-92.71264,455.00214,743.5775,-28.04268,296.57162,749.76447,-135.69257,451.5958,741.764,-66.21922,297.611,746.9379,-174.0052,445.98657,733.6492,-13.169573,302.579,739.0394,-112.78097,411.865,761.69116,-1.0654904,337.3854,760.373,1.1833928,425.2387,909.9475,-85.56567,335.07233,904.55774,-96.46443,420.90506,1061.3767,52.81284,346.46255,1056.6676,73.11959,407.37762,1080.9172,56.016598,357.81583,1072.4745,79.61543,436.8334,1092.8474,-115.582954,333.0071,1097.6018,-80.97891
pesas_down
IMG_20241115_104008 (1).jpg,pesas_down,378.1551,489.29987,-81.72885,384.71365,481.74127,-59.42282,388.80856,482.79666,-59.52504,392.5606,483.88428,-59.61814,372.20508,481.2297,-60.803658,367.7891,481.92764,-60.78396,364.2249,482.65674,-60.82992,397.37183,495.27847,63.633682,358.98676,494.11713,56.83378,386.0623,503.53314,-35.318268,369.67972,502.5681,-37.409332,434.84384,574.3173,105.48094,317.37402,572.67957,106.80877,441.6267,651.8469,115.19406,316.53113,657.7994,105.6083,447.07983,722.9225,3.5058773,303.34866,730.70667,-21.538568,453.57245,743.69073,-30.405687,294.6047,756.25964,-58.985622,451.26996,741.80914,-63.777374,296.75912,753.8009,-97.54108,446.3037,734.40564,-12.964713,301.2025,745.74884,-41.86544,408.88907,757.746,-2.00254,336.55594,757.81946,2.0743804,426.85992,905.7868,-104.24143,333.3892,906.30066,-86.49904,421.60233,1062.373,-18.54399,348.57578,1054.7197,27.02166,410.2184,1080.5248,-20.272722,361.91235,1071.4985,28.079647,438.25674,1096.3706,-189.21625,335.43683,1097.6326,-124.38346
pesas_down
IMG_20241115_104008.jpg,pesas_down,381.8757,488.67242,-99.245026,388.76697,481.67517,-74.95448,392.37408,482.6155,-75.05787,396.13226,483.4956,-75.14308,375.767,480.4184,-78.95473,370.91608,480.63513,-78.93963,366.46332,481.10834,-78.97918,399.29028,493.04932,56.179787,359.91336,490.924,37.16401,388.96997,502.99994,-50.111973,372.16504,500.91812,-55.66445,436.08997,574.0571,104.63184,318.68103,573.5,86.53194,442.46515,652.30865,110.64405,318.3009,659.15173,76.56196,447.82968,723.4811,-13.719621,302.77203,728.6255,-67.91087,455.35797,742.7223,-49.82082,294.81662,751.6147,-108.41005,452.31125,740.4876,-82.95645,295.46237,748.2628,-146.8012,446.6086,733.3192,-30.332718,301.21814,741.0282,-88.40656,409.79694,760.5995,3.864909,336.01273,759.8251,-3.771853,426.1168,908.7676,-99.16423,335.64474,906.2388,-103.475334,422.24295,1061.11,-0.90990496,346.08612,1057.2507,30.315908,407.66364,1081.1515,-1.4461889,356.20703,1073.6272,33.215622,443.2915,1097.3445,-170.3263,334.11542,1098.6842,-123.56187
pesas_down
IMG_20241115_104009 (1).jpg,pesas_down,376.0694,485.13727,-143.97614,384.28815,475.726,-123.74395,389.0884,476.84442,-123.83993,393.39688,478.05353,-123.9144,370.5548,474.8078,-122.280525,366.37933,475.16922,-122.25317,362.81955,475.693,-122.28843,399.58383,487.14066,3.934699,358.5922,485.48547,9.7898035,384.90677,499.17078,-94.47333,368.23087,498.52625,-93.018814,437.08395,569.72876,60.738693,317.20178,565.76245,90.105774,441.4579,652.3756,113.58601,317.44342,653.95215,132.55841,445.60855,722.5925,33.82382,302.35028,728.26416,25.352716,453.73343,743.1821,7.4077435,294.9992,751.00854,-8.7629595,452.6943,741.0003,-31.886278,298.15543,748.65894,-50.384304,446.39624,734.1304,16.177027,301.74277,741.4068,4.2793064,411.61063,755.2394,-13.118074,338.35718,754.5651,13.211818,424.06528,896.62756,-73.73361,335.2224,899.66455,-52.881016,421.021,1052.9047,59.17032,346.93982,1049.092,99.230286,407.3704,1073.015,62.0961,359.68735,1066.9376,103.918915,434.8489,1092.1815,-108.89689,334.3649,1094.5881,-53.02307
pesas_down
IMG_20241115_104009.jpg,pesas_down,379.55862,488.88992,-50.27456,385.91382,481.22238,-27.57971,389.9082,482.09845,-27.664303,393.43033,482.98767,-27.724123,373.2245,480.73187,-30.34946,368.69022,481.3178,-30.35278,364.86526,481.92322,-30.390646,397.26712,493.35394,90.66761,358.09412,491.97726,76.094696,387.35785,503.63925,-6.3880677,370.1634,502.27545,-10.668718,434.2039,575.0216,111.71355,317.74573,574.2612,104.72879,441.72052,651.03613,64.50199,316.0866,659.3584,40.137047,447.4437,721.8228,-84.32573,301.37192,729.416,-134.18729,455.02222,743.1665,-124.73101,293.89075,753.9863,-177.0238,451.5995,740.57263,-151.57214,295.63107,750.0493,-207.64137,445.89398,732.9398,-98.83322,300.0263,742.605,-152.22165,409.3149,760.97363,1.7086548,336.26913,760.2448,-1.7032415,428.54938,907.2699,-95.5411,333.02417,905.3867,-99.28749,422.2512,1062.3082,-7.6804533,347.80014,1058.579,21.785192,409.17184,1080.829,-8.659457,361.06274,1073.3398,24.098028,444.70505,1093.9553,-163.19562,332.932,1099.6105,-119.130486
pesas_down
IMG_20241115_104314.jpg,pesas_down,318.26566,500.1264,-331.58484,324.44684,490.3168,-305.407,329.21707,491.60065,-305.4339,333.46088,492.85144,-305.4893,311.50906,488.50876,-311.97525,306.4088,488.62973,-312.00266,301.2393,489.1333,-311.99173,339.92258,502.94928,-139.5454,293.56357,499.4425,-172.62927,325.78516,515.15717,-268.63333,309.43927,512.92017,-278.25977,375.23795,589.0014,-0.5277926,250.74394,583.22565,-62.38073,396.90744,666.61816,121.62232,227.82426,660.7241,46.04152,417.09448,745.5072,34.954994,204.37106,733.8028,-19.27257,419.5441,771.3284,9.423512,200.14828,754.60077,-48.22892,414.2323,770.4572,-40.521984,206.57356,753.48114,-91.662926,409.70837,760.9105,12.321163,211.42725,747.7217,-37.22404,350.3442,772.0739,16.071526,275.12128,767.36206,-16.084219,357.48358,921.9104,-41.11864,257.44284,921.59827,-85.49742,358.88022,1083.509,79.428825,233.92639,1088.9161,31.546186,347.5842,1104.7429,78.56573,241.04665,1109.8245,31.140457,376.74042,1133.2396,-116.120445,219.409,1135.94,-167.14902
pesas_down
IMG_20241115_104315 (1).jpg,pesas_down,321.59073,495.54108,-340.54794,328.20328,483.9711,-316.10153,332.16437,484.77173,-316.1321,336.87088,485.76996,-316.17535,314.8674,483.0746,-319.00323,309.79694,483.39514,-319.00607,304.173,484.0651,-318.98367,343.2494,494.9797,-153.35927,297.63434,492.60187,-166.74176,328.75403,510.3695,-277.70602,311.8878,508.90405,-281.75717,380.53378,582.8915,-28.64669,251.25838,576.3291,-41.559692,407.10248,664.8944,78.84706,219.28607,656.22754,50.57532,406.52707,728.171,-20.81967,225.42148,724.9097,-58.784462,398.7056,751.45624,-53.677155,232.80057,747.4137,-96.12036,391.1568,747.55176,-98.81864,241.65504,743.8435,-136.31015,390.375,740.13556,-40.347622,240.5504,736.43677,-76.36747,347.47147,769.8369,1.6207103,270.16284,766.0265,-1.4935453,356.64423,923.65625,-51.68721,257.31174,923.55707,-72.30237,361.05585,1084.3867,76.99818,239.1691,1087.4066,52.522175,351.17795,1103.716,76.46851,249.23994,1111.2363,51.86964,371.9306,1128.5219,-128.00937,223.40097,1129.8961,-149.76831
pesas_down
IMG_20241115_104315 (2).jpg,pesas_down,323.40775,491.02332,-377.76038,330.77155,480.80246,-353.8622,335.11203,481.6754,-353.8873,339.7162,482.7375,-353.91653,317.1887,479.80463,-355.9657,311.93533,480.0724,-355.98383,306.38242,480.6234,-355.98303,345.33548,492.79587,-190.32233,299.167,490.14847,-200.23808,330.9124,506.43884,-314.55594,312.98608,504.62408,-317.63516,382.28513,583.2673,-60.216343,253.27173,574.5881,-71.570244,411.14456,667.1414,49.45766,219.77219,656.9476,14.616699,408.58386,732.1247,-57.987083,222.23157,723.9698,-111.95454,398.3664,754.9468,-92.19867,228.82492,745.64685,-152.25024,391.15735,750.2634,-137.48654,236.2206,741.80457,-194.34918,391.82062,742.15454,-77.5423,236.12086,734.7833,-130.7518,350.7142,769.9745,1.6942017,273.5548,765.63446,-1.6440079,353.32492,926.99713,-41.73379,257.75983,922.85693,-62.06944,358.75958,1088.5476,88.1866,237.41634,1085.8564,72.1784,349.33206,1110.9087,87.63781,246.96747,1109.5432,72.79674,370.50775,1132.0458,-122.946106,222.41759,1132.7186,-130.35478
pesas_down
IMG_20241115_104315.jpg,pesas_down,318.9362,498.20618,-321.3805,325.5414,487.49286,-297.65396,329.52695,488.03912,-297.704,334.1478,488.84186,-297.74875,312.4959,486.8011,-300.012,307.507,487.01532,-300.00952,302.21826,487.4453,-300.005,339.9825,496.85126,-133.88686,294.98645,495.88934,-145.48488,326.16302,513.0474,-257.7664,309.52032,511.48584,-261.17953,378.3099,582.5381,-7.723801,253.29443,579.28015,-19.512691,408.39795,664.6349,80.13393,209.50314,657.23804,70.592316,409.60403,728.00415,-48.15549,206.84235,719.077,-48.562042,401.2096,751.0421,-87.542885,210.4259,742.88806,-87.73152,391.98215,747.51904,-131.4077,220.66255,741.0739,-131.9867,392.38992,739.7189,-68.14209,221.71695,734.4414,-68.15199,348.6407,769.7169,5.054337,273.8862,765.10913,-4.9293585,356.48434,922.04285,-49.68666,256.4842,921.8159,-71.86161,360.08093,1086.2108,70.5088,237.45515,1087.1829,53.661346,350.0608,1107.6938,69.356064,243.97514,1111.0132,53.977406,369.82147,1130.7704,-138.23688,219.68155,1134.8834,-147.53725
pesas_down
IMG_20241115_104320 (1).jpg,pesas_down,316.7222,483.0194,-448.26523,324.98404,474.8932,-427.18964,329.23334,475.75775,-427.23834,333.32822,476.6365,-427.3272,311.47293,474.0578,-429.7615,306.63483,474.32794,-429.77258,301.94342,474.74115,-429.79184,339.32715,487.289,-269.73798,297.58405,485.99887,-281.30023,324.39133,496.61597,-386.34848,308.23514,495.45776,-390.07486,380.91345,575.24164,-130.2312,257.01724,575.29016,-159.52126,397.62637,666.2948,-18.049816,245.91116,671.79596,-81.942375,416.3213,759.6439,-94.42155,221.14769,760.6759,-187.61182,419.95056,787.1606,-115.22239,215.66034,785.33563,-222.82137,416.04742,788.36975,-169.1936,216.78201,783.4918,-274.31,410.975,780.02515,-117.416084,220.69833,776.9195,-211.8488,351.29907,765.35474,7.1391406,272.3162,764.63556,-7.15117,367.83554,919.3041,-60.593586,268.1765,921.49744,-62.924973,378.9137,1085.4058,59.905952,258.8373,1092.2656,51.030422,368.22885,1108.9739,58.789005,271.16425,1116.2018,49.77753,399.49756,1130.197,-145.03058,235.71805,1138.9602,-149.13379
pesas_down
IMG_20241115_104320.jpg,pesas_down,321.88354,483.74847,-456.18475,327.6799,473.44214,-436.00415,331.56482,474.1397,-436.00595,335.32745,474.9594,-436.02853,315.30994,473.38678,-439.19846,310.60318,473.97214,-439.22644,306.16565,474.73016,-439.24936,338.2723,485.60214,-281.88998,297.4378,486.39618,-297.91748,328.56247,497.39655,-396.15106,312.99258,496.4668,-400.8615,380.3381,577.5445,-144.642,253.53357,574.6003,-187.6962,396.5655,667.8884,-15.103401,244.45477,671.0752,-101.70838,412.49863,763.11945,-75.896416,224.98997,763.4553,-179.44221,418.41156,791.1835,-93.72233,219.0752,788.75885,-209.59216,413.17856,791.3531,-146.49153,218.47318,788.9621,-259.1545,406.7447,783.23987,-98.248535,223.54874,782.1179,-202.2385,352.91177,771.4157,11.035892,273.93597,767.06384,-11.089405,365.68814,920.3582,-22.954441,259.5928,921.94666,-42.62358,360.6848,1079.4432,116.26276,258.44553,1085.7422,95.99732,340.5502,1102.3638,118.263756,269.67657,1110.6433,98.239555,377.97055,1131.6694,-66.49239,243.63043,1130.2894,-90.264915
pesas_down
IMG_20241115_104321 (1).jpg,pesas_down,336.35095,492.80786,-458.08337,343.99057,482.2027,-439.60132,348.45657,483.35208,-439.61414,353.11014,484.7268,-439.64032,331.33185,481.22314,-443.7307,326.6613,481.56622,-443.7496,321.90317,482.1319,-443.78952,360.5334,496.34485,-282.05182,315.57336,492.74194,-302.99683,344.06848,508.8404,-395.5092,328.64224,507.01178,-401.61444,399.0564,581.4178,-131.23509,272.83298,578.48785,-187.16187,411.26456,670.8501,9.909367,264.10715,675.6151,-95.43025,426.90607,767.0735,-50.163887,248.60815,766.07184,-174.54784,431.91437,793.96265,-67.44428,241.61038,789.99725,-203.58554,425.999,794.60486,-118.512314,245.77995,787.0189,-254.48154,420.1431,786.2865,-71.538475,248.9043,780.4865,-197.11676,362.4745,783.5541,14.784771,288.3091,777.67456,-14.877843,379.66415,931.3608,-2.7230828,275.98746,930.4061,-40.896343,381.11996,1091.3433,143.69878,255.11806,1088.5234,118.92815,370.14267,1114.557,146.43935,263.7802,1110.6666,124.70966,397.92377,1143.3651,-45.84129,240.82417,1141.0878,-67.0621
pesas_down
IMG_20241115_104321.jpg,pesas_down,334.16043,493.05496,-557.36786,342.22675,483.0997,-536.564,346.4948,483.8486,-536.6002,350.82175,484.88846,-536.69025,331.02652,482.9558,-542.1538,327.3748,483.43817,-542.2053,323.77066,484.09116,-542.2601,358.0967,495.9516,-365.6161,320.89395,494.9964,-392.6427,342.35043,506.73364,-489.82968,329.25198,505.87125,-497.98724,394.773,579.53406,-207.72708,275.0395,578.90564,-240.7964,411.8002,668.80524,-66.50696,265.5872,678.1827,-114.7508,427.43524,768.871,-145.9109,249.2866,768.0454,-169.72733,432.05396,794.03595,-167.33035,244.9546,790.42975,-195.02747,426.46567,794.52386,-219.76083,245.27031,789.3747,-248.46407,421.33987,786.6494,-167.96986,248.64401,782.2289,-192.26231,356.56537,774.8425,3.59706,287.69992,771.95,-3.7919009,374.30402,925.36597,-52.80391,276.80685,926.1944,-44.575226,382.12338,1088.1611,121.94426,254.55507,1087.6222,129.70041,371.95767,1109.5886,126.8577,262.47424,1109.17,136.57042,390.25473,1137.6439,-78.59491,235.57893,1136.6921,-64.116394
pesas_down
IMG_20241115_104322 (1).jpg,pesas_down,339.94247,504.57117,311.1776,340.5525,492.47168,286.47906,340.48572,492.58118,286.4941,340.50427,492.8252,286.47757,340.6594,492.63403,282.11383,340.6411,492.89374,282.14642,340.83923,493.377,282.1468,338.18234,499.44025,194.04085,345.31598,501.95053,172.24396,340.72272,516.3758,285.0396,340.5773,516.4934,278.70792,269.2849,575.2693,159.51945,402.1631,580.9014,69.382065,262.27374,670.8709,170.69655,409.81393,670.8943,103.25921,233.90494,764.0579,261.31607,423.15756,763.1922,259.5393,222.07773,785.6864,268.2489,427.10767,787.43286,274.33307,226.38136,785.31256,272.93604,418.75723,785.9793,269.9461,234.27303,780.0043,264.9646,413.51706,777.33325,262.8569,295.37476,777.84064,49.388165,353.74008,773.1501,-49.629944,276.4237,932.4208,7.933646,375.47046,930.7423,-37.523033,245.95352,1102.021,18.99785,386.2008,1090.2664,-30.367155,252.37958,1128.0686,16.321959,377.2026,1114.5454,-30.091139,238.41933,1134.3413,-55.50154,397.27115,1133.1826,-101.70639
pesas_down
IMG_20241115_104322.jpg,pesas_down,335.81003,494.40994,-453.69614,342.72324,483.2589,-437.27026,346.87726,483.7553,-437.29797,350.9181,484.44543,-437.33328,330.5141,483.69818,-438.7761,326.07483,484.29825,-438.81335,321.9294,484.9353,-438.86462,356.74988,494.7476,-283.66458,315.32315,495.13403,-291.15015,343.33264,508.14368,-392.0002,328.23203,507.4261,-394.41,400.7714,578.5803,-132.15723,272.70172,573.6097,-156.93846,415.59622,665.85364,9.015736,260.1146,666.8744,-28.84535,433.71765,761.5525,-76.090034,233.50511,757.2431,-105.10253,439.36456,789.798,-98.824394,223.90987,783.34094,-133.32819,433.09488,790.36865,-152.63081,228.53923,783.8126,-190.59402,426.90628,781.16156,-98.98825,234.89627,776.4637,-129.74391,359.85577,775.9168,5.011714,287.3774,770.13293,-5.1318774,374.748,930.13635,-36.838383,277.46426,926.91406,-54.18331,379.68817,1094.1621,94.507904,250.44704,1097.7786,73.24219,370.18103,1113.7437,95.337425,257.88843,1117.6573,75.30422,396.8842,1139.9967,-103.20345,236.03073,1144.5323,-119.8782
pesas_down
IMG_20241115_104323 (1).jpg,pesas_down,333.20203,492.8439,-469.2308,340.26425,481.86435,-452.27682,343.92096,482.47595,-452.3031,347.63922,483.2345,-452.33743,330.2641,481.97723,-453.7348,326.84647,482.65607,-453.80087,323.42053,483.39627,-453.88983,353.76727,494.12445,-308.55667,319.048,494.81216,-316.66324,339.3467,504.9356,-412.239,327.32266,504.60373,-414.81967,395.52795,579.7072,-185.44896,277.73926,576.5049,-200.03262,404.4113,665.9193,-78.094864,264.0654,668.9679,-112.012726,421.37436,767.4038,-145.5537,237.84254,764.4803,-187.16888,425.43765,791.3715,-163.66939,228.50357,787.60474,-214.25679,419.05444,791.06055,-207.74057,232.92583,787.19604,-262.26495,413.0969,783.6477,-164.15779,240.53973,780.8871,-208.60448,351.0709,774.5346,-3.1008945,303.03238,771.5081,2.8834116,366.84055,927.29486,-36.555122,287.11932,928.2309,-30.359047,374.03186,1087.9836,96.223785,259.07095,1092.343,108.13213,353.62628,1111.9259,98.72449,273.261,1114.4948,112.91033,382.67355,1135.7286,-77.136856,245.7661,1137.1764,-58.395203
pesas_down
IMG_20241115_104323.jpg,pesas_down,337.3294,507.25885,20.29375,338.766,495.41092,11.333854,339.39127,495.5816,11.293653,340.12036,495.87665,11.241678,337.33884,495.42447,8.918219,336.90207,495.64865,8.927865,336.61432,496.10297,8.935747,340.38998,502.45154,6.251743,339.87317,504.16052,-6.596628,339.49506,517.9334,25.79394,337.8624,517.7892,22.398031,275.25787,576.8998,30.76388,371.56714,580.8917,0.08127689,280.3258,674.59625,50.699146,387.30988,693.9267,18.258064,239.73965,765.8276,75.76141,417.2294,769.8346,41.645542,226.33072,789.32074,61.896572,415.3334,793.55774,36.6902,230.93672,788.50745,64.72249,403.88696,790.6034,13.287588,242.04715,780.19727,76.46703,401.5167,781.74994,33.511475,311.61548,776.2362,9.129579,341.29877,775.14453,-9.123528,281.12506,932.19574,-72.12651,367.71622,928.13055,-30.275532,249.26146,1097.8663,-21.13637,383.73163,1093.4573,2.6288288,253.90694,1123.8552,-22.826227,377.28043,1115.9803,2.079068,239.89323,1128.4377,-139.89682,396.52234,1134.0176,-113.28961
pesas_down
IMG_20241115_104324 (1).jpg,pesas_down,328.5939,494.57077,-524.50354,336.9018,484.07288,-506.27292,341.30637,484.67963,-506.26566,345.92303,485.50476,-506.27325,325.49234,484.23767,-508.45084,322.0084,484.83325,-508.53006,318.56165,485.49576,-508.5981,355.33002,496.99722,-346.29636,316.75473,497.19333,-359.11298,337.64056,507.04718,-461.11884,324.5082,506.42706,-465.0206,394.4992,581.80084,-195.25822,274.2212,580.1295,-220.72655,408.92178,666.72314,-52.769028,259.00983,675.55664,-98.50939,425.10446,767.14246,-134.93777,233.65727,765.5907,-174.40158,430.3298,791.95386,-157.10152,222.12592,789.00256,-202.62433,422.1094,792.046,-206.98592,228.15234,789.9148,-256.46152,417.8429,784.5789,-156.21576,236.48318,783.11676,-197.62123,360.823,776.0001,2.5457182,293.48264,770.27246,-2.7479281,370.86414,928.7567,-46.18868,282.58112,928.03033,-45.542843,374.02023,1091.727,126.26449,258.7877,1088.0073,129.47574,359.01657,1114.2616,132.14418,265.23343,1106.0609,136.9591,393.61285,1142.303,-56.692833,244.06767,1134.3187,-53.128685
pesas_down
IMG_20241115_104324.jpg,pesas_down,332.77515,498.32715,-257.03372,336.4035,487.25757,-255.67049,337.74933,487.4709,-255.70177,339.17398,487.7456,-255.7324,333.25925,487.68265,-256.21872,332.36053,488.18515,-256.2584,331.4912,488.7529,-256.28613,343.17722,496.26306,-195.9898,334.6527,497.93787,-202.2061,336.03284,508.6383,-228.52634,332.59903,508.7651,-229.80766,325.78253,579.98834,-113.61464,318.2775,577.4425,-134.09032,295.45825,667.88116,-75.49598,299.19598,668.79016,-111.39205,255.28607,761.6184,-124.09995,331.78812,765.2807,-150.02512,270.5349,779.7779,-145.32707,333.2482,790.86237,-167.91487,273.1765,776.7378,-157.96101,327.99463,789.8162,-198.47707,261.1817,775.4147,-130.1138,325.23056,781.4304,-162.7005,314.04648,772.0934,-0.9989102,337.48352,769.91583,1.0181218,284.55948,928.67175,-75.41642,359.6686,923.9558,-25.219395,250.51341,1093.9976,-24.924316,384.15768,1088.8445,4.3120575,254.59338,1120.29,-28.910864,378.32596,1114.4465,1.650048,234.8468,1130.622,-161.38211,401.41043,1133.6573,-125.4637
pesas_down
IMG_20241115_104325 (1).jpg,pesas_down,336.83517,498.33685,-541.5952,343.36874,486.6875,-522.26697,347.19394,487.08545,-522.2747,351.1379,487.7475,-522.32367,333.15378,487.24747,-525.2623,329.54123,487.99576,-525.34875,325.83212,488.95157,-525.4007,358.0413,497.5254,-362.42114,322.29996,498.7704,-379.2513,344.34705,512.2055,-478.34598,332.55908,512.0238,-483.49512,395.85208,582.2112,-234.23106,279.3864,580.6735,-233.5286,405.11325,675.33484,-121.31314,266.9976,672.3804,-125.521736,422.9272,776.8863,-187.26277,242.46384,765.5342,-179.06021,428.2361,802.2616,-206.20273,234.2363,789.311,-199.97034,418.07678,802.02515,-250.67921,236.95673,789.6764,-248.07076,413.9541,793.3351,-205.49907,244.32153,782.46674,-198.96928,346.1523,780.0653,-11.625064,288.91473,774.43976,11.3823185,364.90527,931.9836,-59.152935,287.1634,931.6704,-22.88546,375.4742,1091.8853,101.760574,254.21964,1096.8334,132.79346,336.97675,1118.418,106.846214,286.8957,1104.8654,138.8302,348.78412,1148.1786,-75.5178,246.01057,1142.9823,-38.43267
pesas_down
IMG_20241115_104325 (2).jpg,pesas_down,338.5712,502.90216,-365.83334,342.9241,491.35223,-351.8972,345.43735,491.82227,-351.9207,348.10117,492.49213,-351.9612,336.26205,491.7491,-357.52017,333.84152,492.48062,-357.55298,331.42627,493.43817,-357.6133,352.26593,502.1507,-226.2931,331.34363,503.66898,-255.78198,343.57062,515.7418,-313.62796,336.53308,515.766,-321.78223,384.21704,583.5158,-111.143715,287.4518,581.71326,-156.04028,399.0388,683.9581,-35.74196,276.40558,671.73413,-110.64347,417.93146,774.5673,-138.28958,246.33066,762.5913,-188.13521,415.2304,796.0657,-165.15489,258.31448,789.7157,-215.0579,389.53058,789.21155,-201.31325,246.45097,787.5048,-256.39066,394.7057,786.3901,-154.36589,252.21098,779.9039,-205.84438,334.82724,778.3246,8.305193,331.08215,775.1316,-8.375265,285.9542,933.1008,-34.8136,357.26514,929.12415,-24.061602,252.11632,1095.2264,46.24071,383.5902,1092.6293,41.764866,259.7238,1121.474,45.29522,378.90692,1118.6442,41.604904,237.7468,1135.3976,-95.26454,390.12598,1138.4817,-97.874695
pesas_down
IMG_20241115_104325.jpg,pesas_down,334.11475,501.07712,-404.8425,339.15585,488.41058,-391.05676,342.11737,488.72952,-391.07117,345.2579,489.23386,-391.12582,331.04,489.3366,-395.68942,328.0531,490.34027,-395.74265,325.00998,491.54984,-395.80008,350.1719,498.61987,-257.55963,322.7675,501.45483,-282.1265,340.08307,514.1175,-349.23334,330.90308,514.57996,-356.07916,389.96402,582.38654,-127.68591,282.00327,580.0033,-169.79756,401.65637,671.9605,-27.125118,266.8981,670.77234,-103.39634,417.63913,766.7071,-110.84183,239.45479,766.67236,-180.24927,416.4114,789.6233,-134.8903,251.09085,789.2401,-205.45311,410.5482,789.2138,-173.26747,238.72188,789.48755,-250.95789,407.48428,782.8291,-127.433395,246.31534,782.06396,-198.90593,329.4501,776.3523,4.171712,322.79468,774.07275,-4.278702,294.93842,948.68964,-30.554834,358.26236,930.13824,-25.766405,247.58508,1105.5382,56.663853,385.25854,1091.6442,57.775326,256.78754,1132.9092,55.5956,374.73657,1114.8427,58.55762,239.24542,1136.5063,-92.08119,390.69507,1133.756,-87.05616
pesas_down
IMG_20241115_104326.jpg,pesas_down,338.7532,510.7736,234.27574,338.92154,498.70407,208.84697,337.71933,498.91998,208.83916,336.3831,499.2671,208.78111,342.1786,498.9587,210.10994,343.44928,499.4479,210.16985,345.0998,500.20166,210.21156,333.08038,507.27066,115.52299,352.5976,510.14957,118.64656,337.6539,522.8179,207.50603,341.183,523.9771,208.36015,268.86786,585.8197,78.61859,401.77512,592.03064,58.952477,265.0064,682.41455,146.11646,408.21664,686.57324,110.506195,247.2418,777.4002,317.98486,417.1399,785.0818,275.93048,239.84074,801.03687,329.3346,420.8778,807.58673,298.4434,246.9811,798.4449,337.94824,413.0794,805.1254,284.03824,251.89859,792.01666,324.47766,406.6809,797.47046,275.4126,293.48175,779.45044,21.8452,359.4919,779.93384,-22.070696,272.52502,937.8605,-60.96372,376.32022,935.2243,-42.025726,250.36769,1104.1918,-50.884087,380.40973,1102.2334,-40.27844,257.1214,1132.7826,-52.39924,369.58588,1126.8314,-39.659664,226.49345,1139.6401,-124.91833,399.0278,1138.5192,-111.38316
pesas_down
IMG_20241115_104559 (1).jpg,pesas_down,279.48737,562.799,-467.8675,285.10095,555.95154,-448.76645,289.64127,557.6081,-448.74817,294.07346,559.4531,-448.84177,270.54916,553.85095,-451.97525,264.97183,554.03345,-451.98166,259.56665,554.42664,-451.96393,295.77197,571.4269,-298.5197,247.68027,566.5166,-316.23193,285.50674,578.31964,-408.32983,267.8784,575.3558,-413.57175,332.1671,660.5531,-158.72311,195.90724,647.92896,-186.81487,355.51068,747.78656,-29.068558,152.31448,740.65094,-89.85012,368.5177,827.95374,-86.00807,121.95826,821.9667,-170.57082,370.11197,850.9459,-107.69475,113.307365,849.0188,-199.06926,362.83585,849.4005,-155.9238,119.667816,848.8549,-250.7181,358.06586,841.2607,-106.853134,127.974144,839.84485,-193.63025,296.50488,847.965,9.316909,207.05142,840.1117,-9.462967,297.0049,1011.5695,-101.14858,178.0666,1001.2842,-99.42497,302.15817,1186.3073,-22.449587,149.5712,1186.9519,-26.402292,286.8157,1214.596,-27.150162,160.08096,1213.4922,-30.578535,332.5042,1237.8322,-217.4489,109.40338,1238.9855,-220.66055
pesas_down
IMG_20241115_104559.jpg,pesas_down,274.976,563.1233,-369.0126,281.19128,556.12256,-347.16272,285.63547,557.86786,-347.18417,290.02563,559.7886,-347.26517,267.62048,553.8007,-351.0956,262.68906,553.88336,-351.09534,257.65286,554.29736,-351.12137,292.85,571.67474,-198.39789,247.69394,565.14886,-218.47543,281.58774,579.7433,-310.7661,265.03366,576.1012,-316.83694,330.35696,657.01086,-83.9776,196.30943,645.79846,-109.43695,351.09027,741.10077,15.022325,157.75232,735.83075,-34.349766,367.6241,823.42566,-54.532776,123.294655,813.2467,-125.98421,370.96436,846.4346,-75.95638,112.959465,843.53906,-158.43346,363.95337,844.8795,-121.927124,118.02665,843.0008,-208.26834,358.60217,836.46783,-74.87491,125.37461,834.13513,-149.18887,292.66547,848.47296,0.9860908,207.16255,841.33026,-1.0065156,291.96634,1002.693,-119.17008,181.58424,1001.21765,-124.02234,302.6137,1183.6495,-53.562393,150.69899,1185.8942,-67.09529,292.08948,1213.8873,-59.01364,163.38449,1213.0438,-72.35474,328.27536,1229.3643,-248.16913,112.84435,1235.4062,-260.91678
pesas_down
IMG_20241115_104600 (1).jpg,pesas_down,278.2282,569.7261,-421.356,283.81604,562.51636,-400.75064,288.29297,564.20386,-400.7446,292.57352,565.9771,-400.86154,269.92667,560.2038,-403.41788,264.76834,560.3376,-403.43124,259.39722,560.84265,-403.43674,294.8804,577.211,-247.58107,248.75174,571.88525,-261.57748,284.56808,585.8616,-360.74908,267.80722,582.5832,-365.08307,332.53976,661.9532,-107.14914,198.14386,650.50653,-131.7506,351.22052,748.2219,28.231554,156.76248,739.37366,-33.312675,364.98453,823.60474,-15.098951,125.4885,816.0985,-117.29695,366.67514,847.7359,-32.243786,116.87221,845.03516,-145.94963,360.33655,847.64215,-79.65677,123.38166,844.2617,-196.09836,354.57077,838.82935,-35.630486,131.17618,836.0891,-139.81877,295.93494,847.94836,4.021306,208.61221,842.6433,-4.1192803,294.80606,1007.6556,-123.34726,180.82883,1001.97174,-116.03647,299.43546,1187.4537,-46.65953,151.5819,1183.6163,-47.842518,285.91025,1218.4214,-51.70515,159.931,1211.9038,-52.52631,328.67355,1236.5573,-250.7779,110.98177,1239.1416,-247.61006
pesas_down
IMG_20241115_104600.jpg,pesas_down,272.35944,566.9896,-304.79333,279.65216,559.475,-283.03857,284.1925,560.7318,-283.0621,288.64215,562.1216,-283.16052,265.81287,558.2793,-284.55856,260.93768,558.6128,-284.54733,256.35608,559.10315,-284.5328,291.48764,574.1975,-147.19974,247.72578,570.4834,-156.37302,279.06445,582.0865,-252.76741,262.1479,579.66846,-255.47081,330.06952,662.8208,-54.28357,197.51132,651.0725,-69.6982,354.24384,750.1696,9.038952,155.0251,742.22424,-20.001661,369.1017,828.1994,-75.608574,122.827934,821.9789,-107.473274,373.2589,850.3616,-104.449875,114.37833,849.41376,-140.49686,366.42563,850.2274,-146.23776,123.2811,848.9601,-180.24388,360.51688,842.42584,-95.947426,131.38034,840.4263,-127.08028,295.6524,846.5668,3.0016599,208.34453,840.96265,-3.03472,299.20993,1009.0427,-109.92004,180.24255,1004.11035,-82.83485,301.36435,1188.2814,-39.396942,149.25763,1187.3589,-24.87458,287.45615,1215.7963,-42.65727,158.31776,1214.7913,-28.966623,325.91882,1239.1255,-222.11911,108.884186,1240.8229,-205.02481
pesas_down
IMG_20241115_104601 (1).jpg,pesas_down,280.1328,568.58606,-419.8604,285.90317,560.8035,-399.5437,290.26727,562.35474,-399.54288,294.62366,564.02844,-399.64456,271.9318,558.3532,-402.85535,266.60217,558.2872,-402.8641,261.30322,558.41583,-402.8638,296.29834,574.77423,-247.8109,249.96474,568.78375,-265.18396,285.9226,584.0875,-359.9137,268.47168,580.9132,-365.09808,332.69885,662.3431,-115.38209,197.25,648.7836,-141.9599,353.5283,750.05774,-1.2005258,157.2385,740.1559,-52.32222,365.15915,829.8276,-73.025444,127.3854,820.5687,-140.28625,366.18066,853.1512,-97.110954,117.65517,847.49054,-171.14836,358.34793,850.6729,-145.0847,124.12879,847.0448,-222.10327,353.6626,842.6788,-94.37898,132.4965,838.8556,-163.41124,296.8657,850.04517,6.471107,208.05179,843.42065,-6.534023,295.16187,1012.1096,-108.37997,178.65778,1006.7426,-102.45654,301.51556,1187.6382,-25.289297,146.8018,1192.1262,-29.585913,286.35553,1217.116,-29.121843,158.07936,1216.8452,-33.900703,334.06833,1238.0199,-220.3097,106.81975,1241.5508,-226.52974
pesas_down
IMG_20241115_104601 (2).jpg,pesas_down,276.07327,568.95667,-237.49165,282.577,560.925,-213.97733,287.1316,562.291,-214.012,291.6659,563.9175,-214.12453,268.5077,559.3985,-214.88515,263.4023,559.6003,-214.84709,258.07974,560.09546,-214.84705,295.9462,575.3569,-79.47969,248.1775,571.2915,-86.47164,283.6409,584.1247,-186.89265,266.3664,581.5383,-189.01163,333.6968,663.1696,-1.1665382,197.61525,650.94775,-14.881209,354.8492,746.9215,45.090267,156.19528,740.4547,29.69829,370.23257,828.565,-42.708458,123.79614,821.9564,-54.265385,374.1523,850.699,-73.16944,114.69108,849.573,-84.78929,367.6901,849.98773,-111.24635,121.201866,849.7064,-126.6865,362.30777,841.87964,-62.17307,129.67686,841.054,-74.651665,296.03647,846.9772,3.3196719,208.1269,839.92035,-3.394045,294.69067,1008.02905,-123.02437,183.28233,1001.6879,-105.35361,299.26688,1189.2657,-80.04625,153.10867,1186.6243,-64.3162,283.74515,1215.5222,-85.514694,163.77864,1214.439,-69.33331,333.11087,1241.9978,-257.4079,112.52527,1241.9366,-239.38875
pesas_down
IMG_20241115_104601.jpg,pesas_down,277.75818,565.61115,-393.74643,284.39462,558.9306,-372.53146,288.98004,560.57153,-372.5301,293.5413,562.29175,-372.6223,270.47452,556.53503,-376.10715,265.3421,556.54553,-376.09717,260.31522,556.7227,-376.0937,296.0689,573.8348,-223.2795,249.80437,567.72766,-242.04285,283.92026,581.25476,-335.6351,266.6066,578.0854,-341.23315,331.71048,660.2152,-99.22229,196.86375,650.0488,-123.02487,354.0544,746.83923,13.740169,157.68556,738.08356,-37.627632,366.24847,827.8939,-60.416153,126.43455,817.8332,-127.86206,366.39236,851.87146,-85.63989,118.27513,845.64825,-157.84886,358.22018,849.5767,-131.4336,125.21433,845.2778,-206.78993,354.1011,841.37244,-81.224785,133.48888,837.08307,-150.1777,297.5594,845.37634,6.512369,209.27715,839.4564,-6.6351247,296.21973,1008.0926,-102.52171,180.47739,1001.6658,-90.811874,302.00806,1184.0077,-21.85939,155.05125,1181.3911,-20.79051,289.68738,1212.1765,-25.798294,167.91467,1208.8389,-24.671272,323.76056,1232.8416,-219.41832,121.27997,1238.2838,-213.55675
pesas_down
IMG_20241115_104602 (1).jpg,pesas_down,277.668,563.8483,-443.9349,284.7009,556.58057,-423.65005,289.10672,557.6692,-423.67578,293.43143,558.956,-423.75464,270.9361,555.1018,-427.70728,265.55,555.0246,-427.7403,260.2129,555.0932,-427.7871,295.45886,569.49365,-264.82675,248.98792,564.0569,-285.63995,283.18277,579.19916,-380.622,266.73264,575.2398,-386.8341,333.46027,657.6785,-123.27852,196.73589,647.2887,-155.67462,353.48947,745.44055,-5.860879,157.60576,738.1271,-70.48647,367.99005,825.73706,-85.86469,125.3221,815.65015,-172.36423,369.0656,846.7108,-107.8773,115.36258,845.3525,-204.57352,362.94287,844.84546,-156.53857,120.51538,844.45593,-257.4679,357.5139,837.92126,-107.24719,127.44122,836.32117,-196.15012,298.57843,854.3391,4.5509305,211.07347,848.7335,-4.535937,295.66025,1010.1812,-103.917564,182.02237,1006.6283,-110.37303,299.6978,1188.9626,-16.209112,151.12221,1188.3762,-27.230665,287.4347,1217.5282,-20.354311,164.32889,1215.3542,-31.009869,333.40872,1231.9661,-215.65862,113.27264,1239.555,-228.23615
pesas_down
IMG_20241115_104602.jpg,pesas_down,274.5819,569.20557,-384.54703,281.22507,561.02,-365.3235,285.76328,562.2755,-365.3081,290.2979,563.7759,-365.4014,267.14575,559.8573,-365.95618,261.99866,560.1959,-365.95416,256.77173,560.8483,-365.95377,294.45566,574.93317,-223.11731,247.21199,572.0745,-228.42282,282.2555,583.82635,-328.73312,264.74536,581.6,-330.34537,333.49725,662.10504,-101.84958,197.40392,651.29956,-117.474,355.92468,750.29755,-1.6887077,156.6192,740.91986,-38.369553,368.44858,831.34576,-68.64269,124.83311,822.42346,-120.11061,369.32422,853.4232,-92.55504,115.56078,849.62305,-149.02344,361.6652,851.27185,-137.3339,123.22319,848.62976,-196.38742,356.6922,844.23395,-89.35411,131.69717,840.5039,-142.13017,297.9259,848.6167,4.879229,208.83414,842.8369,-4.9655313,296.1951,1009.2878,-107.89204,181.79369,1004.31775,-102.94214,298.22137,1185.362,-28.921824,151.52335,1189.7769,-36.828537,282.9708,1211.2141,-32.53897,164.19582,1217.4955,-40.83539,327.71954,1239.9907,-219.8964,109.07271,1244.2283,-228.5805
pesas_down
IMG_20241115_104603 (1).jpg,pesas_down,278.79016,559.4346,-502.72147,284.17224,551.51697,-482.5377,288.5172,553.04956,-482.52484,292.74982,554.657,-482.5886,270.62006,549.3873,-486.583,265.4829,549.427,-486.62274,260.25742,549.68805,-486.65146,294.21054,565.62646,-324.38504,248.5249,560.4887,-344.85526,284.9514,575.1072,-439.92975,267.66315,572.28845,-446.0187,332.879,653.2029,-180.56148,196.85406,643.46893,-206.31116,355.85825,744.5336,-60.048233,160.12141,734.3963,-111.90029,364.0756,826.7528,-137.75575,129.49203,812.82837,-205.59985,366.17487,852.88116,-161.1898,120.16465,842.00195,-239.48932,358.69397,850.07983,-212.40201,125.58456,840.8862,-293.3843,354.089,840.83685,-160.18916,132.81236,831.825,-230.45253,297.13342,844.5597,2.36573,209.17165,838.77673,-2.4145036,297.39133,1001.4314,-104.603806,182.32901,998.47156,-102.98589,302.76227,1180.7115,-9.346493,153.96043,1183.0724,-21.444687,290.04468,1208.0173,-12.852797,168.1656,1210.468,-25.52303,326.50406,1229.0142,-211.77647,111.9287,1233.9696,-224.1926
pesas_down
IMG_20241115_104603.jpg,pesas_down,275.64514,567.61017,-480.24725,282.03192,558.9368,-460.76004,286.5055,560.1162,-460.7513,290.63568,561.56683,-460.82953,268.2907,557.432,-464.28857,262.9057,557.4285,-464.31274,257.1516,557.5809,-464.3178,293.30936,572.16925,-300.50958,246.82573,566.3704,-318.50336,282.37372,584.5919,-415.86465,265.0631,581.5896,-421.34198,333.26712,657.84265,-148.05464,196.62416,649.9457,-171.5647,352.88763,744.0192,11.581072,159.17947,739.9732,-64.86774,367.03915,821.2588,-22.742193,126.37943,818.4204,-157.80376,369.83316,844.90265,-37.48464,117.04744,846.0922,-187.93677,363.7885,844.47266,-87.64559,123.43838,845.65186,-243.84378,358.12717,836.34314,-43.050934,130.50339,838.16315,-182.56271,298.42502,853.6162,-0.51123655,210.06233,848.12286,0.4574791,297.14188,1012.28284,-113.28405,182.0864,1006.12195,-110.198135,302.43732,1192.4854,-22.228697,152.3475,1189.1221,-27.758827,290.32996,1220.9059,-27.102306,165.25742,1215.2443,-31.85937,327.0907,1237.5137,-231.14651,112.874504,1240.9594,-230.73018
pesas_down
IMG_20241115_104851 (1).jpg,pesas_down,350.978,599.1401,-141.49858,358.0025,591.9483,-119.23369,361.88043,592.4458,-119.30986,365.658,593.0829,-119.38419,346.72113,591.74927,-118.15799,343.26483,592.1292,-118.15353,339.9542,592.709,-118.14751,369.5547,600.5546,10.699896,335.1921,600.1637,14.491695,357.63058,610.81085,-92.107735,344.32358,609.4187,-91.22253,411.0314,682.58606,65.0117,293.29752,675.1026,81.98248,421.35706,759.27466,45.2956,277.19687,752.8585,49.884106,431.13138,836.4678,-102.87552,260.06097,816.6306,-141.5898,440.2693,855.03546,-144.44434,253.24031,834.82666,-188.61043,438.31815,851.9616,-180.98349,254.63373,834.59406,-225.9906,431.44684,844.7382,-121.651115,259.99905,829.7417,-163.03186,378.88223,849.7541,-8.288626,306.12216,845.5268,8.386942,373.9743,994.32715,-81.01576,295.57593,990.33636,-61.58205,379.4586,1146.568,8.819069,290.03598,1148.2335,32.369984,367.92105,1167.8303,7.192721,300.2718,1170.9968,30.236917,388.9961,1186.9131,-162.95586,259.83508,1179.9495,-135.73244
pesas_down
IMG_20241115_104851.jpg,pesas_down,357.57703,596.7296,-160.41641,362.96082,590.3683,-136.29662,366.48044,590.9832,-136.36496,369.96365,591.72534,-136.46236,351.94836,589.8428,-138.66986,347.91925,590.2316,-138.65459,344.46448,590.84326,-138.62402,371.98822,599.4076,-2.0230737,337.1179,598.39056,-14.124314,363.0225,608.21985,-109.56106,349.32648,606.82477,-113.31331,411.58618,681.5915,52.816605,293.03363,673.2561,54.196404,420.83902,757.2748,44.81496,276.1101,750.0894,14.657773,429.5382,829.95514,-81.35978,260.5649,819.27734,-165.9146,436.29987,847.0399,-117.32053,253.19989,837.7809,-209.60695,434.2119,845.3097,-153.33064,253.80748,838.765,-242.94638,428.24524,839.6459,-99.79429,259.97705,833.309,-185.75377,380.6318,844.58704,-6.477018,307.91293,840.7632,6.568283,375.4398,989.2713,-91.100525,294.36758,982.09204,-59.587624,380.7652,1146.4161,-13.393094,290.78204,1143.9725,22.14135,369.37384,1166.738,-16.171465,297.96475,1167.2147,19.125647,392.2178,1187.5432,-186.79303,255.9976,1175.8269,-142.46616
pesas_down
IMG_20241115_104852 (1).jpg,pesas_down,354.02795,598.27576,-153.90962,359.18857,594.0821,-130.15411,362.9827,594.90894,-130.2098,366.8612,595.8713,-130.30316,348.20593,593.7305,-130.50739,344.65692,594.2743,-130.48679,341.54068,594.9459,-130.4883,369.74698,604.4473,-5.3930187,335.24347,604.22473,-7.1480536,360.8932,609.90533,-107.41782,347.01077,608.6561,-108.21752,410.7461,686.16833,46.946217,293.24152,678.25574,48.5616,421.8485,761.033,61.895035,272.3673,755.3113,34.901833,428.89868,838.4144,-31.372747,267.47623,821.30975,-99.09655,435.9244,855.6953,-60.660374,262.4915,839.5728,-137.7892,433.80203,852.1996,-95.757256,268.46655,838.51385,-168.45122,427.27087,846.0764,-48.881886,272.58185,833.5129,-116.61235,381.86508,850.9491,-8.076139,308.77686,847.54156,8.172467,374.0395,994.4031,-92.421104,296.2649,992.5077,-64.251884,378.98077,1153.2256,-12.923695,289.86557,1150.6975,11.696048,365.7633,1174.5385,-15.374184,299.07095,1174.5835,8.760169,391.60754,1193.2225,-182.02951,256.1353,1182.4132,-149.54128
pesas_down
IMG_20241115_104852.jpg,pesas_down,353.2169,601.0232,-168.0418,358.633,595.4429,-145.01357,362.3254,596.1564,-145.08754,366.02188,596.91956,-145.1889,346.91315,594.75494,-146.28294,343.26675,595.0598,-146.26335,339.7699,595.5114,-146.25314,369.58765,604.57117,-13.821792,333.0557,603.303,-20.289152,360.44833,613.2409,-118.27405,345.3955,611.36725,-120.338196,411.23752,686.54877,48.16169,292.46884,677.0999,43.478424,422.48413,762.941,55.0059,275.49005,755.1481,22.071287,430.6119,840.00543,-58.011707,260.15475,823.7607,-145.15833,438.07684,859.92554,-92.19487,254.01158,840.8277,-188.4431,435.93423,855.5309,-129.31499,255.15344,840.0801,-224.2253,429.27924,848.1715,-76.53596,260.69852,835.4453,-165.71075,379.75067,853.3656,-1.9346889,306.86832,848.8618,2.0623276,372.7661,996.07056,-82.420944,296.10132,992.53143,-67.28881,379.51013,1147.7994,4.564981,291.05832,1150.533,18.324148,365.5674,1170.6296,2.7120667,302.88855,1174.2605,15.427013,392.72028,1190.1409,-164.67702,259.3944,1183.5664,-149.47757
pesas_down
IMG_20241115_104853 (1).jpg,pesas_down,354.04715,600.4575,-175.47467,359.16922,594.7443,-151.4237,362.7603,595.4049,-151.5006,366.4135,596.2443,-151.59077,347.8884,594.0949,-152.87875,344.27744,594.3638,-152.86153,341.01675,594.8322,-152.86351,368.8926,603.55273,-18.438335,333.95502,602.3182,-25.728502,360.3051,612.1357,-125.42027,346.16437,610.53174,-127.71367,411.562,685.53906,43.827732,292.01968,677.819,37.142376,421.17938,762.26373,53.698345,275.49313,758.1592,11.834556,430.03464,840.41113,-60.590763,261.29468,824.07605,-161.39995,438.53397,859.8834,-95.08462,253.65312,842.179,-206.6196,436.62338,855.24365,-132.1503,255.87297,840.9221,-240.81201,429.45367,848.23596,-79.19665,261.08817,835.5021,-181.13086,380.0516,854.1583,-4.1076994,306.88235,849.8474,4.263083,372.4812,996.0794,-75.36687,296.97748,993.0073,-60.60529,378.8877,1147.5369,20.707361,291.3772,1148.5316,33.05046,365.39505,1170.858,19.659922,302.52084,1173.6064,31.149752,390.17462,1187.2599,-145.48227,260.8713,1182.9064,-131.77786
pesas_down
IMG_20241115_104853.jpg,pesas_down,351.17825,599.3344,-210.48294,356.91248,594.3065,-189.13983,360.54935,595.00995,-189.19698,364.44217,595.9053,-189.28635,346.0894,593.9862,-189.1852,342.93594,594.464,-189.17734,339.8671,595.1011,-189.19133,368.09485,603.92206,-63.548264,334.1284,603.6549,-63.24164,358.14392,610.38885,-162.54942,344.4643,609.1163,-162.73924,410.46567,685.807,3.6242108,292.29306,677.9391,9.147092,421.4967,764.6411,32.59043,273.39456,758.6657,10.601878,429.07086,841.2784,-62.271652,262.678,825.24994,-132.85815,436.66617,862.47754,-90.04088,255.52942,842.73773,-172.24632,433.41095,856.9318,-127.7913,258.12866,841.313,-207.13919,426.62048,849.1678,-80.31818,262.83047,836.0327,-152.1081,381.45544,852.8738,-9.19298,307.1546,849.7376,9.2916,372.62717,994.9581,-82.651,296.53543,993.5167,-56.507378,378.5282,1147.4211,10.106632,291.0929,1151.7605,28.635807,364.88364,1170.333,8.650753,302.22318,1175.6743,26.44654,389.05777,1189.9241,-157.80309,257.59467,1183.677,-133.2408
pesas_down
IMG_20241115_104854 (1).jpg,pesas_down,356.28534,597.02637,-192.83916,361.27823,592.4714,-170.27753,364.87244,593.1714,-170.33054,368.66934,594.0526,-170.43211,350.00134,592.256,-170.72061,346.48883,592.83234,-170.70432,343.07037,593.5706,-170.69638,371.06302,602.1717,-43.807274,335.92633,602.5642,-45.453228,362.9062,608.3772,-144.96179,348.71918,607.28424,-145.7409,412.0694,685.8269,19.416193,293.82266,676.62384,21.852942,422.36356,763.5862,42.38116,276.36288,754.9276,22.91498,431.35504,842.89734,-54.883537,262.98065,824.3765,-113.0967,439.54828,863.67773,-83.32526,255.03293,843.2714,-151.54935,437.73694,859.2672,-121.66271,257.40714,842.18225,-186.65805,430.69745,851.7606,-73.724754,262.39447,836.8098,-132.6277,381.0219,848.67456,-8.355664,307.886,844.4445,8.432659,374.18564,998.44275,-92.74375,296.55038,995.8527,-65.72519,379.4117,1154.0876,-6.1564293,289.9998,1156.3357,12.1582365,367.49698,1175.2374,-8.049227,300.18323,1179.7449,8.927856,393.07516,1193.285,-174.71977,250.65552,1183.8966,-153.85434
pesas_down
IMG_20241115_104854 (2).jpg,pesas_down,352.68213,597.54895,-78.371414,358.86432,592.89294,-53.23312,362.4374,593.72736,-53.295547,366.27634,594.59106,-53.363808,347.80008,592.43713,-52.06166,344.6509,592.9188,-52.01351,341.51755,593.4652,-52.008675,371.15326,604.06195,62.131123,335.78876,604.4947,66.99247,359.5518,610.27,-37.199593,345.50616,609.1405,-36.025684,411.3028,689.84143,86.42378,294.17487,678.5858,99.08402,421.91998,763.8002,63.323967,271.9888,758.2766,49.00852,428.3621,841.3883,-42.347065,265.71558,828.2009,-106.25002,435.64236,859.51917,-76.06073,257.49127,848.7231,-148.75175,433.14996,856.81714,-106.53159,265.38312,847.9666,-172.17595,426.8809,849.83105,-58.757378,271.86057,841.7643,-121.68605,382.65094,849.23224,-10.304585,309.3865,846.0283,10.39284,377.96085,992.6676,-84.17704,294.38608,989.05164,-61.65144,380.62036,1149.4966,-15.985889,288.6228,1149.6752,-2.3512352,368.88464,1172.5634,-18.546518,294.52933,1173.8455,-5.772382,389.93637,1195.1768,-177.47876,256.62976,1189.848,-153.28387
pesas_down
IMG_20241115_104854.jpg,pesas_down,353.10294,599.44385,-182.55516,358.73013,594.3728,-160.04404,362.51187,595.0957,-160.11104,366.52484,596.0332,-160.20255,347.50745,593.8769,-160.12952,344.18607,594.29645,-160.11661,341.08655,594.9329,-160.11809,370.0815,603.9192,-33.007042,334.91565,603.36707,-33.60785,360.1611,610.8674,-134.55298,346.2047,609.4011,-134.94112,411.79843,686.57153,29.498661,293.41376,677.1653,32.807297,421.93793,764.0281,43.189293,272.6945,757.391,11.625479,431.24158,840.56647,-68.796326,262.5459,823.80347,-157.8311,439.65714,859.1561,-101.28,255.15584,841.9166,-201.70459,437.58377,854.20715,-138.2855,258.27423,839.9664,-234.13106,430.58157,847.6496,-87.46034,263.15317,834.7659,-176.8529,379.843,851.81055,-8.051141,307.73373,848.38,8.178423,373.3543,995.8197,-85.71846,297.58267,995.944,-61.42257,378.68518,1150.7651,3.92527,291.7266,1151.3453,22.86711,366.45197,1172.1117,2.2513168,301.50714,1174.1157,20.542204,390.31982,1190.3232,-164.61923,259.78668,1182.4292,-140.22818
pesas_down
IMG_20241115_104855.jpg,pesas_down,351.3531,601.3747,-142.0176,357.79547,596.7478,-118.30088,362.08865,597.6504,-118.34942,366.06454,598.67017,-118.448364,346.72833,596.0659,-117.85929,342.79797,596.44714,-117.82477,339.0329,596.98065,-117.78915,370.94495,607.49927,3.983928,333.95166,606.30585,6.065258,358.66006,613.4192,-96.949745,343.813,611.5703,-96.624886,410.62122,690.70215,54.647537,292.05725,681.5827,57.99977,422.0961,767.71967,70.7584,273.33218,760.4883,36.730164,432.83347,845.81085,-11.270384,266.90552,828.2441,-103.0666,440.88058,862.15155,-39.3493,260.2089,848.26996,-142.14598,439.66327,860.7672,-74.07036,265.15012,847.2195,-171.72743,433.11505,854.6273,-28.745485,269.95398,841.4315,-120.74336,382.2657,851.8031,-5.393411,308.10727,849.6621,5.4586935,378.0516,1001.239,-89.136024,293.565,997.0521,-65.46764,380.47543,1154.507,-7.2192783,288.0959,1151.3362,11.964076,369.8592,1175.7667,-9.373917,296.94287,1175.3538,9.17723,395.5191,1198.5393,-178.42911,258.443,1189.233,-149.52316
pesas_down
WhatsApp Image 2024-11-15 at 11.00.05 AM (1).jpeg,pesas_down,381.50723,354.03763,-105.42147,381.07275,333.4624,-96.98295,379.77963,332.5232,-97.01675,378.291,331.34076,-97.06329,378.86145,332.2245,-140.54008,376.04065,330.56076,-140.57115,372.96542,328.7188,-140.64459,355.09793,325.5854,-39.028946,350.25293,323.98605,-236.38647,368.18408,366.15692,-75.60333,365.34302,364.72897,-132.69817,274.80612,403.23938,90.43821,311.38364,415.64996,-325.559,264.05127,542.80615,131.89606,312.56628,570.20776,-329.94418,299.78793,681.5812,121.94698,330.1826,710.7733,-250.39357,294.64838,709.56537,122.786766,337.52432,756.20306,-281.44818,304.56808,714.37256,94.62126,345.85687,756.14655,-278.22894,306.08817,701.15674,107.13759,341.56793,740.8347,-246.55891,277.39407,669.61066,129.95842,302.1886,684.969,-130.0628,300.873,840.0213,267.59177,292.23727,872.94727,-75.30937,272.7741,1015.5191,435.32388,268.34885,1067.3694,-27.611593,259.51245,1049.793,445.91174,253.96146,1086.1534,-30.026459,349.56448,1044.2424,405.9757,363.5025,1095.1556,-135.97061
pesas_down
WhatsApp Image 2024-11-15 at 11.00.05 AM (2).jpeg,pesas_down,387.09637,349.58704,-79.03895,387.1905,329.33823,-71.62655,385.75012,328.40997,-71.650536,384.14645,327.31555,-71.68123,385.1508,328.3586,-119.939804,382.37997,326.85144,-119.9688,379.56052,325.23102,-120.06691,359.7111,321.26144,-19.065872,358.3448,320.5646,-236.8844,371.9176,361.93506,-50.615128,369.55756,361.09686,-113.813614,274.7515,394.23218,120.5312,315.59598,406.26846,-342.99225,260.62686,555.30383,168.5418,312.12503,559.67346,-362.06772,290.16074,663.2379,143.509,331.21802,712.54517,-292.44736,288.4281,712.0187,147.93279,335.51495,756.18933,-325.57553,294.4353,717.15814,115.24119,343.5837,757.98224,-319.57782,289.9213,706.563,126.18814,341.3287,741.97565,-286.9565,270.65018,655.917,146.84541,299.81186,670.58136,-146.89398,296.59503,834.8215,269.86328,295.78125,869.7074,-97.74311,278.30142,1007.0523,435.61047,277.37668,1070.3602,-59.35963,261.71136,1059.5945,445.70358,257.74222,1098.9855,-62.95435,356.12454,1040.0535,404.8226,373.19635,1103.8462,-173.02362
pesas_down
WhatsApp Image 2024-11-15 at 11.00.05 AM (3).jpeg,pesas_down,389.1086,346.6198,-75.87999,388.88757,325.74033,-67.85103,387.55792,324.8439,-67.887276,386.08438,323.7011,-67.90465,386.5185,324.22488,-114.192474,383.6278,322.33362,-114.235794,380.73065,320.33997,-114.317795,360.85376,316.77762,-8.159884,358.80362,315.15128,-218.40804,375.4551,358.8379,-45.01472,372.9952,357.37912,-105.98472,279.83112,393.7288,127.94392,319.23514,404.55206,-316.1658,256.5704,536.8152,177.5843,313.6542,555.70154,-333.37936,268.11676,672.6594,157.10364,334.04242,706.2339,-258.59988,273.2659,703.85034,159.96468,339.41107,744.54584,-289.3666,281.76923,708.5408,126.997734,346.899,745.915,-284.03696,294.87537,687.7387,139.8659,344.65594,731.60126,-253.24094,272.77786,663.2477,136.52766,300.9074,679.5702,-136.54816,297.81024,834.4083,264.85367,301.18915,864.9579,-90.28661,281.38403,1002.66144,426.94818,281.9669,1065.7385,-49.480953,251.30179,1044.6301,436.9686,255.05179,1104.6827,-52.634525,355.65424,1036.7239,396.10474,374.36664,1103.59,-162.4078
pesas_down
WhatsApp Image 2024-11-15 at 11.00.05 AM (4).jpeg,pesas_down,394.97,321.77,-122.652245,394.02097,300.91483,-113.971695,392.93112,299.53537,-114.03342,391.664,297.85623,-114.11951,391.47574,300.6341,-162.41423,388.6672,299.09308,-162.45752,385.52948,297.34042,-162.54463,367.7081,291.20163,-48.31466,360.5365,292.52148,-267.2469,383.44705,333.99176,-88.98491,379.47272,334.1596,-152.40787,300.51218,377.61902,100.94948,325.76862,390.43402,-360.80862,296.23755,520.50006,175.19414,320.21475,544.3329,-371.59525,308.89294,650.5183,170.5678,346.44724,691.6876,-283.12558,311.1413,686.6997,176.39474,352.00293,731.67993,-313.0042,321.7328,695.49286,143.39699,359.53284,733.0236,-304.5304,322.40976,680.71075,153.77089,356.4654,717.6726,-276.48163,282.54803,632.5257,141.6545,308.59286,649.3976,-141.71281,312.04138,808.6108,263.78323,312.1461,837.5029,-76.18375,297.2935,972.95465,436.3772,297.6262,1041.8544,-2.5207443,281.72424,1012.41364,448.18658,280.1263,1065.1537,-1.3681859,375.09387,1005.26886,405.7003,387.39325,1068.55,-103.276474
pesas_down
WhatsApp Image 2024-11-15 at 11.00.05 AM (5).jpeg,pesas_down,394.05838,320.92407,-106.835495,394.4653,303.21106,-98.63491,392.9498,301.99976,-98.6692,391.1003,300.30344,-98.73938,393.19263,302.1237,-146.9844,390.91766,300.30484,-146.9857,388.16876,298.0973,-147.0853,365.59702,291.5343,-41.008446,365.3702,292.2363,-260.09363,379.0859,333.4383,-76.29443,376.5088,333.0458,-139.63528,288.84567,371.72144,93.88832,321.26443,380.29663,-357.98206,272.98114,525.64874,147.23482,318.8086,539.2574,-372.8033,303.11832,647.7899,133.60393,339.81244,685.4239,-279.04077,301.89746,696.18195,138.3042,344.92285,727.87305,-308.623,314.62808,688.32025,106.52643,352.05118,728.53156,-298.18994,313.23715,677.74536,117.15288,347.76892,713.0478,-271.82584,277.94214,633.66626,142.40874,307.69586,647.63275,-142.56512,301.57663,810.4593,251.79295,304.72327,840.5344,-43.335358,287.16443,985.03516,418.94672,285.7434,1022.46826,79.06164,270.36862,1024.0599,430.05118,270.9169,1044.7507,86.45351,366.2709,1015.48157,388.89108,372.8897,1044.3044,-2.5458176
pesas_down
WhatsApp Image 2024-11-15 at 11.00.07 AM (1).jpeg,pesas_down,318.51944,329.0091,-241.49158,326.3624,311.7826,-275.5995,329.6501,311.11386,-275.59644,333.2136,310.47623,-275.6113,323.44638,311.69327,-221.59068,324.69397,310.88394,-221.60054,326.15567,310.04276,-221.65077,363.80066,317.61963,-355.1384,356.4692,316.3512,-118.03605,332.39877,348.71252,-264.89926,328.21045,349.29382,-195.8518,398.46158,426.2011,-469.18802,373.1421,431.5654,77.77999,382.7966,577.0886,-482.06467,355.1427,567.95557,158.69392,345.15414,700.19824,-439.81607,326.07834,669.8932,83.92148,341.34753,731.27625,-495.87302,316.73068,701.82605,83.486,326.65717,726.17993,-494.7732,315.01984,703.1251,31.174725,325.7539,715.5426,-435.23956,317.71732,693.7826,59.523148,356.8354,683.6948,-158.7002,346.52386,677.7295,158.34264,347.50153,863.58044,-14.251793,347.437,845.6832,310.27267,358.92825,1030.9421,162.8421,348.73245,984.6302,534.51904,377.9736,1065.896,171.40152,356.35934,1010.83203,552.2031,280.88327,1062.8899,37.617603,275.10306,1020.8951,480.6789
pesas_down
WhatsApp Image 2024-11-15 at 11.00.07 AM (2).jpeg,pesas_down,314.94315,330.31192,-240.74118,322.93088,313.00812,-276.34546,326.60825,312.2887,-276.33994,330.34448,311.70593,-276.35626,319.88242,312.85187,-220.28418,321.00708,311.92642,-220.29077,322.36673,310.99258,-220.3577,362.12994,318.55405,-359.50903,353.5402,316.781,-112.67696,329.46082,349.29663,-265.29614,325.14917,349.54248,-193.48914,399.342,424.17963,-479.63016,369.3646,429.84473,85.72897,382.18027,571.9591,-499.0945,351.57672,562.03723,165.56665,345.20566,700.9252,-450.70047,325.48288,670.5036,88.680984,341.46588,732.37146,-506.32025,318.03638,704.3667,89.344124,327.97934,727.7643,-505.1445,317.839,706.4618,36.710575,327.14062,717.3026,-445.62015,319.7716,696.8975,64.09009,357.16397,679.46686,-167.08264,343.25476,673.72473,166.77924,347.48996,861.01697,-44.678978,347.21786,841.3528,319.78543,360.0054,1027.4268,115.66664,348.03983,983.66003,550.64484,381.19907,1064.2118,122.005875,357.36807,1010.5639,568.77094,283.69366,1066.2091,-20.29323,276.00714,1021.45557,492.37967
pesas_down
WhatsApp Image 2024-11-15 at 11.00.07 AM (3).jpeg,pesas_down,316.8417,322.05264,-247.97643,326.1156,305.27286,-282.9855,329.47543,304.64413,-282.9767,332.99008,304.02094,-282.9945,323.71445,304.9474,-227.82326,325.13498,304.15692,-227.82947,326.89008,303.25824,-227.88168,362.40497,310.97296,-364.99127,356.16415,309.76193,-122.616295,330.488,340.79102,-272.29492,327.56754,340.55573,-201.74248,397.48312,421.85693,-478.6727,374.3438,426.20776,72.154564,380.14716,570.13025,-492.31775,359.70377,564.03815,149.29527,347.26614,696.3315,-440.40555,335.55087,668.9429,77.43616,345.49933,728.5486,-495.7732,326.4361,705.2455,78.06372,329.97058,724.7095,-494.02875,324.77118,707.4027,24.810198,328.59854,714.74274,-435.62384,326.12854,696.1499,52.79954,356.88837,673.6793,-160.73424,349.3116,670.2562,160.37755,347.09744,855.78674,-18.162956,349.0693,837.50476,307.23117,357.3739,1031.1956,161.74196,348.72357,983.39844,530.2967,376.11676,1065.0359,170.13202,356.58826,1010.49615,547.7336,278.60785,1058.1968,33.169598,275.19263,1016.40027,472.18457
pesas_down
WhatsApp Image 2024-11-15 at 11.00.07 AM (4).jpeg,pesas_down,316.20657,321.25616,-270.8211,325.3209,304.386,-304.84854,328.7889,303.70694,-304.86963,332.53986,302.98755,-304.91922,322.723,304.05716,-249.3736,324.18616,303.12262,-249.37062,325.9646,302.0039,-249.41327,360.7048,308.35382,-380.8985,354.85272,307.38278,-136.76805,328.95947,340.81958,-293.20685,325.28305,340.96643,-222.1361,396.21176,419.60852,-493.90112,372.54318,424.9623,66.49466,382.03317,572.5645,-511.83954,356.2483,565.5552,147.86002,342.42474,699.9226,-466.24667,328.923,675.53955,61.96883,341.45563,729.81573,-528.5216,323.85614,706.9089,59.08097,328.2757,725.4572,-525.84674,323.01086,708.83795,2.2790926,327.4067,715.33057,-461.58847,324.8381,698.1833,35.31036,355.04672,675.9502,-161.63126,346.94577,671.32623,161.2866,345.17303,855.5828,7.686698,347.06985,836.16547,322.84235,356.65195,1026.1185,218.40704,342.47714,982.65955,555.9589,377.772,1058.834,230.13495,350.5137,1009.9908,574.319,279.05502,1056.7812,95.430885,267.2666,1019.5465,493.94073
pesas_down
WhatsApp Image 2024-11-15 at 11.00.15 AM (1).jpeg,pesas_down,359.4263,292.3733,-181.93608,350.33615,276.5024,-169.7054,348.97812,276.07053,-169.72075,347.44577,275.60986,-169.76814,346.89203,276.02707,-219.18259,343.62872,275.47153,-219.24048,339.9691,275.03247,-219.35666,324.6669,281.77045,-83.392075,317.85764,282.39282,-306.45557,354.28394,309.8413,-141.00357,349.45975,309.20752,-205.3104,302.3641,386.71097,84.47507,287.5397,383.77838,-391.27298,313.27716,528.0123,157.93379,294.17184,540.14087,-418.4929,341.6743,630.41656,114.53558,356.60562,653.71716,-349.5293,356.42093,657.9258,111.669945,370.84692,685.87823,-382.27466,366.14874,662.23706,79.67571,379.1689,685.48413,-377.70923,359.33563,651.06274,96.69641,374.92163,673.18164,-343.92514,317.56113,640.2246,141.39537,312.19244,641.61285,-141.47917,334.14203,797.9025,264.14493,333.32266,822.2991,-79.32119,305.68112,970.43164,440.861,308.39206,1009.4101,9.406154,283.7287,980.3668,452.64178,292.06305,1039.8469,10.685405,365.31894,984.76166,407.69272,395.00037,1046.9811,-108.998055
pesas_down
WhatsApp Image 2024-11-15 at 11.00.15 AM (2).jpeg,pesas_down,366.7039,301.6162,-209.08607,358.00198,283.85025,-194.2958,356.62894,283.31897,-194.32185,354.96204,282.9288,-194.36794,355.61392,283.39767,-245.94016,352.80746,282.6958,-245.97165,349.52905,282.2257,-246.10107,329.73804,288.1007,-101.75212,325.5013,288.9931,-336.36172,359.0508,318.5228,-166.41045,355.24792,318.07022,-234.05211,297.12656,391.1911,68.2983,290.15756,384.38873,-420.56506,304.97827,533.97675,144.49785,296.83972,543.24286,-455.86414,336.5596,630.5664,102.37113,361.56552,665.86816,-405.18973,354.03662,662.77655,97.56284,374.18515,697.70337,-445.60535,365.93503,662.86896,65.837,385.69382,695.06445,-439.2265,358.99002,655.3274,84.596596,382.1314,684.85474,-400.0389,313.49722,646.68176,145.71758,311.6353,649.5777,-145.84003,333.9088,798.42194,351.98395,326.49948,828.9905,-53.90068,305.79996,949.7394,602.39166,311.46872,1013.6331,62.315224,296.88577,964.30817,622.15326,295.1466,1043.2521,66.67912,379.34406,966.8466,579.92694,397.13144,1044.6077,-57.49596
pesas_down
WhatsApp Image 2024-11-15 at 11.00.15 AM (3).jpeg,pesas_down,368.1016,298.83282,-170.44838,360.0286,279.86322,-157.10005,358.6615,279.16602,-157.10825,356.93924,278.6226,-157.1439,357.2267,279.36395,-208.49443,354.04703,278.45392,-208.54782,350.39236,277.77512,-208.66618,331.25433,283.00146,-69.22755,325.6528,283.70898,-300.9927,359.75327,315.02344,-129.11946,355.99594,314.33405,-196.02815,298.7613,384.30954,96.868065,285.87674,376.4467,-389.1146,305.14566,527.0194,163.32498,289.41672,532.6727,-412.89874,336.0996,628.49023,115.947365,353.4486,655.70123,-333.72955,350.93527,657.60266,114.47591,367.39508,689.8738,-365.0941,363.91473,662.6459,81.81956,378.49127,688.37396,-359.01913,356.25507,650.78925,97.61144,374.4047,676.3659,-327.124,306.4021,635.581,146.0429,301.56992,634.1652,-146.14551,321.9402,798.0057,224.23613,325.61414,822.56616,-75.25382,300.54123,972.6914,374.41776,304.20886,1007.9968,26.30251,285.03387,1000.27234,382.4589,288.75766,1040.3566,28.277985,369.4388,990.42816,323.13745,386.98178,1041.1453,-91.916245
pesas_down
WhatsApp Image 2024-11-15 at 11.00.15 AM.jpeg,pesas_down,364.298,297.84286,-200.41132,355.11624,280.38672,-186.39722,353.79346,279.8225,-186.43552,352.2182,279.35715,-186.5027,352.34552,280.10742,-238.61174,349.25412,279.48148,-238.66177,345.89383,279.10065,-238.80795,328.71915,285.2481,-96.43939,323.1918,286.51718,-331.1514,357.75568,315.05972,-158.20474,353.8821,314.6352,-225.91678,304.88184,392.38892,74.45322,288.82074,386.8188,-417.09583,313.4693,534.97766,149.06926,298.4254,544.27454,-439.06525,341.20532,637.93317,105.7859,361.8666,666.26587,-371.43906,355.96796,666.607,100.54539,375.29138,698.09216,-407.55753,368.82193,668.8506,70.25866,385.6907,696.2999,-403.98978,364.06223,658.0648,88.10908,381.64468,685.47095,-366.59094,318.04037,643.1721,146.20427,314.6789,644.2703,-146.32692,334.27783,799.37445,280.02304,333.615,823.9376,-61.144115,306.6976,960.40674,481.02264,316.45422,1012.26105,54.351624,289.9908,988.3065,494.92752,299.62045,1045.5724,58.121387,380.91345,981.718,443.22052,405.8038,1044.1924,-64.55286
pesas_down
WhatsApp Image 2024-11-15 at 11.00.16 AM.jpeg,pesas_down,355.5236,291.21722,-182.43353,347.05078,271.81934,-168.99164,345.4762,271.05157,-169.00618,343.63287,270.42416,-169.05098,344.28674,271.4726,-221.55135,341.03497,270.5951,-221.59003,337.5323,269.97266,-221.71043,318.308,274.5514,-79.40389,312.77734,275.5084,-316.9891,345.93927,307.52322,-140.2153,342.32895,307.24298,-208.8089,285.55075,378.7848,89.98486,273.44824,368.6646,-404.29626,292.65805,521.329,165.71922,278.6187,524.8835,-440.00427,326.3942,623.25555,117.315094,345.2848,648.74976,-379.27457,341.05353,651.1639,115.69943,359.04062,681.95184,-415.85995,354.3219,654.1963,81.17244,370.05182,681.29877,-408.13522,346.80228,644.6142,98.25527,365.2249,669.14496,-372.69864,297.22223,632.1164,147.30493,292.5737,630.682,-147.40932,317.92407,788.1652,255.73369,317.0894,815.6234,-66.38949,292.64258,962.34717,435.25912,296.8522,1000.2471,52.218452,277.20145,983.9862,446.96014,282.59244,1031.0881,56.78501,363.4907,973.9336,392.38623,382.42026,1036.2913,-62.19585
pesas_down
WhatsApp Image 2024-11-15 at 11.00.36 AM (1).jpeg,pesas_down,333.28195,339.29013,-200.75317,327.91565,322.33148,-186.63196,327.0423,321.60248,-186.6707,325.89383,320.74905,-186.68564,325.47708,322.64862,-235.75008,322.65048,322.04224,-235.80826,319.38736,321.2608,-235.94502,305.46066,321.00052,-94.95039,297.60077,321.6635,-316.78186,324.46173,352.14288,-159.09721,321.26428,352.0604,-223.33342,267.08835,408.09485,67.64347,264.20013,406.68707,-397.6079,272.45425,528.60706,142.68889,259.64737,529.6477,-436.48956,302.82608,629.66565,90.21072,296.9309,647.3056,-403.58322,309.83917,655.4761,85.35296,303.58005,671.1135,-444.4334,313.86392,659.1333,52.070404,310.37244,670.28687,-444.65094,311.74496,648.8694,71.461395,308.44415,661.15137,-401.63568,273.6725,627.6788,141.49081,266.84296,629.2769,-141.60092,290.06265,763.16626,291.37723,271.55807,784.9834,-61.317272,269.56314,899.40247,506.331,258.0538,941.88916,51.700256,256.6864,920.5791,521.844,240.27437,971.51697,54.673557,332.19986,927.80945,462.21613,322.48755,966.3341,-73.763885
pesas_down
WhatsApp Image 2024-11-15 at 11.00.36 AM (2).jpeg,pesas_down,339.1713,340.8921,-186.11803,334.35504,322.99414,-173.85976,333.51642,322.0542,-173.87259,332.48834,321.03723,-173.87369,330.76797,323.36328,-219.90256,327.89957,322.83356,-219.97496,324.558,322.35297,-220.08704,313.5532,321.64093,-85.9396,302.48346,324.14798,-294.36606,330.4232,352.48175,-145.55829,325.7278,353.14795,-205.87776,274.18692,405.93735,73.68275,273.80457,404.98032,-372.2916,278.82053,531.5611,140.2859,271.67972,528.0885,-403.27094,303.3241,626.4015,83.943054,304.11896,644.9634,-340.12,308.84567,653.2329,80.907455,307.76337,667.67957,-372.92224,313.16806,657.1444,47.602264,313.43784,668.2207,-368.9714,312.21942,646.45337,65.60864,312.73962,659.7602,-335.41162,273.9867,622.31683,139.26944,274.39404,625.70105,-139.41612,284.87717,759.0985,265.41257,274.65485,784.8314,-79.66079,266.48462,899.3375,449.2678,260.51184,940.1923,14.544264,262.1043,918.42847,461.96823,242.10583,970.6659,16.63997,332.52887,936.4434,410.38742,332.1846,971.1197,-97.7181
pesas_down
WhatsApp Image 2024-11-15 at 11.00.37 AM (1).jpeg,pesas_down,346.4254,348.4561,-143.67409,343.6249,332.03702,-129.71758,342.7958,331.02417,-129.7351,341.76584,329.76608,-129.7433,340.64096,331.2207,-178.35022,337.92258,329.8075,-178.41014,334.84445,328.28162,-178.51965,321.34268,326.31073,-36.000847,312.81082,325.94894,-255.3058,335.86108,359.38522,-101.009964,332.57742,359.10812,-164.548,281.51532,407.73993,128.98898,278.8931,403.372,-349.37692,286.60016,530.14246,202.74818,272.23364,523.6166,-397.91382,311.0093,630.1678,148.44604,308.16287,642.9623,-362.68372,314.67615,657.406,149.01381,310.72543,666.2693,-398.83646,319.76523,661.2999,113.417595,319.02783,666.1158,-394.15625,317.6698,650.8495,129.44211,317.90903,657.4463,-357.84293,282.17355,621.199,151.43875,277.2041,622.28766,-151.5081,289.88544,768.18555,213.96436,278.72537,784.92615,-142.08688,271.6394,914.7726,355.83356,262.30405,937.83984,-94.99953,265.4043,931.917,363.13724,244.68991,960.8117,-98.225296,334.13617,948.96545,300.8106,331.7468,966.5001,-217.72388
pesas_down
WhatsApp Image 2024-11-15 at 11.00.37 AM (2).jpeg,pesas_down,340.17432,344.8734,-161.68774,336.17145,326.57593,-148.71446,335.12015,325.55762,-148.73787,333.74057,324.4358,-148.73409,333.49466,326.82373,-195.376,330.73932,326.18045,-195.43292,327.72388,325.5093,-195.54913,313.98,323.487,-61.300236,305.5549,325.33167,-272.6851,330.20377,356.18253,-121.62945,327.12216,355.82056,-182.88338,272.76312,407.23578,94.95244,272.3326,402.36353,-356.32227,281.05286,525.487,163.56549,267.00928,517.9625,-397.98822,302.2627,623.1196,111.19728,302.68094,640.442,-355.20212,309.4459,647.79083,109.231674,306.14252,661.97205,-391.14325,313.7731,650.2819,74.50281,312.4154,661.2505,-387.58658,312.01514,642.3306,92.54178,311.43185,653.07306,-351.18555,276.6414,621.155,141.91728,273.42023,622.2419,-142.04868,287.73535,761.9884,258.36295,276.26443,780.9397,-93.10379,267.86813,902.49603,438.64713,262.87625,937.38885,-12.445331,259.9443,922.8832,450.6743,244.86836,968.42285,-12.107445,338.07007,934.0294,394.71118,332.6911,968.968,-130.059
pesas_down
WhatsApp Image 2024-11-15 at 11.00.37 AM (3).jpeg,pesas_down,337.76462,345.22107,-218.53467,333.59372,327.03485,-204.4176,332.64322,325.99066,-204.41585,331.42743,324.84485,-204.39737,330.33597,327.5848,-254.00607,327.40344,327.1513,-254.07907,324.3184,326.66656,-254.20525,312.3654,324.74503,-106.97938,302.08493,327.53534,-331.70688,329.10556,356.60843,-174.06424,325.16455,356.81964,-239.20859,271.5001,411.15582,64.528046,270.656,407.68616,-412.20505,278.37234,533.1682,144.79965,262.47873,528.1928,-462.71844,304.64795,636.2878,89.48136,298.88763,644.62036,-435.3684,311.13968,663.7273,86.185394,305.71216,668.96857,-478.1884,318.1926,665.98474,48.04625,314.0587,668.5,-476.72897,316.51584,656.73364,69.18607,312.21918,659.7864,-432.35944,281.04727,626.15485,150.28232,278.59564,626.91156,-150.4142,296.26126,767.0783,307.6438,279.50778,788.6946,-80.716576,273.6288,908.2055,524.1543,263.46463,944.3708,12.937045,260.03085,933.08777,539.4885,244.10004,974.712,13.505672,333.00912,940.928,478.50174,333.4959,976.7976,-118.3776
pesas_down
WhatsApp Image 2024-11-15 at 11.00.37 AM.jpeg,pesas_down,339.45792,342.5547,-194.00127,334.32513,324.32538,-180.46886,333.45178,323.34988,-180.48103,332.41174,322.26993,-180.47748,330.90503,324.57965,-227.7186,328.11548,323.92026,-227.79126,324.8424,323.27148,-227.90314,313.38614,322.29294,-86.977554,302.89853,324.25418,-300.6091,330.5671,354.1365,-151.32585,326.05148,354.68304,-213.2463,273.5258,407.72678,76.01631,274.0287,405.82178,-380.51974,280.2546,532.11035,145.78687,267.59503,529.4907,-417.6247,303.21368,629.16626,90.51257,299.69067,645.41986,-363.5158,307.7063,658.26654,87.86483,304.26392,668.2915,-398.64853,312.9864,660.6863,53.10354,310.93512,667.5086,-396.19943,312.03067,650.05273,71.715,309.79706,659.667,-359.4939,276.29077,624.0342,144.71677,274.8968,626.20636,-144.89655,286.30548,766.1741,258.5148,272.36526,782.7512,-83.31176,270.02063,906.62756,436.55673,261.05634,941.04175,11.150696,259.46408,937.3805,448.18057,243.6318,970.986,12.611836,333.58383,940.3063,389.09082,333.15836,971.0522,-106.11002
pesas_down
WhatsApp Image 2024-11-15 at 11.00.38 AM (1).jpeg,pesas_down,349.90735,270.45343,-186.85352,343.02658,252.75879,-172.83832,341.9868,252.15033,-172.86147,340.81363,251.56232,-172.85638,340.40887,253.21983,-221.53734,337.77258,252.93022,-221.59367,334.7245,252.57886,-221.70934,322.17035,253.62505,-79.08699,313.36255,255.51543,-299.01865,341.77664,283.20477,-144.29395,338.53802,283.4273,-208.02534,285.8927,343.68127,86.6252,285.06247,340.8047,-384.7142,298.96866,467.09192,164.29929,279.90866,464.41864,-426.05295,321.1106,567.8639,110.30812,314.47455,583.0747,-386.767,327.33566,597.3148,106.412155,319.52634,608.7896,-426.86838,333.08463,599.9824,70.403076,327.6726,609.1458,-425.82022,332.21066,589.17615,90.54887,326.73987,600.63855,-384.06714,294.39355,564.3969,148.90704,291.11035,566.25415,-149.05763,316.29926,704.592,267.71478,296.55103,725.4505,-72.19765,298.26224,849.1766,460.94843,284.0294,880.0426,40.635025,283.8809,876.9066,473.72394,263.84796,913.0942,43.680042,358.91177,888.8758,410.10254,352.95328,911.3452,-82.01882
pesas_down
WhatsApp Image 2024-11-15 at 11.00.38 AM.jpeg,pesas_down,345.85672,297.9203,-207.5965,339.6754,281.75458,-192.92279,338.3697,281.0885,-192.92896,336.8567,280.1868,-192.89638,337.49854,282.03784,-243.62892,334.95688,281.7498,-243.6815,332.0249,281.28888,-243.80797,317.09683,281.3756,-96.34718,310.82697,283.8666,-326.82922,337.32224,310.08054,-163.79993,334.36417,310.47043,-230.5491,270.73648,366.40826,73.020004,281.44583,365.93597,-411.11728,284.7499,497.0617,149.96361,277.8426,493.1772,-462.60092,311.51535,597.61597,94.70437,316.89395,610.102,-440.8559,319.22928,627.6362,90.76338,322.04617,634.4622,-487.76068,324.8535,629.9227,51.198643,327.74744,633.7719,-486.7051,321.40732,617.3296,73.807625,326.28674,624.58795,-438.69983,296.49118,591.5955,148.15427,293.56418,591.90424,-148.2912,312.27765,731.9898,317.3608,289.68643,748.7977,-56.80287,290.78024,871.5989,550.8325,275.183,905.54016,66.35208,278.16626,894.3037,568.0825,254.40448,937.09973,69.444534,354.41766,904.5051,504.5172,348.8656,934.90936,-68.73923
pesas_down
WhatsApp Image 2024-11-15 at 11.00.49 AM (2).jpeg,pesas_down,394.2805,366.17902,-168.87337,387.3151,348.2401,-154.76474,386.34006,347.76587,-154.78696,385.03857,347.24472,-154.76648,384.4675,348.67053,-201.15524,381.17517,348.3808,-201.20305,377.44006,348.10516,-201.27045,365.40125,351.54846,-66.31005,355.48083,354.05246,-276.15952,387.1059,380.53033,-128.24178,383.75885,380.8447,-188.90591,329.16748,439.64972,82.351746,328.366,437.87085,-354.38348,323.66272,566.3476,136.26315,314.91757,569.67053,-405.40732,336.6141,671.353,86.46373,327.79404,690.714,-388.23602,339.88602,697.2382,83.485695,329.02673,717.86597,-431.611,345.273,699.5454,49.12298,342.23285,716.8079,-425.54675,345.5127,690.39526,68.22074,343.4162,707.1447,-384.54834,337.19424,667.1613,127.88927,338.3775,666.7752,-127.967766,340.14008,808.60095,250.6776,330.09085,825.79376,-8.475527,327.18796,944.9371,430.94864,314.28024,976.7323,131.76949,312.56766,964.3036,443.42203,298.20627,1008.0608,138.16124,385.81693,963.07996,390.7047,385.5579,1004.215,26.361755
pesas_down
WhatsApp Image 2024-11-15 at 11.00.49 AM (3).jpeg,pesas_down,392.38287,365.3036,-185.68562,385.36627,348.43674,-172.21748,384.60803,347.87817,-172.23245,383.50058,347.21344,-172.22485,381.28598,348.87744,-215.77968,377.91913,348.768,-215.83298,374.69296,348.8272,-215.90193,365.7182,352.39014,-82.09583,355.27155,357.00653,-278.878,387.5794,379.7027,-144.48784,383.5477,380.61176,-201.22853,333.239,441.748,73.57903,340.8382,442.1231,-355.0124,336.43225,570.1252,122.565056,335.65347,576.6725,-384.76306,347.0979,669.06396,67.463776,355.48474,686.64856,-334.38147,344.5641,697.0907,61.27418,354.38544,715.33203,-370.22232,354.40646,699.87463,29.95439,364.90833,714.76373,-367.25415,355.7241,688.76654,49.91621,365.62912,704.28345,-331.16205,343.96353,665.7859,130.27061,351.16208,666.1071,-130.4134,350.30917,808.2831,256.98077,343.8767,826.0556,-17.894348,335.11768,943.9935,431.29608,327.10706,974.04846,114.572266,319.54523,966.8745,443.44336,310.25818,1009.6664,120.79119,396.79175,960.15326,392.90668,402.0875,1005.2532,10.136754
pesas_down
WhatsApp Image 2024-11-15 at 11.00.49 AM (4).jpeg,pesas_down,376.5298,359.15387,-171.0886,368.60898,341.50467,-158.66469,368.0364,341.39972,-158.67787,367.33203,341.45358,-158.66273,364.43915,341.90414,-199.8429,361.52597,342.25165,-199.88971,357.8818,342.96088,-199.92259,350.5622,349.14658,-75.03946,337.63995,353.07318,-260.83914,373.24454,375.38132,-132.6459,368.0421,375.59818,-186.23955,324.89923,438.7828,72.10278,324.72043,439.58813,-336.06723,325.89062,565.93164,118.081635,317.64072,574.3024,-364.86926,335.70416,666.01013,69.94967,338.4032,688.4561,-313.27692,335.6051,696.54816,66.56116,339.3766,717.31274,-345.44067,344.97733,698.7729,36.386635,350.9722,716.9795,-339.79083,345.21307,688.1599,53.422092,351.5773,706.0242,-308.87112,336.22403,661.59595,122.99535,331.7959,663.256,-123.11641,340.47934,803.2781,229.66376,328.13373,822.55945,-18.888363,322.2662,938.83484,381.76605,311.43964,969.82697,99.92507,307.0247,964.17236,392.01678,295.15292,1003.1229,105.19094,387.33112,963.529,348.4185,386.56274,1000.5767,4.6556315
pesas_down
WhatsApp Image 2024-11-15 at 11.00.50 AM (1).jpeg,pesas_down,375.99472,364.1822,-146.33856,367.44937,349.15817,-132.9235,366.46872,349.03033,-132.94246,365.31958,349.00668,-132.91908,364.17957,349.12854,-173.92468,361.44446,349.17688,-173.95804,358.4698,349.37244,-173.99287,348.44052,356.2701,-46.9802,340.80505,358.2454,-231.68343,372.02182,380.7228,-107.247154,367.91092,380.62964,-160.57904,323.32895,445.23746,102.319046,327.8609,444.21478,-315.2243,329.17535,573.4569,139.05013,324.60876,577.60156,-351.26062,341.28177,667.4033,87.2608,341.0532,697.4183,-295.04236,341.7715,699.7119,85.873344,340.9666,725.6876,-324.9541,350.4915,702.6687,56.0071,350.85657,725.921,-318.25226,350.77664,690.58765,70.37698,352.45166,715.3482,-290.0215,342.8603,670.93176,125.25487,338.81143,673.63086,-125.420395,338.89383,811.0321,220.84969,327.7443,831.0306,-28.182875,317.41644,947.3187,367.52682,308.70828,978.7671,85.90701,300.0857,969.251,376.80347,293.0831,1010.33875,90.24713,382.5218,972.0411,328.25238,382.12952,1009.3421,-12.905404
pesas_down
WhatsApp Image 2024-11-15 at 11.00.50 AM.jpeg,pesas_down,369.64536,357.93796,-242.92685,363.19235,343.65054,-223.5125,363.57718,343.53162,-223.48514,363.73697,343.3985,-223.47928,356.5282,344.83783,-254.65047,352.26245,345.38455,-254.68062,346.85406,345.9663,-254.6412,348.7729,350.9911,-103.92671,325.29697,355.61945,-244.17827,368.3254,376.38565,-192.21156,360.50266,377.76718,-232.47551,325.96585,443.40704,69.26295,319.83823,444.8344,-309.92725,333.11435,569.96765,118.06563,317.90472,575.5232,-334.2398,345.4395,667.4369,84.94337,337.7085,695.62244,-287.7556,347.77896,697.7139,83.395615,338.18115,723.60486,-317.79636,350.85788,700.38934,55.290085,350.05612,722.43744,-313.51587,350.85776,689.27637,69.770386,351.11942,711.9443,-284.6194,339.42337,667.84485,118.65924,332.0374,670.36066,-118.86661,335.8072,807.54846,224.05914,327.63272,823.8202,-17.054888,317.33368,946.2102,360.0293,307.81586,977.0763,86.96968,299.75644,968.54913,369.13196,289.83737,1006.4686,91.04826,383.35178,970.0748,329.60065,383.78415,1008.12634,-4.395469
pesas_down
WhatsApp Image 2024-11-15 at 11.00.51 AM (1).jpeg,pesas_down,373.45105,360.9466,-179.33232,363.9501,345.57468,-163.7536,363.25046,345.41745,-163.78249,362.3433,345.50952,-163.74962,360.66348,346.03174,-209.37442,357.86078,346.33264,-209.42842,354.67932,347.03772,-209.53352,344.33118,353.95297,-64.9732,336.6301,356.974,-269.8243,370.59793,377.28638,-135.10454,365.91995,378.07916,-194.13234,324.56897,447.1584,103.64185,328.3978,444.68085,-361.09335,330.07144,573.70886,141.88693,326.05908,575.29956,-395.24234,340.99356,669.5497,61.44244,339.61404,695.09283,-330.21423,345.05405,699.849,53.79541,340.5354,723.2325,-364.86282,350.26117,703.67114,21.844885,350.9725,721.68567,-364.12198,350.14362,692.14795,42.66656,351.75708,712.0771,-327.0456,341.41592,675.10596,141.8589,340.0936,676.15845,-142.04532,338.032,816.4184,267.15604,326.9324,834.4486,-21.640442,319.25385,953.186,449.29056,307.33383,983.23456,135.83592,302.4288,977.19946,461.1607,290.11807,1016.58136,144.13358,382.9178,975.3598,401.62708,379.00436,1014.451,29.44431
pesas_down
WhatsApp Image 2024-11-15 at 11.00.51 AM (2).jpeg,pesas_down,374.4853,362.91168,-245.13045,367.18054,347.7556,-225.28734,366.85434,347.53006,-225.27388,366.22705,347.40665,-225.24118,362.3378,348.15524,-265.56335,358.8568,348.32196,-265.63364,355.11795,348.76453,-265.71262,350.02856,354.93497,-104.5048,335.5541,358.80206,-284.0952,372.0497,379.9734,-192.96472,366.9903,380.8379,-244.7615,333.37958,444.73517,92.63659,329.73462,447.46283,-373.174,335.15155,565.1045,141.30927,328.84354,574.54224,-413.63947,347.8287,663.6499,74.83969,344.01852,691.6149,-368.7014,346.8772,695.28357,73.35148,342.84097,719.79803,-404.94812,352.0704,697.6855,41.995354,353.1017,720.02203,-404.8036,353.23288,687.0337,56.68373,354.6052,709.67334,-366.2843,340.28052,663.661,143.869,338.6959,667.3651,-144.15532,340.9236,808.031,256.08878,328.12595,828.1343,-57.378635,320.37222,945.9446,418.53546,309.83548,978.14636,53.007095,305.15106,969.8967,428.2961,293.75104,1014.5712,56.043995,382.88873,968.18945,373.31754,380.51535,1013.61206,-61.426014
pesas_down
WhatsApp Image 2024-11-15 at 11.00.51 AM.jpeg,pesas_down,378.48904,364.48218,-174.9344,370.43787,349.0542,-160.77606,369.9321,348.92624,-160.77982,369.1608,348.9084,-160.76028,365.68106,349.15643,-199.13383,362.4345,349.33112,-199.16841,358.58914,349.61624,-199.18996,352.1631,355.68668,-64.85803,338.63776,359.00284,-237.71541,375.56528,381.2198,-132.11224,369.8941,381.6466,-182.00775,332.44025,444.84625,93.63423,327.8863,443.79742,-318.1787,339.2778,569.31885,141.79425,324.1191,569.9432,-356.84183,349.30338,666.8944,98.6432,338.95322,695.73584,-316.3177,352.03424,696.75,97.264946,340.078,722.9937,-348.61838,354.79083,701.48566,66.355965,350.9737,721.7755,-345.4466,354.43127,690.1177,82.097946,351.63806,712.1571,-313.10425,344.78076,668.2915,126.44107,336.7231,670.0921,-126.62388,340.64136,806.89545,213.8567,326.22507,825.95734,-38.79882,319.69022,946.9986,351.12512,310.83585,977.5287,67.25233,302.4353,969.17065,359.4748,293.87048,1007.442,70.6834,383.53116,972.8777,308.28,382.26645,1011.6234,-35.706364
pesas_down
WhatsApp Image 2024-11-15 at 11.00.52 AM (1).jpeg,pesas_down,392.53568,375.8246,-202.7283,385.00043,358.95828,-186.68126,384.01877,358.60803,-186.70415,382.8149,358.36774,-186.67162,381.69937,358.99823,-234.91562,378.5889,358.73184,-234.9647,374.85535,358.4619,-235.10577,364.48355,362.32568,-85.08486,353.91882,364.41998,-302.4982,386.33148,390.70917,-156.8721,382.78067,391.38046,-219.75671,330.86472,449.7177,91.41132,339.4733,447.0128,-393.59198,329.98306,571.08484,151.85443,334.4096,576.36694,-453.2809,336.30893,676.0294,88.777565,347.15915,692.8978,-438.04202,336.9667,704.0427,86.16098,347.90784,720.8716,-485.88702,345.5087,706.13354,51.186634,358.74927,719.80225,-482.63162,346.84375,694.7006,69.48881,359.2018,710.23065,-435.3605,335.39172,669.27295,148.24702,345.37424,669.6301,-148.4661,344.0432,813.37756,297.0789,335.24335,832.9904,-25.49099,325.97467,950.7612,504.19937,319.86792,983.99805,126.917305,314.8374,969.56573,518.7697,304.96573,1013.35864,133.76352,386.8734,964.78326,456.26355,393.18747,1011.31287,8.566303
pesas_down
WhatsApp Image 2024-11-15 at 11.00.52 AM (2).jpeg,pesas_down,391.91888,374.17725,-219.69545,386.2193,356.72772,-204.11684,385.87778,356.32635,-204.12932,385.27783,355.98907,-204.1021,381.72443,357.0614,-250.00737,377.54898,357.1086,-250.04288,372.4564,357.5396,-250.14566,366.92035,361.06137,-101.4548,348.33344,365.25726,-308.85934,387.02914,389.52484,-173.47057,381.7187,390.71832,-233.35469,326.22467,449.10883,70.77912,334.1347,448.03918,-393.23468,324.68832,571.9497,126.89638,325.94583,578.3379,-453.7084,339.54523,681.8006,59.70122,348.6713,698.0634,-438.877,340.0149,710.0095,53.663235,349.67065,727.1005,-486.19202,352.31857,712.1365,19.269995,361.37085,724.84705,-481.23917,350.42545,701.0196,40.642918,361.63095,714.9524,-435.68332,335.66556,673.1855,143.06418,346.4283,674.75824,-143.17818,351.2971,812.35,299.7573,348.90326,833.978,-11.433625,322.92053,954.61115,506.1795,322.35226,983.819,146.17792,305.8513,977.73956,521.4859,301.726,1016.526,154.59106,385.4474,969.0896,469.40515,396.01065,1016.07605,37.114597
pesas_down
WhatsApp Image 2024-11-15 at 11.00.52 AM.jpeg,pesas_down,387.57504,369.27954,-214.51006,379.88556,354.04556,-199.60844,379.1727,353.8648,-199.62514,378.23834,353.80426,-199.60747,376.38846,354.19986,-246.5763,373.1654,354.03763,-246.63463,369.73285,354.03192,-246.76888,360.29877,359.9565,-99.70821,348.3531,362.51685,-311.09186,382.70703,385.1422,-169.0373,379.02905,385.82495,-230.00917,331.93378,449.24084,75.19528,337.23138,449.71863,-396.19064,333.68854,575.3204,135.73236,334.0322,579.2841,-441.07614,342.15738,678.75867,68.864334,351.94202,696.09485,-400.78842,344.83463,705.4879,63.01141,354.4825,724.80725,-443.87598,352.26013,708.16925,28.000546,364.26093,723.59406,-443.9792,351.9842,697.84094,49.279964,364.35428,714.13336,-398.85233,333.75723,670.608,144.63237,343.89465,670.5444,-144.90218,339.26913,814.92993,292.31183,337.2402,832.929,-5.42857,321.27707,949.78674,495.1254,316.03293,979.6881,176.61816,307.85208,967.51086,509.36154,300.69025,1012.0395,187.40706,383.86337,968.7263,446.02277,388.43533,1007.1356,70.33542
pesas_down
WhatsApp Image 2024-11-15 at 11.00.53 AM (1).jpeg,pesas_down,385.87378,384.8047,-189.24408,380.36908,365.90784,-173.89856,379.41104,365.32974,-173.91502,378.286,364.83575,-173.88023,377.69424,365.98178,-222.06287,374.7766,365.50146,-222.1014,371.16254,365.1396,-222.19576,358.24332,366.4264,-79.501076,348.7044,368.59814,-298.0051,377.66275,398.43185,-146.48065,374.2558,398.25333,-209.7001,312.74625,450.4513,81.31962,319.06192,448.67218,-381.50098,309.36182,571.0874,141.9521,310.02573,579.75555,-438.40692,325.0491,676.47955,93.65464,329.716,697.0135,-423.57608,325.2445,706.85846,93.606735,330.00278,726.65656,-469.11783,335.9792,708.8415,58.720573,342.691,724.4365,-460.64374,335.02338,696.9665,75.05405,344.07437,714.75037,-418.80325,321.68573,676.5256,136.35709,330.5371,678.2807,-136.44484,332.86664,812.3301,300.92618,324.7457,834.62775,-18.435394,312.99103,945.3663,511.76675,302.73627,986.12415,114.34142,299.54074,960.5315,527.5951,287.0175,1018.3978,119.99073,371.23492,968.5879,477.4324,378.03723,1017.2258,5.583974
pesas_down
WhatsApp Image 2024-11-15 at 11.00.53 AM (2).jpeg,pesas_down,391.35287,383.35303,-210.36891,384.93884,364.35468,-195.13777,383.9605,363.7704,-195.15755,382.8425,363.21548,-195.12721,381.65903,364.71042,-246.38632,378.6496,364.4088,-246.43225,375.0313,364.02863,-246.5475,362.9775,365.6369,-97.27992,352.09573,366.8307,-329.09555,383.37677,397.97684,-165.69246,379.3149,397.39862,-232.73671,325.31854,452.4472,73.0977,317.947,450.10156,-413.9866,322.36353,575.3209,146.03041,310.14148,581.7212,-472.40176,332.81528,682.655,89.64645,328.67654,699.9222,-459.2937,335.0287,712.5891,87.479485,328.34436,730.2536,-507.29553,339.1542,715.83466,50.01577,341.07834,730.30524,-503.49655,339.27588,704.6089,69.65616,342.60446,719.90344,-456.14413,327.8414,682.8279,144.28201,327.3488,682.80505,-144.38054,333.38132,820.7148,319.20615,324.96652,844.26807,-25.78664,313.93967,956.2416,548.18115,302.26904,991.77704,117.96865,298.30377,977.6653,565.4616,283.4273,1026.7292,124.52161,375.80164,979.68317,512.38104,380.84763,1025.9546,2.6281536
pesas_down
WhatsApp Image 2024-11-15 at 11.00.53 AM (3).jpeg,pesas_down,395.393,388.29077,-149.74078,388.6856,370.9903,-130.37387,387.07294,370.23584,-130.39934,385.23666,369.50616,-130.34343,387.16415,371.15344,-181.50583,384.6347,370.49457,-181.56784,381.83038,369.84644,-181.7023,364.00702,371.15057,-26.864456,361.7463,371.76843,-258.78568,385.80014,400.96216,-105.236145,383.90518,400.8284,-172.23979,324.7382,448.46826,125.61924,325.43607,443.70926,-350.64062,283.85135,562.58813,161.42372,271.69662,558.64746,-396.58566,326.03986,643.45935,57.840412,327.98083,651.9896,-331.80637,329.1576,668.5376,42.29552,337.07028,677.6568,-367.73462,336.56805,663.8498,12.927682,346.43295,672.70984,-359.54474,335.436,654.3978,38.599617,344.6978,665.048,-325.08435,326.73352,677.50635,146.30534,327.02383,676.80225,-146.25995,337.11755,807.33026,338.0879,325.2278,841.5569,-56.58411,314.08087,940.2493,562.0405,302.7246,996.3519,44.939793,301.58606,967.67,577.82996,288.93234,1027.7225,46.638523,374.57697,960.3802,517.8242,376.7945,1020.1317,-84.613106
pesas_down
WhatsApp Image 2024-11-15 at 11.00.53 AM.jpeg,pesas_down,389.4174,382.32913,-164.81651,382.63858,363.37988,-149.62892,381.4811,362.61877,-149.63731,380.21243,361.8448,-149.58574,379.9813,363.90314,-198.78194,377.00156,363.51715,-198.80797,373.2974,363.07693,-198.90752,360.44327,365.11615,-58.70412,350.9548,367.84113,-280.96988,381.009,396.29114,-122.93844,377.48706,396.26672,-187.17334,317.16513,449.9353,100.289276,325.43463,447.40546,-366.65643,315.65308,574.45795,156.21329,314.54935,576.29614,-429.02783,327.68887,678.3856,98.4116,330.92883,693.41785,-420.0193,326.7694,708.5493,100.53357,330.7596,723.27185,-466.21304,338.34073,711.23846,63.32221,344.4175,721.3334,-455.94836,339.3666,699.8424,79.46321,346.12393,711.97205,-414.25912,324.4694,679.66956,139.8211,341.12512,680.59625,-139.9937,336.5367,823.648,256.83606,355.27432,836.5421,-28.48413,311.22247,958.89374,443.16144,327.24362,981.0724,125.40287,294.75092,982.0215,455.6893,309.26736,1017.0792,134.09673,371.57123,979.148,401.03555,397.87375,1009.60876,32.99639
pesas_down
WhatsApp Image 2024-11-15 at 11.00.54 AM (1).jpeg,pesas_down,396.68832,389.11014,-162.34152,390.57968,370.7634,-143.78471,389.21066,370.0148,-143.79135,387.51187,369.29663,-143.72461,388.80182,371.24454,-194.31898,386.17715,370.811,-194.38431,383.07358,370.45343,-194.48367,367.47028,370.88013,-39.464127,360.87894,374.1597,-269.9052,387.5951,402.93793,-117.37428,384.6965,402.95502,-183.98012,328.32446,450.37903,110.65786,323.90955,447.84967,-352.83813,282.73218,558.9835,150.53873,264.04285,556.98376,-399.98685,328.01935,637.8325,46.314514,323.47235,652.21375,-334.16867,331.97708,659.66705,30.988403,332.44742,675.9049,-368.58215,339.47803,657.1267,-0.63907534,342.45728,672.23083,-358.54413,337.86642,651.6686,26.502998,340.95407,664.39307,-326.42322,324.79385,678.11475,145.29572,324.80838,681.1242,-145.22797,327.34445,811.2306,355.86765,312.219,839.1696,-60.211056,310.2229,939.32654,586.4507,294.5336,994.62354,32.915195,295.76855,965.7972,603.2319,280.57263,1025.1548,33.92883,371.00208,959.04297,544.82996,367.21075,1025.9198,-98.4657
pesas_down
WhatsApp Image 2024-11-15 at 11.00.54 AM (2).jpeg,pesas_down,398.91714,386.94434,-135.20789,391.3688,369.2829,-116.98124,389.69794,368.48517,-117.00012,387.8389,367.7851,-116.93968,389.4095,369.79608,-167.05632,386.4646,369.34143,-167.12918,383.26672,368.9473,-167.25215,366.33054,370.42346,-16.33601,362.27167,372.33313,-243.47008,389.6669,401.5658,-91.64854,387.19855,401.77673,-157.25153,327.12735,448.4345,129.89262,325.6071,444.4339,-330.86362,278.49826,558.32983,162.91049,264.39087,553.17535,-364.91684,324.47272,634.3618,57.962036,321.71198,645.9491,-277.04355,326.41992,656.52466,42.01506,329.89984,671.5757,-305.7961,335.54327,652.0899,15.385673,339.64694,666.98553,-296.8872,332.07147,646.29425,40.050575,338.30292,659.36694,-268.94022,324.51077,678.244,143.51205,325.03946,678.6646,-143.46211,331.2282,810.7201,327.13013,314.54654,841.8942,-64.44461,311.25217,943.61566,537.0348,297.19986,995.8908,25.130692,298.55405,970.2379,551.6119,283.35162,1025.6,25.965717,372.08105,963.66614,494.53888,369.43448,1023.45984,-101.95384
pesas_down
WhatsApp Image 2024-11-15 at 11.00.54 AM.jpeg,pesas_down,396.03748,384.4748,-148.94989,388.53476,368.49838,-130.01967,386.99216,367.8923,-130.03716,385.26505,367.30255,-129.9782,387.29572,368.9878,-181.15535,385.17377,368.72284,-181.20895,382.75122,368.43298,-181.31958,365.28677,369.75922,-27.072388,363.60437,371.50598,-259.61725,387.60315,398.7838,-104.56061,385.6208,398.78156,-171.7934,325.89963,447.44565,125.759514,328.64606,443.3813,-352.77972,280.35522,562.20575,165.96414,270.02808,555.7783,-405.29465,323.52878,641.84485,63.529747,327.50366,652.2,-347.01758,327.74768,666.7429,49.6112,336.38428,676.7958,-385.27628,338.0641,664.7287,17.32153,345.63275,674.0466,-374.263,335.5154,655.006,43.19249,344.5408,666.6588,-339.54776,321.45508,676.0114,147.29556,324.6198,677.9336,-147.22502,333.73978,808.0989,343.19046,319.31714,839.1228,-44.648434,309.01627,930.40466,568.59155,299.49243,995.24994,66.32177,294.43332,960.9567,584.93176,285.10385,1030.5931,69.120804,371.32138,952.50366,526.35895,377.70782,1021.09644,-60.479477
pesas_down
WhatsApp Image 2024-11-15 at 11.01.10 AM (4).jpeg,pesas_down,378.3391,313.06775,-155.64348,370.49838,295.38586,-141.78061,369.38632,294.9545,-141.79799,368.03378,294.53137,-141.83476,367.5404,295.1076,-190.52252,364.27835,294.52405,-190.56287,360.5231,294.01273,-190.66011,343.52655,298.46167,-54.64852,336.94098,300.06393,-275.37537,372.00858,329.85504,-115.39176,367.49985,329.89532,-178.94531,310.6017,400.6738,103.32133,306.041,394.43787,-363.02274,318.12094,542.90765,162.54344,308.80643,551.9288,-394.64246,350.68918,640.7028,112.26433,373.78033,668.1051,-320.99927,363.88083,668.4394,108.5125,388.9417,699.04,-351.18057,377.06967,669.2345,79.43828,398.87537,697.65137,-342.94855,369.81915,660.6274,95.566246,395.06552,687.0013,-313.7909,328.9644,656.5563,139.11186,328.28766,657.8976,-139.16614,344.28018,810.3399,284.2822,347.18616,836.5668,-80.43361,318.21884,980.52234,473.31924,322.23483,1019.2235,0.17211898,304.38455,994.17456,486.45752,306.5283,1047.8248,1.1146588,387.01907,991.0884,445.41998,407.44775,1055.7008,-112.934784
pesas_down
WhatsApp Image 2024-11-15 at 11.01.10 AM (5).jpeg,pesas_down,375.12076,311.16788,-167.87706,366.56244,294.34756,-153.15161,365.09045,293.57468,-153.16739,363.45593,292.719,-153.20496,364.24738,294.7016,-205.66437,361.15085,294.1779,-205.71346,357.5003,293.5949,-205.84804,338.76968,296.7682,-61.745525,334.39432,298.27988,-298.78476,368.58093,328.13434,-125.47702,364.70782,328.19904,-193.85353,308.67523,400.91864,106.7803,300.0904,391.34628,-391.50592,316.7681,546.3148,171.13907,305.88953,549.9731,-419.7221,354.0776,648.9885,115.48256,373.46524,669.2382,-341.2678,369.79535,677.5802,110.75619,387.86197,701.0493,-374.33893,381.8763,679.3653,78.78471,398.91864,698.9044,-366.9352,375.75067,669.3595,96.9254,394.96304,688.0049,-334.19504,326.12256,653.7499,151.53679,322.86307,654.0307,-151.66963,344.16202,816.9219,251.14368,344.94934,840.4313,-74.63358,324.4997,985.12665,422.3115,324.15027,1025.0159,35.493652,309.1722,1016.2605,432.48877,309.29413,1056.7317,38.24799,390.8326,1004.9671,373.58383,407.74063,1060.2942,-83.73127
pesas_down
WhatsApp Image 2024-11-15 at 11.01.10 AM (6).jpeg,pesas_down,369.8208,303.65298,-163.7594,361.2739,287.42618,-149.34148,359.94766,286.81308,-149.36243,358.39456,286.11664,-149.40086,358.79364,287.60117,-199.78047,355.55927,287.12204,-199.81622,351.78372,286.7625,-199.93687,334.11157,290.95178,-60.438324,329.38968,293.318,-288.2111,363.4879,320.39792,-122.668076,359.14413,320.84863,-188.30708,304.46747,395.58762,104.013824,294.8932,386.92722,-380.47406,313.58282,536.9495,166.85336,296.7778,542.581,-416.6391,345.933,639.6249,117.547485,361.4786,663.379,-349.7678,359.0232,666.493,114.012276,376.14136,696.70996,-383.30847,372.41306,669.19525,83.37671,386.177,695.99725,-375.06287,365.36548,659.99963,100.06796,382.32108,684.5897,-342.7479,319.57895,648.8036,144.22112,317.30374,651.16064,-144.3033,335.35315,807.8562,267.42853,335.3216,835.5313,-81.50015,311.1067,982.2258,450.93533,314.21054,1018.21014,11.694016,296.07425,1002.32513,462.99747,298.42603,1045.8774,13.301351,371.08966,994.3582,414.47278,400.2784,1054.6494,-105.68826
pesas_down
WhatsApp Image 2024-11-15 at 11.01.30 AM.jpeg,pesas_down,372.50015,359.48212,-166.19974,365.54745,343.76846,-152.71237,364.5845,343.18713,-152.7521,363.45224,342.76367,-152.74765,363.08768,343.81683,-200.21667,360.59314,343.50885,-200.25801,357.71652,343.53802,-200.39981,342.54776,347.79556,-68.17514,337.6388,350.1729,-282.8846,367.32346,374.26764,-127.30489,363.75394,374.34293,-189.1991,301.5343,430.5157,81.16592,317.6127,432.8333,-363.30164,300.3505,549.412,129.20355,311.77484,560.0348,-393.34286,318.2001,648.25385,58.491924,341.5649,667.46674,-326.47363,317.49533,677.395,49.87603,344.99786,697.2009,-362.329,331.8666,683.1054,19.092653,353.91724,697.0474,-358.6296,331.2889,671.53436,40.225613,354.7479,687.34125,-322.35062,301.7668,655.6674,132.89523,310.36148,655.67896,-133.0857,311.31924,797.351,270.67822,312.7625,808.4441,-1.1450851,309.88504,925.8151,460.85187,304.11346,958.6658,171.90256,293.60474,950.99976,474.40247,288.0913,993.4961,182.73149,373.7754,939.6553,416.6753,377.5006,986.8236,76.01208
pesas_down
WhatsApp Image 2024-11-15 at 11.01.31 AM (1).jpeg,pesas_down,387.03714,359.94904,-122.20191,380.73334,343.28027,-111.798164,379.5056,342.86353,-111.83904,377.97867,342.46475,-111.85719,378.148,343.05905,-153.36758,375.42017,342.57928,-153.37315,372.49527,342.21625,-153.43576,359.092,347.67114,-41.40037,352.84937,349.02438,-229.95857,381.29297,375.6681,-88.8927,378.23657,375.7995,-143.28561,307.83914,428.13504,88.33554,337.29285,432.6689,-308.1014,303.2623,549.9894,130.67068,332.91248,558.3549,-323.92465,317.68814,644.8121,88.83379,360.25272,670.1665,-227.9276,314.56656,670.6296,85.01121,364.23795,696.9095,-252.48003,322.9816,671.49695,58.863018,372.49628,696.495,-245.15659,320.86255,663.08105,73.61764,371.89136,687.0742,-222.12137,311.05075,652.7363,119.53093,324.02753,653.2987,-119.692055,326.72583,798.1861,247.11273,329.15912,811.0658,9.364478,327.09232,934.23193,408.86447,318.49933,961.23584,164.64363,311.45828,959.30536,420.79105,297.4266,996.6419,175.4901,392.28217,953.3845,376.0688,389.49753,992.7396,90.5584
pesas_down
WhatsApp Image 2024-11-15 at 11.01.31 AM (2).jpeg,pesas_down,389.32675,357.88916,-115.82366,383.10086,340.41776,-105.79008,382.08972,340.12708,-105.81042,380.7776,339.84552,-105.79361,380.25565,340.23697,-145.3399,377.39798,339.83868,-145.36237,374.14343,339.46692,-145.40552,361.6925,344.7006,-34.05677,353.7426,346.0155,-213.91898,383.2473,374.31412,-82.002686,379.94104,374.22266,-133.85284,310.14185,424.93576,101.37024,337.854,431.5354,-291.63812,306.0946,544.7093,137.17879,337.10583,559.89465,-308.71976,313.33588,641.8842,88.78764,364.54346,667.33984,-209.35695,310.3054,665.53467,86.94914,368.78262,691.50323,-229.9048,325.5565,667.0558,60.975716,374.44247,690.53156,-220.81277,328.18918,656.37695,74.006775,373.44336,682.6583,-201.98819,311.57123,650.0819,122.789734,324.78156,652.87634,-122.91161,323.32578,786.5366,261.69922,331.39636,806.71533,-27.514267,318.84586,924.5098,415.50894,317.08743,962.11945,76.63674,306.09473,952.65063,426.8486,299.7341,996.59375,81.544334,388.05356,939.549,396.93158,396.16632,993.42194,-3.9106963
pesas_down
WhatsApp Image 2024-11-15 at 11.01.31 AM.jpeg,pesas_down,385.6794,364.95825,-130.24522,379.86316,348.08765,-120.213066,379.39914,347.83362,-120.21995,378.7397,347.61035,-120.229065,375.24533,347.93396,-154.59398,371.7544,347.76392,-154.59854,367.37366,347.75143,-154.60472,361.55298,352.47925,-44.760174,345.34543,355.45197,-200.32329,381.1485,380.474,-95.02909,375.61346,380.66248,-139.76073,313.96875,431.71326,93.22061,335.51727,437.73193,-274.24994,309.65652,552.6415,122.16227,332.26517,564.6308,-275.59897,321.52048,648.3149,79.04477,362.0108,672.4774,-164.66371,311.83914,675.0092,75.69893,366.6342,696.52747,-181.91125,331.98322,676.77844,52.70711,372.41025,696.3433,-176.91658,333.66122,666.6173,65.36608,371.28168,688.02234,-159.23985,310.5765,655.9026,112.09742,324.42017,656.9618,-112.20855,318.13617,796.8531,228.72325,327.44748,814.11365,-14.466119,314.80118,929.7175,355.0423,312.2012,963.83295,91.74703,302.1265,957.36707,363.55432,296.1085,1000.1419,97.543755,385.04172,944.57153,332.18436,387.47028,995.1704,18.71576
pesas_down
WhatsApp Image 2024-11-15 at 11.01.32 AM (1).jpeg,pesas_down,370.2681,346.44028,-141.44582,363.58954,331.26355,-129.56909,362.50415,330.83075,-129.62012,361.13992,330.4033,-129.63205,361.16473,331.2951,-173.17256,358.57208,331.04126,-173.20712,355.68384,330.7994,-173.3298,341.59488,334.72473,-53.897423,337.52417,336.16583,-250.95378,365.23566,361.50803,-106.13876,362.32373,361.4524,-162.9806,296.99084,415.11185,88.48708,316.3504,417.4911,-330.97308,292.91095,534.9724,130.48235,315.76923,545.1147,-358.36856,307.59192,630.54614,75.82164,341.15805,655.1527,-290.24966,308.65936,663.87964,71.398476,344.17313,685.20544,-320.85712,315.98816,665.4825,44.45103,352.92984,685.573,-314.8729,318.34277,653.44604,60.155666,353.11694,675.23755,-285.0143,295.92752,641.0846,124.41361,304.8288,642.18054,-124.556114,307.61716,786.31104,256.5066,306.31708,802.9872,-29.423761,304.01797,913.59094,433.27573,295.37048,952.2527,96.17391,286.90768,942.3701,445.7643,279.5527,985.8943,102.29317,364.81213,922.53876,400.37604,371.56973,986.51215,-0.06471408
pesas_down
WhatsApp Image 2024-11-15 at 11.01.32 AM (2).jpeg,pesas_down,368.12552,348.74213,-119.264694,361.66498,331.8756,-108.4119,360.3837,331.4947,-108.45216,358.83453,331.09863,-108.44361,359.42773,331.71393,-149.3357,356.8132,331.2658,-149.36842,353.9045,330.84222,-149.46083,339.92432,335.711,-37.603714,334.94846,336.8094,-223.86713,362.6141,364.35303,-85.93196,359.73883,364.2725,-139.61172,290.3156,413.20966,96.70485,320.34824,418.4925,-302.97327,284.5953,532.19824,134.47159,319.86496,545.2911,-326.31076,287.39902,633.8082,87.97175,344.72403,657.1518,-248.05382,293.0538,659.3673,86.13911,348.6224,685.6056,-273.78656,299.81683,661.4908,60.64634,355.386,685.51465,-267.39008,297.24817,653.49084,73.616905,355.0663,674.8424,-242.49654,291.99936,644.2508,123.839615,306.62527,648.30554,-124.02118,307.725,782.4676,289.5286,307.436,804.1835,-26.349192,305.36652,912.1852,473.3332,293.7871,953.8063,89.20423,288.15268,933.86523,487.4113,276.20435,988.0826,95.39228,370.49258,922.0633,458.25497,370.71918,979.0097,7.482761
pesas_down
WhatsApp Image 2024-11-15 at 11.01.32 AM.jpeg,pesas_down,383.1159,350.90387,-139.34352,376.5927,334.94696,-129.68028,375.87216,334.66873,-129.70517,374.9319,334.34647,-129.7282,373.02188,335.28366,-168.62682,369.91217,335.35925,-168.65788,366.40057,335.34662,-168.71317,357.0033,339.76962,-55.417988,345.25858,342.74274,-231.45876,378.3421,367.68927,-104.25061,374.09888,368.03436,-155.02922,313.59857,423.0506,88.0195,334.66986,427.56805,-307.5508,311.45416,541.7545,138.86299,333.37543,555.7142,-312.44962,327.18954,636.62665,101.927986,355.92847,661.9702,-220.12798,322.94696,668.8883,99.1196,357.84708,689.133,-244.44362,335.3426,670.9907,72.33759,365.06754,689.9292,-240.76875,334.51816,659.35706,86.74759,365.25494,680.5014,-215.28026,310.28134,651.4239,114.11071,320.76135,650.25323,-114.20201,323.7339,791.50116,220.81004,327.90448,808.79364,-13.587903,324.543,923.6378,355.56155,315.15335,956.13007,108.336395,307.5512,957.6752,364.3716,295.93042,992.9857,115.236595,394.37915,937.9196,323.27008,392.23538,986.964,26.607744
pesas_down
WhatsApp Image 2024-11-15 at 11.02.03 AM (2).jpeg,pesas_down,354.67923,322.91144,-185.3645,348.0695,307.5703,-168.50247,346.77454,306.98425,-168.52649,345.30673,306.3404,-168.51498,346.11203,307.70862,-219.91963,343.71518,307.24435,-219.95227,341.00302,306.79828,-220.06673,323.66217,309.2697,-72.50979,319.9362,310.642,-305.38058,346.6159,336.58752,-142.43321,344.2884,337.24377,-209.56158,281.05374,390.54224,86.7643,292.72192,394.10583,-393.13934,280.35825,516.6099,132.06349,295.95416,527.74316,-431.87332,312.67343,608.9362,46.284077,348.61984,632.1432,-361.51465,314.34604,629.8251,37.68113,360.52203,655.7212,-400.03696,331.65234,634.07983,6.3116508,369.38358,651.34247,-390.93008,324.9408,621.1753,27.510906,365.42325,644.0583,-354.84573,292.862,615.89075,149.96454,303.90067,618.25494,-150.15862,310.27316,756.2272,322.91302,318.2715,769.4955,9.124504,294.6957,893.861,536.10016,298.23862,918.8976,205.60368,279.95844,917.5284,551.6545,280.14725,952.10785,219.06761,355.6723,915.5846,493.8884,368.55444,952.28735,116.34395
pesas_down
WhatsApp Image 2024-11-15 at 11.02.03 AM (3).jpeg,pesas_down,353.4861,322.013,-209.60957,345.66586,306.33908,-191.59218,343.9793,305.62256,-191.62561,342.16345,305.0411,-191.62785,344.2511,306.8991,-244.08131,341.73068,306.61014,-244.1031,339.12018,306.4968,-244.22217,321.9034,309.50372,-90.388596,318.64807,311.67465,-328.1879,344.23904,336.3482,-164.6792,342.40634,337.26965,-233.20683,280.47983,393.34174,72.0154,289.70462,399.47253,-412.4748,286.28183,521.1905,123.42883,292.49887,533.6645,-451.66357,316.8382,611.5382,42.023937,345.7488,630.6156,-392.33383,319.86423,637.45416,32.391323,360.0968,656.15326,-435.1398,331.85898,636.89886,0.12641172,367.5511,650.8439,-428.63974,329.31366,625.8751,22.938429,362.72726,642.5653,-387.4746,294.27612,616.7361,153.86278,300.83252,617.85,-154.08926,313.15738,758.23944,344.6011,319.06415,770.3755,25.583494,301.67532,895.19226,576.5486,298.75003,920.2169,248.49236,288.88498,915.4819,593.8152,281.9905,952.13257,264.76636,363.40247,910.6011,531.5817,369.55148,951.2794,156.84259
pesas_down
WhatsApp Image 2024-11-15 at 11.02.04 AM (1).jpeg,pesas_down,352.53506,323.51434,-207.25204,344.8493,307.06592,-189.41812,343.14,306.32162,-189.44951,341.26965,305.695,-189.44435,343.3522,307.53827,-241.17226,340.7361,307.16235,-241.19275,338.06033,306.90637,-241.29768,320.5034,309.76395,-87.44624,317.7342,311.638,-322.13565,343.37448,337.5644,-161.97615,341.40768,338.3286,-229.61372,281.02103,393.35822,72.7438,290.04422,398.786,-405.61823,286.64896,521.22656,126.246544,289.77634,533.131,-451.09903,319.3222,611.406,42.880505,346.1045,630.0442,-400.01685,325.77737,636.1189,33.33874,360.05426,654.19806,-444.68048,333.52054,635.54535,-0.16680208,367.8163,649.4072,-437.1575,332.24716,626.54767,23.349215,363.5127,641.2588,-395.03394,295.07172,617.8285,151.78809,303.4975,619.6938,-152.0096,310.0458,758.6494,352.44455,315.903,772.2019,39.25758,298.71976,895.0973,591.2695,298.10327,916.9135,270.5297,285.41806,915.452,609.6677,279.89145,948.0115,287.6802,361.98682,909.15173,547.2468,367.94638,947.2533,179.85019
pesas_down
WhatsApp Image 2024-11-15 at 11.02.04 AM (2).jpeg,pesas_down,348.35367,322.40433,-211.69614,341.54028,304.93982,-194.5158,340.08365,304.3262,-194.54007,338.37256,303.64706,-194.53006,339.2458,305.21588,-246.53304,336.40616,304.83377,-246.55397,333.35916,304.44684,-246.65909,316.41415,306.6999,-93.389305,311.0363,307.9626,-329.77826,339.3947,337.1217,-166.42351,336.73117,337.61673,-234.60597,276.5034,390.75427,67.71744,286.12857,394.8566,-412.17346,281.8673,517.84247,124.971306,288.71603,528.4623,-454.71317,317.08823,604.72644,44.410892,346.2062,626.08954,-396.87802,324.64865,632.1769,34.891445,359.80716,651.32806,-440.60318,332.71478,631.64636,0.4545165,367.47876,646.09937,-432.33908,330.98,620.1417,24.413937,363.12405,637.8311,-391.396,296.2106,615.5645,151.56891,302.96402,617.7346,-151.83946,313.42178,754.7785,366.2227,317.26785,769.3838,53.286728,303.43375,889.7586,620.4511,299.9448,913.0477,298.23495,290.63675,908.0304,640.9466,280.79883,942.5978,317.1606,366.04456,904.969,580.51117,369.6947,948.7792,211.11702
pesas_down
WhatsApp Image 2024-11-15 at 11.02.04 AM.jpeg,pesas_down,355.02576,327.96463,-187.27856,349.27005,309.3449,-172.81485,348.141,308.7666,-172.82465,346.67847,308.014,-172.81978,347.3448,309.72626,-219.9775,344.96075,309.32684,-220.011,342.23666,308.84412,-220.0805,325.41354,309.3092,-83.435135,320.254,311.6542,-297.80917,347.3117,341.64032,-146.69308,344.64893,341.83466,-208.53494,285.0242,391.34406,58.75751,292.1475,396.3654,-368.90338,286.0032,515.5181,104.57431,292.2103,529.27295,-399.14206,320.16818,601.77124,34.82247,349.79944,629.05664,-317.22595,325.74954,627.4625,27.749485,361.10367,653.7351,-349.50998,334.8378,627.18414,-3.8907795,369.55893,649.52826,-340.04822,333.79584,619.0757,16.587992,365.7975,641.4081,-310.42676,298.12006,618.4882,133.75482,305.50742,620.53503,-133.94324,318.1909,755.89124,297.99017,323.3598,772.223,28.0149,304.67236,898.61743,500.6423,305.53625,920.2863,221.25377,289.3949,920.81726,516.15076,288.07666,952.0834,235.00484,365.63925,918.12646,460.80322,374.54663,950.4088,139.65536
pesas_down
WhatsApp Image 2024-11-15 at 11.02.06 AM (1).jpeg,pesas_down,344.0439,318.12912,-136.42586,338.426,301.49454,-125.084,336.63617,301.04102,-125.108185,334.9572,300.58102,-125.11384,339.55457,301.63876,-170.334,338.68576,301.36682,-170.35684,337.943,301.15125,-170.45042,320.4483,304.331,-54.530666,326.85956,306.41647,-259.99374,338.4598,331.69916,-103.02868,337.84714,331.91046,-162.19264,284.9614,378.83545,69.35638,298.9584,388.17813,-338.37646,284.3094,505.44766,105.958015,296.9733,523.066,-371.84528,319.6128,596.5196,33.868942,356.57455,617.96893,-297.65347,323.93317,619.32715,25.836359,369.46567,641.3037,-329.4826,334.47372,616.9516,-5.5604753,376.61746,634.96124,-319.69083,332.06482,610.16693,15.656327,372.7041,627.1381,-291.469,299.07434,609.1834,129.26543,311.43216,613.7383,-129.47571,316.9379,745.63293,300.99472,324.11636,765.80963,27.984184,301.42535,886.1741,500.33755,301.0099,913.2262,219.2213,288.28528,908.5769,516.24414,283.86334,947.05115,233.74004,365.143,907.3246,470.2588,376.63498,949.2719,144.54813
pesas_down
WhatsApp Image 2024-11-15 at 11.02.06 AM (2).jpeg,pesas_down,341.992,299.3713,-208.65442,331.88745,283.57825,-194.94804,330.63504,283.21353,-194.9704,329.37717,282.86127,-194.9761,330.16852,284.3063,-241.74211,327.9122,284.47528,-241.79677,325.28302,284.61652,-241.87076,311.4232,290.24377,-103.353714,307.66885,293.35474,-314.8364,338.352,316.3805,-166.8288,335.35178,316.64676,-227.70558,290.13193,379.32928,47.845375,292.98074,386.05048,-388.31915,289.49084,506.1867,94.02425,289.97076,518.2982,-415.6035,324.9925,593.09045,8.520049,350.01053,615.5034,-328.7245,333.2161,615.5028,-6.5176,362.11423,638.7569,-363.47696,341.66174,613.45667,-38.55374,370.03867,632.6331,-355.97162,338.27023,606.6168,-11.0627,365.67117,624.07495,-322.89972,303.8278,609.7385,137.10083,310.44754,611.3441,-137.30296,315.59653,750.4682,330.4503,322.27438,765.42957,48.289913,298.4347,887.0531,553.4236,296.3203,913.50354,261.2605,285.0054,907.03357,571.2759,279.55966,944.88696,276.65167,359.9658,905.12585,516.9373,366.7698,945.1238,172.25357
pesas_down
WhatsApp Image 2024-11-15 at 11.02.06 AM (3).jpeg,pesas_down,358.58316,322.99292,-216.18031,353.70572,306.36304,-199.37259,352.31134,305.76654,-199.38664,350.72183,305.06393,-199.37054,351.32233,306.59933,-249.3767,348.47452,306.15533,-249.40402,345.5257,305.52792,-249.47272,328.44217,306.24142,-98.51189,323.18842,306.8012,-326.00378,349.15036,338.07214,-171.24342,346.3705,338.17847,-236.81554,287.34625,389.30536,53.36576,292.1372,394.05328,-398.64368,292.1584,517.727,103.0755,292.75842,531.33185,-437.79315,328.22787,604.0634,20.327957,350.14,624.82745,-377.31073,335.57666,629.1973,9.566567,363.48404,648.12616,-418.62808,344.23233,628.13086,-24.031708,370.60928,643.4153,-410.76126,342.31274,618.48206,0.852563,366.9092,635.41064,-371.90878,304.97156,618.0802,143.24864,311.30392,620.064,-143.4354,313.6178,756.349,352.05927,320.27225,769.2528,54.54564,305.90768,890.0717,596.2483,306.3402,914.2987,287.4834,292.6538,909.55676,615.77637,287.8808,946.4395,305.0744,368.1626,910.7708,555.23206,376.615,948.34314,200.24623
pesas_down
WhatsApp Image 2024-11-15 at 11.02.06 AM (4).jpeg,pesas_down,392.87418,370.1548,-159.46129,395.0196,355.1245,-148.18724,393.87167,354.01984,-148.16217,392.7363,352.77664,-148.11739,394.0708,354.14044,-196.17812,392.19937,352.45294,-196.23434,390.24475,350.68274,-196.30942,374.70016,344.1446,-75.00455,373.3244,343.13583,-294.98874,379.21512,377.5959,-124.575264,377.5753,376.23328,-188.37431,313.51566,388.3567,60.287056,323.64777,399.20975,-362.64383,306.29926,513.93933,118.17192,317.22498,526.6168,-396.30942,332.52502,598.5154,68.17151,362.51492,626.61487,-334.08942,341.077,623.5433,72.63883,371.96622,654.29895,-366.114,349.86548,627.9517,35.97698,381.17294,650.5499,-351.6229,346.52948,616.31274,49.558113,378.16513,641.2735,-325.38992,307.10587,610.41205,136.19807,314.7782,616.485,-136.31787,325.77924,747.29065,254.82512,334.98566,762.06067,-13.473519,309.71466,886.3391,433.06152,312.01047,914.333,130.95026,295.17505,905.1761,445.30127,292.71802,945.0068,138.70988,364.63516,902.2229,393.42435,377.85376,949.79675,49.10655
pesas_down
WhatsApp Image 2024-11-15 at 11.02.06 AM (5).jpeg,pesas_down,385.35678,375.0919,-163.79051,387.1393,360.98853,-150.7424,386.29303,359.97217,-150.72073,385.48785,358.8727,-150.67122,386.032,359.89355,-200.94595,384.3224,358.2423,-201.00412,382.50952,356.5368,-201.0886,369.35477,349.96393,-70.36057,366.60974,348.62256,-300.8415,373.2362,382.44522,-126.43376,371.41687,380.68475,-193.29347,308.8862,393.27216,71.37355,318.21072,399.58478,-376.01956,306.1198,520.50525,131.93877,308.6976,523.46716,-422.8603,336.14056,608.76733,68.6624,349.98816,624.0604,-384.48566,348.5726,634.66455,69.901924,364.0488,651.5637,-424.56732,358.45285,634.8406,30.686167,372.5903,645.6886,-410.3682,353.4707,625.9133,48.46954,368.7508,637.2002,-376.4999,304.6682,614.3317,142.99529,311.3306,618.0266,-143.0838,323.40466,752.10846,277.04712,328.57288,767.2629,-25.183264,307.99878,886.8145,469.68127,310.4444,916.8146,116.05532,293.53488,904.97314,483.26016,292.58344,946.98517,123.386086,362.12653,900.5493,427.0274,377.02667,952.8848,24.882998
pesas_down
WhatsApp Image 2024-11-15 at 11.02.06 AM (6).jpeg,pesas_down,360.45966,334.4309,-204.71478,355.12753,316.1772,-189.99344,353.88376,315.55905,-189.99872,352.35333,314.77557,-189.98299,353.92538,316.35553,-236.70451,352.07755,315.89032,-236.71976,349.94366,315.27234,-236.77692,331.94,315.58447,-99.49082,329.89117,316.75504,-313.1052,352.37454,348.61206,-163.47406,350.53125,348.59833,-225.07109,284.46686,395.36658,51.998405,305.51318,402.46613,-383.43182,286.2523,529.21814,102.08203,313.41763,548.0211,-412.22012,317.14963,624.9012,47.46848,359.646,646.5005,-342.89746,319.48816,647.94666,43.72662,374.87646,671.0591,-379.48288,339.51508,655.3534,10.643763,382.49158,666.5687,-370.58237,334.7515,648.3404,29.637192,378.29047,658.5038,-337.0365,305.297,627.4824,139.60838,316.28583,632.44275,-139.87009,320.59943,761.75226,356.82507,316.7611,780.7772,29.76671,307.44196,897.2565,600.5053,292.04584,932.0394,224.31953,297.58295,917.23663,620.2829,277.402,961.9009,238.20883,366.38348,915.00586,577.1778,360.31564,963.2744,142.62337
pesas_down
WhatsApp Image 2024-11-15 at 11.02.06 AM.jpeg,pesas_down,349.79276,306.36722,-171.09853,342.8702,289.0007,-157.04108,341.49387,288.44098,-157.05943,339.92535,287.8133,-157.05028,340.8779,289.19327,-204.94954,338.40283,288.81494,-204.98012,335.63565,288.3951,-205.05975,318.67938,289.86234,-69.923706,314.68085,290.99026,-287.48682,341.11707,321.48877,-131.39122,338.42892,321.81763,-194.15909,276.55475,372.34338,76.528046,286.64603,376.52655,-364.88763,282.69003,498.03024,128.16913,290.59036,508.88275,-389.39496,320.79056,578.6401,57.46252,346.90005,611.281,-302.9515,329.6134,601.15356,50.993942,359.319,633.6346,-334.6627,337.55353,599.32715,19.55587,368.12558,627.50977,-325.8249,335.41757,593.3815,39.2325,363.42612,620.02893,-296.148,293.23032,598.0106,136.78496,298.24704,599.6714,-136.97665,316.8285,737.1231,293.43323,318.4029,751.77466,21.742533,302.38245,880.69653,490.68958,300.21667,901.9569,212.71587,286.51102,903.6998,505.55682,283.11786,935.5574,226.0319,358.05865,900.77606,450.0522,365.94568,932.3878,129.74487
pesas_down
WhatsApp Image 2024-11-15 at 11.02.07 AM (1).jpeg,pesas_down,367.08945,342.6596,-197.2692,362.03986,325.29556,-182.71996,360.77823,324.67148,-182.74179,359.3157,323.8489,-182.73708,360.01596,325.50134,-230.93907,357.47412,324.9982,-230.96089,354.61398,324.3015,-231.0539,337.5027,323.66653,-92.23392,331.2645,324.63382,-311.67963,357.7343,356.3938,-156.1018,355.21423,356.4541,-219.41,291.73843,404.219,55.718422,303.89218,409.46082,-385.01874,287.75256,532.56647,111.3224,300.25204,541.6245,-421.15298,319.7577,626.9098,44.237663,343.27737,650.0344,-363.70978,327.2647,651.76514,34.581875,353.0806,675.95654,-403.31775,338.29675,652.835,0.795725,360.65866,672.0116,-397.18164,337.33203,644.7185,24.84273,357.84274,663.6545,-359.12164,296.9548,632.7225,135.20943,306.07828,636.17456,-135.40492,313.30142,767.75903,330.6273,319.47073,783.34015,44.07786,290.06015,899.22034,565.7071,290.2072,929.3203,257.045,275.77768,911.7888,584.94464,273.36926,960.9021,272.8315,346.22275,911.47107,531.90344,357.33435,962.0807,169.576
pesas_down
WhatsApp Image 2024-11-15 at 11.02.07 AM (2).jpeg,pesas_down,368.15277,339.57123,-203.01245,363.38345,322.93365,-187.26096,361.77713,322.2487,-187.27977,360.00107,321.41833,-187.26903,361.91934,322.6206,-238.15749,359.45166,321.72012,-238.16237,356.83682,320.66696,-238.26817,336.72302,321.35828,-94.541504,334.70416,321.353,-326.24496,357.1375,352.1956,-160.99483,355.23932,352.21674,-227.91678,286.83032,397.94492,62.48729,300.6817,400.38116,-407.65396,282.88,527.2181,126.193954,298.63208,537.4574,-454.88043,315.66415,623.17346,66.41988,337.6411,645.3862,-415.49057,320.233,651.1865,60.99398,348.0773,672.59796,-460.98114,334.83215,653.45,25.381119,356.08652,668.0941,-454.90036,332.98547,641.7944,46.87152,353.42313,659.82275,-411.3931,291.92505,620.74744,145.59808,302.88007,622.4403,-145.88843,307.65878,760.0598,338.3139,309.67227,775.4269,29.313084,286.50555,897.97217,579.40497,280.7525,923.5847,244.25781,272.88852,912.43866,598.4242,263.71222,953.6386,260.06604,345.51694,915.75977,539.8906,347.4707,961.03894,154.18161
pesas_down
WhatsApp Image 2024-11-15 at 11.02.07 AM (3).jpeg,pesas_down,353.5724,339.71298,-177.29639,350.7132,321.55502,-164.18936,349.42215,320.81793,-164.16829,347.90698,319.9222,-164.13843,348.7779,321.7056,-210.48749,346.1965,321.01822,-210.51306,343.34375,320.1624,-210.57532,324.93134,317.97897,-82.35093,320.5622,318.57733,-293.72256,342.8912,352.26285,-139.42781,340.3036,352.17657,-200.42046,271.51428,390.79645,58.53706,285.8976,397.74765,-363.33667,264.76404,519.17163,104.60104,282.64404,532.7185,-393.1708,295.0359,613.96936,52.745094,319.82755,637.8935,-326.91602,306.6764,651.17365,51.361286,330.8224,666.15045,-358.22018,309.38324,641.0686,18.972393,339.36548,662.8997,-350.15717,309.92358,633.0679,35.318455,336.60382,654.36426,-320.49796,274.92197,615.0452,130.61295,286.6922,616.56866,-130.79724,289.01428,753.26996,274.9543,297.77573,768.40076,-2.149801,269.16324,894.7198,459.34692,270.4816,918.07495,150.53432,254.05603,915.0917,472.564,253.21718,950.2886,159.94507,329.62054,915.18494,423.46866,339.60934,954.03186,69.13435
pesas_down
WhatsApp Image 2024-11-15 at 11.02.07 AM.jpeg,pesas_down,356.38184,330.748,-211.99202,350.87253,313.41885,-198.5092,349.54688,312.90457,-198.51662,347.97797,312.34045,-198.51677,348.8036,313.42688,-243.74557,346.23886,312.89767,-243.76274,343.20743,312.27896,-243.81114,324.31863,314.46466,-111.05678,321.11255,314.51395,-317.8181,347.60583,346.11975,-172.0791,344.8446,346.39682,-231.58525,273.52338,398.22934,37.748306,295.882,400.97534,-387.55554,272.0736,528.86816,79.92833,305.10025,549.5718,-411.25787,312.34766,619.7674,20.295395,356.63925,653.53674,-324.5416,330.5567,649.22815,14.255788,367.75244,680.4142,-357.33362,339.3823,650.4612,-17.213293,377.1278,677.813,-348.43253,331.19647,634.27637,2.629375,373.41223,668.42773,-318.42078,295.67957,628.5351,133.89189,307.4405,631.4244,-134.08226,306.96243,766.21216,346.82635,306.0996,783.8767,35.83709,294.918,898.8321,575.92505,289.59955,930.23926,227.45767,281.26218,925.1505,594.73895,273.8562,963.8353,241.3148,358.05762,920.89795,554.957,360.48248,966.4795,148.94865
pesas_down
WhatsApp Image 2024-11-15 at 11.23.20 AM.jpeg,pesas_down,404.74014,233.35619,-371.91174,412.98407,215.96588,-365.5182,418.01602,215.55649,-365.50238,422.6788,215.0904,-365.50848,395.17017,215.93697,-367.3657,389.21268,215.6651,-367.35526,383.57626,215.4317,-367.34564,428.7165,214.96841,-252.41623,374.07632,217.35431,-263.23087,413.90164,245.81831,-321.86154,393.84674,246.45584,-324.91272,473.21518,295.6034,-144.9578,332.4488,301.24353,-172.02203,478.5514,414.18683,-43.319683,326.9222,422.6819,-127.09792,503.37082,518.3997,-87.40408,308.62918,523.49756,-192.26643,516.1585,547.9866,-106.225624,298.6187,555.37946,-219.07698,511.69275,548.1771,-151.35245,304.49066,555.7025,-262.43024,504.29056,540.1313,-105.25967,310.64868,546.2643,-210.78416,444.98578,508.72968,0.96126926,367.69177,507.68787,-1.2065831,451.1638,670.8484,16.535784,365.93243,673.7069,6.549875,459.9146,819.0241,123.5524,378.00394,816.70703,118.086716,446.67877,836.15344,124.33367,390.40433,834.0233,120.84472,463.7799,876.53613,-16.926325,373.98203,878.8901,-18.692158
pesas_down
WhatsApp Image 2024-11-15 at 11.23.23 AM.jpeg,pesas_down,410.13464,247.72398,-494.82526,417.05484,230.95798,-486.0813,421.6814,230.574,-486.05566,426.28317,230.32443,-486.0625,399.96274,230.47812,-489.44547,394.12628,229.94043,-489.49377,388.59158,229.62317,-489.50696,431.29208,231.0824,-344.91718,377.6486,231.40002,-361.36917,417.89264,259.76038,-432.8499,398.8847,259.84866,-437.6421,475.0855,308.37064,-196.01166,335.36218,312.30402,-233.82272,487.32138,423.57407,-79.331726,326.68536,431.7712,-167.8374,501.57535,524.74713,-159.67522,308.96353,532.4728,-254.81097,513.0187,555.454,-184.18498,299.91483,561.8023,-288.28287,510.2995,554.2249,-235.82904,304.61166,562.2672,-334.96075,503.01096,546.2667,-181.40837,309.7457,553.84393,-274.73926,446.40353,518.2336,1.4170316,367.92776,521.02673,-1.5724157,447.26144,677.42896,17.645363,366.0597,674.1092,8.570648,459.6314,821.5239,202.03566,374.64288,827.5088,179.95448,450.70416,835.0416,210.00954,386.02432,844.8115,187.35612,459.52634,877.753,52.718124,369.77655,887.46533,24.77526
pesas_down
WhatsApp Image 2024-11-15 at 11.23.24 AM.jpeg,pesas_down,403.06665,243.13937,-309.89493,411.06943,226.57047,-303.3647,415.97513,226.37735,-303.3509,419.91318,226.3931,-303.34955,394.03113,226.39366,-304.85385,387.9376,226.38765,-304.8878,382.0894,226.7476,-304.90295,424.89465,230.04797,-207.48003,372.76566,231.48486,-217.98405,412.48953,257.00558,-269.0189,391.6212,257.2434,-271.88382,469.51743,312.67096,-129.12868,330.23978,316.22272,-160.43694,476.24802,434.65103,-46.5238,322.47156,439.26367,-130.71075,499.88657,531.95245,-68.81529,299.9931,544.4704,-175.22707,511.86456,562.5545,-81.36319,289.5673,574.8807,-197.2182,508.63797,562.82434,-120.51646,296.43918,576.028,-230.43127,501.43515,554.7334,-84.270386,302.44073,566.16003,-189.61453,443.50876,525.5347,4.283903,364.34152,526.926,-4.632932,449.09796,680.7916,38.204914,361.7376,689.4856,15.53883,457.34543,825.5862,136.04227,374.30896,829.223,107.94444,445.39154,841.43066,137.45303,384.64328,846.76605,109.35506,462.46515,883.8461,26.728184,367.25296,891.27454,-9.856766
pesas_down
WhatsApp Image 2024-11-15 at 11.23.25 AM.jpeg,pesas_down,381.9224,243.30649,-259.4047,386.0859,227.01662,-250.93849,389.89612,226.995,-250.93259,393.86328,227.14537,-250.90662,370.0432,227.8747,-254.1681,363.978,228.6853,-254.20345,358.42993,229.57596,-254.22911,396.88733,232.3686,-159.4499,347.0431,236.43095,-176.68431,389.75848,258.28458,-221.77383,370.527,258.929,-226.51573,443.10123,317.16553,-96.863754,305.96545,320.65753,-132.8234,454.61703,436.80222,-22.364494,298.1992,443.19977,-105.86946,477.90128,537.4571,-51.128536,277.5845,543.5625,-150.28369,488.65686,567.6706,-62.277096,270.04922,573.7474,-170.97797,485.4096,567.9327,-101.591606,275.9308,572.673,-202.1417,478.49274,559.66425,-66.901505,280.7288,563.8389,-163.83733,420.66113,532.38214,1.8569573,339.81705,532.5518,-2.173746,426.28027,686.51,38.57644,337.69238,687.2035,20.347893,433.33246,824.4241,129.09798,350.01483,835.0812,103.38634,421.4418,840.60944,129.57892,360.57724,852.2648,103.45109,436.19418,883.45734,22.653309,342.55234,896.0712,-10.347647
pesas_down
WhatsApp Image 2024-11-15 at 11.23.26 AM.jpeg,pesas_down,385.64008,248.27924,-375.10422,388.47403,231.74872,-363.71985,392.56894,231.59883,-363.7078,396.56042,231.50963,-363.706,374.88095,232.01921,-369.3671,368.2842,232.35756,-369.39966,362.1112,233.14438,-369.41266,396.13422,236.34732,-241.37479,346.37726,240.75761,-269.79462,390.41016,264.2706,-323.5434,374.7612,266.3133,-331.63904,440.05783,324.82007,-131.56528,303.17114,327.95047,-189.87607,453.39868,440.8287,-26.944372,296.52652,447.9516,-153.27611,473.83612,540.4292,-78.08632,277.5705,549.2398,-223.22899,484.6971,570.9646,-96.84189,268.58273,579.2043,-252.15298,481.95847,570.0681,-142.7519,274.5065,579.5947,-293.83508,474.90625,561.4275,-96.78628,280.13385,569.464,-240.93689,415.86603,535.04425,9.053757,338.45108,535.1318,-9.240998,424.21225,693.98914,13.622295,335.7313,696.3355,-8.06856,430.075,837.23254,158.68571,347.2491,839.0459,131.97916,417.68994,854.58374,163.66757,358.86612,855.7711,137.40332,435.52887,890.28735,25.213076,342.9254,900.5653,-8.579936
pesas_down
WhatsApp Image 2024-11-15 at 11.23.29 AM.jpeg,pesas_down,375.66495,250.93062,-472.1753,383.89545,233.91257,-460.35135,388.70245,233.76158,-460.34576,393.37253,233.38455,-460.34277,366.63614,233.87495,-463.58005,360.8546,233.88281,-463.62018,355.54205,233.88663,-463.64304,398.18457,236.16458,-318.35092,346.14407,237.60109,-335.58798,384.7641,264.55655,-412.08313,365.1053,265.35175,-417.0796,441.7391,317.26147,-177.28923,305.38205,322.35703,-215.42726,457.87466,432.5957,-64.29993,297.23007,441.48422,-152.13844,475.9095,535.12823,-142.655,272.39316,545.9181,-241.93774,485.98615,566.18835,-167.55664,261.97522,575.6321,-274.01312,482.16788,565.6423,-219.8856,267.9873,575.4171,-326.13135,475.36487,557.0882,-164.4475,273.12262,565.7854,-264.15076,416.86237,528.1023,9.334258,338.79852,528.4194,-9.466793,424.5028,685.4176,22.965723,338.9465,687.7114,-8.330978,432.19412,830.97156,177.95793,350.31366,838.8673,141.73645,420.73453,848.3345,182.16463,361.6432,855.5298,146.01567,443.86002,887.64233,21.342876,347.3586,894.17816,-23.014051
pesas_down
WhatsApp Image 2024-11-15 at 11.23.30 AM (1).jpeg,pesas_down,377.85132,251.6087,-455.35233,385.90494,234.29135,-444.6288,390.92133,234.09363,-444.63275,394.84464,233.98062,-444.65195,368.01285,233.82689,-448.36316,362.14346,233.67387,-448.39566,356.08307,233.68634,-448.41046,399.86063,234.8547,-305.21683,347.41345,235.89697,-324.0558,386.96997,263.74326,-395.55798,366.5018,264.15164,-401.02927,442.47418,315.29947,-165.72836,305.01495,318.22098,-207.45789,457.4011,429.31677,-50.048973,298.38232,439.72845,-147.3965,475.18384,533.2047,-125.29801,274.1283,539.5704,-236.08621,488.09616,562.4561,-150.15663,265.2861,570.39264,-268.35867,484.91812,562.46106,-202.09256,270.6303,571.0931,-320.88196,476.7611,554.6177,-146.86166,275.5743,561.0794,-258.5606,417.57895,526.71594,8.582077,338.53342,525.80615,-8.72596,421.14758,686.72394,7.835733,337.41373,689.56665,-11.04285,428.64804,830.0823,173.63991,345.9442,835.5576,146.51561,416.39972,846.48083,179.12149,357.01276,850.1923,152.00084,429.65683,884.0561,17.05761,344.18277,890.3218,-15.596013
pesas_down
WhatsApp Image 2024-11-15 at 11.23.30 AM (2).jpeg,pesas_down,378.02423,246.78311,-465.80255,385.49127,229.23209,-455.27182,390.03134,228.95493,-455.26636,394.11368,228.61908,-455.27988,368.08887,229.55414,-459.01663,362.0417,229.53596,-459.04346,356.27377,229.72867,-459.04523,399.20547,230.16196,-316.6223,346.02054,232.2882,-336.7136,386.59344,259.2451,-406.5233,366.79623,260.39883,-412.19876,441.7218,311.24286,-174.75961,304.94778,314.64642,-222.26743,457.6624,429.8554,-52.314964,296.36746,436.77386,-167.42415,475.26065,533.56586,-126.42898,273.7596,539.2417,-260.8602,488.16272,561.7068,-151.30214,262.85178,570.2094,-294.28162,485.52078,561.4189,-204.48138,270.12485,569.384,-344.1247,477.30423,553.63153,-148.7053,276.0539,558.8267,-282.29865,416.08395,524.0081,10.835109,337.49954,524.08203,-10.916829,421.82565,687.70667,19.360685,333.6721,684.09906,-5.468499,428.56036,825.6627,200.7592,345.0848,831.21533,161.45163,417.0,839.4121,208.26622,354.86533,847.234,168.21465,436.7935,881.4765,56.607964,339.26065,890.34985,4.233847
pesas_down
WhatsApp Image 2024-11-15 at 11.23.30 AM.jpeg,pesas_down,379.38138,255.34874,-478.37302,386.4998,237.60513,-468.8235,390.86395,237.37093,-468.8186,395.07895,237.19635,-468.8409,369.98627,237.40678,-472.1703,363.99164,237.10867,-472.19122,358.47473,237.0381,-472.19788,399.53174,238.05737,-330.27808,347.6127,239.29222,-347.82712,387.29968,267.49316,-418.33685,368.46732,267.6433,-423.3889,442.75323,317.12405,-188.54984,305.27872,321.37708,-224.11676,457.58026,434.04208,-69.06287,298.10852,442.6373,-160.43742,475.07236,536.03033,-139.71387,272.65283,546.60004,-248.31468,486.2157,565.92847,-164.31255,262.78998,575.04364,-280.34006,482.47302,565.5098,-217.38727,268.1541,575.0575,-332.68936,474.77847,557.27246,-161.74454,273.559,565.42554,-270.80646,417.7832,527.63043,6.276372,340.04764,528.89685,-6.354424,424.70248,686.2445,11.9999485,338.04697,688.8337,-6.022104,428.86313,828.183,189.61002,350.27823,837.24756,150.72186,417.46423,844.7641,196.41986,361.6219,854.04846,156.12933,438.93646,885.96375,45.91169,340.6069,896.1467,-5.9140897
pesas_down
WhatsApp Image 2024-11-15 at 11.25.11 AM (1).jpeg,pesas_down,382.47562,213.62317,-516.6638,391.64243,203.92056,-496.51202,397.06577,204.95938,-496.4973,401.419,205.98117,-496.47714,373.69955,203.11668,-500.84064,367.45377,203.8501,-500.8803,362.1056,204.89456,-500.9057,408.55154,213.95679,-337.49252,353.12085,214.73106,-359.75354,394.10632,233.23662,-453.94684,371.52887,232.23749,-460.29376,449.41962,308.74695,-201.7373,310.28232,310.66003,-242.25116,457.2686,419.0594,-93.613335,293.25247,416.3391,-175.89507,470.4396,520.9887,-197.49918,289.92325,519.74536,-278.17548,487.95197,544.8928,-227.63176,282.28705,547.29987,-317.41827,485.8842,544.571,-284.52786,287.62555,545.80786,-369.69333,477.18872,537.88525,-222.12466,292.85263,537.6516,-301.62518,414.65997,519.52057,5.9019675,333.49338,516.7083,-6.039496,418.35898,674.34094,59.720913,334.21402,677.9224,27.786953,424.69553,814.43494,253.37466,334.3734,819.5783,239.01497,412.2041,835.4019,260.05594,345.42377,838.4042,247.2443,439.02695,875.974,77.62102,315.30347,874.1681,59.779568
pesas_down
WhatsApp Image 2024-11-15 at 11.25.11 AM (2).jpeg,pesas_down,385.06592,222.48395,-493.23447,393.7818,212.80154,-474.5593,399.0033,213.58807,-474.53156,402.7199,214.12346,-474.4879,376.35507,211.37329,-478.53168,370.3186,211.49661,-478.58054,364.53638,211.82483,-478.6068,408.96417,223.60704,-324.60208,355.10626,221.58293,-344.73386,395.69238,243.13907,-433.88242,373.01523,241.11896,-439.58063,448.77026,315.868,-199.85503,310.47906,319.3824,-236.0263,458.94583,423.97324,-102.66938,294.9043,424.984,-176.27403,466.1968,527.0722,-196.16853,288.78748,525.4625,-266.73502,482.88104,550.633,-222.97153,281.683,552.2241,-302.9598,482.43314,549.42145,-274.48978,286.5008,550.9028,-350.79855,473.19415,542.44617,-218.48567,291.96674,542.93677,-288.22736,413.5102,525.4737,1.1211982,335.21887,523.6097,-1.2493873,415.8115,678.0934,62.90382,334.64206,679.21875,27.423136,426.62375,821.5445,246.12132,335.71365,826.80786,212.37206,412.04688,843.08777,252.41713,345.97897,847.4049,218.83847,440.82397,883.3911,81.88124,313.97177,883.96844,43.60012
pesas_down
WhatsApp Image 2024-11-15 at 11.25.11 AM.jpeg,pesas_down,372.04135,212.39975,-408.88882,381.03864,199.56525,-392.55722,386.5798,200.40677,-392.50876,390.85825,200.95642,-392.44623,363.0053,199.77832,-396.57953,356.65057,200.5365,-396.61697,350.42862,201.50276,-396.63116,399.03165,209.22112,-264.43387,342.331,211.55586,-284.73776,383.9318,231.33604,-358.30563,360.58203,230.32346,-363.87448,442.18256,307.48117,-159.74239,298.4542,313.23703,-215.42445,449.6808,424.81042,-58.646576,288.72852,425.80695,-173.3152,461.89468,525.7358,-104.54938,283.79874,528.5268,-239.31165,477.57507,550.0658,-121.62002,275.73633,556.4564,-270.14114,474.79825,549.24365,-165.19795,280.8636,555.0939,-311.26093,466.6415,541.8814,-122.56923,286.28586,547.19855,-257.53815,407.85822,521.64056,6.363083,328.45648,521.0394,-6.575545,413.3945,671.834,72.132576,330.92032,671.4389,40.33951,426.19434,813.3258,230.56245,333.08945,818.3139,214.39359,411.81662,833.8069,236.09578,343.56317,836.5783,222.12949,438.44125,877.62317,93.92506,314.908,876.34985,76.3908
pesas_down
WhatsApp Image 2024-11-15 at 11.25.12 AM.jpeg,pesas_down,382.86252,229.12376,-488.41922,391.4742,220.58647,-469.3518,396.7024,221.42235,-469.3087,400.86554,222.00325,-469.26642,374.4243,218.78796,-473.22372,368.4318,219.04163,-473.25595,363.24445,219.44572,-473.2556,407.32776,230.14502,-320.0553,353.75372,229.07332,-338.59534,393.4616,249.06006,-429.44614,371.77353,247.70592,-434.7581,448.11746,322.77655,-200.6964,312.93796,325.34296,-222.21269,460.19745,431.1761,-100.44362,297.2052,427.57898,-154.87927,471.42703,530.0325,-185.13664,294.83505,529.41785,-243.75774,486.25,555.00977,-210.54385,287.4089,553.77124,-278.9258,484.20233,554.3124,-262.58398,292.05814,552.89764,-328.19553,475.66544,546.551,-207.31763,297.74686,545.338,-266.19156,416.13263,530.2336,-6.2836614,337.55624,528.5936,6.1308393,412.8701,680.10956,62.870396,333.38742,680.7151,30.074022,429.23697,820.4922,267.10233,335.83408,830.1763,210.04207,419.05005,838.7629,275.34244,346.17505,850.37604,215.68143,432.64444,880.97015,100.429146,313.45862,886.0774,39.85881
pesas_down
WhatsApp Image 2024-11-15 at 11.25.13 AM.jpeg,pesas_down,386.4049,232.88754,-493.1916,395.18997,223.20767,-474.1884,399.86212,223.78876,-474.1636,404.55002,224.39827,-474.13202,377.6822,221.59549,-477.9827,371.63696,221.7818,-478.01764,366.28174,221.93535,-478.0245,410.7658,233.17918,-320.67706,356.23752,230.89035,-340.0736,396.33847,253.21649,-432.33987,374.25363,251.60776,-437.83325,449.58054,324.39294,-191.46284,313.4758,326.1698,-224.94507,459.69595,433.74527,-86.558624,297.62247,430.15118,-157.35202,472.22964,534.09375,-173.1783,293.6473,533.0335,-251.78235,489.52185,557.3862,-198.67249,284.97223,556.6548,-288.4028,487.15735,556.265,-253.5979,289.68817,555.76105,-338.36362,478.27228,549.189,-196.64651,296.22284,548.7585,-274.4526,416.57217,535.2341,1.7620133,338.12198,533.74384,-1.8756808,417.01758,684.27374,63.813175,331.96106,684.36127,18.429401,429.7865,827.385,252.09677,333.20868,837.0869,195.39551,414.03827,849.65454,258.6091,344.40683,858.73206,200.21828,444.5587,888.86536,88.39986,309.26547,892.6523,21.758368
pesas_down
WhatsApp Image 2024-11-15 at 11.25.14 AM (1).jpeg,pesas_down,388.37433,235.64467,-289.76456,397.77225,223.04813,-275.14267,402.87527,223.9722,-275.13187,406.64978,224.90735,-275.0812,379.6082,221.62357,-277.1003,373.50674,221.55612,-277.10382,367.6331,221.75519,-277.09576,413.25577,234.44125,-167.61238,358.54822,232.45573,-177.39778,398.34744,256.09332,-247.67049,375.70267,254.75766,-250.2852,453.723,327.89868,-107.22093,313.84662,328.29144,-119.63298,464.18323,436.42725,-44.740665,297.58606,433.24902,-82.33406,473.50577,535.7942,-96.828804,291.014,533.7487,-142.46791,490.08997,560.2282,-114.13954,282.66467,558.4412,-168.15942,486.95178,559.0433,-155.20793,287.60983,557.7725,-205.61403,477.82733,551.70056,-113.59565,293.54303,550.65173,-159.75755,416.6709,536.96436,-4.5416336,336.26804,535.01715,4.3119516,414.56763,689.4961,30.301582,331.37225,689.7279,19.66753,426.53702,831.7145,147.3725,332.8618,837.287,135.95575,413.3442,854.22455,149.0009,343.05896,857.21545,137.51094,432.66376,894.81226,15.691059,308.69586,895.56396,4.419441
pesas_down
WhatsApp Image 2024-11-15 at 11.25.14 AM.jpeg,pesas_down,386.5362,235.71883,-462.8151,395.93015,224.97673,-445.0721,400.75452,225.522,-445.03705,405.9112,226.13258,-444.98508,377.93347,223.69576,-448.16794,371.35635,223.76175,-448.19757,365.9362,223.95541,-448.20734,412.82693,234.79443,-298.95792,356.4292,233.41138,-314.6619,397.2534,255.66016,-404.56317,374.23087,254.53246,-408.9917,454.16046,328.31,-176.72194,315.23392,326.64688,-207.95598,463.77127,438.9159,-74.8426,298.9564,431.42484,-142.01677,475.18683,536.0952,-163.20108,291.29233,529.63385,-235.41682,490.25995,560.4452,-188.1704,284.0775,554.8728,-270.74207,489.40808,559.25665,-241.21092,289.36487,554.2336,-321.43988,481.1028,552.2075,-185.84758,294.7759,546.6205,-258.26184,417.62326,536.6863,-0.97163785,337.9782,532.6979,0.83816,415.97183,687.05786,64.507484,331.99884,684.5263,26.207127,425.3055,826.7938,251.72314,334.35028,835.0117,206.46622,412.5021,847.87524,258.75742,344.90552,854.8696,212.56674,436.11887,889.0642,92.12451,311.09592,892.395,42.022877
pesas_down
WhatsApp Image 2024-11-15 at 11.27.25 AM (1).jpeg,pesas_down,368.4455,245.18074,-388.7954,377.1277,232.72978,-366.35666,381.501,233.03934,-366.44263,386.0842,233.29622,-366.4467,360.71814,232.3719,-371.0307,355.1225,232.5979,-371.03992,350.1296,232.75644,-371.13223,391.96548,239.40283,-214.54446,341.9359,239.16074,-235.9088,377.5051,261.45114,-329.70016,358.1288,261.2611,-335.93268,428.22256,334.22363,-101.0668,301.31424,328.21722,-138.20651,421.11142,434.15775,-32.215794,292.25046,428.35934,-94.69751,425.94278,525.9713,-190.40628,275.78946,518.5195,-234.40868,440.4425,550.57324,-231.93903,262.5211,541.6932,-278.22815,437.61337,550.6841,-281.5098,266.4197,540.8007,-329.40973,430.8286,542.8655,-213.68097,274.23593,534.53625,-257.24072,388.79483,525.2366,4.6623764,319.86334,522.6511,-4.791222,373.889,671.2467,10.867378,330.2702,668.28033,1.8012217,361.90265,800.34644,246.4607,332.18936,803.99756,228.76778,358.17535,810.60175,257.93793,332.69382,814.7676,241.22961,364.07465,852.84125,77.91115,323.6975,850.5063,62.62181
pesas_down
WhatsApp Image 2024-11-15 at 11.27.25 AM (2).jpeg,pesas_down,368.67316,245.44827,-384.4558,377.6392,232.66481,-362.04703,381.78036,232.96634,-362.13104,386.4168,233.29988,-362.13248,360.51318,231.75233,-367.0189,354.6817,231.81984,-367.02002,349.70285,231.84953,-367.10422,391.76245,238.57336,-210.45076,341.74655,237.75359,-233.23529,377.47467,261.18585,-325.4797,357.77594,260.90442,-332.09116,427.48486,333.0099,-96.98558,301.18842,327.8171,-141.42635,423.34506,434.60797,-30.303343,292.7872,429.7319,-103.51759,427.3487,527.52814,-187.53879,276.71442,519.0013,-239.62401,442.40552,553.62787,-228.80728,263.58536,541.2256,-283.17337,438.8884,554.34204,-277.80856,268.72684,541.13226,-334.20856,431.8533,545.9611,-210.65424,276.14645,535.3915,-262.44482,389.1933,525.3541,8.52011,320.54373,522.95905,-8.645902,377.52444,669.3814,20.911688,330.89355,667.06055,6.8174644,363.06082,797.3974,247.00264,332.86215,799.1403,231.07043,357.97333,809.81683,257.5484,333.45233,812.4295,243.07047,366.26767,851.8367,80.3782,323.15997,849.6428,67.21451
pesas_down
WhatsApp Image 2024-11-15 at 11.27.31 AM.jpeg,pesas_down,372.60587,248.73979,-402.71927,380.2625,235.92334,-378.99857,384.39032,236.22736,-379.07617,388.98755,236.68547,-379.06992,363.90332,235.13568,-384.54578,357.90155,235.16478,-384.55643,353.02225,235.45575,-384.63907,393.55045,242.59866,-221.48769,343.7541,242.36075,-247.93265,380.81702,265.19003,-341.9021,361.49887,265.0617,-349.5313,428.5666,336.74707,-108.47415,301.73297,331.9804,-148.82663,423.56253,436.30682,-48.444675,291.06573,433.75726,-106.68179,426.8871,527.58545,-216.24178,275.7437,524.1254,-238.72409,441.22137,551.278,-260.28134,264.15378,547.8408,-282.20346,439.22946,550.1494,-308.89743,268.32648,547.3377,-331.31866,431.5698,542.168,-239.60298,275.70023,540.32837,-260.6781,391.17688,530.4416,9.71436,322.61185,527.93536,-9.85563,380.16614,676.16626,22.93525,332.2284,672.02026,5.3993516,361.65714,801.5897,265.82285,333.2507,803.78,245.49231,356.8033,813.3369,278.50684,332.37512,818.13873,258.73572,369.48935,857.02637,100.537445,326.48853,854.53436,77.72598
pesas_down
WhatsApp Image 2024-11-15 at 11.27.41 AM.jpeg,pesas_down,370.0828,245.87051,-389.16226,377.85617,233.21088,-365.23865,382.2597,233.45,-365.3136,386.74948,233.763,-365.30566,361.80447,232.67929,-370.9968,355.72583,232.7632,-370.9994,350.76096,232.99313,-371.0818,390.96002,239.9626,-209.4348,341.72412,239.99387,-236.832,378.32162,261.964,-329.18015,359.21106,261.89557,-337.055,427.84003,336.44873,-96.401726,300.58084,330.88574,-148.19724,421.62854,436.71118,-31.712116,290.93698,433.27823,-114.33561,428.1686,529.2795,-191.033,274.91006,521.0208,-244.82455,442.0479,553.8146,-232.97017,264.1275,546.7901,-288.53876,438.58078,553.18146,-281.93625,269.5553,545.37976,-335.622,431.3859,545.7165,-214.34848,275.943,538.1753,-265.97897,390.4593,530.6899,14.357323,320.9516,528.131,-14.488656,379.228,673.2602,43.068016,331.74768,670.3421,13.738066,362.73315,799.3726,284.75394,333.4159,806.6013,248.786,355.9156,811.4319,297.85556,331.33008,821.5131,262.19272,369.42856,856.131,128.10968,326.68127,857.18256,86.275444
pesas_down
WhatsApp Image 2024-11-15 at 11.27.42 AM.jpeg,pesas_down,368.8681,250.16737,-392.49985,378.32236,237.46603,-368.7631,382.53244,237.8038,-368.83627,387.12503,238.25417,-368.8324,361.6116,236.61803,-374.57697,355.8152,236.61417,-374.57794,351.02765,236.69838,-374.62357,392.93362,243.86603,-212.8168,342.99634,242.80013,-240.3031,377.80576,266.49542,-332.4742,358.24506,265.97235,-340.3524,426.83667,335.88077,-93.22437,302.14423,330.2382,-154.42912,421.8695,437.39954,-17.368988,292.2157,433.26105,-123.4927,431.19644,527.9933,-158.23158,273.96136,519.98785,-260.21408,445.37567,552.75275,-194.9752,262.2334,544.9377,-305.2302,442.60886,551.50934,-245.31355,266.38242,544.2897,-351.7916,435.0007,543.2887,-181.80244,272.6322,536.7309,-281.60913,386.31937,530.7987,14.001878,318.77292,527.39923,-14.100354,377.5458,672.17786,42.08033,327.9029,666.7401,10.707231,363.46152,801.7023,260.10403,332.8291,802.6386,226.86551,358.089,815.3926,270.63232,332.83902,819.16565,237.9611,372.50406,851.60736,103.05579,326.3901,851.6929,63.682762
pesas_down
WhatsApp Image 2024-11-15 at 11.27.47 AM.jpeg,pesas_down,370.82883,246.79843,-409.18793,380.26166,234.07661,-384.7713,385.18933,234.40443,-384.84085,388.9433,234.78975,-384.83014,363.07248,233.5126,-389.50085,357.71857,233.61406,-389.51425,352.21094,234.1437,-389.59042,395.47287,241.50368,-227.26044,345.7508,241.89369,-249.74979,381.1419,263.875,-348.9287,360.90112,263.77835,-355.43628,432.4543,337.8604,-117.92015,304.15103,330.95474,-158.24596,427.4968,437.22693,-60.602848,295.5078,430.5554,-122.90451,429.55084,533.7079,-215.70305,282.2741,520.6233,-254.68597,443.16864,557.99316,-257.14133,270.506,546.1495,-298.15625,441.0321,556.7448,-304.89682,274.57388,545.8986,-344.98703,433.62454,548.6781,-238.37811,281.90906,538.4241,-276.0465,392.61197,533.7198,9.071192,323.92136,529.5809,-9.17115,381.24182,674.1129,28.438356,331.3651,670.5926,9.1231165,364.96573,802.2705,263.4211,333.94446,805.1271,238.00458,361.0753,816.1388,275.5059,333.68164,822.307,250.13286,371.9726,854.3,102.56372,328.54675,854.42554,72.39216
pesas_down
WhatsApp Image 2024-11-15 at 11.27.53 AM.jpeg,pesas_down,367.96738,249.01411,-376.3322,378.04596,236.483,-352.94513,383.13876,237.08295,-353.02643,387.17657,237.55678,-353.02524,361.53342,235.44043,-356.64685,356.60104,235.32951,-356.64343,351.63278,235.34467,-356.72043,393.62915,243.86688,-201.74542,345.87378,242.21228,-219.07619,378.3485,265.91797,-318.36258,358.30627,264.61746,-323.3635,430.86914,337.48352,-96.344894,305.15274,332.30627,-131.85558,426.88434,437.06497,-33.84503,295.76978,436.2063,-98.93728,429.71838,532.00433,-184.26175,277.99792,524.11523,-233.80875,444.33197,556.2852,-224.7295,265.2914,548.4929,-278.14252,441.40033,554.82874,-272.19772,269.003,548.3718,-325.32016,433.7919,546.8226,-206.70444,276.35742,540.8121,-255.5916,391.63608,533.34955,6.5358586,322.96033,529.6848,-6.667716,381.67792,675.8167,28.68858,334.60883,672.12805,20.714914,363.61108,798.23395,287.5931,333.7552,804.81995,266.2437,359.0057,810.12427,302.6412,333.08487,821.5287,280.97363,370.4635,852.8872,133.09706,327.62335,855.2123,107.27758
pesas_down
IMG_20241115_101951.jpg,pesas_up,451.6876,108.38287,-314.7284,459.6798,96.68095,-284.43506,464.3566,97.12135,-284.5603,468.61356,97.7161,-284.72424,442.76065,96.50543,-293.27988,436.4534,97.06646,-293.2237,431.2969,97.738266,-293.24698,476.8984,107.83199,-97.07392,424.10034,106.358986,-136.80998,462.12512,124.664215,-242.8258,441.53903,124.99081,-254.68555,510.0128,202.64471,16.238173,380.38757,198.87909,-31.9703,518.2613,314.0935,-38.189007,363.72934,305.8925,31.80049,492.384,252.6611,-262.9242,409.761,358.3875,-6.567877,472.78906,258.08063,-320.04852,422.9183,378.41953,-36.03716,489.42426,207.58286,-323.16754,423.20755,369.05615,-66.229164,495.0806,208.0323,-272.0639,420.0813,360.1742,-19.292952,481.50217,412.36386,14.821337,405.05438,411.5537,-14.588386,480.14008,586.015,-3.5868144,417.30588,583.8602,-26.010292,493.17398,751.68634,234.14961,420.3561,755.4538,213.6369,482.50348,772.3059,246.03888,426.05847,777.5719,225.22052,502.69327,807.6476,21.04898,418.13577,805.73315,3.4203498
pesas_up
IMG_20241115_101952 (1).jpg,pesas_up,450.4277,107.52758,-284.35577,458.4857,95.379715,-252.75444,463.23264,96.02917,-252.89507,467.3661,96.91261,-253.06189,441.35776,95.07294,-260.61252,435.17014,95.4541,-260.54248,429.99445,96.10779,-260.54752,475.6253,107.87933,-66.795456,422.01965,105.41073,-101.132164,461.0743,124.299164,-213.95995,440.01266,124.51206,-224.15245,510.31952,201.18285,37.79308,380.48486,200.62431,-11.361678,519.534,315.78885,-40.52685,365.3387,308.62238,25.635294,492.3214,253.03397,-287.87958,403.14066,326.18118,-38.374325,478.67834,254.32623,-350.0327,416.61792,348.27786,-75.57681,488.25696,224.16553,-352.88864,414.42566,336.7093,-105.53621,489.16553,224.62103,-297.8151,417.40863,329.89386,-52.514427,480.53125,414.58368,14.554722,403.2882,413.9499,-14.333128,481.3103,588.29285,-8.817398,418.1576,589.17365,-26.89187,494.02832,752.8761,228.58075,420.10608,757.9547,207.06424,482.88458,774.26605,240.26831,425.8724,780.8502,218.43355,505.40646,807.9441,14.482829,415.5157,806.8106,-4.427804
pesas_up
IMG_20241115_101952.jpg,pesas_up,451.4745,110.10208,-208.77583,459.19797,98.30402,-173.03134,463.7743,98.79074,-173.17484,468.05286,99.41582,-173.37315,442.1376,97.93575,-182.32414,435.83,98.42945,-182.25934,430.55396,99.07551,-182.24072,475.54688,109.417,25.970543,422.38034,107.776566,-18.389828,461.50372,126.52994,-133.94576,440.828,126.50133,-147.02817,507.8507,204.20279,129.16786,379.86353,200.74068,63.7632,515.2359,316.18723,-13.92356,365.71384,310.1961,10.406394,502.7829,220.69212,-280.27985,405.469,328.8353,-154.11765,498.94507,193.77914,-348.5087,416.1281,340.86676,-202.02594,504.07397,182.43723,-339.05545,415.45477,329.68665,-227.09943,502.52267,192.7062,-286.86407,412.48315,324.45044,-168.91148,479.5192,413.28284,26.285252,404.1232,413.14777,-25.9785,480.0925,584.34656,-2.515357,417.49747,586.99634,-50.14701,493.7351,750.61005,248.26573,422.26788,754.1351,202.55704,482.2892,772.5569,262.11392,426.7771,776.725,215.55528,507.2016,807.3467,44.12142,419.50192,804.58093,-6.284239
pesas_up
IMG_20241115_101953 (1).jpg,pesas_up,451.47363,114.93805,-176.07332,459.78745,102.45907,-141.09172,464.73618,103.23982,-141.22746,468.71182,104.20124,-141.41743,442.3423,102.09919,-145.20177,436.01602,102.49233,-145.12514,430.7375,103.14808,-145.021,477.01346,116.37245,47.503418,422.25085,113.63884,26.547888,462.20157,131.88539,-106.35624,440.79633,131.86272,-112.5471,509.3275,212.02438,123.62592,383.60907,207.12634,114.7772,519.157,327.3741,-43.693623,372.63562,318.51825,-18.095541,505.03867,230.0268,-312.70844,380.1551,277.2049,-309.40735,501.22693,206.54709,-380.10126,379.11603,263.03552,-376.4052,506.04706,195.82222,-372.44885,380.56662,253.5652,-385.01578,504.36743,204.3169,-318.5366,382.54868,252.78503,-322.64444,479.84256,417.75928,6.867318,406.48398,418.41156,-6.5807004,481.38464,591.9243,-19.364382,415.29944,592.6506,-31.972748,487.45227,763.0095,221.78227,425.33737,761.81616,216.66682,478.16574,783.7086,234.67648,432.3095,781.454,229.63765,498.57773,810.7144,21.683914,414.57657,813.1947,21.446949
pesas_up
IMG_20241115_101953.jpg,pesas_up,450.9578,111.752396,-440.63986,459.09238,99.09996,-416.35608,464.10812,99.92252,-416.41458,468.04437,100.94765,-416.56195,442.3105,98.72833,-425.41208,436.1342,99.114,-425.422,430.90182,99.71268,-425.40402,476.2143,112.161255,-246.02794,422.79047,109.09435,-288.07455,461.67603,129.3277,-374.06238,440.08536,128.94632,-386.56683,510.40454,204.69556,-105.43458,380.74982,202.70831,-151.69208,517.5604,318.904,53.65323,366.22174,312.46564,15.032948,477.8792,349.15424,46.463898,410.77905,350.63666,86.22103,463.80594,359.52072,32.856,420.97635,388.2727,79.30437,468.48828,350.73358,6.995921,422.7575,366.6135,52.167988,469.74905,344.98773,36.149197,421.34558,357.68796,78.423805,481.5862,412.7017,9.123095,405.15073,413.28094,-9.041795,479.59186,593.18854,-2.4688656,417.24667,591.4246,-19.535618,494.52887,759.60583,224.28265,423.3417,760.6668,202.00372,485.48898,778.81885,234.78416,430.5407,780.3761,212.90851,503.47598,810.0542,23.229048,420.69092,812.7607,4.2310596
pesas_up
IMG_20241115_101954 (1).jpg,pesas_up,450.93155,113.005905,-175.58437,459.01535,101.49841,-138.9586,464.50583,102.287865,-139.10551,468.44064,103.322716,-139.31374,441.78094,101.35849,-144.17024,435.6482,102.149315,-144.09898,430.38458,103.19111,-144.0122,476.56558,115.77011,55.18554,422.22104,113.57098,29.203707,462.15796,130.91692,-104.01956,440.3627,130.08604,-111.62279,512.2324,211.0405,134.2553,382.69788,208.0987,110.02879,521.677,327.1778,-31.762716,370.73926,318.53482,-13.303982,505.30774,226.96953,-295.94547,386.02103,303.47287,-278.21347,500.1696,202.2616,-366.50854,389.1666,302.8136,-342.45596,505.81128,191.25284,-358.3892,388.35983,292.02023,-355.58417,504.39005,201.16768,-302.19257,389.62613,291.0156,-292.40585,480.546,417.3541,12.227143,406.56235,416.55573,-11.874554,481.77924,595.47284,-16.930977,416.72903,592.7682,-37.88615,488.95404,765.44495,212.02759,424.1125,764.6817,205.9185,478.22653,787.7387,223.4999,430.36893,786.11743,217.80406,502.85165,813.10333,7.2329354,414.67212,813.2431,3.4867535
pesas_up
IMG_20241115_101954.jpg,pesas_up,449.46445,113.403244,-185.2914,457.99005,101.576805,-149.87411,463.61526,102.53025,-150.0025,467.52185,103.74039,-150.16858,440.22928,101.10191,-153.86165,434.27722,101.72726,-153.8009,428.7655,102.593994,-153.70851,476.16205,116.18225,38.03146,420.96735,113.19725,16.9084,460.71252,131.1738,-116.31729,438.58847,130.11589,-122.48064,510.4851,212.10435,114.87164,382.06512,207.58139,98.94841,519.7896,329.3429,-49.578186,369.0,318.89096,-23.813242,506.04666,227.2677,-311.23428,381.75052,301.3186,-290.992,501.31738,203.16443,-378.86588,384.45956,299.2142,-353.95682,507.13565,192.3989,-370.25797,384.282,287.96448,-364.8242,505.76123,201.70337,-316.5742,386.30334,287.66418,-303.97238,479.84796,420.11224,12.030442,405.7753,420.34225,-11.777965,482.1605,590.5647,-7.4972363,417.1226,589.5643,-31.405733,490.94162,757.91473,235.37053,422.74326,757.43555,222.74463,481.1806,779.3411,248.88248,429.13812,777.36316,236.33162,503.91913,808.21466,39.973118,414.20816,808.1714,28.258884
pesas_up
IMG_20241115_101955 (1).jpg,pesas_up,450.242,109.78222,-230.29002,459.22876,97.43618,-193.29024,464.13562,98.36372,-193.42567,468.25882,99.52419,-193.60583,441.96088,96.847115,-200.44807,435.74832,97.21592,-200.38388,430.4865,97.84756,-200.3659,476.6657,111.34689,7.5205927,422.49344,107.67559,-26.713797,461.17587,127.712494,-155.73866,439.32083,126.61175,-165.88072,510.04272,207.16133,103.38349,381.05984,203.67097,62.0603,518.2539,322.7042,-43.52988,366.4302,312.25958,7.2541776,501.2189,232.31477,-327.6246,403.15982,323.38287,-174.51318,495.8561,206.31558,-399.65802,413.64822,332.9872,-228.08205,502.91934,190.59912,-391.88553,412.72034,321.38156,-251.78009,500.4916,199.75162,-335.1367,409.89783,316.9392,-189.6396,481.16443,416.73218,15.341746,405.00034,415.75018,-15.082294,480.18463,590.677,-17.945202,416.9829,591.1793,-41.54297,494.12827,757.14526,252.50253,418.91452,761.4286,225.67998,484.23798,777.80444,267.68237,425.22656,783.3192,239.67361,500.7904,810.74756,36.470108,417.07025,810.03516,8.6404085
pesas_up
IMG_20241115_101955.jpg,pesas_up,451.56552,111.72016,-215.09747,460.60162,99.38347,-178.89847,464.91412,100.31937,-179.03621,469.96225,101.445045,-179.21176,443.234,98.61065,-184.5624,436.47385,99.025955,-184.50354,430.86755,99.78329,-184.45099,478.5459,113.322945,19.895216,422.55844,109.8008,-8.727082,462.40195,129.35681,-141.52954,440.1237,128.45667,-149.94434,512.18585,210.2497,113.03167,382.24646,205.16846,78.34938,521.2739,326.41934,-47.396355,369.2971,316.79932,-41.440235,506.31183,230.89455,-326.33795,389.86795,306.5981,-312.42725,502.62177,200.11041,-395.72324,393.93445,306.7053,-376.10034,508.21774,187.34799,-388.827,393.0005,295.19525,-389.55704,505.2288,199.76654,-333.34213,393.9036,293.99292,-326.25272,481.2106,420.65244,22.21477,405.13498,419.4793,-21.985855,484.01535,594.6054,-9.161744,418.72437,593.9617,-51.401855,496.32526,760.9192,258.4031,420.19708,761.14325,216.9934,486.47638,780.57526,273.6332,425.30524,781.6478,231.25746,506.54886,810.30835,51.57711,419.34222,810.6232,5.5969834
pesas_up
IMG_20241115_101956.jpg,pesas_up,449.50372,109.129906,-247.47685,457.82437,96.796875,-211.42352,463.14697,97.85271,-211.5668,467.03958,99.176216,-211.72704,440.4308,96.12965,-217.0611,434.15384,96.63303,-217.00659,428.75394,97.41741,-216.95062,475.18954,111.43242,-11.32086,420.4012,108.13629,-38.15114,460.3297,127.48575,-173.56104,438.342,126.59712,-181.4314,510.30197,206.29463,85.53136,380.83127,205.60458,56.542023,519.4341,321.75244,-59.294167,369.34006,318.20905,-65.28948,497.97113,240.4947,-344.39816,389.05197,292.57962,-360.16498,491.48,218.12393,-414.49695,389.36346,289.04694,-429.2121,499.77927,198.51907,-410.44638,388.59137,253.10336,-443.14096,493.88086,213.45157,-351.84335,389.6389,253.88258,-374.57117,481.4708,417.61346,22.79592,406.39365,416.99673,-22.5834,481.86804,589.98145,0.041317184,419.07504,590.30554,-47.016964,494.24905,754.44324,278.9453,420.9062,759.5181,228.69594,484.24377,773.6978,294.69608,426.22318,780.231,243.4998,506.36697,808.2364,70.93028,417.46518,810.19946,14.795266
pesas_up
IMG_20241115_103026 (1).jpg,pesas_up,398.75143,457.16525,-15.573189,405.40417,448.86783,13.750972,410.06494,449.56488,13.681762,413.60718,450.52127,13.564561,391.3255,448.9331,8.540444,386.51917,449.59628,8.576201,381.51532,450.5611,8.650648,417.87595,458.8614,157.77153,373.16437,459.4101,131.7855,406.93042,471.7176,37.278557,389.4576,471.59418,29.509668,450.70618,540.5407,203.02052,335.463,538.7542,164.19234,474.68298,624.16534,26.588783,324.56003,628.4937,4.9453044,487.89227,529.17456,-192.32274,320.69046,526.7762,-217.68433,489.80157,518.2165,-240.12132,312.74597,508.91055,-264.22397,488.71515,512.6672,-222.23647,312.6851,505.20065,-262.59326,486.55597,516.6238,-193.03642,316.24582,510.4497,-224.1274,445.4866,715.8468,5.7512617,368.85107,718.48486,-5.6232867,458.08878,864.4286,-59.05703,364.50516,874.9039,-61.203033,464.9146,1028.4451,13.593396,359.3012,1032.7985,20.09679,461.63696,1049.8573,13.332318,363.0634,1054.8534,20.171755,481.8486,1081.8226,-145.40016,343.12827,1083.6655,-135.71855
pesas_up
IMG_20241115_103026 (2).jpg,pesas_up,397.39047,461.92816,-1.9004706,404.07993,451.8806,29.052895,408.2944,452.3344,28.988277,411.57248,453.0161,28.873644,389.32724,451.98846,24.07761,383.86075,452.34796,24.136086,379.23166,452.703,24.21653,416.7031,461.35217,178.77106,371.66937,461.36328,152.6612,406.54947,475.6674,52.852535,388.6023,475.78027,45.06567,451.50534,540.0931,217.68285,334.53833,539.41064,186.02443,474.92017,622.8288,17.5176,325.9803,630.2853,7.0196104,487.39664,526.28204,-231.7023,320.334,529.50073,-240.50307,491.4626,512.64777,-285.58682,311.3547,513.4254,-291.09146,489.12347,507.005,-270.5411,311.01062,510.1093,-289.02228,486.51758,511.25153,-234.32968,315.03162,515.9663,-247.49702,443.8974,714.86646,1.6408138,369.49078,716.6377,-1.4543786,456.45413,870.7761,-69.052734,367.46887,874.9835,-68.77087,462.5217,1029.5424,9.145932,355.20056,1035.2224,9.653865,459.5173,1046.3477,8.988625,360.3841,1055.2175,9.298442,469.91818,1082.2325,-154.30061,337.3983,1081.081,-150.7452
pesas_up
IMG_20241115_103026.jpg,pesas_up,400.41974,459.7441,-7.0861144,405.9896,449.94647,21.701305,409.46533,450.11688,21.656595,412.91776,450.5526,21.544886,392.88516,450.02975,15.447508,387.26584,450.42722,15.544663,382.1189,450.87018,15.588821,417.51022,459.18237,169.17554,373.20493,460.56412,137.37737,409.47165,473.38446,47.94881,392.0318,473.0476,38.51136,455.4884,538.427,215.87,337.08508,533.1907,161.35754,474.89172,626.57635,21.502811,322.38397,614.1044,-22.59561,488.70392,529.122,-248.00977,316.7864,519.04065,-271.3848,493.6165,515.73615,-303.28845,310.44427,504.1137,-320.86234,490.827,508.87772,-292.42218,311.3838,501.81747,-318.2867,487.3163,514.7061,-252.72575,315.65616,508.05295,-277.98096,442.21207,706.54486,10.73618,367.14215,706.9772,-10.643825,456.6185,867.7278,-68.04873,363.85345,870.8103,-82.87497,463.10577,1030.9916,-34.832962,353.2135,1032.4838,-38.499462,458.61786,1049.8785,-39.541916,355.46265,1053.0609,-41.643555,477.02386,1083.1273,-207.34038,339.96494,1085.7413,-200.17131
pesas_up
IMG_20241115_103027 (1).jpg,pesas_up,396.84222,465.34988,-15.867232,402.80948,455.54388,12.661343,407.43304,455.79224,12.620211,411.21533,456.0703,12.520942,389.14862,455.92218,8.651207,384.13742,456.27753,8.738446,379.9445,456.70502,8.770172,415.42676,463.88425,156.42186,372.07712,466.15005,136.2614,405.86676,478.364,37.579372,388.64053,478.13623,31.474337,453.69022,538.4909,203.55573,336.01624,539.3441,163.69153,471.5855,623.17285,13.439482,323.29352,625.08826,-6.2463775,476.95984,528.72327,-234.18983,318.63556,525.8998,-251.71443,480.0025,515.2678,-285.8556,312.76953,511.8235,-300.03558,481.3854,510.70816,-272.1338,314.39352,509.13297,-295.36667,477.44843,515.9598,-237.44556,318.29376,514.36646,-257.24054,440.36298,704.1438,6.563273,368.08502,706.3264,-6.4575214,452.14737,859.52246,-89.73153,366.4401,866.455,-83.86734,462.04724,1029.0903,-54.59641,353.4689,1027.4685,-40.10663,454.77103,1049.1827,-59.508705,357.21964,1048.8376,-43.571404,475.3009,1081.8334,-231.35655,344.3385,1083.8579,-203.34453
pesas_up
IMG_20241115_103027.jpg,pesas_up,398.86258,459.2603,-9.5439625,405.2392,451.90613,19.638468,409.69943,452.44656,19.587542,413.3068,453.0713,19.474236,391.24808,451.2824,12.88497,386.08093,451.4052,12.969998,381.44403,451.69437,13.016959,416.53952,461.36902,164.21173,372.87766,462.29968,131.50668,406.983,470.95746,43.894657,389.34512,470.03174,34.197224,452.35358,536.9144,207.65477,334.75592,538.62524,154.57596,473.88937,618.3825,13.637154,324.7692,623.91174,-17.356457,481.1582,526.3897,-236.70515,320.05585,525.4446,-256.00247,486.36295,513.5412,-288.28812,312.93823,512.4635,-304.58102,485.2983,508.6878,-273.8485,313.5192,510.2036,-301.68954,480.63358,513.601,-239.66267,317.72864,515.2978,-262.0047,443.1028,707.0721,7.4704423,367.14917,708.8838,-7.3317037,452.6753,863.64813,-83.05112,363.8822,868.3271,-89.2351,459.5002,1030.0123,-54.1845,355.95895,1037.5979,-54.799675,455.0727,1049.937,-59.582016,360.43552,1059.0756,-59.236824,474.16425,1082.4457,-225.53168,339.72723,1083.6818,-216.50388
pesas_up
IMG_20241115_103028 (1).jpg,pesas_up,395.46872,462.1588,3.6787097,403.1099,452.50757,32.006954,407.92984,452.72964,31.943296,412.2706,453.2508,31.820148,388.63376,452.62894,28.816414,384.07123,452.7749,28.920197,379.2412,453.02545,28.94859,417.2371,461.40253,167.3652,373.0988,460.67685,151.03088,404.2631,474.2717,53.410854,387.37982,474.13824,48.399002,452.2292,536.98425,200.88846,333.01535,537.16016,175.37326,471.82202,622.4277,19.255568,322.6249,624.64484,12.173413,478.73016,529.1601,-211.09761,314.57553,528.39575,-231.10484,484.11902,516.54425,-258.5401,307.46106,513.20734,-279.25323,485.89252,511.7121,-246.00706,308.157,510.1099,-275.06226,481.56497,515.8733,-214.01593,311.65427,515.15234,-237.0558,439.66046,704.5873,-0.25230512,364.81537,707.44336,0.38547584,451.282,860.78125,-96.90255,363.21945,866.65186,-80.48657,460.26987,1033.1224,-76.9513,355.77814,1031.7587,-54.19915,454.6794,1053.1602,-82.91833,361.64987,1053.2726,-58.67752,477.93704,1082.4539,-244.79831,338.92133,1084.8308,-206.97662
pesas_up
IMG_20241115_103028 (2).jpg,pesas_up,398.74368,459.6104,1.0819358,406.1218,450.70898,30.307173,411.34164,451.21707,30.252855,415.21045,451.83362,30.144888,391.64737,450.40344,26.675867,386.8549,450.65518,26.751736,382.26947,451.18964,26.793898,420.3176,460.14685,168.92221,375.0632,460.50168,150.64888,408.37726,473.34213,51.677917,389.73694,472.45697,46.158493,456.92126,535.4889,200.31404,336.72003,537.2272,169.212,477.07632,618.7449,-3.3707194,322.9679,628.87164,-2.8780298,477.8604,522.4795,-245.08011,320.25482,526.1816,-236.10297,479.9503,509.71115,-295.58545,313.69815,513.07227,-285.47882,480.5575,505.84644,-278.77597,314.45425,510.79315,-279.95532,476.21414,510.7863,-246.72516,317.94907,515.8622,-241.16763,444.20395,710.01404,1.9322478,368.124,711.6261,-1.8471309,454.73602,866.1798,-86.056854,361.55887,870.4238,-79.1556,463.78027,1038.2754,-50.81405,357.8717,1039.2156,-33.458004,459.6441,1058.06,-55.59053,364.23395,1059.3997,-36.820656,479.2664,1088.4547,-220.17372,340.42725,1086.2922,-191.39537
pesas_up
IMG_20241115_103028.jpg,pesas_up,399.68253,464.7115,-2.908684,405.11398,455.19684,26.596605,408.94855,455.52246,26.542746,412.13562,455.99585,26.426048,391.50427,455.0396,19.338823,385.7364,455.43198,19.426657,380.9507,455.98352,19.464455,415.63452,464.02795,172.08595,372.00107,465.67535,136.37137,408.30786,478.4997,51.018814,390.56985,478.18726,40.451496,452.23892,539.67096,213.27496,334.41797,539.5946,153.34802,474.06924,622.9139,18.681717,322.27643,623.8888,-28.237522,478.56073,527.91095,-229.97427,319.61417,524.38293,-260.98135,481.40143,515.47107,-281.8521,313.5426,511.57208,-307.75223,481.90778,511.14575,-266.88376,314.03888,509.62653,-303.9612,478.506,516.25024,-232.73212,317.9339,514.7796,-266.6451,440.63553,708.5387,11.16245,366.02716,709.68085,-11.067327,451.82657,861.89404,-76.348366,364.32346,868.2452,-87.39153,461.17017,1029.3531,-45.89668,356.79666,1033.7059,-46.818783,457.46994,1049.0626,-50.787975,360.8717,1053.9004,-50.46706,473.11282,1084.5116,-215.21133,344.26932,1086.4332,-207.16226
pesas_up
IMG_20241115_103029 (1).jpg,pesas_up,400.8107,463.14236,-4.038436,408.40207,453.9297,25.971752,413.13113,454.50717,25.907354,416.36987,455.13977,25.789804,393.95734,453.18405,22.764557,388.0404,453.3349,22.841766,383.56693,453.75952,22.90613,421.92578,463.89838,170.65561,375.70456,463.3272,152.91165,410.1298,477.38416,48.708954,391.31888,476.091,43.352516,457.53226,543.41125,206.42049,337.3018,540.311,179.8869,477.44043,627.8223,13.6387205,325.84225,629.0089,5.3088393,483.63382,533.2494,-225.68521,320.82886,528.5431,-246.39862,489.1509,517.9939,-277.91113,312.96158,515.68115,-297.17322,489.25406,512.26935,-266.8503,313.44302,513.32275,-294.5188,485.01398,517.7783,-229.42807,317.9433,518.41864,-253.62732,444.22733,713.3978,2.6109016,368.07877,713.5963,-2.43889,454.95877,869.5737,-81.055244,362.32306,875.1287,-78.244225,460.76743,1035.0713,-34.513157,356.05292,1049.0992,-33.6574,455.26077,1055.6704,-37.91385,361.29755,1070.4274,-37.472458,474.91833,1086.9036,-203.15268,337.86694,1090.257,-196.8273
pesas_up
IMG_20241115_103029.jpg,pesas_up,399.7666,462.08496,-12.409857,406.90488,453.3406,16.759157,411.68265,453.67456,16.686113,415.22385,454.03458,16.558857,392.61176,453.02213,12.351316,386.95706,453.25668,12.400253,382.19522,453.68933,12.455932,420.42407,462.1439,163.43643,374.03104,462.91104,141.24933,409.10052,475.5512,41.786713,390.43802,474.56488,35.13004,458.6006,538.24023,209.12497,335.77017,541.183,173.33829,478.91858,626.60376,17.678173,327.4373,632.5604,11.439706,484.0385,530.4825,-240.5275,316.8195,530.498,-242.84044,488.13577,516.89606,-295.99203,308.33813,518.0584,-294.69363,488.41727,511.1306,-284.2068,307.76505,514.9536,-295.51935,483.95746,516.76196,-244.7436,311.92032,519.8866,-251.50447,445.47037,710.746,7.78386,368.39725,710.8391,-7.669377,458.02344,871.86804,-73.539825,365.3615,872.7388,-76.26425,465.51913,1036.4349,-11.93868,358.84778,1039.9326,-6.6178823,459.88623,1055.7427,-13.653831,360.35928,1060.4158,-7.5810304,478.0946,1088.2244,-187.70206,350.36874,1088.0986,-173.84485
pesas_up
IMG_20241115_103030.jpg,pesas_up,401.8764,458.49762,-9.587311,408.81363,448.49127,19.938173,412.95203,449.19186,19.872318,415.96527,450.00342,19.747015,394.29645,447.7301,13.526709,388.07733,447.86365,13.586184,383.43344,448.10764,13.646696,421.24057,458.2135,166.48018,375.87775,457.64825,134.5523,410.7865,473.01636,44.40299,392.5901,472.68854,35.091835,455.14087,538.73975,213.07071,334.58362,535.114,164.26254,476.27182,626.9483,29.108885,325.27014,630.1414,-4.7127557,488.94064,531.75366,-222.01321,321.73676,527.2098,-242.6626,493.59488,517.4921,-275.89905,313.3849,512.97723,-292.1773,493.80066,510.4115,-262.8858,313.3373,509.404,-290.06445,490.24957,516.0279,-225.74681,317.45886,515.28015,-249.03123,443.26498,711.9519,8.995547,366.23657,713.181,-8.821123,456.50235,870.365,-70.29549,365.60977,875.9253,-79.09871,458.99905,1035.2932,-5.0580325,353.69012,1038.302,-8.42623,452.37518,1054.3031,-6.4309397,360.2892,1059.4644,-9.577681,470.25415,1085.1738,-168.25908,336.5633,1084.51,-169.41183
pesas_up
IMG_20241115_103309 (1).jpg,pesas_up,377.29752,494.93567,-129.68015,383.48953,486.46637,-105.80653,387.6363,486.8727,-105.90479,391.43472,487.4548,-106.02372,371.3528,486.3919,-115.59918,367.2077,486.7247,-115.60837,363.27142,487.18246,-115.62857,395.0713,493.04034,49.20807,358.5062,493.49564,4.1041102,386.4463,505.76483,-69.31028,370.30725,504.56693,-82.574265,428.9781,565.8027,143.13484,321.27625,559.80066,28.695873,435.44217,650.5737,-45.46687,326.86166,653.34424,-173.42091,456.6933,562.23096,-341.07684,306.355,563.09546,-444.14673,462.87396,550.6785,-397.0865,300.25012,550.75,-497.24048,461.58636,544.3246,-382.1141,299.73264,546.6729,-501.87714,457.93152,549.3033,-345.11984,302.4329,550.80853,-453.47498,404.76874,737.8346,29.78195,344.05988,733.67737,-29.69402,403.7716,889.01245,-52.303852,357.76642,888.52515,-85.584496,392.4104,1038.8762,67.64585,359.23285,1038.0751,43.81618,386.34882,1058.113,71.60196,355.90726,1057.6072,48.915585,405.0108,1079.7095,-80.148,364.5309,1081.3071,-115.95372
pesas_up
IMG_20241115_103309.jpg,pesas_up,372.09656,490.26617,-105.760765,379.79776,480.76923,-81.984825,384.4942,481.10733,-82.07527,389.02194,481.7837,-82.1812,367.04233,481.02542,-85.088585,363.14926,481.4535,-85.08724,359.50137,482.01978,-85.09543,395.27222,489.07477,63.68369,357.2131,489.77777,49.617523,382.376,501.31873,-50.10065,365.89688,500.53665,-54.428528,430.14243,563.6505,137.06372,323.55417,559.53064,80.67858,434.8436,648.2864,-59.318077,325.85648,652.77734,-103.47529,456.3195,559.8718,-340.38742,306.4437,562.6034,-379.918,461.4699,546.70715,-395.77188,299.32138,548.1073,-433.19675,459.5602,540.68713,-381.48587,298.58585,544.3936,-438.37793,456.80923,545.2583,-343.76285,301.90326,549.25964,-390.09515,402.61145,738.2324,15.979574,340.14484,732.9538,-15.967181,399.915,886.64417,-57.186043,355.49716,887.269,-59.965534,390.2758,1036.8992,60.381718,357.26004,1033.5488,72.64306,386.06326,1054.7875,63.940544,356.7785,1055.1582,78.148766,398.74326,1078.7875,-91.82278,360.15308,1079.0326,-82.25855
pesas_up
IMG_20241115_103310 (1).jpg,pesas_up,379.39856,502.34564,-92.39026,386.48837,494.3333,-69.414185,390.83386,494.82306,-69.50977,394.83902,495.5516,-69.64818,374.20776,494.26758,-74.7545,370.2539,494.5652,-74.76203,366.58035,494.9618,-74.76703,400.02246,502.12006,75.64643,362.56973,502.57962,51.960846,388.45184,512.9414,-35.98955,372.87335,511.61993,-43.14098,433.00183,574.9282,145.25482,327.13638,568.48126,70.545876,435.46454,657.17224,-62.687263,334.70172,661.623,-131.5812,459.00262,569.1839,-332.536,314.09576,567.7149,-393.01733,465.0492,556.55396,-385.826,306.58685,555.2723,-444.83823,463.23145,550.3632,-368.54575,306.69318,551.8209,-448.55234,460.2779,554.8823,-335.19382,309.79214,555.94165,-403.04422,404.1377,749.3448,16.310667,345.02783,746.8991,-16.22057,401.87024,903.52594,-41.108955,352.17502,901.8128,-53.257595,391.0348,1043.8271,90.924095,354.82965,1042.7798,88.227776,386.20038,1061.9965,96.67263,356.9236,1059.7238,95.01082,397.11728,1084.2283,-48.928215,353.19458,1084.2347,-59.372982
pesas_up
IMG_20241115_103310.jpg,pesas_up,377.8949,499.83432,-114.78384,384.64795,491.73035,-92.190926,388.9988,492.137,-92.27506,392.9909,492.77908,-92.37276,372.59305,491.82788,-97.49408,368.66556,492.12518,-97.50519,365.05814,492.55133,-97.51969,397.79507,498.98444,55.137108,361.40033,499.8747,31.41633,387.12753,509.85834,-57.716743,371.66428,508.71246,-64.862076,433.7759,572.48615,140.17766,326.2441,565.4656,47.861042,433.90607,653.985,-58.93189,329.90195,657.72797,-151.0065,459.38315,565.6986,-339.13297,308.7447,564.52026,-411.9499,466.09784,553.444,-391.75104,302.30917,552.3035,-462.6141,463.89404,547.65594,-375.93906,302.95007,549.31976,-467.20026,460.67712,552.3903,-342.34204,305.74255,553.5313,-421.4402,403.25595,747.0715,28.995296,343.4356,742.43933,-28.978699,402.60748,896.7059,-22.965334,356.4988,895.7837,-72.334785,392.97412,1045.255,75.81446,358.36356,1045.5641,35.907013,385.2607,1063.8347,77.755165,355.76672,1063.3933,39.040222,408.56488,1082.2803,-68.44729,363.8507,1084.9888,-119.74025
pesas_up
IMG_20241115_103311 (1).jpg,pesas_up,386.09842,504.66428,-93.18283,391.3897,495.9348,-70.120514,395.12268,496.47354,-70.216125,398.47897,497.18848,-70.32827,379.5164,495.45575,-79.24282,375.58594,495.66766,-79.26039,371.5606,496.01184,-79.26074,401.0778,503.271,80.076805,365.7449,503.26035,39.228058,393.72177,515.715,-34.35743,379.36713,514.38513,-46.46182,433.8071,576.14307,160.77994,328.22552,568.7686,54.48252,434.94485,656.882,-48.75368,337.8468,657.84906,-151.86253,460.80072,571.7029,-343.4141,313.88425,567.82587,-412.44415,468.0784,558.66565,-399.73398,306.33942,554.34705,-463.48697,465.80023,553.1988,-382.56403,306.94046,551.8942,-469.414,462.3556,557.6826,-347.0953,310.23755,556.4312,-422.70306,404.73495,749.83386,28.307266,347.9969,746.6123,-28.235304,401.0272,899.29016,-30.257633,360.1911,900.01715,-69.53535,391.59427,1046.6613,58.04669,360.37595,1044.096,43.36975,386.4166,1065.8735,58.86877,357.4537,1063.1284,46.947422,405.5474,1085.5459,-89.64635,361.92618,1085.6322,-107.61428
pesas_up
IMG_20241115_103311 (2).jpg,pesas_up,384.7593,503.59766,-78.274025,390.9549,495.2002,-53.343006,394.94934,495.67847,-53.416466,398.30734,496.20056,-53.49609,378.87772,494.7929,-62.515102,374.80334,495.0049,-62.511795,370.88974,495.3769,-62.493347,401.79752,502.43158,95.35969,365.4831,502.42648,53.14841,392.57745,515.21027,-21.320974,377.86353,514.21216,-33.81192,430.68008,574.559,175.94235,328.94,567.0667,63.826107,434.74506,655.95557,-19.80932,330.79593,654.34076,-129.18854,459.35202,572.71716,-299.8447,311.91077,564.09186,-368.8897,466.08368,558.7808,-352.333,302.96756,552.355,-415.8003,464.50598,553.0228,-335.70093,302.93228,549.15106,-422.6935,461.29214,557.52234,-303.1757,307.0607,553.256,-378.41635,400.44965,746.75305,32.457054,342.22818,741.15674,-32.421757,400.8957,894.2749,-18.082474,358.50745,895.47736,-69.79694,390.25305,1044.2426,52.93708,358.81238,1044.7815,22.862476,384.68234,1063.0251,51.910595,360.92615,1063.1249,24.22453,408.81195,1070.1487,-91.27161,361.53946,1070.0165,-127.79492
pesas_up
IMG_20241115_103311.jpg,pesas_up,383.52356,505.49432,-102.59471,389.8011,496.57782,-78.40894,393.69717,496.9902,-78.49966,397.4505,497.67035,-78.597664,378.17865,496.3667,-86.59497,374.6972,496.56042,-86.61808,371.25327,496.95844,-86.628204,401.48987,503.5254,75.34638,367.0975,503.746,38.42028,391.73233,515.9625,-42.704483,377.60748,514.6222,-53.673668,433.74014,574.84644,153.48409,329.30438,568.46356,53.87235,434.73428,656.7186,-67.20351,336.76987,655.0251,-162.42824,460.5565,572.22504,-367.81796,313.33334,564.4067,-429.4087,468.4909,559.5862,-426.4163,305.459,552.49646,-482.69965,466.40277,553.89,-410.28915,306.60727,550.3174,-486.56387,462.75238,558.51526,-372.27878,310.59128,554.4172,-439.15164,404.45953,751.6595,23.15298,347.92273,748.4747,-23.06531,400.4622,900.37787,-30.602636,357.781,900.26245,-67.02449,390.44568,1044.6936,94.14663,356.57727,1043.9764,62.79004,385.6375,1063.9557,98.41616,357.92465,1061.2002,67.51335,398.15878,1082.8396,-51.138382,357.64932,1083.0469,-95.39124
pesas_up
IMG_20241115_103312 (1).jpg,pesas_up,380.22415,506.371,-75.33776,387.78366,497.53482,-49.605274,391.80637,498.0334,-49.68478,395.68542,498.724,-49.798977,376.18506,496.74036,-56.702297,372.77756,496.7129,-56.711452,369.27588,496.95795,-56.705177,400.55255,504.21127,107.09293,365.09775,503.2829,73.25715,388.30118,516.87646,-14.606514,374.53818,514.85486,-24.761122,430.86987,574.7901,179.92784,326.59488,565.54974,87.947136,433.73267,656.5536,-32.509155,313.7847,621.9519,-139.78474,459.3929,570.99524,-316.83344,310.22952,555.693,-414.52597,466.4978,558.4427,-372.9419,306.10797,548.8913,-467.67322,464.58054,553.66614,-356.8061,306.63126,548.0603,-468.02954,461.3388,557.73584,-320.41226,310.121,550.97974,-423.209,402.0696,746.93945,21.494122,342.30823,743.63715,-21.386362,399.27298,898.0161,-39.165783,352.22177,897.74506,-75.47686,391.5751,1043.3823,73.16915,356.02692,1043.3888,46.15556,386.7466,1061.5587,76.11915,358.28644,1061.1917,49.963997,396.64963,1082.98,-78.04164,354.8143,1084.1226,-113.69453
pesas_up
IMG_20241115_103312.jpg,pesas_up,384.59198,502.00912,-46.463085,390.20914,494.0005,-20.407135,394.3585,494.52057,-20.475828,397.91928,495.1921,-20.56763,377.9757,493.73077,-29.022032,373.84467,493.98392,-29.024359,370.0284,494.38846,-28.996424,400.56677,501.12976,129.32167,364.73962,501.29166,88.35005,393.0402,514.04614,10.728702,377.98618,513.14813,-1.4347227,429.10092,574.6323,192.95427,326.11673,564.9391,98.764786,433.58127,653.79913,-12.0073395,327.86697,649.8492,-112.239204,458.0163,571.9497,-287.27655,309.8652,561.1781,-370.2097,465.08707,557.8199,-342.2439,303.24835,552.1665,-421.5081,463.7661,551.95514,-328.2666,303.55362,549.8109,-425.92548,460.40726,556.23096,-291.96326,307.18848,553.37115,-379.89975,402.8677,746.66797,18.771708,340.4993,743.5925,-18.685917,401.18942,896.0248,-28.396336,349.61707,896.8731,-58.578773,394.10477,1045.0532,48.12734,355.49332,1047.7689,35.41589,389.4662,1066.3428,47.26927,361.96097,1064.518,36.35418,398.00485,1078.9674,-101.52873,352.57718,1078.6875,-117.717186
pesas_up
IMG_20241115_103313 (1).jpg,pesas_up,386.22162,505.83887,-74.089676,392.37427,497.52957,-47.198444,395.94623,498.15506,-47.269836,399.2661,498.88788,-47.356167,380.66806,496.5426,-59.506474,376.93903,496.5422,-59.517643,373.1767,496.78418,-59.511246,401.73358,504.3194,111.301674,367.10312,503.3504,53.976837,393.0928,516.61346,-13.009589,379.06003,514.7851,-29.886465,430.6741,575.30133,199.65189,326.62143,565.68945,49.85277,435.64383,655.0624,1.8762761,331.339,645.0619,-177.7225,459.85803,571.88666,-285.63004,313.64728,559.6499,-430.5968,468.26385,558.88086,-338.1759,308.53912,551.8248,-481.95825,466.746,553.4003,-323.25485,309.10278,550.05133,-482.75455,462.90344,557.97736,-289.95883,312.42795,553.3379,-437.914,402.48517,747.85065,43.360485,342.49832,743.21387,-43.299923,400.32095,897.47974,-3.448421,358.93433,898.4473,-92.842606,391.43967,1042.5885,95.23841,361.4707,1045.2009,16.780579,386.0197,1061.201,97.1434,359.39264,1064.9077,19.732632,411.1328,1082.1361,-43.915466,365.58276,1082.6051,-140.10207
pesas_up
IMG_20241115_103313.jpg,pesas_up,383.15295,503.2345,-77.13222,390.49615,495.18787,-51.51804,394.43347,495.88776,-51.5945,397.9254,496.79327,-51.69365,378.0511,494.36456,-59.386555,374.03732,494.44952,-59.396423,370.15073,494.76273,-59.391678,402.04248,503.72253,100.005005,365.0068,501.9049,63.404278,391.00513,514.2324,-19.129398,375.5444,512.6011,-30.046114,432.86197,576.7657,174.62042,326.62744,567.47894,69.17928,435.0133,657.18353,-35.185715,333.5779,658.79456,-146.34743,460.34766,572.4488,-320.2684,312.7432,564.7013,-408.37555,468.69675,560.2023,-373.84137,305.52548,552.9575,-460.11514,466.39322,554.28625,-357.4232,305.43686,550.5022,-463.62018,462.89795,558.63983,-323.70532,308.53024,554.5468,-417.6155,402.8941,749.18774,28.186317,342.0695,744.8627,-28.167501,401.6533,899.8316,-29.970663,354.89746,899.54047,-79.891136,392.72012,1045.7253,81.12211,356.39575,1046.7607,36.2514,386.5597,1062.859,84.54929,356.76044,1064.5336,40.279037,405.52014,1085.0634,-59.677692,356.64038,1086.3386,-117.88176
pesas_up
IMG_20241115_103314 (1).jpg,pesas_up,383.7139,505.97522,-60.552994,390.3887,497.6227,-34.170452,394.30695,498.12912,-34.245865,397.7953,498.86072,-34.352924,377.86154,497.03436,-41.908337,373.73062,497.19193,-41.91408,369.5919,497.76038,-41.892555,401.48828,505.37247,120.27842,363.8166,505.45984,83.68066,391.3514,516.8884,-1.1130843,376.37753,515.2512,-12.048665,431.2208,577.44556,189.83588,325.98557,567.2895,94.62006,435.2178,656.7673,-20.349728,329.39676,647.5811,-128.31206,459.95044,571.9083,-300.41705,312.1298,560.1097,-396.8122,466.79684,559.0355,-355.7693,306.78445,552.6106,-449.12408,465.15192,553.607,-340.33658,307.76236,551.08997,-450.61014,461.89685,557.71436,-304.16873,310.9831,554.4724,-405.7004,402.38074,748.8549,22.252205,341.70172,745.01495,-22.151358,399.9777,899.9329,-30.026762,352.5291,898.1158,-72.14825,391.64703,1044.8634,71.30953,356.2592,1045.281,36.6257,388.3534,1062.282,73.19779,359.05267,1062.1875,39.110855,394.12775,1083.0938,-77.48991,356.1332,1084.3315,-121.7673
pesas_up
IMG_20241115_103314 (2).jpg,pesas_up,383.08,507.16812,-101.971146,389.8178,498.94717,-76.40004,393.61713,499.47394,-76.4765,397.1526,500.177,-76.58946,377.80676,498.24796,-84.6196,374.03323,498.33563,-84.622185,370.21918,498.72147,-84.61312,400.69427,506.02005,79.2402,364.39566,505.8252,40.115704,390.28622,517.7655,-41.94096,376.42343,515.96387,-53.71423,429.80807,577.30566,155.68347,325.3417,569.3455,54.848278,431.8169,653.98566,-28.595278,303.58212,610.33594,-180.89128,459.18152,570.6017,-286.9966,310.2819,555.66437,-451.41788,465.54303,559.1999,-336.88263,307.37686,550.0242,-501.5918,463.43893,554.0647,-322.3349,308.46167,549.17255,-500.92905,460.45627,558.051,-290.0619,310.64267,551.6461,-459.29056,400.63315,746.4624,25.743423,344.59134,743.94684,-25.681046,396.81415,895.11316,-35.73863,355.84253,896.3919,-74.913086,388.2019,1045.6278,50.738903,357.44455,1042.9272,26.602905,383.92242,1063.4354,50.229218,356.62186,1060.0636,28.247063,400.19653,1084.6056,-110.03334,357.23718,1086.6494,-135.0595
pesas_up
IMG_20241115_103314.jpg,pesas_up,386.49374,504.63657,-73.505806,392.9981,496.26825,-48.430267,396.80664,496.80334,-48.495117,400.18958,497.5035,-48.59431,380.94174,495.41833,-56.94465,376.94873,495.4583,-56.95135,372.96872,495.77936,-56.935852,403.10794,503.87943,101.65602,367.09763,502.94,61.40078,393.93564,515.8323,-15.752295,379.13174,514.001,-27.776606,431.55103,574.37384,175.444,328.24402,565.00635,72.403114,436.28473,652.53754,-17.574017,330.26193,647.76624,-141.40929,460.9545,569.8853,-281.50998,313.3393,558.089,-401.8847,468.13007,556.5179,-331.89297,306.73026,549.4523,-452.55594,466.4877,551.3313,-315.96133,307.33432,547.60266,-456.3748,463.06857,555.43225,-284.51404,310.56345,551.09656,-411.19757,402.91315,747.20575,23.013676,343.0089,742.85345,-22.960348,399.56766,894.511,-31.185165,354.2322,895.86597,-65.99418,391.3126,1042.4346,61.420925,355.57535,1045.2941,45.000473,388.39502,1058.5055,62.60929,360.28958,1060.1125,48.09525,399.77307,1078.932,-83.49063,353.3127,1077.4615,-106.47936
pesas_up
IMG_20241115_103315 (1).jpg,pesas_up,383.83926,508.02917,-64.555084,390.80774,499.84576,-38.6541,394.7333,500.46118,-38.715946,398.52692,501.31567,-38.809734,378.9467,498.8871,-49.57646,375.2374,498.85614,-49.588947,371.6045,499.0943,-49.562115,402.42215,507.19598,114.794876,365.92288,505.76996,63.971684,391.45087,518.8447,-5.431874,377.12274,516.68085,-20.54895,430.25354,577.2543,190.69283,327.4059,568.1646,63.606136,434.28662,652.5391,-16.547838,322.4015,620.601,-172.16475,460.94186,569.77954,-300.84204,310.06696,556.8545,-434.85535,464.87372,559.1481,-353.70102,303.99716,550.167,-486.35303,462.33237,554.72845,-336.23053,305.55396,548.91943,-487.85944,460.2516,558.4238,-304.04196,309.03842,551.7371,-443.31116,403.18344,746.94635,29.85209,343.67813,743.49426,-29.785934,402.06952,897.395,-35.652084,354.2189,895.5252,-85.68739,393.01212,1043.6313,53.03268,355.8624,1039.5781,16.906843,386.62476,1060.9781,53.34928,355.622,1058.2646,18.783699,404.95267,1078.8822,-100.09157,354.39032,1084.5278,-142.88329
pesas_up
IMG_20241115_103315.jpg,pesas_up,380.74338,506.63177,-62.936577,387.95523,498.41617,-38.335445,391.83972,499.00458,-38.40924,395.40195,499.85977,-38.517033,375.95227,497.9672,-45.17582,372.19363,498.15503,-45.185104,368.48364,498.6293,-45.178677,399.88345,507.04865,106.384766,363.09494,506.1534,74.88999,388.47708,517.265,-7.4443283,373.51733,515.8992,-16.868496,429.97797,579.30396,175.8044,324.39285,571.3226,86.562416,433.03455,661.0318,-19.169586,330.27878,661.1891,-110.46764,456.03867,576.9756,-285.91724,309.25433,571.7888,-358.44995,463.66855,564.00244,-336.90082,302.61304,559.1572,-407.15036,462.20932,557.63086,-321.55322,302.36185,555.69574,-411.6033,458.68045,562.0958,-289.3744,305.19965,559.7435,-367.77295,402.573,748.8327,20.452765,340.13077,746.3614,-20.399355,402.1971,901.41406,-32.9236,349.013,900.6305,-59.562817,394.47095,1047.3357,68.3694,356.05447,1047.3894,52.408512,390.13806,1065.1868,70.85229,359.3178,1062.9945,55.970627,403.71716,1082.928,-73.79329,352.59808,1083.5109,-98.13936
pesas_up
IMG_20241115_103316 (1).jpg,pesas_up,385.49512,507.52884,-73.66998,391.68436,499.3506,-47.35319,395.5164,499.72824,-47.42184,399.12866,500.27408,-47.520058,380.15103,498.8723,-60.587517,376.0828,498.89648,-60.600266,372.66473,499.1075,-60.596615,402.48822,506.24078,111.38571,366.67746,505.60104,50.618546,392.85294,517.515,-12.035632,378.9699,516.4074,-29.9956,431.84766,577.2175,202.64345,328.00272,569.201,38.66644,436.6323,657.5223,2.0781257,324.68906,622.4396,-203.8293,461.84412,572.63666,-283.46304,313.78708,558.5523,-451.76434,467.86694,560.7586,-333.70352,308.53076,550.79205,-502.52142,466.66656,555.3883,-318.13187,309.7649,549.32263,-502.49796,463.56613,560.3101,-287.76306,312.73053,552.56903,-459.18454,403.79422,751.142,46.095104,344.36743,747.47003,-46.012787,404.91504,901.26965,-4.620195,355.95795,904.5365,-96.55324,395.03812,1046.8567,100.29107,358.97302,1051.4575,14.967654,388.44952,1064.7976,102.5678,357.69598,1067.7444,17.849682,411.9973,1086.4026,-45.02258,359.575,1087.0844,-148.0227
pesas_up
IMG_20241115_103316.jpg,pesas_up,381.98724,508.45007,-91.05887,389.43066,500.74335,-65.02989,393.46338,501.41357,-65.09964,397.37747,502.25708,-65.2117,377.66888,499.78656,-73.00675,374.199,499.81888,-73.01863,370.60495,500.08362,-73.014175,401.75366,507.9701,91.39654,366.29053,507.0079,53.836914,389.92487,518.9328,-30.818935,375.62973,516.6503,-42.14162,431.8153,578.5979,163.62988,326.8185,570.1371,62.95471,435.34232,652.68225,-49.64386,305.89688,613.93243,-183.35248,460.63815,570.93115,-333.7141,312.47504,555.96796,-460.65714,466.72446,560.0384,-387.52222,309.8974,549.1242,-514.06915,463.8616,555.56354,-371.9831,311.36087,548.43225,-510.52866,460.97763,559.37537,-337.54724,313.34097,551.34326,-467.94107,403.9979,747.7819,23.748901,343.90417,745.505,-23.683104,400.2552,899.5483,-35.866806,353.65067,897.61053,-76.21793,389.1287,1046.1006,63.505375,355.8532,1042.7634,33.165848,384.05466,1062.7349,64.482155,354.79922,1060.6031,35.367386,396.65326,1086.2727,-98.1927,357.0964,1086.3472,-133.753
pesas_up
IMG_20241115_103317 (1).jpg,pesas_up,388.77026,503.67188,-99.93864,394.63248,495.98083,-75.122955,398.2567,496.50153,-75.210464,401.73282,497.18826,-75.31026,383.20206,495.49786,-87.31531,379.26428,495.57175,-87.32967,375.7907,495.79974,-87.342255,404.3381,503.21967,80.08851,369.31558,502.18472,24.560808,395.96152,514.591,-39.59779,381.1693,512.859,-55.96496,433.9537,573.04724,172.63046,330.36783,565.98315,33.505325,434.51373,656.54834,-18.5201,337.06198,655.84894,-169.13034,461.25482,569.89825,-307.39062,314.6883,564.9195,-415.29187,468.85104,557.4481,-360.1612,305.92822,551.80597,-465.14337,466.95215,551.48193,-346.27075,305.34256,549.03564,-471.96176,463.57935,556.0712,-312.262,308.99365,553.3628,-425.05356,402.65076,747.58484,41.384228,344.9331,743.135,-41.34042,401.6513,896.8731,-7.5558863,358.91043,894.6271,-83.35947,394.5881,1042.1449,94.00447,360.08417,1043.5735,27.517218,387.8199,1060.3213,96.294975,357.8573,1062.1333,30.953371,407.8308,1082.1791,-46.273003,371.4022,1083.1715,-127.546646
pesas_up
IMG_20241115_103317.jpg,pesas_up,387.72632,505.74252,-113.82515,394.19006,496.84283,-89.63051,397.89905,497.38153,-89.71837,401.41913,498.0815,-89.81158,382.77933,496.0634,-101.55003,379.15634,496.02197,-101.56921,375.69092,496.1891,-101.58033,404.16232,503.369,66.23149,369.98117,502.49213,11.780873,395.03467,516.1468,-52.930134,380.962,514.40594,-68.91241,434.3015,574.0044,162.30183,330.10617,566.5072,25.959919,436.91113,655.9319,-26.2997,337.61978,657.2539,-176.50714,461.9416,571.99725,-315.09482,315.81702,565.19226,-427.6378,470.3282,558.48584,-369.32083,307.6878,552.85034,-478.94867,468.66348,552.5001,-355.61786,307.95685,550.1018,-484.0798,465.08215,557.3923,-320.0165,311.57312,554.3247,-436.61572,402.65845,749.8831,39.07447,346.93286,746.16943,-39.007946,401.43686,897.75995,2.089525,362.43527,899.5139,-73.83687,389.33096,1044.5353,111.860596,361.84167,1047.968,46.78977,385.6875,1063.7239,114.927765,359.65808,1065.4209,50.976707,411.9687,1078.0388,-24.460009,369.33038,1078.7405,-106.35407
pesas_up
IMG_20241115_103318.jpg,pesas_up,387.39758,503.77957,-78.94703,393.95807,495.9533,-53.228664,397.52454,496.63654,-53.29975,401.0722,497.442,-53.397423,381.8421,495.1323,-63.008194,377.6914,495.22568,-63.021694,373.81216,495.52985,-63.01914,404.4516,503.7355,98.49782,367.4526,502.45377,53.06117,394.49792,514.84924,-20.718027,379.27582,513.3884,-34.187603,433.7848,575.8005,176.49121,327.83215,566.01465,57.967686,435.42456,656.21533,-27.096754,332.59103,653.4928,-158.6574,460.3675,571.1132,-306.96692,313.76105,560.42816,-410.25995,468.70676,558.404,-358.7486,306.50525,550.501,-460.43784,466.95404,552.5567,-341.66492,306.45502,547.962,-462.3202,463.4325,557.1969,-310.2251,309.75247,551.58594,-418.4384,402.1367,747.2659,30.484196,342.52652,743.30615,-30.443705,400.776,896.985,-21.60216,355.75848,898.099,-75.18946,392.17963,1043.1321,91.47953,356.22342,1046.0825,46.866856,388.4453,1059.1053,94.90904,356.99927,1060.1699,51.268692,399.88153,1080.0311,-49.72736,357.25827,1080.1552,-107.73932
pesas_up
IMG_20241115_104011.jpg,pesas_up,377.5948,488.04703,-10.455429,386.08786,480.29517,14.342187,390.43088,480.42953,14.252232,394.78,480.45538,14.092456,372.50406,480.42355,11.838538,367.6376,480.64203,11.913993,362.94476,480.8822,11.89575,401.13437,485.67264,142.82333,356.31268,485.9488,130.27641,385.7984,499.90167,38.444996,369.43747,499.96762,34.550797,433.4337,559.07715,169.23146,320.71237,557.4547,136.14479,440.1572,643.4011,-18.63257,322.16467,646.30804,-54.322582,431.15253,541.2268,-196.5674,321.7997,542.37305,-272.48642,427.66296,523.5531,-237.2827,314.8029,528.04553,-316.7212,433.0298,516.82776,-217.21107,312.76123,526.3086,-310.1428,431.49054,524.76776,-194.48589,317.2328,531.32336,-278.32498,417.22324,732.9917,9.752031,345.35147,734.2557,-9.726407,424.43237,889.4663,-54.72534,336.70703,893.0879,-48.49801,424.2038,1049.0367,7.3127832,345.6059,1047.2207,42.390327,410.95505,1069.8936,7.063941,353.73993,1064.5359,44.701992,441.34625,1098.6788,-139.26831,343.414,1097.7001,-93.39395
pesas_up
IMG_20241115_104012.jpg,pesas_up,380.14682,487.80298,-8.965077,386.45053,479.308,16.486763,390.3354,479.48685,16.409018,394.48917,479.68726,16.26961,374.42548,478.90915,14.748637,369.73206,478.8884,14.834662,364.78305,478.9474,14.813274,399.6671,485.5866,145.28085,354.95773,485.05234,136.70424,386.5528,499.70218,39.909054,372.64618,498.83728,37.046417,434.20853,560.0457,162.3167,320.4825,555.96674,146.61761,436.99786,645.5836,-27.253521,315.635,642.6356,-52.5278,420.50436,544.7116,-201.5358,320.2637,542.28674,-291.19693,418.91458,527.0203,-244.66695,315.26523,527.34155,-340.76337,422.38214,519.6749,-226.94354,314.52496,525.5169,-333.44232,420.78323,527.80444,-200.19386,317.8871,530.75903,-297.2976,415.74548,734.42065,3.1418076,342.88226,735.7479,-3.0629992,425.8629,883.4781,-45.569202,335.84048,892.8079,-43.877068,428.98724,1042.4492,36.531948,345.66837,1048.0577,43.597233,417.99103,1063.1465,37.93855,354.86887,1065.1204,45.545868,437.3041,1092.4106,-113.20207,339.30768,1096.2395,-97.408844
pesas_up
IMG_20241115_104013 (1).jpg,pesas_up,385.43347,499.46823,-12.657461,392.08832,489.861,12.314856,396.36346,490.29053,12.237214,400.0422,490.83344,12.114307,380.32452,488.9534,7.4400897,375.4381,488.72287,7.5080943,370.90128,488.52295,7.4754934,403.2555,498.73254,140.30122,362.33957,494.87756,115.43893,391.16006,511.584,35.63437,377.09198,510.41144,28.209772,431.90265,573.0858,165.28925,320.7256,568.3397,122.028824,442.89758,655.0548,-17.712488,314.36136,649.6494,-64.86464,437.41687,563.01514,-207.82568,321.18124,553.68353,-260.5897,434.98773,543.5535,-252.30203,317.5579,538.61273,-304.65366,436.8103,538.66644,-233.39848,317.0372,536.5443,-298.11542,435.23627,544.0376,-207.39923,320.47037,541.88525,-264.88632,419.16116,747.77783,9.779472,347.00873,749.7556,-9.692442,422.89197,902.6327,-46.783333,337.68262,905.3275,-44.942657,416.8715,1066.1216,13.370943,344.95422,1058.8335,51.25727,404.45407,1085.0869,12.216239,353.07446,1076.8203,53.543022,430.65826,1108.7175,-139.6186,340.5408,1104.0632,-87.668236
pesas_up
IMG_20241115_104013 (2).jpg,pesas_up,386.40796,497.09262,2.252293,392.42105,488.68475,25.410751,396.22702,488.95886,25.338303,399.9894,489.40527,25.19834,381.1665,488.07733,22.8511,376.8058,487.9679,22.954706,372.294,487.96494,22.925488,404.34314,495.66943,148.36652,364.7879,495.82977,133.83173,392.41022,507.72446,49.217194,379.706,506.69196,44.77524,437.40958,568.811,176.64883,323.93283,564.5323,142.16437,448.33676,650.8407,19.821585,316.2497,646.1483,-18.346453,439.71423,558.30255,-138.62267,321.30902,551.0882,-182.33104,437.6968,541.10114,-175.39629,320.5126,535.8782,-219.80379,439.3576,536.9551,-157.5147,323.03522,533.8594,-209.58717,436.80176,542.53186,-136.94666,325.30643,539.0418,-183.96396,420.9265,738.00323,8.41881,347.8313,741.5388,-8.396123,422.253,898.62976,-49.694595,335.6062,902.43274,-63.06324,413.50055,1066.937,-10.249586,342.76468,1059.9269,0.63376194,401.2656,1085.7557,-12.532608,353.9917,1077.3458,0.9435645,432.8123,1107.4473,-157.34653,338.633,1103.904,-135.04561
pesas_up
IMG_20241115_104013.jpg,pesas_up,381.62662,497.1823,-5.168159,387.87802,487.74185,20.74964,392.1709,488.49042,20.662788,395.71933,489.35672,20.520645,376.19034,486.04486,15.6732645,370.86624,485.3546,15.762936,365.81546,484.94626,15.721638,400.7067,497.50745,152.97836,357.14554,492.23572,127.72925,387.23853,509.2612,45.037975,374.27164,507.68243,37.522354,429.4501,568.0224,183.57838,316.76083,565.70465,133.04169,435.18036,660.8511,12.800208,312.00287,652.671,-51.73001,430.68573,561.8517,-163.77794,317.11057,550.6646,-243.80507,426.4298,544.3344,-204.31216,314.5462,534.3256,-285.84607,429.23795,538.7718,-184.4871,314.6138,532.12976,-277.3676,427.72446,544.8214,-162.46796,317.05728,537.06384,-247.13158,412.7255,739.5142,10.983858,342.54645,742.38354,-10.895301,420.91083,896.6052,-72.90846,335.0972,901.3125,-63.915264,418.57797,1066.2529,-23.718618,344.3776,1060.017,30.081839,405.96222,1086.2681,-25.461843,352.38327,1076.7308,32.805023,437.67215,1111.7175,-175.0422,337.47177,1104.0299,-106.09491
pesas_up
IMG_20241115_104014 (1).jpg,pesas_up,386.99612,506.07086,7.8666215,393.0943,497.11768,36.784554,396.44946,497.6739,36.732517,400.13306,498.40027,36.60754,380.89655,495.86908,27.84252,376.28174,495.5824,27.939863,370.9299,495.7119,27.936934,401.4967,504.7207,184.83751,359.69354,503.09216,142.42241,391.58154,519.0753,64.42328,378.57938,517.46497,51.79288,429.07895,573.63324,224.64914,321.27524,569.10535,154.2886,440.75818,652.7261,-0.8662227,310.44266,647.7306,-40.783337,434.60703,555.949,-262.56308,315.33118,550.632,-250.75354,433.3613,539.106,-317.8955,313.1658,535.0752,-295.17123,434.3033,534.52155,-293.86566,314.81638,532.93933,-289.38275,432.28928,541.29156,-262.3884,317.2928,539.5118,-254.71675,417.0449,742.13873,13.829612,344.95898,746.9599,-13.715011,421.63138,900.50323,-71.15351,335.843,904.6985,-69.48106,418.2696,1063.2429,-13.784979,345.2202,1061.903,4.147878,405.35376,1082.8383,-16.113792,353.4106,1079.2316,3.2569654,428.31577,1104.096,-180.23831,333.4194,1103.764,-153.14526
pesas_up
IMG_20241115_104014.jpg,pesas_up,385.04852,500.21918,6.3571954,391.29877,490.0862,33.020123,395.11703,490.59006,32.94205,398.47806,491.2819,32.779568,379.3808,488.93335,28.66986,374.2723,488.41864,28.778292,369.09512,488.06854,28.768242,403.24707,500.29517,166.72795,360.62668,495.4571,145.35269,391.0586,513.1406,57.21561,377.89386,511.3506,50.718674,432.67822,568.8038,194.80043,323.59195,569.6377,159.82219,444.93643,654.4783,17.91069,316.67017,652.49927,-19.341394,432.0023,561.3285,-162.1838,316.09662,555.3659,-228.10278,426.52927,542.35504,-203.98296,313.18423,538.9414,-272.13733,429.09235,537.21655,-184.43445,314.1331,536.1352,-265.1633,427.94846,543.226,-160.77591,316.93686,541.95654,-232.84868,416.10687,733.6262,4.3780212,347.76068,738.203,-4.2253284,421.37024,893.0633,-78.41234,336.6176,897.28204,-47.856323,419.86807,1058.019,-25.75477,345.39282,1053.7546,40.066906,408.53674,1077.8457,-27.030527,353.54202,1070.243,42.426205,433.02103,1101.7286,-176.13039,335.11688,1100.439,-93.12604
pesas_up
IMG_20241115_104015.jpg,pesas_up,385.0383,504.8204,6.315349,389.83707,495.80063,35.18045,393.64203,496.3427,35.110504,397.50882,497.0426,34.97332,378.38812,494.6988,28.207458,373.7686,494.56018,28.297235,369.53452,494.69354,28.283548,400.5108,503.69653,179.96141,359.64444,502.94223,146.58904,388.924,517.633,61.37286,376.2119,516.86127,51.382942,430.61465,572.6554,215.25243,321.21677,571.1755,154.7757,446.651,656.0913,12.380024,316.79745,650.8933,-44.24859,432.05478,563.57245,-207.0039,318.6112,555.02734,-255.99448,428.87784,544.8965,-255.7099,313.16534,538.838,-301.0696,430.0505,540.2367,-232.82037,312.42468,536.29425,-296.37756,429.0865,546.07025,-205.81236,315.91434,543.1943,-261.0907,418.2232,741.8845,9.772487,346.01413,746.8472,-9.620898,420.35004,896.8792,-66.075485,335.93695,902.4131,-54.108376,420.40222,1061.2771,-0.5018342,343.678,1059.0752,35.31922,406.7497,1080.8545,-1.3776914,352.22498,1075.8367,36.582283,433.1547,1104.155,-157.8303,335.26978,1102.7595,-111.3659
pesas_up
IMG_20241115_104016 (1).jpg,pesas_up,389.804,508.3882,25.420694,395.12442,499.27036,54.005394,398.9107,499.47998,53.954144,402.66147,499.76562,53.811733,384.20212,498.63306,47.308697,379.5298,498.33337,47.427,375.36896,498.12732,47.420715,406.20978,507.25287,201.79472,367.35242,503.67102,169.14626,393.9147,520.10284,82.17485,381.33344,518.8493,72.31736,434.58493,573.7815,245.22552,326.49222,569.7343,188.51683,450.08102,654.04205,51.51646,318.4491,646.3959,1.1554157,438.84665,561.9122,-170.97337,317.41766,555.9264,-221.69815,438.91678,542.39594,-219.1793,311.93546,539.7861,-264.4411,438.14545,536.9532,-196.39494,313.46735,537.42847,-259.66672,436.43442,543.0255,-169.8222,317.1399,543.5199,-226.4091,420.02182,738.052,9.292257,348.8685,741.3832,-9.121187,421.47104,896.93964,-85.51227,337.4772,899.9437,-72.15582,416.95605,1064.3186,-42.39857,345.42734,1058.7192,-12.437361,405.31314,1083.9452,-45.85779,354.6683,1076.9647,-13.785438,430.4603,1108.5741,-205.38042,335.61752,1102.7091,-165.02483
pesas_up
IMG_20241115_104016.jpg,pesas_up,387.98587,502.86023,24.17047,394.0409,493.26868,51.302914,397.4233,493.53226,51.232567,401.12088,493.8468,51.09439,382.16797,491.99457,44.46522,377.66803,491.26703,44.58189,372.66525,490.55518,44.550198,403.5077,500.248,186.18356,363.9053,496.75766,152.8025,392.45486,514.30975,75.26842,380.04828,512.26294,65.3623,432.3357,570.8454,214.9288,324.1471,569.9627,151.25795,445.12695,653.631,24.424541,319.13394,645.5466,-30.621513,437.85336,559.07605,-168.64311,317.50574,551.10504,-214.26562,435.9997,542.1817,-212.6774,313.833,535.3973,-253.80237,436.65628,537.5906,-190.35513,315.59372,533.2067,-247.53412,433.91464,543.11896,-167.07457,318.5725,538.7586,-217.96161,417.28052,737.54456,16.468555,348.08344,741.75714,-16.360624,422.11533,894.2417,-67.79268,337.67908,902.3633,-78.59594,419.24084,1063.8046,-24.426739,344.38223,1062.4778,-14.557678,405.7227,1084.9103,-26.927015,352.19128,1081.0533,-15.11736,440.7997,1107.8967,-171.0531,337.00473,1104.9305,-157.41248
pesas_up
IMG_20241115_104017.jpg,pesas_up,391.56982,499.0067,0.77432513,397.90683,490.53116,26.032211,401.34503,491.00436,25.965876,405.05518,491.6423,25.846968,386.4928,489.2373,20.597683,382.07733,488.89145,20.688337,377.47534,488.5841,20.668167,408.55902,499.6622,152.58719,369.04678,494.99335,126.402565,396.425,511.65717,48.645283,383.52267,509.8133,40.832302,436.2797,569.0365,180.8243,328.2982,563.3587,131.87228,448.4585,648.1681,10.010064,315.3961,642.07776,-29.993622,440.4309,554.48926,-165.35101,322.76584,547.88727,-199.20131,439.2015,535.7488,-205.14157,317.70636,529.8693,-239.19313,439.4149,531.4228,-184.67061,319.16855,526.39764,-231.29837,437.86584,536.7808,-163.45088,323.01233,532.60803,-201.8827,419.38324,741.50305,8.371126,347.79242,741.5525,-8.306535,423.2618,895.25476,-55.37344,338.6696,895.563,-66.95446,417.28293,1059.261,-8.47406,345.8266,1050.4978,2.49296,403.91217,1078.8362,-10.782853,354.9885,1069.8512,2.7987506,429.93292,1100.2996,-155.87453,336.7246,1096.7742,-132.29614
pesas_up
IMG_20241115_104329.jpg,pesas_up,333.971,516.8009,-85.76826,339.5719,506.51108,-56.934097,343.32712,506.90393,-56.980473,347.26758,507.56995,-57.066753,328.32355,507.10446,-59.63857,324.1048,507.69745,-59.60518,319.73315,508.35648,-59.6307,352.4295,516.4106,98.19348,312.68335,517.0224,85.10059,340.66376,529.19257,-28.087349,327.81363,528.82623,-32.294266,393.67078,603.01746,146.41827,270.63544,592.9795,99.09685,397.1006,686.53564,-96.72735,265.58667,665.30493,-134.01907,400.13864,589.4398,-367.03043,264.24176,574.0723,-383.59747,398.71213,574.16174,-423.86847,264.34152,563.0902,-438.41187,401.60773,568.86444,-403.05392,264.0765,561.4092,-429.75723,397.47467,575.8945,-368.36407,266.5067,565.1829,-388.90735,364.3188,791.1666,11.050639,290.64227,790.2552,-10.963408,374.04114,943.6615,-36.34602,276.00912,946.39734,-62.325165,376.58746,1107.2118,81.60707,252.1217,1109.5413,63.638397,366.79358,1129.8596,83.3921,258.74158,1134.7935,66.104515,395.0032,1158.4779,-106.959915,236.45807,1164.7966,-122.831
pesas_up
IMG_20241115_104330.jpg,pesas_up,333.92694,518.0183,-100.14553,339.557,507.98688,-74.61677,343.17377,508.19595,-74.70194,346.8497,508.62274,-74.80939,328.44138,508.7362,-76.46261,324.30823,509.2859,-76.439766,320.16312,509.87854,-76.481186,350.97382,516.1218,74.17281,313.89566,517.87854,64.94056,340.74252,529.75574,-43.945995,327.92996,529.62317,-47.00295,393.65143,601.2178,124.9239,274.03958,594.33716,95.11231,397.05563,689.1873,-108.106606,275.95126,679.77344,-117.41249,401.70364,594.97046,-382.1086,256.1735,585.7252,-382.7358,402.52502,577.9769,-437.88327,253.9839,571.20306,-438.46542,406.23914,571.8998,-420.93384,252.86217,567.357,-433.0071,401.35443,579.1053,-384.5238,257.26517,573.6358,-390.07187,363.84497,789.357,9.863489,294.70013,786.82275,-9.778552,372.1153,947.8899,-42.376244,278.91656,946.96423,-63.753887,376.83676,1108.1708,107.03124,255.1,1109.1934,83.77295,367.31488,1128.6313,112.588585,259.4437,1131.3616,89.32536,395.4498,1156.6864,-70.462074,243.55492,1163.1727,-96.48246
pesas_up
IMG_20241115_104331 (1).jpg,pesas_up,321.09457,525.7447,-100.15465,328.1542,515.6711,-72.04529,331.9724,515.9043,-72.13134,335.97885,516.3344,-72.246796,315.65872,516.08435,-75.02922,311.32214,516.47,-74.99805,307.36157,516.896,-75.00266,342.9479,525.07275,87.26457,302.7949,525.40533,73.82142,329.2044,537.58496,-40.262638,314.25864,537.06323,-44.576332,379.78165,612.69727,152.47215,262.23773,608.85925,112.43355,383.5248,697.4249,-73.184555,263.61334,695.12585,-88.63084,395.8041,609.1538,-364.10327,243.86787,602.4313,-381.95215,398.55698,595.80457,-424.34515,237.03436,586.8757,-442.56415,397.06067,590.2904,-408.8603,237.14165,583.58923,-448.5886,392.34543,595.2125,-368.12344,241.70158,588.4155,-393.9287,353.76025,798.63794,5.3279085,279.8286,797.3755,-5.2217116,363.01578,952.47107,-64.32436,264.55753,954.7437,-56.573036,367.46512,1118.2539,28.707779,241.0273,1119.26,42.40564,360.1796,1143.8417,27.711555,250.3521,1145.9023,42.372414,383.0319,1168.8323,-161.61623,221.28113,1172.3372,-140.41057
pesas_up
IMG_20241115_104331.jpg,pesas_up,316.7844,522.6779,-93.81418,325.89032,511.836,-68.954575,330.585,512.12616,-69.0002,335.02615,512.72394,-69.07026,313.5396,512.57513,-68.36436,309.76492,513.00006,-68.33287,306.2348,513.4814,-68.36321,344.69626,522.4126,73.905266,304.73065,522.24805,76.222755,326.12848,533.1391,-40.434677,311.22427,533.42944,-40.198566,383.701,610.04407,128.84906,264.14664,602.5465,101.77475,387.5926,697.55554,-93.6537,264.27747,685.5011,-103.74734,400.69128,607.4496,-365.19492,243.91348,596.29565,-379.2671,404.50793,594.50244,-420.6894,239.80519,581.53625,-437.00842,404.36487,589.93604,-405.75818,241.45764,578.6141,-436.6544,401.14603,593.8639,-368.5016,244.99228,583.6075,-388.33466,355.93826,798.9009,3.782688,282.29703,796.83887,-3.74597,364.41714,949.20544,-45.999733,266.62015,951.86743,-52.00389,369.5263,1112.3306,63.129333,240.65657,1115.9458,56.464973,362.69894,1134.817,64.50428,246.82065,1142.7405,58.386845,376.264,1166.574,-118.48958,228.11865,1172.514,-117.6602
pesas_up
IMG_20241115_104332 (1).jpg,pesas_up,319.9594,528.0256,-67.92182,327.3084,517.77246,-39.02865,331.01694,518.23804,-39.0995,335.413,519.1022,-39.17305,314.61334,516.9662,-41.46506,309.8609,516.9116,-41.42291,304.7904,516.99133,-41.452858,341.6943,528.43024,114.62527,298.77866,525.6245,102.28791,327.67935,541.20105,-11.085609,311.45218,540.0158,-15.074641,377.8669,613.46686,155.55289,259.11792,608.39044,129.75407,377.3757,703.29987,-102.29989,255.07254,696.725,-84.71434,383.3279,612.389,-412.96085,238.76123,606.3381,-366.13913,385.09946,597.1491,-476.55563,231.61482,590.39197,-424.5602,388.15424,590.3712,-459.33182,231.79448,586.7276,-425.05667,384.5049,596.8955,-416.3057,235.16028,592.80096,-375.72955,350.31027,799.7141,5.167539,275.91357,796.44934,-5.109463,355.57568,951.85925,-37.90632,257.8769,953.1479,-49.92619,359.9389,1118.5042,66.927216,233.88446,1119.1729,66.04267,351.84848,1140.6025,67.62605,238.89986,1145.657,68.19325,368.64706,1168.2445,-123.07629,220.00603,1176.8354,-115.98526
pesas_up
IMG_20241115_104332.jpg,pesas_up,318.59213,530.1323,-69.35109,326.49225,520.0676,-40.90572,330.44553,520.7291,-40.966892,334.479,521.6045,-41.032703,313.60257,519.2902,-43.79424,308.93744,519.4187,-43.752205,304.53192,519.70526,-43.781185,341.3997,531.2708,111.72748,299.44727,528.653,97.12812,326.94528,542.7196,-12.808442,310.60593,541.67676,-17.418943,377.25378,615.10736,159.47963,259.00482,609.3181,119.48124,380.5044,702.02344,-91.59114,255.49991,695.019,-102.21981,392.22714,610.30756,-405.15198,240.34752,601.27783,-383.74908,398.7323,596.1204,-468.29996,233.71045,585.999,-441.97177,398.64053,589.1047,-452.92572,235.15555,582.05066,-441.6561,393.64423,595.74963,-409.56113,239.3808,587.90796,-392.73056,350.97382,801.51556,7.818208,277.3025,798.64325,-7.78384,358.12628,954.7019,-44.69115,258.9666,956.7582,-55.754807,361.49933,1121.8365,46.96121,233.57806,1122.4666,45.668507,352.1933,1144.8212,46.190132,241.25697,1148.4819,46.31382,371.80695,1171.7666,-142.88101,218.87285,1180.5658,-137.41444
pesas_up
IMG_20241115_104333 (1).jpg,pesas_up,314.00253,529.46826,-73.70734,323.17032,520.5088,-44.609535,327.56674,521.2062,-44.66477,332.39688,522.164,-44.71266,309.84442,519.05,-46.498405,305.17053,518.61804,-46.472313,300.6672,518.3068,-46.507706,340.12207,530.75195,111.380905,296.1264,525.5465,101.245224,322.17062,542.84314,-16.080761,305.28357,539.943,-19.353762,373.9126,618.4216,157.9788,254.85501,606.2264,125.36571,373.60437,705.1309,-95.775,246.62357,695.38275,-93.16449,382.7882,617.6702,-414.4754,235.05286,603.05817,-365.29688,389.99084,602.7617,-479.09906,233.10208,591.13245,-422.8084,387.37457,594.5013,-464.50345,233.42642,586.5784,-418.82483,382.1958,601.28894,-419.5173,235.73804,592.1112,-371.99176,346.44635,803.2148,8.411746,273.02957,800.1008,-8.369342,352.5399,955.5476,-32.513412,255.69069,957.2846,-56.514412,357.68713,1119.7255,76.85485,224.96967,1127.6753,62.983276,349.3688,1143.6842,77.57877,234.61752,1153.428,65.00393,366.32996,1170.27,-111.24951,212.58655,1177.5221,-123.10658
pesas_up
IMG_20241115_104333.jpg,pesas_up,317.58536,529.97095,-62.936344,325.2711,520.6161,-33.80422,330.13425,521.2573,-33.85889,334.58484,522.2023,-33.91239,313.03802,519.8314,-37.634033,308.407,519.6742,-37.609756,303.61646,519.40436,-37.641113,342.1976,531.30396,121.6532,297.7486,525.47296,102.57415,324.70227,543.95013,-5.3187675,309.5016,540.8475,-11.177239,373.2364,616.6422,171.425,255.24458,604.842,119.12983,374.60815,703.4623,-81.10374,251.53688,696.0438,-96.29962,382.56647,611.53296,-396.70282,236.03366,602.1483,-359.14505,384.38666,595.75024,-460.16544,232.18475,588.5023,-416.03616,388.0259,589.3454,-445.04852,233.03645,584.3727,-413.30453,383.24673,595.8072,-401.62933,235.72974,590.1353,-366.22894,346.9461,803.9055,16.854548,272.8559,800.32117,-16.793886,354.20172,958.1632,-18.400455,254.35194,956.30054,-63.753586,356.58075,1118.8179,85.96563,227.13371,1125.883,57.5399,346.2849,1142.2578,86.48664,235.95483,1153.4119,60.01117,373.75983,1171.238,-92.91547,212.55592,1178.9869,-123.60355
pesas_up
IMG_20241115_104334 (1).jpg,pesas_up,316.907,533.7881,-64.56858,323.3335,524.5803,-33.71494,326.8241,525.16345,-33.747375,330.4763,526.0114,-33.803005,310.7709,524.342,-36.91589,306.28897,524.5956,-36.88108,302.15674,524.93634,-36.902508,336.05002,535.42834,121.14862,295.48083,534.2366,104.37531,324.68176,546.0121,-8.039369,308.98618,544.9768,-13.350431,370.52017,618.90674,151.39505,252.61711,610.69653,124.45498,378.14984,703.4603,-105.78511,233.48149,673.0885,-109.68134,375.3797,612.50726,-398.59824,235.19504,592.6691,-369.38452,374.4952,599.33887,-460.06232,237.4067,584.0222,-424.91718,380.7102,594.05304,-441.22708,239.75581,581.04236,-415.99524,374.8894,599.53644,-401.03073,240.61955,584.17786,-374.05417,345.42337,807.06433,1.9588449,271.20267,802.7984,-1.9293166,350.94006,962.78674,-53.539463,250.60222,960.2556,-59.267345,354.8832,1125.7749,43.507835,226.47444,1126.9049,44.553574,347.54843,1147.2798,42.763615,235.67717,1152.6467,44.816605,362.69748,1176.3182,-151.70064,206.84616,1184.0802,-141.78613
pesas_up
IMG_20241115_104334.jpg,pesas_up,316.1479,530.9534,-74.36207,323.9503,521.4969,-43.798584,327.5352,521.93005,-43.859287,331.79236,522.7335,-43.926723,311.33963,520.5214,-47.561134,306.49945,520.31226,-47.517216,301.44687,520.20807,-47.529335,338.05777,531.4759,118.147415,295.28125,527.4614,98.79342,323.85934,544.24963,-14.520435,307.16418,542.31976,-20.471521,370.9426,614.5689,167.34187,255.16223,604.98834,119.734764,376.9889,702.04004,-90.22112,247.9284,687.25714,-114.43702,380.02026,610.1909,-405.1066,234.50856,599.6459,-396.6823,380.32388,596.21826,-470.5358,232.92943,589.24506,-456.39807,383.2816,589.7311,-453.7296,233.4063,584.8192,-452.2898,380.60193,596.31055,-408.85577,235.76886,590.23645,-403.76605,345.8384,803.1245,12.230864,272.37738,798.6307,-12.146742,354.1914,956.85736,-39.05494,254.66689,956.4402,-65.57595,356.7767,1122.9247,60.186825,225.68443,1126.7084,41.594738,347.69797,1144.5302,59.88118,233.65334,1150.2639,42.408215,371.09378,1170.1201,-128.85083,209.03537,1183.2374,-146.04536
pesas_up
IMG_20241115_104335.jpg,pesas_up,316.21735,528.3898,-57.901024,322.4619,519.0211,-29.513828,326.75577,519.93634,-29.576086,331.10745,520.96423,-29.645115,310.55917,517.5691,-35.020966,305.79346,517.4661,-34.998528,300.9053,517.6755,-35.028023,337.4384,529.4508,121.23476,294.87973,525.9482,95.95242,322.55267,541.1724,-1.9574044,307.5636,539.45605,-9.649355,369.52515,613.9642,170.8928,255.62819,608.13794,107.218506,374.21484,697.07733,-83.24672,250.38048,691.6119,-99.03988,385.09912,602.1915,-402.06906,239.38441,603.4353,-360.49594,387.0283,589.8021,-464.11328,228.3241,583.5613,-417.70547,387.28,583.1315,-449.4215,228.04999,579.7692,-419.43097,384.81866,589.89166,-408.02628,233.18909,586.66864,-369.51297,343.8897,801.5122,14.539916,270.30554,796.3202,-14.523434,351.754,954.5674,-42.063416,252.00821,951.96783,-73.99887,353.15042,1117.136,52.913403,221.3781,1122.7297,27.40259,343.61362,1139.0951,52.724648,227.71066,1147.0593,28.678133,367.962,1168.9065,-125.69213,212.9866,1175.9751,-150.87064
pesas_up
IMG_20241115_104605 (1).jpg,pesas_up,277.60385,575.4212,-43.042244,287.80502,566.10547,-14.03825,292.09705,566.8407,-14.055514,296.04166,567.7709,-14.114699,274.42133,565.425,-14.337841,269.98212,565.45703,-14.3356695,265.93643,565.65094,-14.351335,303.45593,576.2566,133.19572,262.25894,572.9242,130.33922,286.95676,588.51373,11.089947,269.0679,586.4802,9.734983,339.2797,655.481,184.07066,213.1082,649.5349,172.13992,376.27908,729.48914,-0.85037065,157.6445,721.28455,-1.073388,350.421,633.68677,-201.5425,184.67047,632.3091,-225.05922,347.46036,613.25586,-240.87103,185.22585,611.8928,-270.2909,347.7878,604.39886,-215.9237,189.90555,607.09766,-254.51157,344.76233,615.0073,-196.61577,192.77783,615.4871,-224.98076,298.2689,861.6956,2.5574834,215.67981,850.54315,-2.645529,299.1806,1017.77026,-107.88082,174.67213,1008.5663,-94.94259,299.55692,1196.6534,-62.431774,141.5524,1190.5042,-43.438698,285.97076,1225.3201,-66.881714,149.60486,1218.9102,-48.05597,327.37494,1231.8079,-242.65834,96.34445,1235.482,-228.02834
pesas_up
IMG_20241115_104605.jpg,pesas_up,292.67508,568.9682,-23.241556,301.1853,559.1045,5.354009,305.29874,560.02466,5.32315,309.26218,561.1761,5.2751555,288.6481,557.85974,5.587767,284.48306,557.5684,5.5791717,280.86774,557.3999,5.5157256,316.03564,570.9148,142.8616,276.62094,565.1394,142.59224,301.70148,582.9681,27.160982,284.38107,579.7118,26.505295,348.74158,643.34656,174.87236,228.05347,638.86316,176.86685,389.51993,717.0691,-33.324226,176.62357,710.6884,-0.5269132,351.2829,625.12054,-231.96823,205.18834,620.3461,-205.90163,348.84982,602.0002,-270.06152,209.34685,601.79596,-253.00108,348.1681,596.9896,-241.96368,216.16135,599.33545,-228.671,344.75018,605.2411,-225.75668,218.54634,606.17426,-202.45807,311.2637,852.2954,-7.307309,228.8512,838.493,7.211373,307.14554,1007.3352,-161.66039,167.7336,978.6327,-233.84741,301.90903,1188.2941,-156.24323,145.20195,1168.3832,-199.87474,289.50482,1222.0034,-163.43842,154.62819,1198.7837,-203.72581,328.16492,1228.54,-330.7504,108.98538,1232.6714,-372.7377
pesas_up
IMG_20241115_104606 (1).jpg,pesas_up,279.59558,579.53986,-33.522495,286.76285,571.6236,-6.3233056,290.5991,572.7397,-6.363577,294.6301,574.1993,-6.4169745,274.199,569.7003,-11.461885,269.38568,569.4561,-11.462253,264.65704,569.43866,-11.495323,299.70456,583.899,128.81885,255.7531,577.536,106.24775,287.39456,593.9029,16.417076,269.12668,591.0089,9.490073,330.56317,655.6921,171.65892,205.96101,653.09845,116.629425,368.72253,736.4685,-34.128723,158.81061,734.5532,-69.45453,339.72095,649.58496,-255.67218,185.45926,641.9874,-253.87868,335.20084,629.443,-299.87714,186.04385,624.5462,-296.52457,335.02884,621.48376,-272.58713,187.96753,619.0981,-281.68307,332.64407,630.1343,-251.72289,189.89787,624.8993,-252.846,298.93652,866.5881,12.320428,216.56787,861.59174,-12.419246,303.29633,1029.5122,-63.666,177.7549,1021.58984,-66.593025,310.59335,1205.4282,-6.071098,145.80914,1195.1757,-2.4972618,299.98804,1223.1973,-8.5833025,155.07051,1214.2742,-4.1316805,338.9183,1231.9314,-164.3054,119.86168,1229.8494,-161.77272
pesas_up
IMG_20241115_104606 (2).jpg,pesas_up,268.11194,579.23364,3.021991,275.77475,570.93744,29.336664,279.66858,571.5076,29.326487,283.53888,572.45825,29.273521,263.93796,570.7265,25.056528,259.73923,570.9769,25.066534,255.89055,571.3799,25.032692,289.03363,581.4691,158.6048,250.14656,578.17017,139.87488,277.29404,592.5743,50.95669,260.63623,590.4701,44.974106,324.48956,657.8761,196.94652,204.70126,651.0149,149.60292,361.6422,732.40796,-6.424907,149.29742,724.3737,-36.580475,340.3951,646.85046,-209.69388,183.61624,631.54376,-200.12225,336.28757,627.4273,-248.71126,183.23651,612.287,-237.26819,334.95718,619.7052,-218.94029,186.19754,608.4928,-216.44264,332.6438,627.3272,-203.95618,189.18452,615.7327,-196.73042,293.2637,862.5007,10.560806,211.53583,858.46497,-10.716612,297.63266,1024.3552,-68.15755,177.22586,1016.4485,-66.02388,308.43622,1195.5475,-15.9328575,143.24599,1193.7218,-12.211686,295.82568,1215.869,-18.366825,152.40842,1211.0403,-14.263246,339.67044,1226.1707,-173.43994,114.381256,1225.7948,-169.216
pesas_up
IMG_20241115_104606.jpg,pesas_up,269.06213,580.0513,-18.641815,276.38956,572.0792,8.876916,279.92676,573.0392,8.838976,283.679,574.37933,8.778781,264.71042,570.88715,3.0699499,260.08344,570.89294,3.0873456,255.68259,571.1734,3.0613494,288.80182,584.2001,144.71527,248.3825,579.0704,118.15416,276.57068,593.3648,31.45897,259.01797,591.3817,23.373386,322.9777,658.5222,187.27205,199.66586,656.1687,137.87198,363.62177,735.62024,1.2449156,151.87418,736.6122,-30.462643,335.3071,648.93854,-198.65488,175.52594,642.9479,-206.29198,331.17212,629.40173,-238.04958,173.76921,625.4935,-245.27742,330.3259,621.4452,-214.09596,174.91339,620.225,-232.88971,327.8404,629.7543,-194.99301,177.98286,626.0447,-206.02728,292.89377,866.601,9.639451,210.5592,862.1946,-9.690325,300.7141,1028.5704,-90.46044,176.85669,1019.42535,-80.01019,310.5314,1205.884,-53.655453,143.91025,1196.1323,-38.59953,299.596,1223.6298,-58.18843,154.21422,1218.6824,-42.847816,343.60843,1231.2811,-208.83432,104.35045,1232.8043,-196.19156
pesas_up
IMG_20241115_104607 (1).jpg,pesas_up,276.52832,578.82434,-9.102485,279.99963,570.1439,21.838823,283.51825,570.9301,21.803802,287.07568,571.92664,21.733286,269.38477,568.9822,11.342961,265.23572,568.7831,11.353032,261.00885,568.8464,11.335184,290.36072,580.85834,170.65,250.38115,577.5394,121.640564,283.11578,591.4741,46.11185,268.61584,589.39075,31.530249,323.29648,658.3418,220.12703,201.60959,649.9164,141.99513,360.75604,735.66376,18.569496,152.71848,727.6038,-32.87288,339.32416,641.97656,-207.77707,180.44722,628.9534,-190.80475,335.5191,622.4772,-250.4464,178.18214,608.94275,-225.29279,334.82367,614.137,-222.48958,180.6571,605.2385,-211.22038,332.07648,623.5162,-203.86632,184.24277,613.3386,-188.95757,294.51862,865.8479,12.405718,211.86401,862.46265,-12.459304,298.88034,1025.9663,-98.99437,175.48938,1019.411,-96.10145,306.432,1201.3923,-61.95631,143.26453,1200.5516,-55.90888,294.99957,1221.7163,-66.46111,152.25989,1223.513,-60.892197,334.11273,1230.0791,-222.8657,107.202286,1236.8503,-224.3708
pesas_up
IMG_20241115_104607.jpg,pesas_up,264.07587,577.1544,-10.077941,271.84924,568.4637,15.984164,275.55984,569.10333,15.980321,279.2177,570.1019,15.929406,260.15253,567.90735,13.8384,256.22543,568.0445,13.84954,252.43634,568.3868,13.810528,286.2572,579.7806,143.74263,247.04143,576.4518,134.34174,272.8951,590.76715,36.92395,257.04404,588.89716,33.665123,320.6193,656.2118,184.22456,202.31291,647.6138,144.1426,362.17722,730.8459,-13.574129,147.92873,727.09814,-34.692356,341.53513,643.4272,-211.4589,180.92503,636.9751,-199.59157,337.3763,621.74207,-251.17632,182.704,617.12714,-237.40594,336.33786,615.84924,-221.78522,185.8086,614.12756,-217.68407,334.25555,622.4065,-205.57297,188.55762,620.54205,-196.32716,293.43027,861.1316,10.112182,213.33818,858.7548,-10.242561,297.7281,1025.9547,-51.939278,175.7635,1017.09106,-56.14362,307.582,1197.3623,11.752714,145.60822,1191.5319,5.7804427,295.98553,1214.396,10.745606,151.83255,1206.5413,5.044686,331.81006,1224.6721,-139.29738,117.40326,1221.4177,-146.41904
pesas_up
IMG_20241115_104608 (1).jpg,pesas_up,266.5027,584.79755,-5.948478,273.5485,575.92194,23.631737,277.1632,576.3566,23.609697,280.8239,577.18146,23.54387,262.46738,575.8136,18.843254,258.46182,575.9907,18.861507,254.4544,576.4111,18.82293,286.0602,586.1791,171.82916,249.46477,583.4939,148.02861,274.8006,596.97565,49.293934,259.05518,595.9409,41.880672,322.4907,660.00146,223.01544,203.37802,653.7108,177.6486,361.2237,736.09644,44.289062,150.29808,731.5497,-8.95607,339.40182,649.3091,-157.98592,180.78902,641.9592,-213.15137,335.80307,629.91235,-196.24234,179.85532,623.9544,-253.24153,334.82462,622.7108,-173.50078,183.55908,620.6393,-238.32399,332.04742,630.4597,-154.30904,187.16853,627.1341,-211.93336,293.014,869.6203,7.2429433,211.6609,866.41266,-7.2752995,298.3645,1028.6697,-112.67982,174.80583,1025.8824,-96.87744,309.38617,1208.1963,-77.97203,143.01804,1205.2748,-56.937294,297.29117,1231.3894,-83.441246,151.53658,1233.5175,-62.843185,338.81912,1238.2008,-249.38536,100.52765,1247.1512,-235.69144
pesas_up
IMG_20241115_104608.jpg,pesas_up,263.8426,583.0964,12.402355,271.3469,574.67596,38.90959,275.09293,574.96606,38.878757,278.76346,575.5388,38.804142,259.91125,574.986,37.69655,256.3398,575.2557,37.72713,252.94287,575.5738,37.684658,284.28708,584.2648,174.79187,248.30318,582.50604,168.19856,273.05948,594.5587,63.216022,257.14423,593.48846,60.772247,324.36752,659.3535,214.12543,202.9901,651.3887,193.57846,363.36182,738.29456,26.262789,151.07938,730.32275,6.8267813,339.58252,649.7698,-171.46797,180.94313,641.6384,-194.25455,336.49008,629.11005,-209.98718,180.46004,622.82605,-234.64207,335.9294,621.7889,-188.21576,183.27583,618.6849,-216.8719,332.7069,629.746,-167.86258,186.89525,625.21643,-192.64479,291.66522,869.339,3.2434814,207.77344,864.8988,-3.3182282,295.63235,1031.5139,-129.85944,175.14673,1026.1061,-93.90461,309.1579,1214.199,-106.614716,139.99385,1209.1342,-69.05874,297.00015,1239.3866,-112.662796,152.22417,1237.7179,-75.8575,341.3615,1244.5039,-270.24792,91.647415,1250.9803,-237.19426
pesas_up
IMG_20241115_104609 (1).jpg,pesas_up,266.69073,587.11053,-14.684244,273.9131,577.6429,14.25099,277.52942,578.128,14.2305,281.17352,578.9989,14.165963,263.24234,577.3489,8.140694,259.47784,577.4846,8.159843,255.82701,577.84216,8.144703,286.27432,587.02704,161.19275,250.92865,584.16144,132.76897,275.41708,599.1373,40.443085,259.47806,597.89636,31.768366,323.22134,661.8391,215.40277,204.2415,655.4615,155.49672,359.24667,737.576,25.954758,152.70506,732.76636,-26.782236,337.5905,651.18787,-193.83705,181.1296,641.6245,-220.13145,334.598,632.1429,-236.56697,181.0999,623.7456,-260.6581,333.99908,623.98785,-212.21428,183.88847,620.31915,-247.40428,331.1059,631.93896,-190.36961,186.50848,626.2357,-219.0554,292.65762,868.6844,11.454459,210.88197,865.6443,-11.492218,297.4926,1029.6527,-78.81952,177.57526,1025.1206,-75.91926,307.06335,1202.9036,-23.119854,141.22778,1206.5574,-14.094067,296.735,1223.0525,-26.044832,150.37578,1225.3934,-17.019602,335.8181,1232.155,-188.55708,107.51216,1238.7285,-186.6436
pesas_up
IMG_20241115_104609.jpg,pesas_up,272.599,586.0297,-23.058983,277.95465,576.85876,2.6284032,281.2666,577.33154,2.6098113,284.65762,578.20624,2.5497081,267.56778,576.4426,-3.3986552,263.70813,576.4407,-3.389449,259.52863,576.6233,-3.4301143,287.80862,586.0808,133.01167,251.14081,582.5793,105.28032,279.0467,598.3132,25.777145,264.23666,596.47516,17.292555,322.1992,659.82605,176.98648,202.94049,652.8665,121.05599,357.10974,739.6656,-16.282627,151.25479,732.2253,-56.204803,339.0715,652.2908,-226.98846,182.02211,640.3446,-224.46046,335.67743,631.6543,-266.71808,180.94547,621.1069,-260.31244,335.79034,623.2679,-240.1064,183.80444,617.7897,-244.73969,333.0468,631.0105,-222.58817,187.04631,624.231,-222.1962,295.0573,866.00476,10.507479,213.5784,863.5758,-10.590241,298.70462,1030.4985,-62.024345,174.08264,1019.9488,-60.506596,306.53217,1200.3561,-5.7441754,148.15366,1191.2941,-0.7418543,295.73508,1215.219,-7.667283,154.5078,1206.6619,-2.3296094,330.45923,1224.4231,-156.91504,113.11373,1240.038,-155.11676
pesas_up
IMG_20241115_104857.jpg,pesas_up,350.74527,632.3453,-96.85798,355.05563,622.1272,-76.83575,358.08026,621.8354,-76.90803,361.26102,621.62036,-76.99894,345.94345,622.32385,-77.77624,342.98764,622.192,-77.725716,340.23746,622.2181,-77.73289,363.02335,625.2689,62.849228,334.90024,626.82733,57.224483,357.16092,642.10034,-41.430363,345.51654,642.1681,-43.377808,404.12088,694.3605,138.2724,289.98373,689.85895,132.90994,425.80588,790.3266,-40.68972,262.40286,776.22064,-14.174034,429.95416,712.4498,-331.08453,258.15872,695.43286,-298.72156,436.5427,698.5865,-385.35626,255.43655,684.40314,-349.66754,434.5815,691.7832,-375.3598,257.21805,678.73724,-353.4286,430.2344,696.1249,-335.14383,259.828,683.5083,-307.91824,374.93307,868.4679,-7.9930344,305.77774,868.0801,8.208908,372.0275,1010.90875,-93.42227,294.84738,1009.62335,-63.401554,376.7775,1169.4999,-17.674465,291.07117,1172.1896,15.7493725,360.78174,1193.7112,-19.29749,302.54297,1196.4601,14.4181595,388.61182,1212.8691,-182.79857,257.6766,1207.2856,-149.58945
pesas_up
IMG_20241115_104858 (1).jpg,pesas_up,347.4614,635.0354,-98.424194,352.1618,624.9479,-77.283806,355.24564,624.6502,-77.35875,358.5117,624.393,-77.44793,342.83347,625.05096,-78.18671,339.9383,624.8699,-78.13506,337.211,624.8406,-78.13086,360.96774,627.7876,64.54286,332.29135,629.2113,58.949112,353.6496,644.12415,-42.508606,342.40366,643.885,-44.453384,404.88052,696.3231,139.27911,290.069,693.9643,133.30162,426.14316,790.82056,-32.36814,261.94247,780.73096,-14.351585,431.02863,713.4946,-313.03632,257.42337,701.0422,-299.31866,438.83926,700.4066,-366.7544,253.21976,689.08203,-350.16492,436.20728,692.3469,-357.49042,253.9993,682.0049,-355.23633,431.73865,696.71533,-317.03107,256.6697,687.1196,-309.0913,376.07043,871.74243,-7.4799585,305.26355,871.03485,7.6876073,371.9938,1014.84937,-100.2176,293.5645,1008.2417,-63.411106,375.4666,1171.8584,-30.632603,289.32278,1171.0325,12.082587,361.77673,1193.9135,-32.930477,298.4254,1194.3397,10.423476,388.66742,1212.7053,-198.21564,259.88162,1205.9894,-152.64308
pesas_up
IMG_20241115_104858.jpg,pesas_up,348.87637,634.85803,-78.74159,352.44266,624.555,-60.921066,355.01352,624.2023,-61.00135,357.6645,623.8855,-61.110497,344.6797,624.9207,-62.128704,342.0893,624.85956,-62.08503,339.6892,624.9331,-62.103546,358.7352,627.268,68.41413,336.30838,629.46954,63.19473,354.1956,644.0199,-26.8024,344.96518,644.50256,-28.673948,401.92877,695.82227,135.2314,291.60522,693.299,136.66661,423.19495,788.42725,-38.30509,262.84726,778.18945,-0.30721462,429.34167,716.255,-299.0378,260.42697,699.525,-246.03987,435.92154,701.6354,-347.97037,256.03424,687.0209,-289.07642,434.17285,695.47864,-334.54514,257.39468,680.2969,-292.1386,429.7236,699.9829,-301.40567,260.51978,686.0176,-254.1641,372.47336,869.9868,-14.055696,310.57227,870.37286,14.319774,366.75525,1012.0679,-102.25934,297.06308,1008.9137,-51.277336,373.20618,1170.1171,-29.622116,291.21472,1174.8162,27.070438,356.16315,1196.7778,-31.40325,304.10666,1200.105,26.086712,385.98697,1213.0491,-194.11914,253.98152,1205.6017,-134.38803
pesas_up
IMG_20241115_104859 (1).jpg,pesas_up,352.80255,638.0759,-114.26837,356.52432,627.9639,-93.39708,359.43536,627.7495,-93.471756,362.25674,627.5373,-93.56842,347.39725,628.02386,-98.28312,343.95914,627.8537,-98.24906,340.83536,627.7673,-98.25365,362.35464,631.10284,51.74633,334.8141,632.33856,28.492565,358.10394,647.62354,-56.33162,347.02197,647.72046,-63.3999,402.33084,699.7881,134.31473,290.2353,695.2014,106.07109,422.6967,791.79016,-36.895226,263.0143,781.9796,-41.919964,433.00952,713.86774,-323.4492,262.245,702.7603,-308.2196,440.8263,701.43384,-376.01056,259.3001,691.01904,-356.1857,437.39478,694.7567,-366.52316,259.67737,684.85223,-360.15646,432.88297,699.0372,-328.04694,262.81638,690.3191,-316.59573,375.82474,872.07153,-7.8734026,307.7291,871.2432,8.115641,367.82373,1014.2151,-94.4732,297.51013,1012.0056,-56.781506,377.89578,1172.9985,-25.08811,289.09677,1175.2736,14.8695755,365.28568,1198.0361,-27.417076,299.7199,1198.3816,12.894058,388.7357,1212.2035,-189.627,252.72171,1207.6149,-149.28008
pesas_up
IMG_20241115_104859 (2).jpg,pesas_up,349.4937,641.72003,-76.374855,354.2861,631.6948,-58.46146,357.54187,631.6241,-58.536156,360.72217,631.59955,-58.622093,345.25595,631.135,-61.529144,342.05533,630.76843,-61.512268,339.1859,630.5774,-61.527264,361.95715,634.0838,73.57411,334.62683,633.5416,59.36163,354.0889,650.2607,-23.08437,343.99954,649.9053,-27.515326,402.9326,699.10095,146.45842,288.43973,697.9287,132.04202,424.77606,794.1266,-23.872196,263.19843,786.4772,-3.1827786,431.25458,719.552,-306.66104,259.86044,709.0663,-261.82147,442.11044,706.4846,-356.28903,254.4168,696.09375,-307.37354,439.40558,698.9889,-349.6366,254.97847,689.1772,-311.9064,433.91916,703.9481,-312.0495,257.68307,694.4341,-270.4062,375.43005,873.9239,-7.0425453,304.11295,873.27356,7.237065,370.46786,1019.35364,-94.80188,294.84836,1017.27136,-68.842545,379.18195,1170.7053,-32.80952,287.665,1179.0076,-0.8402457,368.8649,1196.6473,-35.466446,297.33127,1201.3154,-3.1707556,390.8745,1211.5486,-191.41206,251.22658,1209.6033,-161.32718
pesas_up
IMG_20241115_104859.jpg,pesas_up,346.5936,636.2051,-86.95641,352.0078,626.23236,-66.20225,355.211,625.94916,-66.26844,358.56448,625.7394,-66.362946,342.51855,626.3518,-67.15195,339.64764,626.1655,-67.09696,336.91815,626.14734,-67.07756,361.59393,629.22095,75.35854,332.60107,630.5304,69.53701,353.0761,645.1983,-30.600628,341.42325,644.94666,-32.6312,403.5608,697.56866,154.41492,291.0312,694.70496,147.31038,426.32117,790.9327,1.0947088,262.32965,780.9421,16.975067,430.77817,714.358,-258.99094,259.44666,702.88184,-256.16406,439.27618,701.1218,-307.7916,254.17757,690.67596,-304.11517,436.57373,693.28394,-301.4537,254.76064,683.2689,-309.0036,431.72235,698.0864,-263.36697,257.79904,688.4802,-265.38806,375.83118,869.95184,-5.8566203,305.56552,869.0711,6.0681505,372.9277,1014.7476,-117.44892,292.7304,1007.94617,-84.78881,377.04254,1172.7148,-61.00363,288.7547,1175.356,-31.242893,363.03287,1197.0182,-64.114296,299.09732,1199.0623,-34.820747,391.96048,1211.8201,-223.46481,254.53409,1206.8965,-196.04602
pesas_up
IMG_20241115_104900 (1).jpg,pesas_up,347.14355,641.5089,-85.607155,352.15942,631.1163,-66.66181,355.15155,630.92334,-66.73647,358.3275,630.7494,-66.834045,343.629,630.83826,-69.56643,341.0518,630.55884,-69.53112,338.73392,630.44183,-69.5531,360.7004,633.90283,71.93048,335.64563,634.3006,58.68977,352.60516,650.23706,-29.68989,342.35562,650.0143,-33.85628,402.46603,701.07556,154.55821,289.5751,697.97577,133.9804,425.69592,793.60583,-19.20222,260.89432,783.25195,-0.76955706,432.18082,721.2839,-316.10355,258.20868,704.87396,-263.37637,440.86066,708.4893,-369.22964,253.66425,693.01624,-309.06714,438.57584,701.5751,-361.25412,254.10458,686.2351,-314.51715,433.6925,705.7954,-321.32077,256.5132,691.4273,-272.44653,376.50803,872.4867,-0.24110815,307.44046,871.8641,0.44933727,374.74036,1014.9131,-110.249016,292.14288,1012.61566,-87.461815,378.83197,1173.0704,-52.72363,287.37003,1176.846,-22.66842,366.5982,1197.3883,-56.15713,296.518,1199.6831,-25.559706,392.79703,1213.2556,-221.3161,253.57748,1211.2118,-192.5167
pesas_up
IMG_20241115_104901 (1).jpg,pesas_up,348.81137,643.17444,-113.47387,353.22333,633.01666,-95.503296,356.04465,632.7283,-95.56211,359.00534,632.5331,-95.67079,345.23328,633.1662,-99.2018,342.4782,632.98596,-99.181656,339.93134,632.89075,-99.20185,361.12634,635.87134,43.55715,336.4238,636.99194,26.615265,353.9707,652.36316,-56.88771,344.31662,652.89307,-62.161873,401.95444,706.1395,133.16467,291.11172,700.4188,99.329346,423.29013,796.77277,-18.037846,259.7376,781.3402,-49.210487,430.64877,721.5875,-268.03717,261.4089,703.30334,-295.36935,439.37207,708.3097,-312.29382,257.98425,691.87616,-339.1658,438.50226,703.00305,-301.65625,260.49902,686.52356,-341.0974,432.69992,707.60535,-271.23547,263.13934,691.893,-302.43015,374.7539,877.19714,-5.323351,308.15976,877.21313,5.560894,369.8996,1022.8116,-93.86768,296.39478,1019.8449,-59.426933,375.7227,1181.6351,-21.024881,292.11987,1184.1542,20.041883,360.16614,1207.4856,-22.99301,301.20532,1206.9603,18.965715,386.26517,1221.1147,-186.10422,256.19806,1215.0818,-144.31093
pesas_up
IMG_20241115_104901.jpg,pesas_up,349.5424,641.92773,-112.30464,354.25134,631.4446,-93.91895,357.3522,631.3334,-93.99282,360.5661,631.21704,-94.0974,345.30005,630.9773,-97.590294,342.3048,630.6896,-97.58222,339.69052,630.5922,-97.59535,362.27618,634.26746,46.170757,335.14578,634.27,28.682524,355.08975,650.74695,-55.514393,344.34717,650.48834,-60.87415,402.34662,701.0034,129.92148,288.441,697.5885,108.5162,427.35187,794.179,-37.323444,260.41345,782.5282,-34.233913,434.25534,719.2821,-324.50452,259.73297,705.08606,-299.59143,442.95773,706.61414,-376.4717,252.99428,692.42505,-346.9836,440.02338,699.8439,-368.3008,253.67136,685.1898,-350.57312,435.3742,704.025,-329.50098,257.13593,690.61676,-307.67154,376.1594,872.90186,-7.487146,304.88983,872.6477,7.689362,370.67776,1017.54675,-99.940834,295.535,1018.15155,-62.144485,377.0024,1176.5966,-36.666126,288.4511,1178.7408,10.129196,361.9014,1202.808,-39.20413,298.0962,1201.6829,8.346546,390.59552,1213.0525,-194.46634,252.06339,1207.6942,-150.07677
pesas_up
IMG_20241115_104902 (1).jpg,pesas_up,355.70065,644.48987,-102.972855,359.20285,634.46106,-80.22868,361.91403,634.239,-80.32785,364.48288,633.99756,-80.45483,349.26138,634.3595,-84.9236,345.4225,634.1149,-84.90856,341.7386,633.9276,-84.91583,363.3711,637.3337,68.96995,334.55362,637.92334,46.252716,360.3247,653.4629,-44.01598,348.6995,653.85767,-50.935112,403.235,705.26746,139.19472,288.99512,701.9419,131.56056,425.05966,798.81946,-33.9351,260.92117,785.73047,-20.684929,433.37518,723.95496,-325.42642,260.48712,709.61115,-297.50873,442.53903,709.3927,-381.98425,254.6506,697.0088,-348.12482,441.50928,703.46405,-374.6816,254.84938,690.0488,-351.4538,437.18927,707.8843,-331.14398,258.16928,695.5034,-306.22662,375.33997,874.361,-18.008175,305.46417,874.7501,18.27902,371.66354,1017.4942,-126.33049,293.08954,1015.9443,-55.83107,374.8899,1179.3999,-68.88517,290.2238,1178.4862,7.197501,369.4555,1205.4963,-71.61202,300.72464,1203.1553,4.2128806,383.39975,1215.8926,-229.43684,249.54398,1212.8611,-156.64409
pesas_up
IMG_20241115_104902.jpg,pesas_up,355.37198,645.5946,-169.6248,358.73837,635.21875,-150.32594,361.4,634.93866,-150.40271,363.87128,634.62823,-150.49928,349.361,635.12335,-154.82077,345.7678,634.8538,-154.81621,342.46088,634.68567,-154.84003,362.56137,637.2948,-2.7440045,335.69232,638.1833,-24.001682,359.94016,654.48315,-110.126785,349.0058,654.92554,-116.634056,403.45908,703.43353,85.192665,288.25803,700.3292,69.52438,426.29373,797.9168,-80.67181,261.35245,785.7838,-80.95102,432.83902,722.60315,-378.68814,259.54843,708.32056,-362.16928,442.142,708.71735,-432.36914,253.9205,694.92676,-412.223,440.3578,702.162,-424.53125,254.27586,687.91266,-415.6561,435.48065,706.3135,-383.56693,257.50128,693.4307,-370.4322,374.9361,876.0398,-13.804479,307.14432,877.35956,13.978186,370.8997,1018.6008,-93.45108,294.4418,1018.7314,-41.30727,373.80615,1177.5801,-21.561317,290.3608,1178.3391,39.07735,367.5437,1202.2299,-23.520132,300.35483,1201.0259,37.692635,385.00436,1216.7787,-185.75688,252.41069,1215.5028,-124.9014
pesas_up
WhatsApp Image 2024-11-15 at 10.59.51 AM (2).jpeg,pesas_up,376.63168,324.5894,-109.63783,369.0639,306.10983,-94.34879,367.53177,305.42264,-94.327896,365.72504,304.7406,-94.28605,368.04517,306.78186,-150.63504,365.72482,306.48746,-150.67873,362.9924,306.1528,-150.72417,344.31903,307.85638,8.751235,341.62424,310.23114,-243.53752,369.04425,337.64114,-63.998783,367.70605,337.17218,-137.05939,306.3856,393.4236,160.9604,309.8457,398.53854,-311.11038,327.0298,503.1089,90.90006,332.3769,522.4388,-246.00058,380.48636,439.9283,-185.92876,399.80844,438.23776,20.385893,397.2132,421.99417,-219.73843,416.28494,417.54065,29.684944,389.25998,411.23978,-216.40858,405.8752,407.63892,24.283655,381.65396,416.1057,-196.7627,399.33783,413.42224,29.88252,312.6051,610.8285,148.01476,328.479,616.0586,-148.17403,324.3591,756.03674,334.2066,318.87793,775.0685,-74.628746,300.59796,898.7775,528.1777,293.26352,930.7433,-14.373161,285.07404,924.6466,542.0603,274.83557,960.0147,-13.569334,353.08255,907.1022,498.70132,358.79443,962.3303,-115.67479
pesas_up
WhatsApp Image 2024-11-15 at 10.59.52 AM (1).jpeg,pesas_up,375.33914,313.11713,-131.27179,367.03296,295.36166,-116.171036,365.6405,294.48352,-116.163414,364.01657,293.57993,-116.12509,364.37625,295.5959,-170.69304,361.2083,294.89487,-170.74454,357.82553,294.1718,-170.78336,343.71475,296.84662,-10.9359045,335.93585,297.83374,-254.48187,368.99484,327.74292,-85.47339,365.76367,327.39536,-155.91817,312.20657,381.55884,136.55081,299.42978,387.6319,-318.2356,330.0096,490.17072,92.863754,324.3917,514.4712,-240.66258,378.9148,431.0814,-169.72119,389.4137,435.84937,35.368153,393.94193,414.69427,-205.76845,406.16336,414.49216,43.69811,384.97244,403.88922,-202.13936,398.38538,402.5199,32.831543,377.5417,408.6242,-180.42415,392.7968,408.77838,42.355057,317.8032,608.75024,133.78993,318.77246,610.7816,-133.91248,323.02264,752.4877,302.77203,314.5149,768.66565,-19.916521,304.9009,892.5473,488.5263,292.24554,921.2155,96.973145,288.14706,917.5049,502.35522,270.59476,948.8369,104.037094,356.83786,912.17285,451.3005,353.5294,957.93945,2.5159676
pesas_up
WhatsApp Image 2024-11-15 at 10.59.52 AM (2).jpeg,pesas_up,361.56934,308.8921,-122.7836,354.75912,291.08005,-106.0471,353.59494,290.43402,-106.015656,352.18515,289.68713,-105.96395,352.2441,291.3506,-162.56836,349.502,290.836,-162.59883,346.36008,290.2108,-162.62694,332.08734,292.80032,5.571116,324.6185,293.94943,-247.94113,355.33868,322.8103,-74.535515,352.57465,321.87158,-147.86345,302.1423,381.82092,154.8715,293.03726,386.27228,-313.01822,321.8519,490.35974,74.046074,320.71988,512.5092,-241.37009,372.86807,419.69852,-227.67908,380.09207,428.73163,38.729992,388.56137,400.2234,-266.93405,398.73022,406.86652,48.113716,379.69983,395.42114,-257.4839,388.9037,396.40793,38.66391,371.52045,400.80408,-236.96185,381.5348,402.25327,46.66979,312.5552,603.82806,139.81615,313.2366,604.4955,-140.02708,320.72195,751.4491,316.83844,308.8411,762.1516,-20.80795,302.42532,891.5812,505.3229,289.07367,916.1693,96.47588,285.03778,916.929,519.53284,270.4651,943.6304,103.827354,354.80942,915.54517,467.8406,350.79047,952.07874,1.7605053
pesas_up
WhatsApp Image 2024-11-15 at 10.59.52 AM (3).jpeg,pesas_up,356.86523,301.6588,-133.49539,350.43124,282.76157,-119.32599,349.3543,282.24905,-119.2458,348.0803,281.66217,-119.1548,347.6429,282.92444,-173.41032,344.6313,282.58014,-173.44875,341.32697,282.20685,-173.44592,328.1478,284.89493,-11.310983,319.41855,287.37268,-255.33553,351.00034,315.06232,-86.09101,347.69193,314.4928,-156.61646,296.7098,370.78885,138.04117,286.6615,375.06973,-308.7844,315.8096,471.65607,96.44031,316.10745,504.70322,-229.38477,370.0734,410.46692,-173.77374,379.21405,421.82678,41.885227,381.54282,393.62952,-206.32925,395.1052,401.37885,51.856144,375.4487,388.48404,-206.13568,387.3568,391.3598,42.241173,367.87445,392.29376,-184.84776,380.6588,396.6314,49.670868,308.7872,597.57074,135.28616,310.995,598.08386,-135.50485,317.95233,741.4538,301.53235,307.89548,755.7301,0.63047147,298.68817,887.7058,475.50247,284.22922,907.0871,136.44298,283.1408,906.9162,488.13156,266.67587,937.2572,145.78526,348.8771,913.523,436.7962,342.1815,948.443,51.114075
pesas_up
WhatsApp Image 2024-11-15 at 10.59.52 AM.jpeg,pesas_up,381.6029,320.44275,-119.48459,373.17462,301.67117,-104.80677,371.48135,301.04193,-104.82355,369.66217,300.4133,-104.79098,371.5184,302.01932,-160.53166,368.6733,301.55667,-160.57721,365.52835,301.04276,-160.62553,349.33792,303.69992,-2.7446177,344.16782,304.3224,-251.51599,373.77478,335.27936,-74.39379,372.24988,334.74994,-146.31056,315.80637,389.89752,142.56677,307.30753,395.66833,-324.1175,329.96017,491.07092,129.85057,332.78415,520.2298,-254.12766,384.70636,439.15463,-95.71818,400.41614,440.81427,9.488132,401.5355,423.76157,-128.2182,416.46222,420.99423,12.874834,393.8757,413.83673,-132.7458,408.24307,409.07068,4.563231,386.1451,419.6249,-108.989235,402.3266,414.62976,16.934221,323.02817,613.70447,139.89778,322.0002,614.78284,-139.96692,332.28793,757.66473,325.5438,318.95425,773.9552,-15.026398,305.69778,893.81946,526.9799,292.96426,922.04285,112.92114,286.33234,920.70526,542.2384,273.91507,953.73035,121.12889,358.05756,914.1965,493.46985,359.76624,958.7839,20.502888
pesas_up
WhatsApp Image 2024-11-15 at 10.59.53 AM (1).jpeg,pesas_up,388.0336,286.17273,-128.26236,380.40552,266.6891,-115.66134,378.80048,266.13712,-115.70589,377.00616,265.60046,-115.73177,378.47012,267.49164,-161.19505,375.91003,267.40976,-161.22525,373.1795,267.3022,-161.23587,356.52408,271.06494,-37.22938,353.41083,272.941,-243.25818,379.62857,300.65067,-92.42549,377.475,300.94925,-151.77289,304.73743,347.33575,92.54654,321.562,358.25452,-309.4352,299.08545,468.61322,146.12871,304.6535,492.4757,-317.7908,345.59854,529.65283,65.27479,390.38562,560.63336,-193.91296,362.88837,547.8324,56.23925,409.81168,576.0833,-213.55229,374.23846,546.0281,23.391933,417.38013,562.137,-201.60794,368.05466,541.4745,46.34237,409.2738,557.8558,-184.86508,290.6401,568.1112,125.84662,306.11462,578.2396,-125.87915,306.4082,723.3087,235.73724,305.93875,739.2822,-28.298882,294.47882,871.4011,389.75574,285.7964,895.04144,104.00712,279.14548,889.76794,399.6805,264.53217,923.70374,111.83947,347.6975,899.6227,345.20978,347.23517,937.7634,18.60479
pesas_up
WhatsApp Image 2024-11-15 at 10.59.53 AM.jpeg,pesas_up,376.4876,287.8515,-99.6148,368.17487,269.92535,-84.51881,366.6187,269.22833,-84.484924,364.8224,268.53052,-84.43597,366.56256,270.21176,-140.68831,364.182,269.69016,-140.71806,361.51852,269.12708,-140.74707,344.08847,272.5021,21.615995,341.50653,273.73938,-229.98035,370.47165,302.3188,-52.76601,368.38507,301.99506,-125.54967,309.62854,360.8506,168.65414,307.18826,366.9779,-303.1399,332.84103,465.14297,97.390945,337.44986,494.89075,-225.45708,385.2707,406.27655,-185.78368,395.01758,410.73898,69.18276,398.81058,385.9633,-220.10825,410.99243,387.27686,84.07361,389.32608,378.90753,-210.09645,400.872,377.2379,74.41005,383.3869,385.9043,-194.00505,394.43726,383.92624,77.930115,313.1895,583.2832,141.7177,321.57104,585.08527,-141.91052,318.9528,732.18396,305.50165,312.39453,743.5739,-54.34086,298.35596,878.946,474.7393,286.68793,900.995,24.564428,280.1107,903.3719,487.01825,263.96704,926.98456,28.337574,351.2684,902.7988,446.49374,346.58102,939.698,-63.920883
pesas_up
WhatsApp Image 2024-11-15 at 11.00.04 AM (1).jpeg,pesas_up,376.5374,334.18887,-73.813065,372.9209,315.19543,-55.36844,371.13748,313.8877,-55.407345,369.218,312.52054,-55.420387,370.59845,314.50192,-115.37846,367.36667,312.71985,-115.422424,363.78354,310.88248,-115.46029,344.0505,307.12222,50.355755,337.31796,306.02032,-220.24724,363.35516,348.74783,-27.357006,359.74655,348.14682,-105.571396,284.78275,394.98105,199.93602,277.04648,397.51266,-285.13412,315.63318,505.33752,196.03772,318.0081,538.12244,-224.5506,397.41867,432.86087,4.9158096,393.4915,438.41132,55.083202,422.4299,405.5957,-13.705576,417.39203,410.03027,70.35074,427.86813,404.0948,-14.429143,404.51575,397.64246,72.50579,417.12772,413.51135,-5.189875,396.59018,404.41068,67.67003,287.87103,649.6439,153.07698,294.6571,660.91003,-152.94896,300.60263,824.25287,279.88547,297.76355,856.30396,-111.8297,281.67474,983.2771,428.51752,279.35104,1040.88,-98.993675,264.39877,1024.589,437.34357,263.63162,1069.5641,-104.13359,355.33252,1016.76465,390.1903,361.86252,1049.8806,-209.03714
pesas_up
WhatsApp Image 2024-11-15 at 11.00.04 AM (2).jpeg,pesas_up,374.2965,336.22104,-83.35444,370.41736,318.26648,-66.29224,368.86862,317.06604,-66.30182,367.12503,315.73004,-66.27338,367.8473,317.72525,-125.03715,364.66568,316.19354,-125.10145,361.23605,314.48196,-125.13732,342.14462,309.88763,38.043976,337.00812,309.77902,-225.74306,362.02255,350.60315,-36.8415,357.95773,350.2091,-113.089005,282.48584,395.77438,181.57274,279.0402,400.6049,-290.97113,296.22287,525.11835,191.53812,315.7607,542.8999,-213.77756,364.2842,464.37015,14.711509,388.14285,440.7965,82.28742,377.54453,466.62946,0.10840591,407.869,414.89914,105.65251,387.59207,455.4683,-0.1238045,398.4886,402.57095,102.9059,377.4941,461.09543,5.604926,391.4234,408.54675,94.21921,286.69058,655.47876,147.69667,292.68002,665.82715,-147.62755,298.88028,828.2626,279.0563,292.88037,855.8645,-126.325134,281.4414,978.354,417.87363,274.7315,1055.9028,-139.7803,260.4642,1031.0854,425.3305,258.39725,1085.9707,-148.31816,350.35153,1014.62305,389.64426,366.9613,1061.158,-249.3786
pesas_up
WhatsApp Image 2024-11-15 at 11.00.04 AM (3).jpeg,pesas_up,377.51212,366.40662,-75.88007,374.02054,347.919,-56.304432,372.43207,346.6245,-56.31906,370.76788,345.18768,-56.28874,371.795,346.91956,-115.37203,368.79602,344.95496,-115.46292,365.6383,342.85843,-115.54747,348.03107,338.72787,53.706295,340.82266,336.7578,-210.89845,365.76337,379.19214,-27.96542,362.3646,378.29056,-104.57175,289.4347,421.1096,204.78424,271.3186,422.47064,-278.02844,312.66537,534.81415,186.18564,306.83838,570.05566,-206.25401,383.91605,467.93033,-14.243389,386.29916,468.80157,88.504105,407.65628,444.0653,-31.11909,406.89618,443.62076,112.08361,407.7344,453.4802,-27.007694,398.45154,431.12933,109.2297,380.60794,443.44043,-22.2552,391.64645,436.45056,100.41541,293.05695,684.278,150.6246,292.14435,692.09546,-150.49829,302.2049,856.0513,254.8668,292.1838,888.0389,-135.72609,279.20917,1011.1099,375.53674,278.49548,1090.3254,-151.24379,259.01767,1063.3502,379.93835,258.66003,1130.2955,-161.01001,347.29016,1038.0935,327.58707,366.76855,1110.703,-275.0223
pesas_up
WhatsApp Image 2024-11-15 at 11.00.04 AM (4).jpeg,pesas_up,384.27896,365.46057,-77.98139,380.5718,348.58173,-59.33802,379.13025,347.45438,-59.350204,377.53653,346.12775,-59.355278,377.96442,347.84753,-119.31822,374.7725,346.1992,-119.36619,371.05722,344.2025,-119.39953,353.50018,338.35556,51.127495,346.61868,337.67212,-218.19887,371.79922,377.20514,-30.17912,367.95038,376.52878,-108.20974,303.31302,424.4931,202.25491,279.6948,425.67017,-287.1703,346.20825,539.6912,196.67493,312.29947,570.78394,-218.51462,396.07727,455.8932,20.327238,393.6776,466.2229,91.58056,404.69595,436.6291,2.588674,416.42075,442.75397,115.84043,410.1694,427.93512,16.387148,408.50507,429.7381,111.55856,400.98663,436.83914,16.355242,400.56607,434.90326,103.149635,298.12607,685.1767,153.47946,292.69962,691.6434,-153.4527,304.69348,856.0278,270.60114,289.9804,885.01636,-145.90303,279.67285,1024.7772,412.92218,272.5569,1079.6489,-154.95277,261.41895,1056.2722,420.59924,258.68405,1102.5056,-162.36296,358.60135,1054.7,366.44232,351.2323,1103.3053,-270.214
pesas_up
WhatsApp Image 2024-11-15 at 11.00.05 AM (6).jpeg,pesas_up,316.8066,339.22275,-134.11668,326.1595,320.13092,-173.26479,330.02234,319.84918,-173.29951,334.19348,319.64206,-173.3654,322.4132,319.30832,-113.87758,323.2788,318.35202,-113.85953,324.4256,317.1777,-113.81691,360.7257,326.8355,-256.12372,351.6689,323.98993,6.6355734,328.7456,358.83478,-158.79555,324.02798,358.729,-82.99605,397.6269,435.11166,-344.29517,370.1409,434.74146,172.40189,375.86533,583.6848,-264.39056,348.49536,547.5361,34.974106,307.4546,495.44232,47.726013,295.58945,482.97913,-270.05997,289.8432,471.73083,56.76175,284.2329,460.35516,-305.0678,299.02914,463.7758,60.832066,290.76556,457.2749,-301.351,304.14093,469.55658,62.313354,296.05475,461.821,-281.60165,354.6879,696.23425,-155.11497,345.02255,686.72003,154.8961,346.43002,875.26056,-16.86455,347.07715,854.32935,356.2406,365.6922,1038.333,135.5859,350.7977,992.39075,598.4267,385.95364,1072.6621,143.33115,367.2387,1020.0354,617.1689,286.35175,1072.2167,20.962704,277.82016,1025.6094,564.05286
pesas_up
WhatsApp Image 2024-11-15 at 11.00.05 AM.jpeg,pesas_up,372.33133,373.09128,-67.62099,370.10352,353.45,-51.510403,368.45596,352.20764,-51.512978,366.80063,350.9579,-51.48547,368.57956,352.8859,-107.15142,365.8445,351.23004,-107.194984,362.90863,349.48334,-107.248535,345.95682,343.67874,47.495907,339.4023,341.11517,-203.48625,359.2522,383.53674,-23.423811,356.4886,382.6999,-96.051,279.9991,419.12543,180.45486,278.21725,422.38855,-265.03973,298.08563,539.8423,178.8883,306.15906,561.22736,-207.23631,371.82516,469.17117,15.643959,387.52933,466.7849,64.00203,396.08725,455.5655,2.4144278,410.668,439.81808,85.54223,407.2445,446.50787,6.138696,401.24997,428.9834,86.71667,382.32147,438.1919,8.740507,393.5349,435.35376,76.6131,280.0392,667.92975,144.2655,289.8373,678.48663,-144.17787,294.85428,844.9275,255.82545,293.2155,871.9978,-119.86143,282.0208,1007.69727,375.32574,276.3733,1058.629,-126.86468,260.18155,1043.2788,380.92725,264.9903,1080.4509,-133.8544,352.28317,1041.7767,340.61343,354.60764,1066.8395,-229.12784
pesas_up
WhatsApp Image 2024-11-15 at 11.00.06 AM (1).jpeg,pesas_up,325.12595,334.36658,-123.80266,333.6197,316.819,-163.76285,337.4094,316.49106,-163.78467,341.761,316.2402,-163.8391,329.61902,315.885,-103.75,330.23743,314.8864,-103.73507,331.1891,313.74783,-103.69024,371.17883,323.51416,-249.54056,359.4628,320.66766,16.36711,337.51904,355.18753,-149.36118,332.63412,354.50897,-72.72061,408.93576,431.4408,-338.6152,373.91373,428.0448,179.55919,384.31763,577.3017,-253.53857,356.57025,542.70233,44.66421,318.35315,493.42072,75.65461,305.73337,477.5788,-254.01517,301.0796,470.81433,90.50732,295.0795,457.8921,-288.16437,310.14288,460.84915,93.49725,302.94464,452.7948,-281.9898,315.0893,466.2538,90.67178,307.88593,456.1249,-264.4421,363.69925,690.34326,-158.16994,349.31287,679.9962,157.91461,355.21997,868.4246,-41.86122,351.58936,847.74664,352.0793,375.45462,1037.1528,80.37739,357.03906,987.35596,594.1414,396.52173,1068.6901,85.37401,374.91635,1010.8478,612.8164,297.03723,1068.7778,-41.45553,290.39566,1021.19904,564.0498
pesas_up
WhatsApp Image 2024-11-15 at 11.00.06 AM (2).jpeg,pesas_up,332.06665,326.61026,-138.50859,340.4672,306.58167,-177.53831,344.3514,306.11478,-177.5711,348.77045,305.79138,-177.6346,336.5355,306.02097,-118.34082,337.10986,305.33063,-118.32041,337.95538,304.50378,-118.27001,377.35767,312.30807,-258.0574,364.9825,310.6892,4.1914525,343.80292,346.3913,-162.11363,338.51874,346.7364,-86.54265,413.6147,423.17377,-343.5705,378.80487,421.35675,170.76128,389.86032,573.1511,-265.28107,357.36035,537.93665,25.860159,318.90048,475.9433,49.3305,308.6922,468.62515,-293.39752,302.6564,453.1927,61.288525,297.00623,445.5691,-331.2034,311.2256,445.47083,65.68456,304.099,441.54016,-325.51865,316.3303,451.09412,64.690254,309.09192,446.4184,-304.66418,363.7586,686.7919,-156.48949,351.88553,677.0124,156.24599,354.75867,867.0563,-27.54586,354.4959,846.5884,358.93243,373.56158,1029.7983,111.05001,358.21802,987.1875,607.6393,394.70392,1063.8545,116.901924,375.87546,1011.96344,626.664,295.66577,1061.3875,-12.675012,286.92688,1019.42615,571.6915
pesas_up
WhatsApp Image 2024-11-15 at 11.00.06 AM (3).jpeg,pesas_up,323.6935,322.26718,-143.56146,333.87027,304.8325,-183.88863,337.68414,304.5218,-183.92845,342.05328,304.2492,-184.00836,330.31085,303.79688,-124.236626,331.22293,302.72272,-124.21032,332.46857,301.6944,-124.168175,369.73138,312.6407,-269.67874,360.37512,309.8728,-4.8521876,336.57855,343.0101,-168.77449,331.77127,342.7069,-92.51478,408.6556,422.44522,-353.03293,375.56647,417.97882,163.69907,387.13452,571.00836,-271.66547,356.19485,536.3126,36.23962,316.00296,480.43762,44.09151,308.16525,464.98886,-260.37952,298.47516,456.34546,55.94131,295.75217,442.41754,-296.29663,307.43097,446.519,60.671913,303.92212,435.82797,-291.48206,312.76947,452.60553,59.2153,308.38306,442.4215,-271.72806,362.37402,684.01117,-157.3898,347.02252,671.0922,157.10992,356.57166,861.3092,-4.187525,347.42444,839.11194,377.5434,373.98718,1024.6288,151.10374,357.12918,981.41235,640.46405,393.07666,1058.6473,158.86742,366.24655,1003.6506,661.35016,297.52875,1062.1227,26.169645,287.06006,1015.737,609.044
pesas_up
WhatsApp Image 2024-11-15 at 11.00.06 AM.jpeg,pesas_up,320.2301,342.46216,-132.20439,329.3813,324.64545,-172.30496,333.28967,324.4243,-172.33467,337.62686,324.2087,-172.40746,325.49118,323.4923,-112.93517,326.27646,322.33716,-112.90117,327.41495,321.05453,-112.85692,364.7223,331.18048,-256.6321,355.01678,328.25107,6.555396,332.87726,362.191,-156.95691,327.7026,361.67355,-81.09741,403.91794,438.1524,-341.21075,370.83884,434.22147,169.5144,381.94675,584.4814,-261.42575,353.03513,548.29675,29.805717,313.45416,498.88177,52.58399,306.40164,484.53455,-266.61987,296.80545,474.5772,63.183773,294.78305,459.1129,-301.7705,306.00705,465.79483,65.29141,302.5917,453.4505,-295.66788,310.7083,472.16782,66.55529,306.54953,460.23956,-277.13654,360.1533,696.7597,-156.34589,348.4203,687.18335,156.16501,350.71884,874.94354,-34.406746,349.5202,855.12585,362.0661,370.68497,1039.962,93.33469,354.82202,994.51263,612.01324,391.64847,1076.9983,98.18643,371.6956,1017.8257,631.23956,293.42123,1073.2102,-30.32843,284.98865,1030.7104,578.7763
pesas_up
WhatsApp Image 2024-11-15 at 11.00.07 AM.jpeg,pesas_up,320.03757,323.28296,-152.74922,328.62686,306.57733,-194.72415,332.15512,306.3585,-194.73204,335.82605,306.2459,-194.79689,324.9454,305.66986,-134.20888,325.81946,304.7113,-134.16731,326.9283,303.81894,-134.12152,365.42923,315.6873,-284.97668,355.06702,312.09933,-15.4890585,332.88193,345.39087,-179.33563,328.39005,345.00525,-101.7479,401.57617,424.68298,-366.4078,379.02124,421.99097,155.34811,377.29364,576.30054,-280.44577,352.18652,536.27313,34.011147,311.10083,483.38635,30.97852,301.95413,471.12268,-258.6065,292.65506,461.12238,39.123573,290.07706,451.19897,-292.73727,302.2611,451.6471,44.370247,297.25012,446.47864,-292.59665,307.641,457.20047,45.919956,301.63223,451.34857,-271.2448,356.9821,683.4057,-162.05685,345.20645,674.0604,161.7861,351.43134,862.76184,-19.797369,344.95102,842.46826,380.2054,368.3724,1027.8145,128.70146,348.83157,985.217,645.53674,387.86176,1062.6947,135.07733,359.7513,1009.6176,666.2623,290.15735,1060.9924,-2.2946067,279.80765,1023.59326,607.6236
pesas_up
WhatsApp Image 2024-11-15 at 11.00.34 AM (3).jpeg,pesas_up,321.52472,318.6701,-149.74937,316.22134,302.5992,-135.16707,315.27792,302.16214,-135.12578,314.15222,301.6319,-135.0423,313.3873,302.5317,-186.84735,310.87756,302.17627,-186.87157,307.6583,301.77435,-186.8675,294.54877,302.1998,-24.609625,284.9292,304.13922,-257.69138,314.59793,331.44598,-101.84706,311.47632,330.477,-169.40813,262.62067,386.7366,112.16659,249.8403,386.92786,-309.35443,277.17007,498.34198,31.882418,268.90012,514.4502,-254.5303,316.69864,435.35214,-285.61212,326.60864,435.645,-26.469952,325.98398,417.06134,-334.79163,340.02835,411.8911,-25.273718,322.1912,411.32217,-333.709,331.9563,405.54703,-37.65848,316.64133,414.95804,-298.93985,326.84146,411.54263,-21.121923,295.5288,607.1325,132.5879,280.78586,612.8207,-132.7497,311.35956,742.4092,366.80032,277.35706,767.9949,-11.304889,282.57382,882.5338,597.10657,261.04538,912.9729,89.807556,268.61035,898.6603,615.3728,244.62904,944.93054,94.23529,338.37808,909.90515,561.26263,328.66068,942.8163,-21.795233
pesas_up
WhatsApp Image 2024-11-15 at 11.00.34 AM (4).jpeg,pesas_up,317.1089,314.50833,-140.91599,311.74252,297.21884,-125.023094,311.13132,296.75128,-125.00919,310.29807,296.27362,-124.93428,308.75797,297.3048,-177.09985,305.61902,296.97223,-177.14532,301.82803,296.6942,-177.16196,289.8517,298.0932,-13.364253,277.7529,299.6184,-246.98227,311.00818,327.13995,-92.66661,306.94995,326.05402,-160.35416,257.78394,385.60504,133.77188,241.87498,384.802,-300.55545,272.3907,500.5527,50.010254,267.1432,508.47028,-243.75587,312.21393,446.37527,-270.12738,324.01416,429.59558,-15.703478,320.8771,424.7856,-315.82236,334.404,408.515,-12.164269,318.13226,414.93256,-314.1356,326.7573,401.35034,-22.77111,313.40408,420.14294,-283.01245,322.9884,406.56274,-9.331015,286.79446,597.6411,137.41644,281.1503,601.31104,-137.53331,301.22473,737.48816,336.2057,275.60886,760.6951,-55.517822,273.68805,883.15906,545.8966,259.9424,910.986,17.953182,267.3101,900.31775,560.82996,243.02419,941.5089,19.078035,333.92667,907.6703,500.0549,328.57385,935.9268,-98.98204
pesas_up
WhatsApp Image 2024-11-15 at 11.00.35 AM (1).jpeg,pesas_up,316.4288,321.4418,-124.881966,310.30322,304.12814,-108.34334,309.60434,303.6837,-108.319305,308.71072,303.2565,-108.25574,306.92038,304.39948,-161.30234,303.77225,303.9826,-161.32289,300.12622,303.52155,-161.3358,288.77707,305.28674,3.7734077,277.5562,305.7606,-234.26651,310.6692,334.26947,-76.9494,306.61783,333.46466,-145.93123,258.23557,396.50192,145.20021,241.03746,393.4579,-291.58347,272.88733,509.3135,54.377052,268.8338,517.08966,-232.02556,309.05356,448.75946,-261.23758,322.12234,436.19107,9.821547,319.60498,422.42386,-306.1837,332.85806,414.13727,14.941627,313.6826,416.2066,-298.94623,325.55112,406.42523,5.2631483,309.85352,421.23993,-271.93933,321.29068,411.8158,16.746052,289.14587,608.1053,137.17433,280.3631,610.6043,-137.37775,300.96637,746.8043,338.6497,276.45547,772.6111,-41.92171,278.00204,888.905,549.0463,262.24994,921.16693,53.121674,267.0898,906.5945,564.8788,245.76219,950.71967,57.623783,336.02698,923.39856,506.05692,330.0766,948.6244,-55.8663
pesas_up
WhatsApp Image 2024-11-15 at 11.00.35 AM (2).jpeg,pesas_up,321.5406,327.22733,-146.80229,314.94897,311.63458,-131.31776,314.09003,311.20337,-131.28566,313.10303,310.67908,-131.21548,312.13156,311.95874,-182.70204,309.4179,311.78775,-182.72519,305.95255,311.57715,-182.72438,294.066,311.98175,-19.47897,282.95023,314.98563,-250.39575,315.4716,340.376,-98.68778,311.68738,339.8973,-165.69214,262.90042,395.99994,123.65244,248.67072,396.30426,-301.68655,274.26303,511.47128,33.34287,267.85162,526.3637,-242.57085,315.07922,444.59885,-284.94318,320.3761,446.59192,-11.256417,324.33102,424.38416,-332.83182,331.98495,424.44745,-5.6037426,319.87045,415.62408,-325.37228,325.82565,416.3474,-21.728628,314.558,420.52545,-295.73212,321.27423,421.4145,-6.958613,292.72495,616.9726,135.15076,279.416,621.3628,-135.33539,306.1706,755.4059,347.6199,276.86728,779.7053,-56.931076,279.23407,890.83765,566.2019,262.22705,927.334,-0.09374695,267.05927,911.1378,582.6905,244.9074,959.44946,-0.9620507,333.9778,922.12634,527.59753,329.81952,951.4755,-121.6154
pesas_up
WhatsApp Image 2024-11-15 at 11.00.35 AM (3).jpeg,pesas_up,318.251,330.40863,-145.68512,311.93768,314.5537,-130.25961,310.85474,314.0583,-130.252,309.63684,313.4419,-130.20206,309.03427,314.4836,-180.15318,306.2453,314.07486,-180.20009,302.93008,313.6164,-180.22626,290.372,314.3967,-19.404238,279.60837,316.8587,-242.3856,311.1089,343.15936,-97.96852,307.47372,342.65277,-162.62415,256.5401,400.22232,123.79406,246.84846,398.89233,-294.54016,270.67523,511.14212,46.041744,260.45523,528.7537,-229.63336,309.53946,445.70825,-252.48865,316.20184,453.6403,10.950667,319.62976,426.42023,-295.9207,328.65262,426.99405,19.011,314.69278,418.02426,-286.79025,321.58105,418.175,3.9937959,307.17267,421.44983,-261.9134,316.46255,424.0349,15.637568,280.92273,619.86316,132.46455,273.811,624.25116,-132.5688,297.1837,756.8573,296.12985,274.25037,778.3696,-43.896683,269.51428,894.3635,477.54968,261.9772,926.8768,31.662565,255.38423,913.88367,490.27472,242.39441,960.9431,33.514717,334.59708,931.4819,431.8077,331.70337,953.9784,-77.975204
pesas_up
WhatsApp Image 2024-11-15 at 11.00.35 AM (4).jpeg,pesas_up,314.18488,336.10703,-130.19588,309.02362,319.53955,-114.00232,308.44476,319.0256,-114.010376,307.5858,318.51953,-113.954956,305.52563,319.5075,-164.43867,302.1964,319.0938,-164.49107,298.4004,318.78668,-164.51544,287.79355,319.642,0.5728642,274.70993,321.4475,-224.24951,307.9621,349.0728,-81.389946,303.2038,348.3993,-146.57185,259.2581,408.8643,138.16127,240.50682,408.2583,-278.5737,268.23093,525.3444,46.476807,253.5973,537.90186,-219.01605,305.6076,458.34772,-270.68933,309.96487,456.18658,22.888187,313.53174,437.0711,-319.35306,320.7785,434.4435,28.13157,308.06003,430.05493,-312.98645,315.04654,426.12198,15.425368,302.8774,433.93222,-282.37228,310.77554,431.071,28.140564,284.28592,635.5296,135.2099,264.36752,636.5704,-135.34605,302.27527,781.6876,282.35916,264.86877,790.5874,-26.6177,268.56573,913.9458,464.83612,251.15675,938.5475,86.87011,252.51564,943.7251,476.82462,233.88719,970.6527,92.70326,331.21527,950.3251,399.44644,320.6301,967.2574,-24.501762
pesas_up
WhatsApp Image 2024-11-15 at 11.00.35 AM.jpeg,pesas_up,314.46524,318.59515,-159.90082,308.7839,303.1238,-144.99403,307.91608,302.78165,-144.93657,306.88483,302.3733,-144.84709,305.51624,303.18134,-195.0829,302.6206,302.95407,-195.10672,299.05472,302.68512,-195.1008,287.03964,303.34406,-33.11771,276.1979,305.6503,-258.89456,307.7425,332.31256,-111.68767,304.00165,331.12582,-177.13823,253.41951,386.92975,103.61411,244.26556,389.80515,-305.38498,268.59277,492.54703,19.120073,263.25394,519.68726,-247.42572,307.0326,426.23764,-289.2968,316.9535,439.64276,-18.778343,318.5188,405.95932,-336.61563,330.38742,415.18274,-14.252436,313.05267,399.83276,-330.7049,323.80737,408.07745,-28.183765,306.3353,403.80444,-300.22797,318.5576,414.20016,-13.761115,286.0298,607.29944,131.0593,279.9483,612.6143,-131.27934,308.17554,742.32666,357.6018,275.74146,766.9327,-23.730957,284.91153,871.5814,580.55597,262.71732,917.06506,63.719833,270.17563,898.59216,598.02576,246.79074,948.4596,66.73762,338.4189,914.6671,545.12616,331.6637,942.54944,-48.734814
pesas_up
WhatsApp Image 2024-11-15 at 11.00.36 AM.jpeg,pesas_up,316.14032,342.3603,-116.51852,310.28113,325.60452,-99.64325,309.4968,325.16376,-99.64046,308.5695,324.70062,-99.575905,307.2846,325.65536,-150.52684,304.41586,325.29242,-150.58293,300.82312,324.9007,-150.61705,289.4571,326.00928,13.843656,276.57626,327.92133,-213.29887,309.44894,355.1037,-68.29686,305.42767,354.04883,-134.16666,258.02362,414.263,154.024,243.84921,413.07297,-274.14,266.41754,530.7697,64.81336,257.49188,542.45496,-208.28198,304.39822,462.22202,-244.52678,312.07138,460.1164,48.43505,314.27216,441.8885,-288.0258,322.91837,440.10178,58.689507,322.1976,444.21268,-279.06943,316.55466,430.87265,44.264584,302.98532,438.72034,-254.57689,312.11102,435.57034,53.790123,278.67337,637.07965,135.96652,269.7175,639.28015,-136.08694,296.6605,780.98914,281.50085,266.08984,794.0244,-45.080433,268.7534,915.93396,447.93286,252.88795,939.5697,39.0091,252.75925,939.2599,458.41702,233.36514,972.61475,41.842693,331.19144,951.1256,392.35675,318.36737,966.63574,-70.98329
pesas_up
WhatsApp Image 2024-11-15 at 11.00.47 AM.jpeg,pesas_up,347.7688,356.14313,-139.79872,339.21317,340.71732,-124.17675,338.1637,340.44434,-124.14612,336.90533,340.16168,-124.0905,336.72525,341.0175,-175.94101,333.89383,340.98383,-175.9905,330.67917,340.8641,-176.01616,318.35025,346.39554,-15.127589,309.44028,348.76135,-246.64348,344.29803,372.11655,-92.92165,340.86844,371.66013,-159.92009,302.19882,440.392,143.3729,292.7561,440.376,-316.85962,324.5069,546.71155,47.628345,317.88953,563.61707,-246.21638,378.419,483.26718,-271.59067,382.4154,483.57275,23.474878,394.08716,468.92307,-317.69855,397.1322,465.7068,28.624813,382.3467,459.59802,-310.12595,390.20755,455.43024,14.760208,373.47052,464.00345,-282.3837,384.0457,460.02774,28.927067,318.86945,654.23047,140.43645,321.26895,657.0889,-140.69382,331.0718,795.2237,367.72415,317.98,820.1708,-27.529627,315.25418,925.98157,595.9656,301.53455,970.8098,79.68344,292.5043,955.5421,613.9558,289.78107,1000.02527,84.83723,374.2681,943.7592,562.2741,372.98532,996.277,-30.10096
pesas_up
WhatsApp Image 2024-11-15 at 11.00.48 AM (1).jpeg,pesas_up,358.54105,361.0927,-137.12627,350.05408,346.43723,-121.00265,349.16098,346.0818,-120.954315,347.91818,345.7096,-120.89966,346.98767,346.6716,-171.16333,343.6458,346.52106,-171.20482,340.09702,346.4793,-171.22672,328.70905,351.83865,-10.120611,320.3216,354.54126,-234.6968,352.71893,375.19696,-89.3434,349.35318,375.09308,-154.3088,307.8288,445.1624,148.59862,294.0713,444.47656,-296.31128,326.81705,554.9777,43.7866,310.74686,572.59973,-233.04457,386.40747,489.51746,-274.8901,379.0917,494.4254,16.327854,392.87106,470.87842,-318.21332,395.87314,470.6985,22.51247,390.31403,463.86633,-307.46518,390.00598,460.81055,11.205354,382.92908,469.0271,-283.60934,384.17206,467.23206,22.503267,317.62173,657.891,137.98575,318.53583,662.92737,-138.20023,325.82388,805.1846,347.99182,322.32156,823.16565,-26.376635,311.04474,938.4989,557.1616,299.15662,977.30786,81.66211,296.83914,957.553,573.1455,285.65787,1006.09863,87.44254,368.88806,953.0268,518.501,372.49042,998.3203,-24.854677
pesas_up
WhatsApp Image 2024-11-15 at 11.00.48 AM (2).jpeg,pesas_up,353.85724,364.31046,-144.94632,345.94846,347.03232,-128.75166,344.68076,346.81396,-128.70752,343.2094,346.58258,-128.63828,342.94086,347.17606,-181.0381,339.9001,347.0657,-181.09947,336.60062,346.99707,-181.11273,323.0989,353.02527,-16.21814,314.35272,354.78583,-249.26231,348.8366,378.6328,-96.51663,345.6775,378.30063,-163.93756,304.20496,444.7371,140.63234,295.4414,444.82724,-320.67062,319.5475,552.64984,36.0359,314.32394,567.32874,-251.41777,374.20276,496.2288,-292.01752,379.80466,492.50452,22.051086,388.81934,483.04672,-337.7028,394.7912,474.98602,27.270485,378.69205,473.08777,-333.79,386.8174,464.4342,15.081471,369.0784,476.7398,-304.64255,381.30283,469.2458,28.17494,319.74216,662.77985,143.71112,319.4852,666.9995,-143.91882,327.5694,808.16003,333.3191,320.61188,827.99347,-12.554777,313.90112,941.2593,528.706,304.24786,975.31934,117.21068,297.65475,961.1441,542.8491,289.47122,1009.37695,124.39252,375.7905,953.08716,486.11414,376.97775,1002.06274,15.626662
pesas_up
WhatsApp Image 2024-11-15 at 11.00.48 AM (3).jpeg,pesas_up,358.88446,364.87973,-131.34622,351.5385,349.3974,-115.12803,351.05304,349.20898,-115.07847,350.28134,348.9831,-115.034225,347.2885,349.70123,-164.30852,343.51978,349.7923,-164.35802,339.6925,349.97308,-164.35828,332.5621,354.9988,-2.4073994,317.57285,358.469,-222.26529,354.55286,379.29477,-83.18522,350.22403,379.47128,-146.7792,312.13458,449.62323,150.87132,297.0347,448.5749,-286.46167,328.0327,560.44684,48.73416,314.56506,577.0933,-215.47337,377.97482,497.0468,-268.51993,380.48203,495.30655,50.751537,390.4244,479.54352,-312.16412,396.6202,472.85233,59.737587,383.51297,475.74677,-301.56467,390.0045,463.66296,44.685272,377.36295,478.54193,-277.5545,383.46164,470.58212,55.80116,323.0679,668.402,134.50537,322.83694,671.75256,-134.72687,332.01617,814.52094,335.02264,324.50635,833.8879,-6.2215004,320.60226,940.6363,527.11426,306.41486,981.8574,109.429474,299.08215,976.6693,541.7735,293.70227,1009.6698,116.5877,381.23865,960.7429,487.2465,379.83832,1006.02747,8.767942
pesas_up
WhatsApp Image 2024-11-15 at 11.00.48 AM (4).jpeg,pesas_up,369.0446,364.60635,-139.24841,360.7901,347.0886,-123.71384,359.82593,346.77975,-123.67368,358.48907,346.52307,-123.62202,357.65234,347.28424,-176.03934,354.13794,347.16464,-176.08873,350.14148,347.211,-176.12361,338.61047,352.75183,-13.516835,325.99274,355.64465,-247.40396,363.21722,379.46747,-91.675705,359.63135,379.26855,-159.29245,317.5806,448.57513,144.22159,304.78482,447.2553,-315.04953,339.45016,554.39,45.96921,320.33917,573.4293,-241.75507,390.69293,494.07635,-278.82675,390.0005,495.6173,29.815832,400.45093,479.77917,-324.22772,405.5917,477.24057,36.754257,395.86676,472.47836,-315.1931,398.54013,466.97067,23.22496,385.8952,476.15686,-288.9008,392.65488,471.79486,35.70701,327.2247,665.5956,139.88649,326.1791,669.0194,-140.16174,330.18277,813.17926,342.60043,324.7403,828.00684,-8.619591,318.35175,945.8255,548.94507,308.05313,980.526,122.61574,298.60483,975.4144,564.88324,295.27612,1008.79407,130.91919,378.54123,963.41156,508.27267,379.39816,1005.93475,20.933424
pesas_up
WhatsApp Image 2024-11-15 at 11.00.48 AM.jpeg,pesas_up,352.6359,358.75363,-159.57224,344.58524,341.80566,-144.67632,343.52933,341.49255,-144.6266,342.28076,341.25195,-144.53528,341.8126,342.12347,-196.23636,338.86,342.0855,-196.28757,335.5409,342.19955,-196.27805,323.81403,347.38052,-33.403355,313.1867,350.21765,-264.3144,348.3172,373.58978,-111.567535,344.8132,373.06317,-178.31393,304.95758,441.43887,123.76656,297.03897,441.2249,-330.3547,323.23016,546.9575,45.048466,318.23297,566.26166,-259.92587,374.69083,489.8355,-279.9116,386.00928,485.01102,-3.3499827,388.1885,475.7867,-327.73102,402.5161,466.40988,-3.534952,388.88107,470.9288,-329.95502,394.4442,457.72748,-18.63568,379.55817,475.7654,-294.5729,387.73846,463.12393,1.1963143,321.1976,661.25964,140.69807,322.6406,665.1006,-140.9426,328.6498,799.2181,382.32288,322.21472,819.14636,-0.052584168,314.98206,930.7777,614.1419,303.60034,968.9783,130.45483,296.96753,955.04834,632.4276,289.97623,998.5475,137.60425,372.53732,940.49414,580.02057,376.5435,995.5529,22.863361
pesas_up
WhatsApp Image 2024-11-15 at 11.00.49 AM (1).jpeg,pesas_up,370.36172,365.27008,-144.98387,362.13788,348.00186,-128.97437,361.02246,347.73468,-128.94038,359.69376,347.55154,-128.88725,359.14993,348.443,-180.88821,356.07358,348.4546,-180.92862,352.58673,348.64426,-180.93828,339.69965,354.60608,-18.594543,329.60693,357.49084,-250.99403,365.80606,380.3125,-97.43788,362.48184,380.00922,-164.65247,315.6423,448.66766,137.15717,311.7101,447.3647,-318.98633,330.29474,561.3887,31.522766,328.34106,571.54474,-252.74524,386.4816,498.8655,-296.86523,396.2272,493.13937,13.816984,402.41534,482.37274,-343.69626,410.38232,474.0947,18.67385,392.88992,474.419,-337.03708,402.6668,464.30762,5.800185,385.4794,479.48944,-308.36728,397.3117,469.66034,19.455349,329.90268,664.1929,140.46751,334.2384,668.2623,-140.69167,335.05063,811.8645,358.1064,331.32477,830.82434,-4.4862337,321.96625,942.26105,567.8878,316.1643,979.0268,119.81302,301.5361,973.6205,584.0563,303.38467,1008.3795,126.99207,382.02365,958.64197,531.78796,388.06137,1001.71564,18.59321
pesas_up
WhatsApp Image 2024-11-15 at 11.00.49 AM.jpeg,pesas_up,367.9923,362.5377,-180.95099,360.99228,346.28455,-164.76758,360.67767,346.09955,-164.69582,360.14676,345.99533,-164.62054,355.7274,346.77155,-210.57611,351.36496,347.19788,-210.61722,346.67892,347.9108,-210.57106,341.797,353.61328,-44.75477,324.03946,357.46478,-249.65869,365.0944,378.87335,-130.27638,358.75272,378.83255,-189.43254,320.1205,448.88647,110.27752,309.66934,450.9088,-304.86044,334.26236,548.9788,13.816702,328.76468,576.86664,-229.47028,390.1733,496.40323,-303.93082,395.45837,493.40378,29.207907,398.37958,480.89514,-349.00934,411.19724,477.0787,34.96592,392.28735,476.75452,-343.90146,400.90662,466.96936,18.09215,383.15833,477.74347,-315.0438,394.7789,471.6684,32.65215,335.17484,666.8013,132.24156,330.65262,672.05334,-132.54463,341.56042,809.31384,334.926,331.24817,831.22705,8.232548,328.45697,937.82715,525.2531,310.86884,980.0984,143.96336,312.2294,957.1689,539.6582,297.33435,1008.32434,152.70775,386.95245,955.7517,486.29788,382.37756,1004.18787,46.360786
pesas_up
WhatsApp Image 2024-11-15 at 11.01.08 AM (3).jpeg,pesas_up,354.62106,330.8999,-114.21019,346.6793,311.41574,-97.11603,345.8845,310.9375,-97.08319,344.76898,310.3935,-97.022484,343.03003,311.4757,-155.077,339.287,310.81207,-155.14198,335.25827,310.10892,-155.18881,320.35907,313.29614,17.298698,309.44724,314.60007,-241.1358,349.5917,345.38446,-64.92346,344.53607,344.18237,-139.62149,305.84207,418.15414,169.44978,272.8778,418.59055,-311.0681,328.11365,537.657,83.423416,324.04236,553.5636,-231.3954,366.75415,455.2121,-227.0549,370.9946,445.28226,76.2022,374.4957,424.5596,-266.4288,379.97745,416.9912,94.74854,363.27466,417.12338,-250.87123,368.97763,411.46268,79.322296,356.72653,428.4101,-234.61656,364.55435,417.85956,83.33138,335.87024,670.88464,140.57532,319.74548,675.3588,-140.67679,331.99377,830.0823,291.44998,329.06885,849.27795,-59.85506,296.47867,999.1521,452.4378,298.1009,1029.7162,14.577957,279.14493,1032.3246,463.42758,281.67734,1062.0157,17.614145,369.2631,1020.4202,417.74268,382.1765,1061.5933,-82.64565
pesas_up
WhatsApp Image 2024-11-15 at 11.01.08 AM (4).jpeg,pesas_up,366.78952,338.27448,-98.6861,359.79553,317.65152,-81.1701,358.57578,316.97202,-81.1212,357.13657,316.2721,-81.05526,357.21384,317.49994,-138.39258,354.31232,316.60638,-138.44145,350.65958,315.4854,-138.47946,332.2286,316.85764,30.506954,324.07108,316.46732,-226.31561,358.93448,351.38458,-50.557194,355.6039,350.0096,-124.76077,305.8915,414.93524,177.78969,281.67178,417.00333,-291.99374,322.63727,540.4467,108.7738,320.73578,557.3762,-202.4381,364.00934,461.48135,-169.42778,371.6304,453.7478,116.50457,374.86,426.33917,-200.9159,383.32135,424.20813,141.40826,364.46005,422.62527,-185.67604,373.11948,417.99506,129.69943,359.7384,430.6949,-175.63754,368.8047,424.10324,125.744545,334.55814,666.157,142.13191,323.82553,670.3063,-142.26506,333.3447,825.1002,304.36014,333.19666,848.09875,-73.027664,298.60373,982.7484,462.52335,303.2597,1027.9482,-25.337261,278.1114,999.159,473.8194,286.68524,1060.6066,-24.742592,371.49832,1002.75726,438.69598,388.84854,1056.1111,-120.749176
pesas_up
WhatsApp Image 2024-11-15 at 11.01.08 AM (5).jpeg,pesas_up,368.96558,335.11383,-120.98178,362.55704,314.92474,-104.51732,361.39407,314.30917,-104.48776,360.04544,313.56125,-104.45692,359.83813,314.719,-160.17851,356.88815,313.80606,-160.21307,353.1244,312.57745,-160.21588,335.4017,313.3177,7.501515,325.2484,313.1892,-243.54349,360.7984,348.1224,-72.74082,357.22028,346.45813,-145.28177,308.04837,411.90912,151.29631,282.29684,412.37158,-305.88766,325.31094,538.9922,91.981285,326.07272,552.17236,-225.4946,364.65707,450.22913,-191.33931,374.46658,441.00543,75.405106,374.62894,420.72495,-232.364,384.80777,414.66492,91.037926,364.53745,415.3141,-215.12845,374.57312,408.33737,74.57555,359.45926,425.18884,-197.71973,369.9907,414.8169,81.02089,336.14532,666.77893,137.77599,320.4667,672.07825,-137.90408,342.51938,816.1142,373.87766,325.99075,853.6982,-24.340384,315.8052,952.76843,588.3152,304.08728,1028.9984,51.79948,297.07953,980.6062,607.0525,285.5654,1056.8846,56.39569,383.50726,979.2681,576.2809,384.75928,1054.3794,-44.98386
pesas_up
WhatsApp Image 2024-11-15 at 11.01.09 AM (1).jpeg,pesas_up,375.1984,332.85648,-128.22876,369.05334,311.50955,-111.987236,367.97894,310.6568,-111.95903,366.55374,309.7261,-111.900536,366.23868,311.11447,-168.97481,363.1447,309.87805,-169.01962,359.4367,308.39417,-169.03458,340.4845,308.4497,-0.12380518,333.0006,307.77448,-257.26617,367.2944,346.10748,-79.722374,363.00717,344.43915,-153.96057,317.7211,407.9098,145.59764,287.19818,409.00345,-318.40582,333.01404,535.16034,116.17036,332.501,552.432,-238.45512,379.33194,501.6117,-148.43451,383.24832,444.01495,50.540157,390.40918,491.46985,-185.08525,397.38397,414.41147,62.396187,393.17352,481.8066,-179.3032,385.69446,407.37494,49.513813,383.39444,485.89478,-158.57535,380.5783,414.23068,57.358475,342.3085,665.52014,138.66214,327.7249,669.9619,-138.76662,344.39307,821.6208,358.006,332.98645,849.9621,-19.33786,315.9395,961.1942,569.53937,307.4735,1027.3304,78.41553,296.78632,988.77527,587.2754,292.19217,1056.8507,84.64416,381.34433,1000.16235,549.763,389.67578,1057.0348,-19.545338
pesas_up
WhatsApp Image 2024-11-15 at 11.01.09 AM (2).jpeg,pesas_up,382.8112,329.53842,-142.20792,375.45807,309.07132,-125.72944,374.41235,308.38416,-125.68566,373.0696,307.58685,-125.6344,372.6341,308.66125,-181.22989,369.38358,307.4922,-181.26001,365.23456,306.0952,-181.24495,347.24344,306.87708,-9.763896,336.90796,306.54678,-260.58218,374.94666,342.47296,-92.4436,370.81964,340.7278,-164.8653,323.45758,408.18506,133.04608,292.22314,409.5351,-315.61243,340.8188,534.89514,74.625786,337.4878,551.1001,-237.7156,386.3894,468.83133,-219.51846,388.4908,445.1448,46.84961,390.0009,423.3454,-261.72357,399.79883,414.5545,58.724773,379.88733,415.75787,-249.49792,388.76154,407.68945,42.383358,375.41125,425.63837,-227.92432,384.54898,413.85776,51.940914,349.00406,665.81116,135.40384,334.0073,670.50085,-135.53195,351.10907,822.8582,369.99512,336.52188,852.60046,-0.87060434,314.92172,975.0424,582.28937,308.93774,1024.1262,95.97137,301.60068,989.9353,600.63086,294.4912,1056.5044,101.82837,385.9234,991.56995,564.7158,396.69574,1057.6853,-4.5962367
pesas_up
WhatsApp Image 2024-11-15 at 11.01.09 AM.jpeg,pesas_up,371.99167,329.23682,-125.50317,365.84042,308.2345,-108.897545,364.55402,307.3772,-108.87213,362.92508,306.44885,-108.81415,363.2059,307.99515,-166.38391,360.14648,306.90686,-166.42947,356.52975,305.64423,-166.46776,336.16907,306.906,3.9255466,329.8581,306.3891,-254.71999,363.83817,343.28812,-76.6694,360.07394,342.29633,-151.41484,310.4126,408.16315,153.94981,285.7913,408.77295,-318.37927,325.4781,536.0132,88.26831,328.40176,552.00696,-233.83028,371.97226,472.16415,-204.32388,377.8143,446.9258,69.84082,380.19046,429.0779,-242.05962,389.80457,415.83716,86.002884,386.12695,445.3372,-228.98155,378.51517,408.26837,72.91554,362.51706,428.22028,-212.1667,374.21536,414.88754,77.30162,337.8326,661.678,143.39308,326.32767,666.3181,-143.5303,341.292,818.79517,352.63373,330.82388,848.63513,-41.762257,310.32812,958.8714,555.41187,307.4851,1025.9353,37.57911,291.5439,986.8358,571.765,291.1911,1057.3711,41.415913,376.43658,999.61945,535.0659,389.76892,1057.9341,-61.90995
pesas_up
WhatsApp Image 2024-11-15 at 11.01.10 AM (1).jpeg,pesas_up,380.77707,324.37054,-143.58746,373.3894,305.7759,-124.60087,371.81763,304.86627,-124.647,369.98962,304.07684,-124.584755,371.04468,305.41092,-182.91502,368.0071,304.25247,-182.97253,364.72305,303.25525,-183.03339,342.40454,306.62814,-15.084056,339.22412,306.84888,-277.77194,372.65857,339.5955,-96.15759,369.38013,339.6484,-171.82143,314.7554,409.71216,128.51132,300.74246,414.38715,-346.1887,330.26373,543.5766,161.72716,341.04807,558.5099,-286.42926,362.2161,585.3877,-33.65247,386.37183,450.76358,-34.86152,375.6833,593.47375,-67.236725,397.28757,417.76123,-36.66054,376.394,583.0765,-81.0178,388.0307,412.09924,-40.27924,368.64664,579.37836,-50.57046,383.9293,419.13083,-26.701885,341.69913,662.31085,150.05765,337.35107,668.30176,-150.16705,352.4485,819.7251,385.73254,340.06497,854.4849,-28.997345,320.5164,986.7943,640.1717,318.4853,1024.3901,97.388336,304.25476,1013.62634,660.61163,302.27798,1047.3992,105.230064,394.06113,1009.96,616.16077,400.21548,1040.7542,-6.8581786
pesas_up
WhatsApp Image 2024-11-15 at 11.01.10 AM (2).jpeg,pesas_up,391.42545,330.93622,-136.90178,384.39062,314.56104,-122.367096,383.33316,313.97903,-122.300606,382.11856,313.27664,-122.246254,381.11826,313.68863,-174.62474,377.78046,312.45096,-174.6494,373.75137,311.17474,-174.63673,358.9582,313.00156,-12.568837,345.60043,313.1998,-250.05269,384.2802,345.51233,-89.25811,380.38547,343.47113,-157.86983,327.1869,413.7896,132.14392,307.60953,413.3728,-298.85995,344.435,538.7751,83.63692,346.41992,555.71857,-218.66035,389.99408,447.9147,-189.81839,399.97977,443.8362,62.66875,400.82477,422.86096,-226.79874,412.00275,418.52402,80.51778,389.82446,416.90588,-213.35048,401.58032,410.8681,62.711876,383.65222,425.21918,-196.22713,396.31522,417.8681,67.654816,353.77267,665.8072,130.22255,344.2338,673.1881,-130.36423,363.76965,814.2008,384.167,349.47952,854.2234,-57.40218,338.54764,945.1267,595.3017,323.60422,1033.3665,-25.965467,320.85397,973.44116,613.5323,308.88226,1063.86,-26.938448,406.6425,968.0899,591.3418,411.08487,1066.5574,-133.4821
pesas_up
WhatsApp Image 2024-11-15 at 11.01.10 AM (3).jpeg,pesas_up,405.53558,332.47797,-163.16113,399.23517,311.8136,-146.9731,397.68756,310.93372,-147.00327,395.79126,310.05292,-146.94534,396.06873,311.6753,-199.22603,392.669,310.7092,-199.27444,388.95572,309.6602,-199.25786,369.98,311.65723,-44.102318,363.38608,311.8271,-281.7791,396.46777,346.9724,-118.53776,392.6392,346.28198,-186.89435,336.87094,412.12216,91.65177,316.66196,416.37946,-333.54947,343.7457,541.81915,173.4063,357.49686,560.43066,-268.55142,379.35974,593.1927,33.774506,406.22583,449.95032,-41.398617,390.61057,603.55273,6.2428517,418.09912,420.39474,-45.85811,394.15573,593.85187,-13.659356,408.76797,413.0336,-54.343063,386.46005,589.1563,16.598913,403.98776,420.66754,-36.842377,357.78613,670.24316,130.4936,347.16843,674.90894,-130.42033,369.86807,816.04095,405.13736,352.8174,853.5503,0.26122326,339.76587,939.10944,665.2462,325.64957,1031.0121,117.299706,319.44934,964.5126,687.27905,309.87598,1059.9062,124.62082,404.26404,968.22766,652.36273,409.2271,1062.3097,12.140473
pesas_up
WhatsApp Image 2024-11-15 at 11.01.10 AM.jpeg,pesas_up,378.10992,327.96655,-113.56062,371.50598,310.01926,-97.940056,370.6059,309.41907,-97.90912,369.56052,308.78043,-97.854744,368.50015,309.55237,-150.94614,365.2727,308.61163,-150.9918,361.0572,307.58636,-150.9853,345.28552,308.75327,8.504288,331.87973,309.79626,-230.94708,371.21194,341.46503,-67.147545,367.00528,339.86633,-136.23178,314.31662,407.93927,144.95512,295.53113,408.99594,-282.55438,331.48676,537.735,133.6422,339.57144,553.5174,-211.28452,378.58157,524.9126,-87.0496,388.15762,436.41327,53.91043,390.27423,518.9016,-115.794586,398.06665,410.98474,68.13693,394.63083,508.63226,-114.70837,387.6434,403.96838,56.55993,384.95703,511.0879,-97.16642,382.9365,410.30945,60.47399,346.43436,667.0447,126.52608,339.97586,671.8441,-126.58196,350.24924,825.609,319.7831,342.3824,853.01904,-39.614628,319.66284,983.0635,503.2017,313.6511,1027.2834,24.041544,304.3958,1000.8796,517.56573,298.64798,1058.8308,26.330803,391.78616,1005.8694,480.60065,400.70953,1063.2369,-76.2152
pesas_up
WhatsApp Image 2024-11-15 at 11.02.02 AM (1).jpeg,pesas_up,326.11603,352.11005,-98.10073,326.32193,337.2282,-87.18381,325.27765,336.3355,-87.06119,324.04105,335.235,-86.89901,324.5482,336.2998,-140.36482,322.42776,334.8117,-140.43495,319.9914,333.039,-140.47772,302.17087,327.2256,0.9483788,296.5373,326.4386,-238.84976,314.68216,362.37616,-57.614353,312.1931,360.77576,-127.02083,260.0655,390.63776,131.18982,254.3738,397.57233,-300.51523,274.4279,493.42438,76.29314,279.66534,518.8937,-217.2349,337.5696,465.42035,-202.75075,349.08054,469.8354,42.533142,356.88605,456.44653,-235.46861,373.0515,457.27087,53.144463,358.6816,450.60318,-243.61458,366.5424,448.6051,49.203312,346.1848,452.6717,-217.52374,357.25287,451.7421,53.08557,282.37585,612.1967,137.77306,280.1076,617.49976,-137.99498,298.95847,756.9964,296.20422,295.16983,770.3333,-15.076543,286.05692,896.9427,469.90237,280.0741,925.27405,110.32273,271.39496,916.79736,481.52206,265.5805,956.3156,118.34431,345.3476,910.15204,433.07495,348.29004,954.50586,31.429853
pesas_up
WhatsApp Image 2024-11-15 at 11.02.02 AM (2).jpeg,pesas_up,328.48358,356.55396,-114.90987,329.3234,340.94742,-101.07107,328.32593,340.20032,-100.971855,327.1527,339.36386,-100.8161,327.3308,339.81412,-155.75757,325.06332,338.43613,-155.8152,322.3697,336.8857,-155.84401,305.1257,332.61786,-0.8983729,298.53015,330.56274,-247.46953,316.91074,368.25568,-70.44856,314.49686,365.98328,-141.84459,263.56952,397.22662,135.66621,252.36606,401.25696,-311.78088,280.20728,506.3473,57.650677,279.13605,525.95575,-237.29228,335.3637,472.99985,-251.11339,348.24884,476.0476,18.806257,356.6253,460.1794,-290.09445,371.85785,460.47156,26.296648,357.61588,454.5413,-294.93732,366.10806,452.40723,21.800129,344.2512,459.4378,-265.73422,357.22928,455.88745,28.914875,288.63892,621.61816,144.47923,281.73032,627.0891,-144.6759,302.51996,765.3284,324.33508,295.96902,778.9194,-14.998381,288.7988,904.14185,525.2101,278.824,931.0365,119.013916,274.28452,920.98663,539.27264,264.25504,962.48785,127.37578,347.03952,916.2178,484.2676,347.80917,959.62354,30.956724
pesas_up
WhatsApp Image 2024-11-15 at 11.02.02 AM (3).jpeg,pesas_up,333.0941,359.59882,-114.42957,333.3735,343.47192,-101.35862,332.30978,342.5108,-101.23866,331.07977,341.4118,-101.07981,331.17593,342.11255,-153.92317,328.8241,340.3691,-153.9813,326.34348,338.60745,-154.01193,310.1768,334.2611,-3.7867188,304.12573,331.9344,-240.9983,321.53784,370.5987,-70.948975,319.4568,368.89362,-139.61311,267.33386,397.92554,127.93255,256.32837,402.02515,-302.10217,282.29462,505.52823,49.015675,282.70847,523.9508,-228.10445,338.2269,472.90787,-247.29103,351.79657,476.38672,29.752508,359.27673,459.88663,-284.0952,375.87988,461.68915,40.241764,359.56638,453.93683,-287.6572,370.20865,453.58374,36.348507,346.79916,458.52966,-260.86258,360.88113,457.19006,40.321697,291.56058,621.5374,139.01585,285.88922,627.25714,-139.23593,303.37958,764.7161,313.35556,297.2104,778.0801,-9.2931385,289.2092,902.9117,506.26913,278.82828,928.36365,123.88625,274.46237,919.9342,519.90955,264.8517,958.34155,132.87308,345.59186,914.3377,469.71024,347.89267,953.3624,44.12512
pesas_up
WhatsApp Image 2024-11-15 at 11.02.02 AM (4).jpeg,pesas_up,330.2876,357.61096,-102.34624,331.45035,342.74988,-90.71998,330.6771,341.74017,-90.61088,329.64294,340.574,-90.4419,328.26974,341.0232,-144.44563,325.37546,338.89865,-144.51729,322.37228,336.71246,-144.55452,307.9027,333.05414,1.3128924,300.04318,329.81473,-240.65831,319.22015,366.61362,-60.44353,315.61688,364.89014,-130.40758,264.85822,396.77765,133.90508,255.8951,403.75684,-303.7261,275.06918,499.31088,82.25678,280.02014,525.0509,-221.88554,337.00595,477.09778,-205.89915,350.16098,477.5482,34.55198,364.231,465.63275,-241.0315,373.24582,465.77893,43.27704,359.72705,461.61148,-252.74391,366.50467,457.0313,38.391098,345.97244,464.09814,-222.51556,357.33264,460.3017,44.82,286.08182,619.7938,139.10915,282.677,624.671,-139.33365,300.31934,763.5303,307.88864,297.18085,777.2226,-14.864911,287.5421,901.9298,490.5439,279.09802,930.4767,114.76121,273.40283,919.4467,502.89914,264.42856,961.3431,123.06272,344.49097,915.4783,454.19046,348.3812,960.01245,34.20659
pesas_up
WhatsApp Image 2024-11-15 at 11.02.02 AM (5).jpeg,pesas_up,328.61722,356.99405,-107.06913,329.02982,342.4834,-95.042206,328.1967,341.73987,-94.92996,327.14594,340.8589,-94.76708,326.08084,341.31088,-147.94987,323.51025,339.84125,-148.01634,320.54614,338.0216,-148.05156,304.89804,333.57086,-2.0558584,296.712,331.42044,-240.73521,316.91254,367.8856,-65.02111,313.66302,366.1914,-134.1098,259.5394,396.8553,125.92852,254.45354,404.90906,-300.31332,273.42807,499.9927,69.43182,277.90454,528.4829,-219.24808,336.16772,470.28113,-209.39355,347.22003,476.983,37.513588,355.54486,461.12982,-242.8825,370.01312,462.9211,48.421356,357.16217,456.75403,-249.71214,364.01617,454.82654,43.459694,344.0134,461.74316,-223.65456,356.01453,458.05893,47.672215,282.66544,622.63025,135.15903,281.0209,628.18286,-135.36961,298.28464,765.06525,296.3453,295.1038,776.3372,-13.645634,287.36664,906.32715,474.88815,278.8464,932.1222,108.15874,273.92682,924.84753,487.107,265.30814,963.52203,115.43974,344.56525,917.9846,439.48062,348.74567,959.93164,26.82698
pesas_up
WhatsApp Image 2024-11-15 at 11.02.02 AM.jpeg,pesas_up,327.96564,349.9887,-112.25803,327.68713,334.72314,-98.934425,326.63544,333.87842,-98.83494,325.38483,332.91046,-98.69087,325.6098,333.6522,-152.962,323.27576,332.18594,-153.02594,320.45538,330.4216,-153.06508,303.2887,325.65533,-1.188758,296.08823,323.43826,-244.52487,315.81436,360.94876,-68.6075,313.1914,359.23914,-139.04121,263.80234,391.16034,136.968,250.74915,394.619,-307.75455,284.6446,494.73395,66.22801,277.10037,517.37585,-229.47385,342.91348,463.51453,-233.45255,348.91168,468.1445,32.715466,369.13574,452.96982,-270.09558,371.43082,455.2031,42.222668,363.32144,448.1286,-275.4309,365.79773,446.8356,37.48859,350.26645,450.5688,-247.94351,357.72974,449.63715,42.849594,283.71576,611.7012,141.7935,279.2167,616.2198,-141.97359,301.71997,755.8285,303.67468,296.8696,769.512,-11.545358,285.70917,896.64026,485.7438,278.3432,922.6178,119.94389,271.91757,914.95355,498.0789,263.89423,952.8132,128.50043,345.13467,909.83887,445.98257,347.1595,953.1936,37.336143
pesas_up
WhatsApp Image 2024-11-15 at 11.02.03 AM (1).jpeg,pesas_up,337.16428,361.07883,-101.68399,337.98178,344.70428,-88.51205,336.85278,343.67844,-88.39535,335.58328,342.52142,-88.24172,335.9754,343.37195,-141.73296,333.6328,341.5784,-141.78885,331.20294,339.75552,-141.81725,314.18442,334.45773,8.713574,308.4,332.0853,-231.41032,325.34796,370.96295,-58.291374,323.17892,369.5473,-127.786606,268.96362,398.06796,140.45323,260.4045,401.26846,-296.40497,280.7489,506.5119,65.82062,284.43433,524.3375,-221.69728,343.56485,471.11688,-223.91594,355.8397,474.39862,45.23684,365.50665,458.8302,-258.3812,379.2343,459.71887,57.88414,365.6564,454.04343,-261.16705,373.026,451.72134,54.175983,352.45923,458.32758,-236.98793,364.7782,454.5857,56.180157,288.75775,620.6032,140.92566,289.21533,625.45404,-141.11345,303.2784,765.0235,293.38254,301.5927,777.2787,-14.128369,288.83832,901.7426,462.1473,284.11484,930.7385,110.07463,274.4259,922.1752,473.19824,269.65955,963.7253,118.10772,346.66632,915.02,423.4869,352.4056,958.1711,32.410492
pesas_up
WhatsApp Image 2024-11-15 at 11.02.03 AM.jpeg,pesas_up,331.40216,362.0794,-107.55341,332.40576,345.77377,-95.219246,331.4681,344.85797,-95.0831,330.3794,343.78888,-94.91409,330.10074,344.21326,-146.43187,327.72113,342.34406,-146.4929,324.9776,340.35703,-146.51675,309.98846,335.80093,0.2579697,303.1673,333.0108,-230.57434,319.65903,371.779,-64.627716,317.20932,370.1398,-131.45187,265.14926,396.5817,128.6399,257.61066,404.4211,-290.24603,277.38275,502.3728,57.838604,282.25018,525.7902,-212.08926,334.45294,471.85077,-226.8961,348.8395,478.20154,53.109226,359.59094,459.12244,-258.91556,371.73645,462.86615,68.55285,353.53757,456.6733,-261.6587,366.19186,454.59235,64.47924,342.44995,459.3557,-239.2792,357.95868,457.66635,64.33103,283.44525,619.8574,135.02594,287.28403,626.36884,-135.22856,299.56567,763.65405,279.95453,299.0192,776.15045,-33.11557,287.80185,904.76105,439.67288,281.3932,933.08215,66.8827,273.7706,923.4276,449.9096,265.9909,964.17163,72.33464,345.53613,915.05066,406.57642,348.46124,960.1538,-10.738054
pesas_up
WhatsApp Image 2024-11-15 at 11.23.32 AM.jpeg,pesas_up,383.85376,215.85815,-281.03934,391.94366,199.96559,-264.4516,397.17432,200.356,-264.5448,401.7598,200.68068,-264.61594,374.99857,197.66158,-264.92535,369.01245,196.7024,-264.91757,362.99957,196.10443,-264.89685,404.90262,203.80219,-123.24173,352.4563,200.17671,-125.20086,391.13208,232.4682,-224.1475,371.54016,231.53928,-225.13797,441.01486,283.8881,-30.633179,309.8669,287.8518,-35.323776,458.89447,401.2105,-160.72682,302.88022,410.1442,-180.02641,473.39825,300.4914,-404.66788,284.12387,302.11154,-476.41058,482.52853,275.29813,-445.09457,268.77206,278.8753,-528.5182,484.44775,263.3587,-436.53372,268.32437,268.99887,-530.4483,478.3312,271.30997,-406.39496,274.86346,276.80197,-485.7367,416.77332,498.29468,-6.74312,343.1775,497.98407,6.656063,423.2697,650.6302,-41.055378,335.87628,653.9662,27.873821,431.53882,793.13184,216.08656,343.05325,798.2582,282.02798,418.76843,807.00916,234.39738,354.05267,810.87067,302.1064,435.43896,854.6155,87.585754,342.0176,861.9867,162.98264
pesas_up
WhatsApp Image 2024-11-15 at 11.23.37 AM (1).jpeg,pesas_up,383.14206,227.87645,-277.87003,393.02414,212.25842,-256.86856,398.26736,212.47714,-256.96188,403.12906,212.7253,-257.02658,374.9201,211.7467,-255.44455,368.97815,211.49832,-255.43213,363.29483,211.28181,-255.40736,409.02203,217.48608,-105.36002,355.87454,216.62172,-99.71807,394.0304,244.59161,-219.00655,372.38782,245.55789,-217.90025,445.87518,303.21906,-11.841576,317.19666,301.18216,-6.6262255,464.93848,417.17532,-137.65372,304.15558,421.51862,-165.1759,479.40726,313.6825,-371.48145,290.30377,311.14566,-489.24506,491.02283,288.65793,-411.96756,278.42416,286.11966,-547.83014,491.5073,276.94025,-408.32803,277.10202,276.48514,-549.25854,485.47302,284.24988,-374.9828,282.7981,284.11197,-499.45813,418.20676,514.1787,-6.440032,344.80295,514.19006,6.3859744,423.01538,674.5526,8.996128,336.89874,673.2095,40.91796,430.40884,813.9625,278.62936,348.86435,814.0675,295.6109,420.00275,829.47437,296.72147,359.66293,826.0843,314.34805,431.94586,867.646,133.61696,346.41324,875.93616,153.3412
pesas_up
WhatsApp Image 2024-11-15 at 11.23.37 AM.jpeg,pesas_up,385.7303,223.11493,-274.04626,394.50427,208.23187,-255.37148,400.15543,208.6926,-255.44788,404.8564,209.16684,-255.48479,377.78683,206.77492,-253.53429,372.3346,206.4094,-253.5155,367.62186,206.18288,-253.49557,409.6607,214.47176,-111.497604,359.98212,212.47607,-103.72539,394.292,239.7743,-217.88829,374.9295,239.58748,-215.99136,448.6983,298.56305,-19.133135,318.1136,297.16852,-13.861502,464.0231,410.7245,-143.1067,303.0357,415.01895,-164.68753,480.25018,306.6601,-377.41516,291.73532,313.44916,-485.4566,492.54785,282.836,-418.2096,278.52817,290.09418,-542.09546,493.63174,271.6723,-415.3468,276.448,279.5006,-546.14954,486.62378,279.06964,-381.12827,283.6121,287.64215,-496.69128,417.51575,508.07013,-3.2401624,344.73242,507.5938,3.225541,425.2312,663.65247,0.6654872,334.15268,668.0703,51.88897,434.17093,805.42126,236.36346,345.7685,809.1022,300.38766,421.1145,820.60754,251.27803,355.0454,819.8028,318.57498,444.5451,864.3402,90.78046,341.81122,869.57574,165.0098
pesas_up
WhatsApp Image 2024-11-15 at 11.23.38 AM (1).jpeg,pesas_up,381.83554,230.32199,-254.31241,391.07693,214.23532,-237.17163,396.9296,214.40997,-237.28487,401.68808,214.72421,-237.38736,373.68588,214.19893,-235.2212,368.1341,214.23105,-235.28589,362.49008,214.64703,-235.22647,406.69763,219.55827,-98.97354,353.26443,220.95651,-88.83379,392.21628,246.39313,-198.7424,371.4275,247.48218,-196.44737,442.9601,303.21317,-14.371634,315.09958,304.9879,12.220388,460.76346,416.85062,-143.16177,307.91342,425.95447,-126.184135,476.99915,314.6508,-367.41885,287.58105,314.8438,-432.5823,487.30353,289.7968,-405.60428,274.1316,290.76923,-484.7644,489.2698,278.7162,-399.26523,273.2214,281.0577,-487.57556,483.8848,286.2668,-369.47232,279.83298,289.22003,-443.08682,418.67896,513.6182,-17.197416,348.7882,515.2384,17.13509,424.42807,674.19196,-35.56875,335.1695,677.00195,47.10451,432.25793,812.0202,239.49521,346.84885,813.4166,306.03497,422.33972,825.6485,258.93933,356.25598,823.092,326.13895,430.15982,869.34503,107.215225,343.984,876.37805,181.74625
pesas_up
WhatsApp Image 2024-11-15 at 11.23.38 AM.jpeg,pesas_up,385.9207,227.83359,-268.11823,394.29337,212.0061,-248.99751,399.4932,212.003,-249.0789,404.00372,212.15285,-249.1523,377.62305,211.59048,-246.75938,371.54092,211.5171,-246.74405,366.13046,211.75064,-246.7112,408.64633,216.92873,-103.7363,357.6921,218.13428,-93.632774,395.47708,244.05118,-211.01588,375.93146,244.86307,-208.58623,447.6123,300.9673,-12.102045,320.27972,302.1211,-3.444445,464.49985,414.6624,-133.20676,305.09235,418.22028,-160.6311,479.64343,309.2841,-350.90637,291.17038,307.6193,-480.79932,489.6711,285.44614,-389.57993,277.76773,284.38303,-539.6576,490.3076,274.29263,-385.92258,276.91696,275.18832,-542.3245,484.92786,281.2791,-354.0328,283.50598,282.93683,-491.87036,417.80597,511.7439,-8.685017,345.6823,510.94366,8.64399,425.79022,668.76917,-3.6691892,336.12537,675.43207,38.285538,434.6741,812.89923,256.08295,346.55582,816.37964,286.35992,421.30188,826.4424,273.46716,358.49066,827.7036,304.72864,429.8364,867.9187,113.13188,344.34766,878.1262,148.85129
pesas_up
WhatsApp Image 2024-11-15 at 11.23.39 AM (1).jpeg,pesas_up,386.3149,235.11841,-268.83853,394.29266,219.73108,-248.0376,400.01993,219.8616,-248.13159,404.58115,220.04503,-248.2175,377.02863,219.5598,-247.41656,371.23492,219.66933,-247.39265,366.45203,219.9993,-247.36214,408.96582,224.81276,-95.78283,357.64145,226.44662,-93.4529,395.84616,251.58987,-209.46481,375.2773,252.40823,-209.15657,446.24994,307.84955,-0.41705,317.81406,310.93976,-0.23829025,464.62903,419.20764,-132.4148,302.75317,425.08286,-154.69641,481.2728,313.97473,-382.2395,289.15512,321.02112,-480.16257,493.63455,288.5622,-428.02362,277.32346,292.85132,-540.6247,493.0958,278.54947,-423.77658,276.27502,283.7572,-542.5335,486.6112,285.45102,-386.4236,282.46466,292.27734,-490.4939,421.10455,516.13495,-2.1571727,347.4093,515.6507,2.0891209,427.43982,677.3715,-1.6774601,342.69373,674.916,20.139153,435.01328,818.28955,281.10693,349.67963,818.35913,277.07516,421.04202,832.79846,300.8424,358.09897,829.33496,296.05353,436.53616,873.18414,138.13377,349.67673,880.60785,132.3153
pesas_up
WhatsApp Image 2024-11-15 at 11.23.39 AM.jpeg,pesas_up,383.38882,229.94904,-266.3155,392.89008,214.23627,-248.465,398.20392,214.51723,-248.55605,402.58658,214.63416,-248.61548,374.78656,213.53615,-246.63896,368.6921,213.32664,-246.61258,363.51266,213.45328,-246.585,408.2945,218.58105,-105.41446,356.26605,218.75069,-98.05718,393.60135,246.33836,-209.56073,372.45764,246.95499,-207.89523,446.8519,302.50897,-12.12066,318.24167,301.76358,-2.5691774,466.90155,413.72787,-130.93968,300.43866,416.30402,-146.70729,476.9041,311.1054,-353.9083,288.3644,311.7492,-457.05197,488.42053,284.953,-393.4072,275.18826,284.54474,-513.11945,489.46838,274.62662,-388.43283,272.29773,274.00583,-516.0574,482.6561,282.18625,-356.62228,279.81653,282.44824,-467.47263,418.94165,511.41666,-7.5499563,346.6379,511.55792,7.551625,426.47015,666.5271,-3.933612,338.93362,671.9207,41.143726,433.34354,810.1586,249.37755,349.8326,813.7369,285.75296,420.33298,824.91205,266.56497,359.58878,825.4332,304.2464,434.5564,865.0154,112.95232,345.4753,874.38855,154.47122
pesas_up
WhatsApp Image 2024-11-15 at 11.25.15 AM (1).jpeg,pesas_up,388.0928,237.89406,-283.3715,397.80417,225.92247,-264.1102,402.39444,226.61853,-264.12668,407.24692,227.3861,-264.08258,379.83878,224.108,-267.08618,373.30298,223.80737,-267.05795,367.86856,223.71597,-267.0381,414.05508,237.15143,-128.55748,358.34497,233.52032,-146.27112,397.7282,258.6263,-232.31836,376.0146,256.50558,-237.20015,449.19867,328.06046,-34.063152,313.1942,327.93246,-79.14274,460.87036,447.57083,-111.67391,302.64026,448.27512,-239.68126,487.60913,340.86786,-299.7203,295.7693,349.0649,-527.2009,498.76852,326.13937,-328.54196,284.09116,328.85666,-571.44006,498.51147,316.52768,-325.86523,280.49152,318.6872,-576.4798,494.4494,321.63135,-302.5971,286.08667,325.3546,-536.9063,417.86053,535.07385,9.021163,339.54645,534.325,-9.081406,412.36298,688.9972,76.143394,329.34845,688.8435,23.329851,418.22256,833.2777,244.88339,327.71234,832.62683,176.01405,402.26367,854.226,252.94362,336.1655,852.6406,184.21237,435.92557,895.79785,119.854454,309.79166,890.61816,46.12368
pesas_up
WhatsApp Image 2024-11-15 at 11.25.15 AM.jpeg,pesas_up,385.08423,241.17389,-340.847,393.38565,228.83209,-321.57944,397.78644,229.26831,-321.58368,403.34167,229.90646,-321.53937,376.5464,227.53525,-324.98624,369.34418,227.30472,-324.98346,363.45605,227.44336,-324.95477,409.13043,238.99452,-178.52965,352.6264,237.29147,-198.03601,394.2261,261.59357,-286.2335,373.30902,261.15054,-291.66565,444.62,328.94403,-74.23957,306.39346,332.93503,-109.977234,458.96127,451.25934,-153.90309,297.72177,455.01285,-256.66046,484.63156,345.90942,-368.44617,291.5174,355.98892,-554.94324,497.7973,331.2952,-401.06622,280.04587,334.5416,-600.1177,498.94305,321.4419,-400.04953,276.19037,323.87946,-606.7929,494.02368,326.1554,-372.401,282.08594,330.71365,-565.052,417.81906,538.369,4.94286,338.94565,540.13116,-5.032055,413.96017,690.9874,78.429474,335.18246,693.3375,35.76553,419.56787,832.51526,273.58923,329.7449,833.62305,207.16196,406.0603,852.5189,283.9602,340.69324,854.8937,217.15845,430.77606,894.8169,149.688,311.26077,889.9603,78.86823
pesas_up
WhatsApp Image 2024-11-15 at 11.25.16 AM (1).jpeg,pesas_up,380.66156,240.17282,-255.74275,389.278,226.80054,-236.5996,393.564,227.54488,-236.65349,399.00967,228.25899,-236.63454,372.12772,225.68103,-239.02658,365.01093,225.65567,-238.99805,359.36743,225.79517,-238.97748,405.25726,238.57785,-106.69019,348.75583,237.35703,-120.90802,389.894,260.66797,-206.84659,368.59613,260.10147,-210.80634,442.32794,326.38373,-28.410149,303.60635,328.22424,-49.47079,453.49155,443.51456,-138.28082,292.6184,447.84,-192.54294,476.93616,337.5149,-354.6288,288.23227,350.74203,-469.05643,484.878,323.3051,-388.6386,277.74133,328.36188,-512.109,484.76547,314.75894,-384.79065,273.0875,318.91656,-516.21295,481.73926,319.91498,-357.76953,278.40652,326.00073,-478.02927,411.45404,533.19653,1.1399639,333.10394,532.90906,-1.201405,408.82053,686.5403,59.56223,328.07736,691.93896,29.51873,414.76282,829.12524,200.81033,324.21323,835.2053,166.55919,401.5827,850.8468,205.91695,336.023,856.62115,172.91553,431.65207,889.0411,73.39343,305.5717,886.20087,38.89385
pesas_up
WhatsApp Image 2024-11-15 at 11.25.16 AM (2).jpeg,pesas_up,380.17557,241.07693,-312.852,389.46902,229.15459,-294.97028,394.28345,229.757,-295.0135,399.23822,230.31863,-295.01035,371.4481,227.64621,-294.2497,365.07126,227.60394,-294.23212,359.64584,227.78795,-294.199,406.4873,239.75253,-159.70755,350.3544,237.81775,-158.94923,390.5246,262.1095,-261.28662,368.21936,261.1739,-261.01727,445.4024,330.33417,-70.56925,304.54858,329.4381,-73.13716,452.14105,450.19077,-170.93803,294.52594,452.0493,-211.60353,475.38864,347.59415,-387.72693,285.22888,350.69727,-503.95953,485.12827,333.55432,-421.02734,272.85913,329.83856,-549.5923,487.7223,323.982,-420.28217,268.2703,320.60043,-555.0566,484.86288,328.52728,-391.66415,273.89398,327.03098,-514.30054,409.39905,539.30927,1.722054,329.91425,540.336,-1.810113,405.9016,693.7123,34.94024,326.28296,696.4752,36.3395,413.18155,831.74506,234.45595,324.89255,836.3135,230.2147,400.30692,853.0224,245.3817,335.01025,857.05536,242.36781,427.4407,894.91943,104.027435,305.71384,895.3179,101.69666
pesas_up
WhatsApp Image 2024-11-15 at 11.25.16 AM.jpeg,pesas_up,386.70398,238.05362,-350.58917,395.91745,224.99515,-329.12646,400.36682,225.8468,-329.13867,405.19244,226.72456,-329.10638,378.04242,223.53473,-328.9966,371.3414,223.44693,-328.98218,365.88437,223.47125,-328.94916,412.00043,237.22452,-178.70183,355.76263,235.40485,-181.0382,396.39008,259.1167,-294.0778,374.70087,258.17694,-294.6504,448.52887,326.49048,-75.67604,309.57837,326.55566,-91.60777,461.0518,445.9237,-169.64702,302.85776,448.36105,-247.78247,483.81097,339.74237,-388.9852,294.30164,346.52142,-558.8793,493.25696,325.9169,-422.8049,284.54602,324.39722,-607.1374,493.89923,316.8177,-421.6365,280.78238,314.87036,-612.6955,490.58615,321.5433,-392.46103,285.3983,321.75748,-569.1273,417.99686,535.5803,1.8563882,339.03696,536.76904,-1.9572809,412.55603,689.6633,68.97259,333.5103,690.2008,37.988144,416.77142,825.25586,294.67416,327.8635,827.7069,233.98502,404.88623,844.3267,307.93683,337.29468,849.4938,245.98393,428.9303,887.1998,164.40698,307.58643,884.39575,97.76646
pesas_up
WhatsApp Image 2024-11-15 at 11.25.17 AM.jpeg,pesas_up,382.25247,243.89163,-314.8569,392.04123,230.93292,-296.6517,396.34485,231.91475,-296.6595,401.29086,232.99088,-296.60147,373.8957,229.30905,-295.05386,366.59592,229.46777,-295.02975,360.81915,229.99164,-294.99625,408.80423,243.46991,-165.00357,351.5548,241.2521,-161.19992,391.57568,264.69336,-265.75717,368.9485,264.15506,-264.3944,448.62784,334.71805,-81.93844,304.8944,333.16656,-80.80655,456.8479,453.47488,-183.18779,297.85193,455.19882,-227.15047,477.66864,348.14774,-391.90823,288.67578,354.74582,-516.2009,488.13516,335.4129,-424.38492,276.97208,334.31848,-559.7194,490.54645,326.89594,-421.5477,271.6652,326.23718,-563.9438,485.8377,331.04477,-394.458,277.3036,331.88483,-525.79254,413.08386,543.0275,2.298112,333.59317,544.0237,-2.3907433,411.1359,698.615,77.83677,327.47986,698.4043,60.725224,413.6194,836.3402,267.02225,321.8116,835.33765,249.56384,399.30295,855.50226,277.05298,332.35446,855.0154,261.37296,428.62094,899.9077,137.55971,304.38913,893.4407,124.147804
pesas_up
WhatsApp Image 2024-11-15 at 11.27.46 AM.jpeg,pesas_up,368.62958,266.16434,-321.98004,378.9583,253.88547,-300.22986,384.18744,254.23277,-300.32635,388.7016,254.58405,-300.34872,361.45956,252.88748,-300.42853,356.02557,252.86208,-300.42487,351.3773,252.80228,-300.43246,396.12546,261.58374,-143.2514,345.17752,259.70648,-144.60294,378.7205,282.86255,-261.31668,358.5609,283.66406,-262.03476,431.26788,347.125,-46.533096,305.40695,343.84903,-39.839874,427.1968,453.32248,-207.15286,308.68045,454.13986,-184.93387,449.58505,367.19907,-537.3613,287.86453,363.62946,-536.2987,457.05246,350.29443,-594.12335,280.38803,344.1706,-596.4247,457.2502,341.4621,-593.377,279.11703,336.52917,-601.8961,453.71054,345.87842,-544.53687,282.57187,341.04825,-547.2594,392.9784,541.7151,-4.533039,328.35272,539.45825,4.3632092,378.36636,683.70416,-10.382209,334.43253,679.9627,16.64505,363.1045,812.448,257.30072,335.44812,812.4021,273.96594,359.90454,826.2385,273.98557,336.4453,825.2792,290.89645,365.94986,866.74164,103.86127,327.28357,863.1328,121.95479
pesas_up
WhatsApp Image 2024-11-15 at 11.27.53 AM (1).jpeg,pesas_up,369.81247,259.1183,-340.39297,380.43097,246.82715,-318.76785,385.86172,247.28741,-318.8671,390.05203,247.79228,-318.87704,362.96567,245.08429,-320.39407,357.50067,244.76697,-320.39954,352.76047,244.78537,-320.43365,397.02637,254.61397,-157.39233,345.77747,250.86108,-165.78749,378.69598,275.73322,-277.43127,359.78702,275.544,-280.1952,433.7848,340.45294,-51.23392,301.99048,334.90402,-55.419834,423.52527,448.34937,-199.16936,308.64044,448.7042,-194.65778,446.35208,362.20306,-531.11487,286.43973,358.33356,-546.91455,455.0847,344.74258,-586.85114,278.95398,339.41776,-606.10736,456.02444,335.36414,-588.2003,277.12018,329.76392,-614.57336,452.0672,340.44867,-539.2023,280.88565,334.8579,-558.59863,391.732,534.78644,-2.2303884,325.34543,531.71075,2.072444,376.7461,672.3819,5.793066,333.15408,671.1018,15.779199,361.27673,806.9028,257.87497,333.31213,810.8436,261.96808,357.73077,820.67474,272.55453,334.30515,825.07745,277.14432,366.54395,855.6183,102.819374,325.47205,853.5849,106.328384
pesas_up
WhatsApp Image 2024-11-15 at 11.27.54 AM.jpeg,pesas_up,369.818,262.5343,-328.365,380.3692,249.4332,-307.93088,385.8117,249.93329,-308.0142,390.45032,250.34604,-308.03784,363.39584,248.23447,-307.98044,358.2536,248.05997,-307.99487,353.4544,247.89919,-308.0208,397.3821,257.34784,-153.18364,346.98755,254.49207,-153.0086,379.26093,278.89795,-267.97742,359.96768,278.94406,-268.3318,435.17825,345.6297,-54.223812,302.9374,341.1211,-56.373177,424.58463,452.70477,-218.9243,307.78787,451.06714,-210.26178,452.6232,366.5999,-554.2734,286.6077,357.6391,-557.1888,459.14954,348.95593,-609.09326,278.7055,339.47516,-616.8942,459.838,340.32834,-610.39685,277.35858,332.1042,-620.6388,456.69135,345.33905,-562.11017,280.85776,336.41675,-567.5475,394.89523,541.592,2.7038121,325.9826,538.5427,-2.9394841,382.54523,688.8573,-17.017843,333.23874,681.6124,14.952438,362.7213,811.0778,292.30243,333.83383,812.5534,318.9818,357.47214,824.07654,313.7936,334.90402,824.47845,341.44522,366.69595,861.5143,146.90349,323.5111,859.0972,177.34282
pesas_up
WhatsApp Image 2024-11-15 at 11.27.55 AM.jpeg,pesas_up,371.97025,259.17853,-335.83893,382.07068,247.24724,-313.80154,387.5067,247.59056,-313.89447,392.2365,248.00917,-313.91483,365.0722,246.56549,-315.34958,359.423,246.61034,-315.36282,354.51715,246.5738,-315.3892,400.04767,255.30974,-154.32759,347.19543,253.4112,-162.18864,381.99603,275.42682,-274.17804,361.94427,276.22583,-276.80374,437.17737,344.29865,-53.38604,305.63254,339.62463,-67.34253,427.77057,451.06778,-212.60983,310.84772,449.5535,-222.4629,452.32666,363.92096,-548.5445,286.92065,357.63232,-576.6252,459.94504,348.40802,-605.1159,278.2925,338.69064,-637.6253,460.48035,340.49286,-606.744,277.21167,331.08398,-644.036,457.08627,344.7195,-557.0061,281.06573,335.88226,-588.08575,396.2793,539.7034,4.6763535,328.07492,537.3699,-4.896576,383.8946,684.2456,-0.34672746,339.46817,678.58215,12.45267,364.42108,809.7275,279.40717,335.47153,812.2383,284.03793,359.0324,823.3699,297.51776,334.87796,824.9602,302.4037,370.0698,863.0614,132.1524,329.54556,857.0618,133.35773
pesas_up
WhatsApp Image 2024-11-15 at 11.27.56 AM.jpeg,pesas_up,382.24365,251.55307,-298.717,391.86322,239.53065,-275.91992,396.79562,239.99777,-276.01907,401.28705,240.4605,-276.05505,374.9451,237.99237,-277.8876,369.3901,237.89604,-277.88663,364.38605,237.71701,-277.88504,406.43793,247.43268,-119.11378,355.96942,244.11604,-127.98157,390.87698,268.28662,-238.43433,371.044,268.3044,-241.36382,440.14917,338.58026,-27.989817,307.8089,331.3401,-34.53273,429.48807,444.67242,-173.90094,313.4887,443.6228,-184.18552,457.78812,358.0163,-485.70105,295.0301,351.9596,-529.52734,467.14066,340.92725,-537.4402,285.56525,330.58844,-589.2956,468.59427,332.06934,-540.57874,282.1576,322.72052,-594.31836,464.26373,336.73486,-493.6678,286.7951,327.9112,-540.7476,399.62924,534.0943,4.2951345,329.66318,530.5071,-4.5021305,385.36554,680.87897,-23.51013,333.49005,671.3502,9.97428,365.16635,801.48694,300.76218,334.35248,801.94934,334.61353,360.047,813.26184,324.24112,335.42355,811.5335,359.62112,366.796,854.2804,160.62367,325.34778,854.6056,199.8615
pesas_up
WhatsApp Image 2024-11-15 at 11.27.57 AM.jpeg,pesas_up,374.68365,253.25204,-357.23502,384.75293,241.20009,-335.08334,390.15576,241.66182,-335.18323,394.84344,242.04979,-335.20364,367.41006,240.29161,-336.90402,362.012,240.32808,-336.91342,357.1962,240.25293,-336.94125,401.52957,249.05478,-173.36229,349.48007,246.93588,-182.1463,384.1118,270.1406,-294.4538,364.1186,270.92142,-297.33484,436.31863,338.3664,-68.65549,306.77542,332.01108,-83.166725,425.90454,445.7422,-217.23276,310.31516,444.44574,-232.97165,452.69638,356.80264,-542.5095,290.72314,352.38348,-581.26733,461.70615,340.8634,-598.4149,282.05167,333.6351,-642.5836,463.27737,331.846,-601.40466,280.45645,325.77173,-649.5135,458.96887,336.7179,-551.4597,284.33258,330.30594,-592.67786,397.17258,535.00494,-1.3292819,326.5066,532.6497,1.1591855,382.06802,668.9444,2.0842185,335.0786,667.90356,27.703367,368.0237,802.8364,262.3074,335.17508,802.8834,281.87442,362.45337,817.20105,278.5056,336.4574,818.4436,298.9498,369.64783,855.2405,114.062614,325.31482,853.6626,135.06142
pesas_up
WhatsApp Image 2024-11-15 at 11.28.03 AM.jpeg,pesas_up,371.21786,253.2399,-335.2221,380.9615,240.65042,-312.79526,386.09155,241.47174,-312.90283,390.55667,242.53447,-312.9162,363.96973,239.12056,-313.91974,358.53854,238.86185,-313.91556,353.77145,239.1385,-313.9405,396.61395,250.21265,-153.5446,346.42538,246.7511,-159.08928,380.68692,270.04352,-273.76776,361.70004,269.42825,-275.72876,432.85068,339.17618,-56.31101,303.7503,335.06668,-56.179028,425.8867,447.2208,-202.1637,308.66345,446.96417,-200.62682,449.27478,360.50452,-522.5412,286.3985,355.49316,-553.44415,457.71503,342.81583,-577.5907,278.5362,336.90497,-613.32104,459.31638,333.07886,-579.86334,276.27017,327.9331,-621.6623,455.2464,338.5349,-530.7262,280.19485,333.26025,-565.5963,391.85577,536.7833,-5.371913,324.4137,533.7315,5.1910276,380.9354,671.9282,10.614072,335.37662,671.0918,30.45463,363.94873,802.3396,263.9827,333.111,804.3627,278.17203,359.2034,814.80725,278.9411,333.32242,820.0036,294.1513,364.14343,856.25256,111.61257,323.4359,854.9204,127.33843
pesas_up
WhatsApp Image 2024-11-15 at 11.33.20 AM (1).jpeg,pesas_up,416.0385,269.84778,-460.21994,425.287,255.41504,-445.9392,430.57724,255.82089,-445.9897,435.57208,256.25446,-446.01025,409.57938,252.91719,-443.07523,404.00555,251.87303,-443.11874,399.6389,251.15042,-443.12888,443.85797,259.20926,-293.06384,392.3085,253.94621,-282.69028,424.11877,282.9229,-398.27203,405.48538,281.72363,-395.80743,478.42078,339.51788,-173.47215,349.19144,326.53424,-132.20486,486.98233,447.28522,-321.42096,325.23422,434.1132,-259.99985,498.70914,390.00885,-668.62756,325.51477,377.5656,-632.0948,505.70166,377.28305,-729.4673,317.25058,362.1436,-694.46936,509.14783,361.79297,-738.9229,316.5989,350.15457,-700.9285,503.96948,364.95975,-678.3252,321.33243,354.0175,-642.4144,436.17712,521.5528,-15.502208,364.9893,516.48535,15.4012575,427.70016,655.6715,-3.3008485,355.4689,654.3823,32.493935,425.5997,779.27795,275.70972,352.17227,776.89606,286.6713,418.10776,793.73755,292.51138,363.4303,791.72705,301.9161,436.32877,825.0126,126.31412,324.99707,818.6504,137.80702
pesas_up
WhatsApp Image 2024-11-15 at 11.33.20 AM (2).jpeg,pesas_up,414.3425,272.19186,-443.37183,425.09634,258.29965,-428.19296,430.07675,258.49835,-428.25815,434.84518,258.73242,-428.28976,407.77863,255.80962,-425.85403,402.37247,254.64853,-425.89514,397.67822,253.98041,-425.9035,442.71674,261.3448,-274.69452,391.24396,256.57996,-266.26764,422.92206,285.66876,-381.3586,403.26266,284.7908,-379.43124,476.62665,339.961,-156.19025,349.64905,328.06604,-124.02691,482.98245,446.95328,-309.2269,323.80167,430.95218,-257.1039,498.8393,388.28098,-656.2459,322.57352,374.18335,-624.3924,507.31412,374.16296,-718.0825,314.42737,357.38428,-687.89294,510.05484,360.46228,-726.6524,315.76047,346.58008,-693.4671,505.22183,363.85223,-666.1137,320.49103,350.27582,-634.32336,433.88092,521.3533,-13.363644,362.85928,515.7364,13.275321,423.94385,654.03625,-19.927502,351.56665,653.448,16.836397,423.60242,778.11774,242.6885,347.1007,775.4669,258.83847,413.48566,791.4774,258.4814,358.35962,790.79156,273.2541,428.9541,826.2872,94.05926,321.11978,818.4155,108.55316
pesas_up
WhatsApp Image 2024-11-15 at 11.33.20 AM.jpeg,pesas_up,421.21188,269.83,-461.05173,432.29437,255.94202,-447.27838,437.78836,256.03293,-447.32916,442.72433,256.20648,-447.35095,415.0401,252.97798,-443.0018,409.49847,251.41443,-443.01535,405.01407,250.32037,-443.00854,451.32153,258.4254,-290.6049,398.99692,252.4877,-273.34128,429.7554,283.398,-397.10297,410.37097,282.42383,-392.6182,485.13693,338.17978,-162.99503,357.50253,325.60327,-115.75832,492.56232,446.96875,-310.86752,331.07153,431.7361,-239.87022,508.90497,386.65698,-663.7628,325.2792,374.12857,-617.61914,516.29816,373.4989,-726.2416,318.1352,358.72012,-680.34827,518.51263,358.71118,-737.2354,318.95288,347.49863,-689.5925,514.39886,360.9483,-674.2212,323.47104,350.94873,-629.35126,440.7866,524.0029,-15.993631,368.38776,517.52466,15.911125,432.90674,657.8915,5.8469763,357.4637,655.84717,44.09154,429.80383,781.14453,296.9868,356.98288,778.2544,312.15576,421.06796,795.11523,315.01013,367.86536,792.7097,329.1662,440.90726,829.2831,146.58865,326.22858,820.3039,163.50839
pesas_up
WhatsApp Image 2024-11-15 at 11.33.24 AM.jpeg,pesas_up,411.25958,272.07797,-432.01843,421.12897,258.0476,-417.98074,426.00934,258.09216,-418.0409,430.59253,258.18256,-418.04608,404.57764,255.88539,-415.81918,399.17145,254.82016,-415.83432,394.72842,254.2677,-415.84143,437.91177,260.39304,-265.45728,387.63254,256.73434,-258.78925,419.58572,284.2964,-369.89954,400.89545,283.89294,-368.44943,471.6385,337.32855,-141.8625,344.17706,326.23328,-111.44288,478.556,445.21637,-271.94693,320.5894,433.74982,-230.99564,494.44278,384.40524,-609.34503,322.31076,375.67844,-586.5368,504.4899,372.97705,-666.64435,312.99414,360.21185,-644.85986,508.051,357.7163,-679.54987,312.6778,349.1183,-653.2885,502.90158,359.8784,-620.1068,318.02863,353.0954,-597.1187,430.86438,522.02625,-8.905091,360.46692,517.0374,8.825026,423.42453,655.4166,0.29710183,349.5159,655.11804,27.305943,421.202,779.0902,267.4017,345.91013,777.0763,274.32907,412.79984,792.28424,283.23047,356.32968,790.94446,289.25034,430.24014,827.0969,118.736855,320.53226,818.5773,125.45956
pesas_up
