IMG_20241115_102818.jpg,patada_beside,255.25034,729.03613,-237.71239,244.76923,713.15845,-237.9852,246.639,709.06384,-237.99045,248.71426,705.00214,-238.05122,241.31738,720.9363,-218.31134,240.72154,722.0068,-218.43097,239.9592,723.385,-218.59845,259.24268,697.5683,-182.12595,247.65831,718.1329,-92.6967,272.43292,724.1299,-212.38634,267.7732,735.09314,-186.53502,351.6053,695.8856,-195.1792,294.84335,783.9777,41.89051,458.18903,734.8873,-235.53424,288.39706,892.6055,88.016815,559.43066,772.75244,-311.4589,262.1217,973.5468,-5.212085,586.29285,777.98126,-338.09314,251.28781,1000.50696,-22.721813,582.95306,791.4326,-367.90012,239.37144,997.6197,-62.0357,569.63416,791.3264,-325.55966,252.7137,989.9846,-28.350033,501.0714,814.8034,-98.04271,464.06335,854.68445,98.18613,492.88483,975.23,-238.96008,452.40762,1009.2502,-71.17379,603.0659,1067.344,-120.57244,480.4477,1169.8892,-20.49615,621.8232,1064.8308,-109.83529,551.97925,1161.7211,-17.584816,626.104,1149.9608,-204.05595,528.3039,1224.6503,-123.3957
patada_beside
IMG_20241115_102819 (1).jpg,patada_beside,249.10507,743.11414,202.44281,237.37149,736.8092,168.09268,237.06564,736.77295,168.04556,236.70462,736.8876,168.00069,239.40805,734.44604,184.21057,240.37152,733.2938,184.21152,241.37688,732.0836,184.05063,243.09085,734.0133,44.886387,247.94203,728.26624,118.18072,260.0843,744.03357,162.76921,261.4077,744.0565,184.15938,294.2539,774.07227,-73.05385,329.85593,722.16974,139.20366,286.06268,894.3493,-102.6651,443.9103,750.8104,110.381744,281.7043,913.1255,-44.489105,491.1458,769.3601,-9.753842,273.4507,930.4327,-69.52332,512.7809,768.90454,-28.881334,268.5869,922.802,-56.323433,510.0199,771.3772,-47.03915,275.08887,914.54944,-38.330208,502.87234,773.9491,-19.955761,493.36212,833.6508,-117.38894,490.31458,834.62335,117.69436,440.54108,1004.2565,-120.898415,485.85364,988.08954,58.82104,455.58624,1188.5414,-42.57028,566.7762,1123.3276,125.69076,479.7969,1202.5674,-35.395782,585.8421,1136.1217,130.64845,435.11584,1257.5591,-108.851295,561.9683,1186.4353,54.327908
patada_beside
IMG_20241115_102819.jpg,patada_beside,248.68921,753.0465,-185.28893,238.33163,741.4811,-192.98953,239.06746,738.88666,-192.9924,239.96898,736.3082,-193.06523,237.43854,746.272,-166.96129,237.71608,746.5622,-167.09901,237.97838,746.8042,-167.27423,249.77672,728.1102,-175.78156,245.15855,739.71826,-62.35636,263.487,748.4525,-174.5377,261.65106,754.94147,-141.33443,334.3206,714.2533,-215.67603,297.04953,801.54407,66.6972,454.0319,735.8405,-277.75204,278.53625,918.6508,87.66496,575.8009,750.71783,-342.0824,223.74448,996.5628,8.476886,601.9257,751.62714,-370.8918,209.40428,1015.799,7.371994,600.5199,756.2035,-389.91956,200.41818,1017.90894,-27.753023,588.6578,761.3695,-352.5894,210.8592,1013.36176,-12.442996,502.4554,818.31,-117.04921,477.81308,847.7294,117.239685,446.30872,985.6699,-197.43843,474.57913,1004.43207,22.14275,469.96762,1164.8737,-104.41003,574.6556,1118.3031,80.65431,542.2835,1157.8557,-96.42439,599.055,1126.7545,85.032974,501.3922,1213.5901,-179.25748,566.4618,1191.26,5.87353
patada_beside
IMG_20241115_102820 (1).jpg,patada_beside,248.55594,748.76215,232.47404,235.98056,743.09845,197.72903,235.63031,743.177,197.6691,235.14069,743.3896,197.57913,237.85558,740.3074,215.47961,238.81061,738.7938,215.52095,239.77112,737.20026,215.38098,240.28183,739.7956,68.977646,246.30908,731.82104,151.03986,260.4172,748.97644,189.30298,261.56097,748.97705,213.15758,290.72076,773.144,-58.681057,329.05603,721.4054,152.91176,270.7665,920.1556,-19.535803,441.39114,755.932,107.90352,235.81516,926.4539,136.00227,532.52313,764.9542,-29.638597,225.0102,938.82666,123.997536,525.736,755.75714,-51.759796,224.44626,926.0537,127.83224,523.1494,758.0674,-68.163124,232.01045,919.6931,140.40547,515.1297,760.1254,-38.814247,491.7011,835.9166,-119.005646,491.12256,836.4788,119.24477,453.04947,1014.33966,-158.07951,477.11053,989.8481,45.257122,455.496,1191.5698,-87.0999,566.9703,1105.7484,124.80311,524.49915,1194.5709,-78.67425,587.5402,1116.5991,132.70923,498.1196,1261.2109,-143.32765,563.92706,1169.7206,73.75304
patada_beside
IMG_20241115_102820 (2).jpg,patada_beside,251.18373,746.90137,267.35306,237.88512,741.89343,228.79831,237.20967,742.62427,228.75986,236.56313,743.1964,228.6821,239.74692,738.4418,246.62315,240.62988,736.58496,246.64963,241.64388,734.52814,246.49606,240.2505,740.24835,85.787224,247.77974,729.359,167.9616,262.85037,747.1911,219.34802,263.7491,746.8351,242.93587,281.91138,786.3641,-49.834263,329.40588,719.2475,148.59947,269.72287,919.77203,-43.593033,450.2696,745.7305,64.43982,205.13995,934.8987,86.921135,539.8983,758.7631,-99.468704,188.76768,949.8343,74.65032,569.25116,762.9705,-124.04446,187.84308,937.4347,82.81591,548.6834,735.85693,-133.5613,197.7588,929.4426,92.64926,539.2123,739.66583,-106.30453,494.37274,834.701,-116.81404,492.3462,834.0863,116.95208,469.5609,1013.9021,-168.08356,457.61777,996.54,58.173172,581.36053,1123.0708,-75.575195,553.8521,1117.156,136.44092,601.2026,1121.5724,-64.94118,574.87006,1127.289,144.50601,598.29407,1205.087,-110.73043,555.57056,1187.4937,98.569565
patada_beside
IMG_20241115_102820.jpg,patada_beside,249.37248,736.58966,319.85626,236.2081,732.5574,280.5413,235.2251,734.3522,280.50986,234.20976,736.11426,280.3995,239.85895,725.4236,300.2824,241.44722,722.58923,300.39777,243.2887,719.3767,300.2355,238.66682,735.35205,118.073395,251.00806,714.64026,212.80592,259.00116,741.37244,264.4286,262.7154,736.69366,291.4523,285.13718,786.4689,-3.4581728,334.62424,701.93933,154.18835,272.53412,921.25464,109.68137,456.48233,724.4849,101.28391,246.81046,944.8878,383.95413,562.7265,755.23083,23.47688,240.39244,956.0607,413.47586,591.93536,761.29175,17.611248,243.23169,945.2066,413.96942,590.29645,766.0331,13.866648,248.82495,939.6646,393.06396,578.23016,764.9631,22.220537,477.07193,863.6365,-113.48914,502.50412,820.5692,113.429825,433.58038,1028.6526,-138.50298,503.52917,968.92664,109.60034,519.2849,1152.2937,-54.16609,605.5125,1074.4086,162.70187,544.4598,1158.0957,-43.853836,627.96326,1086.2343,167.93161,504.23813,1224.5266,-65.46038,602.855,1122.1046,131.095
patada_beside
IMG_20241115_102821 (1).jpg,patada_beside,269.0815,774.20404,-231.96323,255.53207,763.98126,-244.48608,255.77507,759.70496,-244.46402,256.12952,755.4206,-244.57295,253.80836,770.84656,-216.26797,252.92781,771.07104,-216.35483,252.17621,771.121,-216.51016,257.5441,742.75256,-231.20273,253.26039,762.10925,-104.53565,281.26678,764.3114,-219.24194,278.62448,773.3855,-182.25507,333.685,711.43524,-252.4711,295.88208,797.91016,37.264645,454.25995,742.30585,-308.74252,277.40564,923.6976,70.92685,569.7684,766.57654,-381.80557,196.43275,984.8213,-3.0670795,600.3496,766.91846,-410.75586,179.25636,1003.21985,-4.6994534,589.8092,787.9673,-432.8573,162.19371,993.63574,-39.585663,577.4554,792.1184,-392.03232,167.53813,990.94104,-23.68953,514.0231,819.59296,-122.25415,483.51758,854.3964,122.361595,417.4375,970.96686,-204.02936,496.568,1003.5743,32.570873,449.41696,1182.2666,-129.07283,615.85913,1092.8538,84.14106,481.44604,1192.2545,-123.32611,640.2056,1094.4579,88.06763,419.6505,1249.1088,-213.21979,626.0483,1162.4364,10.371599
patada_beside
IMG_20241115_102821.jpg,patada_beside,260.47076,757.91675,-86.47824,245.55405,749.36194,-103.75203,245.61853,746.79535,-103.7415,245.88945,744.17596,-103.79262,244.79033,753.41,-74.78439,244.12994,754.2032,-74.89303,243.80257,754.35803,-75.05718,249.09445,735.6008,-110.59577,247.54152,746.5307,18.450092,273.4086,753.0036,-82.68847,271.803,759.0615,-45.104366,325.41074,714.44006,-162.24521,296.63254,787.8516,128.87761,427.5173,757.67426,-198.59383,279.7019,911.49744,180.41573,464.7674,821.7317,-189.84492,238.51863,969.29004,97.98542,485.2115,832.8799,-208.51123,228.01352,989.0945,95.77139,475.86932,838.07465,-217.59177,222.05936,988.0795,58.445698,468.94318,835.03235,-192.56297,230.65591,981.843,77.13697,505.9318,824.2942,-118.970375,484.41992,846.1273,119.25849,449.79907,1009.4415,-209.94806,449.53455,1008.41895,36.684067,597.21356,1103.1842,-139.37283,583.2003,1087.5708,91.80437,624.9454,1097.8972,-128.47284,609.25555,1085.5706,97.880974,623.8836,1175.7893,-145.37097,601.94086,1158.209,67.17744
patada_beside
IMG_20241115_102822 (1).jpg,patada_beside,254.64594,768.72003,-156.73938,242.67442,757.20496,-167.80049,243.50902,754.0622,-167.79402,244.40999,750.88165,-167.88719,241.28316,761.8051,-139.49403,241.27554,761.6828,-139.59924,241.27086,761.38025,-139.77596,251.61595,738.32007,-163.52376,247.28656,750.7703,-36.68463,269.5453,762.4963,-149.92468,266.97968,768.8553,-112.70924,337.1088,713.98706,-195.50087,295.64795,803.5474,74.71462,453.25015,744.7297,-247.12726,276.27005,925.1155,103.35166,547.8196,784.8188,-288.75015,187.4238,977.16437,31.3977,552.0384,807.4872,-313.83115,150.09067,985.44183,23.83565,542.88806,816.5714,-327.5694,147.22484,977.8223,-2.6241314,532.8786,815.94904,-295.54596,160.93427,981.7202,13.418327,510.6962,825.05035,-110.54047,481.53427,856.1628,110.70648,438.6505,987.59216,-193.5181,474.94125,1010.5445,17.716467,464.0809,1183.2683,-131.44344,595.95447,1109.0962,57.63346,538.3708,1188.2113,-125.43863,622.8404,1112.2622,61.06222,490.6701,1253.9532,-202.59381,600.5057,1186.7839,-1.88267
patada_beside
IMG_20241115_102822.jpg,patada_beside,267.2788,775.2235,-184.60043,254.34135,765.83435,-201.42998,254.36546,762.5241,-201.4245,254.78001,758.8921,-201.55038,253.51048,771.4405,-168.58482,252.63805,772.5967,-168.67451,252.20354,772.82947,-168.84467,256.96548,747.7798,-206.10738,254.41536,762.72577,-59.08804,278.54968,767.0923,-179.11786,276.5608,774.63135,-136.28815,335.6631,714.53,-235.95685,296.05316,806.4403,71.84129,454.0412,742.6089,-288.71774,279.4802,922.32,103.31216,576.40845,761.71375,-344.5437,223.86234,986.93835,30.312569,611.87823,760.7418,-371.56244,210.86862,1004.6927,29.571955,608.0981,772.1888,-395.13913,202.68422,1006.05707,-6.113254,589.7898,775.89417,-355.38782,212.65468,1001.458,9.071037,513.8054,820.2265,-125.98883,484.42633,855.34735,126.175835,413.1732,974.1112,-204.70264,488.83438,1003.67993,17.115925,459.9305,1167.3878,-112.77333,626.39764,1070.3005,91.72008,511.62494,1168.1755,-104.33372,651.3543,1066.2789,98.66626,458.85327,1229.9507,-187.72475,645.2958,1141.6913,26.950659
patada_beside
IMG_20241115_102823 (1).jpg,patada_beside,271.76025,775.31586,-196.27534,259.2478,761.65137,-201.18672,260.40485,756.1612,-201.12561,261.9101,750.59314,-201.18925,256.88165,772.2107,-176.95363,256.31934,773.8354,-177.03891,255.70499,775.5218,-177.19212,266.77216,738.7806,-151.01572,256.87463,768.9275,-43.41347,284.7574,765.73517,-170.14651,281.1237,778.75464,-138.93413,342.98285,711.6428,-179.715,298.62433,813.7882,108.73972,455.99188,744.4142,-229.82422,282.16718,929.1607,136.86884,552.222,793.4531,-309.2614,187.98798,1004.87085,58.01087,585.56146,799.9049,-332.5768,169.30893,1023.8877,49.63675,579.17633,814.9926,-358.86227,163.48558,1024.6072,18.974714,567.3936,813.28925,-319.92786,176.71872,1018.1698,38.146343,520.7487,824.0832,-122.585075,487.10358,873.8964,122.53537,421.94147,961.7447,-215.63885,509.87506,1030.8088,-51.185696,459.0016,1176.6938,-137.43124,647.7197,1065.646,3.387631,504.56793,1181.9648,-130.47585,669.4901,1053.4484,7.632061,441.56924,1254.1174,-232.35909,679.79865,1133.0317,-88.41132
patada_beside
IMG_20241115_102823.jpg,patada_beside,260.42596,772.6289,-164.66025,247.88242,760.27893,-175.68535,248.45915,756.40344,-175.633,249.22542,752.4177,-175.68834,247.07152,766.7283,-145.59041,247.03743,767.1317,-145.6922,246.97849,767.2495,-145.8795,256.9921,739.99994,-158.70126,250.5713,759.5844,-25.716206,273.6043,765.5521,-151.66882,271.7866,774.1725,-112.9117,339.2651,712.3416,-190.28821,297.63577,808.34485,109.71877,453.4613,749.6843,-244.51689,281.07773,925.5695,132.20537,575.21875,773.1998,-307.27066,201.98778,1001.64966,50.02486,604.42096,774.8026,-330.33362,183.57535,1020.2251,44.46476,597.10565,781.9413,-355.2851,176.62148,1020.67737,13.753476,584.7328,787.71313,-318.36316,189.23326,1015.0414,30.056812,513.52155,825.5204,-125.10451,484.8061,863.74536,125.11441,425.9391,982.7435,-206.03047,510.70862,1010.822,-29.31872,456.97073,1173.5253,-128.78026,652.4351,1073.5437,23.602873,487.52615,1177.2058,-123.0389,674.1938,1067.629,28.19537,424.0958,1241.9701,-221.4641,677.3935,1125.7468,-60.253418
patada_beside
IMG_20241115_103129 (1).jpg,patada_beside,139.60617,687.03674,-142.37646,125.52204,678.75055,-161.37222,125.12091,674.2963,-161.32997,124.78634,669.7709,-161.2828,125.94568,686.1035,-118.36079,126.0455,686.93677,-118.4868,126.13884,687.65717,-118.57793,129.8705,652.522,-188.28131,130.00786,673.6008,4.032246,153.08586,674.8304,-147.12689,153.41403,682.59125,-90.84067,206.01875,616.8108,-266.75598,194.62274,697.70935,173.5547,309.23077,633.2731,-359.70642,188.65431,798.86633,261.97595,382.92288,715.3449,-424.91788,151.81857,892.86163,183.9639,397.86133,734.3067,-463.7195,128.34445,901.35266,185.40428,384.90677,743.4452,-471.4605,129.19563,903.2357,150.19109,379.21426,736.9589,-426.35617,139.02328,899.63794,161.47202,394.823,704.67554,-164.62393,363.84503,740.85443,164.74182,334.61688,871.571,-287.89734,372.35388,889.0801,157.91544,407.88965,1043.1936,-234.51775,508.65265,876.66785,301.06906,418.00574,1049.1078,-231.3016,536.8114,849.3563,315.43845,349.2562,1106.8014,-336.34384,552.48517,930.7254,279.53748
patada_beside
IMG_20241115_103129.jpg,patada_beside,140.029,693.8568,-94.76643,126.44875,684.9017,-114.5797,126.197014,680.69604,-114.53527,125.91111,676.42267,-114.476135,126.487335,690.88513,-71.23359,126.50815,691.1976,-71.33358,126.49149,691.4564,-71.41001,130.33382,656.47986,-150.16965,129.94644,674.41626,42.49965,153.83864,683.6309,-103.126686,153.72948,689.909,-46.7567,201.43126,621.8318,-241.7506,195.40463,696.2715,204.63411,298.36182,632.0523,-338.95193,188.33017,795.16235,290.9464,377.32135,720.7382,-394.05148,156.41924,890.9055,217.39757,394.74057,738.6019,-431.41238,133.87442,901.188,221.96423,381.92102,747.53174,-435.0328,135.26189,903.5205,186.38068,377.16632,742.1066,-393.23343,144.8343,899.3335,194.98125,390.71188,700.5033,-163.36691,364.9543,736.1248,163.47119,333.0521,869.8602,-274.97687,363.32428,886.2714,145.39627,408.1213,1044.4857,-224.0163,507.9612,881.9972,268.32578,421.11084,1048.4609,-220.45567,536.0456,855.85095,281.0161,347.48566,1104.2106,-319.04547,548.83887,931.3172,246.23074
patada_beside
IMG_20241115_103130 (1).jpg,patada_beside,147.74734,710.8413,-93.62203,134.32364,701.7862,-117.91426,134.00273,698.38416,-117.88824,133.6891,694.80115,-117.890274,134.34554,704.6375,-75.763885,134.1745,703.2858,-75.91467,133.97827,701.8115,-76.06925,137.02464,671.19055,-167.56738,138.2407,679.4037,24.228767,162.05077,700.0123,-106.881676,161.89157,703.8876,-50.849903,212.13301,624.23816,-228.58948,205.52469,697.121,134.80696,297.25308,631.65546,-410.4943,188.46213,803.3147,194.20422,362.2595,701.66205,-567.8864,142.04109,893.74146,139.82622,375.83655,718.6807,-607.7895,126.65762,910.97705,141.64432,377.56485,715.21,-606.1174,117.087975,915.384,111.70478,370.46863,712.167,-569.72614,129.80301,900.3384,120.26313,402.22845,703.0272,-144.31552,379.09805,739.61615,144.44505,325.49667,863.39124,-284.59198,389.2488,875.07477,140.81049,409.56232,1035.2634,-228.38483,517.0041,874.8905,272.71,439.83078,1050.4995,-221.60797,544.39746,850.1922,286.28973,363.31113,1097.586,-295.6389,552.72845,929.11633,253.87842
patada_beside
IMG_20241115_103130.jpg,patada_beside,143.09534,684.00745,-155.19254,129.14622,673.345,-166.42422,129.32265,668.4095,-166.4246,129.62166,663.58167,-166.42186,128.79214,683.0187,-130.63998,128.77077,684.841,-130.77638,128.76228,686.4587,-130.8888,134.83372,649.2813,-158.79753,132.30894,673.486,4.433719,157.57555,673.5615,-147.93742,156.57852,683.1172,-100.1313,205.75967,621.1399,-219.98285,197.82927,697.1642,150.53528,285.68332,635.15027,-406.53683,186.94044,799.6311,203.99467,349.94858,707.65796,-576.0463,148.03574,889.77246,121.1072,372.28323,709.59644,-621.7847,126.596016,905.0439,114.96006,362.70367,720.9795,-624.607,126.75603,903.8309,82.842804,356.59137,718.7615,-580.01263,138.96062,898.3289,100.07595,399.68018,703.1068,-152.60829,374.62415,738.5028,152.75372,329.63852,862.52814,-301.23553,353.2649,877.70447,139.94061,412.4586,1042.7006,-294.70743,507.2821,869.9845,265.23932,438.8885,1036.5353,-295.22336,535.7303,842.68744,278.20358,379.15436,1117.1917,-405.53296,546.038,922.56537,238.16216
patada_beside
IMG_20241115_103131 (1).jpg,patada_beside,176.70088,717.11096,-82.66752,160.7006,711.25305,-105.86661,158.82254,707.24976,-105.80618,156.91528,702.91376,-105.80553,162.18233,714.3568,-62.323105,161.50516,713.0974,-62.40318,160.90576,711.7936,-62.50187,151.61665,678.0844,-155.53079,156.95042,692.4758,40.709637,186.90384,703.74207,-95.30925,188.22874,708.4272,-38.068996,217.23735,614.20636,-216.5306,206.19336,701.28735,158.00021,324.02737,616.5456,-310.29773,188.82498,802.9325,218.50652,417.9476,684.0557,-379.3071,135.80827,896.44666,150.06679,443.31516,699.3214,-407.82077,111.47325,917.5727,150.58676,434.55203,709.30206,-417.85388,102.1471,923.2573,118.52577,422.67618,707.3793,-381.99896,120.31373,903.815,128.90591,403.49036,694.38916,-153.3343,385.92096,739.3651,153.34386,330.83264,864.0518,-338.63373,369.16754,883.15857,87.664345,415.09473,1047.0803,-334.67752,518.4389,870.4547,176.96617,444.55582,1069.208,-333.20636,543.1852,843.03674,186.63945,368.6788,1113.6864,-428.14514,560.4795,929.9818,141.18507
patada_beside
IMG_20241115_103131.jpg,patada_beside,155.42325,711.7483,-62.169983,141.48427,703.5093,-85.17229,140.81467,700.2078,-85.13877,140.16324,696.7853,-85.13785,141.93109,706.04553,-43.208897,141.69739,704.6567,-43.316868,141.48239,703.1533,-43.43125,141.46281,673.3613,-138.66963,143.69646,682.1448,49.494728,167.97821,701.2993,-77.68175,168.59895,704.7008,-22.629946,211.17873,621.83215,-210.18921,210.69824,700.3122,175.53899,317.81998,619.21735,-307.78674,194.5748,803.0466,250.31699,405.5717,693.7721,-368.30896,157.73369,899.1934,182.96715,427.04056,707.2831,-400.08344,135.79446,911.8445,186.06061,418.53378,715.8294,-401.68637,131.86783,911.9238,151.64351,407.70526,712.1498,-368.4072,144.18646,907.13165,161.32637,404.99304,698.5607,-146.11157,383.37946,733.9259,146.18584,328.70776,872.5324,-235.88971,373.61545,869.92065,136.32446,413.35556,1045.0469,-156.62515,505.98685,875.8326,262.9595,437.082,1036.6705,-147.5014,532.8721,865.71356,275.9259,395.3038,1118.5684,-212.97429,538.7897,946.4414,246.7925
patada_beside
IMG_20241115_103132 (1).jpg,patada_beside,185.87738,721.2952,-153.10545,170.28365,716.29114,-181.34372,168.30742,712.453,-181.30574,166.08707,707.9328,-181.34631,171.50667,719.7216,-135.1331,170.67754,718.8729,-135.23352,169.94702,717.7615,-135.37088,158.39677,681.8893,-238.59003,162.41608,695.6363,-28.827324,195.2189,706.8469,-166.99286,196.2055,711.66595,-105.835945,223.90674,610.8654,-285.3789,201.38034,699.7873,103.583755,331.89612,620.6451,-383.3769,192.95638,800.8279,180.45387,420.62418,686.8098,-453.38907,147.36674,898.5043,117.48526,445.59863,698.4539,-489.8909,124.57743,916.27026,120.41721,436.06265,709.70374,-497.818,118.401955,914.3065,80.78201,424.69064,707.7167,-456.27533,133.34566,910.393,94.31057,408.11713,700.54443,-152.12715,383.81277,741.05774,152.24153,328.26706,866.89825,-307.5908,375.65057,882.1813,118.795166,416.12906,1043.5383,-266.50934,526.22784,879.9988,228.10405,443.76132,1063.13,-261.11536,549.1707,855.9474,239.06117,374.38892,1111.2671,-343.9462,573.11816,933.36536,190.68971
patada_beside
IMG_20241115_103132 (2).jpg,patada_beside,186.29471,720.0502,-96.219246,169.20598,713.81537,-118.81526,166.65112,708.9656,-118.75521,163.83421,703.46155,-118.778656,171.2935,718.58276,-75.61937,170.59387,717.9522,-75.66051,169.94936,717.1022,-75.76545,157.19354,679.16815,-160.76741,164.07701,696.65076,34.431187,195.20813,704.057,-105.06822,196.99597,710.28564,-48.19648,222.37073,609.23,-212.68066,206.65875,702.7894,154.34888,335.92172,619.9763,-291.9625,191.86821,801.98413,220.59396,429.39545,682.1082,-332.35828,141.17224,898.8009,156.22151,453.15405,690.6173,-356.5737,121.80021,914.6808,153.97241,444.0562,706.761,-372.19757,112.45595,919.0192,120.694145,435.7385,705.83075,-336.56985,129.06464,906.64404,134.04514,403.3057,700.94574,-145.23822,378.24173,744.2241,145.37373,329.293,861.43854,-353.361,380.65216,884.3236,18.48028,417.20404,1047.2146,-369.9822,528.7067,883.8431,52.268997,448.8683,1067.0521,-371.6449,554.0615,857.4176,55.08163,366.5435,1114.3451,-475.57208,592.2642,943.3725,-16.793133
patada_beside
IMG_20241115_103132.jpg,patada_beside,185.00777,724.27454,-288.0479,170.4152,720.67114,-317.97668,168.8309,717.34247,-317.90103,167.07481,713.5248,-317.96033,170.72389,723.55273,-273.02368,169.641,722.7563,-273.1643,168.66522,721.81213,-273.2735,159.16576,689.08203,-375.7637,162.31224,703.62427,-173.34933,194.44664,711.7134,-300.91217,194.82765,715.40155,-241.77887,218.36485,618.8412,-406.1492,197.07713,705.23975,-36.07402,330.43726,620.422,-493.36322,184.117,811.5149,19.855083,422.9673,689.0769,-552.0845,149.73312,901.5097,-39.54318,447.17978,699.2115,-589.88727,126.9152,924.2792,-37.863194,436.653,714.77264,-598.68646,129.35521,923.56415,-73.72097,428.0918,712.019,-554.562,138.01543,918.0725,-61.264744,397.30316,691.00684,-142.99951,366.97507,734.0055,143.11946,328.18927,859.5392,-331.33075,363.75046,889.08844,148.36087,413.4859,1046.0873,-300.731,507.15088,872.3156,310.0423,440.33893,1068.8434,-297.40414,532.85846,852.5842,326.56668,360.70438,1114.0476,-398.03394,550.46326,923.8246,289.45508
patada_beside
IMG_20241115_103133.jpg,patada_beside,178.70198,711.97266,-105.454285,163.24675,705.41077,-129.28136,161.45096,701.21204,-129.23523,159.53136,696.59827,-129.24278,164.58418,709.0405,-87.23991,163.94931,707.7784,-87.31628,163.30116,706.3966,-87.40879,155.49382,672.4994,-178.74313,159.62006,686.5873,10.144003,189.37761,696.9373,-117.40441,190.32233,702.3855,-62.30974,220.4515,605.1569,-232.01726,210.47043,693.7017,131.32701,332.21426,614.65656,-316.26688,191.21967,796.6565,202.79953,422.41394,682.75195,-371.41663,140.95718,891.18896,149.4234,447.75458,696.2361,-397.13962,122.05538,907.17175,153.92075,438.16638,710.19824,-407.28336,114.03139,908.3209,123.25725,427.77374,707.8447,-373.76102,129.62962,900.4386,129.48227,405.56027,691.03326,-146.38869,382.19205,732.5648,146.44722,333.74298,860.7168,-319.74023,356.641,878.94745,120.93903,413.4557,1045.746,-324.00308,506.78824,874.3173,202.06425,444.96603,1071.6891,-323.45636,534.6352,852.64453,211.0067,352.92514,1111.7865,-421.78043,549.7523,922.87366,170.11763
patada_beside
IMG_20241115_103134 (1).jpg,patada_beside,177.57408,708.3951,-92.165565,161.82559,702.6358,-116.26334,160.08575,698.7169,-116.23245,158.28964,694.50244,-116.244194,162.93529,705.83826,-73.297264,162.22952,704.63684,-73.38483,161.56071,703.29285,-73.48676,154.31079,671.2237,-169.24174,158.20007,684.33417,22.92904,187.45033,694.01465,-106.02972,187.96898,698.87756,-49.920013,222.8524,606.9288,-228.71194,212.14583,690.7221,146.5537,331.78372,619.5165,-304.31708,195.85168,793.81866,209.02335,426.3154,687.70074,-350.46228,153.69864,893.3743,141.72969,448.19104,700.78564,-377.6812,133.78601,918.4407,144.6774,437.82632,711.9654,-387.10626,124.59685,925.17395,111.660515,430.3499,708.8752,-352.4043,138.22296,906.85944,120.26991,405.70514,688.70264,-146.05083,385.68463,730.55695,146.07935,331.4527,856.50696,-302.76025,365.2598,879.1835,146.01105,412.96463,1036.753,-290.64978,513.6365,869.4358,250.96274,443.39972,1058.9861,-289.38425,540.4426,849.8364,262.04572,354.0885,1110.3777,-380.39642,551.104,926.0119,226.8806
patada_beside
IMG_20241115_103134.jpg,patada_beside,178.20238,709.95667,-58.929623,162.28432,702.3137,-80.58419,160.29216,697.7046,-80.55813,158.20412,692.7295,-80.583496,164.18645,707.42175,-38.169334,163.81366,706.79114,-38.229805,163.49649,706.12006,-38.324566,154.10449,669.15985,-125.13811,160.1841,686.33905,66.19529,188.71649,694.2028,-69.73419,190.12573,701.41595,-13.963465,221.17561,604.07227,-186.1104,211.36678,695.7592,181.6866,329.86237,614.6433,-277.20663,193.59654,795.87146,245.96208,421.8876,686.0379,-334.11447,149.27592,892.86926,178.3595,444.25577,702.3716,-360.9823,126.915115,914.73303,178.45886,432.81644,716.194,-372.14572,121.91528,913.8245,145.22963,422.83655,713.0321,-337.25488,132.13675,905.05945,156.19995,409.65842,690.96625,-147.54039,390.49542,735.4592,147.62999,332.13785,855.3824,-310.3354,366.83823,873.85345,91.79386,413.55832,1037.0957,-296.91208,521.27515,872.6869,148.11426,442.89368,1054.9493,-295.60547,565.4388,848.0468,154.11063,371.47003,1109.3611,-387.38867,562.77875,935.04236,105.49243
patada_beside
IMG_20241115_103420.jpg,patada_beside,258.8848,564.3049,-131.38235,249.30557,553.6934,-128.92633,250.48822,550.2461,-128.94983,251.90546,546.82544,-128.92319,247.69843,560.146,-103.17471,247.81761,561.0762,-103.270164,248.04352,561.92065,-103.30511,262.84158,538.58606,-93.17372,256.89218,559.1051,21.37918,276.19775,558.80646,-118.25182,273.02032,567.3762,-84.441055,357.35092,522.71954,-154.06412,315.24136,630.31866,152.11317,481.2417,514.9968,-219.57079,300.55432,748.16296,205.02528,552.3208,600.98157,-292.49036,274.71194,829.29474,87.20116,575.3608,613.9955,-324.76352,259.84302,855.996,72.27529,560.2927,624.4066,-340.13208,259.83725,854.5098,32.98568,550.2702,623.9991,-298.86148,266.8795,848.36664,63.687946,515.14233,679.64355,-124.65265,476.7736,706.86,124.702385,474.5231,851.7386,-175.89346,447.37225,863.6148,55.787117,509.5077,1020.184,-96.24651,521.687,1005.3091,110.43991,525.10095,1040.072,-90.178375,549.3217,1017.35223,111.30888,469.1996,1086.9664,-189.04155,490.56805,1082.0785,33.031456
patada_beside
IMG_20241115_103421 (1).jpg,patada_beside,252.8244,584.6424,-113.20722,243.73662,574.5061,-116.13882,244.53543,572.1907,-116.171776,245.43759,569.94836,-116.219604,242.86615,577.6794,-90.352936,243.1336,577.3574,-90.489136,243.23567,577.51135,-90.596695,257.35867,560.42303,-101.99708,253.69458,571.0976,13.6755,270.19742,579.19434,-107.322174,268.6148,585.0482,-73.3176,355.42224,529.12225,-166.57964,314.70303,640.3452,117.722275,475.94012,526.4122,-235.28421,292.70746,747.4561,154.08066,545.1947,616.0639,-279.8353,272.89896,841.49506,48.811344,567.2515,626.70685,-309.67987,260.19128,865.218,34.26205,555.01013,637.1498,-325.21082,260.35175,862.83655,-4.9283805,545.7983,635.79065,-285.57755,266.64706,856.6757,25.216936,515.61206,676.30896,-110.91019,484.49307,703.6531,111.06543,467.59225,852.70197,-162.4466,453.87762,866.3873,50.249683,511.0132,1008.9829,-78.493385,504.80762,1012.2549,85.75362,551.44354,1008.0612,-70.53827,539.8563,1015.4193,86.51651,495.78375,1072.5779,-147.42236,487.37653,1080.7738,14.705028
patada_beside
IMG_20241115_103421.jpg,patada_beside,260.6113,579.2805,-117.210655,248.34221,569.1366,-119.15323,248.88123,566.8824,-119.20055,249.43636,564.80444,-119.218956,247.71689,572.3405,-94.482765,247.89482,572.306,-94.5841,248.11412,572.2285,-94.64133,259.58774,556.8034,-98.05723,256.83517,566.1189,12.021429,276.44452,574.62537,-108.439224,275.10745,579.4304,-76.01432,354.09482,532.5603,-158.59749,315.60263,630.62555,121.313675,475.666,522.21747,-228.42561,312.80136,737.1122,162.66904,548.79565,607.965,-278.2339,273.0703,839.2324,51.267433,571.45886,619.7623,-308.5106,258.1205,863.3813,35.670113,555.1167,630.2461,-323.78265,256.98227,859.6753,-6.611124,545.8316,628.999,-284.67938,264.1958,855.16223,26.034338,513.1501,678.21436,-109.35017,480.85175,704.2499,109.56272,474.43497,851.32416,-142.07843,450.98923,855.6831,66.7029,508.5498,1016.18396,-53.99651,504.8505,1008.19403,114.13113,542.33887,1018.63086,-46.653046,545.8869,1007.21185,114.44989,485.59503,1075.6038,-133.5654,492.30643,1070.8584,37.704735
patada_beside
IMG_20241115_103422 (1).jpg,patada_beside,259.65936,578.66034,-104.7769,248.01646,571.1233,-101.78904,248.78963,569.75336,-101.84029,249.56718,568.48083,-101.86595,247.73318,573.3639,-84.372215,248.38705,573.49554,-84.46328,248.98256,573.78485,-84.562614,258.3158,565.1305,-63.790833,256.14722,572.4106,12.94916,275.204,575.79596,-89.32439,274.36542,579.82965,-66.770775,349.34006,539.0786,-120.847305,315.52393,637.4972,109.35812,468.53052,535.5398,-192.86345,324.45215,732.7927,123.230705,534.5321,627.27106,-233.62358,275.21848,834.8308,6.5801783,556.7416,640.5388,-261.96954,262.58725,855.85846,-9.753496,544.98804,649.3978,-273.21268,260.98474,852.9074,-49.017548,535.0957,646.8582,-239.30656,266.18878,848.84045,-16.81672,517.93915,676.57935,-96.995445,493.49066,697.78186,97.20246,469.78775,850.5443,-109.09606,466.29303,847.09973,74.52601,500.05396,1013.87665,-36.79066,499.65088,1002.70874,100.53384,520.3795,1037.7253,-31.244446,552.0541,988.9657,100.32641,466.44708,1078.2567,-119.14896,494.35785,1047.8398,27.04223
patada_beside
IMG_20241115_103422.jpg,patada_beside,262.99405,582.48303,-110.47529,251.16791,573.2733,-107.85144,252.08485,570.8271,-107.878235,253.08664,568.4839,-107.86807,250.21844,577.60034,-87.82839,250.56253,578.0017,-87.92533,250.91217,578.4208,-87.97898,261.95016,563.19696,-70.69946,257.6056,575.5817,18.54408,278.6346,577.3318,-95.34543,276.83282,583.51984,-69.128204,352.11713,536.69867,-133.66716,313.8725,640.0208,129.19673,472.47403,531.0385,-207.07777,309.41925,737.8187,164.99728,538.21136,623.0383,-260.46948,275.4937,833.5835,62.90382,559.2359,636.4996,-289.2564,260.21295,861.5698,49.692734,547.93805,644.5128,-301.7718,258.98767,857.54443,11.09626,538.95135,642.25714,-265.97208,265.93222,851.56854,39.2617,518.70337,673.2089,-109.19678,490.1732,702.6073,109.34041,471.7169,845.5499,-144.20184,459.01578,846.93414,64.74249,500.77213,1011.2047,-64.20724,501.99197,1003.6858,94.54585,522.92346,1029.3804,-57.60136,563.9364,991.93024,94.27803,470.93637,1077.42,-147.76605,509.12915,1056.2424,19.745684
patada_beside
IMG_20241115_103423 (1).jpg,patada_beside,260.60806,583.3471,-89.40219,250.81366,572.6623,-89.37348,252.34633,569.5667,-89.39817,254.01463,566.4418,-89.36257,249.02583,578.1207,-65.03483,249.24805,578.96466,-65.14149,249.3984,579.84125,-65.20953,265.42126,558.16504,-63.767372,257.5614,577.1941,42.315533,278.17227,577.0387,-78.943245,274.90314,585.3759,-47.739647,352.6989,531.88354,-140.18784,312.93878,640.6799,155.55652,472.59128,529.9818,-227.71292,299.21365,755.82733,190.3055,539.90405,623.1626,-287.3961,275.98175,839.1708,90.39097,563.01465,635.6797,-317.15042,259.76422,861.84784,77.724625,551.6478,643.909,-330.14847,260.05643,864.0799,39.056793,542.1028,641.84265,-292.95718,267.4306,857.55835,65.93359,519.8915,672.6782,-118.89373,480.9053,709.1111,119.08979,476.28424,851.7396,-183.60954,456.34305,862.4576,-1.93219,501.0266,1022.2497,-122.404465,590.4372,943.9507,36.388664,519.5765,1048.0125,-118.14149,620.14764,945.4748,36.62799,434.74265,1083.1235,-222.88287,588.29425,1017.95764,-42.663754
patada_beside
IMG_20241115_103423 (2).jpg,patada_beside,262.48206,587.9554,-98.620605,251.26888,578.4934,-102.71074,252.15909,576.2858,-102.72962,253.07352,574.22064,-102.72193,250.65808,581.8518,-77.742615,251.1389,582.0473,-77.83331,251.57753,582.19617,-77.896965,264.22964,565.436,-85.70238,260.27908,575.8747,24.954945,279.03058,582.2796,-90.16551,277.521,587.42505,-57.636776,351.1818,538.33655,-152.5361,316.4469,638.8376,141.08636,472.8555,534.537,-226.70526,310.02692,737.4222,181.70673,537.7603,625.32947,-262.79626,276.55917,839.21375,81.96904,561.92926,637.55743,-288.96228,260.93192,867.2913,74.73481,550.3654,646.0132,-299.334,261.10886,864.0648,34.007763,540.2061,644.1775,-267.1308,268.2236,856.4816,57.520798,516.3881,677.6373,-114.67909,484.72998,703.60077,114.86751,469.25174,853.7592,-163.40839,458.6138,859.1407,68.43839,498.09607,1024.4231,-92.99404,494.7052,1017.32245,93.31003,515.3927,1049.2969,-87.57653,539.6381,1029.6252,91.67795,446.7134,1084.3239,-178.53558,445.57874,1081.5697,13.824994
patada_beside
IMG_20241115_103423.jpg,patada_beside,261.5387,584.5489,-114.308464,250.0305,576.67596,-114.77581,250.78703,575.0233,-114.81812,251.55797,573.5265,-114.82714,249.64613,579.12604,-94.00171,250.14682,579.12115,-94.09125,250.63087,579.15906,-94.16466,261.41403,567.14246,-85.118614,258.5723,574.54834,7.0363913,276.89865,580.3396,-101.3323,275.69052,584.3745,-74.18421,349.546,539.62024,-144.07494,314.23526,638.4881,115.59101,470.65945,535.43634,-216.99304,307.2967,741.6916,144.9941,536.0977,625.4489,-258.20822,275.05838,842.0157,39.485073,558.83075,635.9776,-286.62848,259.66248,869.6335,27.613804,548.28265,644.0248,-298.04227,259.44614,866.3,-13.186949,538.5121,642.7501,-263.6418,266.26895,858.91956,15.171737,516.67255,677.2295,-104.93364,487.57904,703.14966,105.16599,475.1796,852.37305,-133.05794,456.73706,858.5156,79.68148,498.3105,1028.5255,-66.08226,509.121,1001.1329,103.18254,514.9491,1051.2205,-61.592323,533.971,1019.22394,101.45819,434.31244,1082.6035,-157.7121,447.87955,1076.7146,20.945812
patada_beside
IMG_20241115_103424 (1).jpg,patada_beside,263.74194,585.747,-126.70997,253.08276,576.5638,-127.75162,254.19441,574.09314,-127.7939,255.36247,571.7538,-127.80538,252.146,580.9365,-104.552315,252.59189,581.43945,-104.658134,252.8009,582.409,-104.71806,266.395,564.7879,-105.43957,261.50067,577.32947,-2.9622002,280.2554,580.1349,-117.032265,278.1741,586.4679,-86.70361,353.96048,538.9878,-165.83539,317.52054,643.17126,109.323746,475.6869,533.80865,-236.02484,301.70255,754.5415,150.32967,536.07294,626.7898,-296.7631,273.32434,846.5808,64.875725,558.2035,641.02734,-329.33728,257.39722,867.89667,54.38564,545.25793,649.06445,-339.78296,255.62149,864.15247,18.751669,536.313,646.3253,-301.41147,262.1278,858.69635,42.951912,522.9062,671.5143,-113.95114,488.60587,702.19214,114.18693,480.47458,837.5554,-192.12003,461.81412,844.6135,86.22233,492.9618,1027.3939,-153.82347,541.40283,895.3167,186.48889,504.84946,1053.3733,-151.17722,563.7943,897.24316,194.6564,422.10574,1087.4155,-249.77834,533.9113,955.4656,143.8468
patada_beside
IMG_20241115_103424.jpg,patada_beside,263.4874,590.94946,-92.267204,254.03664,580.23505,-94.62981,255.23099,577.1308,-94.63824,256.54706,574.0595,-94.6259,252.34625,585.7257,-69.15382,252.50839,586.2053,-69.24447,252.66295,586.62805,-69.28541,267.62708,564.395,-74.83297,261.46423,579.8489,39.449017,279.4145,583.6609,-83.28634,276.474,591.54065,-49.69444,353.9347,538.2798,-129.81343,318.2326,642.31384,148.74144,474.1834,534.1353,-200.31728,301.93835,747.93646,198.20972,539.3578,626.2926,-254.12155,277.16977,831.4578,96.86946,563.0014,638.4142,-282.90033,261.3755,854.5974,84.02895,550.1471,647.6913,-293.71823,261.20352,851.9439,47.41761,540.70465,645.813,-259.024,267.8368,845.7056,74.61182,521.188,673.64795,-114.41591,486.3285,706.4277,114.54773,468.75934,842.22845,-175.09059,455.24893,852.3992,52.6933,496.81024,1019.40625,-123.35137,511.72232,982.2861,67.56471,516.23865,1038.4777,-118.859505,538.11206,995.9073,66.62719,427.22122,1089.4951,-205.5018,443.95734,1073.8173,-0.96652377
patada_beside
IMG_20241115_103425 (1).jpg,patada_beside,263.8068,599.01965,-153.56874,253.01945,588.2681,-162.93518,253.88306,585.1128,-162.97772,254.72389,582.13135,-163.00662,252.08282,592.3672,-134.69402,252.35738,592.1215,-134.78633,252.5664,591.8708,-134.85323,265.5195,567.0578,-162.49188,260.94025,583.0459,-35.38925,279.8777,591.01996,-150.17137,277.9172,597.19147,-112.743225,354.02573,535.94855,-212.66246,316.42966,639.7991,81.67073,478.256,530.8126,-278.78482,308.13934,747.7923,134.45984,542.93353,623.2897,-321.34723,272.90848,835.65356,51.240437,565.1709,636.8782,-351.0128,257.29428,861.64435,44.94775,552.96454,647.6504,-360.85294,256.22336,866.6694,4.8432446,543.7243,645.2555,-324.71158,264.70984,860.5402,27.749802,519.0532,678.8662,-111.356316,472.88525,711.8434,111.608154,482.02307,848.15784,-151.30988,441.22934,858.49744,74.95267,497.7827,1014.50165,-64.73445,492.13354,1000.9946,129.16855,524.32983,1029.5216,-58.561707,528.25726,1007.0691,130.26422,461.40326,1070.8153,-150.62007,466.06696,1065.045,60.431892
patada_beside
IMG_20241115_103425.jpg,patada_beside,264.42203,587.10864,-152.0959,254.68164,576.05615,-155.06639,256.20367,572.41187,-155.09193,257.94983,568.64966,-155.08235,252.59525,582.849,-129.28609,252.70088,583.90436,-129.4084,252.85541,584.76935,-129.46391,268.9489,559.9338,-130.76201,261.63672,579.60974,-14.26761,281.84113,579.14026,-140.5101,278.3083,588.40546,-106.271545,355.85678,534.22156,-181.63997,315.9105,644.9365,120.19783,477.6224,529.8093,-241.61923,300.9032,757.4829,182.83488,544.5936,622.2416,-298.2859,274.01184,838.3704,81.890236,564.82336,637.58563,-329.63443,257.6154,863.61743,71.081856,552.7504,648.001,-338.83356,256.92737,860.0781,31.043652,544.0072,645.0076,-301.95935,264.08078,854.607,58.56046,522.3278,677.59424,-121.35291,476.77243,714.75275,121.56663,485.08557,841.52905,-202.75592,444.22614,852.21387,-14.471117,497.1952,1020.0707,-157.20244,496.47488,999.92163,17.572847,510.01596,1040.4598,-155.98337,521.9722,1017.55005,16.993488,454.0755,1069.1027,-271.94507,431.22122,1070.8138,-73.474525
patada_beside
IMG_20241115_104119.jpg,patada_beside,461.7583,621.4983,-234.97993,474.19495,619.68176,-201.95349,475.16235,622.48596,-202.10152,476.04935,625.0725,-202.28444,470.8106,608.6726,-220.79642,469.06024,603.8831,-220.78822,466.98245,598.6365,-220.76157,471.54797,623.4722,-39.75679,458.1047,587.2136,-123.17031,449.61063,629.0858,-176.06235,443.65308,617.43524,-200.1909,418.63263,681.37604,74.2623,364.9896,564.2413,-131.2777,457.09897,788.9115,82.62562,232.51701,565.4138,-194.35492,505.6987,886.0605,-46.761723,116.03751,577.44196,-289.23102,530.6179,902.9253,-71.3956,87.54704,577.4795,-309.677,533.9033,904.7449,-109.211075,85.9753,588.6526,-353.87524,521.05023,900.0866,-70.222176,95.360756,591.60425,-308.28748,215.68376,743.92487,106.52173,169.45364,690.5149,-106.50081,265.47107,891.62476,-147.9357,77.38656,856.27466,-238.1226,80.41174,896.9844,84.640526,-28.284,967.5156,-112.63186,56.495262,871.6677,103.357704,-44.453346,965.4182,-102.508255,26.207016,950.8141,28.86989,-62.99464,1053.4369,-229.63844
patada_beside
IMG_20241115_104120 (1).jpg,patada_beside,453.99216,661.6077,84.77229,468.30734,650.9686,87.566666,468.02402,648.6333,87.37209,467.6373,646.1917,87.18492,468.36133,651.2133,44.546757,468.14383,649.34155,44.592716,467.90085,647.3462,44.624397,459.419,627.96075,105.470764,462.0316,632.3011,-93.0977,439.52994,656.02,96.35479,439.96948,656.6885,38.4574,370.44507,580.1587,147.00569,408.61862,666.37036,-205.36131,233.80014,577.71466,154.65117,455.50046,800.07446,-304.75925,121.5161,586.7414,94.411934,496.74295,893.6362,-222.81418,93.29334,589.60925,90.572876,519.1908,916.23584,-254.96611,91.51681,595.09344,69.734665,524.64453,906.364,-215.51189,101.80384,597.5782,85.479836,511.1166,900.3779,-205.90936,183.08943,703.2865,140.09703,177.65906,715.7022,-140.06212,249.2616,888.1672,83.7299,129.63985,882.8216,-220.4652,72.25426,917.4185,173.7359,8.797581,929.9293,-104.57609,49.60015,906.57416,177.54362,-0.05448103,913.2187,-88.249374,23.146938,977.5078,145.79437,-53.752327,996.2568,-98.58606
patada_beside
IMG_20241115_104120.jpg,patada_beside,461.2282,640.67334,-158.57617,474.3948,633.9855,-129.05797,475.0245,634.70166,-129.19363,475.52554,634.9971,-129.35017,471.79257,626.5728,-160.45042,470.33456,622.0056,-160.46729,468.50912,616.8775,-160.49564,467.9919,624.42883,12.462203,458.1934,601.282,-128.3894,446.78555,642.1204,-105.735306,441.71536,635.0439,-146.5756,410.86807,678.23425,104.184746,363.87512,567.7154,-152.32178,454.48483,783.006,114.631485,233.38013,572.92017,-200.06245,500.86658,870.40454,-0.91606987,116.593094,585.5102,-239.55952,524.3214,894.674,-19.993221,88.57345,586.0609,-251.77284,529.9042,893.4948,-53.790913,87.58171,597.11926,-289.5307,515.7973,886.24756,-23.014257,97.112274,599.85284,-254.36229,215.0983,744.5172,108.02376,168.02191,696.35547,-107.99189,262.89578,897.73035,-72.58614,80.80293,870.27026,-241.03133,78.52689,914.8627,113.839806,-17.884499,935.4241,-67.92525,52.7177,889.5244,128.59639,-32.52715,919.726,-49.460064,23.59815,965.8358,77.72951,-67.96617,1021.97546,-122.68318
patada_beside
IMG_20241115_104121 (1).jpg,patada_beside,438.7334,609.26825,-226.59502,456.43735,612.65784,-200.62732,457.39124,616.231,-200.7651,458.22293,619.7361,-200.94786,454.25592,603.18005,-211.10214,453.7533,600.45874,-211.09375,453.28757,597.7908,-211.10854,456.74753,627.22656,-51.283066,453.79913,602.65314,-97.33884,427.47046,620.41425,-170.57765,424.59085,609.6243,-184.10455,409.93457,686.6578,70.721405,363.9086,564.79425,-100.00366,455.7939,800.8993,50.175423,230.26268,560.32153,-153.21982,500.47592,891.00745,-78.411606,113.08005,565.99603,-228.13734,519.67633,920.1366,-101.49374,83.07608,567.0243,-243.27028,521.64905,915.09717,-132.91086,82.34357,577.6878,-283.88406,508.0351,903.1567,-98.51858,92.60754,580.5508,-245.40706,206.96078,736.7279,103.940094,157.5836,694.46564,-103.94453,262.74734,896.64856,-79.111275,79.050354,856.8043,-248.8405,86.32259,913.90857,126.204315,-38.75097,938.392,-87.77141,63.051365,896.49866,142.55565,-55.054527,924.4807,-70.69075,28.261568,991.3512,82.58853,-90.09973,1026.4546,-155.83893
patada_beside
IMG_20241115_104121 (2).jpg,patada_beside,443.3709,617.28973,-215.32214,459.48846,618.94635,-188.8017,460.41083,622.17706,-188.95345,461.2065,625.3969,-189.1422,456.71436,609.0471,-200.23506,455.80328,605.68494,-200.22937,454.8233,602.2753,-200.1832,459.2549,629.5028,-35.61795,453.62454,602.7145,-86.14529,431.76364,626.63947,-157.51372,428.42157,616.0054,-172.10983,413.09595,682.81525,92.179855,364.81552,570.5458,-83.813805,460.84424,803.13477,79.201965,236.93976,568.46564,-124.70698,518.04785,904.26135,-72.07184,116.1206,573.72064,-195.49367,516.08936,932.1918,-103.06934,87.15423,572.1649,-216.52866,519.63477,924.86884,-139.15282,85.80819,584.16174,-251.6767,507.55307,911.751,-95.478485,95.32299,587.44775,-210.62614,199.07846,729.9241,107.39041,164.83388,699.2809,-107.44734,255.24799,900.4979,13.430713,117.82807,871.73193,-251.84294,74.393105,924.51776,204.1858,-14.134018,944.4361,-84.997116,57.521957,906.3085,219.3327,-33.73513,921.20435,-63.481647,24.893744,996.14343,180.25195,-74.64974,1036.3031,-104.63358
patada_beside
IMG_20241115_104121.jpg,patada_beside,441.20715,615.43506,-233.31232,458.93677,618.5316,-208.02888,459.97534,622.35956,-208.16302,460.91757,626.18555,-208.34352,456.37628,607.9007,-219.5153,455.69434,604.4888,-219.49896,455.0799,601.27905,-219.49701,459.5818,630.80774,-55.292213,454.70282,600.7906,-105.67979,429.99698,625.93677,-174.97084,426.76373,613.31775,-189.7676,418.60654,687.6146,78.54861,366.4734,563.59784,-102.49502,458.67825,796.1486,76.91366,235.74632,569.40125,-136.62811,513.0253,893.5584,-38.313084,119.855156,580.8137,-206.19403,531.6785,918.97864,-62.092327,91.01137,577.5991,-223.17708,531.5637,913.8492,-96.92128,88.219505,589.216,-265.39932,517.6648,900.79785,-60.02672,98.42472,594.30426,-223.56465,211.21121,740.87683,106.56459,161.22395,690.56793,-106.581215,264.46487,896.2473,-115.54022,75.64385,864.62524,-271.56784,89.604256,913.88007,63.5477,-30.95707,923.6284,-76.16022,62.148155,890.1079,78.197815,-42.590904,902.9359,-53.890717,26.297987,985.23157,21.226402,-91.014366,1008.1067,-115.12257
patada_beside
IMG_20241115_104122 (1).jpg,patada_beside,450.66602,617.6852,-194.23703,464.70236,617.10614,-164.80618,465.61414,620.01337,-164.95851,466.46716,622.86066,-165.15074,461.38846,607.5038,-181.16356,459.72607,603.57477,-181.16122,457.87012,599.692,-181.17247,461.94394,623.796,-14.564231,451.36124,595.34375,-87.389824,439.08707,626.5089,-138.95357,434.22055,616.01556,-160.15546,405.68155,677.7841,94.9513,363.27274,568.1497,-102.72818,452.33948,794.1181,73.04107,235.46724,566.2954,-150.69084,508.25577,896.2562,-67.31857,117.98383,575.1761,-212.18292,516.04425,921.0717,-91.8556,89.10853,570.4155,-228.81305,518.9695,915.6498,-122.19799,86.95509,580.08734,-264.48575,525.6495,906.583,-87.94147,96.39521,585.676,-227.38312,202.09756,735.1998,110.63539,156.3445,690.5048,-110.74533,258.77414,896.2503,-48.8253,64.887764,871.82715,-242.23828,92.69184,921.31256,173.24358,-50.939377,948.1937,-78.61503,69.23867,898.4289,191.02933,-68.137596,933.49927,-61.243378,29.379833,989.0179,137.48372,-102.8248,1035.6282,-152.10593
patada_beside
IMG_20241115_104122.jpg,patada_beside,455.62216,617.2198,-127.93906,469.93024,619.27026,-96.586044,470.94467,623.15936,-96.70267,471.79712,626.8846,-96.88005,466.02863,606.8941,-109.37693,464.26025,602.43866,-109.38723,462.39456,598.211,-109.41815,467.0328,630.1682,50.66661,455.97372,594.7532,-5.6683726,444.221,628.41064,-75.10432,438.34094,614.4828,-91.65551,411.78955,687.995,136.93329,364.61987,564.4055,-26.099785,453.27084,795.1777,111.8592,235.43253,567.5271,-54.894062,503.402,891.3428,-19.13296,118.515854,574.3184,-115.16757,531.59705,910.9863,-44.314373,89.712006,570.74414,-130.1093,517.2059,908.5843,-72.656425,87.582245,580.03864,-169.8527,521.5835,905.7114,-38.91109,97.29737,584.9532,-132.04057,207.5853,743.4153,96.3277,156.7579,687.3294,-96.62819,260.63406,896.4818,-116.61884,59.38782,868.69965,-254.62895,84.304825,917.3868,121.32225,-59.26242,941.6765,-47.285503,63.730927,905.9972,141.52296,-71.86586,930.79596,-25.57617,33.45128,996.0104,78.45085,-105.74148,1021.65576,-117.6107
patada_beside
IMG_20241115_104123 (1).jpg,patada_beside,445.1407,613.88153,-206.28781,460.12372,616.00116,-176.04652,461.68704,620.3957,-176.18242,463.1703,624.239,-176.3712,455.46176,602.58655,-185.29662,453.61166,597.46704,-185.28711,451.68158,592.611,-185.2775,461.38757,627.759,-15.77991,446.2801,585.6947,-56.204643,434.32114,625.31,-147.45638,427.09616,610.7556,-159.41324,404.7626,685.66675,97.658844,359.01883,558.0224,-58.687,450.4952,797.3278,87.19785,231.02979,557.31433,-84.821075,507.46338,891.1341,-38.87117,112.19157,565.72375,-164.20471,532.8897,908.35657,-62.12112,83.29893,567.5079,-180.3531,538.61,909.4733,-97.4848,83.18794,576.5768,-221.2831,527.214,903.63806,-60.29354,92.446625,579.6209,-181.3219,208.01605,739.3019,103.616135,152.18892,688.6175,-103.80998,261.38272,893.5658,-123.231606,56.648834,866.9168,-272.29495,92.3379,920.0164,111.514656,-57.031616,946.681,-78.22079,65.24172,899.92615,131.93042,-69.56455,935.6138,-57.51666,33.24215,978.0265,70.40324,-102.903145,1028.7963,-151.12964
patada_beside
IMG_20241115_104123.jpg,patada_beside,452.13348,613.4466,-189.77296,467.78983,614.6711,-160.5579,469.25098,618.72424,-160.70401,470.35944,622.47217,-160.88629,462.34915,601.78357,-172.27756,459.7488,596.5348,-172.26959,456.84818,591.50354,-172.2613,466.5789,626.9911,-8.165596,448.18176,584.31067,-59.579243,440.41888,625.52747,-133.79614,432.2631,610.64056,-148.76349,407.56216,686.16125,113.994026,360.30722,561.97766,-69.41361,448.56985,794.7405,112.48409,229.57959,563.9298,-100.6598,500.59412,888.1566,-5.920038,113.98614,574.0188,-170.59322,523.7679,906.63446,-27.694815,85.4455,572.898,-184.5189,528.81946,907.8308,-57.519196,84.94438,583.1029,-225.47304,516.05194,900.8967,-25.459818,94.54658,587.90393,-187.24274,206.9755,737.6835,105.218414,157.16823,686.8323,-105.31963,258.37723,891.9779,-100.273094,78.177315,849.509,-242.99048,78.927925,919.97424,81.46887,-39.638565,943.88885,-106.4969,50.029507,897.89484,95.42384,-58.43557,928.5338,-91.00285,24.54055,985.51154,32.886234,-89.86857,1038.3693,-174.06863
patada_beside
IMG_20241115_104124.jpg,patada_beside,445.5279,609.4555,-270.2986,460.4625,611.5488,-242.49886,462.00507,615.92645,-242.63954,463.37018,619.8223,-242.8196,455.65744,597.5872,-252.08786,453.6049,592.1782,-252.09778,451.56262,587.2269,-252.11829,461.5933,624.38885,-82.756355,446.02295,581.3287,-124.56961,434.37744,621.8455,-210.8638,426.44006,606.5904,-223.11203,404.4948,680.2978,55.6521,359.1199,555.9115,-122.357025,449.54474,793.92487,52.23382,226.42993,546.8096,-171.10051,505.06674,879.8005,-70.62551,109.19298,550.151,-273.96307,527.3174,898.82904,-93.78022,80.116684,550.243,-293.16992,529.6997,897.01056,-123.38362,78.863014,558.93744,-338.10568,519.1741,889.2488,-89.2947,87.74392,560.63086,-292.7762,205.69093,727.67633,103.775276,152.58519,680.6953,-103.79123,256.21512,885.867,-61.914097,64.47456,847.47815,-246.5573,78.73009,903.483,147.83751,-26.737461,934.1224,-59.796974,52.21012,881.23834,164.0851,-40.715416,924.17334,-39.73101,28.794586,958.43616,102.0783,-63.396263,1020.18604,-124.534775
patada_beside
IMG_20241115_104125 (1).jpg,patada_beside,447.21045,600.81024,-193.95407,462.4742,603.47986,-163.59007,464.02887,607.86646,-163.71796,465.42978,612.141,-163.92471,456.70987,589.35657,-171.85648,454.0473,583.8322,-171.84213,451.22592,578.7184,-171.8453,463.08755,619.19446,-7.8840055,442.80087,572.9454,-42.81103,436.9049,614.45496,-136.95207,427.54355,597.35815,-147.1538,404.27182,684.1541,126.11195,359.89566,553.92194,-47.067314,446.80597,784.82,130.17282,236.4046,564.7705,-59.756107,501.68942,875.17267,4.073463,140.91354,608.4934,-123.03113,524.2803,890.99493,-20.073706,112.70213,612.81506,-139.61333,530.4983,891.371,-49.027718,114.46181,624.57404,-172.37915,520.08966,884.70935,-14.806801,125.517166,627.06635,-135.17395,216.48999,725.9514,104.30219,167.39957,672.547,-104.334076,259.9418,885.94995,-110.156815,73.69158,840.5533,-242.4715,85.29698,902.7489,119.94137,-46.432858,932.54126,-82.75988,59.78455,880.56384,138.07843,-65.14579,927.718,-68.22509,25.287094,967.2961,63.30749,-87.004295,1009.9469,-188.7737
patada_beside
IMG_20241115_104125.jpg,patada_beside,450.39404,606.661,-192.18071,465.6096,609.8597,-160.95766,467.0751,614.3555,-161.07777,468.1603,618.54254,-161.259,460.8061,596.33386,-169.69054,458.63947,591.3974,-169.69601,456.31448,586.945,-169.72166,464.2611,625.1849,-4.6467724,448.21506,583.1028,-41.788563,439.02457,619.9637,-135.8888,431.56265,603.7694,-146.81824,401.1853,685.1068,113.568634,358.15012,558.3679,-53.113697,445.92596,793.0299,96.118195,227.6954,555.1326,-89.736374,498.77457,881.1627,-24.866352,108.1683,565.63025,-165.6808,520.0886,896.7826,-46.134045,82.2772,565.32355,-179.39117,505.4051,894.48694,-71.31639,82.1406,575.13885,-221.09355,514.66315,890.19684,-42.13016,90.631714,579.0875,-182.70554,208.49463,735.412,102.132385,152.13506,685.7446,-102.26885,257.8858,888.3773,-145.25558,62.49781,855.4064,-268.54575,79.344986,911.9565,85.21248,-36.266876,935.7459,-52.831932,52.57942,890.859,104.28078,-48.244057,924.33685,-30.217947,28.409517,968.2226,31.500404,-78.187874,1018.3551,-119.57452
patada_beside
IMG_20241115_104432 (1).jpg,patada_beside,571.6055,683.30597,-89.90449,587.1415,674.22754,-49.894382,587.2223,673.5762,-50.101276,587.26556,672.86304,-50.24668,586.6113,668.1086,-100.42517,586.08203,662.8469,-100.48908,585.38947,657.40906,-100.43458,579.6087,651.46375,129.39474,576.3193,634.0292,-107.05804,551.9795,678.56335,-21.720177,550.49115,671.8827,-90.81188,493.6431,687.95764,244.75563,473.45993,571.03174,-160.7897,500.84927,818.6898,240.1364,364.92703,529.56067,-342.15955,514.4722,946.89453,30.849403,256.44492,510.8557,-546.9323,541.17706,966.81396,23.969193,222.04419,499.66263,-598.36505,545.14813,967.8244,-40.598675,219.4687,506.04843,-615.24396,531.7787,963.26843,-2.1633158,231.5311,511.37152,-557.83435,291.48352,740.1807,177.77411,275.67337,711.7029,-177.3373,252.207,930.52905,214.6328,280.25595,901.3646,-450.0882,72.87875,954.38873,286.27454,272.45062,1142.3375,-632.90173,36.783684,938.4498,286.8844,247.37018,1182.9622,-656.3985,34.534622,1045.6128,183.2416,352.92896,1210.397,-835.15594
patada_beside
IMG_20241115_104432 (2).jpg,patada_beside,569.3045,691.0895,-30.138285,583.87524,682.3518,-2.7648032,584.0827,681.1462,-3.0496645,584.3273,679.72784,-3.1496966,583.5473,677.60913,-46.44184,583.6833,673.08746,-46.49476,583.84564,667.9713,-46.441734,578.33234,656.2545,114.29539,576.36554,644.4141,-87.71916,551.5091,684.91956,15.119521,549.78723,680.34674,-43.856743,485.42404,639.9457,185.88211,476.47113,590.64746,-149.6793,423.2929,644.66095,146.41072,386.4664,647.1857,-301.70868,354.1097,646.8064,-47.363384,348.6829,699.3283,-425.46597,326.75928,651.13464,-70.08572,336.24802,712.3621,-487.32193,340.64053,635.9997,-102.79254,353.82596,712.92145,-469.89932,347.12595,636.58435,-63.218273,356.29807,710.57715,-421.8896,286.92508,741.444,170.90681,276.1828,719.3521,-170.28545,252.7281,933.4248,164.2673,285.0218,910.44073,-337.6535,73.961075,958.6337,230.58037,268.31738,1150.6501,-432.5196,37.10274,940.7102,229.80325,246.3644,1178.9132,-448.60318,36.18317,1046.07,125.411606,351.2325,1213.7233,-594.68756
patada_beside
IMG_20241115_104432.jpg,patada_beside,568.02765,680.1989,-81.81452,585.7165,672.14056,-52.4206,585.8597,671.4331,-52.655144,586.0185,670.6289,-52.735348,585.2726,666.02747,-99.75381,585.03143,661.19336,-99.846924,584.62006,656.07544,-99.84655,578.7279,648.8795,79.602806,576.59106,633.2227,-138.10376,548.33887,674.50635,-30.287292,547.50085,668.0957,-93.92648,490.36813,647.84143,180.21065,479.6152,574.8675,-211.62991,419.8863,634.19855,146.42107,377.75937,552.0327,-365.28223,345.13574,631.00525,-57.958652,317.12015,676.376,-489.21948,314.03983,635.61206,-80.43839,298.0899,688.3367,-556.03156,327.05106,620.07916,-117.58733,313.62723,695.54834,-538.7989,334.9469,620.0072,-76.08421,319.1926,693.7661,-484.62723,295.9771,728.01874,179.3985,277.88895,714.48535,-178.79369,243.32661,913.708,197.1842,287.57736,901.7868,-308.36087,73.559814,954.5209,287.4201,273.23734,1142.4883,-377.88223,35.1452,934.67395,288.63007,261.7149,1179.6559,-391.6928,34.36562,1039.23,188.00925,372.22504,1203.779,-536.80286
patada_beside
IMG_20241115_104433 (1).jpg,patada_beside,573.90186,693.45483,-109.50411,588.9128,684.36224,-70.65278,589.0278,683.5414,-70.87953,589.0381,682.553,-71.035774,588.29443,678.7499,-119.41817,587.8165,673.77875,-119.47089,587.18066,668.5969,-119.44328,581.0152,661.0012,98.134315,577.42804,646.0031,-128.58376,553.82,689.0106,-45.690384,552.41565,683.3044,-111.80746,490.559,692.98315,205.6075,475.35953,585.19464,-175.79524,490.8605,813.0801,196.88441,369.77887,533.7531,-302.5468,474.12378,887.50183,-26.76468,254.10527,507.88544,-441.32462,527.98395,953.75244,-39.838345,216.62457,491.98062,-491.20102,533.41815,955.2526,-98.296455,211.7519,502.2625,-502.34457,516.94293,943.6572,-56.649933,224.21066,508.00934,-449.11188,290.93063,746.6262,178.46306,279.91565,726.5197,-177.91779,251.49568,928.59973,225.85925,278.0267,915.45654,-416.88342,71.75926,962.38696,316.23172,267.35147,1149.479,-568.8865,35.982006,945.9231,318.54022,237.886,1191.0054,-590.3583,37.08682,1049.942,216.26874,346.4526,1214.7047,-767.78845
patada_beside
IMG_20241115_104433.jpg,patada_beside,567.28217,690.97974,-106.02911,584.3589,681.7382,-75.47995,584.5757,680.9575,-75.71042,584.7987,680.11664,-75.8011,583.78754,676.22284,-120.86371,583.5003,671.531,-120.95787,583.0355,666.3839,-120.98003,578.24493,659.57324,62.87881,575.3733,644.45074,-144.81796,548.9315,686.74036,-52.42071,547.5264,680.9183,-112.94835,493.255,672.6104,178.76363,480.63358,587.51495,-214.68945,426.96683,673.2852,165.52394,370.62518,537.8561,-332.24402,372.3195,681.6942,-63.80297,281.90036,622.7329,-432.57852,346.80176,688.9158,-87.38245,259.4169,624.16956,-498.11716,362.24893,676.64215,-135.01805,269.44046,634.5336,-489.49075,367.62442,674.95026,-87.46979,276.26492,637.95276,-431.94336,289.4037,736.73486,178.3306,277.10956,720.99976,-177.67935,242.7511,923.8727,167.79514,278.58954,908.60474,-281.3701,73.61569,959.9555,237.37425,269.81815,1150.6475,-337.2964,37.55159,942.1095,236.83916,247.86633,1180.3313,-350.0106,35.771355,1049.7798,137.14684,348.8907,1213.0863,-493.2763
patada_beside
IMG_20241115_104434 (1).jpg,patada_beside,567.7743,691.9429,-114.38376,584.5983,682.6014,-75.2956,584.6013,681.80725,-75.49824,584.6516,680.88837,-75.63312,584.1958,677.29193,-122.62132,583.8207,672.5518,-122.69083,583.4372,667.82465,-122.64867,576.3917,659.88574,97.81011,573.7614,645.22107,-123.17194,548.82153,688.09015,-49.533463,547.57587,682.28705,-113.95878,489.67175,693.2484,206.3028,475.00275,585.2219,-169.37033,496.12344,831.2237,200.5647,367.75592,531.4978,-316.1771,518.6077,952.676,3.815866,252.533,508.89,-464.63672,543.7791,972.6172,-0.7557596,214.62938,498.53592,-506.85083,548.9182,972.9516,-67.07029,207.59924,507.49744,-527.58905,536.5372,968.81494,-30.892128,221.07216,512.457,-476.84,287.62753,748.5238,167.95827,276.3953,719.99945,-167.52892,251.87352,935.89966,202.56741,278.5323,912.87134,-366.81964,68.16588,958.2824,281.9988,276.21533,1148.989,-492.63434,34.15879,944.9103,283.18472,250.38423,1177.0662,-511.55722,32.196163,1047.4099,182.36255,357.4784,1219.7427,-674.4064
patada_beside
IMG_20241115_104434.jpg,patada_beside,573.3687,695.68695,5.304529,587.17975,685.95154,25.681398,587.19684,684.721,25.369665,587.1975,683.28345,25.276562,586.6117,681.35254,-27.130228,586.2573,676.6366,-27.142181,586.015,671.55786,-27.01309,579.30176,659.6615,124.924,576.6217,647.7072,-121.06072,554.4504,690.05304,47.079628,552.23883,685.5756,-24.826473,491.3087,607.0551,187.32755,480.83884,616.0641,-187.83446,359.889,534.51105,168.79866,466.5127,757.64984,-375.73294,251.43442,511.32587,17.977583,516.1596,876.44226,-477.7055,220.72142,503.36472,-2.7879148,528.62,950.86523,-544.921,218.93623,505.51395,-28.67109,537.9539,951.89856,-500.5628,228.86435,511.9253,6.914488,541.9325,887.6407,-460.14758,283.39966,739.4598,173.51753,281.70575,730.4418,-173.07928,246.17351,932.34467,135.74846,278.07217,923.35156,-308.92242,67.764336,959.94006,229.12445,264.86453,1150.8262,-398.3313,33.19869,948.75854,232.23091,236.82217,1195.9855,-413.97183,33.619946,1044.7775,121.33806,347.54654,1209.5519,-557.5548
patada_beside
IMG_20241115_104435 (1).jpg,patada_beside,560.91315,690.22955,-69.47015,578.6584,681.98395,-28.528793,578.7523,681.5724,-28.737885,578.8193,681.09344,-28.88758,578.0245,675.77844,-79.127304,577.5305,670.6137,-79.2022,577.0753,665.37427,-79.17646,572.7087,659.6101,152.8143,569.5209,641.4869,-83.25702,544.95526,686.68005,-0.8912529,543.6009,679.4955,-69.87381,490.36194,694.91205,270.9449,475.4172,580.36914,-150.19298,479.5266,823.2392,267.8519,366.6348,535.54956,-354.89777,518.8886,948.8803,65.81432,252.30548,512.4566,-584.6041,541.78815,973.45264,59.210854,212.26947,504.05573,-640.2884,549.109,974.6277,-5.067739,205.81972,513.469,-655.7812,537.15326,968.4998,32.001892,219.10156,518.3147,-595.9293,289.48422,747.5903,179.31175,276.11673,721.1062,-178.84232,242.3737,934.3997,207.46106,278.00974,912.42664,-393.4481,67.51328,966.46765,279.7753,264.9426,1151.6499,-540.22925,31.730747,948.92053,280.28726,240.24738,1193.1646,-560.1327,28.2513,1052.1013,176.81471,357.35077,1217.1534,-729.709
patada_beside
IMG_20241115_104435.jpg,patada_beside,565.7465,692.8995,-71.614876,581.96356,683.44165,-31.52275,581.96747,682.6526,-31.714184,582.00964,681.67267,-31.847477,581.5563,677.74475,-82.90799,581.21454,672.68646,-82.98435,580.89154,667.6548,-82.954666,574.04395,660.1333,140.81633,571.54974,644.4862,-98.56207,547.0633,688.80194,-7.2063394,545.8421,682.54785,-77.02292,487.02917,693.98267,246.75313,472.8786,581.55804,-158.55235,495.87042,830.7368,248.22316,365.00513,531.0137,-326.80298,518.3738,953.87915,57.646896,249.39096,509.97437,-502.27524,544.1285,974.7757,51.867813,213.12706,498.76575,-546.2734,548.483,975.31445,-11.951587,205.53932,506.90802,-567.50494,536.5366,970.78125,23.408518,218.34042,512.6022,-514.75104,285.91562,752.1727,171.9147,276.39542,718.7905,-171.49667,248.72113,937.71533,179.72377,277.62256,912.5582,-355.12112,64.87603,962.6669,232.32385,264.62708,1152.3027,-484.4737,30.616322,949.01483,230.94502,238.19377,1192.4094,-503.27747,31.341677,1053.9259,126.24014,354.532,1217.7196,-668.1669
patada_beside
IMG_20241115_104705 (1).jpg,patada_beside,324.7272,802.38513,-149.71356,339.66824,793.6652,-118.41782,339.54184,793.1198,-118.605705,339.47318,792.45026,-118.850685,339.06512,788.74054,-151.58446,338.29135,784.7805,-151.62498,337.49625,780.69495,-151.69054,333.62003,776.1197,19.864582,330.32352,762.6569,-129.89732,310.30402,801.268,-99.44249,309.8149,794.9159,-142.70105,278.5661,816.947,103.40256,248.86105,722.2567,-160.30081,282.4347,925.3882,102.14267,125.697495,669.499,-224.60747,323.62546,1030.3246,-15.445841,13.331735,636.6137,-278.39932,353.85516,1066.3962,-24.962778,-17.839811,620.3779,-289.34906,359.12604,1061.19,-68.72878,-22.087214,637.14246,-317.32135,348.7359,1050.3293,-42.781487,-6.2987547,647.08655,-291.3501,97.35275,875.52563,106.7252,55.520466,847.97174,-106.83328,155.37451,1039.7512,103.646225,71.606544,1042.6152,-256.33463,80.730865,1028.2085,130.78098,36.4319,976.1341,93.198784,67.573235,1010.90955,133.89465,39.149437,944.29016,135.81897,54.264194,1063.6237,152.86691,0.846709,1009.9554,223.95137
patada_beside
IMG_20241115_104705.jpg,patada_beside,320.97385,796.61975,-209.78198,336.7611,789.0329,-180.58412,337.18332,789.02496,-180.80415,337.52008,789.0162,-181.08348,335.03027,782.9416,-207.76097,334.16653,778.5639,-207.77133,333.20505,774.01697,-207.84137,332.6737,773.6189,-46.656574,326.74234,755.3849,-170.03632,307.80475,797.047,-161.00401,307.1334,790.0219,-196.74477,280.98782,815.3418,21.794535,244.23479,712.7075,-176.9964,285.6789,930.91504,-8.641315,119.87983,665.1813,-235.78636,328.93765,1040.1632,-127.8628,4.3202124,627.096,-295.0441,348.61563,1056.9248,-139.97458,-26.408928,611.15546,-307.7661,349.8191,1055.3004,-184.53123,-31.206413,625.4019,-340.16547,345.14594,1055.0885,-155.51294,-15.270191,634.781,-311.6913,111.136795,874.0069,97.01449,54.87181,843.70825,-97.046646,160.41826,1030.1299,100.800934,53.667248,1036.5947,-259.36526,130.50438,1057.49,141.16261,34.88238,935.13684,113.002625,117.38074,1050.5093,146.7851,37.99702,900.64233,158.01505,129.93756,1096.7764,162.83595,11.859361,955.9485,238.94269
patada_beside
IMG_20241115_104706 (1).jpg,patada_beside,321.10526,802.50146,-174.26826,336.08807,795.0158,-143.86205,336.04544,794.8782,-144.07364,336.07935,794.74097,-144.32257,335.6525,790.535,-170.87839,335.1321,787.4238,-170.91171,334.64734,784.3445,-171.01039,331.12213,781.8883,-5.4411235,329.13812,769.9665,-127.04521,307.54865,803.0989,-124.27085,307.51495,797.05023,-159.45366,276.94928,824.14764,71.82103,249.54578,728.8199,-146.75377,282.5584,938.8091,45.337635,129.5577,674.652,-209.37158,337.75998,1059.4529,-77.92515,13.149294,638.2661,-269.6347,355.27448,1090.8234,-88.52166,-17.396845,620.39795,-281.85608,360.57993,1088.575,-135.27153,-21.669292,633.59515,-315.66116,349.87418,1078.0742,-106.39316,-6.4631367,643.9487,-286.0808,98.89726,880.17206,106.41928,56.807186,855.15356,-106.589195,158.65482,1041.8644,113.04535,80.07907,1056.0875,-265.90576,92.130424,1065.9735,148.83408,50.276134,1003.9253,90.35742,77.67715,1053.545,152.1052,53.54054,973.37335,134.18225,72.97054,1107.105,157.04396,21.189009,1040.7864,219.99493
patada_beside
IMG_20241115_104706.jpg,patada_beside,322.97604,810.619,-221.99048,338.60153,803.56335,-188.73518,338.70203,803.7296,-188.94255,338.86398,803.794,-189.1936,337.22052,796.6719,-219.00194,336.2285,792.08813,-219.04202,335.25043,787.4149,-219.11041,332.92493,788.3009,-37.717678,328.21472,769.04626,-175.24161,309.02823,810.4988,-167.53026,308.44522,802.8474,-207.26541,279.88223,831.64606,41.36835,243.63086,721.4554,-189.01042,286.36935,948.6585,28.741402,127.23301,672.56464,-258.91663,321.69397,1053.1708,-88.95828,15.788651,633.60046,-315.41644,340.86658,1074.8696,-100.50023,-12.184933,616.9964,-329.25662,345.17532,1074.1218,-148.1324,-17.425781,632.70435,-364.19928,336.00635,1065.7859,-117.69928,-3.175569,641.30334,-331.99677,107.36962,883.71124,107.75206,55.15098,847.5024,-107.800026,157.67833,1043.2709,65.23554,62.944355,1041.0302,-278.60904,87.83419,1065.4005,144.68927,34.342255,983.44385,115.61117,73.92019,1051.2504,152.8713,37.879433,950.8469,162.20462,66.925446,1108.954,152.48549,1.7929441,1015.1618,227.49557
patada_beside
IMG_20241115_104707 (1).jpg,patada_beside,327.7722,805.357,-215.10544,341.97723,797.8863,-182.1551,341.89093,797.79486,-182.39401,341.83313,797.6089,-182.65833,340.3299,791.5992,-208.48695,338.91162,787.0031,-208.52577,337.40222,782.067,-208.60027,333.7906,780.6095,-38.863064,328.17828,761.9465,-158.59595,312.9716,804.99426,-164.40747,311.9442,798.38385,-199.04825,278.55383,827.8766,31.385561,243.29228,717.52576,-170.10043,286.0407,944.9814,0.0073770066,125.03349,671.1283,-231.88744,331.1583,1049.4948,-129.71512,13.8401985,635.1827,-304.39056,348.64545,1067.2551,-144.20963,-13.51372,616.4668,-322.34778,359.27704,1081.2291,-191.58534,-18.865704,627.17255,-358.74515,347.49255,1071.3871,-158.63573,-5.0685115,636.6644,-322.82568,110.301605,882.87994,99.69107,55.332336,848.15125,-99.76962,159.67123,1042.1902,104.995605,52.726665,1041.7982,-251.82465,147.14522,1114.949,148.9012,30.679895,970.5738,121.72637,132.7084,1115.0674,153.2079,35.983913,941.32996,165.6771,159.96257,1167.5634,152.1065,5.8635826,1000.7079,232.4099
patada_beside
IMG_20241115_104707 (2).jpg,patada_beside,325.23563,807.23755,-198.08588,341.13593,798.7131,-167.86325,341.18613,798.33606,-168.07458,341.17203,797.87964,-168.35135,339.572,792.9489,-197.61635,338.49234,788.3202,-197.60275,337.28915,783.1788,-197.63896,333.8813,779.75903,-34.821472,327.85876,760.56726,-170.231,309.31213,807.02026,-150.07216,308.69968,801.2052,-189.33337,276.64944,824.0764,27.992561,242.56956,715.30457,-181.16005,284.40253,937.00775,-0.62429804,122.14693,668.7207,-236.72368,324.51456,1048.096,-117.766304,7.675125,635.0848,-291.74854,342.34366,1066.0809,-127.46972,-22.955166,618.4362,-304.41434,349.16693,1063.1813,-174.13644,-29.52589,629.4944,-335.8566,338.39078,1059.0322,-145.78484,-10.851124,639.34424,-308.15967,113.709755,884.26733,95.96771,52.464466,849.4815,-95.97798,163.93948,1035.0773,120.2687,45.574917,1038.0432,-252.3189,148.53987,1066.9677,155.45407,48.583084,949.48944,121.46458,137.90637,1062.2822,160.67892,53.51761,917.43274,166.5881,155.32884,1106.4426,178.52356,36.517895,973.39514,248.45274
patada_beside
IMG_20241115_104707.jpg,patada_beside,326.8289,807.8822,-201.86371,342.82004,800.34064,-171.94803,342.9045,800.3154,-172.15096,342.89325,800.20715,-172.44063,341.03336,793.77576,-202.60872,339.89792,788.977,-202.59444,338.6537,783.6567,-202.6051,335.668,783.5282,-40.110657,329.1126,761.2635,-179.35632,310.9899,807.72144,-154.61581,310.035,800.9888,-194.74661,279.83237,828.35474,17.924788,242.77185,713.629,-193.18065,286.19598,941.5518,-2.5004017,119.363785,668.5071,-242.38625,322.3414,1051.8639,-109.19988,8.683454,633.1797,-294.8949,341.8803,1067.3308,-121.2238,-19.35575,617.03284,-304.9372,344.40198,1066.8442,-166.60513,-24.24159,630.0782,-340.23822,337.269,1062.6764,-136.674,-7.8816123,636.99194,-312.5973,110.261986,889.27,96.21063,48.380287,852.4065,-96.07868,155.97237,1038.8894,90.8464,38.880722,1042.3469,-273.84793,103.054825,1012.48157,162.53197,39.80771,938.402,140.8854,94.55454,997.9967,173.11575,47.011868,903.2335,191.2202,87.89249,1041.655,214.06554,22.9954,960.58923,294.19458
patada_beside
IMG_20241115_104708 (1).jpg,patada_beside,322.747,799.8196,-217.3502,338.21207,793.3624,-188.45113,338.4056,793.87946,-188.64952,338.60654,794.3011,-188.91423,336.39166,785.854,-216.81308,335.17584,781.21655,-216.81888,333.95956,776.59454,-216.84935,332.7814,779.5259,-53.057335,326.7103,759.08093,-181.31813,309.53137,800.2427,-168.23598,308.49323,791.5445,-205.12915,282.3938,822.44946,12.271821,240.98816,713.65686,-190.56947,286.35477,940.2865,-6.275092,118.62754,666.73956,-237.57156,324.12787,1036.9731,-113.55048,9.545901,632.64136,-289.4188,343.13623,1055.0385,-127.70469,-19.213865,615.6137,-300.66425,345.93884,1054.7931,-170.00433,-23.629633,626.4472,-338.7512,337.15646,1048.7279,-139.59607,-9.813865,635.469,-307.8671,110.699486,879.04,98.24053,48.387714,844.7083,-98.1633,156.2548,1032.4792,76.21954,39.943085,1039.8802,-293.45367,87.84059,1002.1762,161.50356,38.69172,938.55286,131.87703,76.517365,985.5099,172.75275,44.817047,901.9751,183.46826,66.72106,1037.032,209.24887,15.344131,964.3075,289.5987
patada_beside
IMG_20241115_104708.jpg,patada_beside,326.42603,805.3196,-226.14732,341.34045,797.77234,-195.6429,341.40082,797.6616,-195.85654,341.42523,797.4466,-196.11873,339.40707,791.6727,-223.45346,338.0158,787.26575,-223.47269,336.52728,782.5561,-223.5242,333.89053,780.8125,-62.010075,327.58673,762.5426,-188.73906,311.6447,805.15283,-178.83206,310.56204,798.5405,-215.3022,279.25894,827.9132,-6.2000623,242.14687,717.31537,-196.81926,287.2889,946.28064,-39.811386,121.34906,670.2973,-253.74525,327.27396,1055.6293,-152.31778,8.733873,631.6917,-307.984,342.84326,1074.6272,-165.14552,-22.267485,614.45276,-319.9836,349.14505,1070.891,-207.96777,-29.524523,627.47626,-358.34976,338.47638,1065.8647,-178.62772,-11.079969,635.1215,-326.91217,108.57082,883.69336,93.95231,46.849052,852.1638,-93.90952,153.76126,1035.5654,95.386345,40.53521,1044.7081,-264.90997,115.45429,1043.1052,162.79987,40.55431,938.4332,145.70328,103.73109,1033.9592,171.60312,44.46705,904.7102,194.4466,112.240105,1081.7949,194.7654,23.213472,958.1398,283.4024
patada_beside
IMG_20241115_104709 (1).jpg,patada_beside,314.6325,802.8413,-262.00882,331.48984,796.2826,-232.0806,331.87183,796.5205,-232.32402,332.25284,796.6822,-232.59325,329.53647,789.62085,-258.46204,328.49442,785.2084,-258.53326,327.4751,780.621,-258.67435,325.97186,780.45166,-82.58756,320.3701,761.2317,-202.30284,301.39206,802.3526,-206.37643,299.85394,794.743,-241.04034,278.44852,827.33777,10.03793,237.8034,709.3041,-196.35416,285.10544,937.1742,-2.4181194,115.17103,666.5946,-243.54668,321.40958,1040.0712,-125.76343,6.5547075,654.89233,-302.56354,341.03558,1058.9586,-141.95987,-26.164707,641.09186,-317.68155,346.72235,1059.7356,-185.96208,-28.431877,659.1879,-359.2592,334.5092,1053.0791,-152.09273,-12.026516,666.9451,-320.46536,111.90854,874.47375,106.22758,53.055214,835.64856,-106.453156,161.10681,1037.5377,93.670044,53.10053,1035.1095,-248.9135,131.69237,1113.7139,124.62181,30.581648,977.8706,138.5194,113.898834,1110.8906,126.73754,34.87063,948.48987,184.09145,138.10619,1172.425,112.009865,0.20169675,1016.2338,243.8751
patada_beside
IMG_20241115_104709.jpg,patada_beside,321.47885,796.5421,-172.97055,335.6969,788.6238,-143.24263,335.453,787.89557,-143.4548,335.20917,787.1319,-143.69223,335.13168,785.6465,-168.51888,334.33984,782.8601,-168.55821,333.55283,780.0631,-168.65971,327.9541,771.9134,-8.854313,326.70767,765.0569,-122.85211,307.6349,796.3893,-124.482605,307.7779,792.4844,-157.4201,275.99594,821.8699,64.34959,241.51614,719.03674,-140.93858,283.62262,929.7991,36.00437,118.87746,668.2821,-190.39655,314.6229,1031.5608,-101.85505,8.336633,654.4292,-236.67345,327.17697,1060.4528,-117.46809,-22.391253,635.1816,-249.25185,334.2986,1054.0021,-158.03004,-4.182047,665.04834,-282.00766,325.48703,1044.1075,-126.42029,4.443157,673.0864,-252.0292,98.01839,870.2121,108.75279,50.047474,848.93066,-108.905655,158.02077,1028.1349,108.17564,62.340668,1051.8204,-271.5533,89.875084,1051.6263,111.28989,36.71831,983.90076,79.28093,73.58549,1040.1699,111.5654,41.40874,952.1244,122.83927,76.53852,1093.4751,117.25214,8.69905,1017.9204,208.87274
patada_beside
IMG_20241115_105024 (1).jpg,patada_beside,392.5663,559.2095,-79.507614,404.56815,556.4229,-56.492924,404.7994,557.18677,-56.622627,405.01602,557.91907,-56.73975,403.60413,550.43744,-88.33286,403.12872,546.9219,-88.38089,402.66962,543.4611,-88.40183,399.24472,549.3328,61.501217,395.60416,531.3299,-81.28398,379.87598,558.2514,-32.737167,378.42636,550.93115,-74.241295,333.9852,568.60974,178.92046,317.81906,505.46088,-150.33449,338.4581,656.5085,194.97368,207.15297,495.1956,-219.15262,352.83087,737.7324,77.42706,122.17096,538.551,-259.3548,369.8507,754.1698,65.55453,98.4184,542.9182,-285.65588,381.16812,755.4609,31.119057,103.77634,557.51544,-294.32306,367.73645,749.5735,56.995342,113.9212,556.5203,-261.20447,159.15016,586.52716,126.942116,144.45036,556.5384,-126.79144,155.17865,732.78723,92.68091,180.27518,715.57794,-144.61746,13.776663,767.14246,117.54634,120.70642,884.7151,-129.89914,-13.44939,757.10913,115.51975,92.39343,910.5304,-129.09729,-6.683861,819.1965,47.167053,163.559,952.72943,-201.87721
patada_beside
IMG_20241115_105024.jpg,patada_beside,392.9634,566.8815,-62.425003,404.9402,562.631,-42.737705,404.94388,562.833,-42.921963,404.89313,562.91003,-43.074413,404.451,557.2021,-78.315765,404.0557,553.5371,-78.35056,403.56735,549.5715,-78.32866,399.48135,549.5301,57.099327,397.12482,533.6759,-102.68976,380.06464,564.4726,-22.256979,379.10712,558.72473,-68.52701,329.9058,548.7472,186.21701,326.0504,525.4783,-198.76993,323.93692,635.64136,206.17082,278.1171,607.4343,-283.68918,288.69843,699.82117,78.48475,276.2937,683.0674,-285.96298,287.491,716.7651,69.456245,272.93085,701.323,-325.6374,294.20425,717.04095,33.041,286.3076,701.3884,-312.38663,291.92575,710.1014,58.304005,284.68777,694.325,-281.59872,161.2645,582.2375,139.0539,154.20615,569.63995,-138.69661,156.48793,723.2554,141.00713,195.94803,724.06067,-149.4225,11.131779,753.27,199.70589,121.72125,883.291,-86.65114,-15.479865,739.43713,201.46364,94.071754,894.60693,-79.97665,-15.155876,811.9965,147.56029,126.34352,944.69006,-124.35431
patada_beside
IMG_20241115_105025 (1).jpg,patada_beside,386.021,576.3775,11.157129,398.62656,567.81726,20.863276,398.9006,566.12585,20.665731,399.15442,564.265,20.509037,397.56076,567.29895,-18.908806,397.15643,565.34094,-18.956432,396.70944,563.17694,-18.963245,390.8253,546.99744,77.62756,388.44592,547.9266,-101.31269,371.09354,571.00037,37.409943,369.13763,570.40155,-14.630947,322.24084,516.7536,176.54791,326.035,558.48987,-207.15694,260.63647,562.1654,209.77458,335.37048,666.855,-304.255,206.34157,603.27594,93.6481,351.97623,742.7475,-283.07477,189.54883,613.4932,84.8233,363.29022,762.6007,-325.45627,194.22742,611.88336,50.30572,372.42184,760.383,-309.1429,198.48943,608.4409,75.52002,367.51465,754.78,-277.02844,152.9858,562.69495,140.48088,145.05609,567.2144,-140.11816,149.82462,724.4262,124.06945,183.46904,719.83344,-131.8077,15.348211,769.4813,184.70694,121.60361,885.76874,-91.98398,-10.223143,761.06934,186.02864,95.59302,911.95984,-89.73908,1.9481313,822.98816,123.64632,161.57495,951.60614,-152.85641
patada_beside
IMG_20241115_105025.jpg,patada_beside,390.42322,570.629,33.339672,402.51288,561.7417,44.647038,402.73755,560.11536,44.508095,402.9073,558.4007,44.40354,401.81805,561.50604,5.6879754,401.62152,559.8629,5.6163936,401.33386,558.17816,5.596174,394.29794,542.50806,100.942726,392.5296,544.73816,-75.72112,376.68097,567.1345,58.85566,375.57828,567.2185,7.3564315,323.51016,511.3425,193.76736,331.72485,563.1446,-185.24333,226.06927,508.48984,222.64139,338.28165,662.61176,-331.49564,143.07452,530.9622,108.342354,350.53876,749.1753,-341.90656,117.95157,537.5229,110.30487,367.54736,766.69543,-385.13184,135.74095,557.5524,74.65369,371.38757,763.8043,-355.19403,129.89854,544.3059,91.75279,364.62225,758.6686,-330.62778,155.53848,547.27405,138.54503,149.22609,568.65674,-138.41612,147.57693,717.8521,147.26434,179.03586,722.5343,-114.86702,20.927368,768.349,219.77733,121.744286,886.2633,-64.913506,-3.8058078,763.0673,222.51758,95.26107,912.3648,-62.56643,14.817671,817.2183,161.45805,169.26717,940.1248,-127.3097
patada_beside
IMG_20241115_105026 (1).jpg,patada_beside,352.6613,582.73065,83.90176,368.4242,577.693,93.08272,369.0248,575.8333,92.9455,369.58133,573.78394,92.872986,368.23587,578.58624,55.659405,368.72845,577.40643,55.59738,369.21207,576.10956,55.583412,366.7632,557.27924,141.26466,367.1697,562.1078,-30.89178,341.06964,575.2267,105.98551,340.7689,575.89166,55.628365,299.32053,507.20026,207.08218,311.5634,572.9181,-146.35289,194.5449,507.68323,195.5026,317.5478,670.5293,-312.07297,112.07296,535.6105,80.42958,327.7384,742.0698,-343.94092,85.927986,537.07526,77.96318,329.1959,760.06836,-378.89798,87.97885,549.6494,50.686306,335.82657,758.5965,-349.92963,97.699585,545.80566,66.07603,332.52167,753.00684,-333.33527,129.71948,553.27435,138.75821,126.894966,576.1173,-138.60786,133.11694,734.5764,152.45273,153.15598,731.0336,-129.21504,34.052853,824.5899,217.4672,100.35324,889.3737,-80.51883,9.091305,824.9131,218.63782,71.69499,913.479,-77.488686,38.86731,880.52094,153.77718,147.87688,927.0962,-149.03014
patada_beside
IMG_20241115_105026 (2).jpg,patada_beside,350.86496,584.97736,15.663292,367.18402,580.35785,33.606514,367.53738,579.01294,33.4189,367.86557,577.52924,33.291977,367.3959,579.39734,-3.9034157,367.8848,577.40204,-3.9549005,368.38968,575.19653,-3.9380636,365.27692,560.47723,122.57104,366.1913,558.0978,-49.293476,339.17014,578.5015,52.130577,339.2181,576.963,1.8827327,303.74097,529.1303,215.89049,315.9026,551.7109,-153.5401,216.79807,541.6008,204.06807,308.672,652.9151,-312.6539,137.84566,552.6283,69.206795,310.4115,731.27466,-367.01907,109.34813,556.2701,60.56465,262.72357,735.8332,-410.72556,112.94162,555.0376,30.65226,274.83618,735.585,-385.4441,122.42807,552.7966,53.75694,312.37668,743.834,-358.17352,135.02444,564.24097,141.27399,120.78696,561.69086,-140.94391,138.49956,726.9647,137.33995,157.34006,720.7734,-129.13528,9.983568,784.8007,193.91637,100.71027,887.6909,-92.45876,-16.759108,777.2882,194.45906,74.69251,914.2016,-89.75279,0.3918922,841.9116,129.02809,154.90959,934.8404,-158.26842
patada_beside
IMG_20241115_105026.jpg,patada_beside,367.7161,582.7256,-72.37109,380.49808,573.6238,-62.980892,380.70343,571.9508,-63.150276,380.7813,570.06824,-63.25953,379.00497,573.03687,-100.70528,378.17062,571.04175,-100.78714,377.15918,568.74414,-100.78335,371.3399,550.20154,2.5539691,367.58743,551.00494,-167.83136,352.60977,578.42645,-42.36228,350.32794,577.3758,-91.75821,308.90637,524.4668,116.916245,305.56433,556.4519,-252.1499,243.31532,572.3895,138.2282,287.8639,640.8172,-292.3833,188.05605,625.87274,14.921959,279.59448,724.4541,-203.42453,172.31154,640.70605,2.6072998,284.19046,749.7485,-232.80624,175.53632,640.11414,-30.803856,325.47195,752.599,-224.56233,178.53116,633.9922,-3.3068674,321.67105,744.01764,-198.37537,135.53221,568.095,138.8602,119.722664,568.75995,-138.57217,145.44318,722.69934,142.38869,182.66554,748.3762,-119.572556,7.0549717,767.72943,211.24239,96.5676,891.3262,-54.990597,-19.872465,758.4386,212.77086,71.48108,914.08936,-49.659878,-7.3795295,821.8584,149.32101,124.69483,962.20184,-106.999565
patada_beside
IMG_20241115_105027 (1).jpg,patada_beside,355.87244,587.4835,-4.627636,371.54443,582.4786,15.634938,371.96964,580.92816,15.470058,372.37402,579.21497,15.360256,371.42377,581.7921,-23.538704,371.79886,579.8352,-23.600727,372.1976,577.66284,-23.61868,368.823,561.24524,107.17739,369.17676,560.5256,-70.72689,343.51123,580.50336,32.00771,343.24603,579.09094,-19.814768,305.27277,537.15643,207.5414,313.38663,545.9005,-181.79686,213.65903,553.95294,191.04083,237.50798,596.9575,-309.4515,133.66692,570.4688,54.217266,199.91447,662.81177,-344.44147,105.200806,575.4904,43.069324,183.12503,678.6736,-388.47537,109.5409,573.7866,11.126882,192.85654,685.3458,-369.05066,118.72912,570.74817,36.66608,196.06488,677.7896,-337.85666,132.64943,570.03516,141.57701,123.418884,565.6736,-141.26888,144.6041,729.4458,134.74971,156.22429,726.4729,-143.43672,25.739647,809.3234,187.60707,100.40931,889.51624,-96.35325,-1.5694678,804.97266,187.03786,71.64003,914.09576,-93.51285,20.374702,873.45325,121.36093,148.086,931.9965,-163.55164
patada_beside
IMG_20241115_105027.jpg,patada_beside,351.2308,588.9005,-39.09227,366.6654,584.0166,-20.174923,366.94495,582.74225,-20.361227,367.2571,581.24805,-20.512945,366.83234,582.40985,-57.03249,367.1873,580.0386,-57.058224,367.6142,577.37494,-56.993134,365.0105,562.3783,77.80643,365.40656,558.7177,-90.915,339.40225,583.2914,1.3042237,339.5581,580.8976,-48.07669,303.5883,537.2778,184.5141,312.88446,552.8058,-184.59917,218.19688,548.9035,185.30386,310.2462,653.028,-349.66766,137.58147,558.96704,53.786617,324.75894,743.4258,-413.50858,109.6103,562.4543,48.24988,329.80173,757.48157,-463.9185,112.591385,560.8217,13.791687,336.29825,756.71497,-436.74307,121.320114,558.75616,37.24097,327.90408,749.9134,-404.75946,131.7992,566.47485,139.96648,122.42636,562.6985,-139.6082,143.02092,724.29193,134.77078,156.57512,719.5133,-134.16689,16.111408,785.7224,186.17148,102.19257,886.8903,-101.66455,-10.958895,778.6482,186.44681,77.65201,911.98596,-99.157906,9.3375635,845.3679,121.3055,155.34564,934.7714,-165.30226
patada_beside
IMG_20241115_105028 (1).jpg,patada_beside,364.9063,588.12616,38.388527,378.52072,580.7108,53.63726,378.95392,578.8201,53.485363,379.3805,576.73987,53.410355,378.14877,580.2662,14.156514,378.34747,578.1594,14.080587,378.511,575.8557,14.055832,373.93808,557.5333,127.069,373.1687,558.9264,-53.0639,351.76025,582.07404,69.13862,350.74023,581.17896,16.653528,303.58798,513.5504,221.40254,315.23358,568.6154,-172.29599,223.5335,532.54144,214.96577,310.96805,669.68353,-307.18246,142.1948,556.75385,87.262085,247.03342,723.465,-342.33716,114.82614,564.61127,76.57817,235.90732,743.53357,-385.56708,116.79223,562.1446,47.699333,247.32204,745.0339,-366.52872,125.48948,558.2677,71.25663,247.37053,735.2475,-335.333,136.62949,562.06354,142.99432,130.5429,578.7113,-142.76778,143.8803,735.061,151.76309,159.7087,732.1384,-129.68217,24.588196,807.0697,224.28258,99.91418,890.0138,-65.95115,-1.5655088,803.1581,226.14418,72.88184,911.7925,-60.786217,18.299286,862.641,165.92221,130.4563,956.9348,-124.13023
patada_beside
IMG_20241115_105028 (2).jpg,patada_beside,368.28275,572.94775,-36.93797,380.42773,569.0414,-16.99537,380.4691,568.50366,-17.157312,380.51706,567.90344,-17.304268,380.57886,566.4445,-53.49653,380.7275,563.9559,-53.55202,380.92523,561.3343,-53.573902,375.7936,555.06885,82.184654,376.1439,546.45624,-81.39524,356.2157,568.52954,3.249742,355.1737,565.5141,-44.23085,311.13794,553.54333,202.18858,307.64536,527.0781,-177.74236,296.36264,622.5029,216.0948,224.78345,567.1216,-242.81815,265.5403,686.4755,95.31146,180.16597,638.1784,-250.81566,258.77994,704.8579,84.00192,161.60617,653.851,-285.9558,267.74655,702.77637,49.799057,172.8565,664.12683,-282.37842,266.82507,695.086,76.101906,177.24316,658.4613,-248.99779,137.51155,582.2901,137.02591,128.09273,568.2519,-136.61511,143.98558,734.0188,133.79362,182.67015,739.76324,-141.5431,17.617758,800.3789,194.00133,99.54353,890.30396,-89.132126,-10.538378,794.7149,194.4551,72.186295,918.2285,-85.204155,6.068927,861.41846,135.35973,143.56415,934.6997,-152.30182
patada_beside
IMG_20241115_105028.jpg,patada_beside,362.13104,586.07794,20.166046,376.19635,579.3675,35.50233,376.7424,577.79407,35.340805,377.2574,576.0204,35.23642,375.65826,578.5231,-3.078078,375.90915,576.5162,-3.1494904,376.11008,574.3321,-3.153702,371.98126,556.6588,110.76233,371.2476,557.3862,-64.56451,348.84378,580.18994,51.70545,347.72507,579.0508,0.6597998,304.67352,515.86456,209.17336,312.62738,568.6726,-179.5318,224.19023,544.13837,204.54745,309.42548,667.7538,-291.02692,150.55695,569.1812,77.98808,310.8275,746.86163,-285.20172,125.51708,576.25555,68.82393,254.54582,750.40106,-321.77173,128.21854,575.5202,40.149376,265.37433,749.5613,-303.72595,136.20497,572.0521,61.965687,263.58966,739.24426,-277.71378,134.94951,557.0883,139.91281,128.8674,575.03735,-139.61533,137.03328,730.50323,144.93037,162.11832,726.3557,-126.67819,16.626434,799.30414,206.57423,98.58362,888.9204,-77.21051,-9.681144,794.66974,207.14589,72.122604,910.91986,-73.71182,11.351366,854.74945,145.73364,143.19994,928.59546,-138.31912
patada_beside
IMG_20241115_105029.jpg,patada_beside,363.07318,577.0762,4.991609,376.04486,572.9634,18.899979,376.19952,572.00226,18.716654,376.32037,570.80743,18.565928,375.70367,571.25726,-19.931698,375.58292,569.0253,-19.968771,375.41235,566.32697,-19.956274,372.77332,552.061,92.020004,371.45694,546.32666,-82.05169,351.75278,572.85596,35.623947,350.94302,570.3242,-14.816378,299.37128,537.67004,193.68913,308.1229,549.4215,-187.75256,246.27881,612.7378,197.64876,311.8194,656.85876,-254.16937,217.4636,686.27075,94.60618,325.2249,739.4635,-175.17134,211.65352,701.82074,87.97283,326.5464,755.52625,-202.8296,216.0867,703.3316,59.32803,346.48465,760.1432,-185.02647,215.77847,697.4637,77.707985,337.45627,753.026,-166.95091,128.88374,580.03613,136.19461,120.27486,582.9455,-135.78366,139.34746,734.2139,140.75574,175.8754,752.63635,-133.6061,4.8602057,781.90826,207.66937,97.743195,881.56946,-65.18498,-21.618196,771.2809,210.17685,69.99742,899.864,-57.431515,-11.713572,838.42395,151.61307,105.591125,949.06805,-104.52691
patada_beside
WhatsApp Image 2024-11-15 at 10.59.45 AM (1).jpeg,patada_beside,365.9361,550.5878,-644.17053,365.20074,552.97174,-651.10394,370.43387,551.0993,-651.02515,374.64307,550.0485,-651.17505,354.07004,552.7319,-651.4707,350.43265,551.3597,-651.45593,346.66763,550.2864,-651.36835,387.79626,518.133,-570.9724,333.4528,529.19916,-576.10657,372.45013,542.892,-602.60486,353.40692,544.32544,-604.7566,441.1957,496.4209,-418.76968,297.3369,506.88815,-433.63727,405.52536,634.2289,-367.7439,288.3244,616.1688,-414.69794,414.35736,762.4048,-471.499,287.17688,719.93787,-513.8122,422.07877,778.83435,-524.35614,276.14645,750.1496,-584.65265,413.76575,790.5293,-561.6124,296.03784,749.46106,-599.6118,407.72122,785.4133,-490.19843,302.3195,742.82886,-526.79047,376.40384,417.00586,1.1041194,295.5305,429.9446,-0.76791143,431.21494,518.04913,161.31677,303.41486,514.3079,180.92307,397.87207,542.0487,496.4819,329.5939,487.73953,559.7743,387.20786,540.53394,530.9285,333.68192,480.48676,598.31335,402.22354,579.23804,508.15665,343.89487,504.25784,576.8517
patada_beside
WhatsApp Image 2024-11-15 at 10.59.45 AM (2).jpeg,patada_beside,343.31857,557.1843,-544.3612,348.64767,554.9011,-565.5076,352.76047,553.98126,-565.49756,356.62997,553.72125,-565.6725,338.53293,552.90594,-567.6466,335.11664,551.2092,-567.6149,331.0764,549.60297,-567.56506,368.9488,533.68195,-547.15967,317.1326,531.36975,-559.2539,353.7125,547.75903,-522.78,337.2186,545.04266,-527.0893,442.70044,505.16473,-438.69177,294.7544,499.76688,-454.5517,401.90314,639.5074,-413.99896,284.90063,608.62366,-438.03665,405.8988,778.4677,-514.36316,287.80014,712.07837,-540.079,416.04034,802.33185,-570.37335,273.5169,740.14343,-616.0276,409.6357,807.08527,-608.37195,293.59048,745.4729,-630.1904,403.60043,799.0481,-533.38666,299.4903,737.1179,-553.84283,377.13,427.70557,6.4759135,291.12036,426.17633,-6.1141644,432.03183,499.17252,222.89893,266.20667,484.31268,227.47842,407.40704,494.95758,584.4359,265.22684,461.73773,652.7949,400.94162,491.0379,622.2744,266.63556,459.17255,697.4778,407.11932,517.9756,598.3427,266.90384,468.70978,682.60736
patada_beside
WhatsApp Image 2024-11-15 at 10.59.45 AM.jpeg,patada_beside,355.74347,550.32605,-193.45956,359.66986,548.88104,-218.0774,364.35544,548.0863,-217.88991,369.40845,547.8685,-217.69087,347.9277,549.37915,-215.66057,344.16577,548.69434,-215.5498,340.1979,548.2818,-215.44629,378.9348,531.32965,-267.3294,330.93628,531.8387,-257.47968,366.99945,542.29297,-201.71985,352.1064,542.675,-198.96483,425.09027,499.91803,-206.80493,289.42218,501.69022,-195.89796,412.5232,654.8192,-185.3327,277.20306,619.5412,-129.41142,414.11487,787.031,-213.2104,282.51578,718.9673,-149.76077,426.28253,810.6906,-251.14465,272.69455,744.88354,-184.41501,418.0452,818.5637,-261.0126,287.68726,748.3898,-203.64357,412.0091,808.9023,-218.80365,295.53125,739.7594,-160.36424,415.95108,398.68484,2.5282276,333.40775,393.3283,-2.5722742,432.231,549.41296,13.276572,337.08972,549.7895,4.1369057,384.2497,684.0186,119.848816,314.72717,689.9928,131.41829,369.9454,694.03955,125.1324,324.41287,708.6334,137.5011,386.9557,748.3888,18.328012,308.7267,753.787,20.926933
patada_beside
WhatsApp Image 2024-11-15 at 10.59.58 AM (1).jpeg,patada_beside,338.68726,469.75482,-568.0457,346.1193,461.2588,-593.22375,351.49783,459.16034,-593.1694,357.4119,456.6095,-593.224,332.81793,462.09973,-594.571,328.4568,460.7692,-594.5847,323.89944,459.1937,-594.63336,365.3618,441.2076,-568.9388,312.726,442.2229,-568.18524,349.69403,462.3241,-540.27936,331.56122,464.6861,-540.6572,409.3684,388.31772,-378.1305,269.49612,430.19138,-453.6412,427.6837,436.03967,-157.12482,281.96832,550.31665,-422.89716,432.7333,476.01212,-15.562871,293.71567,671.3745,-450.04123,437.5652,490.5091,5.213375,281.1873,702.5113,-473.8067,431.74445,488.08792,-22.727522,293.32928,703.0027,-501.60895,426.78622,482.6024,-20.175386,301.57535,694.96857,-459.1223,369.4555,466.44925,10.162542,298.38492,468.20532,-10.246552,370.22836,597.0608,-167.37007,307.50427,615.81354,35.299137,388.3648,754.7362,-20.643637,324.18033,682.1516,371.1039,384.44266,772.9022,-11.766429,329.0872,680.2184,403.25085,381.90137,806.2442,-160.12964,316.31915,725.0028,333.3467
patada_beside
WhatsApp Image 2024-11-15 at 10.59.58 AM (2).jpeg,patada_beside,356.65338,449.49585,-543.0302,357.61087,448.6418,-570.4543,361.46237,449.43698,-570.4284,366.00262,449.90555,-570.6351,346.23264,448.38885,-579.21967,342.32236,445.6797,-579.27423,339.8514,443.28174,-579.4368,382.07895,424.71814,-558.9197,329.34167,423.26813,-594.9725,356.95337,443.70227,-519.6054,342.32312,444.0878,-530.9411,410.7857,398.1808,-384.23837,277.00888,413.94653,-504.20795,424.66943,462.31357,-150.19937,278.29077,550.61005,-489.02542,422.25095,472.35202,30.490225,289.80258,674.37256,-536.7675,434.21814,483.32202,54.19845,275.5139,699.866,-578.6977,430.49042,476.86646,33.42985,290.32764,701.58765,-608.034,422.58316,472.72296,30.870201,300.21317,692.9542,-548.27234,359.89554,485.35233,34.080265,291.13834,492.25818,-34.081135,373.42603,615.5538,-119.89914,300.94882,662.2336,-111.686386,382.05844,761.391,125.61112,311.7252,720.3034,312.6659,375.48798,767.45166,147.62718,314.76376,719.09265,354.84894,376.19028,806.1664,10.922302,322.4355,765.64386,278.77112
patada_beside
WhatsApp Image 2024-11-15 at 10.59.58 AM (3).jpeg,patada_beside,334.8892,480.25647,-703.4352,342.2466,474.6184,-727.3456,348.16986,472.29974,-727.2503,354.59503,469.5927,-727.37317,328.54395,474.4447,-729.44324,324.43646,472.42813,-729.51227,320.33636,470.09332,-729.6211,363.8392,447.44537,-676.7887,310.5432,450.83267,-680.50696,345.7617,471.24954,-664.75256,327.88986,472.88135,-666.668,403.58743,392.4258,-443.74173,265.4659,442.45264,-544.3181,436.24695,414.48642,-136.70804,276.75238,560.04645,-517.9032,428.6933,453.78665,128.38126,287.83618,679.43427,-549.9465,434.70712,464.52686,174.23495,275.5763,708.266,-576.5994,429.1265,466.18646,139.95485,287.4062,708.3259,-611.3158,425.60962,463.14343,125.41142,295.605,700.4577,-561.48895,367.36432,502.74487,14.290225,296.7983,507.24567,-14.3584385,371.50668,627.0247,-166.6749,295.59152,645.8569,73.154335,381.61136,763.1183,4.003941,330.87463,654.76587,540.3552,384.4431,783.1654,17.265333,337.07443,646.3983,587.4964,374.48697,814.7497,-136.6316,346.9139,690.42664,535.4082
patada_beside
WhatsApp Image 2024-11-15 at 10.59.58 AM (4).jpeg,patada_beside,337.57727,465.6175,-748.4305,345.31476,459.60815,-771.19055,351.38223,456.5137,-771.1185,357.59467,453.34506,-771.1826,329.77383,461.1812,-774.5848,324.7212,459.35654,-774.73236,319.97415,456.88126,-774.89185,364.83185,433.98257,-699.62897,306.64017,437.03244,-712.4446,345.82135,456.38187,-701.928,328.15198,457.98462,-706.3204,402.94812,400.83502,-462.19702,260.02032,442.0705,-564.50415,419.6693,429.57336,-170.10199,271.1839,557.97784,-535.00433,428.40973,472.94653,15.979818,283.09146,682.6969,-576.7849,434.57553,487.19907,41.431732,273.12125,710.40314,-612.69543,427.88724,484.33792,7.7222238,286.65942,710.4729,-644.00336,422.48883,480.18213,10.977272,294.47275,701.57446,-587.673,369.43356,517.62866,19.518524,301.97784,522.2491,-19.700453,370.5421,633.91583,-8.3288965,307.978,660.4084,88.83195,380.84543,765.09375,234.49362,335.57504,715.89453,481.24164,378.26465,774.0072,253.9435,339.58438,714.79645,518.03687,371.58255,807.709,104.9933,354.27313,765.85547,421.27066
patada_beside
WhatsApp Image 2024-11-15 at 10.59.58 AM (5).jpeg,patada_beside,331.08746,458.98923,-806.0383,340.96356,447.90952,-818.368,347.42307,444.28268,-818.3082,353.51053,441.05695,-818.4381,324.37137,450.72406,-825.173,318.95486,448.43414,-825.2982,314.1399,445.78003,-825.43304,357.58228,420.8886,-714.86993,301.12,425.43665,-740.8201,340.83035,451.85693,-749.67914,321.6628,455.38882,-758.0165,398.66953,403.78003,-461.2723,253.27327,435.9995,-584.4808,415.5931,433.8675,-171.91946,266.31604,554.1813,-568.30505,423.4763,479.62427,18.299986,280.7783,683.61487,-621.101,429.23575,493.71295,44.054333,269.9493,708.4862,-659.61487,421.42914,491.38147,10.111211,287.05478,711.99695,-689.14703,417.38287,486.01654,13.206894,294.49542,701.9398,-631.12256,361.30487,517.882,19.9296,289.1784,522.27136,-20.02329,373.0975,630.1555,-189.02962,293.94705,664.7477,-4.8537893,378.49292,771.3281,45.71719,302.44598,715.2872,375.47656,375.4192,787.45514,63.71856,308.24496,739.7232,410.79077,372.94418,817.89154,-104.70182,309.8185,785.8534,292.20074
patada_beside
WhatsApp Image 2024-11-15 at 11.00.25 AM (1).jpeg,patada_beside,353.0524,431.39996,-844.6741,359.33932,423.063,-849.18146,363.47092,421.86945,-849.15247,367.59326,420.2633,-849.29956,346.2107,420.98627,-857.6194,340.99066,418.58026,-857.7322,336.08844,416.3083,-857.9127,370.7391,401.98932,-717.3719,323.55267,404.8859,-746.8103,357.0907,433.39368,-778.89606,342.42422,430.25027,-788.45386,407.0829,391.13358,-444.89963,285.68066,419.82175,-587.0029,420.99567,426.16043,-145.8366,274.0811,538.5483,-592.3519,415.38712,491.6322,-2.4745781,281.3765,676.9822,-670.2879,414.70538,506.83536,21.310759,269.5583,705.6123,-709.6838,409.27942,508.2093,-14.8583145,287.65112,712.9512,-741.67694,406.31116,501.69724,-10.653352,293.45923,703.568,-681.5337,351.66974,515.65344,15.743195,288.74957,520.3268,-16.008617,350.90906,648.60645,-19.271141,309.29404,646.4336,42.49376,369.94498,781.2967,227.19568,314.18735,754.90247,341.30554,368.56894,794.0149,242.3693,315.50937,763.2201,365.60843,367.9275,831.24585,53.40602,322.68967,811.72595,201.40637
patada_beside
WhatsApp Image 2024-11-15 at 11.00.26 AM (1).jpeg,patada_beside,360.0729,435.91373,-539.24304,366.17792,426.4772,-556.17053,370.38388,425.2591,-556.1196,374.65927,423.62897,-556.2922,352.5401,424.74304,-557.72455,347.65146,422.7255,-557.8688,343.2303,420.93643,-558.0116,376.37363,406.44568,-506.94067,332.03,411.42697,-507.45984,365.2805,438.61996,-507.19418,349.75043,436.1576,-508.3621,411.4628,391.37262,-341.9785,292.15646,423.50867,-422.26273,429.9898,417.54407,-119.53344,283.06378,544.8272,-395.5745,417.8858,474.0784,55.362087,289.85464,678.3109,-408.47717,416.23257,492.71695,87.50092,277.12567,710.72766,-424.8714,414.06555,494.656,64.035835,293.8002,716.29565,-446.564,407.86566,488.4544,52.148006,300.7107,708.0844,-415.15726,361.62653,513.2617,4.79113,294.34567,522.9538,-5.264359,360.5603,640.16284,-39.679287,286.89285,656.6677,74.95159,381.48163,778.4547,75.80486,300.05927,704.02344,369.20874,380.1894,796.9397,81.686134,314.66074,715.9735,398.33582,379.70047,838.07153,-38.524704,310.44376,759.6543,344.7137
patada_beside
WhatsApp Image 2024-11-15 at 11.00.26 AM (2).jpeg,patada_beside,358.7817,428.96512,-604.15314,365.3725,419.6726,-619.83795,370.10477,418.40912,-619.7609,374.79996,416.65878,-619.9725,351.03778,417.79617,-621.0445,346.2534,415.79498,-621.19104,341.89868,413.9298,-621.3197,376.7779,400.0454,-562.82434,331.41193,404.48785,-562.8543,365.6883,432.9776,-569.4199,348.38373,429.5543,-570.4667,411.8928,390.71295,-383.74908,294.3996,424.44434,-463.9722,430.21173,415.15625,-147.9479,285.0534,541.914,-432.69464,403.8978,465.20282,47.714024,291.37308,676.26685,-440.80173,410.46475,478.47485,83.24209,277.32242,708.08765,-456.2835,406.55173,480.38318,63.716465,294.99072,713.9413,-472.1781,397.5381,473.99554,46.620255,304.27167,705.1075,-445.39948,358.70624,503.86145,8.38672,296.09186,511.22098,-8.989685,358.37173,637.9081,-16.589705,293.5229,645.124,79.64815,369.35446,785.4791,114.070175,318.0018,711.32385,297.50955,369.96426,802.41064,122.44429,335.5998,728.1128,318.99487,374.5874,842.0657,13.617174,343.4814,791.36664,255.37364
patada_beside
WhatsApp Image 2024-11-15 at 11.00.26 AM (3).jpeg,patada_beside,363.02057,423.12952,-643.6256,370.35748,413.69296,-652.3525,375.49768,412.19507,-652.3244,380.6372,410.14423,-652.48364,355.62112,411.94922,-656.3378,350.83804,409.94385,-656.4446,346.5444,408.0365,-656.55334,386.03906,393.73865,-560.92975,335.71573,395.51025,-571.67017,369.6687,425.62476,-595.47284,353.57324,422.85193,-599.4165,427.17108,388.00635,-344.47272,295.97055,419.27444,-461.20966,439.12628,421.59827,-108.73515,284.0185,543.75494,-444.24524,429.73373,489.94785,17.175577,293.2766,669.7244,-480.54028,429.62775,508.2931,38.81252,279.8694,702.53876,-510.40073,423.3698,508.1917,11.115813,298.61545,709.4221,-530.4579,419.7627,502.78345,11.685666,305.36142,701.41,-487.17245,363.83215,509.91583,18.76428,297.3061,511.275,-19.165184,366.41583,632.5058,-30.516006,303.63025,628.9304,64.40604,383.05664,776.8191,110.74127,291.958,697.12714,374.74124,378.6025,792.192,119.17076,286.08325,701.8439,404.56223,384.30405,831.0625,-15.402704,290.01328,753.76794,327.84262
patada_beside
WhatsApp Image 2024-11-15 at 11.00.26 AM (4).jpeg,patada_beside,380.73944,422.4924,-609.77655,389.06467,413.08926,-621.6856,394.04413,411.55646,-621.65894,399.16833,409.4109,-621.808,374.17566,411.56714,-626.22754,369.09637,409.4365,-626.3501,364.6383,407.4079,-626.4844,404.76505,392.68988,-541.68274,353.57004,393.57202,-555.67175,386.85748,424.94568,-564.99005,370.45084,422.5349,-569.7953,442.05148,382.8852,-346.3418,312.99512,409.38126,-452.15186,458.00024,407.4432,-120.147675,300.76935,534.4939,-442.70908,445.923,475.34836,24.554926,307.84756,666.4655,-478.44025,448.697,496.11935,48.282032,296.29364,696.51746,-505.38504,439.9573,498.0087,25.27717,315.59576,703.53894,-528.19586,434.93793,491.4098,21.077566,321.3543,695.1761,-485.99765,383.1184,510.09406,8.418279,316.65103,513.5622,-8.713392,381.96234,640.75,-40.20474,308.50275,638.7428,109.24332,399.81403,773.61664,107.1897,313.0735,692.72156,427.09665,397.16483,787.62476,116.00741,313.73984,704.513,457.4474,398.81403,827.58386,-20.698055,312.46124,748.54095,378.07593
patada_beside
WhatsApp Image 2024-11-15 at 11.00.26 AM.jpeg,patada_beside,353.86185,434.70862,-592.08484,360.08704,425.6386,-606.3324,364.4526,424.43018,-606.3089,368.79126,422.70172,-606.4818,346.5983,423.09174,-609.4682,341.75137,420.6214,-609.5787,337.32535,418.39655,-609.6781,371.72217,404.19238,-545.33826,326.0809,406.71997,-551.63696,358.9565,437.70117,-555.3772,343.63657,433.68292,-558.315,410.41644,391.42297,-359.072,288.83392,421.88232,-456.63773,429.3383,427.6715,-133.93834,278.47903,540.0666,-431.72098,421.1369,492.98138,20.271894,285.75232,673.3143,-442.47162,424.07858,507.93106,46.474476,273.07437,708.2264,-462.51505,418.29196,508.80414,19.29059,289.76254,713.24,-480.71664,414.30215,503.92657,15.178916,296.31192,704.9482,-447.68854,354.34195,505.2678,11.773936,287.14822,507.09058,-12.160942,358.164,637.2197,-72.512596,281.80856,638.10364,56.832317,377.67365,783.1683,80.16321,288.43484,734.04944,329.28644,377.04315,800.3454,89.860214,294.61142,736.1618,354.53754,377.76776,838.0368,-38.090553,294.3355,801.31934,272.60422
patada_beside
WhatsApp Image 2024-11-15 at 11.00.27 AM.jpeg,patada_beside,380.38162,418.98706,-723.2759,388.95184,410.7408,-738.2158,394.0896,409.47372,-738.1833,399.39,407.74487,-738.3056,374.39233,408.1212,-743.5072,369.57892,405.60318,-743.584,365.28506,403.27625,-743.77716,405.35602,391.7006,-650.3309,354.9769,389.14798,-668.8947,386.66434,418.39462,-672.8266,369.7824,415.40683,-678.9651,440.04324,377.14246,-418.3351,314.37793,398.84274,-540.31537,447.00415,408.7816,-140.18889,275.4152,526.1298,-539.26917,438.8437,477.71634,4.8818965,304.4612,660.6738,-601.3107,443.48502,493.75275,27.237597,292.3599,695.38354,-638.5736,438.9034,496.5176,-6.1272726,308.7927,699.3745,-668.1149,433.70377,490.86224,-1.8303895,317.50296,692.3462,-611.22815,379.43326,507.0358,16.45053,313.8648,504.91592,-16.7015,378.9226,638.35443,10.970707,311.71368,631.62524,146.65808,394.64633,772.93884,243.8554,295.22913,703.2146,553.1696,392.93762,787.292,259.19287,293.9035,702.8546,590.6317,395.7005,827.0096,91.29789,298.07236,763.0274,484.36743
patada_beside
WhatsApp Image 2024-11-15 at 11.01.01 AM (2).jpeg,patada_beside,364.4085,407.49573,510.2028,362.1919,399.4854,510.43475,359.08737,399.69315,510.40054,355.37903,399.74426,510.3516,369.22797,397.13293,489.0627,370.97238,395.8416,489.02933,373.1136,394.7966,488.68225,342.43088,398.38165,468.9046,364.94278,393.3519,372.60858,352.47278,411.62738,493.9691,359.19318,408.80145,465.6566,283.81363,428.1916,389.54654,358.6224,388.22668,208.45168,284.0815,486.82846,393.80692,384.08447,413.7222,97.145546,347.86316,539.82623,426.3369,409.90472,461.32794,90.17445,364.87357,543.32214,431.39136,416.3572,481.50146,102.49822,372.94308,539.94885,436.25037,411.97906,478.0636,113.17007,373.83926,525.5221,427.84302,408.15042,475.07645,98.385124,269.6865,586.0504,71.64155,349.62604,569.52936,-72.67675,288.5946,727.2448,174.9366,371.61765,766.6221,-155.69075,271.8521,837.2114,-26.034119,375.81543,983.2527,-447.6991,261.79358,858.87866,-49.712433,357.24573,1022.6947,-474.77182,278.70975,875.036,-61.383717,439.3819,986.1511,-539.1013
patada_beside
WhatsApp Image 2024-11-15 at 11.01.01 AM (3).jpeg,patada_beside,385.25925,416.35138,425.8889,382.1656,407.6693,436.22168,379.42584,407.3291,436.17276,376.9411,407.0073,436.11594,388.12164,404.90494,407.66428,389.44757,402.80212,407.6432,391.2002,400.92218,407.30035,360.90213,401.7135,442.9291,379.25314,395.50662,313.53662,372.1786,419.26813,427.88846,377.76007,415.88794,390.13953,289.0538,427.0781,386.67435,365.7693,385.89056,177.82379,311.1885,476.57437,432.9112,383.9538,414.5114,148.09087,378.72495,506.60995,487.29184,426.17975,470.77643,265.81955,398.60593,515.58594,495.51498,430.95288,491.56357,293.30228,404.3572,502.9979,493.34253,429.09723,486.8607,303.76108,398.498,503.6181,486.80283,424.85925,481.09778,277.2563,278.19852,566.16364,76.66239,353.0001,554.5918,-77.68759,278.93893,731.25055,133.4068,381.90814,762.4262,-109.40215,278.7341,866.45294,-186.86633,376.99036,993.53204,-470.0581,266.3965,891.5286,-221.21776,367.0605,1040.5579,-501.7064,283.80157,893.4049,-248.21396,441.64597,1001.9287,-558.52405
patada_beside
WhatsApp Image 2024-11-15 at 11.01.01 AM (4).jpeg,patada_beside,394.72537,418.5349,502.13562,390.82312,408.27942,501.67062,387.721,407.98364,501.6366,384.90756,407.85986,501.59024,397.99255,406.63373,478.76495,399.62717,405.23505,478.74872,401.57617,404.16797,478.40344,371.0772,403.64215,465.3146,392.34647,400.73135,362.50995,381.84738,421.95126,489.51404,389.4754,419.89075,459.27597,295.99533,407.0609,382.3855,396.4487,384.9041,210.69125,319.8777,459.4079,417.716,414.08545,432.9904,138.19652,399.45557,490.15945,466.75873,438.988,470.74854,174.65094,420.46286,501.20682,473.61755,440.20895,484.56403,193.804,417.24954,492.7572,478.14294,435.24866,478.17416,200.00218,413.20963,482.95993,468.71988,432.23087,475.00983,181.81833,281.65417,567.5377,71.3655,362.40027,559.568,-72.47126,284.91534,716.3685,166.44574,386.02585,748.6523,-112.96467,273.50906,776.3613,-103.14123,384.04465,983.1636,-463.2458,272.2372,838.71387,-131.3493,369.95923,1017.9919,-494.80988,283.02716,872.05536,-136.67007,445.22562,979.8813,-550.47284
patada_beside
WhatsApp Image 2024-11-15 at 11.01.01 AM (5).jpeg,patada_beside,385.64465,406.33224,509.97736,382.2061,396.14792,523.73724,379.28992,395.78876,523.71295,376.4973,395.40756,523.6833,388.56613,394.37164,496.19653,390.01093,392.8048,496.17065,391.64175,391.3292,495.84784,362.18695,391.77594,522.3021,381.02332,386.83133,397.9433,372.085,410.80826,506.48962,379.84097,407.89825,470.01263,288.2911,426.73602,446.07214,369.6373,388.9291,240.927,318.26794,462.8271,495.72986,400.66315,418.50336,221.71878,394.6827,482.19363,587.177,426.6133,460.66333,350.68387,415.84067,489.9771,601.95105,431.59027,477.9306,382.97614,415.30475,474.8922,605.99414,423.06735,471.66684,382.95633,407.30002,475.0081,589.9081,418.6929,466.50763,358.48862,277.54974,566.3874,75.93993,357.44193,553.5772,-77.088356,287.13077,705.9801,127.93497,384.15387,745.29535,-141.4143,292.1224,823.6996,-226.62712,378.70856,985.6615,-567.12946,282.02353,844.6885,-264.8148,371.09818,1025.1804,-606.9675,293.94696,858.40607,-276.62674,441.9114,987.7125,-665.2376
patada_beside
WhatsApp Image 2024-11-15 at 11.01.02 AM (1).jpeg,patada_beside,361.5397,418.81882,355.22946,359.7299,405.45212,354.98508,356.18668,403.56735,354.8965,352.66144,401.42847,354.85504,367.47998,406.29675,336.95944,369.10388,404.8749,337.00586,370.8192,403.31482,336.71906,340.43533,394.37677,308.72495,362.2092,397.85944,229.26154,348.50287,421.5182,338.06866,356.3498,423.50342,314.84778,263.70987,438.3223,237.57301,374.65637,426.22495,97.33068,267.3987,503.40927,277.18677,391.52985,500.69092,82.93983,346.45883,535.761,341.53033,396.177,521.00433,171.78761,360.96033,526.1999,357.27383,401.98264,533.04675,200.09195,363.35577,521.3393,362.78503,386.13773,529.3815,199.78543,351.1601,523.38904,345.99377,380.9863,528.7841,176.62811,251.66112,591.56287,70.95397,337.09372,578.38306,-72.15856,262.7237,684.5721,275.91827,363.7063,749.07074,-16.012945,254.20299,808.69574,-77.86583,370.79123,981.1168,-477.30655,242.04147,832.2034,-113.759834,352.9742,1016.03394,-517.0226,274.94553,860.82855,-113.69062,425.00705,989.0154,-550.3855
patada_beside
WhatsApp Image 2024-11-15 at 11.01.02 AM (2).jpeg,patada_beside,348.473,408.05212,471.26044,346.29538,398.30634,471.92426,342.85327,397.42142,471.83078,338.973,396.01273,471.79636,354.26675,397.4084,450.3781,356.21698,395.7531,450.32913,358.48648,393.73157,449.972,328.367,391.80576,429.17722,355.2353,388.25403,334.72067,337.47025,410.94223,455.60278,345.23605,410.75775,427.74817,256.36768,435.90234,331.59692,359.85434,389.8669,168.12828,265.83954,467.56085,338.20557,381.22626,423.01416,91.526764,342.23904,497.92572,385.9254,375.43005,482.05835,100.52825,358.80493,499.86053,401.79312,376.44653,490.45255,128.26956,357.15494,496.87054,415.42032,370.25723,491.7002,134.6778,350.24057,498.82874,393.35416,366.9971,490.65518,108.04258,221.52779,586.4385,67.29641,309.10132,567.26514,-68.68061,270.31857,677.0087,224.52641,352.2373,738.162,-20.443851,277.41748,825.0852,-406.36725,362.2638,975.5746,-692.4861,265.75366,854.0502,-470.69778,337.9644,1018.58264,-751.9058,278.57132,863.64355,-476.23785,426.59387,985.4547,-784.0634
patada_beside
WhatsApp Image 2024-11-15 at 11.01.02 AM.jpeg,patada_beside,347.96893,386.09277,437.09824,345.2632,376.30173,439.69327,341.72745,376.9251,439.65186,338.05246,377.537,439.65808,353.6754,373.91843,421.8766,355.9448,372.8506,421.8709,358.45462,372.00226,421.4721,328.44122,380.11996,395.15283,357.1702,374.97482,315.9618,337.07953,394.09622,417.81302,346.69547,390.7932,394.3579,266.03983,422.86914,300.1101,352.17416,386.1579,176.47945,269.54318,483.83698,322.0337,393.64435,427.28958,122.35111,313.04926,548.9407,388.94202,412.85367,468.94833,164.34506,321.329,566.46436,402.6971,418.2325,488.87112,189.09943,320.57645,552.294,411.36194,409.39847,489.3256,190.36064,325.53403,557.1903,394.9594,404.49127,478.90985,170.13799,257.02164,570.5649,57.932266,340.58206,553.709,-59.09729,277.2174,702.13416,115.19921,370.8023,747.6362,-85.388885,265.84583,820.72394,-205.67976,375.9027,984.2827,-492.208,256.92004,844.6051,-238.83199,367.51065,1027.4806,-529.8264,264.0226,855.1959,-258.20508,432.29974,983.4979,-592.3839
patada_beside
WhatsApp Image 2024-11-15 at 11.01.18 AM.jpeg,patada_beside,356.04834,501.6117,763.10693,359.51294,499.09653,800.5737,359.73862,499.9675,800.7398,359.9578,500.98212,800.79785,358.3608,495.18832,777.21027,357.6959,493.52643,777.1974,357.14194,491.73285,776.793,355.96674,500.50797,853.70276,351.416,488.73746,746.5193,351.41248,506.2175,773.13873,350.24744,502.0572,741.4842,323.8874,515.79663,786.1417,338.5056,470.68466,545.883,384.43,480.28906,873.1957,383.85226,425.3022,535.4651,407.49274,458.906,1049.3829,393.7694,431.44037,848.754,409.6093,454.3512,1065.7394,395.66724,431.6458,891.18024,402.05875,436.54572,1103.0885,394.0565,435.57907,897.93475,404.38422,448.7503,1062.5931,399.57434,448.87457,860.47485,280.4186,601.1897,86.84786,306.7566,582.7174,-87.67585,243.2919,734.5875,-96.95271,327.77985,727.7601,-303.58795,178.68513,860.0333,-498.1709,293.18726,852.21985,-689.1661,165.37347,876.03174,-549.557,274.58936,869.43634,-730.9786,188.49396,911.66675,-653.4881,302.25598,905.8118,-832.7681
patada_beside
WhatsApp Image 2024-11-15 at 11.01.19 AM (1).jpeg,patada_beside,340.89343,475.8578,830.1283,344.27722,474.02216,872.65356,344.978,475.24615,872.83234,345.6928,476.61163,872.9163,342.03604,469.9934,850.6408,340.9607,468.52844,850.67224,340.0214,466.95236,850.2596,342.5329,480.24414,939.7324,333.94766,467.9483,840.3419,337.3528,483.40204,844.5871,334.79483,479.18057,814.88855,315.8626,509.12308,881.40454,315.9437,465.52325,635.8432,356.7488,493.45557,965.6813,347.86182,428.2393,618.38025,385.64,462.53143,1137.5297,380.14636,435.41467,945.06934,394.6192,435.7688,1154.7281,395.43314,436.44202,985.9895,385.549,438.8913,1191.5817,388.43344,437.99484,1003.1346,386.15115,447.70624,1149.5531,385.36658,439.71893,959.7979,270.1447,594.75146,89.73224,285.2133,579.27075,-90.272354,226.41986,712.648,-250.30405,312.39398,719.77454,-426.3313,171.7726,851.48315,-661.69824,296.2105,847.21155,-824.91095,160.57335,861.22974,-717.4652,278.0476,872.0041,-871.6783,192.65819,897.60004,-832.0693,317.183,882.7033,-993.46686
patada_beside
WhatsApp Image 2024-11-15 at 11.01.19 AM.jpeg,patada_beside,339.44974,493.988,864.8418,339.5307,490.1751,892.8963,338.23773,490.25958,893.09424,336.94675,490.50146,893.21655,341.58554,487.9245,873.3535,342.05765,486.7251,873.3815,342.59558,485.43246,873.0484,330.2614,488.91373,905.5021,337.90732,482.585,815.9233,333.81805,496.56708,861.05646,336.1521,494.3509,834.89355,288.41693,497.8543,794.70514,348.208,473.2283,591.25146,348.8515,461.5076,821.1843,403.9547,452.12006,532.48376,374.5835,462.3078,928.954,408.38425,469.73172,723.78705,376.46017,460.08878,943.34344,416.0932,475.32245,759.74963,378.87323,461.4015,980.10516,409.50754,478.51285,772.5003,378.46707,461.1773,942.5881,406.95712,477.57074,736.931,237.3402,602.3465,73.88397,318.63977,597.6667,-75.17828,219.48036,738.4095,29.222307,338.07404,738.078,-187.78462,169.03468,863.7014,-602.1946,317.62027,843.28033,-755.63324,158.16136,878.1906,-677.48285,306.0093,848.18207,-814.77606,188.22063,903.4757,-774.3058,309.18674,911.7255,-887.2499
patada_beside
WhatsApp Image 2024-11-15 at 11.01.41 AM (2).jpeg,patada_beside,389.44696,322.0894,647.6074,388.76187,317.0061,655.466,385.53537,316.1581,655.57654,381.96167,315.1097,655.65125,397.22968,318.63315,637.3332,399.9978,318.9408,637.3157,402.78143,319.10016,637.1253,376.20596,316.42084,608.21533,406.44604,323.02078,527.18555,382.9611,327.48367,625.3686,391.78915,328.84003,602.0166,319.40466,350.98514,521.5234,422.85214,344.38605,330.36163,323.4682,427.72708,478.0281,439.3412,416.7503,259.14114,345.23172,498.5408,451.86685,451.16223,495.87064,346.2346,345.23178,514.4768,450.46832,457.2513,519.5541,355.70447,354.79227,517.1308,455.41327,453.44232,520.3134,365.00565,356.6946,511.5581,450.47253,450.06326,513.0141,354.35898,305.01346,487.63147,55.579613,372.2997,494.20325,-56.502537,280.14072,604.41425,-55.153828,378.86743,634.4008,-136.72543,261.43896,679.4343,-456.36584,369.8786,758.13873,-574.5697,262.9827,691.0132,-508.2844,367.02103,780.8993,-624.6457,244.05063,740.1367,-607.89307,373.2534,770.9961,-731.5707
patada_beside
WhatsApp Image 2024-11-15 at 11.01.41 AM (3).jpeg,patada_beside,308.25168,402.97278,80.014465,312.6754,393.9945,103.2363,316.25302,394.05328,103.1453,319.94205,394.20547,103.021255,303.36356,394.45084,105.194786,300.42755,394.80017,105.22544,297.62848,395.2262,105.18552,326.51312,401.74316,215.06007,295.7915,402.04208,223.73445,315.26636,413.96957,121.74936,305.0329,412.38528,123.5614,351.05026,475.22894,218.4173,263.2039,465.64062,260.9674,355.65213,520.0454,59.064228,252.6049,538.9988,207.25963,343.0803,545.0818,-191.53621,255.70622,609.6609,43.467667,337.58167,549.52765,-239.94041,252.98471,631.2806,10.640864,336.98468,544.525,-236.57579,258.33002,632.05896,-1.3947757,336.1838,542.9211,-196.7205,261.9351,623.58386,34.59389,332.89862,598.3265,-10.900433,275.19107,602.994,10.812559,343.74265,745.4707,-155.1145,267.4073,739.16077,-64.825485,364.58655,878.86774,-39.732468,247.96332,857.11194,98.47212,366.97928,893.9861,-33.732975,250.72833,871.1904,108.58108,360.3928,917.6014,-190.4632,231.89787,889.9368,-36.140297
patada_beside
WhatsApp Image 2024-11-15 at 11.01.41 AM (4).jpeg,patada_beside,311.2226,398.9411,161.57436,315.2457,389.22012,190.64299,318.80777,388.92856,190.52586,322.31693,388.74396,190.43037,305.64316,390.61813,192.47757,302.65652,391.2079,192.48697,299.8561,391.82208,192.4135,328.01846,394.67392,308.09412,298.51083,398.40488,318.65414,318.89017,408.76,204.49368,308.07706,408.853,206.47467,354.0291,470.4959,300.1513,270.8299,459.53616,342.8079,350.47647,517.7931,144.97116,251.53992,502.5642,354.1913,323.43494,480.95337,-22.856258,307.27808,540.7528,384.5766,316.073,472.52396,-51.391346,322.90256,553.7633,383.02124,319.07257,467.22473,-43.549244,322.5424,544.6205,385.965,318.95538,471.6257,-23.688301,316.1594,540.8068,387.78452,336.91183,599.15045,-19.643618,275.51797,597.5367,19.729057,338.26575,734.4055,-269.85367,267.19632,713.23975,-243.42094,364.21863,881.0574,-435.49142,252.84865,829.72253,-420.87357,369.34796,903.806,-462.16458,250.50464,878.10736,-447.2622,356.76346,916.8583,-638.2054,224.6916,875.8353,-614.608
patada_beside
WhatsApp Image 2024-11-15 at 11.01.41 AM (5).jpeg,patada_beside,315.72977,402.77664,164.22327,320.23373,394.42993,197.00497,323.76263,394.7006,196.92055,327.38104,394.96344,196.82837,311.06116,394.35858,194.53244,308.29434,394.6801,194.48955,305.57428,395.0692,194.4276,333.18365,401.75226,333.3208,303.00534,401.59546,321.86984,322.68512,413.65964,213.67108,312.6558,412.5745,209.27142,354.725,477.11365,339.22586,271.51764,463.5517,334.00204,353.66077,529.0875,214.58882,248.86183,495.14026,216.80916,334.5594,576.08966,56.131035,293.61407,507.04797,80.09002,329.59692,586.13,30.896969,305.67633,514.6241,52.874268,330.43246,581.9775,25.951061,308.0018,507.4317,65.251915,330.0782,578.4118,50.8394,303.26584,505.9311,82.31181,338.9438,604.38135,-8.753969,284.75064,603.1672,8.87263,343.77554,747.7001,-204.12885,269.44275,719.2765,-229.25435,367.16763,885.8881,-331.8212,252.65295,830.3018,-329.47336,371.54886,905.7755,-357.2261,247.38333,872.66504,-350.0834,360.88623,923.06494,-539.7218,228.30736,885.7694,-529.7843
patada_beside
WhatsApp Image 2024-11-15 at 11.01.41 AM (6).jpeg,patada_beside,310.1637,399.43274,227.066,313.53714,389.96704,260.071,316.61407,389.84906,260.0102,319.70602,389.71405,259.95444,306.04797,390.89697,258.13962,303.87405,391.4237,258.1497,301.72147,391.9693,258.03552,324.82257,396.46167,375.588,300.91312,398.09708,368.64844,316.14594,409.93454,267.8195,308.7608,410.2919,264.9342,348.56647,473.372,367.31827,275.0111,467.90466,362.10992,335.31253,549.9474,324.74982,270.7612,553.6193,312.01776,324.0568,606.4253,233.86813,298.6203,626.7009,255.23827,322.89648,622.9491,215.90366,306.12863,649.02954,234.15395,324.21503,624.3404,192.65994,306.79755,649.6512,222.56743,322.94815,618.7847,222.61035,304.98172,642.52234,250.85345,330.168,604.4022,-14.697838,287.11826,604.0723,14.599151,336.72638,745.48706,-300.2013,286.89267,729.50745,-297.32394,367.40564,881.5946,-553.12744,264.33182,859.0451,-635.9139,369.21396,902.7526,-593.0789,266.3165,889.8705,-681.7588,360.1563,912.20703,-774.8406,243.88176,869.86646,-862.5398
patada_beside
WhatsApp Image 2024-11-15 at 11.01.42 AM (1).jpeg,patada_beside,293.46106,469.45056,676.1288,297.18484,447.08704,686.2866,296.9856,447.7329,686.4036,296.8614,448.37997,686.3579,296.32516,461.25888,682.6159,297.9204,460.30756,682.5517,299.32434,459.02252,682.4061,296.75327,458.3249,668.9022,301.5598,469.69104,650.5266,299.51385,460.7226,666.1434,298.0876,472.87567,660.0957,284.22015,497.7221,594.4732,320.25385,501.01407,518.16864,312.06735,480.9872,730.606,321.65826,558.93866,607.779,301.27103,401.1554,1032.4796,305.66675,571.2062,875.7566,297.39966,386.67108,1081.6364,307.31998,573.1731,922.75665,297.33862,383.43567,1102.8975,303.4987,576.7412,917.37537,298.57974,386.75568,1047.5442,301.5231,574.9513,884.0523,283.44934,612.4372,12.759647,319.89243,601.2282,-12.973585,280.38312,743.37744,-124.978615,343.5051,758.12134,-151.16663,254.50926,848.963,-369.93134,369.07745,887.87225,-384.9906,287.8696,898.3438,-403.58698,370.40698,907.3376,-413.31647,238.33127,906.0806,-481.16702,366.63773,907.56805,-501.8167
patada_beside
WhatsApp Image 2024-11-15 at 11.01.42 AM (2).jpeg,patada_beside,308.51608,414.59488,212.81723,311.7882,405.04593,241.28412,314.35776,405.02386,241.14261,316.88226,405.00888,241.05202,305.07858,406.15143,241.66806,302.92813,406.89966,241.62837,300.78262,407.7679,241.53067,321.74893,412.776,338.078,300.91986,415.82025,342.22162,313.69934,425.5989,245.73296,306.5246,427.1849,245.55875,349.4921,485.5036,299.22156,271.38763,476.94778,338.2987,362.98807,550.3193,101.11927,265.37833,537.92664,261.48367,344.63382,555.29645,-131.06741,286.3315,565.7769,154.49048,340.69757,560.42303,-166.7659,292.91122,579.9794,137.6878,337.84604,554.59106,-157.03754,293.31967,571.9557,137.07692,336.21075,553.2948,-132.2996,291.87,567.6217,152.16821,325.0912,609.0936,-13.998044,280.56796,611.51685,13.886507,336.81635,753.261,-235.15613,270.17374,708.66223,-355.59348,361.61395,890.18494,-395.19998,252.79735,830.79443,-601.615,366.21887,908.29553,-421.5437,233.4363,874.2998,-632.8694,359.92252,921.51904,-590.649,235.38991,877.39795,-809.03296
patada_beside
WhatsApp Image 2024-11-15 at 11.01.42 AM.jpeg,patada_beside,306.07803,451.2364,418.6969,309.83365,447.7539,436.36218,311.83563,448.29922,436.38977,313.87524,448.87558,436.3839,304.19724,447.48718,432.98764,302.47043,447.78564,432.93582,300.80975,448.1093,432.7379,316.48135,458.77875,475.66367,298.68497,458.66745,459.82095,310.20618,461.852,431.74213,302.81366,461.1828,426.0493,314.6943,495.68027,420.0841,300.99146,506.09708,399.0776,330.55392,490.54794,520.1438,297.01852,574.5783,437.39676,316.13437,418.49884,736.25214,296.70703,633.4347,572.8612,305.19525,387.95386,769.6863,298.49243,652.5154,596.6938,305.34027,385.03607,783.4839,297.86136,656.9701,588.0872,308.06268,393.67233,745.63434,298.419,649.6531,575.0809,314.8223,609.00995,-4.7217965,301.85007,607.57574,4.597391,334.19513,742.2612,-192.30428,296.79468,732.66656,-207.42868,365.70453,887.8909,-326.56937,273.7337,875.1724,-349.7567,369.03033,904.86523,-348.88513,274.62448,902.66284,-369.96417,359.51312,914.2822,-474.85516,258.26874,899.89795,-497.33752
patada_beside
WhatsApp Image 2024-11-15 at 11.02.14 AM (3).jpeg,patada_beside,367.12177,463.5108,661.3127,368.72958,458.9132,696.89417,368.40823,459.74094,696.993,368.03754,460.66718,697.086,367.8202,454.84326,672.00037,366.9553,452.9097,671.96954,366.1249,451.02554,671.7583,358.13553,460.73853,762.7826,355.23135,448.677,646.8235,359.56445,470.17157,679.06854,357.93054,465.20126,645.27515,306.88733,483.1319,702.50183,345.93192,459.65607,470.2641,354.65814,485.39066,741.1045,389.37164,477.27197,403.86404,379.39243,475.0815,835.5679,416.92267,502.53998,581.5318,385.30005,477.5949,850.4236,429.97296,511.16986,618.3034,388.7,462.75912,877.0975,421.50705,512.9258,621.869,382.87122,475.08725,846.6097,415.4541,510.6034,592.7036,248.747,599.9943,76.55488,307.88907,590.788,-77.49577,214.0574,738.4762,32.002068,347.51584,722.7656,-179.64667,162.95944,867.9267,-413.6162,308.45697,840.87085,-557.82227,146.91557,888.5959,-469.3225,291.00427,849.2655,-597.58777,182.5288,906.23096,-560.5552,317.92487,902.79535,-657.93713
patada_beside
WhatsApp Image 2024-11-15 at 11.02.14 AM (4).jpeg,patada_beside,365.04443,467.6861,808.30597,361.54803,462.83386,830.73157,359.2755,462.8337,830.8955,356.98892,462.94366,831.07056,364.8005,460.44977,805.9915,365.14923,458.98315,806.0155,365.51895,457.5315,805.7173,345.47925,461.01303,836.78345,356.6333,454.6898,722.9237,356.9808,470.93713,804.6611,360.43912,468.45862,771.4754,295.06665,482.69717,730.7408,361.27908,457.78906,518.9085,340.3941,498.01913,738.78174,420.71808,469.01453,428.4161,367.26678,514.3179,758.75824,433.3705,474.64142,558.9814,371.10168,518.06793,757.534,444.96887,477.0473,581.39624,372.41202,515.3779,780.372,436.2317,478.40347,589.31335,372.32297,512.77356,765.0426,432.4601,478.6969,568.77264,240.67195,596.6886,73.89192,318.42227,597.80585,-75.02447,224.31725,722.64777,-2.2567284,327.10098,740.4096,-187.53937,170.2503,858.4645,-548.111,313.69388,848.8036,-705.601,156.51756,872.60657,-615.08264,304.3427,854.4638,-760.8068,185.4004,899.0714,-721.3105,306.24023,917.52527,-849.757
patada_beside
WhatsApp Image 2024-11-15 at 11.02.14 AM (5).jpeg,patada_beside,376.91284,449.72253,505.55142,383.04132,447.75177,552.6024,384.08752,449.48877,552.6025,385.13458,451.34576,552.6066,379.24942,442.04742,534.2548,377.8401,439.89386,534.15344,376.46182,437.7854,533.85065,379.6051,455.6045,668.01337,366.90152,437.51675,582.9809,365.02274,449.94632,538.79517,367.81934,443.65878,514.1277,344.58774,486.52185,618.36096,333.6198,457.47925,447.13974,420.25934,465.47675,593.5688,327.21768,482.7942,402.87506,423.6312,451.60538,719.6295,340.7629,523.23315,591.9065,422.2042,433.85284,733.68713,348.35056,535.30615,625.0831,413.96292,437.31082,765.682,342.31305,535.6739,632.06287,418.51987,452.11914,730.92804,339.01288,532.00366,602.45544,277.4348,594.96515,69.35397,294.28885,583.52057,-69.8064,216.22298,727.72186,-59.82474,342.96777,719.57697,-249.16391,177.3923,857.28485,-399.09537,312.58276,834.09094,-549.5198,160.86551,877.1488,-442.2425,297.93094,843.7133,-581.6277,203.84541,907.00836,-538.547,311.248,881.77527,-671.5954
patada_beside
WhatsApp Image 2024-11-15 at 11.02.15 AM.jpeg,patada_beside,370.0479,466.45673,599.69586,371.95715,465.10077,634.08026,372.48502,466.2832,634.1352,373.02283,467.55798,634.1313,369.3487,461.44965,618.2265,367.89316,460.21954,618.21857,377.59534,435.0205,617.8706,366.40387,471.18484,698.1989,367.3767,432.92633,626.17456,364.93195,473.89542,614.1341,359.6668,444.85297,592.464,343.79288,498.8186,629.13446,327.8824,468.37817,466.6261,385.45236,475.03754,722.2964,369.9246,454.08932,495.1091,410.6755,451.8436,917.0227,402.13858,443.75238,768.4079,414.0199,449.37402,939.1122,408.685,432.00806,802.6799,412.91632,450.193,952.945,400.92938,434.46777,799.1489,409.38123,449.15268,923.983,403.85492,449.6078,774.2857,299.14035,607.90405,57.660084,280.70108,586.6332,-58.159786,308.84155,731.49695,-176.13127,261.45425,730.9774,-266.3327,269.5699,852.7577,-337.52573,189.46056,855.4905,-458.38235,253.52615,869.6991,-360.0651,191.1525,876.24603,-479.77124,273.49817,894.4449,-441.35028,212.96008,907.22925,-582.2159
patada_beside
WhatsApp Image 2024-11-15 at 11.02.23 AM (2).jpeg,patada_beside,269.3754,541.0003,731.29083,255.70018,533.2572,734.51416,252.06201,533.532,734.6804,250.15424,534.0939,734.74835,273.6237,535.3551,725.64294,277.87766,533.9641,725.83624,282.00534,532.5602,725.6414,246.26404,538.96436,676.09955,289.63367,529.71204,633.105,268.41644,541.6134,706.2789,279.4253,539.7802,694.445,234.36885,544.7073,544.1827,357.32104,511.30325,430.78256,202.36873,619.93024,504.82498,408.1725,543.70734,293.679,226.33235,692.143,510.13412,433.9796,608.293,269.08307,227.85808,708.9547,499.0921,439.1508,615.0868,265.77682,240.66492,707.3602,520.9899,424.7518,614.9737,278.80917,243.331,699.7987,516.15607,418.3857,613.20435,274.252,252.93652,596.29565,56.824802,327.26422,601.7219,-57.681606,249.09613,723.1327,-24.189304,353.1605,730.07556,-218.20404,237.5655,831.3702,-354.08875,354.40958,878.928,-513.0801,232.06277,863.88904,-397.5008,348.946,898.19763,-550.8774,237.87952,885.5376,-456.53995,367.17245,912.8559,-634.48267
patada_beside
WhatsApp Image 2024-11-15 at 11.02.24 AM (1).jpeg,patada_beside,303.58868,695.9624,-206.35405,309.69736,698.4592,-230.45325,315.47687,697.31006,-230.34167,316.51056,684.1446,-230.32307,295.46094,698.3739,-234.92389,291.27386,697.16644,-234.74706,286.99496,697.92114,-234.62877,332.47205,681.95325,-252.17984,274.47968,687.40063,-271.62436,314.73953,686.15283,-203.77464,298.92783,685.7264,-209.66563,376.0906,660.50116,-133.94609,239.03029,665.8884,-171.14911,379.16354,733.5355,-9.258905,232.60374,722.1721,-44.921898,334.79242,773.30505,28.557373,267.00082,770.84656,52.60501,333.31024,807.1599,17.34246,266.59503,794.6753,42.44816,323.25027,773.2806,-3.5450716,281.62448,780.5683,20.744537,322.72748,773.6063,20.45725,291.24164,789.44586,45.622185,338.57016,543.26587,9.493754,259.52753,558.2553,-9.58645,348.16003,727.0094,2.05536,257.62885,733.3276,-13.1026745,308.43765,896.54224,126.06997,269.3404,878.1119,131.25975,327.54208,909.1946,133.87677,295.64795,911.87146,141.62329,337.11298,966.40137,25.640427,292.32523,946.07544,25.491556
patada_beside
WhatsApp Image 2024-11-15 at 11.02.24 AM (2).jpeg,patada_beside,291.64517,670.6067,-94.425964,305.0562,666.6034,-111.27571,310.50412,666.72473,-111.19357,315.9836,666.667,-111.22122,301.0574,681.11206,-118.322296,296.9544,680.22455,-118.22345,293.02097,679.6315,-118.19882,333.438,659.1318,-147.14998,280.39963,671.9984,-177.97047,301.02087,667.2976,-101.572556,301.3185,665.1934,-111.19383,365.473,646.7643,-83.1237,250.71936,650.12885,-92.50294,369.2005,694.2844,32.80108,252.75526,672.4479,44.15994,322.5208,733.22,126.356155,265.23935,735.0128,166.6343,315.9245,749.2025,131.64848,261.04034,756.3443,178.30891,303.26697,745.1238,122.78505,273.6329,746.4514,168.69746,319.02103,744.11206,124.63042,279.31155,743.06067,166.12181,335.11636,525.2672,-7.8260508,253.70969,544.57654,7.4001327,353.7293,719.22864,-22.0036,266.1443,730.1612,-3.541881,304.87982,876.426,55.42435,275.4213,880.9076,77.2262,283.60712,893.5717,58.684307,282.45557,901.0011,79.554695,298.78278,939.45496,-37.80115,269.4432,927.3435,-32.046474
patada_beside
WhatsApp Image 2024-11-15 at 11.02.24 AM (3).jpeg,patada_beside,304.77194,691.8106,342.71176,298.70877,692.5153,378.8324,295.66656,692.9596,378.73053,292.66718,693.22925,378.70847,318.38092,695.8725,386.5398,320.91702,695.26025,386.6129,323.12897,695.49347,386.45224,285.37375,684.88007,464.09708,329.82428,685.26526,501.42627,305.75583,685.0101,363.41534,317.13947,676.3272,373.8729,253.01132,669.51263,339.95642,347.0254,630.92017,422.3526,238.64388,772.83746,112.506805,364.63562,637.3325,204.83614,238.83098,826.83215,-29.366814,387.75293,652.2357,-19.361498,237.63097,840.0186,-60.88071,394.4207,651.718,-20.499744,247.3341,836.20557,-25.686075,391.57742,653.9379,-23.834831,250.19868,833.0654,-19.939936,382.4814,656.7512,-25.345955,268.10565,574.334,-28.266191,329.7501,563.093,27.003963,299.14496,750.0174,-34.44946,341.9947,741.2805,61.18711,290.25586,908.12256,-94.2515,347.75238,879.9047,-3.1971207,296.65375,917.3176,-105.51082,350.63916,891.8292,-12.92866,288.3662,944.3914,-199.36017,349.40756,936.0664,-107.919785
patada_beside
WhatsApp Image 2024-11-15 at 11.02.24 AM (4).jpeg,patada_beside,270.55527,547.7801,662.11127,262.45013,546.3384,663.6337,258.9117,546.8004,663.73486,255.47026,547.29706,663.75116,273.0333,543.78076,652.0648,276.57675,542.60815,652.21216,280.0454,541.4263,652.02264,251.15538,546.1583,614.49896,285.6612,538.0225,558.6444,268.89474,548.41394,642.97595,279.54724,546.2885,627.06177,229.62917,552.59143,496.18048,353.10803,516.1163,362.59732,201.78001,603.0407,397.10556,402.1984,557.7019,180.09723,228.12297,666.3915,302.35123,431.6875,605.37885,83.15719,231.85754,681.8737,275.9022,437.65146,616.55304,60.603676,241.73079,680.09717,294.8642,426.8138,614.1209,80.334305,244.04099,674.3336,303.93488,420.87686,611.333,88.93385,254.9276,601.89746,75.53031,315.0459,599.35034,-76.25356,259.45114,716.19415,79.02778,338.93796,736.99524,-156.95755,242.87651,838.44775,-19.662123,350.5023,869.12305,-231.53629,240.20349,856.26495,-36.982986,352.0549,894.8923,-247.44788,251.97813,861.6448,-72.27938,367.79462,877.04724,-333.28757
patada_beside
WhatsApp Image 2024-11-15 at 11.02.24 AM (5).jpeg,patada_beside,272.34015,536.49677,690.9904,264.06918,530.98615,691.9462,260.52707,533.6826,692.06726,256.34344,534.5006,692.123,272.91495,528.0735,684.9871,276.13437,526.80444,685.1827,282.4022,530.84204,685.02295,255.26991,534.02026,639.21216,289.80997,527.95215,605.66534,272.49216,541.9078,668.82806,281.46024,534.7993,659.2496,235.2112,543.88635,500.55295,349.8979,514.8287,423.42938,209.98817,585.3065,426.66473,403.37833,541.88354,297.63324,232.45703,628.71375,386.10046,416.01202,607.8252,272.07294,230.03818,637.44104,370.0541,422.03384,614.7436,271.48807,238.83774,645.86865,395.34164,409.47925,614.3236,282.7113,241.34648,640.0296,392.63416,403.717,612.73694,277.94235,252.60663,596.05286,36.82184,324.25418,600.63135,-37.693043,246.30446,720.5093,-60.816128,351.84555,732.48505,-193.07858,246.17764,834.9753,-363.1663,354.24414,875.2118,-465.86465,237.93254,863.4439,-401.7434,351.0758,894.53253,-500.99496,233.34406,875.48956,-449.19333,363.38223,894.03345,-575.0445
patada_beside
WhatsApp Image 2024-11-15 at 11.02.24 AM (6).jpeg,patada_beside,289.0102,542.401,716.0998,279.52252,536.14417,717.88666,274.59677,536.5757,718.0147,270.3451,537.1032,718.04443,289.69058,534.31946,708.17285,294.19968,532.54553,708.38513,298.01028,531.5084,708.21277,263.29126,537.3468,671.881,307.34894,537.0565,628.2397,285.28516,548.653,697.8495,298.17606,545.7211,685.3478,239.23949,547.0011,534.1619,366.81314,526.0923,442.72232,205.82954,599.1752,457.54697,413.4619,564.7983,307.37866,238.22278,649.22546,403.75253,409.7463,624.5478,270.6455,241.62248,659.1399,388.91635,419.1603,629.3735,268.88416,255.2963,659.1381,413.615,399.1778,628.62604,283.1169,256.94202,653.8007,410.11264,390.07104,624.52795,277.7979,254.36792,596.17773,39.64736,325.85294,604.1405,-40.42789,241.02313,724.6276,-65.70228,355.0491,738.03406,-185.06342,239.96748,843.7103,-429.14233,361.23087,894.1914,-536.3599,233.12868,877.19147,-474.38745,354.74176,915.58813,-580.46423,226.59358,893.95026,-525.3971,365.01715,923.9088,-662.73645
patada_beside
WhatsApp Image 2024-11-15 at 11.24.51 AM (1).jpeg,patada_beside,219.57733,488.64886,-44.578083,209.67712,472.12784,-68.578186,210.32469,468.57632,-68.552246,210.8505,465.01358,-68.52902,209.10692,475.12762,-26.773338,209.21469,473.873,-26.880608,209.11725,472.57767,-27.02416,226.21356,445.3992,-123.27114,221.92062,456.12534,61.380154,237.08939,483.19037,-62.63497,236.82272,488.26465,-9.032003,321.3896,431.01352,-215.1288,281.95267,504.6443,208.87874,445.621,459.07257,-274.98206,275.67044,600.6318,288.9986,567.43427,508.78067,-313.12042,257.46228,711.1161,221.7821,606.3944,510.87457,-343.68323,226.78096,724.173,229.86044,596.76935,532.7402,-356.07663,227.79865,723.8416,185.84895,585.02954,534.031,-317.3736,239.97853,718.9747,198.12225,510.37622,540.4343,-129.43776,478.02203,567.00055,129.41148,453.25574,693.29376,-229.92514,416.91626,702.9457,52.00801,629.8668,719.32526,-160.96048,443.60562,885.4587,3.9995317,661.93024,703.2207,-151.0746,464.19876,925.022,-3.4142663,664.01276,785.2609,-172.78789,399.5769,924.30817,-61.979664
patada_beside
WhatsApp Image 2024-11-15 at 11.24.51 AM.jpeg,patada_beside,222.7264,501.14337,-62.021225,211.1005,486.46625,-86.772934,211.42302,482.52383,-86.70234,211.57654,478.48343,-86.649055,210.21506,490.21576,-39.059338,209.8876,489.00864,-39.157494,209.46555,487.60715,-39.305073,221.31425,456.06888,-144.15825,218.30714,466.8841,63.925426,239.3148,493.5874,-79.000725,239.37444,499.3915,-18.16174,314.5332,440.7708,-247.23909,275.50317,505.28293,235.94534,440.22504,464.875,-312.93686,274.63348,602.13385,313.93805,568.2767,505.98175,-351.8807,253.48581,711.19025,224.5145,604.2841,511.75305,-390.23056,223.86235,725.8457,230.77179,596.4376,530.4304,-405.54605,226.62567,724.95734,184.15494,584.00397,530.7798,-356.6678,237.96793,719.69916,198.28226,501.63446,541.7656,-167.53206,470.1976,566.256,167.5573,378.2657,695.5984,-226.40515,516.32513,704.19055,114.336464,442.231,893.93787,-144.81705,656.8933,704.594,209.95284,470.36017,922.89246,-141.13179,682.756,694.4833,219.43678,377.46243,925.58167,-225.19658,688.83594,772.9103,170.30649
patada_beside
WhatsApp Image 2024-11-15 at 11.24.52 AM (1).jpeg,patada_beside,239.47899,495.60767,-46.089935,228.68832,481.61566,-67.48841,229.05771,478.13354,-67.44876,229.37054,474.44745,-67.41016,228.25046,485.41638,-26.10724,228.19254,484.8137,-26.2132,227.98027,484.1927,-26.361597,241.18552,454.1953,-110.99835,237.77873,467.54178,73.29835,255.53255,490.74826,-59.80674,255.15524,496.6427,-6.4718637,336.03738,438.31378,-209.44176,290.9207,510.07703,226.06067,456.84885,467.58163,-282.93643,286.91104,608.1028,306.0759,580.9612,514.506,-319.09766,267.19574,711.6294,231.50656,618.7681,515.6818,-349.20993,236.28708,724.3734,237.23212,610.0534,537.3862,-362.53455,235.27977,725.9762,194.394,599.2794,538.5051,-323.5898,247.49742,721.8763,207.75597,521.94183,545.5859,-137.32486,492.2762,572.0603,137.231,449.41275,714.4917,-224.64062,435.3628,712.09314,33.793533,634.7184,714.21094,-147.4989,456.45978,892.61597,-31.794222,652.4753,728.21716,-136.86679,478.0575,934.0875,-40.54679,649.84906,816.07965,-171.88225,386.84836,926.75165,-109.58566
patada_beside
WhatsApp Image 2024-11-15 at 11.24.52 AM.jpeg,patada_beside,232.59277,496.9107,-43.738934,222.08165,482.82596,-66.40854,222.52281,479.17102,-66.3764,222.8248,475.4828,-66.37764,221.31201,486.48544,-24.340645,221.15099,485.55966,-24.42106,220.84843,484.42377,-24.579857,234.14986,454.85123,-112.24327,231.28322,465.25165,75.27979,248.8539,490.964,-57.845795,248.46364,496.57477,-3.4054925,324.31073,436.82495,-216.54851,288.04703,509.0587,238.33977,448.6961,463.6714,-290.0581,286.8151,606.26215,314.17874,573.24036,505.6729,-330.6928,265.31842,711.1201,242.0795,609.08545,504.677,-363.8094,233.7066,725.799,250.78227,600.5028,527.8344,-372.77438,232.46588,727.0475,207.13458,588.75385,528.7159,-333.87744,244.36967,722.7496,217.84901,509.2767,541.9529,-148.23187,482.39413,566.2951,148.17654,443.864,712.8576,-234.80661,444.28757,709.069,96.414635,595.8902,772.6352,-159.22983,450.8962,885.8042,91.665665,630.0158,761.7323,-149.3508,478.3405,922.8488,89.22576,612.2613,854.89435,-181.82663,460.2914,938.18604,31.916656
patada_beside
WhatsApp Image 2024-11-15 at 11.24.53 AM (1).jpeg,patada_beside,264.66458,512.9171,-30.768822,251.04092,501.07263,-53.98527,250.69548,496.9964,-53.92665,250.28114,492.89566,-53.903336,251.02429,505.72543,-11.768695,250.5523,505.21942,-11.869426,250.02795,504.5995,-12.002891,255.20096,469.50244,-98.09422,253.20448,484.87756,90.501755,279.84512,503.722,-43.198185,280.34534,510.82727,11.065435,340.34293,436.7614,-186.80049,303.98438,510.8153,236.26515,465.3728,462.67426,-265.4926,296.9188,609.9981,306.18835,592.4722,516.7927,-309.73987,278.2458,716.9866,232.03844,628.595,522.94916,-342.66757,247.09267,733.1476,234.09825,620.5828,542.04,-354.11014,250.53319,732.7549,192.32227,608.771,542.62445,-311.98557,263.37177,726.83105,208.83572,528.06836,536.9309,-134.98784,504.86606,572.8857,134.7417,461.97968,705.7505,-254.00586,453.8527,737.33716,7.255334,671.0885,709.7159,-219.1301,459.80582,904.77344,-112.64435,690.43695,697.09296,-210.65392,481.1365,939.88617,-124.8614,700.315,771.5083,-243.15376,392.44366,933.5991,-192.78957
patada_beside
WhatsApp Image 2024-11-15 at 11.24.53 AM.jpeg,patada_beside,249.36613,496.63367,-74.99394,237.37637,482.50522,-93.22797,237.52939,478.14844,-93.19411,237.64189,473.55066,-93.13897,236.89244,488.32196,-56.072147,236.63051,488.30502,-56.178722,236.26775,488.19916,-56.295334,246.86174,454.46976,-118.081696,243.40738,473.5054,47.739544,265.8134,489.33752,-80.7684,264.81653,497.28854,-32.887417,341.04987,435.05225,-196.55592,293.15134,510.86633,195.92052,460.77313,464.56458,-262.59103,292.8705,604.95447,279.2919,586.2376,513.9551,-308.18423,272.6823,712.18146,203.63556,625.7965,514.6188,-337.79376,245.20844,724.9469,205.09436,614.7814,537.4387,-355.55673,244.55127,725.3003,162.6567,603.9823,539.15356,-314.46585,255.46916,721.0469,180.85951,522.8543,537.80676,-128.91501,486.67038,564.5539,128.77983,474.0643,690.09753,-215.08289,437.92865,709.8597,22.863123,648.3464,717.9341,-126.56569,460.14084,897.35706,-37.917976,676.26996,701.10284,-113.7057,479.29126,938.4236,-45.738346,685.2474,773.4636,-136.61261,388.0699,925.48517,-111.03238
patada_beside
WhatsApp Image 2024-11-15 at 11.24.54 AM (1).jpeg,patada_beside,251.48827,509.78122,-45.699783,239.94868,495.2494,-73.89904,240.31654,491.41312,-73.8713,240.56325,487.23538,-73.84094,239.4882,497.79984,-29.375574,239.41315,496.1409,-29.472157,239.20267,494.278,-29.617655,251.7307,462.73474,-142.18175,248.78508,472.28793,54.75784,268.6007,503.58203,-67.83668,269.2249,507.75024,-10.774471,348.99286,437.9683,-236.09853,304.76416,508.13736,200.92404,471.38226,468.78934,-297.28146,300.0708,601.36786,285.85834,597.7629,522.5391,-324.81958,283.1305,713.5566,219.80316,634.12933,524.32104,-358.72256,253.26646,729.2664,226.05464,625.6599,546.5758,-373.28366,255.50671,729.4652,180.25005,613.79834,546.87085,-329.30032,267.8727,724.3668,195.49324,541.6889,545.9966,-130.30809,505.28113,573.1898,130.24098,479.37262,715.1659,-207.57924,441.4357,711.39716,52.048817,652.3565,713.17084,-77.908615,471.4955,900.8563,11.775786,676.81555,707.00085,-60.644123,491.4789,940.8174,4.8672366,692.3195,785.4202,-68.44894,395.9869,934.2003,-52.89501
patada_beside
WhatsApp Image 2024-11-15 at 11.24.54 AM.jpeg,patada_beside,278.16904,515.2311,-84.93556,263.7608,505.43948,-112.101265,262.92715,501.60873,-112.01594,261.9435,497.5493,-111.99272,264.3136,510.1111,-70.88531,263.92474,509.64545,-70.98667,263.3403,509.1189,-71.13198,263.10025,474.91833,-162.59233,263.15482,491.06766,21.990751,290.58423,504.0614,-97.969574,291.29126,510.89474,-44.873955,346.21484,435.87723,-237.85574,308.22458,505.39392,174.07043,473.0412,460.42346,-297.85864,299.06448,604.67065,259.81296,605.8783,501.53418,-349.41925,280.2708,714.8706,194.16747,642.4646,502.89444,-386.25598,256.29364,732.6006,200.23126,633.0307,526.4296,-399.9395,256.20135,732.4811,150.86124,622.0016,527.2227,-353.2757,266.63138,725.9014,169.33572,536.498,533.0039,-135.06987,506.04376,567.46,134.75331,481.38358,690.27356,-210.50517,448.82617,710.2394,61.733856,669.7181,706.9341,-125.68586,465.67673,899.807,3.8789804,694.0112,684.0067,-111.24302,488.95486,929.7832,-2.133149,700.8759,764.46826,-122.49845,411.5826,933.37646,-59.839615
patada_beside
WhatsApp Image 2024-11-15 at 11.26.48 AM (1).jpeg,patada_beside,156.85428,531.68445,-65.696396,143.34132,523.23627,-91.96294,142.58765,519.5676,-91.860306,141.58597,515.25214,-91.79737,143.59573,526.0336,-47.380096,143.22438,524.84,-47.425587,142.73457,523.1955,-47.47734,143.91347,487.55527,-168.22708,142.92586,497.4272,28.333735,172.01152,520.76434,-89.9659,171.32617,523.9595,-32.280266,222.81041,446.24396,-255.53307,208.07213,506.28943,180.86537,333.15344,465.1065,-282.4879,207.27953,592.95355,284.37018,419.54324,553.6914,-297.48343,174.57138,690.97314,247.47142,443.61084,569.7951,-332.6099,148.96785,695.18427,261.9276,432.8266,584.8308,-332.1046,149.04887,695.7323,225.13937,424.62024,582.8407,-293.3118,159.57082,695.28107,228.08763,406.82712,535.45703,-143.48386,384.016,552.5577,143.59488,337.07693,692.85736,-205.49199,371.3476,691.93207,161.29921,410.55853,866.4789,-116.52442,510.83704,693.42114,305.46848,428.3996,856.67413,-106.818695,538.66425,669.65826,321.1852,352.56717,910.7152,-146.2185,541.48553,738.1164,307.78668
patada_beside
WhatsApp Image 2024-11-15 at 11.26.48 AM.jpeg,patada_beside,166.31393,541.93677,-124.38958,151.43343,535.05505,-151.63129,151.0246,532.0481,-151.5031,150.51984,528.4415,-151.44533,151.34756,536.91437,-108.7361,151.12259,535.66705,-108.80709,150.95596,534.039,-108.84662,151.48532,499.84723,-222.64487,151.56422,509.4307,-33.71935,181.94261,530.934,-145.2927,180.66806,532.6773,-89.97372,233.4636,456.40393,-285.93948,207.42012,505.98328,117.84128,347.37717,469.27402,-305.12115,210.20859,600.9718,250.1043,434.91705,554.003,-325.9471,175.8985,698.14465,244.0478,461.94107,570.94244,-361.449,150.89203,704.0913,261.8047,450.77084,583.5971,-366.4816,150.07603,704.4978,219.53873,441.3402,580.255,-324.3973,159.86728,703.3564,224.14482,408.392,551.60425,-138.02603,377.83142,564.6055,138.11137,342.26312,708.1934,-217.33734,376.1032,702.2564,185.1876,413.08246,874.04663,-150.83398,513.8081,697.76184,315.27255,446.7775,902.64075,-143.70857,539.5764,678.7829,329.9875,355.03726,919.47925,-182.52214,534.6213,749.42346,323.5924
patada_beside
WhatsApp Image 2024-11-15 at 11.26.49 AM (1).jpeg,patada_beside,197.06061,551.58765,-84.13551,181.69221,546.22327,-111.967896,178.55394,541.5836,-111.888535,175.20314,536.6076,-111.866394,184.77225,551.5218,-69.46078,184.41286,551.3882,-69.49561,184.14508,551.059,-69.560715,165.18657,513.14636,-183.01897,173.20148,526.8418,7.283601,203.63481,533.0845,-104.49107,206.4108,538.6095,-48.762352,231.94873,450.9915,-251.98918,219.44778,512.09973,153.30371,350.25638,468.58273,-279.85532,214.96112,606.99,258.39322,443.07483,542.72144,-316.85867,181.98695,703.6066,229.16444,473.0273,556.7931,-354.04633,155.95663,708.50397,245.8846,460.91257,572.5502,-354.08945,153.44499,708.7678,203.07477,451.04816,570.25006,-314.61282,163.6348,707.81836,208.14665,411.67538,549.66473,-143.14528,383.34772,566.71375,143.28159,347.71964,709.5035,-244.45097,375.4427,709.1092,168.31226,417.3334,877.2416,-184.57373,515.1658,701.6349,312.85452,452.42404,865.63306,-176.62859,539.8944,680.96765,329.72366,373.13132,926.96783,-222.34622,551.2849,751.06134,314.63382
patada_beside
WhatsApp Image 2024-11-15 at 11.26.50 AM.jpeg,patada_beside,185.94345,545.8046,-115.01201,166.88766,534.5853,-140.74393,164.20668,530.6581,-140.64168,161.94374,527.15985,-140.60138,171.74965,542.49365,-98.4238,171.79422,543.2942,-98.47721,171.8116,543.78595,-98.57724,158.92404,513.00183,-205.6841,165.95111,525.9748,-16.99883,189.17274,523.4189,-133.29991,193.43661,530.7826,-78.094696,231.70822,454.1217,-281.26874,209.74634,510.68356,135.61609,347.11972,463.18848,-308.38818,210.72307,600.6325,236.6069,441.05313,546.148,-342.28625,180.41771,703.0108,207.98271,469.22842,561.13245,-377.78305,156.57904,708.06244,225.59882,455.57877,576.8367,-382.79276,153.79337,709.9549,183.23764,444.8083,575.2651,-341.59402,164.37859,709.16187,187.39305,406.37192,552.8045,-151.0265,374.704,573.4829,151.08224,349.585,712.86316,-248.17322,384.40402,710.672,145.51572,416.78748,876.9176,-210.8944,515.2075,684.6557,280.04492,444.99902,907.6847,-208.53847,538.1772,674.8313,294.8714,355.0283,922.8496,-279.22162,535.73126,748.484,272.7091
patada_beside
WhatsApp Image 2024-11-15 at 11.26.51 AM.jpeg,patada_beside,186.15831,552.89417,-156.38632,169.89447,547.7887,-184.8622,168.05052,544.3765,-184.71497,166.15117,540.7156,-184.64478,171.16466,551.27594,-141.225,170.44101,550.7022,-141.2994,169.7823,549.9369,-141.37985,159.58633,517.2944,-256.61182,163.29028,525.81573,-61.646297,193.98341,536.87994,-176.86328,195.67513,540.37006,-120.00989,234.88031,455.9922,-321.67807,206.54018,494.76483,89.27779,354.20273,467.2525,-348.66766,210.97691,597.29474,197.68477,442.92407,542.87726,-392.3975,178.02666,695.162,183.39098,469.81592,558.4308,-429.13538,155.29137,702.92914,202.75781,458.03754,573.2244,-434.51065,153.77626,704.99634,159.09258,447.69016,571.0384,-393.00546,162.86212,703.7786,162.97154,403.4435,552.5309,-149.49922,370.8879,570.3843,149.5113,348.32172,710.7935,-238.64757,372.41003,702.3947,99.80543,418.93408,877.10095,-186.6752,523.85376,701.50507,210.91731,444.0585,901.0287,-182.64899,545.7525,683.20184,222.74373,355.91266,925.2722,-252.27959,559.5443,760.32526,191.29071
patada_beside
WhatsApp Image 2024-11-15 at 11.26.53 AM.jpeg,patada_beside,196.16997,549.5974,-88.32738,180.58524,543.1334,-116.441025,177.97466,538.7662,-116.37739,175.11522,533.87836,-116.368645,182.40633,546.8389,-73.96428,181.63939,545.7722,-74.00443,180.8141,544.23486,-74.0628,166.26996,508.91278,-188.42555,172.08434,520.4124,0.67418337,204.86534,532.84717,-108.88653,206.18265,536.7187,-53.569176,235.50923,447.8088,-255.9078,220.8209,508.9361,145.07697,354.09607,468.41306,-289.32736,215.5836,602.80566,253.59767,449.9042,543.508,-325.1673,182.49724,699.97015,231.73837,478.09424,556.63275,-361.28494,155.69667,705.7541,248.7339,465.28525,573.9367,-363.1914,154.36043,705.99695,207.60216,455.4789,572.96735,-323.63223,165.69853,705.3424,211.41933,418.81805,543.4623,-136.17444,387.57675,560.20526,136.35027,348.76407,702.5711,-223.95697,370.93192,690.9989,136.60313,418.42465,875.5189,-146.93222,508.00317,702.00134,249.59312,446.4649,896.58966,-137.38127,543.518,683.6727,262.66696,367.18497,922.9538,-172.5045,541.3018,752.8708,246.97644
patada_beside
WhatsApp Image 2024-11-15 at 11.28.41 AM (1).jpeg,patada_beside,211.77733,427.45325,-193.54031,203.81245,409.37573,-216.98021,205.39252,406.36594,-216.93721,207.07188,403.1117,-216.93454,202.4043,411.50323,-168.43797,202.74792,410.15152,-168.5901,203.00896,408.55222,-168.68767,227.31288,383.81467,-270.47998,220.43083,390.9099,-56.421177,230.19029,423.94577,-210.03207,228.38211,427.97318,-147.24738,332.50214,373.4552,-347.70215,278.3742,449.27808,117.27102,466.03812,377.45233,-396.56387,275.44672,559.7329,208.15475,545.2502,476.7832,-439.516,253.31387,672.5726,117.448135,573.1981,497.0052,-491.06436,236.09747,693.8235,116.01813,553.54224,509.25534,-500.27057,237.73354,695.75,65.17109,541.10986,505.9659,-441.4328,246.95027,689.468,90.063866,504.15085,525.11084,-160.14258,455.82663,541.79346,160.33234,429.41766,704.6315,-237.16322,419.87857,690.1403,159.4092,448.12057,883.0085,-160.96657,581.4761,701.75446,331.4632,471.67917,919.9348,-157.0751,615.09467,692.2936,348.27118,368.18512,920.1007,-258.6543,598.5905,763.871,321.5131
patada_beside
WhatsApp Image 2024-11-15 at 11.28.41 AM.jpeg,patada_beside,214.63763,431.6419,-160.63097,206.37129,415.1681,-186.28175,207.60156,411.72897,-186.2357,208.80888,408.1216,-186.20816,205.11443,417.47943,-137.53479,205.21414,415.92047,-137.67957,205.18378,414.06836,-137.79672,228.58177,386.70108,-247.54353,222.21097,393.86237,-33.84697,233.49756,427.089,-179.69507,232.2516,431.36902,-117.016205,334.05444,376.03485,-326.54004,281.4079,447.25012,136.34877,465.55157,382.32654,-372.67328,276.5908,553.93976,227.51329,535.8673,485.93756,-415.98932,254.6941,670.9092,135.62206,562.682,510.0113,-465.97467,238.12898,693.201,136.43143,544.2805,521.8261,-472.76895,240.98718,694.47314,86.647575,532.9278,516.4252,-416.67773,249.67435,688.7226,108.97488,504.3007,523.52167,-155.37413,458.70053,539.7279,155.53853,433.8928,706.0632,-225.71587,425.4432,695.3273,172.17126,453.7182,879.6559,-158.17697,584.0152,697.2037,355.38028,474.38278,911.8458,-155.11536,615.2576,685.4644,373.95642,375.12903,918.73914,-255.89838,609.51306,752.8312,350.1817
patada_beside
WhatsApp Image 2024-11-15 at 11.28.42 AM (1).jpeg,patada_beside,222.625,439.13324,-153.3147,213.56625,423.12625,-179.31902,214.69757,419.8709,-179.27734,215.9745,416.33582,-179.247,212.30916,425.31323,-129.1518,212.40761,423.70377,-129.27754,212.54753,421.89102,-129.38138,233.69536,394.7043,-239.8557,226.86133,401.79126,-18.780882,240.9716,435.10605,-171.59398,239.48813,439.21628,-106.87884,332.10416,384.33246,-329.9927,282.40738,452.13284,158.34024,461.34442,393.75058,-392.4329,278.94058,558.2021,251.73242,532.2239,496.93475,-433.36768,255.1607,675.77466,159.45357,557.26654,522.0123,-483.40668,239.39705,700.27246,163.02287,538.50287,532.54626,-486.33813,241.82121,701.5382,111.75542,528.0458,526.75696,-432.77094,250.27469,695.6231,131.74263,505.62607,529.31213,-165.1732,463.0106,547.2989,165.32878,433.48132,711.2632,-234.9779,431.3848,700.12335,175.57683,452.03763,891.86597,-162.74237,585.21344,708.7295,347.37808,474.25104,922.2661,-159.43694,619.32825,694.78424,364.5726,373.59033,925.79297,-265.02936,606.63965,762.3729,337.26898
patada_beside
WhatsApp Image 2024-11-15 at 11.28.43 AM (1).jpeg,patada_beside,220.23817,431.4725,-142.06601,212.32822,415.07605,-165.73428,213.63661,411.68817,-165.71375,214.9992,408.1009,-165.70178,211.21225,417.46506,-118.479645,211.62015,415.9825,-118.607315,211.9647,414.19357,-118.709076,234.48558,386.9849,-222.30981,228.26126,394.0961,-14.202925,240.6476,427.8092,-159.41351,238.95468,431.36267,-98.41043,333.2959,380.08514,-309.42352,285.3471,447.6643,155.22,463.77698,389.6585,-366.39395,278.09756,560.5316,243.64265,536.68744,493.80307,-408.9557,255.59842,673.8232,152.87985,562.0354,518.3887,-456.13748,239.33081,695.82947,155.29214,543.35944,528.83826,-461.4972,240.82074,696.38947,105.45116,532.6272,523.34485,-409.1215,249.05836,690.34924,125.7699,507.14062,525.0925,-158.96503,463.0243,542.663,159.15529,435.7335,707.15015,-224.13914,437.15045,691.1979,208.65112,448.9635,885.79047,-154.83446,588.2987,688.6762,395.52283,475.45334,921.0859,-151.6171,626.6554,672.49146,414.65057,371.19928,920.9253,-253.14972,614.1656,745.22473,391.54724
patada_beside
WhatsApp Image 2024-11-15 at 11.28.43 AM.jpeg,patada_beside,217.02736,439.3317,-120.44244,207.99168,422.144,-140.81352,209.34644,418.74884,-140.77034,210.76622,415.11816,-140.74438,206.98062,424.14413,-98.344215,207.469,422.55435,-98.48894,207.9161,420.68832,-98.59211,228.94867,392.53198,-186.9064,222.98369,399.47357,-1.3126835,236.66519,435.91205,-134.17366,235.10347,438.612,-79.657326,331.22763,384.24777,-258.52036,289.34497,452.35443,151.04526,466.54214,393.70844,-295.77432,276.81702,569.9197,240.57962,532.5129,499.42615,-335.19257,254.38985,683.4192,159.10576,558.0347,525.861,-375.60428,237.6985,705.4204,158.19843,537.83527,535.122,-383.31628,240.27368,705.0287,113.24648,526.9568,528.6373,-335.94366,248.75594,698.22687,134.28578,512.00214,526.11096,-141.00037,470.71997,541.2352,141.16496,433.62015,703.7733,-193.85893,438.43637,689.49896,192.08675,448.38776,887.02405,-122.51712,586.65656,681.6979,373.95367,468.62637,921.6826,-118.62461,616.7867,679.7339,393.19205,373.56757,920.1842,-209.89447,595.9584,741.7847,375.90146
patada_beside
WhatsApp Image 2024-11-15 at 11.28.44 AM (1).jpeg,patada_beside,222.31696,437.6925,-134.37614,214.42355,421.0451,-157.89728,215.72502,417.63553,-157.85286,216.95435,414.15298,-157.79736,212.99748,423.61295,-110.85853,213.11653,422.19785,-110.99226,213.12492,420.43976,-111.12982,236.16986,393.9398,-214.51039,230.04135,400.27356,-8.783123,240.57797,433.68683,-152.06488,239.15013,437.99597,-91.68397,336.1516,383.71762,-298.5182,284.53793,454.0675,153.9214,464.8739,398.79623,-349.33972,279.22528,558.18835,242.35165,532.6051,503.21457,-405.65897,255.90639,675.3751,157.55899,556.2536,527.3673,-455.3763,239.45882,697.43726,159.76888,536.48413,537.96155,-461.0534,241.68228,698.2733,111.15201,526.85785,532.73065,-406.7294,250.73102,692.62585,131.5004,508.38406,528.0406,-151.7497,460.51962,543.24927,151.88629,436.35162,711.2873,-228.85545,429.56036,699.6765,125.5796,449.60764,890.8595,-166.52501,576.48883,711.7048,275.85623,467.83905,924.041,-164.40767,611.16455,698.7781,290.11008,368.61475,925.3484,-270.5005,596.5901,775.17834,256.5065
patada_beside
WhatsApp Image 2024-11-15 at 11.28.44 AM.jpeg,patada_beside,224.15475,432.92242,-167.04718,216.87895,415.76523,-187.62978,218.24425,412.6718,-187.57211,219.72467,409.35287,-187.50473,215.87624,417.93207,-143.71907,216.37225,416.52625,-143.83408,216.89014,414.8261,-143.91084,240.89886,389.19815,-227.42334,234.09645,395.84387,-33.633385,243.70135,431.18536,-178.8749,242.56322,434.66858,-122.01959,338.49393,380.5982,-304.04865,293.12836,458.4502,131.12189,464.80383,395.09552,-355.9922,285.11487,565.6697,216.84021,530.1578,494.01154,-409.1911,255.62814,675.9667,130.50414,558.4648,519.69836,-451.37686,241.71803,701.2281,129.15782,539.04,529.6013,-459.95096,241.89445,700.9716,85.18493,528.0063,524.4307,-411.68317,249.36867,693.3881,105.73718,519.5234,519.1926,-147.51315,472.83466,552.8321,147.5507,441.8433,702.2377,-250.22792,426.21133,697.4739,90.07558,459.34018,875.8609,-175.73604,574.44006,712.0681,206.2413,545.8935,859.55945,-170.46317,599.8448,703.766,216.38385,477.9569,931.10266,-278.10852,597.264,751.8444,176.78745
patada_beside
WhatsApp Image 2024-11-15 at 11.31.14 AM.jpeg,patada_beside,491.7266,517.9856,-14.996246,504.4722,506.74866,9.717069,504.70435,504.79077,9.639382,504.99594,502.50848,9.637447,503.52304,504.86954,-40.238064,503.08722,501.80304,-40.23441,502.7224,498.6258,-40.27147,497.40265,482.64264,111.84212,494.7771,480.63538,-116.19541,477.2616,513.2534,26.050089,475.45862,510.7937,-40.142117,432.12036,472.63687,228.9076,422.73215,451.9424,-206.5109,425.08334,562.04724,302.129,300.69028,449.16528,-307.1143,433.37967,659.12933,219.4406,206.22046,507.47247,-340.51324,452.8519,675.13245,224.2039,178.69168,511.02625,-371.35773,457.4461,675.02075,185.33,185.81374,527.24316,-373.30368,447.77002,671.22656,199.69669,194.43033,527.58234,-338.54184,258.90027,514.14777,144.01245,237.91907,513.1605,-143.91306,262.04575,667.444,180.4961,290.7483,672.17346,-125.80953,113.2776,645.06067,251.87395,224.18346,811.71014,-40.080265,83.18579,619.22986,256.63144,197.70004,828.6172,-31.844486,86.54302,692.0875,231.14305,279.29745,854.85974,-73.17246
patada_beside
WhatsApp Image 2024-11-15 at 11.31.15 AM.jpeg,patada_beside,479.20175,522.1245,-53.339287,492.75665,513.0149,-28.593548,493.06158,511.21426,-28.666498,493.3928,509.09784,-28.67144,492.16852,510.78458,-78.39946,492.0676,507.6435,-78.42122,492.0085,504.35333,-78.45869,488.7662,489.59457,76.139084,487.56577,487.0274,-151.39159,465.01242,515.8227,-11.219222,464.20786,512.7333,-77.308495,432.72202,487.0148,195.62672,415.9829,455.2466,-232.57118,431.0286,576.65857,255.17827,296.11758,448.82938,-333.2212,434.94644,670.1608,150.93323,198.5241,508.32288,-364.1202,455.8462,683.067,153.00375,172.23503,514.33704,-397.67087,458.07916,683.25793,109.82739,178.62514,529.6563,-396.76788,448.33438,680.31665,129.08118,187.4377,528.1771,-361.1265,256.02927,516.52295,146.9442,231.00531,510.7694,-146.84367,260.85883,663.3872,188.15585,287.78647,669.67926,-129.01746,112.26548,643.49915,277.88773,229.19452,811.9867,-45.00943,81.19626,621.7266,283.49637,202.62401,831.3856,-37.905163,80.976494,692.05286,253.9505,276.71887,858.89465,-85.90343
patada_beside
WhatsApp Image 2024-11-15 at 11.31.16 AM.jpeg,patada_beside,470.63263,525.7434,-9.287002,482.8913,518.25555,14.818031,483.17725,516.4387,14.733996,483.49783,514.16254,14.728209,482.10648,516.3854,-33.890694,481.90903,513.4368,-33.872215,481.75787,509.98642,-33.909847,479.43488,491.9903,115.22974,477.76385,489.27692,-108.42506,458.10324,519.4365,31.012558,456.98032,516.46497,-33.892376,417.7961,483.57,229.64568,411.86783,454.67706,-198.44545,414.96118,575.2892,286.4284,293.53006,455.3618,-287.41245,426.78238,669.7423,198.04552,194.63327,511.8775,-316.76727,447.1197,680.5099,199.91823,168.76672,515.10583,-346.44867,449.55804,679.9336,162.50764,174.35612,530.0922,-351.3627,439.7419,677.13367,178.66362,182.57112,531.30426,-315.9833,244.4793,528.9042,142.53813,230.27823,508.83887,-142.52069,241.98259,670.947,176.38217,285.0778,670.74744,-123.079384,96.58166,649.93555,233.07072,215.90765,813.4794,-48.465527,63.19733,617.77515,237.01982,187.16664,836.6065,-40.855648,59.943703,698.5393,211.72519,268.922,860.3421,-83.54251
patada_beside
WhatsApp Image 2024-11-15 at 11.31.20 AM.jpeg,patada_beside,466.07556,533.4509,-28.931604,479.27744,524.39734,-4.7646136,479.62,522.6183,-4.849319,479.99292,520.4333,-4.8703194,478.76358,522.34705,-53.231945,478.73212,519.24365,-53.220654,478.68762,515.6774,-53.231716,476.0581,499.8864,101.74553,474.26993,496.68158,-121.4199,452.13016,527.39307,13.232645,451.04114,524.56714,-51.547718,418.3665,494.112,220.11537,404.0351,463.48846,-205.24352,411.5053,584.8311,288.0589,286.29587,459.58673,-316.72815,417.79938,680.3934,195.4253,191.42192,515.0498,-369.80127,442.29016,691.33154,193.8576,164.94275,517.25195,-404.67072,445.10284,690.59357,154.42145,170.90279,533.04175,-409.18445,434.1914,688.3448,174.91946,179.04558,533.78937,-369.89032,245.79991,528.91455,141.48347,218.87149,522.04474,-141.45155,260.9329,682.4365,172.17978,270.09546,685.8833,-151.13731,114.29517,671.83215,227.34007,178.63606,763.7499,-59.789207,100.72904,697.70935,229.33621,148.06984,763.6456,-48.489147,103.430046,781.56934,196.71875,174.62157,825.2996,-79.9679
patada_beside
WhatsApp Image 2024-11-15 at 11.31.22 AM.jpeg,patada_beside,473.01212,511.05017,-36.359653,484.32944,498.8574,-11.68746,484.60336,497.40424,-11.781612,484.77988,495.70493,-11.807761,483.3293,497.2618,-59.516632,482.8189,494.8755,-59.545822,482.2302,492.36282,-59.58166,474.98273,479.16406,90.83123,472.5267,478.03113,-126.51098,459.10733,510.76157,4.8121123,457.4151,508.56796,-58.2978,414.15097,490.82153,208.3482,395.14453,462.2464,-207.08313,413.46198,583.6333,253.67299,279.49222,457.39987,-303.6219,419.5681,674.7799,144.03188,182.32841,505.15216,-328.86472,441.91055,686.86304,147.10855,154.9308,508.40543,-358.82697,443.9138,686.1496,107.72549,161.57683,523.0413,-360.74844,436.52072,683.91046,123.567276,170.61618,523.7078,-327.32465,230.40448,524.68695,143.67192,212.51256,522.3074,-143.55351,217.57455,668.8867,189.75507,267.2581,680.27966,-116.77009,87.95235,652.3948,276.46786,211.3076,824.76184,-31.242825,57.569958,632.0881,282.57214,183.72617,846.88855,-25.40838,58.680523,703.4742,257.57272,271.43896,863.767,-75.35442
patada_beside
IMG_20241115_102809 (1).jpg,patada_from,241.73697,680.38684,-139.0063,237.20741,661.45746,-138.76805,240.12764,657.5831,-138.73964,243.31918,653.4015,-138.79082,231.32104,668.12756,-119.27502,230.10461,668.9221,-119.382935,228.74876,669.5322,-119.58727,257.17957,643.14703,-92.440094,235.96393,663.9088,-7.736639,258.67334,678.3768,-118.23796,250.61171,686.68286,-93.77069,339.03098,651.9358,-154.81372,275.8202,715.6188,111.845856,399.37915,738.13116,-292.2777,281.73325,824.3493,76.072075,285.01898,741.8021,-346.46243,235.67067,910.9042,-100.21676,259.14764,740.2412,-378.0565,235.09253,937.5525,-127.9927,251.40886,731.01526,-369.38687,233.56339,926.5968,-154.10321,263.8096,730.6835,-344.6833,242.34683,914.475,-120.49392,503.9601,734.94385,-98.88983,460.02884,775.24286,99.0067,446.63733,886.3135,-262.84918,462.37164,935.8533,-166.47174,460.94342,1103.3723,-328.43192,648.8882,984.3694,-217.25555,484.46167,1133.5953,-335.67487,677.2598,969.42566,-225.07433,403.3696,1169.4824,-445.659,672.05054,1046.5355,-326.54626
patada_from
IMG_20241115_102809.jpg,patada_from,246.92442,676.5986,-164.74538,240.65166,659.73364,-163.54582,243.34859,656.00366,-163.52533,246.27925,652.035,-163.55298,234.83345,666.4413,-143.8062,233.42049,667.40247,-143.92621,231.85239,668.261,-144.14091,257.3863,643.0447,-105.162155,237.19293,663.6838,-18.997437,262.78247,673.91895,-138.44263,254.86305,682.4407,-113.59226,339.57327,647.6404,-153.19525,271.74142,713.3584,118.23755,389.78784,736.49744,-300.65436,277.82214,818.63745,141.30234,281.14066,732.7558,-391.09134,252.33946,898.99084,19.391933,258.13364,736.64746,-426.4457,245.83722,928.05634,-0.8333782,253.88426,725.17365,-420.3706,246.54488,919.14215,-31.277315,261.21118,722.6926,-390.99796,254.27966,907.42017,-0.16754127,504.40222,734.2396,-99.295944,456.2472,776.26276,99.438255,448.04657,885.67834,-285.99982,495.24,894.39905,-235.16591,459.90726,1101.6969,-352.2166,651.0583,970.71497,-293.2833,477.00378,1124.818,-359.767,673.6872,968.404,-302.01395,414.26624,1164.3276,-485.07547,671.74536,1038.9484,-429.11203
patada_from
IMG_20241115_102810 (1).jpg,patada_from,247.56296,685.2487,-145.98285,245.5869,667.0743,-142.6994,248.7715,663.56665,-142.70108,252.18481,659.76996,-142.7528,239.23918,672.76965,-123.90907,237.80415,673.40027,-123.999084,236.2499,673.83276,-124.18176,268.9157,648.9469,-90.685715,247.07314,664.4852,-7.5128613,265.96198,684.794,-124.144936,257.66745,692.3835,-100.128204,350.7893,654.1578,-145.734,291.00653,713.7296,99.032486,404.06375,746.2585,-311.09338,297.58237,822.36444,25.53477,291.675,738.66125,-388.72278,258.63107,868.49036,-197.70802,270.25214,738.4563,-425.94836,251.25911,887.7117,-239.99269,266.8872,728.9861,-419.86597,251.01843,873.5141,-253.72871,274.5375,727.9407,-388.65045,259.17902,865.599,-214.04114,513.8795,740.2621,-83.10405,466.08423,782.35236,83.36643,464.13025,890.2884,-228.43372,445.22113,936.6397,-195.28088,464.71198,1116.3955,-312.78882,587.2997,1056.985,-318.28812,478.82358,1144.4233,-322.66937,621.49023,1071.1766,-333.77075,406.00293,1171.7743,-445.9758,580.8446,1130.9852,-460.75592
patada_from
IMG_20241115_102810.jpg,patada_from,257.20462,682.34125,-183.6267,253.77335,664.0485,-185.60378,257.09573,660.63837,-185.5988,260.66898,656.9644,-185.65437,246.71938,668.6591,-163.63081,244.98059,668.7638,-163.74814,243.14668,668.7491,-163.97246,273.53033,647.3035,-137.42303,250.0307,662.4022,-40.77082,272.52524,682.1243,-160.8458,263.9259,688.6295,-132.98196,349.01743,651.7292,-181.70775,280.06412,705.8065,102.59701,409.63928,744.6959,-299.31406,286.32812,819.08026,127.69658,298.7946,741.2048,-356.47223,254.85204,897.08704,-4.7306523,274.09485,745.8972,-391.59302,246.65349,924.2494,-27.216698,268.66788,733.7455,-385.91983,247.16359,915.0547,-58.62559,279.16763,732.86957,-355.82425,255.55566,904.4428,-25.25232,512.21436,738.8541,-100.39752,467.5658,775.78625,100.6349,447.7677,896.45026,-277.66034,505.3654,895.79395,-195.75287,462.8933,1115.1506,-351.44727,641.8888,1001.4953,-269.93164,482.41772,1143.669,-359.54782,671.3132,981.8622,-280.07315,409.78842,1167.8904,-484.34482,662.67285,1060.311,-401.4683
patada_from
IMG_20241115_102811 (1).jpg,patada_from,254.8884,692.162,-193.41548,250.33849,674.35394,-191.50516,253.42563,670.5205,-191.5076,256.6477,666.4613,-191.53436,243.71538,681.5036,-171.06396,242.34573,682.4977,-171.15948,240.83917,683.3092,-171.34225,270.17554,655.1773,-138.9483,248.8687,674.7974,-46.403137,273.51562,690.4188,-170.44946,265.2832,698.77045,-143.52414,355.71323,657.4508,-184.10208,292.42117,723.13306,81.58127,404.84637,753.45776,-327.7205,305.9485,829.41125,101.005714,295.7293,745.57684,-393.29468,278.78113,887.68274,-31.33446,272.516,746.3297,-429.29718,271.96152,909.4915,-59.637444,268.61972,737.8917,-424.66498,271.4598,898.83057,-84.4979,278.61374,736.93445,-394.0877,279.1825,889.8539,-49.583214,519.798,747.0203,-92.852455,471.83914,787.04095,93.173645,476.07196,905.7809,-256.23984,441.92804,943.3664,-175.08928,481.51355,1126.2681,-338.42242,503.5876,1093.6825,-284.73117,504.45078,1150.1134,-349.69193,579.2759,1089.4675,-298.58725,427.0816,1171.9692,-486.30887,522.11505,1143.4501,-420.60828
patada_from
IMG_20241115_102811 (2).jpg,patada_from,259.684,702.72394,-152.74568,255.06346,685.1502,-143.00696,259.29343,681.0951,-143.06786,263.8183,676.82495,-143.19926,245.53972,693.0448,-131.12473,243.22517,694.4994,-131.14807,240.92943,695.8599,-131.29176,276.81873,668.06067,-59.029556,244.91504,692.8181,-8.288517,279.79782,701.2446,-117.964294,268.6584,712.0975,-103.34142,351.26215,674.8828,-112.15657,286.30463,739.4807,131.09724,413.02975,777.9468,-272.532,323.73392,827.8003,107.63412,293.24606,760.4699,-354.9158,320.24597,835.68835,-52.139095,267.87888,763.75793,-387.75903,322.43503,843.68134,-78.144516,265.03906,752.0337,-383.13644,322.37585,829.53784,-80.41272,275.25455,750.25446,-354.911,326.89575,824.6836,-59.920795,515.8388,757.74054,-83.06527,468.50073,800.55164,83.60557,461.98633,910.85876,-218.18494,453.047,945.2249,-213.64236,472.5924,1142.6213,-331.85437,599.19714,1059.5378,-339.7023,490.289,1173.1492,-342.68912,632.97,1071.8098,-353.07852,420.46338,1203.9178,-446.40927,594.9171,1131.2717,-460.48117
patada_from
IMG_20241115_102811.jpg,patada_from,252.91472,687.53424,-137.36165,248.96782,669.68994,-133.59349,252.16708,665.7657,-133.58969,255.44772,661.752,-133.59511,242.4916,676.8036,-114.85822,241.10802,677.9408,-114.935,239.60742,678.82635,-115.08567,269.77805,651.4165,-79.36532,248.04294,670.8947,4.113699,272.38174,685.66345,-114.955894,263.997,694.6821,-90.68648,352.6453,656.40076,-140.48665,293.89017,722.9816,118.79701,399.37448,747.5882,-306.80408,300.41522,822.38275,78.1002,295.4312,743.2037,-382.75998,255.66391,868.5029,-114.04356,271.905,745.561,-415.24496,243.58075,887.1099,-150.64192,268.39346,735.2878,-410.81454,243.92322,875.2854,-163.43144,278.926,734.52075,-383.30814,254.02626,867.16907,-129.32034,518.19617,746.8613,-87.07938,470.65176,789.7507,87.36217,489.76114,910.4591,-205.77715,442.30142,945.43823,-174.04332,483.37564,1115.5919,-277.41385,561.0954,1061.5446,-255.98567,538.92377,1110.2833,-287.22897,593.8938,1074.9253,-267.08923,485.52902,1170.4011,-411.0841,543.53,1136.2053,-377.1185
patada_from
IMG_20241115_102812.jpg,patada_from,261.96533,724.8554,-117.257034,254.85165,708.5276,-115.394615,257.74835,704.6853,-115.414444,260.93536,700.6367,-115.52316,248.71277,714.1949,-97.88985,247.27307,714.4119,-97.93231,245.71144,714.7,-98.10772,275.65524,686.68976,-69.53805,251.3766,708.91876,7.817261,280.37494,721.1151,-97.602005,273.1513,729.19244,-75.22756,358.47797,687.2438,-130.76654,294.83124,749.8504,100.97753,421.99112,785.4834,-294.25098,300.0097,849.36615,39.016113,308.28638,772.42523,-361.30133,251.30952,892.9707,-148.46759,268.56494,773.0456,-393.87982,241.65903,910.2764,-184.33528,268.83917,760.36743,-384.5099,239.43752,897.5251,-198.94461,273.3205,763.8275,-360.0661,249.01382,891.14246,-164.9342,523.11255,773.80444,-83.536285,477.82126,812.36975,83.850204,458.11203,923.96204,-227.91592,453.7257,962.302,-184.83809,468.6471,1150.5663,-329.31305,619.0431,1071.7461,-308.9855,488.8989,1183.3391,-338.78503,651.00665,1052.7368,-323.01566,402.5175,1203.0997,-439.67352,621.23785,1150.3326,-424.73102
patada_from
IMG_20241115_102813 (1).jpg,patada_from,260.0965,733.58484,-130.48956,254.54161,716.8155,-124.816284,258.2242,712.7505,-124.797935,262.18558,708.47876,-124.876884,246.07245,724.3454,-110.22845,243.88571,725.6669,-110.27403,241.69467,726.91296,-110.434204,275.23816,698.2325,-51.051647,245.15399,723.16785,8.566151,278.67758,730.61084,-99.01785,268.68692,741.48425,-81.97948,352.5592,701.72705,-117.867805,286.75598,756.71564,136.7939,420.29813,804.14703,-252.29617,269.88422,845.9608,18.567896,292.98627,794.80273,-250.63713,242.95453,825.2444,-193.05496,267.13516,799.0276,-265.8123,242.06992,829.9651,-221.66101,266.28564,785.9924,-257.03278,246.47609,814.68945,-203.78008,272.1435,787.4567,-244.25365,254.98253,812.3661,-194.45805,518.8292,786.3333,-94.211136,474.29123,824.06366,94.51584,454.5655,936.6144,-229.13232,452.91205,991.5513,-194.2332,467.8997,1163.7153,-329.68106,641.0186,1035.991,-275.76126,491.79,1194.139,-339.06555,669.5264,1031.3939,-286.10803,407.16318,1222.0854,-438.5071,657.96234,1121.1818,-379.46332
patada_from
IMG_20241115_102813.jpg,patada_from,260.1403,729.0008,-190.35883,255.14859,712.1795,-188.73428,259.10022,708.3528,-188.74449,263.3225,704.2926,-188.86024,246.31349,719.173,-172.78326,244.18082,720.13336,-172.8387,241.9285,721.0149,-172.99309,279.52972,691.99713,-133.31358,247.31224,715.4464,-62.597538,280.8233,726.0306,-165.8113,269.90082,735.84827,-145.33472,359.99243,694.0463,-185.17535,290.62463,755.9851,45.064144,419.16583,795.61456,-358.32303,286.80347,851.41675,-81.30102,296.4573,781.75256,-425.01343,233.15881,879.003,-334.52515,271.42245,786.06287,-460.79892,220.9641,891.9333,-379.14444,267.07977,772.7184,-452.33154,220.8527,877.8782,-385.24033,278.34088,771.2784,-424.35175,231.96477,872.45154,-349.174,522.0485,778.8809,-79.757324,474.52356,818.395,80.131,471.90683,926.7587,-226.76833,445.63092,983.418,-173.89893,474.82602,1160.4905,-333.90448,551.57245,1131.1118,-320.92035,497.87747,1190.2068,-345.27914,586.4754,1151.3164,-337.8404,413.9542,1213.9426,-455.90018,526.99695,1205.1829,-446.51175
patada_from
IMG_20241115_102815 (1).jpg,patada_from,254.22891,747.15137,-185.36139,246.65248,731.2222,-188.06862,249.55717,727.2314,-188.04884,252.70445,723.117,-188.164,240.84396,737.3258,-166.6835,239.67604,737.6413,-166.76794,238.38853,737.9822,-166.93904,266.583,708.1167,-147.77728,243.69193,729.6042,-54.13462,271.4495,742.4895,-165.95436,263.8535,751.15326,-138.94382,353.3147,704.6179,-199.56194,276.04227,765.9817,60.502808,423.852,815.0559,-278.8313,247.95389,877.0645,-51.779926,293.08615,809.43787,-230.65776,201.19597,901.6323,-290.42395,271.81378,816.643,-249.07576,189.16156,914.9999,-329.12408,267.9401,803.07434,-243.90387,168.4986,916.635,-332.45956,274.1069,800.2267,-226.4368,202.4097,892.60657,-303.1629,515.5091,791.9738,-88.386086,470.16855,831.53845,88.611755,448.66245,941.8558,-263.4735,459.64075,992.43054,-195.09558,460.01312,1170.6675,-358.16165,633.0476,1075.7335,-285.38892,482.8031,1203.0176,-368.16028,669.68115,1079.9476,-297.2588,391.75717,1229.0851,-482.5491,643.4485,1145.1033,-402.63953
patada_from
IMG_20241115_102815 (2).jpg,patada_from,255.91748,744.85925,-125.531654,246.718,729.04346,-128.59236,249.46391,725.1513,-128.58363,252.46645,720.9514,-128.6556,241.0227,735.11646,-106.823715,239.8409,735.54614,-106.90991,238.51271,735.8832,-107.08303,265.45868,707.45886,-90.58631,243.97487,727.95776,5.017741,273.38446,740.9052,-107.584656,265.94818,749.5075,-79.78706,346.74164,705.1775,-159.85199,285.13608,771.32043,121.468124,407.98383,810.0978,-241.62436,268.5747,880.6845,42.22847,310.54892,840.62006,-208.24359,203.1948,948.1768,-193.9912,268.3035,828.90027,-231.40857,188.39061,975.4394,-232.18732,262.36496,813.3085,-228.50693,181.74272,966.0363,-253.21274,272.94968,813.8819,-205.89336,185.17783,955.2606,-214.59702,514.957,790.2188,-96.456635,474.8971,829.4119,96.55844,451.20483,944.2229,-257.9189,475.25598,992.87714,-154.72116,467.87024,1172.4075,-345.12384,652.53986,1052.6465,-225.53238,490.9117,1204.0619,-354.2726,674.9926,1029.2961,-234.90723,403.39624,1233.0182,-463.21832,673.5941,1116.2949,-330.58173
patada_from
IMG_20241115_102815.jpg,patada_from,255.01265,738.3059,-135.05388,246.94882,723.01996,-137.09698,249.49522,719.42456,-137.09212,252.35226,715.52295,-137.14903,241.83147,728.5167,-118.19963,240.82011,728.86505,-118.28758,239.68692,729.172,-118.46254,264.41248,703.2389,-92.749954,244.4849,722.21814,-10.145592,271.04892,734.9437,-114.69975,264.23065,742.8916,-90.70912,347.25558,703.4215,-163.4832,280.71365,768.591,108.701164,410.95746,804.2199,-258.74707,269.92072,871.042,45.223705,296.3284,828.57367,-256.41486,227.26192,957.4072,-167.02048,277.8674,831.18665,-282.33093,216.36191,987.1007,-202.35362,288.26083,836.03064,-278.40567,215.72072,976.39575,-226.07973,295.77084,838.9434,-254.39243,226.50204,964.6791,-187.9166,513.7684,790.34314,-94.77425,472.0392,828.9411,94.8497,449.52103,939.0238,-262.73367,460.011,998.08295,-168.48436,465.4458,1174.5554,-356.95343,635.75964,1056.3043,-259.82278,487.91754,1207.3579,-366.15274,665.6974,1028.6592,-270.76633,392.6018,1230.8401,-472.3987,655.861,1133.9069,-362.1139
patada_from
IMG_20241115_102816 (1).jpg,patada_from,255.33215,744.8616,-128.66914,249.07722,727.063,-122.0118,252.75116,722.48975,-121.995224,256.47375,717.7998,-122.11459,240.41486,735.59216,-108.333885,238.33803,736.9752,-108.34855,236.28888,738.1649,-108.46329,268.91296,706.5148,-45.149624,240.95474,731.80396,13.1395,275.1755,740.8686,-97.01198,265.1612,752.3906,-80.128876,345.84378,704.7718,-108.032585,282.80252,775.07947,119.897804,410.30896,803.378,-264.53378,271.16806,887.2848,-36.325386,290.54968,801.81305,-327.39676,224.30325,932.02234,-340.16635,262.34244,805.3146,-361.77292,214.8781,953.8653,-392.84393,255.96913,794.92645,-355.55777,215.24905,934.7544,-396.69342,266.655,792.7856,-326.2547,225.64197,925.2373,-354.98044,511.58432,791.6665,-86.26393,470.2518,833.6274,86.463455,450.3392,939.3578,-246.40553,455.43192,988.19543,-220.75758,456.39746,1178.948,-385.43976,634.6107,1066.2928,-358.6887,480.54956,1216.0135,-397.55035,665.7349,1041.3899,-373.35983,385.65717,1238.1158,-492.94205,646.5877,1156.3875,-465.36905
patada_from
IMG_20241115_102816.jpg,patada_from,248.99837,744.9308,-119.420296,242.0705,729.014,-121.564644,244.64597,725.2877,-121.51207,247.4176,721.28235,-121.55706,237.22108,734.7083,-100.43305,236.47021,735.00256,-100.508415,235.60721,735.2237,-100.666595,260.11588,708.9722,-80.13166,242.0801,727.70447,11.69257,266.97314,741.4973,-100.295746,259.9388,749.27124,-73.75701,344.60986,706.04395,-136.54417,286.00757,770.5511,120.23897,399.68973,798.5099,-271.43417,268.52402,885.3519,4.0706663,279.8043,807.76465,-291.68683,202.5675,923.11945,-248.9665,256.68033,809.23816,-318.29373,190.56247,940.255,-288.11374,253.98166,801.44165,-308.9728,191.41489,922.6426,-294.32043,259.67136,798.5414,-287.89758,201.08487,915.00757,-262.68365,514.1669,792.4094,-97.06894,477.32425,829.8727,97.12157,441.54062,947.233,-226.87465,471.7319,1004.791,-111.80785,464.8133,1177.2429,-297.60498,647.2337,1039.1315,-176.13243,489.16418,1208.434,-305.66812,672.3595,1037.3412,-185.17947,395.59305,1236.9801,-410.78534,678.5044,1115.1265,-280.03397
patada_from
IMG_20241115_102817.jpg,patada_from,256.35275,751.31415,-166.89372,247.25023,735.21674,-168.81615,249.91457,731.30237,-168.80542,252.72542,727.1817,-168.90086,241.53116,741.23303,-149.60295,240.31746,741.56396,-149.65604,238.95021,741.82556,-149.83167,267.1445,712.323,-125.112885,245.48021,732.18207,-39.131382,274.39166,747.4933,-146.34676,267.99057,755.6448,-121.495026,349.423,707.43286,-171.42128,287.10583,771.8926,70.956314,423.15387,809.001,-319.57477,267.58575,884.348,-1.1805067,299.0379,812.3718,-371.998,210.37808,933.4793,-202.30774,274.47427,817.11694,-402.8226,196.67181,952.3107,-237.4959,268.13315,809.2699,-392.40723,195.92168,939.4745,-250.8636,278.1166,806.92755,-369.27655,207.1619,931.89294,-218.29036,516.00793,793.66785,-85.2423,474.0616,829.36224,85.42646,444.8716,943.23175,-239.55159,466.18115,991.6947,-132.93887,464.2634,1174.155,-338.95203,592.94635,1119.1436,-284.01974,485.85916,1210.0397,-349.1694,625.31195,1133.4022,-301.45093,389.84186,1232.2845,-459.73672,583.9108,1189.9089,-409.33502
patada_from
IMG_20241115_102824.jpg,patada_from,338.53674,672.7246,93.34201,338.1235,660.56366,119.32692,341.81406,657.58984,119.29005,345.52072,654.55054,119.17398,329.74426,667.7433,125.17151,327.78952,669.76575,125.1118,325.98862,671.5772,124.958435,354.88202,652.42365,221.99216,331.82764,674.70795,249.3604,354.3829,674.47754,127.481926,345.19815,683.3361,135.31458,433.17496,669.4514,129.25198,360.3689,760.15906,294.9874,516.61127,734.6011,-80.71067,321.1667,868.00195,246.62463,436.3798,780.92847,-269.23154,250.29474,942.22656,74.9909,416.52097,797.43115,-310.23834,228.62206,968.3698,36.853855,406.6983,790.141,-299.98654,228.59573,962.7047,10.426612,414.42712,783.60834,-268.5314,241.68835,953.6502,53.1267,545.8608,820.78467,-62.703823,496.39185,866.61993,62.776978,495.89816,965.42535,-181.01387,466.09402,1025.984,-121.389946,501.34048,1180.1494,-230.25658,475.2857,1215.2434,-205.09015,509.50024,1211.902,-235.58578,497.97974,1237.2985,-217.0625,493.41406,1237.3917,-373.12277,491.04974,1252.8768,-355.66718
patada_from
IMG_20241115_103123 (1).jpg,patada_from,155.42845,710.1789,34.080017,140.36607,702.7292,15.403368,140.05328,699.4519,15.401654,139.72157,695.80536,15.431512,140.05164,705.6809,50.21061,139.74141,704.7031,50.15503,139.37166,703.54895,50.079655,141.13866,671.6034,-31.00075,140.41315,679.82184,125.798836,167.39677,698.8257,18.822615,167.42921,702.56274,64.60769,200.7807,641.24695,-131.5499,217.06956,677.50366,213.20712,245.55019,719.7668,-200.3847,236.49745,759.4746,266.59164,198.53975,821.09766,-156.7462,202.2112,833.8388,185.8861,186.7577,838.8845,-182.01878,184.03273,852.5504,178.52557,172.41052,838.0368,-166.75475,172.68634,851.96136,147.62143,178.94257,832.77313,-148.58992,180.72552,847.7661,167.78937,379.01596,671.63605,-107.18309,373.63275,693.7445,107.356674,354.70953,851.1559,-161.95653,370.95276,854.84485,56.577652,463.187,953.056,-143.78337,489.95422,939.9751,48.04255,492.63828,956.3431,-139.93977,514.3792,939.34503,45.638206,458.71524,1026.1376,-175.96095,489.66824,1005.511,4.2437544
patada_from
IMG_20241115_103123.jpg,patada_from,161.55576,708.88416,55.869534,145.95154,701.79004,39.825764,145.33664,698.41986,39.828377,144.6742,694.6109,39.864727,146.31433,705.2324,74.39613,146.17479,704.54034,74.36059,145.94846,703.7076,74.29662,145.69789,669.4794,-1.5416034,145.89949,680.08356,153.68584,173.61896,697.89636,42.569504,173.79198,701.76074,87.8878,204.28992,633.6982,-104.616165,231.09583,681.7263,241.26367,244.885,710.9174,-194.6311,243.57771,761.61163,288.16086,194.36182,805.3722,-183.98248,193.97336,836.585,197.64226,182.0412,825.4586,-213.19821,174.28918,855.3498,190.28088,168.70897,823.9807,-197.63568,166.71422,852.90436,161.94095,174.44351,820.6479,-175.93637,176.37521,848.0236,180.32191,377.42615,670.161,-113.21438,385.545,697.3828,113.38099,359.53976,850.1911,-179.37114,384.48212,856.4551,55.47495,418.88342,1017.34326,-199.57378,527.85876,880.8829,34.121166,465.92383,1007.2157,-201.16199,538.5334,882.7524,31.415167,394.98663,1088.5922,-265.17844,550.61365,934.16125,-15.316994
patada_from
IMG_20241115_103124 (1).jpg,patada_from,150.28653,719.9784,3.785271,136.16022,713.45123,-18.915504,135.88234,710.1132,-18.918327,135.58762,706.464,-18.8587,135.94159,716.73474,15.489511,135.6283,715.78375,15.425775,135.24776,714.5394,15.35913,137.02765,683.12836,-77.09681,134.98831,690.868,76.29933,162.69241,707.8978,-14.098337,162.01077,712.41174,30.72549,204.14384,658.754,-167.12631,201.67966,687.68646,177.5633,250.16792,739.2644,-214.79408,210.61237,776.30316,257.95578,206.49373,842.93854,-161.6035,185.14388,854.0702,204.56157,195.79347,869.6168,-188.27425,173.24226,873.884,205.30621,185.7708,868.2135,-173.07864,165.87215,873.0374,167.88849,189.08499,861.3132,-153.20872,173.48419,867.22845,185.43365,378.90506,676.6981,-113.98704,363.94052,695.3845,114.117546,357.6252,854.61646,-184.87448,368.97098,852.7875,73.519325,416.74826,1026.3821,-184.3162,505.27866,907.4551,88.24144,446.18552,1019.3816,-184.58728,526.3354,908.2895,87.90473,372.1684,1091.0259,-246.20609,532.1487,952.3248,43.12502
patada_from
IMG_20241115_103124.jpg,patada_from,156.02692,715.1754,63.613865,141.19453,707.3064,44.935356,140.70221,703.98145,44.92855,140.20468,700.2567,44.95119,141.0381,709.5788,78.967354,140.5717,708.1459,78.93475,140.06279,706.45374,78.874794,141.62408,674.4329,-3.916984,140.76773,682.3638,148.8487,166.7056,704.8679,47.80265,166.91772,708.0315,92.38368,200.54088,643.8314,-107.46713,216.37689,683.5883,233.42857,248.22626,722.7298,-168.08371,235.27994,765.1229,293.1318,207.7866,820.43427,-117.94879,197.55075,840.8237,216.4464,196.80386,838.7232,-140.56117,175.79294,859.4592,211.60606,182.9362,839.6265,-127.27658,169.55338,857.73425,179.15503,190.01604,833.5421,-109.88953,178.1503,852.29315,197.95862,378.0372,677.4125,-109.68146,377.4563,699.5947,109.81991,353.99884,851.6422,-179.33,380.9199,861.7303,52.57105,420.5484,1016.5668,-202.09915,504.6011,921.84265,15.995307,463.94037,1011.0536,-202.49483,525.8672,921.13574,11.820519,413.58023,1074.167,-249.10162,507.99744,975.3698,-27.594934
patada_from
IMG_20241115_103125 (1).jpg,patada_from,152.80139,733.44,42.9477,141.13327,729.5991,19.534874,140.50356,727.27203,19.535063,139.83926,724.8416,19.606033,141.03845,730.53925,54.32734,140.5005,728.95483,54.27704,139.84956,727.2123,54.235893,138.397,704.19366,-45.153954,137.80342,707.9553,108.4058,161.46564,721.55994,22.00619,161.05655,723.90784,66.90934,192.88074,677.64343,-149.0046,197.01329,693.6605,212.98787,234.52214,765.20776,-198.8114,208.18657,778.9397,299.47128,196.5764,873.2175,-133.51712,188.68182,864.82666,266.53986,189.73492,895.1746,-160.11111,176.19534,884.489,277.76822,182.07355,894.04364,-137.29793,172.20235,884.9118,240.96938,185.25146,887.89307,-121.83444,178.0378,881.21265,249.08936,370.96194,686.716,-119.10081,364.21054,700.81616,119.19056,355.3314,871.5027,-205.62666,352.2076,866.21643,86.4258,434.40503,1029.0509,-221.61327,466.18594,926.03485,93.642715,481.86688,1009.21375,-222.33803,488.75266,927.25,92.418625,414.65805,1092.2019,-270.50006,465.4842,980.9979,61.35275
patada_from
IMG_20241115_103125.jpg,patada_from,151.62645,726.6173,24.03133,138.0142,721.8695,-1.1274018,137.41663,719.00867,-1.1525018,136.7716,715.986,-1.1201698,137.97826,724.55414,35.796482,137.51656,723.709,35.74911,136.97351,722.60425,35.693546,136.12572,694.20593,-70.13051,135.05682,700.6745,94.358,161.88312,714.7974,2.6638556,161.38867,718.4293,50.68092,196.23416,670.2805,-165.1463,194.63834,683.3893,206.16109,245.09459,744.2258,-213.8747,215.0905,763.3224,304.44843,210.71649,850.3466,-171.67305,192.99142,847.5762,275.55832,198.64807,875.8261,-201.99268,176.4802,870.82336,288.42557,186.47714,875.7087,-180.8341,167.54172,870.979,249.68936,191.21118,867.8771,-160.70439,177.08566,866.13135,257.70557,369.89307,685.24634,-126.33311,367.8236,693.1316,126.5002,353.135,860.6008,-218.49097,377.2213,852.43665,129.15666,418.36337,1033.5072,-245.51143,515.8856,873.6858,187.52113,438.91806,1031.3418,-248.94696,548.0364,863.94214,192.40633,354.92957,1091.3807,-315.5922,536.04565,933.1397,154.92221
patada_from
IMG_20241115_103126 (1).jpg,patada_from,156.15291,730.8684,7.945071,143.3956,726.0591,-17.038498,142.76042,723.2931,-17.02952,142.06352,720.3925,-16.984545,143.16992,728.2334,16.1195,142.504,727.15686,16.074188,141.73828,725.9338,16.022099,140.8059,697.4445,-78.84246,139.02701,703.5333,68.333115,167.1163,719.6062,-10.8122,166.66022,722.87115,32.31551,198.79793,677.80286,-165.70844,189.85707,690.0037,172.14012,245.18317,768.4244,-203.82846,198.07593,777.1807,238.03285,206.94339,862.9265,-120.805084,183.08815,863.81226,165.9141,196.61086,887.74976,-145.74785,170.65543,881.87085,168.07924,188.82994,884.53253,-125.099266,165.49048,883.6048,130.59547,192.03052,877.742,-110.06745,174.62035,878.7375,147.34157,374.04874,685.7792,-113.7717,364.72327,696.8566,113.875305,357.46082,862.5263,-177.45511,357.92566,857.1698,61.736973,467.29498,971.0936,-145.3857,480.38004,915.5029,112.15778,495.41345,974.4109,-140.45328,501.70142,912.48816,115.801056,456.35287,1064.0253,-162.01988,487.78043,969.7183,94.7082
patada_from
IMG_20241115_103126 (2).jpg,patada_from,145.2023,726.8436,-7.9122114,131.25577,718.52856,-32.149784,130.78499,715.68365,-32.137676,130.4066,712.6233,-32.091873,130.74751,720.52576,1.4244102,129.85654,719.19324,1.3454933,128.95657,717.5888,1.2604715,134.85579,689.6802,-86.98605,132.21825,694.8551,60.920902,158.8256,716.3712,-24.829077,158.7854,720.1531,18.562874,201.0133,669.93494,-171.14262,192.82574,688.7253,163.86815,250.22398,764.781,-221.41765,198.45834,776.87103,218.38838,207.44144,864.85815,-172.70886,184.30756,861.6334,144.80077,197.18695,888.2179,-202.8226,175.7431,876.9583,143.72993,188.60764,883.9336,-181.27478,164.94415,883.37946,106.25974,193.48845,877.5404,-163.33441,175.8121,878.57056,125.5119,378.0062,677.15295,-112.22293,368.6439,692.5272,112.16079,351.19708,856.58905,-186.66995,382.41907,857.10876,70.07073,480.15585,942.16296,-151.58133,509.86768,879.7926,139.1091,510.38205,939.52405,-146.90213,524.3422,865.6731,145.03436,484.28915,1011.73065,-168.69156,539.3844,936.4594,129.72359
patada_from
IMG_20241115_103126.jpg,patada_from,156.8129,735.53094,23.446602,144.78609,731.8153,-2.3118038,144.06392,729.4437,-2.2936285,143.27454,726.9111,-2.2332132,144.65462,732.9882,32.489094,143.98836,731.5835,32.438442,143.21213,729.9688,32.395576,141.06398,705.9597,-69.194466,140.10976,708.7525,85.10683,166.13133,723.3471,2.5974205,165.84247,725.7178,47.764034,198.13658,680.9497,-164.62592,194.56433,688.1211,195.56888,239.58304,771.18384,-208.68642,199.02403,775.1392,270.20416,198.85391,877.7377,-142.42648,186.4156,861.4685,221.3142,189.59335,899.2052,-172.12914,169.51123,879.94214,230.95802,180.65999,897.09894,-144.56651,166.23709,882.9586,191.56392,184.62984,889.77905,-129.85762,174.15681,879.5069,202.9899,374.16653,687.36084,-122.527695,362.8236,698.96655,122.604996,352.1752,867.8741,-196.09106,345.66345,859.5918,79.15912,438.70993,1009.01337,-178.29341,476.4413,918.28864,118.715935,490.8584,987.27527,-175.42577,499.75836,915.29443,120.988,437.77377,1079.9445,-207.02342,483.76657,974.7544,92.82114
patada_from
IMG_20241115_103127 (1).jpg,patada_from,141.08533,723.0145,-12.335844,128.36475,712.7837,-37.010124,128.17401,709.8513,-37.01698,128.10423,706.3667,-36.994278,127.63356,715.2925,-1.7565204,126.86887,714.25256,-1.8358854,126.12852,712.9275,-1.9146153,134.58119,683.815,-95.540016,130.916,690.28564,60.76551,156.15971,712.4438,-30.35009,155.17703,717.046,15.455285,204.42822,675.2722,-181.06323,192.88216,682.8509,173.46432,246.27129,771.82135,-223.17047,200.51257,775.05334,227.08514,201.14444,868.49036,-167.84042,183.06439,858.9241,141.12949,191.24222,891.0381,-202.61949,172.57912,872.964,141.84477,183.02551,887.2214,-177.13113,163.2781,879.6335,98.78037,186.88638,880.81555,-156.9416,172.0131,874.476,120.03364,380.1742,688.79205,-123.96914,368.93497,694.4754,124.04214,348.63147,867.7136,-196.60115,392.09213,852.9785,119.420364,425.7209,1019.27136,-185.93506,507.59454,879.903,226.91827,467.5716,1008.922,-185.51308,526.3787,873.836,236.8367,416.02908,1077.5027,-232.90866,540.59357,920.33325,212.36653
patada_from
IMG_20241115_103127.jpg,patada_from,139.78328,724.95276,-3.6548545,126.130104,715.261,-27.744553,125.855835,712.4077,-27.728138,125.64268,709.16815,-27.680199,125.339714,717.33264,6.426931,124.454865,716.0009,6.3442397,123.55347,714.39954,6.2726803,131.21017,686.40936,-83.76865,128.12373,692.44824,66.40341,154.1611,715.09,-21.167496,153.33685,719.23975,22.937708,197.8919,670.27905,-169.61517,189.03957,688.0271,172.24673,247.22043,764.81573,-209.14272,195.74133,779.1018,230.85992,206.29012,862.9807,-146.60179,177.2434,865.6583,158.49063,197.65334,886.6909,-175.3478,168.87297,882.83295,158.23515,187.97487,885.2367,-154.01823,163.6176,883.44556,120.12966,192.49205,876.57806,-136.76381,170.03102,882.00085,138.96793,375.52274,684.6,-116.81515,363.16068,698.57935,116.78948,349.29898,870.0998,-208.31865,374.94586,867.13165,85.68201,471.65967,972.3217,-196.18196,495.81763,880.08185,174.43802,502.7795,972.50085,-193.83372,519.5438,861.9414,182.55383,457.00586,1066.3606,-222.40512,537.0552,923.5073,173.19518
patada_from
IMG_20241115_103128 (1).jpg,patada_from,149.4006,705.92676,-23.846375,136.83965,697.7695,-43.40661,137.37209,694.42474,-43.339504,137.87515,690.6123,-43.192276,135.46565,702.09607,-12.175599,135.04948,701.963,-12.285358,134.57372,701.6676,-12.387626,142.1767,672.4916,-76.862816,137.24036,686.2015,60.588184,163.25847,696.5508,-32.25365,161.20639,701.9794,8.017663,214.33443,650.68896,-160.70702,199.25227,695.6542,172.64929,275.9597,730.4849,-208.7312,198.30028,787.73206,245.65884,246.85696,825.55273,-186.33604,179.25246,873.42456,162.46756,246.50304,851.8511,-214.16573,165.88997,894.8456,154.90596,234.34993,850.6509,-210.1992,167.57155,893.8239,118.342766,233.82846,842.2612,-182.41435,174.8639,886.9822,142.1869,391.21027,684.8867,-116.558784,367.5219,711.4518,116.45924,349.03613,866.8698,-195.39052,367.67767,869.2005,70.42754,419.08615,1028.4856,-190.64236,521.62036,878.41846,129.57404,450.4704,1020.8444,-190.9059,539.57825,866.87866,133.84924,383.1339,1101.7029,-248.50027,557.2888,931.6748,106.41443
patada_from
IMG_20241115_103128.jpg,patada_from,151.84874,720.62085,-9.258776,138.11179,713.4329,-35.861076,137.98628,710.4447,-35.861847,137.8519,707.22235,-35.809437,137.6129,715.6982,0.15292376,137.1919,714.5748,0.05790588,136.6835,713.177,-0.051895674,140.3927,683.9203,-100.29232,137.3284,690.23145,59.328537,166.08179,710.36206,-28.671806,165.17697,714.095,18.08157,211.17001,668.2483,-186.97568,198.37967,687.7655,173.71956,264.5081,753.48883,-224.77736,204.20619,778.056,245.9736,223.39561,851.98517,-161.29366,188.05238,859.7592,181.73622,214.62727,876.93414,-189.76321,174.7415,881.3207,185.58311,207.82033,875.7982,-170.46634,173.60164,881.3974,146.18875,209.80904,869.3855,-151.09116,180.7086,874.53094,162.46259,385.75565,686.127,-125.83967,371.22162,702.504,125.88316,347.02032,868.11456,-203.0472,375.58527,864.933,113.12318,418.1895,1026.7473,-192.29845,523.0356,865.6566,242.80751,460.15137,1015.80273,-191.96738,549.1129,843.84875,255.30441,394.01862,1089.9099,-244.39832,552.2881,918.2169,237.11143
patada_from
IMG_20241115_103412.jpg,patada_from,261.21222,601.439,3.6769068,250.22853,588.3989,-9.9864855,251.33612,584.6211,-9.95595,252.78375,580.43915,-9.893641,249.01451,592.69086,21.329702,249.17696,592.1708,21.245766,249.34554,591.5269,21.097736,267.8255,564.00525,-20.055002,260.2401,577.7214,119.28379,279.97397,595.3849,3.8043823,277.15762,600.5768,44.677925,349.52023,548.8185,-114.30968,312.54517,640.10675,224.06062,398.1705,640.4041,-223.79684,297.40442,750.29047,257.40817,394.92212,753.36,-314.0827,268.71414,842.2333,151.91144,396.7224,781.9746,-353.9011,251.89178,859.74945,129.51007,385.7564,782.68384,-362.01578,252.49092,859.5151,96.90707,384.15396,774.9437,-316.86765,260.39612,854.25507,131.24782,516.60657,677.03906,-121.71564,480.21835,710.3624,121.60036,465.21924,829.53906,-168.63582,478.58368,860.3346,-16.414928,502.6147,1006.20905,-151.20471,617.0428,892.7123,8.746563,528.8886,1023.485,-149.61281,653.8745,869.8329,10.024183,462.7901,1081.7314,-234.43207,650.0027,961.3967,-64.06526
patada_from
IMG_20241115_103413 (1).jpg,patada_from,263.283,609.3041,16.506277,251.98253,596.3562,10.731526,252.65712,592.7151,10.758647,253.4952,588.8142,10.811886,250.88724,600.87885,37.683346,250.78062,600.5501,37.574905,250.64113,600.0648,37.419807,265.87717,573.612,19.737415,259.7442,590.3535,142.6121,279.1256,602.61194,21.46211,277.84824,609.6703,57.453846,350.99573,556.76306,-79.96196,313.2233,647.74286,234.83974,401.9011,649.93475,-201.33354,298.69583,749.95605,260.00394,396.1711,760.3488,-288.9386,273.09973,840.7932,132.19824,397.60544,787.0151,-326.96466,258.26642,863.2512,108.071434,387.74435,787.99817,-331.67255,259.00848,861.985,73.01011,387.16962,780.6308,-290.48676,265.76886,856.6677,110.383156,514.55963,690.3407,-109.95503,480.94772,725.72754,109.92135,467.48636,850.61676,-173.40302,451.9503,873.4685,-24.33228,512.6833,1033.8115,-210.90121,513.4813,1021.06885,-78.12021,549.6614,1034.4767,-214.3179,538.06165,1035.9512,-85.04286,486.65494,1100.5288,-311.6439,491.10474,1087.6152,-174.24489
patada_from
IMG_20241115_103413 (2).jpg,patada_from,262.19986,597.33026,-22.588991,251.55487,583.5415,-33.956104,252.73732,580.08795,-33.919815,254.07611,576.365,-33.82934,250.00352,587.5706,-4.718731,250.07144,587.2447,-4.806058,250.1066,586.772,-4.945468,268.81018,559.6769,-34.187366,261.13495,576.09894,94.40134,279.3483,591.953,-18.91828,277.33908,597.76855,18.837376,355.22516,545.42957,-122.97827,314.59073,634.01483,205.8125,402.43356,646.35425,-222.74193,300.51614,739.50854,237.5371,401.76736,748.48694,-300.11166,271.86935,838.7185,128.76932,403.77597,776.4993,-339.10455,256.0656,859.2437,106.39485,394.9342,777.4414,-347.5728,258.53482,859.55316,75.823685,393.6557,770.2876,-302.88248,266.03546,853.94714,109.0741,520.60614,676.44604,-120.679665,483.95227,708.9933,120.58804,455.3942,829.878,-188.31247,487.46243,852.23083,-21.343426,503.92953,1012.6687,-161.52992,630.7422,895.6687,16.625984,518.01776,1015.40436,-158.6795,662.1005,876.5856,19.348146,448.65015,1079.1979,-239.55888,666.8522,970.95465,-51.778683
patada_from
IMG_20241115_103413.jpg,patada_from,261.87305,602.80206,1.2923963,250.76564,590.4358,-12.881891,251.87436,586.7506,-12.84835,253.24283,582.64795,-12.796914,249.51936,594.5422,18.197405,249.64366,594.0576,18.138254,249.75424,593.4162,17.998129,267.3821,565.74286,-23.874676,260.41663,578.7776,114.19801,280.5733,596.4297,0.48792094,277.69235,601.86224,40.877426,347.51147,550.3147,-119.20917,312.30414,640.8865,216.98676,396.3169,639.23285,-234.20526,297.4598,745.9891,253.94455,397.07864,752.7326,-335.3092,270.8442,837.0382,159.00545,399.49954,779.6504,-377.63107,255.4277,858.4466,137.78676,388.5133,781.66626,-382.67697,256.29132,857.9346,106.904785,387.70572,774.4357,-337.52164,263.70428,851.3733,139.3591,515.6604,678.4461,-120.6132,480.81738,711.89136,120.38071,450.26346,843.3131,-182.66467,478.25983,854.4341,18.31639,514.30347,979.73566,-106.980934,621.29224,883.0932,81.92355,540.9636,987.3982,-96.997955,656.1312,863.4911,87.88378,494.2656,1053.7463,-152.10234,654.4539,952.3034,32.14797
patada_from
IMG_20241115_103414 (1).jpg,patada_from,249.47258,593.29376,-17.123184,242.99048,577.78186,-29.816236,244.67104,574.7455,-29.808727,246.5871,571.5571,-29.728285,241.25806,580.99963,0.9596104,241.60503,580.3723,0.8349917,242.06868,579.6674,0.6826659,265.05865,555.734,-42.15499,257.12875,567.8967,94.68788,269.3939,591.1999,-18.853987,267.05188,595.7377,21.34356,354.16162,548.4647,-131.82753,308.78873,635.7686,205.15015,399.72943,648.0964,-236.9201,297.6771,740.6214,251.66333,399.3153,754.8522,-313.72372,274.5675,841.9779,153.61572,402.3425,779.47784,-349.74835,258.67004,861.5974,139.36812,392.74832,780.6172,-350.1241,260.22174,862.43286,102.61434,391.6912,774.75183,-313.41113,268.2242,856.1045,132.32614,515.32434,682.78186,-117.0884,480.6623,714.41785,117.06014,463.62018,829.7204,-176.73581,464.59534,869.6667,-10.7301445,510.45224,1015.59143,-180.57166,521.8673,1006.9541,-38.1739,551.70526,1022.69684,-182.07538,544.8219,1020.4239,-43.041252,474.25574,1081.7211,-270.09644,497.34344,1071.2489,-123.54749
patada_from
IMG_20241115_103414.jpg,patada_from,258.1571,596.8811,-24.28402,248.59969,582.1014,-36.978096,249.93768,578.697,-36.967804,251.42651,575.1362,-36.887993,246.74606,586.10223,-6.7124534,246.81659,585.6245,-6.8099823,246.88782,585.13574,-6.9553366,265.81192,560.402,-43.195576,257.87408,575.488,90.44602,275.8597,592.11725,-22.916822,273.33368,597.6571,16.338448,353.8615,548.03735,-131.43886,310.5778,635.84674,201.12263,402.36557,649.7538,-234.09554,299.3182,745.1648,238.47691,396.15335,750.4319,-316.8762,271.52573,840.7587,120.648026,398.21106,780.34454,-358.58246,255.83974,861.0448,96.931625,388.93198,782.05286,-364.2536,257.62958,861.4072,62.16961,388.12585,774.6802,-318.70892,265.3649,855.47064,99.296326,519.3502,679.6211,-119.88517,483.02805,713.2673,119.85865,444.23178,827.8189,-183.82314,485.44876,853.3036,-28.514942,500.7894,1012.9623,-169.95331,621.844,907.8802,-10.63194,521.52563,1019.9022,-168.66068,649.5171,900.1453,-9.465981,450.23523,1078.303,-248.17334,648.0762,982.1565,-80.23538
patada_from
IMG_20241115_103415 (1).jpg,patada_from,249.2129,595.39307,-24.436188,243.79102,579.9176,-35.086937,245.60094,576.8792,-35.102966,247.6255,573.70374,-35.03396,241.54356,583.36523,-3.7989388,241.6895,582.9635,-3.9215586,241.93985,582.4844,-4.080802,267.92075,558.3936,-42.68692,258.25336,572.064,96.37492,269.33737,594.3081,-24.857834,266.51117,599.075,15.895293,356.16278,551.8096,-137.83359,311.2901,640.6349,205.32042,397.42892,657.03516,-255.08142,297.64706,748.4653,248.29123,394.71194,763.20197,-339.77933,272.33978,849.914,149.13998,395.7701,789.7435,-379.1551,256.46164,865.14886,131.50858,386.71432,790.29047,-379.20514,257.57498,865.8307,96.25631,386.07785,783.5664,-339.71542,265.12082,861.25806,127.9345,518.9116,683.1455,-114.627525,479.4465,718.3695,114.60301,467.3923,831.452,-194.06212,477.81876,861.74255,-69.601906,507.61844,1015.0479,-157.29524,570.697,971.8834,-50.391132,532.4425,1019.4481,-154.53577,596.3952,978.7228,-50.10117,464.2645,1076.8632,-247.28397,561.66986,1038.562,-138.8451
patada_from
IMG_20241115_103415.jpg,patada_from,250.34595,594.3483,-35.339596,245.09528,578.71356,-47.52654,246.94514,575.6229,-47.546043,249.04533,572.39355,-47.47237,242.85222,582.00934,-14.532624,242.98247,581.4686,-14.639606,243.22224,580.83344,-14.771357,269.5189,556.60144,-60.0141,259.4905,569.5406,85.02066,269.78125,593.38965,-37.441086,266.76492,597.99854,5.079579,357.2527,551.2122,-157.68103,311.70895,639.7514,205.67879,399.24557,656.18353,-271.98108,297.5282,749.87085,254.08069,394.56085,760.7767,-356.47745,270.85178,850.89777,148.66235,396.2469,788.0976,-399.22275,252.99928,864.2556,130.09856,387.37793,788.51575,-400.71487,254.48128,864.9679,94.59423,386.33835,781.4393,-356.88007,262.50543,860.57336,127.05651,519.6566,683.4612,-125.03783,480.98517,716.9,125.05378,453.22012,831.84314,-195.14348,482.54944,850.96436,-43.112053,505.73575,1010.291,-171.6057,610.34955,915.01965,-18.01403,526.0961,1016.8997,-170.57513,639.00104,911.1966,-16.791742,450.92377,1076.4269,-256.1319,615.414,988.20605,-88.12995
patada_from
IMG_20241115_103416 (1).jpg,patada_from,252.34682,596.7309,-34.405533,244.80092,581.87836,-42.70829,246.37143,578.76654,-42.714443,248.16785,575.40656,-42.63845,242.81627,585.46625,-13.801948,242.94972,585.0024,-13.913043,243.11554,584.51764,-14.067073,265.18234,560.0572,-40.319942,256.40555,574.81714,87.84389,271.33655,594.4073,-31.065845,269.02667,599.5086,6.5273905,354.06927,551.21844,-133.83246,309.12305,640.24603,197.06703,398.51086,653.4504,-249.18022,296.2405,751.1221,234.11606,394.81653,761.18036,-333.32297,270.06827,851.98303,121.37888,396.72913,788.3192,-373.58163,253.5232,870.3405,99.464714,387.75873,789.3042,-376.40143,255.0334,870.7206,64.061676,386.74213,782.55316,-334.28806,263.15533,864.6205,99.785286,517.7967,683.9321,-114.14957,479.51624,718.16943,114.127975,460.25757,826.5664,-186.23834,486.3635,861.018,-58.08943,503.98334,1020.88916,-178.87117,592.7631,959.8589,-64.43904,524.6046,1026.5306,-179.76967,621.34924,963.28,-67.349,449.63388,1077.6216,-274.16876,586.54626,1031.5067,-157.08138
patada_from
IMG_20241115_103416.jpg,patada_from,251.09352,596.2824,-27.807798,244.37358,581.0313,-36.87568,245.9374,577.95447,-36.881855,247.67519,574.68445,-36.81181,242.51744,584.4481,-7.2131643,242.76442,583.8767,-7.325676,243.06064,583.24805,-7.4751067,265.417,558.6204,-36.941715,257.08072,572.67114,94.88308,270.67328,594.24445,-25.499496,268.65475,599.24506,13.17814,354.91577,549.71326,-132.59673,311.62872,640.10675,207.32758,399.49207,649.7358,-256.6165,296.902,747.7017,251.30211,395.74042,759.3496,-352.34073,272.27914,849.0819,145.99495,397.12863,785.2882,-391.6799,256.21622,868.1781,126.610016,388.7577,786.7077,-393.69824,257.41193,869.09,91.60902,388.1069,779.9188,-353.17868,265.1471,862.8585,124.81453,518.99005,683.95685,-117.23922,481.85004,717.2918,117.20746,459.85672,829.0314,-180.15894,481.32846,865.57184,-45.91353,512.2443,1018.9676,-179.64552,579.44214,974.0777,-59.51644,539.32385,1022.73315,-180.6287,607.3719,979.71796,-62.88161,461.2597,1081.2098,-271.59875,568.9663,1045.1813,-149.73323
patada_from
IMG_20241115_103417 (1).jpg,patada_from,254.40605,600.47595,-25.027615,245.55396,586.38544,-39.666386,246.93498,583.34924,-39.67351,248.54059,579.988,-39.607952,243.94528,589.44196,-7.6372824,244.17436,588.7774,-7.7501864,244.43013,588.0685,-7.8984475,264.9604,562.996,-54.189148,256.71762,576.4463,88.493935,273.06232,597.0117,-27.045,270.68512,601.38055,14.832313,352.39844,554.9364,-147.95308,309.02478,637.88,204.56721,397.9648,658.85913,-253.36183,296.76938,745.67896,257.7803,394.43857,760.0931,-321.03174,269.07333,840.7538,159.2227,396.9895,788.8877,-360.20535,255.5194,865.1578,146.5337,388.2152,790.9231,-358.2684,256.88226,864.898,108.53993,387.48666,783.73114,-319.84738,263.77814,858.2892,137.31726,517.3899,684.9222,-117.34263,479.15942,716.88806,117.32288,467.79117,840.0705,-173.62411,464.3869,868.5537,4.070462,514.9797,1022.2159,-142.04709,536.98083,1001.22485,13.370441,555.6936,1022.9535,-139.1855,561.7606,1012.92535,12.018618,488.66733,1077.6438,-221.52843,516.5078,1067.943,-66.92167
patada_from
IMG_20241115_103417.jpg,patada_from,253.41008,598.1182,-34.85977,244.72975,583.3538,-45.54943,246.01466,580.2229,-45.545895,247.47476,576.8729,-45.45599,243.18915,586.8678,-15.456892,243.34549,586.315,-15.554609,243.50594,585.7451,-15.700593,263.6101,562.14667,-50.411167,255.66885,576.6621,83.93743,271.04163,594.80493,-33.7204,269.4283,599.7984,5.6905947,351.17188,550.76227,-141.48737,308.8933,639.34454,196.77881,398.22903,653.3678,-256.2675,296.23337,747.76215,239.57216,394.3499,762.40735,-337.0908,270.05618,843.27905,123.66263,394.37656,789.5657,-378.09048,255.70316,863.9227,102.330124,384.80002,790.2707,-379.24136,256.9786,863.4575,64.67269,384.4462,783.5145,-337.29144,264.50513,857.7816,101.37244,515.12415,684.98663,-118.12011,478.0049,718.6755,118.09248,450.60242,830.7775,-180.68077,485.17896,862.1638,-31.366728,504.189,1021.3531,-178.14867,586.37463,963.8909,-40.941994,529.1709,1021.73126,-180.05574,614.3636,968.2226,-43.95082,454.8319,1081.1514,-274.7316,578.6814,1036.1267,-127.019516
patada_from
IMG_20241115_103418 (1).jpg,patada_from,253.77689,601.3678,-18.949757,245.21373,587.5506,-33.668835,246.51604,584.51294,-33.67153,247.96776,581.2525,-33.60299,243.56827,590.7533,-0.8492994,243.7479,590.08276,-0.94609153,243.9323,589.36914,-1.0927945,264.19034,564.33276,-48.62929,256.06247,578.23474,96.04712,272.1441,597.8822,-20.774624,269.79422,602.4968,21.675758,352.18375,554.5012,-143.84682,309.64276,639.2514,215.40285,398.75555,659.1662,-229.72356,297.36142,745.34,263.7369,394.72314,765.0544,-283.19318,269.7219,845.39905,164.45631,395.86267,793.6632,-320.73886,255.15907,866.76447,147.94539,387.18387,795.4687,-324.07867,256.7401,867.97534,112.80746,386.71112,787.90515,-283.39197,264.04633,862.1528,142.97697,518.7445,684.5716,-120.24089,479.5136,716.6946,120.232025,460.3501,834.30695,-188.62668,484.08,864.9879,-46.38702,503.6772,1019.3511,-146.55106,612.4555,932.78467,-13.257712,526.0964,1022.26917,-142.87212,640.36365,927.9883,-11.575364,456.7335,1078.0238,-225.09718,623.68414,1006.6874,-89.366104
patada_from
IMG_20241115_103418.jpg,patada_from,253.25717,601.55176,-23.032558,244.87834,587.1235,-36.125515,246.34428,584.0746,-36.1228,248.08977,580.6717,-36.0651,243.28316,590.5149,-4.1992784,243.57248,590.00775,-4.294916,243.91678,589.4706,-4.441409,265.3487,563.97833,-45.380283,257.18585,577.3408,95.163475,272.85712,598.26184,-22.7649,270.25134,603.1672,18.489777,352.65997,555.4469,-138.94524,310.14,642.04846,213.85512,401.22693,663.06116,-217.07939,296.40228,751.89996,254.86133,393.9747,768.58435,-263.19763,267.11047,848.1613,154.46681,394.2292,795.8236,-299.38345,251.5393,868.1998,135.73653,384.90076,797.2959,-304.72464,252.65672,869.9657,103.1836,385.36127,789.75336,-264.0294,260.40228,864.45856,133.81252,519.6388,686.03186,-123.15769,479.44714,717.18256,123.12953,458.0196,837.73914,-188.87054,484.82043,866.5583,-30.3131,502.91003,1023.0964,-147.87968,615.88306,918.746,7.180067,530.65344,1026.2123,-144.11705,642.26355,910.57214,9.889881,457.68042,1086.4276,-223.36757,634.73016,991.0214,-62.04549
patada_from
IMG_20241115_104111 (1).jpg,patada_from,499.6564,592.65015,-237.02582,512.03644,590.11816,-202.54039,513.57007,593.26105,-202.66507,515.02466,596.36774,-202.8702,506.05035,578.513,-215.73619,503.09985,573.569,-215.74736,499.68765,568.8398,-215.73904,509.9359,599.82855,-34.87464,486.18707,561.13477,-91.032265,488.23907,605.22797,-176.07182,479.30396,590.7549,-192.46552,458.28345,668.56903,117.181816,392.17355,555.5474,-135.51108,491.61502,769.9897,180.1229,268.47186,575.10913,-258.37064,531.3051,858.5599,57.982037,271.41812,675.49634,-389.69397,558.02014,884.85565,30.388248,262.5349,699.16986,-433.00342,559.6232,884.73846,-7.8908443,272.63443,702.7774,-441.22952,547.4374,877.38007,34.344738,277.13977,696.59845,-393.3452,243.8059,728.70374,111.311264,197.0977,678.2722,-111.147545,290.67734,883.52515,-158.2296,89.57589,844.4691,-229.281,102.139305,893.87964,55.407436,-30.190258,996.75745,-191.27272,73.60154,872.14105,70.64149,-51.862957,1009.07623,-192.9867,54.423157,962.44824,-23.997694,9.270186,1075.047,-368.8838
patada_from
IMG_20241115_104111.jpg,patada_from,486.29324,587.9338,-257.81027,500.281,587.6228,-222.03896,502.1184,591.1421,-222.176,503.71216,594.785,-222.3863,493.591,575.3093,-232.79877,490.90958,570.6568,-232.81932,488.09348,566.289,-232.78746,498.4664,600.38074,-44.104183,476.98926,562.159,-90.87898,475.23422,601.0672,-193.36877,465.88647,585.3664,-207.12216,443.7517,669.9231,116.92234,378.51633,552.89374,-128.30745,479.26038,772.50183,158.88937,257.54556,572.241,-266.16833,525.7892,866.6962,9.913868,256.34378,669.7644,-451.77756,549.8453,890.22186,-23.536814,245.36969,695.3254,-505.76398,555.0804,891.6922,-64.85766,254.15617,700.697,-514.5271,544.3887,884.90857,-14.921811,258.9693,694.3271,-457.3376,231.71228,729.157,123.250336,178.93109,679.52386,-123.13745,286.483,884.4358,-108.35499,83.84948,851.1317,-273.2869,104.64824,910.13135,117.61568,-36.699787,1010.30035,-232.3196,68.05196,876.2761,133.19527,-60.184414,1023.90735,-234.18938,52.996117,968.79156,36.99971,1.4241886,1088.744,-420.5992
patada_from
IMG_20241115_104112 (1).jpg,patada_from,505.15103,595.8061,-245.96118,517.4438,593.736,-212.27534,519.167,597.0965,-212.42044,520.7158,600.5201,-212.65433,510.89764,582.4042,-223.5271,507.8668,578.2358,-223.52481,504.54172,574.3644,-223.50899,514.95154,605.25867,-47.634026,494.03192,570.43787,-95.842766,494.82013,609.1124,-186.37439,485.60278,595.41547,-200.50597,466.6859,676.1594,89.9336,402.56558,563.1951,-128.77455,493.5511,783.34644,145.74312,278.62234,579.6506,-254.53134,535.9144,878.0142,22.937777,292.02054,677.72705,-406.68732,563.55255,897.684,-6.3828135,285.61545,704.8379,-454.37418,566.9666,899.4336,-50.28894,295.29596,707.71967,-462.15857,554.0866,894.1549,-2.3299153,299.0799,699.8278,-411.54977,252.83995,734.1287,100.3848,203.50778,681.4166,-100.17004,293.66254,886.0436,-154.46294,104.758026,847.23114,-226.95415,105.11513,903.18445,78.44709,-8.010836,999.8718,-158.47188,79.84351,869.2541,95.89089,-26.638584,1013.8844,-157.14322,60.361042,964.0701,-0.5060999,14.556971,1069.7,-330.61475
patada_from
IMG_20241115_104112.jpg,patada_from,506.21902,584.1029,-228.64021,518.1438,582.09344,-195.00694,519.8984,585.8938,-195.11803,521.4925,589.62494,-195.32341,510.99515,569.6946,-206.19675,507.46802,565.41254,-206.2107,503.6623,561.67584,-206.19002,515.7115,596.2097,-33.11176,491.70084,558.34894,-80.48039,496.05777,599.249,-170.31612,486.1003,584.3635,-184.20253,465.68497,667.4751,103.632454,401.59305,557.0646,-129.79787,496.3048,774.7244,164.26997,280.11765,577.53534,-259.6947,541.371,868.2793,58.29375,290.47162,676.577,-397.11676,566.661,887.3767,33.537434,284.7453,700.63544,-440.354,569.57764,889.6576,-5.5986147,294.7253,704.6654,-446.9255,556.97845,884.7135,35.29509,298.52988,697.0954,-400.90662,248.57982,731.1454,107.63111,201.04404,680.4026,-107.47611,293.87,884.1703,-116.129944,109.2468,841.0216,-228.67502,109.777115,886.918,114.5345,2.8433561,981.37366,-172.06947,84.99342,862.6541,132.26515,-33.185726,1004.86694,-170.85332,63.863815,947.7417,55.660305,15.125728,1065.3545,-328.48645
patada_from
IMG_20241115_104113 (1).jpg,patada_from,499.40744,613.256,-274.31708,513.4911,609.8054,-239.18886,514.772,612.4293,-239.3199,515.9618,614.8838,-239.53459,508.38535,599.1292,-255.98407,505.72858,593.9347,-256.02652,502.58658,588.9654,-255.98958,510.69366,614.355,-64.26677,491.02887,578.40546,-138.88408,486.5958,622.9234,-210.4305,478.6906,609.8806,-232.2495,455.84882,675.7799,97.5281,399.80716,565.6321,-169.6361,494.29785,784.71313,152.84918,277.35797,572.92334,-312.69995,544.36743,891.68286,20.629232,285.75766,668.4179,-491.54013,570.83795,907.7841,-5.477545,276.3445,692.8136,-542.4085,557.93414,904.44275,-45.6692,285.84897,696.6529,-547.3478,561.2317,903.09033,-4.0938587,290.4618,689.48694,-495.7327,241.0174,732.6825,127.47798,193.53813,682.8973,-127.31683,291.67654,884.9743,-81.40406,98.92891,851.5579,-281.4172,100.27933,896.67896,116.41713,-23.616056,1011.50415,-256.995,69.37502,877.39795,128.87366,-48.845,1026.0992,-261.1215,56.350143,966.8595,34.670647,8.778548,1085.9655,-443.35748
patada_from
IMG_20241115_104113.jpg,patada_from,502.56522,606.7319,-275.6685,516.71704,606.24896,-241.66685,518.2171,609.922,-241.79958,519.42816,613.4569,-242.00844,511.23264,594.17883,-252.373,508.55963,589.3775,-252.38664,505.57858,584.8296,-252.35632,514.7417,617.8855,-72.37486,495.229,579.29486,-118.65958,490.76935,619.79626,-214.46147,482.5505,604.4167,-227.92216,463.2264,683.6764,79.071304,400.50684,568.0012,-144.23082,498.72043,789.7077,128.19344,276.25464,576.5099,-272.955,538.7636,880.2743,-5.3673143,284.6458,676.81226,-431.43387,565.773,902.97815,-36.445755,275.98172,701.9513,-480.86353,571.0369,904.9575,-75.7594,285.17303,704.5196,-485.2921,558.1424,898.23035,-29.812542,289.6013,696.48865,-434.7383,248.17654,738.0648,110.45776,199.76266,686.8729,-110.234024,293.03937,888.3013,-158.73302,100.23014,848.9243,-258.9137,99.14569,896.8226,39.154175,-17.09359,1013.5939,-231.8524,70.34131,875.7511,53.039963,-39.225826,1027.0543,-235.21196,49.33312,963.51404,-48.342506,13.681219,1085.1274,-415.82166
patada_from
IMG_20241115_104114 (1).jpg,patada_from,495.92874,597.9501,-257.4334,510.80032,596.9723,-222.41096,512.5475,600.3809,-222.53986,514.14307,603.7286,-222.74269,504.67758,585.149,-233.96353,501.99313,580.6955,-233.99274,498.9761,576.5287,-233.95956,510.17838,607.7782,-48.313656,489.45056,571.5133,-98.501915,485.01297,610.4797,-194.3483,475.8701,595.92316,-209.03365,456.72333,674.5502,111.24355,398.86612,561.2473,-134.11945,490.0829,775.51587,164.15701,275.6977,572.7182,-280.79437,532.61475,862.77594,27.056456,287.01535,665.5842,-468.3985,561.14923,886.4375,-3.070126,277.4631,691.1624,-521.45306,551.0541,884.1821,-43.89276,287.72516,695.14233,-526.2543,550.6318,877.85706,2.1428277,292.7567,687.74976,-472.33588,244.39693,731.4111,123.354866,196.06555,681.93976,-123.17446,292.31122,884.47864,-89.677505,93.89487,855.85693,-263.33676,101.40169,884.67615,124.19894,-25.43805,1019.8715,-248.18117,72.61462,862.0016,138.9515,-49.6184,1034.241,-252.69923,51.968475,951.28503,47.78247,13.7731,1091.1656,-435.37732
patada_from
IMG_20241115_104114.jpg,patada_from,497.27563,602.4745,-260.26193,512.4455,601.23303,-225.35648,514.16907,604.7186,-225.47737,515.60376,608.0697,-225.67006,506.31155,589.07294,-237.10207,503.35107,584.14417,-237.13138,500.07672,579.5713,-237.11633,511.61685,611.5055,-52.789047,490.1752,572.6748,-104.09541,485.97345,614.60315,-197.78159,476.5718,599.89526,-212.75864,456.933,676.7571,104.80325,400.47467,562.3914,-140.63167,490.94168,781.26807,158.65181,275.64355,573.6367,-287.14297,535.028,868.18896,22.423775,286.76212,671.4276,-463.42233,559.62994,892.44965,-6.427374,277.8606,697.1968,-514.52905,565.88104,891.73645,-46.075256,286.66827,701.07544,-518.34717,551.06964,884.0406,-2.3415148,291.65198,693.51917,-466.6483,243.41075,731.67883,119.372,195.81126,681.3123,-119.192345,288.3465,884.96655,-112.19128,94.876724,850.8129,-248.02332,98.93435,889.0748,90.74345,-25.355244,1016.17126,-231.6596,70.401535,868.23456,104.68143,-48.290897,1030.3446,-236.34068,52.182507,955.44525,9.970918,11.867916,1088.4556,-418.18372
patada_from
IMG_20241115_104115 (1).jpg,patada_from,496.26523,602.685,-258.83264,510.72458,601.661,-222.46628,512.26843,605.16406,-222.60245,513.50464,608.5065,-222.8085,505.0897,589.79956,-236.05667,502.34384,585.0472,-236.08382,499.467,580.6443,-236.05939,508.56345,611.40784,-44.695625,490.23233,574.0111,-104.46537,483.9947,614.58765,-194.56021,475.87152,599.9729,-212.03667,453.85452,675.78033,112.849396,397.11438,562.4055,-140.83449,489.40634,780.8725,163.52655,273.02417,574.14435,-288.6975,532.982,866.45514,20.404198,280.20532,672.4945,-472.8688,556.67816,889.89636,-11.159742,271.68607,698.2657,-526.7639,560.2303,889.50256,-52.709805,281.70026,700.8794,-531.12946,548.73663,882.23267,-4.90483,286.089,692.9404,-476.21625,243.35817,732.7914,124.50089,192.88087,683.3368,-124.32855,290.4221,884.4598,-91.498955,91.29517,858.9171,-268.9266,98.71702,886.5001,124.60785,-30.0484,1026.0889,-254.57886,70.69342,864.7506,139.55081,-53.173058,1041.2499,-259.62463,49.148014,951.1628,44.971386,6.944175,1102.7122,-449.67706
patada_from
IMG_20241115_104115.jpg,patada_from,498.49142,604.57214,-280.57748,512.44415,602.19165,-244.30118,513.92896,605.3144,-244.4232,515.1562,608.3163,-244.61082,506.66367,591.1146,-259.60983,503.60654,586.17236,-259.64835,500.22116,581.5742,-259.6452,509.89902,610.3143,-67.128365,489.1352,573.13446,-134.55006,486.5152,615.95123,-216.49829,477.44492,601.9646,-236.12761,455.39764,674.9254,89.20576,398.4641,561.1538,-168.76682,490.38513,778.45654,140.82858,274.5809,572.3681,-318.68854,535.32935,866.0128,-0.5527151,282.70975,672.97186,-487.91107,559.1403,890.07056,-30.048538,272.58466,699.7503,-539.3942,565.078,889.06726,-71.12236,282.06824,703.3893,-542.2725,550.5411,881.4668,-26.214481,287.05264,695.1798,-490.6282,245.11464,732.36,121.73876,195.40729,682.1145,-121.50742,288.05585,879.45807,-136.99997,97.14828,850.0381,-271.157,99.568665,887.48267,72.5772,-23.895222,1018.0879,-243.34773,71.877625,867.2051,86.89642,-46.66473,1033.8481,-248.05515,52.799736,951.6193,-16.323786,13.582899,1087.8905,-441.5564
patada_from
IMG_20241115_104116 (1).jpg,patada_from,493.30597,602.9122,-248.29404,508.41623,603.7219,-212.01189,510.1462,607.7627,-212.15038,511.4589,611.693,-212.34714,502.2457,590.40155,-223.99477,499.31436,585.3884,-224.03491,496.11118,580.8296,-224.03732,507.1924,617.0122,-34.738487,486.6279,575.7359,-87.20635,481.5618,616.4519,-184.19366,472.64944,600.0549,-199.52756,451.406,678.0105,123.80932,396.04108,564.1817,-125.97956,485.2214,773.2057,168.28635,269.84616,576.7164,-275.24817,527.439,850.8322,23.909563,277.3209,676.3642,-457.82596,552.11597,878.7738,-9.61229,267.11002,701.8476,-512.2308,545.41364,877.3172,-49.362373,277.29208,704.86865,-517.50903,544.04486,872.39044,-1.0910783,282.06668,696.74133,-461.42862,244.35138,735.8606,123.69069,193.63788,685.59973,-123.49515,288.47702,888.71716,-121.82311,92.49688,858.1982,-281.64426,100.03757,896.84985,91.83636,-26.084354,1019.2534,-258.06772,68.3131,876.0511,106.35977,-49.81819,1032.7185,-261.77835,52.85899,969.8982,7.2952437,10.608566,1090.6959,-452.142
patada_from
IMG_20241115_104116.jpg,patada_from,492.74255,601.2087,-251.43517,508.34677,601.9392,-216.14809,510.2828,606.19476,-216.28168,511.82892,610.12744,-216.4809,501.3466,588.2448,-227.24544,498.25522,583.112,-227.26625,495.20544,578.57434,-227.24301,508.06076,615.0735,-39.912086,487.70032,573.14014,-89.20894,480.7762,615.35925,-187.57301,471.64606,599.1662,-201.9895,455.06677,676.3021,115.7031,395.36835,561.7477,-123.89047,489.47293,780.4349,164.8032,271.40372,574.402,-273.82657,529.56134,860.7871,21.953266,277.34024,671.30035,-460.80472,554.295,886.50397,-10.850766,267.45734,695.191,-514.9008,558.8973,888.40454,-51.980293,277.03815,697.484,-520.80554,547.0596,881.3095,-3.0792916,281.73276,690.10895,-464.9538,242.04723,735.1077,119.33545,191.56082,684.92615,-119.15691,291.56064,890.4081,-123.671265,93.14387,855.83997,-255.2406,93.960724,900.32495,83.75837,-26.378668,1010.0416,-216.26285,63.025345,877.97485,98.16442,-48.626755,1022.08374,-217.60846,42.41108,973.18713,2.8013084,8.098448,1088.5522,-396.01288
patada_from
IMG_20241115_104425.jpg,patada_from,589.605,671.93176,-136.8867,603.94147,663.877,-95.66512,603.87604,664.7396,-95.73909,603.7836,665.5283,-95.84127,602.74554,655.23224,-138.38828,601.83746,649.63434,-138.49081,600.99274,643.9355,-138.44368,595.90894,650.10974,89.77173,592.9367,623.55005,-110.53425,572.2641,672.25586,-67.49516,571.109,662.887,-125.95512,508.52554,690.6492,234.08112,494.10504,559.0043,-167.79051,525.79785,822.624,284.0973,383.38242,490.17685,-395.39835,534.1098,930.75757,111.52573,367.23935,590.37756,-603.3195,556.44336,951.1024,101.325325,363.56198,612.8517,-655.2351,558.0953,951.2469,50.99019,375.65286,616.17737,-638.13464,548.89215,946.0481,83.72103,377.6652,610.7415,-597.8678,301.4763,729.40295,171.94751,288.2359,680.0011,-171.65193,273.97916,921.05945,113.17788,328.46857,884.0294,-293.61404,79.778854,938.75336,145.85782,277.84433,1124.9651,-346.329,40.33856,916.9551,143.17688,243.16501,1163.7126,-355.7951,35.435993,1035.0923,43.099243,357.44022,1194.4868,-489.7651
patada_from
IMG_20241115_104426 (1).jpg,patada_from,585.5241,679.21136,-114.463745,597.93445,669.6732,-78.88575,597.8426,668.98425,-79.006615,597.7795,668.1048,-79.13726,597.63403,664.0123,-118.56588,597.4032,659.6172,-118.62897,597.0971,654.57275,-118.595245,588.4255,648.91736,80.79527,585.7636,632.34937,-105.25579,567.4965,676.2295,-53.826363,565.8959,670.45807,-108.379105,495.7665,690.7093,186.16751,481.76773,570.282,-147.55385,512.01776,825.7395,192.59477,372.48575,506.54922,-290.33853,524.6874,951.61914,3.389939,348.15326,604.27277,-400.46234,551.01385,963.0641,-6.910702,345.35187,626.76154,-437.0803,551.3472,964.5741,-56.751564,355.0768,630.4337,-428.89798,539.24963,960.973,-22.575605,357.21686,625.291,-398.00677,297.23953,729.69104,149.94576,280.98404,693.636,-149.54128,254.14388,916.0023,146.28078,283.85068,891.4739,-358.65857,76.38513,949.2174,203.49942,277.28897,1131.0605,-501.66223,39.497845,933.0936,203.3088,269.12448,1164.8557,-521.47656,35.81543,1041.7397,91.45616,356.93628,1194.5631,-681.5034
patada_from
IMG_20241115_104426.jpg,patada_from,584.3875,681.6468,-114.46565,598.3269,670.6886,-76.809944,598.0804,669.97284,-76.90918,597.7171,669.0866,-77.03368,597.5031,665.2306,-121.58575,596.6931,660.70807,-121.66196,595.7093,655.8773,-121.62811,586.77026,648.2716,90.821625,583.46765,633.3202,-118.589195,565.4571,680.2701,-51.31616,563.8956,674.535,-112.4616,496.73306,683.0201,212.3839,481.79193,576.1936,-172.07306,516.2123,820.9002,229.6758,372.9345,503.86163,-365.4524,529.3698,942.5707,30.685268,350.60318,603.12134,-518.53467,555.5272,957.7407,17.845667,345.71262,628.22424,-562.7996,557.92645,958.82764,-33.07156,359.3764,631.9441,-547.7451,546.7163,955.7649,2.3409703,362.25043,626.04285,-513.8596,291.263,731.4049,162.82751,277.78494,702.2853,-162.44499,263.44528,921.75305,138.40947,301.50546,891.9375,-260.54102,81.04677,942.89246,187.26874,276.5535,1128.9791,-307.80002,42.353348,924.9608,186.18954,249.72679,1163.094,-317.42322,32.354244,1032.9673,87.101364,342.7265,1194.733,-446.99246
patada_from
IMG_20241115_104427 (1).jpg,patada_from,578.5952,688.2394,-98.457985,594.4482,677.7799,-64.81593,594.1489,677.0132,-64.94993,593.7922,676.1747,-65.078094,593.9409,672.61346,-107.8161,593.27405,668.1942,-107.900475,592.56494,663.46,-107.90587,584.54065,656.62366,90.359505,583.00806,641.6847,-110.72896,559.48486,685.7187,-38.960136,558.5775,680.2894,-97.78003,488.8612,673.5614,201.55563,484.95462,592.03845,-156.67345,446.51794,739.5697,218.34343,375.8731,512.9721,-350.31735,461.76407,810.0284,13.913752,354.01624,609.00244,-514.88837,464.10712,831.2747,-4.409303,347.78467,630.5376,-570.72076,478.21588,826.57294,-51.201412,360.54306,634.83954,-547.4835,472.99884,818.62006,-9.799686,365.41946,630.78894,-507.61716,292.62625,729.66956,165.4593,284.33444,709.6796,-164.96078,250.51791,923.0254,111.7256,279.46606,905.5353,-278.24252,73.924385,952.7827,133.51581,272.8654,1135.3726,-359.54037,38.373398,935.4214,129.51393,245.01688,1167.8003,-372.3324,30.169659,1037.7285,29.518518,354.06744,1197.2719,-499.85754
patada_from
IMG_20241115_104427.jpg,patada_from,584.2464,683.00134,-103.94813,597.8555,672.7878,-63.581802,597.5204,672.57697,-63.676193,597.13,672.2657,-63.79889,597.1349,666.2521,-104.28252,596.2637,661.44293,-104.357285,595.23987,656.2149,-104.32143,585.6889,654.2291,113.49521,582.6302,633.50354,-78.01979,563.8739,682.4308,-37.91668,562.726,675.24835,-94.099106,490.8698,690.0628,237.03806,480.1655,577.6621,-131.1197,506.80542,824.1112,263.12384,371.80716,508.92047,-327.63004,520.2796,936.1527,83.20125,344.85126,606.5603,-493.75266,543.1909,956.34955,75.29715,336.89508,627.41547,-537.7031,544.6575,956.6797,26.81852,348.37787,631.78284,-521.7957,533.39325,951.2115,57.24519,351.33398,627.28723,-488.81403,291.72867,732.78577,161.73077,281.96408,695.0147,-161.39113,251.32043,923.5806,128.83095,287.4839,895.2389,-300.48074,72.20693,952.81976,155.0716,272.942,1131.6881,-403.07706,36.838146,934.1635,151.47386,242.40334,1164.6377,-418.44983,30.032824,1040.1299,45.568962,355.67593,1198.2399,-563.9865
patada_from
IMG_20241115_104428 (1).jpg,patada_from,577.94946,687.83936,-87.993904,593.5016,678.27325,-55.32317,593.11176,677.96783,-55.460342,592.68384,677.6625,-55.59366,593.0665,672.4662,-97.34285,592.33057,667.785,-97.41406,591.6131,662.8962,-97.41059,583.6249,659.7281,92.58665,582.487,642.06085,-103.119446,559.4282,685.42224,-31.158289,558.71075,679.11426,-88.44062,486.05145,668.98145,192.0948,486.42816,599.33466,-147.98453,439.3891,726.72003,212.58597,376.838,515.515,-310.06052,450.92447,800.5853,10.045209,357.7536,615.6886,-426.66312,452.62497,821.78394,-8.266201,354.2859,639.40106,-478.0493,467.79108,818.2893,-59.7185,366.50198,643.62115,-453.2265,463.2441,811.0345,-15.052622,369.93283,640.9476,-418.0915,291.15268,731.0959,156.66634,287.92517,710.38055,-156.13698,241.06728,915.37524,121.760925,285.2211,909.1179,-213.29634,66.20293,959.5673,156.56456,278.97638,1144.3486,-267.502,35.25736,935.9907,154.2108,253.89061,1174.8566,-278.2752,31.093111,1042.458,55.892136,357.89624,1202.8383,-395.56067
patada_from
IMG_20241115_104428.jpg,patada_from,582.24335,688.48364,-111.3244,596.07544,678.465,-74.378265,595.7831,677.8333,-74.49856,595.4528,677.1301,-74.63126,595.3667,673.32,-117.4473,594.559,669.0868,-117.529625,593.6866,664.4501,-117.53823,585.47217,658.1843,88.85719,583.31354,642.3993,-112.84039,562.873,686.395,-49.645847,561.61566,680.8923,-108.65539,492.47925,682.1372,210.12256,486.81064,589.4786,-164.6221,471.45242,799.44305,230.5304,374.20465,511.39838,-365.41278,499.1749,895.4465,32.961086,349.2026,609.3523,-528.66614,539.54126,951.3646,21.425379,343.2492,631.481,-579.32416,542.725,952.9524,-26.620525,356.974,635.2706,-558.9654,530.23956,942.9725,7.2822833,359.7196,631.1773,-522.4063,294.61273,730.70807,166.78246,284.0734,706.6754,-166.32648,252.74307,922.9871,139.98988,278.7233,904.95935,-293.6161,71.51563,949.6443,186.63263,270.16696,1134.9803,-374.6306,35.995052,932.5735,184.56223,243.25616,1168.4028,-388.31146,32.589653,1037.8595,83.73059,353.309,1199.5189,-527.37396
patada_from
IMG_20241115_104429.jpg,patada_from,584.7841,687.77655,-131.46904,598.2575,679.15686,-93.65578,598.02747,679.12634,-93.74998,597.75287,679.00543,-93.87865,597.4814,672.287,-131.43205,596.74097,667.2399,-131.52007,596.08875,661.7887,-131.49382,587.7354,661.32074,77.58407,585.6811,638.7667,-100.33869,565.5623,686.61163,-67.25419,564.5114,679.0176,-119.50404,493.38614,692.1563,198.5726,484.00912,582.4115,-142.9443,509.26868,831.1135,221.19066,378.06952,511.17264,-320.17526,523.96295,940.3667,44.692314,351.8061,609.92255,-469.41135,546.23517,961.85376,36.124413,346.35635,631.90906,-511.42908,548.81714,962.76245,-11.128667,359.12515,635.5759,-496.55234,537.98944,957.4971,19.19453,361.6277,630.6459,-464.66272,296.617,739.4742,152.09554,284.3729,700.77356,-151.67471,250.55884,928.61255,134.42845,284.38235,898.00964,-305.59863,68.03438,952.15936,179.55045,275.88907,1134.7755,-413.70688,33.299946,937.0338,177.86375,272.40237,1159.7938,-429.53238,32.135483,1043.0669,69.64159,359.55566,1199.0265,-576.9595
patada_from
IMG_20241115_104430 (1).jpg,patada_from,577.1215,682.27716,-150.94102,592.24445,672.7577,-111.3871,592.13245,672.8769,-111.47938,591.9951,672.97723,-111.59758,590.90594,665.61487,-153.4754,589.83954,660.4705,-153.577,588.79767,655.3437,-153.55103,583.8194,656.0945,69.09606,580.39746,634.42175,-129.05142,559.2417,681.31805,-83.00456,558.0761,673.3678,-141.07118,493.65863,691.2803,206.42285,479.5795,578.45465,-173.14334,505.16562,822.57153,244.34113,365.81723,509.8442,-384.7724,523.11365,930.4844,60.696213,349.82452,610.6461,-580.47687,543.98016,952.0857,50.33204,343.99542,633.1455,-632.7314,546.77136,953.24805,2.8443315,359.01865,635.8649,-613.374,537.0595,946.7561,34.665855,362.2091,631.47546,-574.18195,295.95163,739.91974,159.08775,276.07126,699.53845,-158.61983,242.96263,915.82776,131.88452,285.3758,891.1067,-315.1371,73.472725,954.09247,181.43462,271.86417,1129.2869,-423.8742,35.904007,934.7101,179.59578,265.6412,1157.5771,-439.82697,31.736305,1040.6151,68.189384,349.17285,1194.3077,-592.3742
patada_from
IMG_20241115_104430.jpg,patada_from,579.19946,683.0266,-140.50526,594.4402,673.6687,-102.271935,594.31775,673.8909,-102.366425,594.11224,673.99426,-102.48435,593.03015,665.9446,-142.61418,591.9507,660.70215,-142.722,590.9363,655.5675,-142.69318,584.75964,655.95404,72.880615,581.56335,633.6734,-116.80504,560.5421,682.3172,-74.45911,559.1027,673.6774,-130.0285,493.83426,691.2837,203.89966,480.55685,578.20294,-160.25061,507.2239,825.11707,237.62497,367.79102,509.40588,-353.46988,522.93787,933.66394,57.4716,349.22958,606.88806,-530.8759,547.1571,955.5313,46.251785,344.37753,630.1301,-578.0451,549.0432,954.6239,-1.0248922,360.1823,633.54297,-562.08075,538.70215,950.094,31.38048,363.0034,628.2521,-525.4813,294.88297,743.1473,154.70734,277.8014,697.62054,-154.21843,253.49939,929.5736,137.93599,288.55017,893.75354,-328.9518,72.85652,952.3003,189.25404,272.20258,1136.7771,-445.5813,38.556282,933.95325,188.04599,242.1507,1168.9807,-461.5409,31.01966,1040.4801,79.786156,348.5089,1194.4043,-614.01544
patada_from
IMG_20241115_104431.jpg,patada_from,585.0883,685.4965,-145.1744,597.8193,675.44653,-107.87777,597.77606,674.697,-108.03129,597.68396,673.8435,-108.18185,596.592,669.75854,-155.73125,595.66394,665.17126,-155.79768,594.5873,659.98224,-155.76993,587.67883,654.51385,62.6573,583.38824,638.194,-160.58864,565.21216,682.2645,-79.89004,563.27966,676.6965,-145.12843,496.94577,696.4825,189.8784,482.07605,578.3977,-215.79436,503.30618,828.25385,217.53217,369.06415,522.6312,-399.07834,519.467,949.39014,40.71353,304.7752,606.564,-567.29736,542.19147,966.7001,34.783157,285.67575,618.0935,-617.922,543.41895,967.33374,-23.032007,294.5839,627.9297,-611.96686,531.7956,962.2381,11.949055,301.37952,627.26086,-566.88837,297.67242,735.6659,171.24419,279.2754,708.1009,-170.82419,253.67384,921.867,185.80695,280.05557,895.7433,-365.9434,72.652504,951.4935,264.8501,259.3982,1135.7762,-483.47714,32.957783,934.30835,266.76398,244.64653,1172.3768,-501.4892,35.500732,1035.1602,158.40591,348.47162,1200.6023,-671.9678
patada_from
IMG_20241115_104652.jpg,patada_from,305.26938,775.9325,-202.85298,318.72015,768.9961,-184.31848,319.21393,768.15906,-184.55046,319.68597,767.01404,-184.83853,317.082,765.5477,-215.35146,316.44977,762.348,-215.35443,315.7944,758.815,-215.36324,312.42276,747.7245,-82.24548,307.77725,739.3296,-222.32736,292.28717,774.8469,-162.18886,289.22885,770.8151,-203.19212,252.7201,785.1336,-1.2057692,231.0322,730.24176,-271.18274,270.039,891.057,-7.289724,197.06711,845.8491,-354.79388,309.15622,995.9083,-118.157715,218.08041,930.7202,-375.60663,329.22275,1016.94763,-132.15236,203.26402,951.2354,-418.15002,332.13943,1020.6446,-173.79323,216.86038,956.4259,-413.58215,321.9405,1014.0819,-138.54141,219.96927,948.1861,-375.81323,105.79105,845.80756,80.78009,54.5263,821.4804,-80.92805,156.01883,1026.3333,40.279423,46.60379,979.42346,-140.61543,163.37767,1190.2819,-0.85253626,91.31939,1015.10803,87.97769,158.41396,1189.8071,-8.112783,101.91618,1012.0331,114.50569,197.88608,1222.0111,-73.45033,107.736786,1059.1278,114.81561
patada_from
IMG_20241115_104653.jpg,patada_from,304.8195,776.54407,-162.75189,317.7604,768.77814,-145.61212,318.18695,767.6084,-145.85332,318.6701,766.10834,-146.16077,316.93738,766.2701,-171.98979,316.70892,763.4494,-171.9846,316.45908,760.38513,-172.01772,313.04684,747.3713,-52.939983,309.66898,742.91504,-171.86258,291.85248,774.58563,-126.19938,289.96725,771.5744,-160.96599,251.557,778.32056,13.5125065,237.50629,735.6556,-213.68207,264.42044,879.8443,12.3365,218.63443,859.0354,-278.84467,298.09174,989.7657,-90.90741,226.96097,938.97107,-277.1712,315.45215,1017.4664,-104.11981,212.61613,958.7871,-312.03363,316.80206,1019.107,-138.76543,229.0458,965.0178,-308.82587,307.8573,1010.6896,-108.50518,236.41037,976.7964,-277.83646,100.40479,843.98755,68.28289,63.772938,824.35815,-68.316414,132.51306,1031.3041,29.077366,53.68002,995.4626,-93.94967,166.90128,1150.6257,3.692947,119.08459,1084.664,48.697456,161.69249,1160.4979,-1.6430551,125.5386,1088.9342,64.0198,199.78162,1186.8274,-74.291504,153.38062,1128.7974,23.46953
patada_from
IMG_20241115_104654 (1).jpg,patada_from,316.9313,790.10565,-199.01587,330.84412,782.5128,-181.41634,330.99048,781.76526,-181.68788,331.11697,780.8224,-182.01807,329.40924,779.00446,-208.74046,328.51254,775.67206,-208.72649,327.5369,772.0116,-208.75026,322.90665,762.5543,-80.91059,318.44086,752.8494,-203.51756,302.4471,788.30634,-158.84663,299.97446,784.42017,-194.63504,258.25607,792.09595,0.33716026,244.14522,731.63257,-240.34103,257.65887,894.4958,1.892955,211.55615,859.11926,-294.65457,277.545,994.4919,-114.65662,231.9807,944.95056,-298.10486,270.57645,1018.24066,-129.05585,225.27144,972.85126,-336.77515,271.9456,1019.2938,-166.44374,237.64047,987.5698,-335.91428,265.68457,1009.70374,-132.74786,237.5155,978.47375,-299.5536,114.589096,851.5673,79.43136,69.52606,822.2412,-79.54617,157.63629,1030.4827,48.034172,67.7847,978.82697,-113.57334,168.36517,1166.4365,8.885,116.53106,1057.8423,77.04388,159.00142,1178.3776,2.5889368,121.7557,1058.4944,99.07059,192.6175,1213.7483,-66.893486,139.43463,1106.6836,85.27832
patada_from
IMG_20241115_104654 (2).jpg,patada_from,316.64117,798.13257,-53.060402,330.44247,790.23895,-31.07153,330.62164,789.20355,-31.31004,330.7474,787.91046,-31.575075,329.55872,787.3774,-63.70437,329.0441,784.242,-63.672756,328.38043,780.71344,-63.70412,323.68753,767.74567,75.78632,320.1641,760.8949,-72.80145,301.70413,796.2173,-11.697904,300.13138,793.09235,-55.215054,257.0968,789.24536,143.45595,248.08339,740.6025,-137.31503,253.04076,884.26196,128.73808,225.51366,844.3086,-207.24869,266.7811,969.9371,-54.85042,219.17856,936.5958,-204.76567,267.1037,995.00183,-80.3144,202.54082,958.0004,-237.3463,269.8906,989.5609,-110.78785,210.44449,958.3428,-239.27458,266.60208,980.0079,-72.956276,216.26465,954.29285,-205.7022,114.16289,850.9132,95.48054,72.65103,828.2665,-95.39149,160.29074,1041.0841,56.992645,83.579926,982.22,-142.66339,167.59273,1211.6237,7.1198425,141.10336,1104.2025,-35.826355,155.5279,1212.9021,-3.1050763,143.87404,1114.3411,-21.961319,199.99687,1240.5342,-90.182335,177.38438,1157.9084,-64.87558
patada_from
IMG_20241115_104654.jpg,patada_from,314.4182,784.6736,-79.16067,330.04907,774.7705,-77.61648,330.08145,772.6047,-77.86673,330.0573,770.21045,-78.15702,330.0787,775.9024,-109.52185,330.0808,774.6039,-109.498665,329.98972,773.11316,-109.517975,323.28992,751.73004,-49.41704,322.50784,754.4712,-192.34769,301.07986,781.26013,-64.27386,301.09726,781.70825,-105.619675,259.40555,750.7584,7.7756476,240.9683,773.08527,-266.4366,251.00696,861.87036,15.9391775,223.43657,911.9882,-311.36536,282.0474,965.15106,-73.63065,253.7674,1003.43195,-295.9065,286.4501,994.1703,-84.54328,259.2806,1025.969,-339.09778,285.58783,1001.93604,-125.43827,270.77332,1019.98,-329.19785,275.93533,994.5776,-94.24052,265.30743,1011.658,-295.38965,96.291916,820.8661,87.1682,64.521164,833.9483,-87.12,162.79529,961.1315,111.49317,91.36434,986.2115,-145.72945,140.67139,1026.1715,158.28247,109.65269,1038.4634,73.31996,131.18428,1026.4089,162.56407,110.59794,1033.1924,99.847176,154.81819,1057.9188,142.65715,131.5973,1083.6476,115.669785
patada_from
IMG_20241115_104655 (1).jpg,patada_from,317.30716,783.37585,-210.94548,334.407,775.8491,-196.0263,334.76758,775.03754,-196.31577,335.14346,773.9949,-196.69551,333.19022,772.12427,-221.36073,332.6915,768.8164,-221.34789,332.1863,765.36676,-221.40999,327.76254,756.70166,-94.66381,324.8748,749.3042,-207.16566,303.50726,780.4285,-168.71094,301.91446,776.20844,-201.81837,273.00726,784.4707,-10.913606,244.21867,725.3928,-230.49982,264.86206,893.48206,-3.6267788,201.44102,852.0708,-270.82028,286.954,988.2449,-119.82323,226.55461,940.42145,-297.3872,306.0691,1015.7159,-132.03427,236.72887,987.3451,-338.43765,307.85468,1015.0394,-171.21207,239.04745,961.2464,-335.7082,289.05057,1002.97437,-138.47668,249.19342,975.3082,-298.35754,118.57632,857.58105,71.08627,73.288704,831.81226,-71.222496,167.08673,1040.4518,26.463285,35.656338,978.6974,-136.15306,162.9169,1164.2633,27.759726,112.367,1027.8486,113.88375,154.02248,1171.9689,27.602957,127.579704,1019.13794,145.22128,174.86388,1215.118,-22.62269,124.06972,1078.1997,158.10228
patada_from
IMG_20241115_104656 (1).jpg,patada_from,325.17923,800.47156,-139.66743,338.446,793.29865,-116.7838,338.76068,792.5204,-117.032646,339.06168,791.45575,-117.31912,337.15924,789.1397,-145.82909,336.50693,785.46747,-145.8176,335.71973,781.3772,-145.83766,331.72928,770.8627,-8.071738,326.6629,761.5392,-139.87292,310.8711,798.76355,-98.26305,308.3591,794.5214,-136.62863,272.7385,805.3025,59.641,251.15735,738.3285,-191.59767,279.76236,906.45557,46.44778,204.10143,829.01404,-266.27878,298.25226,1008.31274,-90.08755,207.41713,923.186,-276.86975,310.8271,1031.6959,-113.26959,196.31883,947.61847,-312.3193,310.61838,1028.8779,-147.28613,204.28554,955.1016,-314.3953,303.41205,1017.8192,-109.23717,213.40337,948.2507,-279.00766,122.24686,860.84467,83.699486,80.76029,827.76624,-83.729744,170.75186,1030.5048,30.185478,106.282196,991.50964,-113.88631,165.43314,1169.7463,-11.028319,113.398155,1110.512,-20.679516,152.663,1183.5613,-19.83475,107.7804,1118.9072,-11.798762,191.75192,1216.9154,-101.21078,139.034,1166.9769,-70.924995
patada_from
IMG_20241115_104657 (1).jpg,patada_from,324.5709,798.5727,-193.96622,337.70145,791.4196,-172.20541,338.12494,791.11255,-172.42473,338.60205,790.6714,-172.71898,336.07675,786.31445,-198.25705,335.274,782.36786,-198.26387,334.42902,778.30676,-198.2953,331.7942,774.9857,-57.295666,325.5027,760.8489,-174.27261,311.09888,797.9697,-149.36426,307.28098,792.378,-183.8085,273.96408,813.5779,20.27589,252.32098,739.1242,-224.06004,279.224,916.73364,13.172562,216.79637,835.252,-307.99713,299.3724,1028.5153,-96.46252,206.55212,934.7061,-338.60608,312.0004,1051.4198,-107.80294,193.315,962.40247,-375.16522,315.40134,1052.5322,-147.77751,204.83043,968.60504,-372.06787,307.96188,1044.763,-115.66789,208.72913,959.5105,-338.4989,122.99894,867.73737,75.238846,75.1584,833.49475,-75.443474,162.96758,1054.8497,48.352085,47.747677,979.33417,-131.9894,163.36745,1197.0437,-2.939916,132.75224,1061.747,86.00092,153.70135,1210.6471,-10.443836,146.33234,1063.5385,112.08996,180.71724,1244.4606,-81.598434,155.26665,1110.5409,107.05845
patada_from
IMG_20241115_104658 (1).jpg,patada_from,324.18637,801.30646,-163.12468,337.06216,794.5745,-139.36682,337.49658,794.0426,-139.58646,337.927,793.2887,-139.85298,335.52505,789.86334,-170.23126,334.82986,786.00775,-170.23715,334.01782,781.73816,-170.2388,331.29153,774.6,-21.881828,325.26422,760.9443,-161.4388,310.3923,800.1813,-117.960175,307.21817,794.7016,-158.8527,274.8748,813.45544,54.044987,248.01465,737.471,-227.57132,282.6614,917.9078,46.265373,212.1838,832.45874,-345.16193,302.55536,1014.4522,-75.502235,202.35497,924.53217,-384.12918,318.47955,1042.6927,-91.226585,193.42166,954.064,-424.93182,320.15918,1041.0808,-131.44858,202.8074,957.2424,-421.7202,312.45456,1032.3492,-96.08131,207.62112,951.1553,-384.764,117.50238,866.569,85.461136,68.97139,830.0763,-85.5265,155.7006,1049.4799,50.2486,51.55427,962.20325,-143.69638,157.37076,1186.4753,2.537969,116.997505,1035.0721,62.532635,145.85443,1198.551,-5.4055133,126.070045,1035.7662,86.592606,181.17517,1236.4586,-74.74309,138.98248,1080.3164,73.97317
patada_from
IMG_20241115_104658 (2).jpg,patada_from,322.8736,800.70526,-141.06602,338.5449,793.7471,-119.19385,338.91968,792.72437,-119.42738,339.2579,791.4308,-119.67831,337.3388,790.4831,-153.84981,336.82812,787.20044,-153.85133,336.22815,783.4791,-153.86905,332.09528,770.335,-9.828318,327.98135,763.6011,-166.88945,307.68704,798.1182,-98.381165,305.61368,794.02344,-144.18329,272.9122,793.5681,69.3437,249.6466,746.31415,-230.51718,283.5266,903.54346,74.87939,206.03209,851.2304,-316.08963,302.06018,998.7477,-60.330017,202.96596,936.8566,-312.49594,317.1783,1027.2109,-79.74319,192.40948,962.9856,-351.77808,317.7115,1021.61804,-118.16253,205.77795,969.0437,-351.54202,302.5325,1009.2317,-80.91382,208.86984,959.9195,-313.58533,109.06996,861.55725,92.27525,68.91089,831.0044,-92.2611,151.58873,1036.295,30.599998,75.623314,981.0294,-132.0524,164.11081,1180.6106,-20.888556,99.53448,1080.2648,12.134486,154.35779,1198.1759,-31.191135,99.48115,1082.9817,27.78125,198.61574,1218.4504,-116.52717,123.78414,1137.0051,-9.803039
patada_from
IMG_20241115_104658.jpg,patada_from,326.57422,798.02014,-198.5944,340.6031,790.4102,-177.77138,340.73703,789.81055,-178.0033,340.87198,789.0778,-178.29219,339.37872,786.28876,-209.59987,338.5293,782.54034,-209.60875,337.58273,778.5283,-209.6574,332.9255,771.535,-67.37261,327.53125,759.36395,-210.11816,312.93243,796.7484,-155.00319,310.6984,792.12256,-196.6032,272.00977,806.8171,22.15907,250.49149,738.9627,-264.12405,279.53833,912.4348,26.546263,213.57253,833.1481,-339.52594,293.68173,1010.8146,-96.80687,205.04,932.2937,-334.20715,304.47632,1038.9365,-115.52036,191.99629,963.89215,-369.73962,306.8737,1038.8893,-152.6509,197.13661,969.00726,-371.90256,289.60828,1022.4868,-116.35782,205.85025,962.05396,-335.41968,121.416306,869.6008,87.738846,75.228485,832.8791,-87.88425,166.57166,1040.0608,47.61048,72.71315,990.9938,-131.81789,164.87112,1177.9286,16.646769,86.394775,1080.4469,41.441456,152.62534,1190.6643,9.81385,85.846535,1081.7256,60.675632,188.96457,1228.5796,-58.41678,100.9101,1134.695,34.650146
patada_from
IMG_20241115_104701 (1).jpg,patada_from,317.1901,759.9635,-273.2196,331.20618,758.1758,-250.40073,332.57303,760.953,-250.4247,333.77066,763.435,-250.58679,326.237,748.2119,-268.06448,324.35336,744.6054,-268.05646,322.6393,741.1567,-268.06854,328.24832,759.683,-124.57644,316.4857,734.7278,-205.24768,304.61536,770.6412,-224.38937,300.6795,757.87103,-247.52368,279.72403,805.07263,3.6836684,233.70328,711.13434,-208.69157,282.66937,918.6988,86.770134,116.517395,671.21655,-262.6801,315.6782,1015.2233,-10.212367,116.12171,763.92896,-301.75616,337.02316,1035.0316,-22.769125,109.09538,784.8318,-322.45273,336.92383,1036.9468,-62.122505,123.87986,789.6736,-312.1938,327.98026,1029.3375,-31.681862,127.50928,783.3436,-294.85422,108.13719,866.8159,104.046875,52.754536,842.8356,-104.1211,163.14626,1020.6226,83.73724,55.585724,1036.2501,-262.665,93.80203,1029.7494,270.1379,20.9974,1001.91455,117.83035,81.047935,1014.8141,290.2461,16.302296,974.016,166.0549,74.49786,1076.2332,311.52594,-1.9244742,1045.9083,232.26244
patada_from
IMG_20241115_104701.jpg,patada_from,320.424,789.6,-192.39122,333.7062,782.02216,-168.94174,333.5712,781.8088,-169.01236,333.42346,781.58636,-169.20676,331.71857,777.0692,-193.24841,330.21265,773.4783,-193.24312,328.71484,769.9463,-193.29936,324.7394,767.5835,-60.292454,319.804,754.8385,-171.20264,306.5905,789.6567,-151.4793,305.6232,784.498,-183.4095,276.5236,809.5541,21.610281,236.90802,716.21326,-182.37743,277.73065,921.678,58.582306,119.61062,666.42957,-219.28102,319.2079,1022.6246,-35.47978,113.30689,756.03296,-202.51079,340.33472,1039.4719,-45.376812,105.85102,775.8129,-209.53305,340.60895,1040.0908,-78.29455,120.23133,779.9322,-202.6988,332.84277,1033.2965,-55.080666,124.38463,774.70984,-196.30243,103.35591,866.4651,94.214966,51.408527,844.5712,-94.19622,160.53784,1023.95984,100.965836,58.21625,1031.107,-244.99,105.306274,1014.70465,190.63536,26.352411,965.71625,131.12578,94.50487,999.775,201.83154,22.302475,937.3928,177.73462,88.94918,1049.1942,225.42441,8.194235,993.3172,254.64778
patada_from
IMG_20241115_104702 (1).jpg,patada_from,324.05942,757.0155,-180.5668,336.9221,752.1728,-158.67932,337.58755,753.5315,-158.71954,338.17972,754.89465,-158.8726,334.26437,746.8591,-172.26527,333.13303,744.8644,-172.26407,331.9876,743.0703,-172.31497,332.78943,753.51715,-52.934464,326.7346,740.4505,-113.61617,311.8587,764.55817,-141.44135,309.65668,757.702,-158.79367,279.07837,802.71936,46.227196,248.05086,723.864,-132.09773,284.37195,921.8745,89.09211,132.12999,663.2254,-139.26277,316.0491,1017.1715,-25.314816,135.38728,754.3634,-98.5565,337.27505,1027.9529,-37.527676,133.39282,773.4574,-103.59061,340.79468,1027.7976,-70.815094,144.6561,777.0395,-93.44699,338.46115,1019.4244,-44.88283,148.2899,770.7633,-90.89406,103.56967,861.1212,95.846886,59.794613,847.87665,-95.993774,157.37144,1014.7888,97.28401,55.824688,1035.0516,-246.2843,92.44948,1017.9566,225.68362,18.98537,991.8399,115.63216,80.7814,1004.1987,240.51094,14.80131,963.6897,162.38554,76.11627,1057.2966,266.7282,0.19869268,1029.2102,245.07811
patada_from
IMG_20241115_104702.jpg,patada_from,318.75354,764.2356,-234.65681,332.39847,760.25867,-211.74971,333.5345,762.257,-211.80383,334.5431,764.0994,-211.97984,328.27325,752.21155,-228.61163,326.70734,749.18976,-228.59628,325.19073,746.43646,-228.62254,328.90973,759.6373,-91.561195,319.32858,740.31244,-167.06566,306.8523,771.77576,-188.7017,303.42313,762.4,-210.28957,276.807,810.21844,25.909399,238.56065,719.8827,-173.78635,282.57394,923.76733,83.659904,117.593254,675.8847,-212.13907,315.85345,1023.64,-27.713825,118.202545,769.0978,-235.11058,338.75464,1038.7864,-43.250748,114.49775,789.2494,-251.29001,339.63724,1040.5114,-78.91989,128.39705,792.04376,-244.65709,329.93616,1034.9531,-48.12333,130.62274,786.15265,-229.2376,102.58246,867.2727,104.86704,54.68505,847.1034,-105.037506,154.80919,1025.9224,96.22576,54.554447,1038.5651,-264.04303,96.03241,1024.5566,241.8211,32.399876,991.39594,120.990906,85.79472,1009.37976,258.07632,30.153662,962.52203,170.06647,76.89,1062.1538,281.16135,13.763133,1026.1914,251.36502
patada_from
IMG_20241115_104703 (1).jpg,patada_from,326.1771,744.0351,-78.93671,336.50006,740.3274,-80.678314,336.45865,740.6357,-80.802734,336.35513,740.9872,-81.00185,335.83426,739.8933,-86.248825,335.2834,739.9043,-86.29433,334.68143,740.0065,-86.48396,331.214,745.2347,-50.889847,330.70267,743.519,-73.610374,313.3477,751.43677,-64.29768,312.48505,750.2064,-70.48906,267.02917,793.2798,17.624828,252.6749,726.3067,-112.78419,204.47853,804.71606,56.120926,192.84741,753.9984,-116.45655,214.81291,849.1642,-10.793321,219.7319,856.5005,-93.09101,214.99086,866.08325,-25.16374,223.89049,889.93445,-101.692566,222.15285,861.9396,-44.458817,236.70721,889.53394,-101.48579,220.1823,855.72577,-19.552603,232.94698,879.12976,-89.894554,99.46329,862.0496,84.97474,61.3402,854.6505,-85.05394,163.04472,1027.1272,80.55192,68.32775,1039.8262,-226.73459,104.254684,1029.8862,118.30802,44.789566,983.6618,122.63312,94.27559,1021.7178,123.37956,44.839333,959.0636,168.6187,99.00576,1050.4265,153.02623,38.62869,1005.901,279.4891
patada_from
IMG_20241115_104703.jpg,patada_from,326.57367,740.12146,-218.90474,338.46286,739.0957,-205.07903,339.39206,741.9043,-205.13303,340.21344,744.80475,-205.32104,335.21252,732.70074,-204.39331,333.86377,731.2838,-204.43782,332.47235,730.09534,-204.52095,334.32697,749.86523,-124.21344,327.1463,733.09357,-118.49283,314.66165,753.08624,-189.48224,311.76852,744.6293,-187.39587,282.38663,814.8062,-18.4785,248.79422,711.8924,-132.95224,286.14822,937.35095,0.694458,152.00037,641.74927,-103.891525,320.13177,1038.0056,-101.32458,142.46698,737.29706,-37.798645,341.2744,1054.8761,-110.26425,137.70059,759.72217,-33.526077,344.42676,1055.7699,-144.27235,147.05228,765.4664,-27.658113,335.5629,1049.1976,-120.70914,148.8118,756.9567,-31.456444,107.055305,856.4454,85.73318,57.503014,841.1294,-85.91581,157.77203,1027.08,81.85278,80.805084,1038.1161,-242.96587,78.750885,1012.567,224.25836,22.510185,986.0475,131.3646,67.13422,997.26306,239.47357,17.46638,958.31793,177.54468,58.299625,1049.0972,243.36302,-2.412942,1022.5554,248.45981
patada_from
IMG_20241115_105019 (1).jpg,patada_from,395.38858,568.8933,-185.41489,407.94528,560.8412,-164.50308,408.33075,560.7073,-164.69473,408.6965,560.5571,-164.88864,405.45026,554.98517,-194.57124,404.0732,550.4822,-194.63446,402.63077,545.6153,-194.59875,399.6035,545.16925,-54.199795,390.68704,526.08655,-186.83122,380.19647,566.77655,-141.03867,377.8722,560.617,-179.6194,343.20752,554.2327,72.3162,305.3205,513.86884,-240.59305,336.88986,649.83276,101.19433,220.73979,544.7483,-293.93472,369.94366,736.6957,-33.794952,267.40723,631.9357,-287.9271,381.0399,761.41113,-50.60185,280.96756,650.06116,-324.1591,390.66757,753.90814,-91.151,294.57782,644.23065,-319.00668,379.0955,746.67285,-56.42902,291.86713,638.22784,-285.52948,181.87051,563.0333,114.2585,143.79288,539.64026,-113.88713,176.94286,711.7079,79.0923,168.14621,700.5226,-152.85078,51.821125,788.9047,108.08706,121.06015,872.2706,-185.61389,25.490705,786.25665,106.070946,96.71867,894.2024,-190.21846,51.578407,843.5406,29.033186,177.03204,933.20154,-275.46054
patada_from
IMG_20241115_105019 (2).jpg,patada_from,397.84293,569.31433,-88.97575,409.60464,559.7029,-69.15176,409.8792,558.68494,-69.37282,410.14612,557.6415,-69.57284,408.03406,556.8524,-106.12639,407.24963,553.75964,-106.16163,406.37057,550.5704,-106.13966,400.23355,540.24084,27.149244,395.32504,533.1531,-138.70436,383.21738,566.5693,-50.32351,381.61542,563.5273,-98.57018,338.309,542.9449,125.91264,315.5566,526.75836,-212.46693,330.6982,643.0386,158.65976,241.65797,565.7614,-269.50406,343.50116,722.04346,34.273003,275.373,637.63007,-228.31952,348.6227,740.2577,23.065876,287.5381,656.35016,-260.7928,350.0391,736.8273,-19.0823,297.72876,648.602,-256.4592,344.4896,727.72327,11.838941,294.95135,645.17584,-226.73683,175.5933,554.4891,123.65154,146.83577,545.20215,-123.25241,170.65022,709.2008,87.17158,167.16397,702.6542,-128.67764,43.96309,782.4634,116.17087,123.08599,871.1506,-142.81718,18.737,778.6154,113.84604,96.6359,898.74316,-146.08583,38.596634,833.1335,39.528442,182.1683,930.92334,-224.65594
patada_from
IMG_20241115_105019.jpg,patada_from,398.00168,570.4736,-181.69698,409.9287,561.3015,-161.90971,410.2534,560.93823,-162.10686,410.53116,560.5733,-162.30891,407.37137,555.98474,-195.10103,406.00452,551.8548,-195.16672,404.59073,547.54913,-195.12921,401.13452,544.9142,-58.52086,393.33853,529.62164,-206.1724,383.15125,568.34326,-140.00026,380.87625,562.8882,-182.95845,344.36844,553.89343,51.907627,309.25003,515.85236,-256.4962,336.94617,649.81067,76.2119,228.76593,549.8302,-306.5944,374.11456,739.38715,-53.573956,271.99493,632.83374,-295.24524,386.41135,762.6728,-70.66353,285.2472,649.72626,-333.48093,390.2866,754.39154,-112.91972,299.7344,644.2923,-328.555,378.9348,746.63794,-76.619095,294.57874,640.14,-293.9313,183.1806,563.2098,112.83089,145.6219,539.38824,-112.3758,174.77602,711.375,66.278946,168.34167,699.521,-141.15878,56.695183,795.172,92.46944,123.643036,866.9629,-159.10748,30.998182,793.2618,90.26639,96.4906,892.30554,-162.59369,57.958557,848.8832,10.392221,173.13092,922.9225,-247.79091
patada_from
IMG_20241115_105020 (1).jpg,patada_from,397.20267,573.8185,-181.17241,409.7515,565.10095,-161.21336,410.02136,564.5766,-161.40352,410.25598,563.99506,-161.59052,407.57538,559.7905,-196.96394,406.3424,555.4916,-197.02084,404.99658,550.7931,-196.97989,399.61456,546.914,-57.126003,392.82944,530.4441,-216.01816,381.56827,570.9439,-138.88582,379.26242,565.0049,-184.96475,341.78354,559.1027,49.529045,306.1839,515.8351,-258.89178,336.2562,652.724,79.2797,222.80016,549.8172,-309.18842,351.71194,735.5836,-54.2399,273.80515,631.0188,-314.91772,369.4954,760.00397,-74.33685,286.0781,649.1841,-355.57574,372.89426,755.484,-113.78828,298.40912,644.1168,-354.13016,366.80075,748.8905,-75.85427,295.95172,639.19116,-314.9284,181.98642,565.41327,109.94719,143.17845,538.56537,-109.49467,179.15901,716.0041,36.43975,161.50912,699.3979,-142.28152,74.973946,818.5851,42.99776,119.5292,864.1826,-149.17572,48.74193,819.9713,39.448597,93.52043,884.29504,-151.7009,88.04128,876.0444,-36.919983,149.37624,908.7824,-238.80447
patada_from
IMG_20241115_105020 (2).jpg,patada_from,395.84393,576.328,-174.1765,408.26593,567.803,-155.35599,408.51132,567.25085,-155.5579,408.7136,566.611,-155.75926,406.31192,562.8182,-189.00021,405.24283,558.749,-189.05035,404.08856,554.2256,-189.01086,398.76175,549.09875,-55.218143,392.85104,533.57,-205.29164,380.30566,573.11475,-133.3965,378.47565,567.42114,-176.98137,340.91568,560.6384,47.41015,306.80048,516.2301,-247.98291,337.08102,653.82715,78.34852,224.52289,551.4152,-298.87848,356.4841,737.0633,-51.255714,272.6088,633.59973,-310.15323,371.06155,760.9668,-73.707054,283.78958,653.1849,-351.7407,374.6954,755.2554,-112.10227,295.72482,647.4634,-353.9763,364.8722,746.3611,-72.55679,293.2199,642.7411,-312.2241,184.65645,567.4921,105.82845,144.25905,541.0836,-105.399376,189.03236,731.6194,34.79554,162.83153,699.7954,-141.82867,85.146385,824.71936,41.643417,120.540596,864.436,-142.85269,58.39273,827.0794,38.39714,94.48443,882.6614,-144.3338,99.88503,880.32947,-38.126896,154.51329,915.5873,-229.60533
patada_from
IMG_20241115_105020.jpg,patada_from,395.88342,573.5366,-150.29942,408.49124,564.7394,-129.5686,408.72,564.0714,-129.77068,408.9028,563.34784,-129.95496,406.33716,559.9273,-165.5904,405.10593,555.8839,-165.63446,403.77545,551.4537,-165.59007,398.605,545.5757,-26.292843,392.05554,531.32605,-186.5608,380.37088,570.4249,-108.87586,378.2899,564.77106,-155.3926,340.87827,558.2738,76.94903,305.74414,516.8895,-239.73352,336.93353,649.8645,104.63131,227.90283,549.27527,-297.8159,357.07025,735.8131,-30.900717,274.3254,632.6024,-300.7717,370.70618,759.4697,-49.60809,285.31723,651.0182,-341.60464,374.13446,753.6598,-90.00275,298.15677,644.2196,-338.34573,368.2507,747.84436,-53.089676,295.86862,639.7338,-300.3458,180.19005,564.22534,113.499626,141.99812,539.27075,-113.07948,179.39973,716.004,44.110916,177.94781,696.2306,-136.5995,61.32427,804.3595,55.46871,121.8838,863.888,-139.06973,35.516933,803.68286,51.857765,95.63918,888.8459,-141.26926,66.07143,856.47046,-29.033697,159.67319,918.5137,-225.77876
patada_from
IMG_20241115_105021 (1).jpg,patada_from,396.05072,575.4516,-141.6534,408.39215,567.7995,-124.431435,408.68488,567.42816,-124.59874,408.92148,566.9703,-124.77568,406.49606,563.20056,-160.11734,405.34198,559.48553,-160.16959,404.028,555.17,-160.13573,399.80896,550.5836,-28.230448,392.80472,535.5932,-186.40398,380.08047,572.6737,-101.79361,377.6083,567.4062,-147.53232,341.7193,551.9445,82.04243,307.3174,514.77386,-242.46313,335.20038,649.80286,124.564384,226.5573,557.2511,-261.8072,361.43982,738.3635,5.1664186,268.96848,636.2999,-188.10468,377.48022,759.5122,-13.554725,282.14658,653.40784,-212.05801,377.92746,754.2333,-50.418262,293.98605,648.72797,-217.89767,368.51443,747.6488,-16.023542,292.47488,642.4252,-188.81564,177.7253,564.3025,117.31375,142.7861,550.8441,-117.01514,189.14676,711.2326,87.34281,177.8104,713.80646,-150.80891,76.59683,807.4853,116.43557,113.03122,856.80963,-96.64311,51.61363,806.7056,115.27632,86.64549,871.2683,-90.33501,78.05615,866.18835,58.328506,110.22449,906.0614,-144.1882
patada_from
IMG_20241115_105021.jpg,patada_from,395.26404,575.15735,-122.93048,407.7089,567.1307,-103.55837,408.01144,566.5134,-103.73597,408.26688,565.81976,-103.91585,405.94968,563.3976,-142.12988,404.97485,560.12415,-142.1574,403.87112,556.38196,-142.11214,398.5994,548.2114,-4.653713,392.77875,536.04346,-176.24634,379.68063,571.9174,-82.85451,377.67477,567.31635,-132.49904,340.75827,558.26044,94.81436,309.72244,516.7373,-234.10533,334.78198,649.56085,130.95747,232.47762,551.37524,-286.62964,354.73022,741.19324,12.981841,268.52603,633.72156,-266.5017,373.1854,759.6168,-4.1284757,280.01923,652.8087,-299.5469,374.06137,758.97644,-42.98692,294.0068,645.97485,-300.99396,364.18906,752.79443,-8.546993,291.8162,641.1146,-267.13095,176.18317,564.98663,115.99825,141.44666,546.6352,-115.71056,187.41476,710.4005,83.354416,179.50072,706.64026,-140.49391,68.57103,806.83136,106.51591,118.16625,854.3222,-98.54354,44.50198,805.1157,104.47974,92.705086,868.94666,-93.92864,66.83582,862.3901,40.067688,121.8935,905.8501,-152.35143
patada_from
IMG_20241115_105022 (1).jpg,patada_from,397.50732,577.4213,-163.04204,409.55023,568.8068,-143.37996,409.98083,568.28906,-143.57715,410.39883,567.725,-143.77312,407.10062,564.2347,-176.56282,405.93033,560.36084,-176.60875,404.73804,556.3133,-176.5765,401.59442,550.60065,-39.701622,394.27588,538.06287,-187.35318,382.96628,575.0848,-120.860825,380.79297,570.56384,-163.89644,345.78668,558.34174,73.55236,314.55716,528.07544,-243.96397,338.26706,651.9074,103.93768,228.37222,555.977,-302.21866,366.25522,738.19696,-22.205444,272.2244,641.07086,-291.3406,386.82388,755.33264,-36.24579,284.07675,657.62146,-327.7647,388.7248,755.12506,-79.403534,296.4627,652.8518,-321.92072,377.96783,748.74695,-45.377434,293.35574,647.29706,-289.43597,182.63443,568.052,116.152374,146.39624,549.2449,-115.81438,168.91415,719.2071,102.22094,168.82446,708.74243,-141.00787,34.677036,775.3889,160.53882,123.041695,874.9155,-165.13255,9.751267,768.2258,161.12897,97.88288,898.3619,-169.1757,22.702185,825.5172,86.828354,180.69319,937.7416,-249.52428
patada_from
IMG_20241115_105022.jpg,patada_from,397.38882,577.68427,-140.71056,409.52533,569.20404,-120.84085,409.71786,568.5462,-121.02437,409.86993,567.8385,-121.211586,407.4902,564.48285,-155.61392,406.2988,560.48505,-155.65628,405.07724,556.15625,-155.60257,399.73196,550.07104,-19.548094,394.03995,536.8694,-174.65015,381.9439,574.065,-100.231995,380.2677,569.2555,-145.13371,343.2384,558.99976,81.15791,312.14764,525.75464,-227.57677,337.97192,653.53516,113.63674,230.65161,558.43634,-272.6419,358.14975,738.7613,-15.892962,272.81067,635.5448,-247.05595,373.6293,756.5076,-36.706436,283.70493,652.03,-280.65427,375.56635,753.5698,-73.91844,294.9994,648.126,-283.51083,370.23196,750.9916,-37.3227,292.64777,643.29315,-248.3743,182.55896,566.9105,109.554,144.57384,547.0691,-109.165886,187.30818,736.34314,57.152454,161.17284,712.4509,-133.02228,97.66882,832.8655,71.04221,118.4014,867.2527,-115.495285,73.73067,835.5767,67.79236,88.91822,884.7084,-114.786575,112.4997,886.0791,0.17653832,135.28491,909.46606,-184.85083
patada_from
IMG_20241115_105023.jpg,patada_from,398.61948,579.98145,-77.939606,410.1422,572.11194,-57.77838,410.3951,571.7161,-57.94295,410.56058,571.18256,-58.10227,408.91595,568.0586,-96.666794,408.27097,564.9937,-96.69003,407.42764,561.55676,-96.651695,401.78955,554.8985,40.30994,397.185,543.52747,-133.14532,382.42554,578.8052,-38.752007,380.10666,573.82385,-88.99293,339.3293,568.08435,135.57048,315.10764,528.4797,-201.38441,334.7415,660.57745,176.7662,229.2309,555.2618,-280.0257,357.92203,747.4991,68.653984,270.77853,640.64825,-300.982,373.08105,768.54236,55.28095,279.29187,660.193,-334.9651,375.71045,764.17267,17.256,292.7947,655.4316,-333.14478,370.6351,757.6472,48.10994,292.23233,648.9424,-300.6039,179.1097,573.67786,120.58301,145.10828,554.75134,-120.32261,186.56586,721.15137,83.84858,183.32768,707.79083,-138.87398,54.89792,805.43365,99.61172,120.7432,869.7165,-114.110535,30.104803,801.41235,96.76938,95.4695,885.8605,-110.57412,46.788452,858.95874,27.908764,138.29471,925.4165,-172.40846
patada_from
WhatsApp Image 2024-11-15 at 10.59.59 AM (4).jpeg,patada_from,348.95807,435.7345,-732.94965,349.9251,425.58212,-737.47546,354.13562,424.97467,-737.5845,358.32578,424.41623,-737.89923,337.20453,426.5915,-743.92584,332.75403,427.29913,-743.94324,328.3519,428.07428,-743.987,373.1742,414.89496,-653.706,313.8573,426.40305,-675.2799,363.34378,452.72647,-688.82886,345.6964,461.8483,-696.03894,409.04495,440.1142,-449.18533,287.04495,473.53925,-553.9079,421.24014,487.908,-227.14264,264.6635,578.36926,-513.44867,420.51337,534.9828,-71.91041,285.56702,694.32495,-567.3586,418.17798,554.2993,-64.909355,272.97415,720.4335,-628.3312,421.99445,541.8907,-102.10242,289.60413,718.4459,-640.40845,413.34952,541.2016,-78.40574,294.50702,711.5198,-575.95825,324.35547,483.27045,45.044926,263.36465,487.83963,-44.597378,374.47638,522.572,150.26735,279.95004,560.9027,43.01382,375.97202,609.808,459.4364,309.86984,629.145,355.9121,375.60562,620.7806,492.53735,315.94373,636.9889,389.6667,379.38232,643.04474,446.5858,321.2233,662.85266,322.58716
patada_from
WhatsApp Image 2024-11-15 at 10.59.59 AM (5).jpeg,patada_from,358.7817,469.873,-826.0679,362.21942,453.7663,-820.916,366.5652,449.65237,-821.0371,376.11685,453.01575,-821.38837,347.30026,456.91132,-831.9288,339.6925,453.09094,-832.08044,334.17462,450.663,-832.17395,383.84256,447.82138,-689.9431,326.65152,437.7852,-729.5558,362.0787,474.20575,-764.16003,346.56235,477.5088,-776.49915,409.13068,464.56284,-473.26978,272.9039,460.7398,-589.8331,414.08844,549.58124,-315.68387,253.46895,579.91797,-584.02734,402.4422,611.2005,-270.55225,282.6993,699.6294,-652.9582,400.66473,610.8911,-282.38007,273.29968,729.6323,-711.3613,396.3702,613.2168,-321.6438,290.48477,728.9612,-727.0439,387.48907,613.4687,-280.92407,297.58768,719.37366,-661.255,314.5502,514.6831,20.661203,235.55394,504.0927,-20.37666,351.94177,585.0521,-210.87532,245.5472,575.14215,-28.12842,340.93698,715.19324,-19.403772,242.17761,646.5845,330.65656,336.49146,727.97614,2.071665,244.49165,653.2901,368.19763,352.3112,774.17267,-80.31617,239.71613,685.56824,329.22394
patada_from
WhatsApp Image 2024-11-15 at 10.59.59 AM.jpeg,patada_from,345.1442,401.35788,-380.20883,343.38254,396.54437,-421.75766,343.1762,394.81226,-421.7566,342.96115,393.10757,-421.87723,344.9832,402.9437,-416.84146,345.49243,405.6571,-416.91772,345.95898,408.35443,-416.96906,347.43088,395.16818,-485.7043,350.87128,415.5992,-467.17322,348.18927,402.10797,-385.85092,348.70782,409.77972,-380.7764,359.1554,409.90326,-397.6126,364.04257,435.29248,-390.5179,334.18427,422.42383,-254.41684,364.26636,419.5066,-232.27254,333.91983,420.56583,-200.7468,360.52798,397.749,-193.56659,330.62115,414.96985,-224.48744,357.99905,394.16357,-212.23213,335.57495,417.80713,-240.78693,357.60626,394.2633,-230.47305,336.44418,421.218,-206.14275,359.1027,395.5984,-199.52528,359.0168,421.13715,-2.4884045,353.7272,433.8876,3.0003843,391.29172,415.2852,304.40308,374.47128,456.66028,287.08002,365.36246,395.5881,684.20557,346.37073,465.21338,653.6191,356.06076,391.18225,726.3093,337.9087,466.79224,693.3681,376.14914,392.4402,730.30585,356.50726,476.43317,684.0434
patada_from
WhatsApp Image 2024-11-15 at 11.00.00 AM (1).jpeg,patada_from,312.81247,457.95486,-812.8932,320.3293,446.1582,-829.45483,326.49115,444.8508,-829.3252,333.08505,442.9747,-829.45105,307.5052,444.59216,-816.62476,304.15604,442.68985,-816.7711,300.99313,440.78494,-816.9814,350.29633,427.8789,-763.0888,303.30356,432.3626,-700.23,324.48984,461.06613,-774.2214,309.43527,460.20462,-756.719,414.3898,445.62344,-536.53705,270.70862,453.66916,-553.8068,426.83957,516.2823,-296.4789,271.55844,573.18115,-546.2753,431.36954,564.6246,-110.53962,283.72232,697.28577,-627.2106,434.69724,568.10706,-73.44047,272.60776,729.321,-655.3854,427.19647,562.4732,-104.120285,286.5365,729.7244,-683.71985,430.81335,572.4479,-112.07251,294.68533,720.52606,-637.12256,376.9335,528.12616,-24.310112,308.89627,526.4,24.088804,375.47333,642.4584,-161.6576,301.8026,647.1685,253.94994,377.55524,790.10706,-39.561127,329.42065,649.14966,755.91815,377.42123,803.27466,-35.48457,335.4871,641.85,803.30426,370.24414,839.0744,-205.80931,337.79788,682.23035,750.59125
patada_from
WhatsApp Image 2024-11-15 at 11.00.01 AM.jpeg,patada_from,363.70206,476.41345,-615.6557,372.5373,464.22012,-622.7044,377.00156,463.30872,-622.8081,381.4804,462.45923,-623.05896,359.67285,464.77936,-631.2514,355.29788,464.3974,-631.30273,351.02322,464.05243,-631.3733,386.49387,453.1863,-557.3162,343.86072,453.7467,-588.9869,367.201,478.2448,-577.8572,354.20093,479.24933,-587.6348,407.01642,448.23474,-403.37845,300.86975,478.76752,-494.78683,401.4383,521.3405,-243.199,268.0513,573.4964,-476.7942,397.04745,570.0887,-142.41423,296.78195,689.5808,-485.8287,403.96356,566.0292,-137.9278,287.25827,715.4248,-525.9101,399.1348,575.22394,-162.419,306.06467,712.09375,-525.0626,394.06345,576.3506,-147.0004,307.08173,700.1134,-487.49414,325.65042,504.48166,17.77831,272.54056,507.46262,-17.482689,334.65482,574.9359,212.20305,269.39767,577.7267,196.51123,336.08945,608.5659,537.2496,272.96844,605.7544,511.66183,333.81586,607.37585,572.753,274.26306,605.4524,546.9585,342.321,645.09753,554.8508,271.2101,639.247,527.75806
patada_from
WhatsApp Image 2024-11-15 at 11.00.28 AM (1).jpeg,patada_from,384.2082,423.7752,-663.5493,391.91794,412.94623,-670.02496,396.30783,411.39462,-670.06323,400.79944,409.58005,-670.2842,378.88953,411.4945,-678.27734,373.51437,408.89087,-678.4444,367.97775,406.02844,-678.52795,405.78128,394.77658,-584.20184,353.29477,391.0881,-615.8271,388.37,427.18582,-617.5335,372.92078,424.26178,-627.5261,435.5538,398.5635,-415.5588,307.25787,411.93546,-490.70856,431.38535,504.91855,-348.1258,295.68857,534.70935,-445.79953,428.37683,609.9456,-390.55627,295.99194,664.5143,-464.91986,434.3056,637.2338,-406.03555,279.90775,692.86816,-496.8083,427.33868,638.7029,-437.6632,299.10626,700.42114,-517.87866,422.8999,629.4831,-402.73862,305.59702,692.4884,-472.9081,371.99255,500.17493,0.013835001,302.08664,503.40802,-0.20263216,368.306,630.2148,-98.58732,296.55963,620.9004,-17.655434,376.2571,767.43445,52.535103,319.50082,713.508,195.12245,374.68494,782.66064,61.868446,326.71884,718.6945,212.39046,375.25635,821.25867,-64.169395,325.8457,771.40015,112.400444
patada_from
WhatsApp Image 2024-11-15 at 11.00.28 AM (2).jpeg,patada_from,385.43515,428.65607,-749.7901,393.15112,417.07983,-749.3535,397.42575,415.49017,-749.3535,401.7123,413.47073,-749.5757,380.1079,415.90747,-757.2935,374.79147,413.2456,-757.501,369.47913,410.23547,-757.57745,406.28076,398.72284,-633.3931,354.72656,394.38715,-666.96924,389.78543,431.85095,-693.10266,374.34775,430.2469,-703.61084,434.178,400.51733,-435.63156,307.95163,411.54633,-528.6905,433.682,503.35843,-342.55084,294.05087,538.9359,-503.09872,432.77945,607.2805,-393.49902,292.82123,662.78064,-556.6851,435.97736,636.14575,-414.95154,277.25012,696.29504,-600.8451,428.49292,637.16174,-449.4432,296.03693,700.055,-621.25903,424.32346,627.7709,-407.45026,306.63922,690.7087,-565.4159,376.24152,490.43512,12.243206,307.16904,494.33923,-12.201228,367.02457,601.8764,-11.428459,329.44815,630.8971,-205.31915,336.0878,700.9604,267.99445,377.97974,763.8044,-72.53623,326.7787,707.0856,292.05658,380.8768,780.5258,-63.52811,326.91064,755.1295,193.48502,388.8095,819.794,-208.50838
patada_from
WhatsApp Image 2024-11-15 at 11.00.29 AM (1).jpeg,patada_from,368.93823,411.9012,-713.5569,376.51068,401.88483,-721.5322,381.61475,400.48218,-721.5372,386.72824,398.65027,-721.71985,361.05963,399.4055,-724.40765,355.45547,396.83246,-724.58325,350.44775,394.1951,-724.66534,393.65515,382.75482,-630.09644,340.92264,379.9488,-638.1447,376.31415,414.0886,-664.149,358.35626,411.48178,-667.17975,431.2228,386.9248,-456.6608,299.82944,397.46826,-500.07294,424.33163,494.84473,-387.4051,284.62778,533.2589,-453.2713,419.73645,600.974,-441.65063,286.53854,660.87085,-497.37515,427.49237,629.0431,-467.80038,271.62918,690.769,-536.87537,421.59738,629.3843,-501.44244,291.2796,696.3373,-564.2523,417.0308,620.7507,-455.76648,298.9911,688.8002,-508.8897,365.31836,493.16345,-6.731854,297.11423,496.10083,6.625619,360.2149,627.20654,-35.55683,299.4762,629.41986,33.035114,365.19223,750.5621,214.53102,319.15326,701.64856,346.735,363.00815,762.21185,235.04506,325.68842,702.7805,376.20132,364.76318,804.0647,118.915436,325.12604,759.43854,288.69617
patada_from
WhatsApp Image 2024-11-15 at 11.00.29 AM (2).jpeg,patada_from,354.30002,408.6974,-816.4898,362.83847,398.32156,-820.322,368.302,396.7727,-820.37524,373.7009,394.3405,-820.5746,347.87238,395.7097,-826.0443,343.07834,393.31497,-826.2475,338.44604,390.6522,-826.37445,381.0981,377.81677,-695.4949,328.62875,376.6515,-716.16943,361.466,413.45444,-754.1071,343.7548,410.05682,-760.6765,414.8764,386.30142,-480.51852,283.0833,397.05002,-570.2833,410.51813,492.55585,-410.66937,271.0581,525.3297,-543.7571,406.5113,599.4093,-479.5512,274.51868,656.9056,-614.4465,415.0719,626.0525,-512.83075,260.1106,683.6102,-666.9498,406.90878,624.61346,-552.3324,280.34238,689.1507,-697.41406,402.10077,615.1559,-496.17715,288.66327,680.328,-627.54736,348.78726,502.51917,4.6158876,283.244,503.89648,-4.6324735,350.46487,633.84344,-57.293816,281.6853,646.2107,15.763315,360.90744,757.3904,203.28374,286.60233,663.7503,471.9345,361.75574,770.3423,224.78726,291.11688,654.5944,518.85876,360.204,811.38916,93.73697,286.5348,713.2871,461.29956
patada_from
WhatsApp Image 2024-11-15 at 11.00.29 AM.jpeg,patada_from,382.5676,421.8255,-773.20166,389.23105,409.95926,-770.6827,393.1642,408.13354,-770.7307,397.23203,405.8864,-770.996,376.95496,408.97278,-783.3786,371.87802,406.57288,-783.5139,366.90637,403.98383,-783.5331,401.1324,389.64035,-634.95514,352.95154,390.12274,-686.2325,385.72946,425.52933,-707.80365,371.9862,422.81927,-723.6713,433.3314,395.0213,-393.54034,303.01907,406.4169,-544.3085,426.50635,502.6115,-272.3206,291.4749,530.28845,-506.0099,423.86212,608.9613,-333.71347,293.96973,666.00854,-562.3982,431.6434,634.44977,-356.12653,281.5151,697.5534,-611.7788,426.1225,636.581,-406.2073,300.04364,700.1477,-638.84595,419.54175,629.45325,-354.59595,305.89105,691.86475,-573.3659,361.35065,496.5289,24.506607,290.62338,498.2984,-24.479195,360.08582,636.98553,-127.89715,297.12064,665.13544,-81.81832,367.62738,767.92755,56.76962,354.9122,761.568,158.19052,368.4542,783.92633,69.28053,343.44373,777.7508,178.68594,371.87738,819.9747,-86.21739,366.68564,814.85974,44.806152
patada_from
WhatsApp Image 2024-11-15 at 11.00.30 AM (1).jpeg,patada_from,376.9849,394.65427,-675.4684,385.65775,382.53467,-683.6185,390.35376,381.54608,-683.605,395.24713,379.99298,-683.81964,371.548,379.8041,-684.4141,366.17023,377.09406,-684.58844,360.80707,374.17596,-684.64575,401.52258,366.6944,-597.87805,348.2352,360.3908,-596.4811,382.5705,401.16882,-629.451,365.35922,397.992,-629.84595,435.81573,378.51984,-435.77145,304.59338,388.94516,-470.95102,434.61807,489.22662,-388.8524,293.9053,520.40967,-435.6134,430.7991,593.9282,-427.08032,298.7073,646.547,-461.18073,437.13455,618.72485,-443.37555,284.34088,679.2523,-486.82367,431.42953,621.09204,-467.58228,301.0795,683.319,-506.151,426.65427,611.55225,-436.2726,309.51486,674.6219,-467.37424,377.08276,488.74026,-14.187688,307.63687,493.91058,13.829558,362.92587,603.3368,-164.15413,314.74503,628.71466,81.26076,367.80197,747.1817,-37.756035,368.1277,742.3074,297.3703,368.64578,760.5498,-29.121244,378.12207,730.8215,315.59552,369.82376,796.02124,-148.57027,379.85092,792.3666,228.92703
patada_from
WhatsApp Image 2024-11-15 at 11.00.30 AM.jpeg,patada_from,364.85162,396.78522,-674.4192,373.46588,383.05173,-681.8997,378.84143,381.4718,-681.87274,384.12247,379.4156,-682.06256,357.96265,381.1505,-685.0082,352.2113,378.56848,-685.1565,346.72556,375.6757,-685.18945,391.80038,365.62485,-592.1681,333.9958,361.64984,-601.14954,371.0584,402.68646,-627.1872,354.09592,401.34222,-630.4845,426.459,377.8592,-412.61108,291.60153,390.36578,-476.2326,427.22028,487.08026,-347.97913,282.51074,517.22766,-424.52158,423.76074,590.8884,-389.55225,285.65622,645.538,-447.4749,427.68265,618.6565,-403.70914,271.0992,680.50323,-474.59998,420.6379,619.5829,-430.56738,288.1338,683.8164,-494.2679,416.41895,610.44977,-400.09958,298.34146,674.21814,-454.30737,364.47717,483.25208,-0.5529575,291.48178,487.66418,0.22449039,362.66324,608.6152,-68.138374,286.70828,618.56714,28.132235,351.40222,746.9176,67.27251,325.92664,697.68646,283.1949,350.61066,764.1206,76.51837,334.65372,699.10535,306.7874,358.8227,799.1826,-33.558502,338.78564,757.94385,242.843
patada_from
WhatsApp Image 2024-11-15 at 11.01.03 AM (1).jpeg,patada_from,369.79333,389.99414,428.25702,347.05695,372.11377,425.10794,344.03622,372.4749,425.06683,341.22388,372.8218,425.10202,356.7183,372.0346,410.22546,360.30844,372.18146,410.2387,363.72302,372.29285,409.9331,336.84988,379.67584,363.84998,363.45203,378.6944,299.53635,340.53796,395.31952,404.47617,351.7013,396.9439,385.60815,276.5512,414.13284,256.6583,379.15808,387.11185,158.98537,261.37982,488.29132,252.5121,405.165,467.36932,76.701584,309.4965,564.6277,297.6739,395.6196,543.93225,86.814575,318.17554,582.82605,311.62888,400.50626,567.44574,112.43751,324.18164,582.951,325.60315,392.13132,556.8301,116.85638,322.87457,576.99963,304.97586,394.0013,551.93866,92.74782,260.85938,579.1668,45.799915,339.1249,568.45465,-46.99193,283.0946,693.29285,103.54611,367.40207,750.7386,-29.110409,276.2604,778.45496,-373.70322,378.80185,978.05414,-542.397,265.56354,850.6745,-422.9352,361.79196,1017.0179,-589.18646,285.47058,868.239,-449.43634,430.64188,977.42505,-630.2871
patada_from
WhatsApp Image 2024-11-15 at 11.01.03 AM (2).jpeg,patada_from,357.69446,396.25443,539.5495,354.89902,383.33438,543.7174,350.81656,382.16782,543.6933,346.9219,380.97467,543.72125,364.1937,384.8018,527.62744,367.11636,384.90143,527.6605,370.1421,384.87,527.4543,339.81033,381.9191,494.3703,371.23883,386.24567,425.02716,348.62772,402.63443,517.56464,358.99313,404.8547,497.277,282.4775,417.29944,384.6886,390.7035,398.33044,258.59882,276.19864,506.57104,379.2674,393.16635,478.72052,203.42078,326.1456,589.13074,398.08176,410.7568,573.56305,269.907,334.94788,607.33563,407.82324,414.75723,589.6531,297.12448,340.6367,606.995,417.90384,403.01172,593.02905,300.0617,339.21432,600.688,402.4441,398.37643,589.6986,276.34515,258.792,583.48016,57.64778,345.3354,572.2039,-58.852028,285.77417,689.95667,115.68735,366.69995,750.7213,-51.027042,281.77148,778.18756,-449.99548,377.7345,989.41315,-658.1126,288.2594,792.127,-510.75482,363.58194,1027.3676,-715.9964,284.83868,878.22156,-548.0391,432.55643,996.64185,-772.9776
patada_from
WhatsApp Image 2024-11-15 at 11.01.03 AM (3).jpeg,patada_from,366.27466,399.4986,558.3863,363.3165,385.65598,568.7565,359.7446,384.7717,568.76514,356.16763,383.67722,568.7925,373.03235,386.27844,548.5182,376.0301,385.7389,548.5635,379.20792,385.1562,548.34766,348.0233,383.00613,537.1308,376.5737,385.31174,449.18503,354.2275,404.66553,542.703,364.7744,405.7276,516.9177,277.4075,425.2362,428.99655,388.28302,399.7079,277.58978,254.77267,510.25394,414.2839,386.0849,475.76215,220.27684,307.88156,585.2996,431.51425,404.4325,566.73285,293.2106,314.00092,603.19403,441.4664,407.05237,582.971,317.81555,320.77908,602.3279,450.8435,398.99945,586.97516,328.96405,321.12427,595.5567,435.5802,395.1602,583.6567,303.78647,257.13458,582.68085,68.65826,342.5217,569.0958,-69.779724,275.56412,711.3992,138.93391,370.94894,758.01154,-71.8647,289.3663,828.90985,-336.55942,371.13593,995.198,-595.11304,282.4229,853.91003,-389.208,360.14105,1035.6764,-645.6423,295.4138,873.02026,-423.59973,424.8094,996.9608,-706.4673
patada_from
WhatsApp Image 2024-11-15 at 11.01.03 AM (4).jpeg,patada_from,363.4965,397.21344,436.65158,362.51627,385.10834,451.31854,359.5982,384.70734,451.26605,356.76678,384.20963,451.26196,370.93192,383.84045,427.16727,373.5733,382.38245,427.18878,376.434,380.89746,426.92575,350.50217,384.16144,444.28333,375.20752,381.0816,338.25418,353.95804,402.08612,430.61127,362.89615,401.60538,399.42255,282.50702,422.01965,360.4233,376.20544,396.56754,186.78397,268.64948,502.30466,346.7213,387.37918,467.73526,94.4727,304.2385,583.77527,359.9124,415.4322,560.01105,103.1041,309.01047,603.29224,366.6835,420.02246,580.58606,115.161705,313.70047,602.61914,373.26883,414.30704,585.96924,127.31583,314.18698,595.9221,362.50766,409.4461,577.77704,112.04922,262.77725,575.31555,74.79501,340.95258,562.8581,-75.82156,285.41812,715.3385,133.25974,376.68832,753.18567,-119.704544,282.37946,837.8728,-214.31258,379.58823,988.3495,-567.9913,271.87335,864.3037,-253.16505,362.25592,1026.7345,-610.5551,294.12894,870.89,-291.60782,436.1731,992.1334,-678.566
patada_from
WhatsApp Image 2024-11-15 at 11.01.03 AM (5).jpeg,patada_from,362.53574,396.6651,449.30594,361.0384,382.146,452.36758,357.39975,381.70312,452.3122,354.06995,381.13654,452.32837,369.30978,380.74805,432.4217,371.5765,378.9886,432.44543,374.049,377.30676,432.16626,343.76392,379.83423,405.85922,369.9219,377.41818,319.71075,349.84232,401.22614,430.4343,358.70694,401.09573,405.24484,274.36176,421.43448,298.67398,374.48947,388.1931,170.45213,261.03888,480.70636,302.03775,388.88562,461.67087,125.435394,314.02322,547.1238,349.92804,404.05426,530.0731,190.50078,322.0367,561.16986,365.08368,399.3574,544.25037,223.79678,329.0657,559.40497,383.14514,387.8457,543.3775,226.82794,328.783,555.6166,358.584,389.88272,540.02966,197.36342,252.90468,572.3278,64.16661,332.80017,559.2529,-65.4456,283.28403,678.271,171.13489,373.24252,746.3763,9.790917,276.32413,761.7754,-361.66696,378.72134,981.25977,-566.90607,272.83334,837.82495,-415.2124,362.0916,1021.5443,-618.3508,293.9018,858.36127,-431.52533,429.7561,982.723,-654.9973
patada_from
WhatsApp Image 2024-11-15 at 11.01.03 AM.jpeg,patada_from,348.65775,395.30426,392.42975,347.47836,382.04163,394.30914,343.93997,381.06256,394.2675,340.27444,379.74976,394.27606,355.90662,382.25217,376.26413,358.2438,381.467,376.31735,360.5894,380.3514,376.01852,330.06668,378.09692,360.96402,358.29233,379.6927,281.6584,337.53912,399.84848,379.69647,346.08603,401.1447,356.31216,267.17108,414.1786,278.27368,366.63574,388.3969,153.12355,258.50848,489.26663,293.64117,397.58594,467.37494,112.38796,302.8541,566.0337,338.53433,400.24777,546.39703,185.66725,311.3022,585.2055,351.0204,405.3519,564.3935,214.79074,316.78162,583.0093,362.06964,396.33685,573.0094,217.64229,300.2228,570.3524,344.34402,391.265,563.8808,192.8117,250.38736,570.5063,58.84096,333.0898,558.4008,-59.933075,269.3605,696.4403,136.31064,358.19858,753.1576,-77.04892,258.253,776.46936,-160.76399,366.34164,981.42017,-466.3919,250.54146,848.592,-190.75151,349.66406,1022.02765,-501.1924,270.8344,860.41504,-207.09962,417.9516,976.385,-549.2273
patada_from
WhatsApp Image 2024-11-15 at 11.01.19 AM (2).jpeg,patada_from,292.60822,732.5166,-165.95197,298.1211,737.6604,-202.29396,304.07132,737.99554,-202.18552,309.95035,738.6166,-202.09286,281.15237,736.0681,-200.86604,275.0292,735.17334,-200.86409,268.78278,734.64294,-200.86209,322.28802,727.87445,-282.33582,257.9372,721.08167,-277.2554,302.5316,724.42456,-184.13663,283.76343,720.6743,-182.21542,379.9327,692.8926,-234.40392,242.20627,685.5755,-228.83453,379.56073,845.76306,-196.08336,220.622,801.315,-201.03221,371.69244,942.478,-222.44366,202.90802,902.65857,-214.00552,383.37296,966.60266,-270.73242,188.26163,937.95154,-254.86232,374.08356,999.2383,-280.4368,209.68127,930.85474,-282.65207,364.57864,977.7448,-230.33807,210.11584,928.07587,-228.14304,369.52252,539.9714,0.30762696,285.1275,539.0999,-0.20178144,377.29764,721.40625,28.024494,228.64012,717.5591,29.140886,340.25177,850.3083,197.65703,237.61072,874.8684,210.78569,327.1077,860.8087,209.77917,258.27164,899.0802,223.32637,335.6811,912.07367,119.40457,229.55731,940.6354,119.16385
patada_from
WhatsApp Image 2024-11-15 at 11.01.20 AM (1).jpeg,patada_from,407.76187,490.49008,533.8703,408.2021,476.34344,543.65076,404.32108,474.32843,543.6317,400.8819,472.52762,543.6214,415.58258,478.2572,532.51984,417.29416,477.98975,532.5132,419.20618,477.81866,532.2797,387.66968,468.94434,496.14914,414.88474,476.36197,443.3882,393.46606,494.13306,508.20917,401.35107,497.4563,492.70065,313.0655,495.39917,380.93243,396.57245,507.1425,280.41257,312.2875,601.9886,362.35507,404.69077,603.31995,219.69026,306.7772,682.2726,364.7512,410.4687,704.5349,261.66592,305.38968,701.97156,365.09564,409.0377,722.50275,280.1184,306.78552,705.4104,373.23624,405.98138,725.2325,273.23398,307.12793,696.9201,367.59912,404.00806,720.5328,263.43622,256.842,626.5166,25.84681,344.13953,612.6333,-26.956137,240.04745,746.0885,66.324265,355.54205,721.11475,-21.218204,202.25356,879.27765,-469.07385,321.40225,838.00366,-519.62695,192.48601,888.64636,-529.9111,312.37704,848.70087,-568.8713,213.93312,939.16296,-625.18164,293.61563,913.65906,-625.1753
patada_from
WhatsApp Image 2024-11-15 at 11.01.20 AM (2).jpeg,patada_from,298.3425,732.14734,-111.72464,301.235,736.61755,-147.72258,305.7155,737.6775,-147.58667,310.03915,737.305,-147.46068,288.2171,735.80597,-144.72556,283.68018,735.78516,-144.62166,279.19516,736.64374,-144.55539,320.32123,734.26917,-236.54155,268.75693,723.90625,-223.95808,306.0417,721.2275,-135.3385,293.17398,717.1654,-131.06883,373.9695,707.1566,-213.06937,247.1293,692.4873,-204.85936,383.68884,867.4584,-227.14238,218.00351,842.142,-188.19923,371.54565,989.169,-267.14508,227.3527,962.75543,-219.78577,383.2114,1017.7809,-320.13968,208.94434,988.8266,-260.13187,357.26486,1006.7266,-328.8064,236.06589,985.69275,-292.46115,350.99106,995.78613,-275.8729,246.35236,976.48254,-236.53079,354.97394,523.1318,-0.40253913,288.1489,530.0828,0.47119966,357.85785,725.87695,48.582813,249.96666,726.787,27.03569,332.72247,873.28784,202.9541,275.86914,883.46326,200.70433,325.30377,886.40063,211.7126,287.01193,899.899,210.40672,322.73312,943.00836,110.08464,258.75134,959.70776,91.51204
patada_from
WhatsApp Image 2024-11-15 at 11.01.20 AM.jpeg,patada_from,297.68002,736.02795,-153.71501,301.05453,739.3237,-184.49902,306.05627,740.276,-184.33113,311.01596,742.136,-184.18327,287.0157,738.3377,-186.18245,282.24838,738.07117,-186.01067,277.4898,738.62244,-185.90509,320.22275,734.11383,-236.63849,266.41492,724.5526,-242.2431,307.01962,725.762,-161.57768,292.61575,726.38904,-162.87653,375.1261,704.732,-163.58762,245.00641,697.13916,-193.24985,375.74,809.0852,-136.69386,235.38225,839.50977,-157.92899,326.37198,863.3591,-192.89377,248.71144,936.8088,-179.31042,324.69202,874.2707,-236.9262,234.09608,959.80115,-220.00916,303.60837,862.1797,-260.0348,260.35352,949.02985,-253.2694,302.5251,857.2663,-206.7564,269.44278,939.9861,-195.69395,366.89352,523.1051,2.9328833,295.15237,529.48193,-2.8357756,376.10678,736.28516,15.056366,251.55429,727.6289,-20.765285,338.33337,904.8306,156.73596,273.85257,913.1444,142.8383,330.2034,917.9919,163.67606,285.8476,930.0967,152.60585,327.90256,984.0573,34.489502,259.4109,990.2803,13.688013
patada_from
WhatsApp Image 2024-11-15 at 11.01.21 AM (1).jpeg,patada_from,305.6848,742.2362,-147.47115,309.58978,743.0719,-181.73936,314.84738,743.6801,-181.63568,320.53482,744.9464,-181.57251,295.98608,741.8052,-181.5495,291.81723,743.53687,-181.4703,287.52216,743.9342,-181.40619,331.62656,734.64246,-253.35248,274.3956,729.21173,-251.39319,314.44656,733.3368,-163.57166,299.4777,728.52545,-162.53632,380.82013,696.0776,-197.75397,244.73625,699.9609,-221.12004,385.64432,839.66174,-179.37646,215.42894,833.2708,-191.63051,361.87634,908.0547,-225.02429,216.34427,956.67535,-213.10147,366.3116,926.7923,-273.69766,195.2773,983.8071,-255.04794,340.36877,917.2098,-290.08917,223.73811,978.95056,-286.47433,336.6231,909.8059,-236.02167,235.8281,968.6762,-229.01755,367.61026,522.7733,3.902757,292.51852,529.7839,-3.7717502,379.6431,729.0881,38.33037,256.4782,723.9285,5.3852806,364.06793,872.30945,199.49799,287.94998,888.833,181.86166,358.0433,883.36487,209.73497,303.317,906.358,192.91998,358.1117,945.2854,115.30125,271.9452,973.2159,76.08206
patada_from
WhatsApp Image 2024-11-15 at 11.01.21 AM.jpeg,patada_from,301.8707,753.0403,-197.49658,306.41473,756.3793,-235.42708,311.15082,756.551,-235.33037,316.02112,757.1196,-235.25949,293.85138,755.16406,-233.63657,289.59854,754.3617,-233.61536,285.29984,754.1442,-233.57704,326.06595,745.7018,-316.3867,273.52475,740.06775,-308.79114,308.32922,741.15063,-215.94827,295.6146,736.95685,-212.95488,378.46918,707.6207,-257.70856,242.8339,707.1019,-274.85654,382.67206,849.55145,-243.48055,214.37953,829.7157,-254.94987,353.7768,917.8403,-297.6329,190.63391,960.7844,-276.85062,356.58112,936.76025,-351.81982,167.1843,986.2953,-319.5013,333.04877,928.26874,-364.90698,193.70729,985.88043,-352.74356,350.41537,967.5742,-308.28998,206.09703,977.3876,-293.74243,358.95862,537.6276,-2.2551925,284.9943,536.2782,2.4085917,375.96246,734.44305,38.419403,249.1793,727.09283,23.546711,351.74652,873.8574,191.17987,271.88184,889.2935,199.01765,341.5688,884.5642,200.77737,283.99542,906.86066,209.86676,345.28915,945.03906,101.53459,255.83388,967.4031,92.28579
patada_from
WhatsApp Image 2024-11-15 at 11.01.22 AM (1).jpeg,patada_from,360.94717,502.23404,591.3922,358.5763,489.0138,596.2676,354.67706,487.22864,596.2971,350.57117,484.844,596.34015,369.4741,489.65765,589.2078,373.30173,487.72415,589.28577,376.88028,486.65613,589.0844,341.90466,482.29675,529.5772,378.59686,488.41583,494.04367,351.36118,505.37357,559.73267,362.691,507.7962,549.47205,277.2274,504.7264,380.65527,386.96518,509.92126,330.62375,225.57071,594.6063,348.03253,399.78665,598.3924,260.94376,232.76056,659.31006,378.19846,403.69202,695.9112,292.34982,224.99297,675.1505,383.30368,401.24817,714.28827,314.63858,238.44063,682.3614,403.54834,394.40726,717.42,316.16684,238.87947,675.337,387.62195,390.77472,712.78906,297.7713,248.97348,623.5167,15.1511135,334.5977,617.5684,-16.169664,227.52026,749.51324,78.789986,344.20227,748.68964,14.323566,192.17212,876.4251,-458.69885,330.59793,830.2117,-487.85867,180.59476,897.1195,-518.45325,327.5723,857.9557,-536.26575,196.69704,925.8723,-591.108,319.9576,922.6764,-568.9975
patada_from
WhatsApp Image 2024-11-15 at 11.01.22 AM.jpeg,patada_from,306.72388,780.96344,-91.37939,315.4562,780.82764,-138.67404,319.244,788.16235,-138.56924,327.5189,779.3035,-138.56053,297.1714,784.42377,-131.50351,291.1265,781.55945,-131.52454,284.84836,778.99536,-131.51942,336.79062,776.17993,-273.57498,272.5592,759.36536,-242.59407,315.98895,766.2201,-130.28056,299.52658,761.08453,-120.86904,385.431,717.78564,-278.2588,240.38348,725.6145,-233.73541,378.03098,876.6849,-272.32104,226.28978,864.36896,-207.92885,384.9487,1017.8728,-304.12216,238.23999,1021.16785,-254.36624,407.33206,1026.3477,-359.196,210.7279,1035.6553,-298.17975,381.1755,1030.7103,-366.74057,244.99194,1034.304,-331.03412,368.58804,1025.3489,-311.73907,265.04163,1028.7871,-272.20822,360.41708,531.4372,-12.144994,278.6449,541.7396,12.200928,364.65988,698.46545,103.88392,247.82788,721.6576,132.23373,353.6996,790.87695,360.16272,270.81223,846.7776,377.3754,323.70404,787.3524,381.59775,281.9181,861.3002,395.48456,337.38696,841.6159,328.35794,255.31871,912.8852,319.58655
patada_from
WhatsApp Image 2024-11-15 at 11.01.42 AM (3).jpeg,patada_from,301.19443,494.57574,787.9821,294.89435,489.23233,787.21094,291.07703,489.42612,787.3234,287.08936,489.53973,787.39484,304.69333,488.1528,780.28406,308.04874,487.52014,780.28766,311.33875,486.69165,780.0897,281.99683,493.43353,714.61346,315.8332,490.727,681.99963,294.67902,502.2378,757.1651,306.41745,501.0598,747.7306,258.78806,521.25964,558.33234,339.5599,500.23453,514.2466,257.62387,558.78973,465.3499,385.73856,537.91705,380.269,290.1162,608.73804,412.44186,385.644,567.73303,363.5362,295.0037,619.9799,400.88074,392.4717,582.3107,365.49326,302.13196,620.727,415.68222,387.42493,583.7218,379.58484,303.52277,616.81464,415.5663,382.78995,580.2561,370.57867,267.4124,631.1904,9.614492,337.0247,626.0406,-10.371755,264.85687,755.8957,-121.558525,351.88077,768.39343,-164.73926,250.41104,856.81915,-542.216,371.2612,898.8205,-594.4145,254.743,893.981,-594.8398,372.91464,918.0732,-645.3004,238.55496,914.874,-689.0058,364.83218,937.744,-754.89136
patada_from
WhatsApp Image 2024-11-15 at 11.01.43 AM.jpeg,patada_from,315.9304,507.43747,712.08264,310.52472,500.3302,704.9608,306.1945,499.35547,705.0429,302.19327,498.6758,705.0536,319.96875,502.43134,699.4184,324.0207,503.299,699.4714,327.11874,503.79758,699.2876,294.4525,498.36816,632.57855,329.89554,505.91507,606.6101,309.56186,511.35147,684.38586,320.0351,513.1475,676.76105,266.54367,511.82996,475.6241,353.817,506.03436,459.3929,283.31073,546.81165,351.23853,397.59677,519.43304,285.9464,327.54013,604.14825,250.34698,383.82956,564.4319,199.26747,336.02298,617.26996,231.66728,388.15692,580.61975,190.61491,343.9453,618.54236,245.55602,383.15527,581.33856,206.69313,343.8354,614.71533,252.16069,380.08478,577.1397,205.13597,273.53796,630.7742,-3.4380326,341.8783,623.5759,2.7784467,263.862,757.54645,-160.35759,353.34338,765.282,-162.94905,257.94464,855.3034,-482.8865,370.25925,897.1361,-496.56143,272.36172,899.2167,-524.598,374.36554,918.0735,-537.72546,254.44733,912.7411,-602.3912,364.86966,912.5984,-634.3088
patada_from
WhatsApp Image 2024-11-15 at 11.01.44 AM (1).jpeg,patada_from,318.70874,477.7057,715.7495,312.3432,469.903,706.904,308.6465,469.20853,706.9901,304.5482,468.6235,706.9954,322.55197,471.71814,704.445,325.75528,472.085,704.52216,329.64114,472.64737,704.3448,297.8968,468.83075,625.9204,334.2139,476.2596,614.64215,311.77032,482.0541,683.8114,324.40744,484.46558,680.2819,270.7287,483.15155,447.331,362.14093,478.78265,477.27124,290.99316,509.28046,288.09473,397.45654,489.15497,261.70825,324.80243,578.2396,164.19095,388.98407,531.12164,115.697075,330.26923,593.89307,139.6395,392.94516,549.8702,97.0073,336.3192,597.0118,152.59813,389.21686,551.4275,115.27199,337.9728,592.612,166.16618,386.56537,547.1178,120.5224,279.84186,591.81525,-16.628506,349.85275,586.6477,15.939991,275.0823,721.6373,-166.04332,361.81705,734.6308,-136.23877,265.6277,809.5521,-456.87045,383.5121,868.31433,-482.41928,271.52426,852.83105,-494.32635,386.31265,888.01746,-524.854,248.37953,872.92694,-557.72125,374.8907,888.02185,-621.8537
patada_from
WhatsApp Image 2024-11-15 at 11.01.44 AM.jpeg,patada_from,318.90256,493.04202,743.377,313.53177,485.17767,737.4885,309.9046,484.609,737.591,305.86475,484.17908,737.6337,323.5083,486.67102,736.019,326.64447,486.94562,736.05,330.12778,487.34485,735.86847,300.08505,484.24707,658.4188,333.92776,488.83203,651.3346,312.67444,497.339,711.09247,324.58417,498.90216,708.9835,274.02133,500.96347,491.23254,362.71112,492.87744,507.17838,292.03674,539.5675,350.88446,398.1253,513.5525,346.9423,314.99768,611.39264,252.76001,391.50995,554.29614,277.55463,318.21,627.93085,232.84766,395.20877,569.30914,269.85544,324.3185,630.7051,247.22107,390.5367,574.16504,283.36807,326.7589,625.603,255.2546,387.9933,567.03986,282.3038,282.23648,610.7905,-6.2799044,352.04126,604.67096,5.634392,281.40152,732.1399,-161.40509,364.23703,749.223,-153.53891,269.5609,823.1028,-476.64014,384.2791,881.13306,-514.8188,282.43445,831.85925,-518.20087,389.6465,901.391,-559.8032,251.9059,881.5769,-597.258,375.70102,895.8955,-665.07263
patada_from
WhatsApp Image 2024-11-15 at 11.01.51 AM (1).jpeg,patada_from,307.6757,553.85895,678.0886,295.37985,541.8214,669.2691,290.95682,541.6793,669.4238,285.9104,541.6438,669.4473,310.6092,548.5969,661.2833,314.42224,547.76544,661.4751,318.2165,546.9529,661.2913,282.09265,538.4351,588.91064,323.98514,541.7157,554.33466,298.66562,552.25775,649.58453,316.85028,551.84576,639.44745,253.43213,550.66534,437.00003,373.35443,540.6998,363.86108,221.70921,615.094,350.46832,413.15726,606.37213,199.11435,262.7039,658.0543,276.0334,368.13336,661.9257,109.206924,267.47464,666.8741,257.94247,365.947,672.38367,101.3431,282.64288,665.7104,281.2156,355.04166,667.1262,116.39265,284.2595,660.76184,280.58124,354.51828,663.2966,114.22348,259.73874,621.9138,41.46078,329.84164,625.74243,-42.022873,254.86392,730.31714,-30.099276,367.8008,757.10754,-132.65695,245.7385,845.21045,-252.355,366.91556,901.27014,-357.26486,245.3424,873.55347,-280.42654,368.56763,924.7964,-386.24457,234.62,879.99335,-311.85092,382.2319,915.7663,-452.41882
patada_from
WhatsApp Image 2024-11-15 at 11.01.51 AM (2).jpeg,patada_from,305.43378,560.0907,676.03076,300.1239,554.1267,667.0129,295.3819,552.7958,667.12964,290.0767,550.8927,667.14764,313.74628,556.6193,661.8013,318.01947,556.7914,661.97925,321.8744,556.57935,661.8244,283.57016,548.22424,584.8376,333.0494,559.75903,563.81354,296.93884,562.51904,646.7834,312.21664,564.12634,640.3145,247.24054,546.6629,430.36838,366.7426,556.48846,397.46384,226.54971,607.9454,339.48328,412.92175,612.56476,250.17963,264.62988,651.9219,264.90427,365.74173,659.5826,173.67375,269.86676,660.1284,248.66957,362.151,669.0648,175.98048,282.08694,660.52155,276.71332,353.1576,666.86755,188.15155,283.03827,656.66187,272.74744,352.37518,660.3469,178.80995,260.0074,616.1397,32.515144,332.81552,622.73846,-33.22756,264.038,734.54474,-32.022118,364.56326,750.0404,-131.35129,246.48747,844.03534,-361.8137,366.25555,905.3185,-474.4963,241.17838,869.2261,-399.80652,362.18262,924.69055,-514.0846,227.30432,901.9238,-445.14307,369.4697,929.7165,-589.6162
patada_from
WhatsApp Image 2024-11-15 at 11.01.51 AM.jpeg,patada_from,316.40695,709.8215,-633.5051,323.92145,711.64825,-653.1942,329.02603,710.1593,-652.977,333.9756,708.8104,-653.01044,310.98907,711.57117,-655.1554,306.94937,709.9424,-655.17786,302.8023,708.36743,-655.0331,345.53217,693.7408,-608.8705,291.32004,694.60315,-614.2679,325.97083,696.24664,-603.16174,309.4127,697.4646,-605.2963,397.8361,652.0227,-366.0781,246.38806,651.78674,-407.22018,395.7817,723.86487,-126.07039,244.91675,670.5663,-113.948006,347.30338,780.7061,5.4404373,281.36365,718.8749,147.54608,340.17065,795.8973,1.5564756,277.63467,732.38617,166.2312,346.27292,771.0199,-31.791897,292.8656,722.25104,128.91998,341.31268,755.7855,-5.8279085,292.29013,721.44604,142.54909,350.2483,567.09467,4.2623773,268.03574,583.2061,-3.928363,356.07614,738.34357,-47.324806,270.17914,741.4614,-0.22876355,310.2441,882.91235,112.68595,270.13495,867.94214,177.03583,293.4328,897.95197,123.27595,273.65494,880.96545,190.76196,336.0086,928.13025,1.6617769,266.06076,916.3336,75.8588
patada_from
WhatsApp Image 2024-11-15 at 11.01.52 AM (1).jpeg,patada_from,320.71075,582.80786,761.51904,317.1167,580.1333,747.9065,313.80737,579.20514,748.0769,310.47403,578.3447,748.0878,326.76227,580.81976,747.6431,332.00385,577.4433,747.8349,335.57098,576.838,747.6817,307.75037,572.36194,635.48413,344.45764,575.4874,636.9129,311.81927,585.1901,719.7643,327.28128,585.0338,719.726,257.18735,563.1534,438.11774,382.39777,568.2136,460.9353,241.85748,623.1208,329.2646,416.8394,626.30566,322.99756,277.15884,671.244,232.04822,374.4253,679.3924,238.9194,281.16733,679.1525,205.8274,373.73703,688.5209,231.47116,294.47134,680.0024,228.40465,362.02908,685.7654,241.38647,296.07974,675.93774,236.47249,359.54282,680.5641,241.82498,265.62152,633.289,0.32743233,339.83484,633.6704,-0.7677091,271.21027,762.01917,-112.205,363.10257,764.30884,-105.20885,260.27985,865.3877,-336.7922,371.90424,916.2977,-348.14832,268.1346,895.88617,-365.29688,377.19125,941.113,-380.53207,244.29874,910.19763,-410.44403,371.83356,931.67175,-460.5498
patada_from
WhatsApp Image 2024-11-15 at 11.01.52 AM (2).jpeg,patada_from,321.25397,577.8676,750.99457,315.59604,572.0467,738.9207,310.62668,573.57434,739.0706,306.92944,572.721,739.1501,328.00357,570.30817,736.4433,331.7063,569.02075,736.58325,335.34183,567.7845,736.3958,303.23035,565.54736,627.19476,343.156,570.06976,618.48773,311.34576,577.0587,708.6983,327.16635,574.48773,705.88885,253.05891,562.4549,440.0066,378.6118,559.6074,435.48016,249.2558,622.7114,350.56763,414.92847,622.6206,302.25647,278.16562,667.90656,278.89,371.81537,669.31946,228.22992,279.58832,674.86145,262.34155,371.06885,679.23224,224.78477,293.4356,675.2604,286.3118,358.00696,674.9265,237.24501,296.21283,671.52234,284.63208,356.54767,670.81506,232.3945,266.05255,628.80365,8.063574,344.2109,633.66956,-8.572243,258.23428,739.6511,-62.77937,362.9469,759.5674,-105.476326,255.19318,858.9324,-376.30237,371.67267,911.397,-438.47388,265.33237,886.40875,-411.8248,372.19778,937.0304,-477.9502,239.81543,907.5296,-446.33362,376.47018,931.1406,-550.4841
patada_from
WhatsApp Image 2024-11-15 at 11.01.52 AM.jpeg,patada_from,299.18137,568.12616,678.2559,286.30475,557.5764,668.1151,281.8201,557.73126,668.27905,277.98914,558.07556,668.29474,303.07263,563.08594,662.30164,307.23993,562.36334,662.50995,311.36386,561.66205,662.3303,274.01764,553.5038,580.31726,318.92297,557.1325,555.62823,297.53235,566.2224,646.46216,309.40637,566.1284,639.2106,247.97743,563.67896,423.27438,362.34283,553.00354,363.7911,217.39296,627.87524,335.5057,410.1374,613.0292,199.20303,258.87103,678.568,263.5525,367.42084,669.5864,110.98573,264.3311,688.9177,244.67462,363.58923,681.82745,101.70368,279.0633,688.855,265.72015,354.4148,675.71216,115.56746,280.42236,683.52124,267.21725,353.46262,672.30444,115.067535,258.19885,627.3499,36.466736,329.08636,628.74805,-36.97189,257.0089,734.8235,-57.662632,368.2763,761.1591,-150.1957,248.09865,853.3383,-281.68314,366.64484,908.00446,-376.55365,248.97792,884.81116,-310.87015,367.98972,931.163,-406.32193,236.6757,880.88385,-352.49304,384.15732,916.6043,-476.58173
patada_from
WhatsApp Image 2024-11-15 at 11.02.23 AM.jpeg,patada_from,297.8223,542.1795,728.75903,283.3822,530.6684,724.8248,276.87933,530.6018,725.072,273.76675,530.9464,725.0926,303.70273,539.06134,725.0278,307.602,538.5214,725.3203,311.38702,537.9839,725.2367,266.42038,532.6311,643.455,318.87244,536.7209,644.63153,293.97958,541.9496,695.7398,305.46436,541.66376,696.24976,248.90569,551.20416,472.13153,356.65018,539.5311,465.1304,206.23338,625.80316,403.59195,391.34958,620.28235,339.03384,244.11389,683.03217,360.98874,377.53632,708.7281,311.03833,249.99806,692.91077,338.88306,381.9978,724.0455,309.05087,263.1404,690.83374,360.5825,368.67657,721.9012,315.9022,264.07355,686.0244,364.94247,365.41046,715.8131,313.16043,261.74924,616.1864,-0.37361452,331.54675,612.6965,0.2194931,250.58305,731.464,-128.4016,360.17682,730.4309,-134.24663,252.85986,858.74805,-390.0084,358.43484,867.34955,-377.3045,257.56067,875.8572,-425.86957,358.18497,887.9074,-410.62396,240.55965,887.94556,-481.6196,355.18396,880.82764,-482.11914
patada_from
WhatsApp Image 2024-11-15 at 11.02.25 AM (1).jpeg,patada_from,350.98135,689.25226,-468.3176,359.6626,687.373,-482.1941,364.02838,685.0842,-482.22906,368.78473,682.51794,-482.42697,342.31555,684.408,-485.3863,338.15134,695.5313,-485.5017,332.45245,695.98035,-485.4958,374.65344,664.329,-435.39856,313.198,680.8426,-448.6926,353.26263,675.70526,-437.29153,334.53192,682.019,-441.20447,404.158,600.58545,-228.60567,251.37991,663.60913,-310.21997,407.68295,574.2263,21.23461,224.14899,700.35205,-100.27431,385.77505,600.7447,169.51859,252.84071,790.28534,22.945324,388.6444,602.2063,172.52148,247.99928,814.9545,10.571622,374.64914,610.94543,130.67438,265.64676,810.77563,-19.0242,369.65848,611.8966,157.18683,271.3837,799.5328,15.797779,349.77698,538.1343,20.1996,268.65475,561.74976,-20.014076,409.1639,652.1135,96.87108,296.50397,707.3859,48.18193,361.5062,686.0334,376.30045,290.30493,749.682,283.12518,341.84137,686.427,407.4096,286.64648,744.4589,308.19098,371.95206,716.7152,398.26508,301.26437,795.34985,281.0716
patada_from
WhatsApp Image 2024-11-15 at 11.02.25 AM.jpeg,patada_from,300.6855,546.55145,680.6521,293.96185,541.1053,678.0894,290.11856,540.8851,678.2105,286.51038,540.5782,678.22034,305.94507,541.9128,674.4253,311.0083,542.698,674.63464,315.14108,540.8104,674.48724,279.1107,539.8797,611.9158,322.74472,542.58606,596.49,295.2821,551.1132,655.0575,308.79233,552.2289,650.55774,254.54848,548.3865,458.85812,368.86795,551.64355,419.94382,238.99463,625.102,348.72034,404.01578,617.29974,251.24553,258.12808,681.9037,248.7112,362.5784,668.18494,156.0028,261.81165,694.83484,226.7718,363.71017,680.19684,148.50208,272.18735,697.0696,251.38123,350.72665,672.1188,158.57397,273.91888,692.0492,253.71683,349.18558,669.1575,157.95563,254.59415,603.827,39.95795,327.0975,612.3537,-40.7416,257.32864,715.4193,-26.498457,357.7822,752.1045,-132.61336,241.52469,841.25055,-327.3164,362.2768,902.3249,-450.29822,238.58026,854.46844,-364.9504,356.341,923.70386,-488.92838,231.36066,880.6649,-416.77826,376.10617,925.083,-576.747
patada_from
WhatsApp Image 2024-11-15 at 11.24.48 AM (1).jpeg,patada_from,171.3773,497.83786,-157.16463,164.3403,478.28284,-174.74277,166.48268,473.7375,-174.6566,168.6677,468.93463,-174.59535,160.53201,483.42282,-127.622284,159.88907,482.97717,-127.7561,159.16707,482.3673,-127.82331,186.5541,452.39075,-194.08414,174.15375,465.5817,16.45944,195.35446,495.61847,-162.76665,190.39165,501.5661,-102.4786,281.79318,475.2658,-274.72943,243.02338,504.96722,169.31009,342.6881,595.0042,-399.66226,260.64667,625.50433,182.74805,237.56563,598.24005,-403.43857,221.72617,721.9523,-19.714802,211.93228,603.57184,-447.17316,190.73474,739.2242,-38.741936,207.46935,589.23206,-430.14774,191.94705,740.69543,-77.35148,218.18648,586.06335,-396.96075,206.5799,735.0708,-43.668045,475.82928,551.1097,-142.95245,428.9383,574.5645,142.63461,428.5641,713.29407,-428.73557,378.05353,710.21423,-95.262505,629.6829,703.84985,-356.3995,412.2387,903.572,-180.8647,665.7523,691.1753,-347.67493,440.10236,940.18005,-193.02893,656.18256,780.95154,-431.00476,343.65067,928.5385,-291.29266
patada_from
WhatsApp Image 2024-11-15 at 11.24.48 AM.jpeg,patada_from,158.75314,504.75854,-153.20468,152.8258,486.70728,-176.4515,154.74866,483.35422,-176.34941,156.73428,479.3194,-176.28404,150.23636,489.18237,-126.75845,150.21677,488.00586,-126.88824,150.06526,486.60797,-126.97246,174.84904,461.0286,-216.48232,164.33977,469.7246,6.4976907,182.19298,504.11462,-165.8495,177.03172,507.2331,-101.90792,270.2397,482.5031,-300.479,230.01721,506.12482,157.0641,335.31967,587.3962,-440.40765,227.44524,618.03845,222.28944,233.52403,586.2799,-488.11133,214.05365,727.215,81.51995,205.6115,588.64435,-537.47253,176.48816,737.46857,70.68123,203.1296,576.88336,-525.31134,180.30858,738.52075,28.100563,211.10236,573.42706,-485.41107,193.01958,734.666,57.568172,461.5593,547.5912,-148.15053,411.59085,572.127,147.8991,423.2431,715.0727,-410.59122,361.73224,716.5726,-79.616394,606.5468,712.65796,-366.65652,401.56995,897.3771,-195.72472,649.37164,694.0354,-359.46753,424.82822,938.14685,-211.05739,656.90643,776.8905,-432.4081,330.58102,930.7269,-300.03253
patada_from
WhatsApp Image 2024-11-15 at 11.24.49 AM (1).jpeg,patada_from,177.9044,504.03836,-238.13066,170.15558,486.05197,-261.0388,172.03091,481.73883,-260.93997,173.90065,477.21375,-260.8964,167.12769,489.60718,-209.30612,166.5949,488.35474,-209.45714,165.93898,486.8535,-209.54297,191.63068,457.56287,-287.74557,182.07532,467.67847,-54.986927,201.94926,500.737,-244.47563,196.94678,506.12805,-177.90443,293.8739,478.38928,-358.29895,243.46927,506.0945,123.992615,356.53314,590.5997,-473.92282,239.93376,618.6136,164.87852,243.07388,602.3371,-476.495,221.37656,718.32043,-29.362654,213.42476,612.3752,-526.741,185.29822,736.959,-45.395985,209.9837,598.2259,-511.5364,187.78839,737.3841,-92.45339,222.03358,595.9574,-470.4984,201.79631,731.28894,-55.827724,480.94604,548.299,-161.45262,425.79297,569.15826,161.09686,435.97366,713.24475,-477.8177,369.397,711.605,-39.21732,629.86566,714.5211,-450.84708,416.1052,899.23486,-124.587944,676.6395,693.00464,-447.75974,437.0846,936.8997,-137.47649,672.0012,787.3526,-544.62024,345.58798,927.3404,-233.6986
patada_from
WhatsApp Image 2024-11-15 at 11.24.49 AM.jpeg,patada_from,182.54033,501.4949,-123.568436,173.0082,484.39328,-144.92067,174.58513,480.33514,-144.85364,176.24438,475.89932,-144.77783,170.32988,487.81775,-96.90057,169.82878,486.77182,-97.013535,169.343,485.52216,-97.10628,193.22423,456.1836,-182.41614,184.05623,466.213,32.788998,204.69225,499.45197,-135.69641,200.99397,504.0674,-73.87667,286.35336,474.99432,-271.40396,246.45535,500.55936,177.50835,344.55252,587.5504,-417.02072,246.77866,607.2655,218.00975,240.13329,594.75867,-438.71854,229.88596,714.5922,51.401264,213.60312,596.83325,-483.67856,199.54526,736.289,36.760166,210.7915,584.32996,-465.4417,199.44243,734.2294,-5.4061007,220.59845,582.66425,-432.56088,211.72751,728.0118,26.625565,474.9187,547.5025,-145.8836,429.29825,571.71747,145.60909,431.92358,713.9572,-384.34863,392.1653,713.15216,-42.79371,629.2792,703.5399,-377.68735,415.37268,897.90344,-132.26645,673.1622,692.0722,-376.04968,442.13885,935.5356,-145.02223,657.8264,780.99084,-468.693,385.87555,946.01294,-238.44498
patada_from
WhatsApp Image 2024-11-15 at 11.24.50 AM (1).jpeg,patada_from,188.70222,499.2236,-86.08976,179.76562,483.5934,-108.35428,181.2819,479.95758,-108.30589,183.00037,475.742,-108.25782,177.37949,486.91064,-64.16803,177.02333,486.1878,-64.29021,176.63947,485.2815,-64.41894,200.85886,456.09174,-156.13052,191.57524,466.80072,37.046753,210.66934,497.88406,-100.48883,207.44228,502.4962,-44.29494,291.7195,474.5871,-250.54568,253.28104,500.16138,178.27972,352.88205,585.1875,-265.6,248.58409,608.22217,242.87576,253.93932,594.5531,-157.1048,241.10274,713.48035,123.82667,226.55821,601.4381,-176.53267,209.08064,734.8948,112.603874,225.45993,592.2369,-179.44058,212.01195,735.91565,75.0016,235.92671,586.8202,-153.88382,226.1847,729.6648,101.101364,478.78735,546.0041,-144.90831,439.45578,566.10645,144.96115,410.52325,716.32446,-220.75342,457.03128,711.3516,16.363342,422.28284,899.1049,-235.60155,635.34424,722.7959,51.013218,450.6563,924.7828,-239.13475,674.2355,702.63245,55.46646,396.1521,955.54626,-330.05585,675.66736,787.3845,7.416245
patada_from
WhatsApp Image 2024-11-15 at 11.24.50 AM.jpeg,patada_from,182.55707,502.8073,-150.35356,173.71883,485.64734,-172.3702,175.33334,481.48315,-172.2836,176.90263,476.96286,-172.22597,171.0585,489.07742,-125.95651,170.53976,488.03757,-126.08689,169.82632,486.7492,-126.16969,194.34451,457.52423,-206.50351,185.7599,467.92905,1.2641639,205.98387,499.81848,-160.34924,201.75742,504.80893,-100.72595,289.50046,474.19644,-281.04013,251.41356,502.9862,147.24942,351.58795,591.1173,-397.4433,252.02124,611.31824,208.97649,251.55574,598.6779,-408.90915,238.45154,718.3279,64.951584,222.47488,601.6843,-449.3626,202.84492,737.3578,49.90775,219.33057,591.6857,-439.56973,204.3539,737.98206,10.619101,229.80304,588.82043,-405.32852,217.30788,731.2577,42.188526,482.20358,548.1383,-138.34348,432.61826,569.3119,138.05653,431.9469,710.01196,-394.86276,370.04202,703.782,-74.723114,634.34973,712.6962,-360.09262,421.50424,896.64685,-158.62585,678.16003,690.7397,-354.37244,446.49887,937.0515,-169.91792,674.20447,781.95935,-430.13696,359.2161,923.6919,-256.17325
patada_from
WhatsApp Image 2024-11-15 at 11.26.45 AM.jpeg,patada_from,152.17513,565.6241,-11.561337,140.62839,563.202,-46.739223,140.29059,561.3464,-46.719963,139.98929,559.45953,-46.682583,139.72046,562.5706,-4.0013237,138.83456,560.2573,-4.0961347,137.89307,557.76794,-4.201744,139.83224,537.59,-141.80966,136.38799,537.6728,50.140568,162.96948,552.6842,-40.63174,161.62274,551.80347,15.384356,201.6024,525.74884,-235.69002,183.03586,500.68362,185.11583,245.17755,624.3011,-257.114,205.86925,593.2789,268.4618,216.04721,726.1083,-185.32344,180.19238,688.0987,187.66882,209.758,748.9399,-226.49995,150.01822,696.0851,196.28232,200.28235,745.9982,-197.41914,150.04904,699.6646,143.74858,202.33394,737.67334,-172.29755,162.43439,700.51483,164.48265,381.93018,529.65765,-140.165,366.72916,520.6522,140.31606,335.54095,704.65216,-168.47159,350.1813,697.6808,148.74168,406.67627,871.4055,-93.84741,480.7652,751.0072,270.89328,425.9113,888.8844,-86.982445,503.58984,752.1421,281.12384,348.98627,920.95703,-120.53072,516.6936,766.7133,248.1119
patada_from
WhatsApp Image 2024-11-15 at 11.26.46 AM (1).jpeg,patada_from,132.29012,565.49634,28.285446,119.86601,561.20044,-4.1456413,119.40173,559.61273,-4.148101,119.031075,558.1345,-4.1368117,119.19994,559.5909,39.390774,118.3157,556.8737,39.32066,117.43748,554.1889,39.245766,119.44574,539.41077,-88.22745,117.52779,537.0032,106.68464,142.39273,551.2487,2.529013,140.81577,548.8974,59.471092,177.68266,521.62994,-197.1571,175.555,504.78967,247.71254,217.0804,618.9954,-255.05676,201.56401,599.99664,312.155,191.87909,722.0031,-225.50638,167.47882,694.8963,205.19186,183.61768,748.1076,-279.48026,138.67386,701.36816,211.98257,172.9526,744.025,-244.98956,135.52597,703.7201,156.2439,176.69574,735.6449,-212.96542,148.13795,704.5558,179.48752,369.01495,515.67554,-156.87418,361.56073,510.81143,157.04779,312.9329,697.6568,-202.28593,329.8596,688.2638,166.2576,396.31375,868.603,-151.25389,483.68695,694.97687,302.692,422.1319,890.02673,-147.62262,517.64606,678.2948,314.9302,333.02655,917.8087,-202.13101,502.6724,741.0785,274.3049
patada_from
WhatsApp Image 2024-11-15 at 11.26.46 AM.jpeg,patada_from,146.86142,563.9086,40.42995,133.32999,562.07446,10.220877,132.67159,560.4118,10.218289,132.13594,558.8022,10.237581,133.17636,561.24915,51.128082,132.5649,559.0165,51.04648,131.97601,556.8304,50.95361,132.64111,540.07764,-66.95065,131.47847,540.2389,115.51229,155.5318,549.9248,17.359167,154.72,548.9887,70.58048,182.73343,513.62744,-172.17015,187.06468,508.2509,246.29117,227.88147,613.8995,-224.48116,215.93633,601.42444,310.74515,204.66937,721.04584,-178.79626,185.26889,699.5193,229.21393,201.49205,747.4679,-217.94324,170.27162,715.184,239.4635,188.05826,744.98035,-186.87996,156.82086,714.01556,191.94762,189.89398,736.9061,-165.37628,163.58179,711.58496,206.98428,370.13785,517.8878,-141.46826,369.61243,524.07776,141.6265,294.83868,681.6748,-193.96532,336.31555,695.3909,115.12652,404.43524,872.3308,-155.41386,452.234,764.76984,188.04019,428.83655,891.91864,-152.67355,478.15952,768.1996,193.18138,337.59192,922.0665,-200.91347,450.8268,821.8662,150.9627
patada_from
WhatsApp Image 2024-11-15 at 11.26.47 AM (1).jpeg,patada_from,131.41515,557.787,-10.408357,119.104675,549.6415,-43.105007,118.79577,546.9785,-43.10664,118.4786,544.1268,-43.094025,118.72526,551.41455,0.7622667,118.11322,549.9712,0.6745244,117.47726,548.3394,0.60140455,124.38109,519.8632,-131.50941,122.51649,523.764,63.92256,146.98361,547.2248,-38.291954,146.13803,549.77295,18.87986,192.66118,514.7639,-233.48445,185.87141,498.2141,200.04623,246.20805,611.75824,-258.5316,212.74368,595.5679,268.9372,217.03897,717.3791,-183.57118,187.68448,690.20374,184.81982,210.76205,745.4171,-224.35988,163.40082,702.2021,193.4264,200.53621,743.3126,-192.27745,160.86278,704.9291,141.62807,202.19913,733.4443,-168.86125,171.53656,702.97217,161.31766,376.10196,525.5519,-138.53304,365.59647,523.961,138.76656,338.87244,705.1666,-165.4524,354.40787,701.7874,120.93485,402.98526,871.52234,-95.78115,482.89688,749.4641,246.57805,424.3241,894.39514,-88.663994,504.45035,749.5413,258.66974,343.96115,921.69824,-124.43968,501.65964,782.9707,231.4747
patada_from
WhatsApp Image 2024-11-15 at 11.26.47 AM (2).jpeg,patada_from,137.15828,561.2712,-3.5672002,125.26914,554.06836,-37.25418,124.97448,551.33813,-37.246323,124.654205,548.32764,-37.228527,124.83095,555.2781,6.8399563,124.22357,553.4539,6.738882,123.54842,551.34863,6.631844,129.39111,522.9214,-130.10046,127.20481,526.2032,66.01095,151.90028,548.84875,-33.31982,151.47137,550.66656,24.010899,200.79137,518.1222,-228.02437,188.67903,498.43002,196.86516,248.64592,620.7,-248.3696,209.17426,595.80865,269.92102,217.09914,721.7335,-168.7915,181.59293,690.4857,187.29507,211.5991,748.0106,-208.48035,154.8815,699.0366,192.96399,201.62,745.9174,-179.8908,150.22379,700.97766,143.03725,203.08247,736.08887,-155.564,162.86008,700.7068,164.28668,380.6317,523.87054,-136.2493,372.07767,521.96735,136.44409,326.75342,699.09546,-169.92555,353.41248,700.26416,145.06458,407.35907,876.9884,-103.3921,505.85785,701.6438,286.7789,429.54565,897.6582,-96.80399,530.6468,697.05066,300.25327,342.76028,923.6598,-132.7613,526.4094,746.4849,276.60464
patada_from
WhatsApp Image 2024-11-15 at 11.26.47 AM.jpeg,patada_from,133.79091,558.0879,-16.559023,121.20785,549.1616,-49.84893,120.88716,546.37695,-49.844917,120.52646,543.3532,-49.83536,121.04805,550.7294,-4.757814,120.60308,549.11523,-4.85646,120.06898,547.2486,-4.955214,127.21389,518.2505,-139.63748,125.2701,521.47876,61.042927,149.32925,547.1044,-45.53738,148.61884,549.2862,13.193959,198.61665,515.4204,-245.31192,191.57008,498.26907,198.96051,245.62239,617.05835,-279.76392,214.04015,596.95953,273.7631,216.20625,721.48596,-211.53696,190.39934,691.5902,193.4037,207.41962,747.9597,-256.3156,165.60695,705.4291,201.03032,195.97623,745.3087,-223.4007,163.01398,709.4628,149.03111,198.71696,736.1374,-197.45547,173.69342,706.969,169.44786,381.43726,523.8938,-142.58281,372.8768,523.4166,142.79503,331.39532,700.78174,-174.09955,356.484,701.8426,140.69418,407.9528,867.5809,-93.80782,491.7097,702.4419,287.21518,431.54315,886.7602,-85.0923,498.09357,733.35974,301.50232,354.92603,924.2395,-117.822556,518.4625,750.6863,279.14514
patada_from
WhatsApp Image 2024-11-15 at 11.26.49 AM.jpeg,patada_from,141.8459,555.5294,-31.552633,128.9466,548.4103,-66.97037,128.61288,545.78894,-66.957,128.21376,542.93054,-66.94495,128.73926,549.5124,-17.501371,128.29114,547.71234,-17.601488,127.705124,545.6138,-17.692663,132.50464,517.1512,-165.47707,130.58922,520.21716,55.82442,156.165,545.0149,-63.679253,155.63736,546.69415,0.9651626,205.05327,504.45755,-281.06622,196.36774,505.90295,211.42824,269.70096,598.20746,-304.67035,214.01236,600.1375,334.6415,235.78166,709.50934,-220.37903,187.83992,696.2654,286.4287,231.92137,731.81244,-259.53976,167.65031,707.3243,303.56833,219.17596,730.73157,-230.5258,157.7399,707.10034,253.06662,219.87201,722.5753,-205.63342,166.19678,704.9934,263.6659,389.00327,531.7429,-157.11914,370.78152,536.25195,157.38695,336.58908,710.45905,-200.0388,346.0269,705.7706,149.10701,406.63354,875.6044,-130.6878,491.3667,718.11084,305.30444,426.87155,901.8983,-122.7514,487.06882,744.55664,320.7868,351.006,926.0221,-175.61693,502.96805,762.3316,291.70648
patada_from
WhatsApp Image 2024-11-15 at 11.28.40 AM (1).jpeg,patada_from,262.77826,440.23468,-180.03828,254.168,421.17935,-203.2933,256.26227,417.00638,-203.24216,258.3679,412.786,-203.12769,251.4079,424.45724,-164.25967,251.11652,423.0615,-164.45758,250.89441,421.1473,-164.58556,277.89093,394.5232,-244.88307,269.57684,401.16946,-75.721466,282.3557,436.79083,-190.41943,278.97092,442.32022,-140.69254,390.28296,416.31992,-314.68896,327.0585,449.44562,70.357834,424.50546,542.3849,-337.21732,317.70065,559.1767,149.4737,416.6147,655.7101,-319.8121,294.49405,678.27686,68.65533,410.84,687.76843,-362.279,280.5801,701.61206,59.490612,396.87717,688.23914,-360.80307,283.80154,702.28156,13.495816,394.53616,679.5495,-317.08044,291.3718,695.4081,44.781116,545.81824,540.3872,-126.85142,487.14685,542.3135,126.86777,474.9549,709.92944,-200.57137,475.36215,698.675,93.21736,490.62628,881.9343,-156.4875,624.9087,697.86414,235.71396,513.21655,924.2929,-155.8005,659.2158,684.42505,250.29164,410.683,924.9359,-242.09378,662.9466,762.55176,229.25272
patada_from
WhatsApp Image 2024-11-15 at 11.28.40 AM (2).jpeg,patada_from,260.20032,440.29282,-163.87329,251.26265,422.35095,-189.23163,252.90869,418.47382,-189.16203,254.89095,414.00195,-189.01416,248.93245,425.56604,-148.66374,248.62097,424.11743,-148.83986,248.30907,422.24347,-148.95763,273.68268,394.46912,-239.50659,265.56503,401.2489,-63.81967,279.677,436.44302,-177.33752,276.53012,441.35504,-125.80613,382.30582,412.9494,-316.82758,320.82147,448.94733,87.271126,423.43756,537.6433,-344.8423,311.30035,557.3199,174.7879,415.62186,650.68756,-324.18033,287.54327,679.3396,97.283516,411.5391,684.20825,-364.5367,273.1826,702.3941,92.529816,397.81287,683.854,-360.44125,275.51904,703.4226,45.07945,395.94702,674.55963,-320.00668,283.8699,695.9127,73.11065,540.3477,540.7987,-127.43285,486.08276,545.9121,127.44267,469.05106,707.20123,-176.35138,481.14655,702.5786,62.16579,487.39035,879.4238,-86.40613,620.7527,708.17847,194.13216,506.8606,917.9056,-80.31686,648.2809,694.0309,207.10881,412.50632,920.43427,-152.48462,661.54663,769.5591,182.04129
patada_from
WhatsApp Image 2024-11-15 at 11.28.40 AM.jpeg,patada_from,271.9895,440.70468,-137.50455,261.39612,422.51285,-165.6402,262.95215,418.70068,-165.5829,264.87405,414.3669,-165.46608,259.2672,425.63312,-121.46702,259.07285,424.24545,-121.64194,258.91013,422.54218,-121.77193,284.17242,395.46814,-225.22453,276.45728,402.12497,-32.996902,291.55066,436.22678,-154.29544,288.41037,441.4964,-97.935425,392.25195,413.2362,-311.96448,332.0856,446.23242,119.49136,428.7647,542.86536,-346.38147,323.75677,551.9145,203.07677,418.95856,655.0303,-325.61804,297.36115,668.9206,116.773315,412.3997,687.5116,-367.98578,287.33243,695.61475,111.96919,400.5812,687.05255,-363.20032,290.7938,695.582,63.804832,398.7094,678.5017,-321.22147,296.2565,687.975,91.78501,550.9808,540.47534,-138.97089,498.21188,545.23676,139.0191,470.74332,710.3081,-219.1846,485.1912,710.0072,57.712902,493.2371,879.1025,-161.60095,638.5573,698.4284,187.34593,516.3174,922.02014,-158.88808,675.25476,680.9,200.7452,411.28693,921.4912,-241.6626,674.0889,762.6465,173.42366
patada_from
WhatsApp Image 2024-11-15 at 11.28.42 AM.jpeg,patada_from,270.54294,441.48474,-139.58937,260.70328,423.22827,-167.89189,262.88168,419.6914,-167.84737,265.20874,415.79526,-167.75575,258.2548,425.84293,-123.45529,258.34155,424.46082,-123.62318,258.40927,422.75098,-123.75554,285.20895,398.4552,-230.03084,277.1424,403.76724,-36.22347,291.0256,438.2826,-157.55301,287.82535,443.0157,-100.73166,394.27502,414.53616,-318.31854,331.30804,449.0912,118.7668,429.31573,542.89154,-352.17117,327.20187,554.37915,205.68877,421.71698,660.86536,-334.88654,299.57086,674.3645,123.05751,419.0298,690.0382,-379.42392,286.53183,697.49176,118.53406,405.92337,689.4811,-373.1767,290.3261,698.7363,70.416916,403.87527,681.44806,-330.3022,297.5429,691.9231,98.14278,554.90173,542.4865,-139.06424,497.96524,545.1181,139.05159,472.26147,712.5464,-213.62593,478.1962,704.66724,59.596832,499.81726,891.3258,-148.96133,632.674,699.3482,177.34009,522.5713,931.0802,-145.38167,670.96484,685.30347,189.29427,416.89938,920.14026,-224.18045,667.81573,763.2825,163.87024
patada_from
WhatsApp Image 2024-11-15 at 11.31.25 AM (1).jpeg,patada_from,467.6172,514.52905,-111.59584,481.46915,502.76917,-93.85258,482.06573,501.8836,-94.02679,482.64505,500.82303,-94.20066,479.62973,499.49753,-137.31041,478.82516,496.3357,-137.3393,477.98468,493.00134,-137.26349,473.06296,480.44275,-3.346741,467.98126,475.25497,-197.71873,452.13934,513.21686,-73.1614,449.9569,508.82138,-129.64587,413.5256,486.16418,122.932205,386.5925,467.44427,-267.67987,406.72693,572.6264,225.69604,282.79565,524.03455,-294.99228,420.1136,661.3331,140.78,338.0707,605.15753,-229.43054,439.7241,674.6805,132.9496,347.9217,624.99854,-266.7362,441.12418,672.9979,84.672195,358.70294,619.91974,-261.0026,434.74506,669.1297,117.08521,358.23935,612.5125,-225.51076,231.56651,497.79666,130.73196,203.85033,495.54865,-130.4176,256.22382,659.13916,146.64531,258.88715,656.6382,-144.74275,97.15238,650.6646,204.62875,207.62338,793.16656,-74.58707,67.837296,638.56494,206.78053,140.80685,761.89935,-66.73042,66.193214,711.9583,175.65128,235.03575,833.4262,-103.867935
patada_from
WhatsApp Image 2024-11-15 at 11.31.25 AM.jpeg,patada_from,471.69745,513.8248,-5.1413207,485.12622,503.64093,13.317839,485.74933,502.38562,13.1658,486.51462,500.86438,13.050034,483.57114,501.60037,-32.80746,483.07382,498.9555,-32.795815,482.65857,496.1226,-32.740517,478.7532,482.69272,96.29546,474.51346,480.4341,-111.37194,458.41278,511.56982,29.974546,456.70105,508.62048,-30.21268,417.80646,470.20096,214.04231,404.83615,477.76068,-207.56595,410.68732,561.09937,297.80615,300.1531,520.4198,-248.05466,417.32156,662.5927,196.31892,333.41476,603.175,-181.1531,436.668,672.54736,191.25648,339.76843,624.7601,-212.92096,442.53418,671.76215,146.48337,356.8543,615.16,-204.2134,430.36435,668.44055,173.52136,357.8141,607.715,-175.18701,232.6489,490.2685,143.02296,215.97949,507.34402,-142.79576,249.55388,642.74384,191.55354,265.7364,666.37683,-112.425415,100.788895,639.81836,272.3482,209.4039,813.73303,-35.678387,73.20846,616.79846,278.1672,186.06754,829.08136,-25.331783,66.908585,681.7361,256.45114,259.75348,853.2478,-52.42296
patada_from
WhatsApp Image 2024-11-15 at 11.31.26 AM.jpeg,patada_from,466.56082,511.8555,-108.93579,480.09686,500.71255,-88.65841,480.71378,499.9944,-88.814606,481.31802,499.08887,-88.957275,478.358,497.0482,-132.98297,477.6489,493.8404,-133.0002,476.76996,490.4519,-132.94405,471.71066,480.86792,9.4864,466.5515,473.9234,-189.47011,451.78186,511.50348,-67.71053,449.456,506.6783,-125.53758,414.71063,486.9241,142.78627,389.73376,465.6218,-264.53534,408.39108,579.5588,237.44156,287.25824,518.74243,-309.17093,418.3404,664.64966,136.47481,333.77945,602.2683,-278.78778,436.07123,677.74817,128.81252,344.5188,622.8292,-321.62668,437.1108,674.38873,80.15141,357.3915,617.41644,-311.50427,429.7661,670.72754,113.158676,356.88388,610.2966,-273.10712,234.36125,497.002,140.8894,204.28268,493.38788,-140.62756,247.52725,652.9548,174.6563,263.25964,656.2047,-144.16414,92.73314,643.53784,255.45285,211.44351,806.5445,-102.0989,58.462124,618.12933,260.92294,186.7387,826.09973,-98.02016,56.705738,692.3111,232.8044,268.4134,848.593,-143.56644
patada_from
WhatsApp Image 2024-11-15 at 11.31.31 AM.jpeg,patada_from,467.01367,512.0845,-60.043003,480.17123,500.1903,-43.179802,480.9132,498.9423,-43.338936,481.76465,497.42938,-43.46995,478.49466,497.58795,-91.5576,477.9476,494.51636,-91.56111,477.4566,491.13327,-91.507484,472.9173,478.1703,40.44104,468.6869,474.15695,-177.51611,452.3211,511.03836,-23.113483,449.99527,507.285,-86.480385,413.20645,474.46826,166.86522,391.1059,470.56607,-260.60437,403.99905,564.63965,286.40637,285.2067,518.92346,-301.6697,417.55038,657.6001,208.92204,329.80374,597.83203,-250.5616,435.66867,668.18054,208.80978,339.01672,621.1966,-290.67444,437.5961,667.6279,157.05464,354.7515,613.1927,-279.74518,428.25323,663.60034,185.49475,355.39914,605.86816,-244.3099,231.1172,492.08905,147.23419,204.41454,500.91486,-146.95456,245.49463,648.19995,203.73418,263.08884,659.4418,-125.719536,98.51475,642.6086,320.73843,213.71223,812.3036,-59.994076,62.680176,616.22626,330.71533,186.59433,831.402,-52.52723,56.464157,689.8761,302.1595,267.27515,851.5863,-94.31488
patada_from
WhatsApp Image 2024-11-15 at 11.31.32 AM.jpeg,patada_from,467.1555,507.35538,-26.392162,480.35703,496.23907,-7.2039976,480.77606,495.39536,-7.3481975,481.15045,494.37292,-7.483665,478.9941,493.3815,-51.921192,478.33047,490.56976,-51.94539,477.57898,487.72427,-51.89218,471.11337,476.86902,82.809166,467.58078,472.1831,-117.69698,451.27234,507.18494,11.117537,449.50522,503.2326,-47.154327,410.23584,478.54865,206.73601,396.29913,467.6634,-213.61263,405.30972,565.1128,289.01385,285.58167,514.154,-236.63918,419.2655,652.0537,198.25188,330.15536,594.71387,-128.57175,437.07236,667.55664,192.48021,339.11084,616.7,-153.20496,439.47998,665.4009,151.78793,353.4102,610.3264,-146.63348,429.47205,660.73724,177.10594,354.25952,604.5714,-122.11675,227.11282,485.3688,145.86972,201.55722,496.7011,-145.53088,245.58366,650.5675,179.65387,255.89894,661.5463,-121.43175,92.327736,640.772,255.04787,210.02158,816.8753,-72.27971,55.107155,619.6621,259.30597,188.23929,833.92267,-65.658066,63.5262,694.271,224.3346,267.62143,857.6715,-108.955055
patada_from
WhatsApp Image 2024-11-15 at 11.31.34 AM.jpeg,patada_from,472.4067,505.19666,-112.02576,486.54456,493.41748,-97.98167,487.25705,492.41174,-98.15701,487.91193,491.22464,-98.333664,484.24832,490.7587,-138.50734,483.35278,488.16125,-138.56308,482.41696,485.57675,-138.49977,478.0482,473.07095,-19.120531,472.34183,469.94452,-201.01224,457.3018,504.67957,-77.186966,454.75415,501.04327,-130.19211,420.51544,469.11105,103.05473,394.10217,469.87097,-269.6162,411.33798,558.1255,186.6934,288.18445,515.43677,-277.31625,421.7647,639.6366,88.70258,335.1431,599.984,-183.27673,437.31647,658.48505,78.377106,343.96796,620.2093,-220.63626,437.53497,656.9446,28.080593,358.26694,613.8331,-211.3005,430.65836,653.19543,64.57993,359.13315,608.58167,-177.89116,236.5067,477.31506,128.65324,207.45921,487.50473,-128.16148,251.0694,641.85706,172.11943,256.13602,656.9291,-109.75711,94.276535,635.8831,268.80743,213.41792,805.3002,-59.537975,65.32533,617.09357,275.40225,189.98123,829.58496,-54.212547,62.222656,681.44324,239.08665,269.31717,849.8362,-105.472084
patada_from
