IMG-20241114-WA0018.jpg,wipers_derecha,672.2496,784.8129,23.284098,680.4778,793.8771,12.893341,679.83185,796.117,12.838195,678.8186,797.8397,12.750479,679.7377,785.39294,48.09187,678.99115,784.13055,48.15305,677.8544,782.6276,48.01411,668.4169,807.051,4.5949893,666.14606,788.53406,164.00858,637.4628,788.4274,24.44085,636.611,783.733,69.948395,607.2106,854.5978,-55.170906,587.1793,763.91547,184.36531,582.07,751.4691,-179.94783,589.3759,715.4292,42.683876,646.4042,753.9526,-164.77026,641.04047,742.4047,-143.85391,661.4856,760.27185,-186.1087,658.365,761.18744,-171.16962,664.4567,774.1118,-181.78717,661.1203,773.9966,-150.26334,656.64105,773.9777,-161.01744,652.9089,771.49506,-143.46352,397.84735,866.7499,-34.640377,394.19403,779.9903,34.591805,256.4546,882.2805,-353.60297,275.6629,776.43933,-322.3332,136.33337,837.4454,-16.576878,131.21863,779.7405,-82.66887,128.35196,818.39,11.627876,122.6904,781.24817,-62.311756,55.54756,825.07556,-139.11252,47.727676,792.18805,-218.05267
wipers_derecha
IMG-20241114-WA0019.jpg,wipers_derecha,568.3688,815.4729,27.943579,581.6546,820.9706,5.1577663,583.2007,824.2899,5.283314,584.64404,827.3241,5.263467,581.5963,817.8407,37.85643,582.8542,818.707,37.88324,584.1739,819.43536,37.830368,589.2908,847.3539,-25.81053,586.3809,835.59424,123.23409,560.2897,829.12,20.387335,561.5982,824.8861,63.07855,546.911,901.9911,-96.068634,508.19406,850.575,227.25467,519.40045,852.85693,-198.78606,498.54584,784.6921,348.28696,599.6564,831.586,-145.39142,568.7375,811.5976,498.12195,612.9419,831.8234,-154.43942,585.6586,816.6113,511.22144,611.5489,843.2178,-156.70612,585.8039,823.1886,538.8554,600.47766,842.28766,-145.9394,579.2684,823.6316,507.53427,335.12192,952.49194,-123.15075,337.8411,890.7751,123.00415,268.97238,808.2357,-301.74457,276.07883,746.1936,-10.115537,129.58687,864.34143,-223.2404,124.99851,816.52783,10.85159,125.02315,888.8101,-209.27724,116.0886,847.08307,10.258297,41.70717,855.53156,-241.96216,30.77262,818.7799,-38.052902
wipers_derecha
IMG-20241114-WA0052.jpg,wipers_derecha,616.681,748.4468,28.482103,641.59485,757.4188,19.639685,643.6433,762.87225,19.666183,643.92365,765.42145,19.606201,631.0336,747.8962,53.08614,631.0263,747.0576,53.15871,641.2631,750.72437,53.027378,636.0423,782.8466,19.566038,631.10046,760.40625,175.096,606.5223,762.918,33.571926,604.28064,755.1448,77.90469,593.92426,847.79517,-24.532873,573.8225,755.32446,217.83221,551.78467,788.5957,-173.19568,585.6222,708.23425,303.0635,633.63434,749.1019,-199.82198,640.61914,745.35065,423.01822,651.5438,748.8726,-218.02182,658.1219,765.08826,432.54578,654.8933,764.3775,-207.92937,665.5197,774.2351,452.09958,644.712,765.0326,-195.63113,658.6618,770.6607,429.90494,376.93002,873.4651,-59.988148,374.7715,785.81757,59.986515,238.3684,852.11725,-443.79718,273.1017,747.26404,-383.62158,128.89574,823.3186,-182.29298,130.6227,771.86926,-179.7074,124.45767,818.04297,-159.70515,123.06557,782.05286,-163.73552,53.888947,807.25586,-317.74246,48.660637,779.6252,-317.16458
wipers_derecha
IMG-20241114-WA0053.jpg,wipers_derecha,620.42755,747.7317,6.4417334,648.19336,756.2701,-6.9816055,637.25684,756.4377,-6.965604,638.56744,759.9206,-7.042385,649.46674,751.05884,25.851505,650.0056,750.8233,25.940933,650.4079,750.541,25.804646,639.3148,779.73456,-25.03419,634.1052,761.90894,126.5803,611.0819,760.9767,5.2117257,608.6538,754.6317,48.60608,596.8817,841.38556,-65.80259,578.8647,756.7694,163.12167,560.0818,741.42175,-177.98825,582.53235,709.7216,246.44807,646.6187,747.767,-170.12387,646.77826,745.05646,361.64362,662.3175,751.0778,-187.87595,674.005,771.6873,369.43347,662.98694,768.2358,-183.383,672.03357,780.93964,391.1003,655.48157,768.05597,-168.33417,665.2801,776.8039,368.93005,388.59607,871.0746,-49.726177,383.3864,785.4786,49.599155,243.27133,891.4806,-332.5535,265.45157,761.7231,-260.62277,132.19739,826.1915,-25.662374,137.06982,780.7379,3.3750246,126.67717,818.4425,3.4488857,131.6771,787.41614,28.502775,57.264927,814.17847,-117.34119,56.726555,784.5946,-81.57536
wipers_derecha
IMG-20241114-WA0054.jpg,wipers_derecha,638.28406,774.97003,-8.748554,669.2292,778.7304,-23.123638,653.8444,785.3545,-23.173409,654.6128,788.5546,-23.260916,671.0506,776.51953,13.726393,670.62744,776.00244,13.80533,670.0595,775.51025,13.672641,653.7092,808.2533,-37.4578,657.5184,783.19714,129.92099,627.1473,785.7421,-8.36929,626.0946,781.4761,39.39114,599.58167,855.4609,-90.63736,592.6196,770.13007,175.87595,578.89526,729.9602,-210.88428,589.4813,719.1369,109.41016,652.12024,753.81683,-198.73839,644.7079,741.8977,-9.733728,667.41833,759.9679,-222.74922,667.24304,765.81793,-29.820414,668.6165,773.3219,-221.54048,664.7305,771.4588,-14.942565,662.22675,774.1532,-196.71481,658.1738,771.0241,-10.402923,396.65802,867.04675,-44.83717,395.8313,779.9551,44.83077,258.429,875.185,-360.58954,277.60876,771.0104,-355.14487,140.66408,836.6229,-10.444861,132.53528,776.02893,-107.85823,132.53943,823.023,18.984621,124.28011,780.4546,-87.21149,59.757084,820.3439,-139.1354,47.383774,790.26514,-252.6701
wipers_derecha
IMG-20241114-WA0055.jpg,wipers_derecha,638.70544,766.7386,4.409055,662.8059,775.4678,-3.8189995,664.2886,781.87994,-3.8359828,663.69165,784.1672,-3.9108672,663.0994,769.79065,28.44433,662.0549,768.0425,28.541765,661.0785,766.5193,28.397804,655.3526,801.30804,3.2087877,653.1734,773.28253,151.30469,627.57825,779.17847,12.361836,626.3675,771.93494,54.56409,604.13086,852.8181,-41.448593,592.92755,761.9136,179.93419,574.10657,765.6031,-175.11104,588.49786,710.60657,78.4152,649.2258,749.43945,-184.53716,642.9499,740.82983,-38.517544,665.9354,757.49445,-206.32552,670.9179,764.14197,-60.470154,669.9961,773.0767,-200.76816,669.58716,770.11035,-37.2822,662.5715,774.5951,-181.71487,662.21423,768.55383,-35.72276,405.37827,870.1835,-38.604244,399.01263,782.8396,38.559765,254.53575,881.74347,-338.11328,274.57724,780.4679,-280.0693,131.5159,830.05853,-58.2399,130.82762,776.78394,-57.238853,128.0642,819.74207,-34.953804,124.23174,779.8301,-38.645332,58.189194,815.74243,-182.30159,54.92057,785.9048,-182.07828
wipers_derecha
IMG-20241114-WA0056.jpg,wipers_derecha,639.542,762.5251,26.598217,666.6084,770.6107,24.608603,668.35455,777.09357,24.602474,667.83527,779.75024,24.543415,666.57434,764.7583,55.169506,665.69055,763.254,55.282574,662.8747,759.01056,55.16948,653.0996,796.113,52.042892,655.70935,764.63745,193.61664,628.3017,774.4034,40.59235,626.8912,765.59973,80.77394,606.20294,848.8811,6.646233,589.92566,753.181,222.85371,579.83685,758.6414,-140.15662,598.09796,706.15686,155.2906,652.86597,753.62256,-170.14488,666.5595,762.58484,103.27941,669.7259,758.4948,-194.414,685.4717,780.34937,88.2976,674.3646,771.89056,-191.823,682.84106,784.50104,112.2115,666.3125,772.2938,-169.3844,675.4589,780.4142,108.13098,402.11734,868.06586,-41.79422,395.56918,782.2641,41.85892,261.61835,881.99023,-406.15833,283.2734,778.4863,-383.5881,135.50516,836.96356,-206.53876,132.23198,777.71027,-260.0162,128.90428,826.3373,-193.23393,124.53822,782.5251,-254.2187,59.760345,821.3318,-357.85797,54.90645,786.9361,-421.01047
wipers_derecha
IMG-20241114-WA0083.jpg,wipers_derecha,271.0506,517.1845,88.55932,267.52393,511.91464,69.69715,265.39517,512.0415,69.620804,263.4735,512.0711,69.54195,273.01132,512.6398,65.86128,274.84073,512.52673,65.8489,276.36053,512.5726,65.77719,260.4522,516.133,-3.2091854,275.9797,516.93726,-19.047255,269.5149,523.8729,66.58927,274.42123,523.8875,61.640427,238.62161,556.78845,-20.129757,289.8489,555.08777,-35.730453,272.1736,605.0854,33.807087,309.26376,607.283,-5.1991854,287.58167,615.1302,81.35167,314.62613,598.16034,25.617807,289.36716,619.90295,85.03581,315.8493,595.88586,31.20077,289.96115,612.0122,84.19681,300.42023,597.09973,23.184803,290.76474,608.9345,81.70336,300.07837,597.3271,22.567516,277.9628,649.9889,6.120078,320.73117,638.58527,-6.1883464,324.0019,654.36334,17.589209,357.87402,658.24774,29.247208,388.754,691.16956,-19.957119,408.50674,702.7363,-14.828624,400.80325,696.6211,-24.737751,410.76477,711.753,-19.808088,405.3335,691.93945,-63.443775,435.4802,709.0126,-64.77355
wipers_derecha
IMG-20241114-WA0096.jpg,wipers_derecha,310.23453,506.16235,-368.4166,288.12256,497.59167,-377.23065,286.25598,498.30032,-377.27377,284.72778,498.8533,-377.37073,309.16418,505.61508,-384.65942,309.2489,507.04462,-384.70532,309.3664,508.47162,-384.72015,281.58392,506.10745,-353.79535,305.6016,520.5161,-388.32358,292.004,506.2428,-351.93225,297.1983,505.28296,-362.5208,261.7961,535.2644,-258.3971,320.29254,562.1629,-338.3446,299.67572,495.9895,-214.93332,359.67587,586.29553,-330.11743,366.73105,464.3419,-257.58817,424.73886,634.949,-299.0625,381.95355,447.44806,-271.93732,440.55533,649.8672,-316.58237,385.5876,451.7727,-298.85492,445.76245,653.6599,-332.7881,384.46536,456.63873,-270.81,440.11032,649.3014,-305.1805,312.3763,626.00903,49.321747,336.58527,626.9655,-49.528675,401.58475,669.58167,95.10828,440.12866,642.21094,2.9391465,481.261,713.7768,250.74614,518.4366,679.06775,128.27872,491.9593,724.9726,264.1873,529.6803,692.3921,136.66951,512.6833,699.0929,198.77158,547.4986,660.5388,62.166023
wipers_derecha
IMG-20241114-WA0097.jpg,wipers_derecha,353.41223,523.3618,-140.07812,352.7582,514.18146,-147.86745,350.7311,512.5036,-147.81549,348.61115,510.625,-147.7554,355.97058,515.95044,-163.90094,356.29303,515.6588,-163.95528,356.50647,515.3679,-164.00731,341.5631,508.25262,-148.4597,350.3991,515.6823,-222.39818,346.01215,524.4359,-133.55855,349.19727,526.10223,-155.42973,301.282,524.3228,-91.04301,336.59766,546.6782,-213.67561,287.0456,579.1274,-20.639734,332.74295,614.06604,-184.76859,308.0076,622.21436,-18.480925,337.66666,634.7174,-127.54715,310.9185,630.62537,-21.58076,344.64273,640.07623,-138.91621,316.4974,632.62274,-41.26796,346.1243,636.2512,-147.03433,315.83038,630.09393,-26.81461,342.54263,632.99634,-129.03755,285.2925,608.24194,49.785004,314.69247,630.3339,-49.89994,293.19934,528.25287,159.33722,356.11478,584.2684,10.662804,273.4624,547.3227,301.81094,385.0412,603.26855,127.59484,267.59442,552.9675,314.67203,384.94373,608.4443,138.2863,278.52463,534.8899,283.02087,404.31177,599.04517,100.8772
wipers_derecha
IMG-20241114-WA0099.jpg,wipers_derecha,310.97223,510.2214,290.5869,309.86053,503.18256,271.96097,308.25732,502.8678,271.90103,306.55676,502.66248,271.8,315.47592,504.42264,273.34122,317.33612,504.87402,273.37143,319.42316,505.27258,273.2777,305.36575,506.0345,179.27364,322.94183,508.55066,188.72145,307.87164,515.68286,259.16095,313.80347,517.5864,261.25153,274.81668,521.0089,136.82684,332.80902,537.2417,96.58792,244.65396,555.9515,263.60995,364.05765,577.6562,96.071236,253.24135,568.9652,410.0008,394.97656,599.008,144.29878,255.76283,569.02704,433.80807,404.28564,606.6072,152.43509,261.0975,569.66565,431.36215,402.97955,604.9193,152.46774,262.42224,570.4884,414.2052,399.05927,601.7393,146.87726,273.9154,619.15326,18.402338,315.51993,617.1374,-18.834883,301.98535,658.82056,17.877678,342.1043,654.39746,43.0174,345.93765,722.9436,-106.26618,367.5666,710.0934,-63.976635,356.19202,735.5032,-119.34569,362.72876,717.82166,-72.868454,358.90518,732.22784,-153.35934,392.1421,732.6641,-91.058334
wipers_derecha
IMG-20241114-WA0100.jpg,wipers_derecha,285.10638,516.3075,59.567513,282.0344,511.59042,36.19516,280.12625,511.60663,36.185715,278.21478,511.76123,36.207317,287.895,511.85107,35.19941,290.2591,511.95206,35.234787,292.81262,512.05334,35.149155,276.53906,515.2826,-39.57514,297.29013,514.9675,-41.84329,282.90057,520.7946,38.45945,289.107,521.2295,37.59807,256.17145,545.9376,-61.25006,320.27368,544.8729,-67.59276,225.74626,585.00134,-32.679768,345.6964,591.86755,-55.75399,213.32707,609.5936,-16.063715,371.7149,617.23865,-35.92848,209.6373,618.6353,-29.457481,376.77536,624.1899,-48.02471,211.39796,616.60645,-29.25331,374.58774,621.8248,-52.525375,213.35332,613.53186,-15.173534,371.9254,619.6938,-37.066364,273.1446,632.0443,9.702798,319.2236,625.73395,-10.014975,266.23114,592.51166,199.92126,303.59277,603.8187,197.08632,280.03024,614.6125,422.56238,275.17676,625.27295,409.821,279.55957,623.39624,446.3757,270.92673,631.8169,433.4563,279.54147,600.35693,450.81714,266.34195,614.7723,436.60263
wipers_derecha
IMG-20241114-WA0142.jpg,wipers_derecha,414.6438,621.8549,137.89824,417.24185,619.2079,151.5623,420.03638,619.13367,151.58325,422.81985,619.09174,151.5653,408.1839,620.8268,148.9984,405.19693,622.1582,149.0477,402.64795,623.4877,149.01491,425.83652,621.3714,207.20364,397.4019,629.0344,195.30142,421.81488,626.4717,157.54256,411.9964,628.5832,153.90157,444.44907,631.0898,181.07925,390.9001,645.1822,176.14421,471.27823,653.99,115.040115,387.12216,681.4225,91.27846,455.43372,645.67444,30.790415,415.6449,656.1981,7.9006114,452.37305,641.1215,21.848879,423.86096,650.8154,-0.809395,449.3626,640.3999,29.591429,420.85516,642.54285,11.258048,449.69662,639.6977,34.163525,419.79926,644.58826,13.759643,441.54715,680.91907,-10.328311,404.83887,692.96625,10.177987,446.6014,675.24475,-120.0317,351.93582,726.1954,-99.456184,410.68408,678.8677,-103.83186,402.1762,685.1665,-81.10331,408.433,680.3511,-97.34587,409.4161,679.8776,-72.88131,386.7195,666.43915,-84.71335,424.5408,664.32367,-48.266308
wipers_derecha
IMG-20241114-WA0197.jpg,wipers_derecha,87.4077,740.9594,-201.4479,73.818085,746.2014,-181.38513,73.64509,746.9297,-181.3263,73.31756,747.9237,-181.31668,72.31291,750.29395,-216.87881,71.16817,753.6701,-216.94841,69.93628,757.15393,-216.8061,74.51608,764.79395,-58.908707,71.49802,776.50867,-225.52808,100.38581,747.3657,-154.941,100.2943,751.61896,-202.81299,154.2846,776.07666,55.62204,119.43658,819.40857,-215.62137,205.39352,752.4476,231.40312,26.609552,848.1234,-280.65656,191.11887,740.3517,291.13123,36.465553,823.44965,-20.361578,182.67332,731.5502,308.7583,33.4621,821.17676,-5.946061,182.25833,738.07666,296.5619,54.042007,816.35345,26.9081,186.78249,743.31836,286.08096,59.51513,818.07605,-4.5739036,359.73285,798.40247,94.46166,362.84802,766.37305,-94.86263,305.89536,717.85254,325.09665,318.78018,683.331,-7.5073614,442.40283,762.81177,225.88211,442.29807,753.2916,-9.272472,456.1783,785.67334,217.81859,447.29865,771.446,0.25047043,507.35727,737.3269,228.92957,505.37488,740.25397,67.14699
wipers_derecha
IMG-20241114-WA0198.jpg,wipers_derecha,82.54876,740.71985,-271.4467,68.468254,745.9681,-245.47847,68.659164,746.3856,-245.47493,68.78471,747.06323,-245.55725,66.62955,750.45984,-280.02927,65.721375,753.79016,-280.09048,64.914734,757.2628,-279.95078,71.61288,764.8239,-92.427086,67.42112,777.9352,-254.04433,97.37423,746.0785,-214.01857,96.51041,751.3772,-260.75867,151.54807,775.5942,48.67924,124.15735,817.8229,-276.00366,228.56721,752.34125,219.24664,51.080162,839.58936,-485.77094,243.69054,727.9016,272.5691,40.48391,816.871,-463.06854,250.7789,717.2397,294.96527,37.380466,816.4251,-480.37762,244.70663,720.0648,274.82455,50.427933,809.2661,-446.18958,242.26534,725.42456,264.52847,54.878296,810.98425,-450.90753,343.97543,781.6717,113.02916,354.2372,798.7411,-113.259544,320.20175,666.7853,240.45518,330.3593,674.33844,-101.637054,443.64914,754.02966,203.34346,450.71402,760.35895,-17.612217,454.63623,778.1854,200.61288,458.87213,781.93567,-0.8816409,510.0401,734.9488,200.89758,513.2155,739.70306,46.997375
wipers_derecha
IMG-20241114-WA0199.jpg,wipers_derecha,83.8616,743.4392,-182.05487,70.47519,748.0972,-160.86023,70.71114,748.17224,-160.83632,70.791695,748.51306,-160.86823,68.8617,753.59094,-196.83936,68.0962,757.50824,-196.87553,67.32139,761.7162,-196.72345,72.814896,766.3956,-31.69019,69.79756,782.03625,-199.73784,98.81464,748.2053,-133.29385,98.18312,754.2578,-181.71925,147.85454,778.9824,78.57639,123.206154,820.3324,-189.2404,178.5873,755.46606,218.19977,39.237328,848.2345,-247.956,131.35037,754.0665,247.63425,37.259937,824.7794,21.272667,116.34925,749.73596,257.3641,33.99093,821.62103,39.72356,115.23504,755.01733,257.68533,54.477684,814.8661,64.50457,122.57472,759.47156,246.19954,56.13046,814.651,34.878323,352.733,801.8954,101.547455,360.82706,771.55145,-101.88671,316.6912,691.5888,323.48898,321.82016,664.7971,-1.9926507,450.34366,759.75616,193.64261,446.2133,753.4882,-40.604706,460.6467,784.0458,182.70268,443.74118,773.9768,-34.444107,509.66727,731.07385,196.3952,505.694,723.8811,29.292225
wipers_derecha
IMG-20241114-WA0200.jpg,wipers_derecha,81.493195,743.14264,-193.5714,67.119644,749.61804,-169.67879,67.15378,750.40454,-169.6432,67.08986,751.4083,-169.69753,66.12437,753.4137,-203.92061,65.53179,756.6671,-203.99886,64.950356,760.0148,-203.86394,69.6418,769.8629,-33.03882,67.50618,781.06726,-193.50034,96.45599,749.048,-143.24211,96.031555,753.6846,-189.60973,157.44083,776.023,80.42438,124.59039,825.2175,-217.19325,220.09773,758.5009,260.06882,49.123886,848.1012,-413.81293,203.62302,713.50793,359.44135,46.77498,823.725,-381.9818,200.58015,698.5178,385.2942,44.136566,820.77673,-391.58112,194.87352,699.88947,370.8092,57.863358,813.3114,-362.45407,196.95708,707.3276,354.46817,59.6946,813.2484,-371.50497,362.5284,774.9165,100.76974,367.23703,771.3435,-101.05467,294.19028,685.06964,292.25986,304.15036,666.8096,-51.583786,428.4156,752.62756,207.67287,431.87033,751.9979,-46.418026,439.3444,777.97156,200.54272,437.95236,783.1131,-36.398117,507.857,727.18024,208.04593,509.83453,724.82245,23.405472
wipers_derecha
IMG-20241114-WA0201.jpg,wipers_derecha,78.17509,742.61383,-173.03906,65.51034,750.89484,-154.23499,65.59589,751.93475,-154.22934,65.62567,753.1298,-154.28822,64.8509,754.20593,-190.56702,64.55698,757.27124,-190.63504,64.24573,760.46826,-190.54205,69.35227,771.7864,-33.088158,67.95385,780.70526,-203.34596,93.47987,748.2757,-127.56735,92.98068,752.14655,-176.78142,155.2462,778.60785,78.12208,121.37215,824.30896,-216.97595,202.6379,752.8915,283.8741,38.32892,854.13696,-309.39124,179.73358,733.79443,377.1069,36.188988,832.68774,-108.10859,173.32571,725.05,398.94223,34.126774,830.9742,-103.235466,169.1415,729.31226,383.1497,48.367073,824.2547,-81.51393,172.64813,734.43414,371.2462,52.729954,826.1852,-97.50036,358.93613,793.33136,106.88412,363.76776,787.3834,-107.06774,312.36508,663.87415,265.34232,322.4362,667.6776,-98.33902,434.12158,750.3543,202.98772,450.9896,764.6476,-61.172367,446.59436,778.4862,197.4548,455.31528,783.2922,-48.849285,513.60645,727.03436,200.26924,512.2803,729.7462,-2.6290317
wipers_derecha
IMG-20241114-WA0209.jpg,wipers_derecha,610.7525,1146.1718,-763.7324,607.1331,1153.1699,-785.723,590.9867,1142.6754,-785.42896,587.2139,1140.4686,-785.4352,618.95593,1163.6891,-778.1709,618.02814,1165.254,-778.41516,626.6359,1170.681,-778.48883,582.0413,1140.141,-733.2575,618.5718,1162.2576,-699.7849,613.4113,1141.3757,-729.28076,624.6524,1149.5181,-720.3231,591.91364,1121.4241,-555.89166,692.2355,1165.4376,-528.7222,559.41473,1137.0271,-399.15158,693.8276,1173.9132,-323.5615,563.70044,1180.858,-173.28781,627.7393,1208.7448,-62.218998,562.3211,1193.8546,-137.73685,610.8691,1217.8624,-14.920975,566.98956,1187.3293,-122.96892,610.7684,1211.5908,-9.435074,569.05756,1184.3899,-157.16814,612.6569,1209.1112,-47.54997,668.9889,986.1438,-11.988931,745.52655,1000.1097,11.77459,598.3985,1064.7292,-197.5479,862.32227,995.4876,26.280863,641.5541,1133.8822,-164.99872,898.7899,1027.6073,256.5564,652.81335,1138.5726,-152.84291,901.3432,1030.1871,284.88248,633.82794,1170.015,-181.92438,922.19214,1040.7474,293.5581
wipers_derecha
IMG-20241114-WA0264.jpg,wipers_derecha,717.3764,995.245,320.32718,721.25543,986.1952,342.26318,726.7052,987.1084,342.23947,727.7128,986.7938,342.2501,713.8991,985.0242,334.97043,713.0019,984.7105,334.8851,712.1697,984.3684,334.61664,735.66797,1005.08545,413.69412,709.01465,997.4697,382.99277,716.79004,1004.5141,342.76794,719.698,1012.22095,333.91357,756.6514,1041.9663,382.91675,665.45886,1015.753,358.01044,795.827,1085.5714,257.966,611.5266,1053.4967,275.47623,822.8324,1093.551,87.00008,547.45306,1075.6136,206.09401,834.0047,1099.183,60.040825,527.2381,1081.43,205.15994,828.41925,1091.7605,46.41589,528.2809,1081.7306,172.71828,822.4942,1089.7261,77.25278,537.46,1081.8226,194.90578,717.8913,1117.2745,2.576272,653.92706,1098.0051,-2.8723865,780.2742,1036.5707,-319.04956,619.77625,1044.7015,-381.6884,803.9884,1109.7305,-717.3374,529.20905,1112.4366,-737.00525,791.5667,1137.4967,-770.05743,520.0194,1137.5327,-783.5686,845.0427,1095.6976,-905.1866,502.21582,1104.3594,-941.3004
wipers_derecha
IMG_20241112_104323.jpg,wipers_derecha,515.7086,533.4936,54.973263,532.1599,536.47815,85.11857,536.19434,541.4301,85.15526,540.0724,546.444,85.08388,524.00775,527.1841,92.170135,521.9767,525.25073,92.186386,520.03314,523.4186,92.08305,541.9398,563.56476,187.0647,514.9867,533.8998,224.24565,510.55115,552.11816,89.0422,500.94592,539.6333,99.634315,526.079,628.93274,178.80966,418.74124,563.8655,210.0999,527.8608,699.9414,-1.4705719,323.52304,577.2577,28.66543,499.308,600.27704,-129.04611,414.99918,576.33307,-156.057,482.4269,575.43555,-162.50305,441.69507,576.6839,-201.57307,480.61044,569.6613,-128.81854,449.9435,576.1061,-172.6617,482.0288,578.90784,-117.66543,445.11465,578.2456,-147.95815,380.59152,740.3531,4.398551,320.8372,659.67554,-4.313065,358.74442,780.9705,-376.76797,276.37207,689.01526,-322.77554,195.27786,820.9491,-121.19822,131.8879,771.1522,-145.7773,180.12239,812.2747,-97.77999,121.47486,776.5964,-129.70686,106.919205,844.98584,-234.68777,62.14189,832.0426,-282.2849
wipers_derecha
IMG_20241112_104800.jpg,wipers_derecha,557.7223,475.43594,131.30542,572.13617,473.4701,148.86299,577.3428,476.46283,148.83319,582.3337,479.98773,148.68584,560.93115,470.51056,159.97597,558.23456,470.71304,160.01253,555.3688,471.099,159.92136,590.75476,494.73914,221.77933,552.42395,483.4692,272.05786,564.8548,489.22623,156.0297,550.2048,484.6292,170.3405,619.0202,555.5485,191.6933,502.34338,523.09906,281.3056,599.7706,640.87354,15.422141,443.00488,569.87146,108.67121,558.1908,528.1001,-139.8747,468.05347,530.57227,-148.06133,540.54004,505.27707,-169.62044,477.37564,520.1033,-183.60336,547.94055,498.6238,-143.90227,487.65698,515.07556,-166.36191,552.19775,504.74677,-131.71011,484.56693,521.32513,-147.64539,552.19037,678.2513,2.404458,488.40546,648.9238,-2.318657,584.41907,726.529,-360.80716,504.5918,670.8259,-388.152,402.73093,819.8337,-492.67554,396.801,825.3794,-552.2871,380.21646,823.7593,-503.40234,380.2962,849.3517,-568.56744,352.6761,856.5641,-615.7627,372.44675,864.4429,-698.8997
wipers_derecha
IMG_20241112_104801.jpg,wipers_derecha,558.70184,459.68707,280.1419,569.5944,456.01746,311.35336,574.0096,457.37585,311.33337,578.407,459.0237,311.36334,560.0621,454.6364,319.0225,557.4448,454.83517,318.98367,554.8528,455.04822,318.86774,589.7795,476.14075,409.85605,554.03894,465.51562,444.45728,562.8829,475.04535,308.90356,550.37646,471.0935,318.4874,609.90533,543.1787,327.45233,502.0922,518.52856,424.83643,575.49817,571.03735,55.470932,443.9519,557.73206,225.51314,529.05786,505.94507,-210.1728,450.55154,527.7947,-28.709381,511.37473,503.9195,-255.47836,462.03427,527.2569,-66.04157,514.8887,498.33954,-240.4493,477.8966,520.0138,-48.796333,514.2014,495.19952,-209.0341,464.2644,518.4304,-26.924051,558.3438,636.56177,-15.052199,491.099,617.10315,14.953116,576.81665,601.65405,-399.83862,487.1258,536.5783,-393.74356,450.86484,716.2976,-744.99005,439.8628,692.8272,-701.6342,432.4277,736.5988,-786.09454,435.50714,722.7373,-739.93066,419.7085,725.0778,-934.6647,435.3135,717.58606,-880.72363
wipers_derecha
IMG_20241112_104808.jpg,wipers_derecha,524.7049,514.776,260.65936,538.79614,506.9403,265.79016,543.6935,508.0819,265.86707,549.44104,510.27313,265.7761,531.23975,506.00876,284.9989,530.08997,505.94174,284.98047,528.9451,505.96106,284.9152,565.0448,526.38477,271.95605,539.14417,517.9397,360.59872,530.27527,528.2752,259.96994,522.24066,524.3578,285.4087,594.6102,590.62427,219.60677,475.9652,565.3922,344.77298,587.4587,676.4641,28.015871,396.8487,615.7553,180.4467,544.67505,561.0565,-140.35898,444.0889,558.52655,-48.697845,535.7461,536.99146,-173.82368,455.88617,548.5859,-80.37529,541.6546,531.1252,-142.41373,464.1306,544.91486,-54.74741,543.6354,538.8219,-131.2447,463.79745,548.48016,-43.56556,521.44226,715.22144,-9.777563,464.82596,686.7456,9.821746,521.30756,752.0319,-357.8945,464.30994,692.0405,-359.26834,364.4471,821.29297,-408.1367,363.80563,831.01184,-439.23383,344.28192,826.29083,-413.69058,352.5847,851.60547,-448.876,308.091,848.95667,-529.2845,323.08444,878.3295,-566.7931
wipers_derecha
IMG_20241112_105123.jpg,wipers_derecha,624.2389,514.46265,145.82047,643.9046,507.11273,166.51622,651.00824,511.07214,166.51219,657.75415,514.869,166.38124,627.3921,498.1276,179.80191,622.80505,495.3935,179.79015,619.46796,493.60077,179.71292,669.77203,526.45013,258.22638,619.6035,498.162,325.10782,630.1279,536.58136,177.32033,610.08356,526.77203,197.15135,683.9265,616.0027,249.00226,538.1022,541.9226,325.90372,658.4908,726.05945,-14.963881,449.57205,606.46375,297.1327,591.0638,634.00934,-324.6271,347.33453,658.31274,158.80272,568.03064,611.50073,-387.66898,315.20444,669.6598,129.98755,566.9159,599.5459,-353.15125,314.69244,672.09717,93.65762,573.51154,604.738,-318.30786,326.25586,670.9691,140.11574,536.2647,775.44305,27.64287,461.68924,706.3181,-27.586206,566.7268,880.27655,-420.6247,517.86145,742.4594,-391.97098,331.58374,854.8664,-278.6578,303.50104,812.6985,-333.96777,301.45245,825.0029,-258.9343,283.31247,800.0989,-327.30573,230.0415,876.5402,-365.9918,204.35052,840.46906,-452.662
wipers_derecha
IMG_20241112_105123_1.jpg,wipers_derecha,212.70694,438.69168,-100.27181,203.09671,432.50085,-79.59097,202.97992,432.23688,-79.59578,202.79144,431.99142,-79.549484,200.38718,435.98355,-122.404816,197.95421,438.59195,-122.41141,194.79926,441.57242,-122.50252,192.93932,447.40985,31.947498,181.92867,459.4675,-163.92285,221.23703,449.78702,-56.499138,218.21251,453.6081,-113.15755,246.50262,480.87225,145.24323,209.37592,533.97723,-204.01775,329.26443,496.3579,72.503204,278.62543,603.1196,-238.92725,312.93823,471.40125,-196.81934,370.07227,641.53253,-210.93394,307.42343,470.78275,-230.0215,395.46503,656.6993,-231.62808,297.34784,468.54343,-241.5103,403.65396,643.51855,-235.06798,296.62793,470.32922,-209.67084,396.48843,636.29846,-208.94006,389.02094,507.18372,122.68587,379.5227,547.26953,-122.825714,508.90048,440.28363,44.993877,494.37756,448.31458,-224.88246,584.95123,534.8752,157.99155,577.4636,537.2807,-36.27473,582.53375,559.02655,166.60033,576.69104,574.9966,-15.688496,644.61865,553.45715,115.2675,645.7403,558.60956,-38.01298
wipers_derecha
IMG_20241112_105124.jpg,wipers_derecha,578.00275,514.57324,111.72599,594.44214,508.47385,121.68978,600.20886,511.7299,121.70412,606.2291,515.1426,121.58569,583.6628,502.61417,138.46349,581.22943,501.43182,138.48135,579.00964,500.47665,138.41493,621.3758,530.7441,176.81871,586.40436,509.77127,259.6479,582.31757,536.0023,130.66522,569.00323,528.9611,155.04723,638.8912,618.003,163.03535,503.76425,557.9762,263.49368,616.58344,729.441,-57.78521,405.8606,613.66895,232.42725,547.17993,618.6624,-314.43707,311.0954,662.6398,99.62286,520.31683,600.906,-367.4762,280.2557,671.3152,71.73376,523.8276,589.50024,-343.05276,280.56586,673.2445,33.988895,530.7178,593.3724,-310.5972,292.91144,672.5791,79.235664,511.04987,768.5009,8.342985,441.52414,711.549,-8.313256,536.12714,878.37714,-393.6127,462.55893,747.1721,-356.4986,299.75278,854.8835,-305.10983,270.35043,819.8266,-359.19824,268.91833,833.7811,-289.49115,242.54938,808.83026,-359.0701,197.71063,880.18066,-382.63892,190.1266,868.4509,-478.97327
wipers_derecha
IMG_20241112_105125.jpg,wipers_derecha,630.0466,509.4502,185.58093,640.6739,514.1758,210.54373,644.2002,518.2744,210.504,647.64685,522.9729,210.46408,629.5187,508.12976,216.2121,625.35767,507.75058,216.13684,621.2778,507.48962,215.9766,645.10596,544.5548,285.97256,608.70917,520.3601,312.95218,628.3299,524.46747,207.67119,614.2665,517.6223,216.04172,640.2361,620.49023,233.31918,502.97067,564.8726,299.52277,633.3848,695.8397,-15.179151,406.18216,619.59143,282.6176,553.4266,590.9872,-305.98853,315.80136,667.3192,196.24333,532.82367,571.84576,-366.1726,285.65692,677.6373,175.37073,531.58875,566.69617,-333.42468,286.1954,680.2612,142.13643,538.47876,571.3074,-301.59094,296.52176,678.72327,179.66954,508.21472,763.6994,18.914322,440.31427,702.3046,-18.977133,534.4281,887.00507,-328.32126,461.53418,757.895,-319.94748,306.84888,856.6434,-179.44017,261.68655,816.4298,-263.4377,284.16205,830.9448,-159.70694,240.87122,804.9574,-257.3257,210.53127,886.9177,-247.57898,177.02539,855.5268,-368.98712
wipers_derecha
IMG_20241112_105125_1.jpg,wipers_derecha,161.14925,447.83508,-46.723427,147.40033,454.97556,-28.838173,146.84956,456.45383,-28.841358,146.11456,458.1524,-28.792616,147.5607,456.42636,-73.879906,147.25452,458.8707,-73.891594,146.76672,461.62512,-73.995285,148.06807,475.67413,69.73313,148.0645,479.5604,-134.42352,171.50217,453.96692,-7.570861,170.73666,456.6422,-66.51724,227.57968,485.74768,183.39996,199.5265,539.09863,-202.109,320.0135,488.62704,102.26616,274.08313,604.7456,-252.34517,296.4017,459.09766,-175.06299,371.35574,628.1633,-222.85773,287.52805,461.59552,-204.85086,399.22418,643.4663,-244.29187,275.84784,460.0919,-219.75598,404.98077,629.53973,-243.04204,277.34012,461.69754,-189.94252,397.1118,621.8455,-218.90865,386.21277,500.8276,129.23265,383.4739,540.405,-129.41924,505.36877,428.06027,98.031845,496.51672,429.9333,-216.50586,578.3349,529.09326,214.61761,578.43524,528.11743,-42.53413,573.4916,558.6053,223.61197,571.2496,559.84644,-23.527922,646.288,544.86945,186.60507,647.92035,548.2391,-32.790447
wipers_derecha
IMG_20241112_105126.jpg,wipers_derecha,616.3523,505.86746,176.12064,628.3992,508.76282,200.49156,632.28424,512.6701,200.44725,636.29395,517.19336,200.3684,617.7016,502.9794,208.25784,614.0945,502.6538,208.21506,610.5275,502.50977,208.06769,637.7305,539.76746,273.27606,601.49744,517.5785,310.30707,616.05566,522.5489,197.32132,601.12506,515.3342,208.4966,635.59686,618.7872,212.01309,502.67038,566.1982,304.0063,623.3381,703.713,-26.25135,402.63306,622.38025,285.83698,547.4944,596.4856,-304.0423,308.37292,667.08545,179.27386,521.53107,578.06146,-365.80692,278.08698,676.6194,154.99033,520.9464,571.2963,-336.57712,279.62015,678.61584,120.66793,529.3626,575.0742,-300.2042,290.8095,677.3413,161.4702,503.00015,768.02094,9.307866,437.99307,703.59375,-9.440203,528.7714,883.0266,-347.3479,447.61227,756.10406,-298.29227,296.87723,858.7302,-186.83867,275.1853,822.5371,-219.45094,282.23953,837.77954,-165.54897,261.97586,819.0736,-211.18169,203.75899,881.4955,-251.05568,199.50761,869.21704,-312.83218
wipers_derecha
IMG_20241112_105127.jpg,wipers_derecha,186.98204,437.80646,-65.65821,174.2395,439.1455,-45.96691,173.82384,440.11856,-45.968346,173.15323,441.43787,-45.91102,173.92339,440.94965,-92.95072,173.34563,443.25867,-92.95542,172.53738,445.9703,-93.0205,170.15704,462.88208,57.982933,170.10986,467.3308,-156.59856,197.74055,446.6551,-24.842407,197.34917,449.30518,-86.78572,239.48315,481.6428,176.0569,215.00365,537.9627,-220.52386,325.7479,490.65536,127.1815,290.59473,604.954,-271.43015,314.5445,456.38293,-115.773026,384.3496,626.3692,-241.19423,309.64404,455.86957,-139.4274,412.9143,641.6963,-263.70615,296.90845,455.33557,-157.10548,416.10635,629.59064,-263.05612,296.32123,458.2813,-130.74365,409.90326,623.4129,-237.52837,397.54663,501.93945,134.14291,394.66135,527.58496,-134.22859,510.8301,428.8022,85.659004,507.75647,430.3717,-230.4153,586.37585,530.34174,203.72716,588.64813,528.1581,-38.899883,579.52716,559.6747,212.70581,579.951,556.4088,-17.791294,650.14264,541.4847,180.2362,655.23785,546.5966,-21.691338
wipers_derecha
IMG_20241112_105910.jpg,wipers_derecha,134.2544,422.36,247.83725,119.60071,423.42166,225.43564,118.23328,425.88123,225.37674,117.00841,428.3319,225.27676,121.78499,416.2935,201.85258,121.93118,413.69873,201.74742,122.08291,410.95087,201.60123,113.652405,439.16345,138.52144,121.4586,414.17255,35.021717,139.72972,430.54077,225.89893,143.05075,423.58948,194.7941,159.99893,513.8913,195.43532,179.8773,412.36328,-72.758484,237.82927,508.6059,418.24188,281.72723,381.75217,86.058586,205.32018,473.6179,672.5878,226.92055,386.2744,431.2623,194.84265,470.38892,733.4965,214.11671,383.12048,475.89508,188.3308,461.12323,734.48456,207.69528,389.35425,481.8092,193.24503,460.63602,681.2805,213.61821,393.5295,445.09283,369.56815,522.96704,114.081116,365.75357,459.54852,-114.66193,459.9331,427.73938,341.78342,459.79672,377.41235,93.009796,597.2872,394.44922,361.07733,607.61115,370.60107,94.983444,624.3677,404.61493,365.557,634.87225,377.68774,100.16658,608.3804,348.38507,367.77145,627.5765,313.13107,91.82447
wipers_derecha
IMG_20241112_105911.jpg,wipers_derecha,134.08089,413.24567,276.78714,119.907036,414.0725,259.46695,118.37906,416.69464,259.40897,116.97605,419.43597,259.29947,122.18359,406.9922,232.61584,122.27517,404.53674,232.53806,122.38881,401.8973,232.40216,112.48828,431.225,185.40117,121.339935,404.96875,66.427574,138.33643,422.06516,258.54764,141.51704,414.69806,223.27008,158.93387,502.5613,250.84612,174.09541,409.5127,-48.548267,248.07558,472.73273,435.28986,282.73837,376.31085,91.78782,215.3894,414.82547,619.32904,228.10455,374.45416,420.66693,204.16902,403.79755,672.4427,213.46483,370.2899,465.02045,207.79688,400.1456,673.8241,209.19304,378.5382,471.57843,201.75862,397.1298,625.46515,213.44185,381.69632,434.12268,363.40628,519.71484,123.943054,358.3517,460.39258,-124.443245,457.45096,417.72845,354.56116,457.08035,365.51498,25.57944,598.56067,386.80252,361.55203,608.4293,365.2426,-16.230757,622.5062,399.29797,363.03763,632.30133,377.2776,-15.745138,610.5062,343.06644,366.02618,637.4685,304.58438,-25.485838
wipers_derecha
IMG_20241112_105912.jpg,wipers_derecha,127.046646,404.16174,303.08102,113.562775,406.28052,285.0587,112.156784,409.40005,285.01382,110.94127,412.54437,284.91885,115.45957,398.2025,257.598,115.381935,395.59708,257.5211,115.34398,392.85983,257.3828,108.18057,423.35254,209.28822,115.76873,395.6238,87.76368,131.78741,412.4209,284.3494,134.7697,404.21014,248.32034,156.53987,490.68143,263.41867,168.86772,397.3572,-36.78185,248.58093,469.592,435.7067,278.89694,364.82938,94.603226,215.0627,419.42795,624.98566,222.48724,367.88425,428.2381,203.84433,410.7794,680.1937,210.22931,363.2742,477.69177,196.03429,401.2744,686.7526,204.96924,370.65,485.38834,200.57571,403.03635,633.66644,209.83011,376.47812,443.00153,362.06503,509.575,122.78659,354.5749,447.4856,-123.344696,475.10834,413.2657,296.05658,454.6746,348.85852,12.523555,599.51776,371.86487,211.84688,612.461,351.79803,-77.16803,623.3843,385.0024,204.37437,637.226,361.24924,-81.065575,623.9298,313.9559,210.23965,647.4588,292.44556,-78.58338
wipers_derecha
IMG_20241112_105913.jpg,wipers_derecha,671.8179,538.09143,101.73364,682.0206,533.4083,139.46632,683.5258,535.3661,139.40388,684.8579,537.6731,139.24185,674.5956,523.9924,135.87912,670.92,519.1399,135.91342,666.4097,514.22003,135.72694,676.8051,539.9263,293.94482,648.41315,502.35367,285.72253,661.8648,552.23486,158.81726,653.3952,538.0941,155.49373,627.5857,640.67346,311.54968,553.4689,496.5437,234.75903,580.768,725.8578,24.266655,471.75104,536.05743,-40.80574,640.9037,606.2402,-223.10365,609.8234,557.21277,-246.46835,656.94025,579.36035,-269.76736,640.36176,554.48047,-292.47833,660.39966,572.45636,-215.54453,644.6694,546.1848,-259.91602,650.69604,578.65497,-209.40492,633.2698,550.0766,-237.68166,428.17374,703.3783,15.022781,386.39874,597.292,-14.440895,347.99893,751.38367,-503.00467,312.31595,637.7075,-575.4411,93.25562,799.412,-553.11804,76.45821,735.86255,-609.7903,53.63568,789.08325,-563.5422,45.98819,744.68066,-614.9994,20.606253,857.42017,-786.6453,34.90056,794.5307,-838.6864
wipers_derecha
IMG_20241112_105913_1.jpg,wipers_derecha,132.80986,403.4572,295.85837,118.06217,405.0815,277.4044,116.37421,408.18042,277.35602,114.810005,411.43463,277.29446,120.5524,397.1748,251.24866,120.576454,394.6028,251.17023,120.67134,391.84933,251.05984,110.125984,423.6147,202.05353,119.50679,395.3458,85.90292,136.62108,413.18475,276.9969,140.08763,404.66797,242.62291,155.38417,499.72723,264.86682,172.15988,397.85474,-31.163603,238.53824,483.3795,435.25806,282.54916,366.45828,103.67524,200.20566,433.80496,611.4248,227.19873,364.80902,419.86124,187.8194,425.8316,660.4648,211.96272,359.73785,463.71603,181.02986,415.13794,663.6703,207.2043,367.81854,467.91013,186.2369,417.04657,618.4699,211.51454,371.55756,432.93066,363.43045,514.646,124.25696,356.7494,451.1371,-124.822464,479.69815,423.02545,342.57956,457.2539,353.13928,-21.983484,600.52344,382.0144,254.42308,614.24194,359.5317,-153.92654,625.1161,398.31738,245.64966,639.38385,371.8742,-162.18977,636.33484,339.62357,242.5223,655.0807,308.45517,-175.187
wipers_derecha
IMG_20241112_105914.jpg,wipers_derecha,665.781,525.0625,76.94342,678.5784,521.5966,111.72764,680.8655,524.8263,111.661415,682.852,528.03503,111.490524,669.3302,510.03723,111.113,664.5907,504.7453,111.141914,659.43835,499.75082,110.937355,677.0995,532.5743,258.93637,644.66595,493.27057,265.07245,657.50507,541.0456,131.75728,643.3779,523.1086,132.50014,625.48413,640.4437,279.32397,545.77277,491.53137,211.3507,575.0609,724.18024,-10.377121,464.7749,535.235,-72.17289,635.5078,603.3797,-252.16942,598.9869,554.9458,-289.38544,656.60913,577.03076,-299.37155,632.31274,553.6768,-340.3304,658.98157,570.90094,-249.51947,636.4572,545.99646,-310.59177,647.9618,576.0122,-239.63162,624.5893,549.1167,-282.61554,418.90277,705.66296,11.817112,375.82916,597.3127,-11.162267,343.8095,750.7441,-548.24194,298.835,636.1958,-582.5366,87.16452,804.39465,-588.77057,52.826237,741.3506,-629.79974,48.652695,794.8976,-598.8478,31.860502,754.8594,-637.46405,14.8682785,860.28314,-833.8216,20.099617,794.69,-881.09485
wipers_derecha
IMG_20241112_110614.jpg,wipers_derecha,306.8019,598.8665,310.53226,310.9407,591.8168,356.8938,315.375,590.9804,357.09,319.89346,590.3568,357.14,297.66904,598.2106,342.55847,292.39532,602.1973,342.5735,287.42538,606.1887,342.52902,332.01807,595.2382,506.76523,285.25845,619.44446,445.33,324.66534,608.56335,354.62878,305.831,616.775,336.7305,389.76797,652.3742,519.54254,282.50436,675.93353,354.03348,405.84338,575.9439,474.2619,178.25041,664.67804,310.46985,340.42755,589.2832,529.08844,268.39093,622.0759,602.50775,318.71295,590.8935,518.5286,288.1103,613.24774,628.0878,319.2694,598.7722,570.2899,292.37808,617.46,659.87555,323.5164,601.7898,543.01874,287.15854,622.45874,618.1857,437.5249,774.14,106.72328,385.8557,784.12714,-107.123146,593.8679,760.8344,-67.84028,506.54547,687.3633,-272.8764,479.56192,907.9972,-142.06267,456.9063,895.6343,-349.08932,449.01788,916.79376,-149.56865,433.16174,909.0464,-355.23874,482.66614,982.59467,-187.27083,507.0563,960.48474,-390.04553
wipers_derecha
IMG_20241112_110614_1.jpg,wipers_derecha,297.50763,595.5884,412.5327,301.7213,588.3025,458.01654,305.91672,586.92816,458.2446,310.87497,585.47314,458.28326,289.85196,595.62225,443.95105,284.90414,600.2888,444.00958,279.86972,605.3572,443.99637,322.01477,591.5802,595.51514,274.77673,622.1832,537.3379,311.8619,606.0224,452.936,295.95346,616.08325,435.76932,377.11282,651.9055,589.5571,272.20428,678.05176,439.44574,389.35608,604.00806,538.6883,175.70264,668.38257,362.52463,328.04245,592.2564,580.65704,255.4341,625.20935,594.1677,302.53482,586.9616,573.43445,270.8572,613.4059,615.1551,300.57935,588.3058,620.3058,275.49084,616.62787,654.07104,305.3267,594.6619,593.30383,271.66006,621.4869,611.6065,432.5448,744.246,98.36328,373.64966,768.84985,-98.54073,560.63696,750.8999,-132.10632,486.54648,692.5781,-326.24533,469.77072,895.84753,-260.93555,464.8178,895.498,-460.83212,440.56732,908.24677,-276.59152,446.00436,926.76666,-473.6085,477.13965,953.35376,-333.40018,499.79956,951.4928,-517.0862
wipers_derecha
IMG_20241112_110615.jpg,wipers_derecha,298.29947,606.7825,282.6327,301.24783,600.76044,329.33972,305.43683,600.214,329.49615,309.74832,599.92285,329.52457,289.43414,606.8624,314.03342,284.74686,610.72534,314.0261,279.70166,615.02026,313.97296,320.9415,605.7885,485.0274,277.39563,628.2516,418.23257,315.9027,615.8307,328.82474,299.058,623.4541,309.50504,378.77835,662.42194,502.43753,274.3469,683.81494,329.09238,399.63202,580.21814,453.9295,166.29715,674.776,290.55124,332.73013,600.1569,498.34543,259.50598,632.6539,596.1341,313.69003,604.25104,484.88394,278.7593,624.4094,623.7276,311.73297,609.09875,537.7787,283.13214,626.96625,652.03534,318.8166,612.3646,512.3921,278.1504,632.6991,610.7457,428.24683,789.9595,107.98971,378.0597,797.45355,-108.44995,589.4568,792.8131,-60.85311,514.2224,717.46576,-265.40732,474.54364,923.27734,-124.14907,443.9621,906.6088,-330.917,441.24667,932.4554,-130.12189,422.59305,921.0105,-335.73642,473.7388,998.4036,-169.87108,490.83914,977.82275,-376.11273
wipers_derecha
IMG_20241112_111545.jpg,wipers_derecha,209.53098,623.75256,466.5622,209.4797,622.83044,503.77057,211.90906,623.1177,503.8327,214.61465,623.35504,503.8231,203.54301,624.3777,488.3652,201.92987,625.7882,488.45667,200.47824,627.2788,488.44113,218.6751,630.7948,603.3445,198.78262,637.1494,533.0773,218.3292,630.23975,492.95996,210.53958,632.4617,472.3064,269.6616,656.8279,551.06903,193.2156,674.4921,436.8831,311.9043,651.2375,428.26697,88.79991,674.6693,326.04248,296.5291,660.0536,259.39938,148.72325,674.81274,431.91913,297.10538,667.27673,222.80913,165.80034,666.90924,436.83423,287.12064,667.38837,242.16481,174.96408,667.5676,460.706,286.1777,667.2766,259.29306,173.6309,669.324,440.3286,340.31412,730.3411,87.81289,308.44162,750.677,-88.04766,451.96298,643.9851,-48.194893,427.76196,638.36096,-224.27048,511.30106,767.303,-293.2447,498.0015,771.8584,-438.6674,504.551,810.805,-326.85284,496.11087,805.3756,-461.0989,579.8167,775.35425,-398.97,555.75574,796.9697,-509.07114
wipers_derecha
IMG_20241115_102907 (1).jpg,wipers_derecha,327.91068,742.96716,-364.73444,332.57413,731.7908,-353.29843,335.85513,731.6464,-353.31555,339.02942,731.52234,-353.40295,322.73975,731.314,-355.15887,319.20377,731.00586,-355.19724,315.6347,730.75256,-355.26688,341.9166,733.388,-224.51115,309.64435,733.1903,-232.07234,333.4339,751.6613,-310.24973,321.45917,750.556,-312.6037,386.15778,795.8655,-93.518616,269.75082,802.58203,-136.63388,404.4833,884.7274,0.8922773,253.3412,895.3132,-77.06903,419.70105,965.01776,-110.62425,246.74138,982.6624,-149.79381,422.91418,988.0999,-138.59787,244.06802,1011.44586,-173.09647,418.0502,986.4934,-180.92833,251.5677,1010.4181,-215.85472,413.94922,978.8684,-128.47675,254.81583,1002.40967,-166.50615,366.67557,956.73157,13.928376,296.47092,968.0212,-13.821708,386.53983,1030.619,-379.78207,299.53247,1116.3854,-55.92198,402.429,1214.2096,-351.31274,318.55276,1250.6884,43.983067,397.60342,1228.3889,-353.31763,329.8099,1260.7644,46.45496,409.4762,1269.8228,-528.0997,319.68225,1272.1501,-113.22457
wipers_derecha
IMG_20241115_102907.jpg,wipers_derecha,315.2178,740.3409,-364.86304,320.90002,729.34357,-355.58264,324.73306,729.10956,-355.59897,328.6348,728.938,-355.70166,310.1041,729.38446,-355.28842,306.94974,729.33154,-355.31778,304.1925,729.3509,-355.3846,335.07806,730.7885,-233.55598,301.00436,732.2634,-230.54106,323.3963,749.1733,-312.58063,310.00595,748.5951,-311.85065,382.67334,793.2374,-103.673355,266.90546,802.48663,-140.98775,404.29062,880.3047,-13.085217,251.892,895.8893,-85.94245,418.54855,960.007,-119.33807,246.84665,983.7837,-158.55295,423.32605,983.28564,-147.5127,244.64104,1012.7593,-184.10352,418.7975,981.35693,-188.69461,252.67862,1010.9805,-223.57411,414.01663,973.62787,-136.62766,255.27643,1002.5596,-174.27654,364.06418,958.529,16.121164,293.66296,970.4184,-16.031425,386.88864,1036.7394,-350.99457,298.86392,1121.9906,-72.19289,402.86087,1216.0654,-284.72113,316.7055,1257.2694,37.007946,393.96103,1230.2761,-282.9008,322.79965,1268.4066,40.54665,403.95862,1261.9832,-452.67685,324.82715,1299.1724,-121.47656
wipers_derecha
IMG_20241115_102908 (1).jpg,wipers_derecha,320.79495,745.11957,-352.34482,325.38327,734.367,-342.88797,329.07742,734.205,-342.901,332.75708,734.05286,-342.98602,315.2118,734.0927,-342.97058,311.65253,733.9346,-342.9942,308.62436,733.83905,-343.07382,337.08414,736.1243,-225.05086,304.13403,736.9789,-223.71274,327.97787,753.9702,-302.1619,315.25705,752.9735,-301.92752,384.0249,798.10754,-98.72845,268.39615,806.2463,-139.93723,402.55283,889.65607,-2.6350007,251.35933,899.2151,-85.297905,418.08746,969.46747,-98.19608,242.95863,987.4658,-152.56958,421.6872,991.808,-123.56674,238.53764,1016.13275,-175.90419,416.9717,991.30225,-163.71228,246.05841,1016.1337,-217.72617,412.8598,984.4658,-115.230125,249.48917,1008.2435,-169.34296,365.04947,961.60986,15.665123,295.8585,973.7096,-15.515167,385.91412,1039.1359,-333.48975,298.5346,1128.2493,-52.64096,400.43948,1228.0702,-300.67407,316.02228,1258.401,47.176147,396.45102,1252.9104,-303.01666,323.2026,1272.9017,49.845707,405.63498,1288.4519,-475.61124,322.12454,1302.7461,-107.48249
wipers_derecha
IMG_20241115_102952 (1) - copia.jpg,wipers_derecha,102.51651,569.0316,-164.87085,91.06034,563.9831,-186.58257,86.43175,565.5935,-186.61024,81.40782,561.965,-186.70944,100.52737,562.2513,-198.80585,102.44991,562.8114,-198.91718,104.19603,563.0399,-199.0298,71.11804,580.77606,-228.74239,103.36271,573.39417,-281.56128,97.296005,582.99146,-170.8188,107.67291,582.29333,-186.49644,38.578,652.7166,-155.50162,158.72212,629.54083,-301.32935,41.308678,679.00543,46.582466,207.74197,733.6901,-260.52167,53.158012,656.6015,276.96152,218.7944,798.7196,-200.22905,49.463623,653.8516,301.82376,221.99377,815.3284,-217.43173,60.79378,650.2678,277.3915,215.37003,818.2722,-240.74947,66.95203,650.7617,272.9439,222.21973,814.10126,-208.44691,169.97919,770.64856,80.07688,224.33372,749.1388,-79.93097,268.05423,750.72864,116.370834,366.75867,732.24817,-33.352764,334.72043,795.06836,328.64612,495.41568,725.99005,62.105175,343.7409,798.7619,351.98065,507.14127,734.8135,73.9023,360.588,802.49396,344.99683,553.7743,707.90826,43.517384
wipers_derecha
IMG_20241115_102952 - copia.jpg,wipers_derecha,60.343437,636.36914,-321.97253,51.564503,632.2573,-321.12396,51.146164,631.82556,-321.12366,50.80151,631.4415,-321.17645,52.35256,635.2815,-334.0303,52.30492,637.08014,-334.18216,52.254,638.86346,-334.36304,51.769787,640.79004,-262.92612,54.348957,650.53894,-322.02063,67.90703,644.1433,-292.59314,68.053604,648.1399,-310.60284,83.95261,680.2387,-157.55638,89.89209,698.21826,-273.52823,97.95521,744.2212,-39.645805,99.944916,773.757,-228.85973,77.97515,755.9299,13.8551855,109.46764,775.75903,-163.03732,73.279785,763.1452,13.837304,114.354965,777.93884,-176.37439,72.01331,755.6818,-2.836128,111.38737,773.73834,-188.75975,75.41269,753.6368,10.071763,109.78712,773.5218,-164.66441,220.34482,763.87115,62.16681,227.30173,773.89636,-62.423416,317.68564,717.84393,9.560997,381.12302,729.6906,-99.35852,406.2424,730.45416,256.27567,517.14886,716.48346,12.80953,419.3529,735.4486,279.20465,542.5049,720.2041,22.68467,432.74734,715.026,233.42932,562.6251,699.01636,-60.714832
wipers_derecha
IMG_20241115_102955 - copia.jpg,wipers_derecha,123.11721,768.3927,162.80005,112.09181,768.2318,125.92429,111.46184,770.1781,125.907326,110.80948,772.2639,125.9835,115.15019,757.7619,138.10922,119.7702,754.40063,138.0454,121.472496,750.5814,137.83653,115.27993,773.3927,8.146849,123.81672,741.1144,63.743706,127.28379,773.7558,126.816635,136.92941,765.9818,142.49437,164.99416,811.93286,-5.8677173,214.32562,730.6008,18.086554,126.64587,835.0853,-2.8436375,275.50494,720.6847,184.3358,42.578503,835.22424,69.85959,248.59352,761.1457,414.2772,28.124636,844.6642,68.87956,241.55322,763.8864,448.40674,28.299644,834.7533,86.25837,233.09244,778.60223,423.10254,38.782276,830.30554,77.965034,235.23878,779.6955,410.16757,340.13907,845.3051,61.29047,366.5183,813.4779,-62.01671,365.98962,776.35144,160.25072,511.72412,804.78033,-100.96208,429.2924,792.4454,303.09512,661.5321,804.6255,-198.05927,440.62433,796.46173,318.42004,674.4177,812.82294,-209.48299,448.50473,779.9387,324.02536,704.8165,774.7806,-284.82986
wipers_derecha
IMG_20241115_102956 (1) - copia.jpg,wipers_derecha,121.45761,755.87866,3.0794291,108.69601,760.3092,-39.997284,108.0406,763.1948,-40.04436,107.08185,766.2686,-40.036903,116.42012,746.0082,-31.185942,118.36807,742.4732,-31.257133,120.306816,738.92084,-31.462168,116.02622,770.5682,-151.90436,123.25004,741.4629,-113.724,130.20917,765.8334,-27.770784,134.88644,755.5671,-17.282892,149.67537,822.48773,-121.46799,205.42216,733.859,-118.48285,138.33295,845.5272,-31.611856,273.3711,729.2437,50.763573,65.30677,831.272,125.09739,253.32169,771.12744,276.11008,32.532494,824.9426,138.97966,249.9733,778.27734,309.83408,32.662205,817.2995,149.84842,240.5701,789.14453,280.29416,54.50753,818.9533,134.14952,241.4945,788.83057,271.23288,330.44336,857.7854,58.84452,356.7187,826.266,-59.301575,366.10382,776.3446,46.164402,496.11533,791.9204,-150.65338,407.43253,798.00037,193.11075,667.2936,793.96533,-214.8837,412.22513,804.82776,208.71019,682.4249,808.25134,-222.10844,425.56754,785.0843,227.48967,710.37415,760.71594,-272.38992
wipers_derecha
IMG_20241115_102957 (1) - copia.jpg,wipers_derecha,93.9175,756.3053,139.32256,84.1107,759.76965,88.61154,82.64759,765.2633,88.55367,80.80335,770.78345,88.487366,89.51278,741.9542,97.844635,92.90026,733.85266,97.81168,93.75692,730.27216,97.59443,83.80459,776.81036,-73.70082,102.05198,724.1898,-33.338142,100.90779,765.5427,89.6826,105.234924,752.42664,101.08734,122.49922,834.3548,-81.623405,171.26707,711.7556,-87.91966,185.35176,874.4491,48.029205,263.71014,710.07196,17.1342,214.98392,843.9667,215.9946,292.5491,749.8839,175.03473,223.63208,840.68176,233.2998,300.72034,757.1433,195.42418,222.38646,827.1376,228.0072,296.68405,764.75854,177.88293,221.04947,826.1126,218.85574,292.7834,763.25256,172.21068,297.19693,859.0288,53.399563,333.50977,808.9835,-54.187855,350.3793,777.29895,118.483215,447.0897,768.1806,-10.750473,516.8353,787.0692,54.856743,645.0759,780.05566,-100.32683,535.3725,792.4188,50.00237,659.96405,777.59393,-105.953896,586.66394,762.0468,42.031563,697.12604,739.26794,-138.11395
wipers_derecha
IMG_20241115_102958 - copia.jpg,wipers_derecha,330.27377,809.0664,-303.70865,336.15378,804.82983,-323.35788,338.00836,805.06134,-323.39148,339.76404,805.2932,-323.50598,332.58224,803.2102,-331.92953,331.93268,801.93933,-331.95883,331.36816,800.6759,-332.11545,345.89325,799.5797,-317.331,334.77356,793.6648,-353.76218,332.46417,808.51465,-289.04086,328.75977,807.9188,-299.89844,349.1494,805.727,-266.08755,326.50647,777.8146,-282.641,354.93997,803.27893,-230.18625,367.13168,781.55206,-289.0329,407.47363,822.7865,-226.74667,504.08304,792.37036,-290.02066,420.2396,823.7073,-238.69083,538.52246,799.038,-309.39627,420.4946,828.2227,-248.73051,540.904,784.31586,-317.81192,416.47937,827.1386,-231.76456,530.3561,784.4479,-295.6738,210.2684,780.88586,6.3872,195.9448,763.65814,-6.078633,167.51357,808.94946,-78.92899,157.60205,766.5625,-176.28719,229.3267,812.84796,50.37239,213.1856,806.38965,-31.194277,238.69476,811.6404,70.50833,222.84279,807.0498,-7.110146,246.91164,814.26794,120.45447,228.46736,831.1817,54.14097
wipers_derecha
IMG_20241115_103231 (1) - copia.jpg,wipers_derecha,141.61296,906.604,-297.14053,142.01218,898.5595,-304.49414,144.24266,897.77826,-304.4925,146.49916,897.01117,-304.62375,136.45174,902.1194,-313.74615,134.27206,904.1492,-313.80563,132.14613,906.1626,-313.85364,151.16763,906.0309,-268.66852,132.11572,919.67224,-307.61996,149.7368,917.8064,-277.44464,142.37044,921.04175,-288.2071,174.51527,931.25244,-191.08415,150.11925,965.47595,-242.54158,213.7049,860.71106,-80.23265,175.71552,930.4127,-141.87675,230.85992,849.12384,-9.839271,186.46783,918.82806,-6.549187,237.54385,841.9632,-4.7673345,191.76859,918.2758,2.9418375,230.90794,853.5003,-14.65661,192.88602,917.7612,-12.632729,228.61781,856.9003,-11.418991,193.58688,918.79846,-7.8766375,313.08908,1023.9517,7.9683,292.399,1036.8068,-7.920836,308.1465,981.92615,-51.228035,234.74841,966.5172,22.771643,192.05646,959.8523,-71.02525,209.7542,945.6721,-75.947174,179.23152,959.39825,-65.01755,217.9375,949.6155,-80.03723,123.71219,956.05005,-20.28885,170.22635,903.8639,-63.88122
wipers_derecha
IMG_20241115_103231 (2) - copia.jpg,wipers_derecha,132.43985,913.7902,-283.90344,128.97641,902.6676,-273.32285,132.05455,899.9193,-273.29428,135.163,897.1969,-273.52368,119.74033,911.11884,-280.8319,116.3459,914.19495,-280.8343,113.006165,917.27124,-280.8288,140.73997,900.068,-190.96413,110.95468,928.5815,-220.17278,144.76895,917.8876,-250.6104,133.03397,928.5553,-259.22656,190.85033,905.9015,-137.42673,125.81519,981.9833,-165.85889,202.66016,839.0532,-111.19011,118.57726,961.78687,-172.9378,166.96608,834.2667,-43.49993,101.74578,916.05585,-159.62418,157.85733,833.66284,-31.052454,94.835335,907.00745,-165.07181,148.70233,839.80743,-23.22879,94.93117,905.7213,-153.76439,151.45737,839.43665,-38.165714,98.610016,907.7196,-155.77798,312.579,1014.8357,11.362681,274.11203,1057.1925,-11.319212,300.56464,936.60156,-22.552504,199.1374,990.8281,-2.1927671,173.9757,903.8535,-87.317085,129.39685,899.5422,-103.80657,157.30968,898.2315,-86.917725,126.62767,901.15894,-105.38289,104.246,907.67426,-100.80387,84.25027,826.7652,-130.1295
wipers_derecha
IMG_20241115_103232 (1) - copia.jpg,wipers_derecha,136.40535,921.6366,-94.10601,127.95824,913.03296,-82.49391,130.39862,910.62354,-82.48202,132.92392,908.1699,-82.650665,119.57174,921.18054,-97.30942,116.08813,924.56354,-97.25356,112.7025,927.94446,-97.318825,133.92734,913.68414,-2.4105077,106.48335,936.17914,-67.77739,148.05476,926.82684,-61.570015,137.71162,937.02515,-80.4411,180.52786,917.96594,28.203146,126.16924,998.21277,-33.412613,226.91435,857.76794,105.533165,142.90498,963.8575,-36.062687,229.48283,833.5975,185.53973,143.00507,919.9887,-2.1949997,232.44817,826.76385,213.33662,146.25366,911.71155,12.698095,220.57047,833.0907,208.35213,140.82263,909.82446,15.74998,218.56554,835.63074,188.53055,141.468,912.1589,2.0528011,322.482,1015.3995,18.13876,287.68396,1061.9565,-18.24003,321.1492,938.46625,-34.745255,185.62737,962.9082,-28.278938,196.21468,914.02527,-119.84079,118.94663,883.98987,-221.91722,180.95465,904.9729,-120.75659,126.341354,885.1251,-234.85019,126.43579,929.19116,-105.94177,48.905212,819.65326,-267.82367
wipers_derecha
IMG_20241115_103232 - copia.jpg,wipers_derecha,138.69351,913.3008,50.550983,136.95935,902.11743,80.50572,140.59155,899.01086,80.455864,144.25565,895.9415,80.319664,125.90074,911.48474,70.38581,122.031906,914.8123,70.419136,118.282845,918.10974,70.19923,151.17897,898.22217,189.70413,115.161606,931.3104,144.43993,151.95026,917.9477,86.74926,138.67256,929.8535,73.353165,199.41756,904.0864,178.52705,124.68566,997.32336,98.08054,231.13321,831.9715,63.041386,128.54233,961.00165,-26.58803,184.90715,818.60236,-28.038828,113.63692,910.3015,-72.397995,178.00711,816.0205,-36.294983,111.054695,900.1295,-72.81367,166.31015,822.07874,-13.333478,108.27301,901.1392,-66.616936,165.99722,824.92554,-21.611816,111.95433,903.21924,-69.88458,321.37512,1013.5363,15.512015,268.07272,1068.3519,-15.727731,252.51617,914.2279,-73.217094,173.60464,971.56494,-86.776695,124.319016,877.31256,-269.65808,105.30412,901.30054,-291.60516,114.55346,871.9288,-282.4981,103.00597,908.7811,-303.7244,37.62268,867.3993,-337.44107,58.42602,822.4362,-377.53943
wipers_derecha
IMG_20241115_103233 (1) - copia.jpg,wipers_derecha,146.76088,907.5392,-37.339066,144.63264,894.75525,-16.29298,148.60847,891.13806,-16.327105,152.60684,887.5475,-16.477318,132.76016,905.0424,-24.789185,128.34613,908.74,-24.720072,124.04745,912.41974,-24.800476,159.4507,889.4699,77.8133,119.84074,925.763,39.453136,160.65192,912.47345,-2.8335583,152.47153,925.5072,-14.089837,209.45383,900.547,81.73364,130.37326,984.51385,39.563442,245.03279,858.77136,-2.6876228,129.52373,963.8291,-49.093353,199.41016,839.2553,-65.52805,93.92407,924.0261,-96.339874,191.10889,832.3601,-67.10223,83.132706,917.7063,-95.12913,181.46605,836.8589,-47.152893,82.636154,916.71173,-95.18665,181.68681,841.6638,-58.767124,88.43279,917.6016,-96.84106,315.9852,1006.7363,10.961141,268.3567,1058.7367,-10.885922,293.44666,928.5764,-50.79975,181.80919,981.3126,-55.543926,159.22298,872.2704,-180.91096,108.68746,899.01953,-190.42017,144.5371,866.67285,-187.32735,104.7947,902.42615,-196.4934,88.7564,858.42096,-222.59137,69.3936,827.05597,-250.76115
wipers_derecha
IMG_20241115_103233 - copia.jpg,wipers_derecha,130.07048,917.0692,-201.05705,126.02031,904.7025,-183.58972,129.39438,901.19257,-183.54764,132.81804,897.681,-183.72658,115.99878,914.5104,-190.28203,112.1706,918.09814,-190.22864,108.39605,921.7001,-190.18878,139.07153,899.4324,-79.89864,106.49215,932.9434,-106.431274,143.57674,919.5947,-160.73466,130.3982,932.7466,-168.291,190.68077,902.19727,-29.386467,120.826454,988.46405,-52.70679,229.56145,849.805,63.776688,117.401726,970.3873,-26.303864,213.38599,830.2855,172.18634,99.648445,928.02625,36.78758,213.50406,824.76636,199.73943,97.82874,921.85266,59.28666,202.12807,830.2716,201.08965,95.04907,921.70135,59.095634,200.45201,831.1858,177.11174,96.18071,922.9035,40.448284,321.70926,1013.38196,2.731651,278.97214,1062.4261,-2.6725817,310.71954,947.0576,-90.90649,174.85992,981.5062,-27.217737,152.87643,894.61365,-204.62515,115.35108,901.9897,-222.57494,131.5156,885.7775,-206.06665,112.48048,905.3778,-232.7848,78.277504,886.6302,-205.8244,74.6123,830.7297,-260.4551
wipers_derecha
IMG_20241115_103234 (1) - copia.jpg,wipers_derecha,123.89177,919.1686,-258.15634,119.39989,905.4955,-246.57837,122.722694,901.786,-246.50499,126.06962,898.13025,-246.6623,109.68381,916.62787,-252.78687,106.18067,920.5753,-252.78284,102.717064,924.5039,-252.81294,132.24724,899.146,-155.48901,100.15405,937.14307,-179.00694,137.57079,922.62634,-222.56784,125.37846,935.9051,-229.41342,188.35588,895.76685,-122.807846,114.80269,994.7138,-114.79211,190.4846,821.93005,-52.868046,63.836468,965.7998,-115.339035,223.02826,820.53174,45.272533,94.13266,925.54987,-76.94203,240.22704,819.69507,59.221245,101.43797,921.55914,-77.7688,219.49547,831.3739,52.92063,110.11951,917.52405,-67.583824,220.74524,833.1296,46.93854,110.694016,918.59686,-74.01723,325.7428,1003.6706,2.5096278,290.88,1056.5447,-2.7473955,353.99377,954.75635,-69.488434,228.29749,1003.51086,41.499653,252.48543,962.44995,-111.69465,156.48822,942.9251,-57.771458,236.05373,960.6749,-107.339745,155.25769,944.74817,-60.644104,209.08789,980.3257,-89.31334,112.788155,890.03937,-54.66348
wipers_derecha
IMG_20241115_103234 - copia.jpg,wipers_derecha,127.44241,912.1488,-191.07872,116.25773,903.62317,-181.36267,118.169914,901.61743,-181.35486,120.1476,899.64026,-181.53282,109.27717,911.4611,-199.65665,106.25612,914.8225,-199.68074,103.27898,918.13403,-199.70102,120.7114,906.9635,-95.901886,98.37885,933.95154,-179.14742,139.92464,918.3251,-154.71725,131.07239,927.82477,-178.9848,168.1513,924.03076,-35.92715,131.16974,978.92017,-122.31784,213.58627,874.5867,13.433532,140.21501,965.1786,-148.88884,213.15985,837.6365,37.257954,140.72545,924.5212,-135.76576,210.05185,825.3686,54.245865,140.72943,915.4727,-128.44627,207.00336,824.9492,49.733585,138.98845,911.71277,-120.23194,205.91284,837.65625,38.562267,141.4043,915.1374,-129.54692,326.7497,1028.826,24.727186,295.46735,1049.697,-24.881668,390.37784,989.99976,68.75349,206.80887,960.503,-59.61599,343.74954,1014.84467,103.04811,133.77571,894.10693,-281.0751,331.12732,1020.06335,112.71346,138.32504,897.89886,-296.9805,323.2274,1026.2169,140.65623,70.89609,835.02936,-320.1384
wipers_derecha
IMG_20241115_103541 - copia.jpg,wipers_derecha,213.93448,837.5009,156.63203,211.69397,830.8929,163.74042,210.17084,831.4453,163.6016,208.73268,832.03906,163.41522,211.8144,831.6802,141.47855,210.4213,832.6377,141.46167,209.08763,833.57513,141.35909,196.7838,842.411,183.83493,197.72545,845.6717,84.33786,221.33594,846.74316,168.58165,221.70502,847.37726,139.22417,205.67632,891.3308,150.0313,204.4429,887.6782,90.783226,228.9118,915.67194,145.0254,205.25401,946.4191,42.100998,240.94095,918.6807,141.3004,214.33739,975.10065,2.9170525,243.77817,916.5077,134.23691,216.0192,984.3274,-12.231041,240.18681,913.7544,135.79317,214.60663,981.3893,-13.608225,240.0859,914.2679,139.52132,212.98676,979.931,1.8523761,290.74997,1025.9154,-16.89555,305.42358,1024.2178,16.923838,244.68634,1031.5243,24.834085,424.4276,1081.6647,22.981287,199.08842,1061.135,138.22328,560.5615,1073.0991,11.997744,199.2553,1068.2579,148.01723,574.00183,1070.6697,15.059416,155.7709,1063.778,144.08171,612.46906,1077.5056,-4.259081
wipers_derecha
IMG_20241115_103542 (1) - copia.jpg,wipers_derecha,181.23862,1020.2024,-399.10962,185.96361,1020.36365,-407.8329,187.24872,1023.35254,-407.81354,188.56929,1026.2766,-407.8728,183.50035,1011.39624,-410.26697,183.05072,1008.77136,-410.3394,182.66956,1006.0956,-410.3764,196.97113,1035.4537,-368.85983,188.85637,1004.2632,-379.46152,185.73244,1029.8549,-374.67752,182.20885,1020.43646,-377.92633,216.74927,1073.9393,-235.71458,205.2132,997.91876,-276.80136,192.49815,1045.769,-157.85913,188.33713,955.2868,-235.13004,191.23126,1016.51306,-120.44137,173.19635,955.4979,-191.54225,185.86864,1012.1851,-126.03799,166.83311,953.01764,-195.51169,191.38211,1006.76,-138.4699,172.66086,959.99243,-193.01628,193.82222,1006.048,-123.09199,175.40689,961.9394,-187.20856,327.07486,1036.7166,8.74,306.0749,988.20917,-8.896129,428.06146,1070.8783,67.662186,243.80898,908.45264,183.37532,530.39026,1087.3728,70.021996,300.34885,925.14954,433.07578,541.6627,1090.5239,74.793915,306.66943,931.0386,460.97647,566.27997,1085.4646,76.763756,325.1916,924.9051,543.70197
wipers_derecha
IMG_20241115_103542 - copia.jpg,wipers_derecha,257.0177,1031.5425,-459.4009,250.37453,1034.8738,-488.53775,248.23256,1034.6516,-488.5266,246.13312,1034.4204,-488.7705,254.30292,1037.1401,-481.03296,254.82419,1038.2839,-481.0894,255.35394,1039.4725,-481.01303,234.9519,1036.5001,-491.77814,248.9018,1043.928,-458.19284,251.0732,1028.2007,-445.41318,255.1344,1030.3419,-436.22314,222.37758,1032.3251,-375.83444,235.57623,1031.1599,-359.70764,171.35153,1006.65216,-246.94197,190.36234,995.72314,-216.90001,185.6391,1024.921,-129.51108,175.90343,1009.13904,-104.34014,191.04048,1033.7766,-134.38643,167.69395,1013.35,-112.87031,191.12408,1033.3552,-142.15318,181.17876,1019.11755,-120.13349,188.0468,1028.8982,-129.55058,183.44981,1016.01074,-105.47425,274.92554,950.41943,-3.6863132,278.5204,952.79663,3.7698095,238.63478,958.84735,158.03375,242.9367,950.239,165.49422,262.35202,936.18866,345.87515,252.11417,934.3541,362.23395,268.21057,929.0609,368.94266,254.49786,933.3167,389.03387,261.47064,950.4727,374.18164,246.24997,934.91266,419.07104
wipers_derecha
IMG_20241115_103543 (1) - copia.jpg,wipers_derecha,151.58673,949.7235,-0.9998529,148.63292,940.18976,-24.517036,149.02321,938.33264,-24.67567,149.44151,936.5679,-24.80585,148.54613,942.5797,5.545952,148.98058,942.35406,5.5598164,149.43906,942.1034,5.392775,156.8116,928.083,-90.29621,156.72899,935.84717,47.671986,159.59854,949.98645,-20.616024,160.09616,952.4823,18.833912,185.23616,939.084,-155.27826,181.99196,940.1165,130.28589,183.30139,970.5924,-186.89682,180.69128,998.89276,147.74829,159.38739,997.2417,-159.04639,134.0473,1038.3562,78.79647,157.15773,1000.6472,-175.37527,124.647964,1047.5974,88.73649,151.17018,1001.1006,-158.8354,116.60277,1047.6967,52.523525,151.62865,1000.3628,-150.65009,119.3842,1046.0969,61.912754,315.86688,1042.1282,-89.52682,329.58865,1049.0913,89.36045,223.8506,1030.8416,-102.40115,412.38058,1083.6191,161.03249,112.66714,1063.1768,-63.87565,531.87244,1098.3835,157.80447,101.18915,1075.0056,-61.050602,547.9843,1094.2601,158.44098,66.44995,1058.358,-70.026955,568.9972,1128.3402,142.80644
wipers_derecha
IMG_20241115_103543 - copia.jpg,wipers_derecha,179.49797,995.39795,-486.0322,181.38397,994.02655,-484.6977,183.69574,995.63324,-484.6044,186.03964,997.1948,-484.6196,175.1141,990.94183,-496.3629,172.79745,990.9549,-496.49316,170.4828,990.8822,-496.55637,193.00378,1012.16235,-395.41138,171.88571,999.19495,-454.22034,186.95255,1008.1415,-443.26736,178.87111,1005.9126,-460.29913,224.79369,1067.924,-286.0554,176.1024,999.45197,-312.21716,274.69495,1062.6598,-254.5729,161.15695,975.01904,-350.87195,347.85422,1037.4888,-274.8667,160.75035,972.19434,-373.0888,362.13324,1027.0702,-305.6093,157.72238,966.59174,-388.25616,367.72125,1024.2513,-313.93146,163.41696,974.26,-397.02115,360.86792,1028.4419,-279.69772,167.17458,980.0576,-376.06464,330.37534,1049.9534,-7.4319453,306.237,991.6151,6.812471,425.62167,1068.0295,27.883947,216.18782,901.0487,223.82605,553.82294,1095.6555,87.790535,263.74832,951.6674,514.4774,565.3993,1099.5415,97.67368,269.33914,966.2993,545.37756,593.31494,1102.9059,79.274734,275.71732,947.2925,610.7626
wipers_derecha
IMG_20241115_103544 (1) - copia.jpg,wipers_derecha,159.03136,967.807,-333.42084,155.32657,966.046,-375.972,155.33351,967.92847,-375.95132,155.40094,969.8939,-376.07883,155.91792,959.61475,-367.67688,156.32434,956.8685,-367.83707,156.744,954.0137,-368.0886,160.18938,973.0781,-458.5797,164.13101,951.5774,-420.52704,164.51442,974.2986,-350.61734,164.70758,967.0814,-339.9786,177.85718,1007.80084,-385.43237,191.506,928.73724,-335.5025,200.50177,1027.577,-247.34111,251.769,930.3052,-138.99925,178.76753,1037.222,-163.04951,229.57031,949.72314,45.34282,174.41411,1041.1769,-183.78094,226.19086,952.4707,59.345158,169.15782,1034.7266,-195.28123,221.15118,956.59784,25.091434,169.97745,1030.1676,-166.95941,221.52986,956.50507,39.21139,293.36435,1049.9126,-24.884167,272.1825,996.51587,24.327639,359.94382,1058.5422,184.73114,196.84279,953.38916,182.2325,455.99237,1095.5198,421.82312,146.8502,1005.0801,408.94577,468.34692,1097.432,447.313,149.42798,1015.5905,434.6791,473.92538,1104.4111,427.65063,104.2594,1012.7449,463.96042
wipers_derecha
IMG_20241115_103544 - copia.jpg,wipers_derecha,171.70592,990.8886,-320.5365,170.96266,993.3977,-344.93604,170.65202,996.70526,-344.95303,170.38614,1000.1215,-345.06802,169.51198,985.5447,-344.98093,173.53654,979.95844,-345.17072,174.17738,976.58453,-345.33926,180.74411,1009.9347,-345.4974,189.13962,972.3318,-348.52518,178.24037,998.7903,-308.45877,179.83989,988.7549,-309.1314,199.31049,1056.496,-250.33684,234.58261,934.8594,-267.0484,156.43112,1058.8733,-173.27794,213.27403,897.8833,-174.22311,95.53415,1056.3817,-161.39775,161.77945,893.8974,-92.46442,80.62885,1067.7416,-186.35278,157.93456,881.8607,-103.02654,86.24006,1052.8065,-195.55182,151.5408,902.3668,-127.901955,93.70553,1045.2004,-166.18024,153.30324,910.3211,-98.82638,320.4107,1076.826,-2.7219038,321.00858,1008.4368,2.1306562,328.44904,1079.5013,145.24155,229.71143,963.20935,74.26164,427.2114,1086.9708,335.52878,221.00476,995.63586,283.15646,443.019,1089.2892,356.84567,225.86122,1005.1644,309.87738,440.5806,1073.8005,364.84995,191.55492,993.4331,366.54437
wipers_derecha
IMG_20241115_104252 - copia.jpg,wipers_derecha,162.7751,877.64624,162.1331,152.4247,872.64514,160.00514,151.47467,873.6167,159.91742,150.5023,874.42664,159.84798,152.57416,872.2042,152.44548,151.42778,872.13226,152.41304,150.5366,872.70087,152.28171,141.15472,885.9266,129.45439,144.42256,884.21936,95.91528,165.21384,890.9628,151.01353,164.94019,889.8908,141.32,144.73984,945.4938,65.9094,167.93558,924.2897,73.53083,179.27522,1036.6844,45.155975,192.25377,1010.5646,50.568775,207.26617,1069.7969,60.181274,204.06195,1054.841,33.860123,212.66916,1079.047,53.399105,207.35355,1067.1132,28.462183,214.51476,1073.9004,45.910667,206.85541,1065.8602,24.26097,212.89961,1071.0042,55.5356,205.52388,1062.3774,30.846792,217.51144,1071.3896,-35.362194,221.63268,1056.281,35.02376,176.01973,1025.029,-37.974087,154.38933,1028.9906,113.427826,227.73227,1094.764,-153.36266,194.67863,1101.6832,-47.843426,245.28505,1107.8395,-166.1888,210.73192,1112.1967,-66.4161,213.86133,1112.4045,-197.9902,177.38986,1136.8237,-95.53696
wipers_derecha
IMG_20241115_104253 (1) - copia.jpg,wipers_derecha,136.98041,884.13074,-50.1463,138.61983,875.26764,-60.72424,139.96571,875.13635,-60.793324,141.32777,875.04895,-60.869923,136.66534,876.1079,-47.65851,136.31696,876.74164,-47.689064,136.00378,877.33093,-47.854454,148.23541,882.0698,-82.274055,142.32825,884.828,-23.66963,142.86475,895.03937,-56.099575,139.41959,896.7252,-39.150967,164.48918,938.66156,-127.83977,159.87202,938.219,40.558395,226.21535,1017.67175,-116.95062,185.5238,1028.2291,56.664513,232.46272,1057.2958,-93.71756,180.28418,1072.6361,19.950235,238.19267,1066.7109,-105.91893,179.97275,1085.3522,22.719418,231.80478,1062.9485,-107.906624,175.97525,1082.6382,-2.2746012,229.39938,1059.87,-94.19641,177.73544,1078.4077,9.221218,256.81677,1071.981,-65.360794,244.51886,1067.8538,65.19366,186.8475,1042.8218,-83.22977,168.20222,1044.6509,118.1331,241.9056,1115.9988,-23.12588,224.06723,1120.0503,119.82101,258.80765,1124.4255,-16.142324,241.37761,1128.7401,119.98708,230.71414,1141.9082,-10.970704,211.01254,1153.0565,122.47426
wipers_derecha
IMG_20241115_104253 (2) - copia.jpg,wipers_derecha,158.03477,884.88947,122.595825,146.20581,878.9142,107.24817,144.23354,879.82495,107.19802,142.27068,880.794,107.12584,150.29678,876.5955,104.12834,151.14072,875.8248,104.116104,152.07214,874.9967,103.97254,136.73373,888.00116,47.61381,152.10876,879.79193,31.872185,150.6484,897.937,103.590836,154.05272,895.63,99.04544,135.31268,947.71454,-22.033312,173.00587,925.9815,34.393772,185.66473,1035.3966,-38.875126,201.81625,1017.6336,14.623159,214.79613,1058.0,-35.59615,204.51595,1061.0084,-42.437866,222.53679,1065.2085,-44.00795,205.37044,1074.8923,-54.577267,223.04074,1059.2297,-53.459045,204.71606,1072.3109,-62.16232,221.14264,1057.0566,-40.760113,203.7591,1068.5646,-48.459118,220.8208,1086.1458,-53.88267,230.92258,1070.6727,53.562057,150.98538,1025.5815,-18.358767,121.20819,1033.5487,149.45638,199.19289,1100.7651,-47.02472,167.86334,1110.3124,42.540043,217.42493,1113.8176,-46.833332,184.02696,1117.8029,32.738693,183.80228,1113.4983,-38.8807,153.02863,1143.9476,33.236706
wipers_derecha
IMG_20241115_104253 - copia.jpg,wipers_derecha,124.32105,893.0505,36.259655,125.19316,884.2493,15.5523,125.15237,884.71936,15.480614,125.10111,885.2317,15.410464,126.785034,882.9363,31.188475,127.686646,882.54095,31.167927,128.65836,882.08344,31.032845,129.2502,890.28503,-47.487198,136.56813,885.7081,21.696499,126.2154,903.44507,16.535923,127.02885,902.3303,36.414677,130.2129,939.5382,-113.97368,160.60043,933.39136,74.792465,186.33078,1028.8507,-119.06309,192.38449,1017.623,87.47931,184.39394,1059.485,-86.27439,171.02597,1055.3164,55.71707,185.24971,1066.7628,-96.43667,167.92761,1065.3806,59.415993,183.31804,1059.4718,-92.672874,162.46573,1064.005,37.123672,183.24297,1056.6139,-84.51514,162.8548,1061.5447,44.82258,227.75705,1084.5352,-74.846466,236.58212,1067.1986,74.74513,162.616,1089.1139,-54.728947,164.60202,1054.2576,216.34427,224.95015,1114.1691,-2.420381,214.93979,1111.4899,157.76984,241.33598,1116.5443,5.8571043,229.30995,1116.823,151.85016,222.9415,1123.2787,48.48036,209.34955,1139.5464,168.08632
wipers_derecha
IMG_20241115_104254 (1) - copia.jpg,wipers_derecha,141.45573,887.0762,34.917004,139.55577,879.15234,28.443638,139.03008,879.7599,28.369814,138.53432,880.3881,28.26657,140.50182,878.43335,25.349993,140.06549,878.67773,25.43351,139.70195,878.8845,25.303885,136.51027,889.3771,15.501053,137.07916,888.11487,-1.7504307,139.77989,899.97766,32.319054,139.0933,899.3497,27.132706,124.37363,946.63,-7.617649,134.1185,942.1138,8.129268,213.54572,1029.3292,5.0347915,189.9102,1018.53467,6.7007027,244.72304,1026.588,18.06005,215.05092,1058.1978,-9.912662,250.21437,1024.5315,13.259567,217.96251,1072.7771,-19.504858,249.68105,1015.7472,-0.08697703,221.26147,1069.007,-27.43675,248.07478,1018.50836,12.713062,220.5984,1065.216,-14.236087,181.6759,1093.3983,-40.682137,171.61037,1083.6921,40.584522,144.58986,1050.8525,-93.68102,59.74494,1040.9978,24.55647,172.71262,1109.8594,-43.375023,143.57292,1120.3557,-39.25852,185.32188,1117.7878,-32.833385,163.45226,1125.2223,-43.592903,152.35498,1122.8872,-14.963696,147.41307,1154.7688,-35.145294
wipers_derecha
IMG_20241115_104255 (1) - copia.jpg,wipers_derecha,144.2705,889.2468,34.74702,142.64401,881.5283,27.633192,141.74197,882.254,27.577412,140.86801,883.01575,27.508038,143.74753,880.39746,21.966698,143.16565,880.44867,21.98642,142.70517,880.4383,21.856422,132.51091,892.2393,6.673879,137.22078,889.13904,-23.330126,140.03215,901.9189,30.085196,139.37724,900.73846,21.17066,109.64873,947.2766,-38.079876,146.82095,940.6422,-8.280206,176.37419,1048.7445,-28.608728,191.37097,1030.7822,-0.9558729,202.38167,1068.5731,-1.6904613,212.487,1078.2915,5.113725,208.33784,1075.5052,-7.5556903,214.94969,1096.0713,-0.110205464,206.32954,1067.1902,-20.405163,219.1466,1090.692,-4.379197,205.33896,1065.6846,-6.703958,217.66731,1085.9867,3.1840034,165.16605,1102.9604,-54.17658,172.37326,1084.5187,53.936016,93.616005,1068.7908,-12.530814,66.20193,1040.8817,117.78299,116.54196,1121.371,49.44161,139.1003,1120.182,-0.12253264,130.02101,1128.8107,63.434296,157.39017,1126.0637,-8.877865,90.58606,1131.5312,102.7659,139.19069,1150.8252,1.7925998
wipers_derecha
IMG_20241115_104255 - copia.jpg,wipers_derecha,145.21036,892.6741,15.569658,142.10983,885.01294,6.3902745,141.1657,885.46545,6.329982,140.2569,885.9433,6.2356706,143.92929,884.86975,1.0611849,143.722,885.3126,1.0799986,143.61176,885.7007,0.9548992,133.96632,895.3844,-14.572845,140.28334,895.74677,-42.26318,142.78488,904.8788,11.621311,142.87636,904.9221,3.2523036,118.95524,948.69006,-33.88582,150.27534,946.70374,-30.202639,194.43288,1043.0829,-15.505071,198.86499,1020.0277,-20.808533,219.108,1038.9951,-5.6356907,219.15518,1050.0487,-21.834587,221.37968,1036.7952,-12.471784,221.73131,1060.8901,-29.03169,223.15282,1026.5309,-23.800499,223.42345,1056.194,-31.427898,222.63687,1028.8989,-10.249353,222.29955,1053.8279,-23.243471,170.29588,1090.0464,-40.273865,167.06078,1080.0084,40.142765,137.71352,1049.7026,-63.010235,72.84868,1044.6849,19.911848,149.5755,1118.2175,28.931618,154.41159,1125.702,-6.9704256,157.65276,1127.2805,44.597885,171.69992,1131.9015,-6.2820864,130.01575,1131.957,65.75256,160.07324,1154.328,0.007116295
wipers_derecha
IMG_20241115_104256 (1) - copia.jpg,wipers_derecha,105.31116,864.34503,19.852726,111.034195,857.4924,-0.17520858,111.40577,858.5721,-0.3092528,111.76593,859.67773,-0.40494186,112.84153,855.6729,21.840038,114.20156,855.68335,21.87296,115.6085,855.6271,21.749203,118.237686,870.3097,-59.80253,124.910675,864.5232,37.937378,105.48716,878.50275,0.6705182,106.83077,876.66077,28.874176,115.934555,931.55725,-127.69771,142.33061,928.1473,107.578735,176.55266,1012.3485,-134.58269,184.95384,1001.6228,116.65873,176.56442,1062.0282,-103.518394,178.93985,1056.9362,85.21414,179.84528,1071.1796,-119.44695,181.02563,1067.8356,95.15803,174.63678,1065.602,-108.90955,175.75931,1068.0854,66.33656,173.79567,1062.715,-98.74393,174.08931,1065.591,72.64889,231.83192,1083.1836,-84.5608,236.05652,1065.1365,84.57275,162.14334,1076.0103,-56.313816,151.54745,1045.9469,232.48212,224.69165,1095.4066,38.593647,184.82785,1106.5701,184.34955,240.85365,1097.7362,51.142048,197.33583,1113.347,180.04451,219.18709,1098.2144,101.330734,173.00122,1128.3962,199.80797
wipers_derecha
IMG_20241115_104256 - copia.jpg,wipers_derecha,157.39221,888.35364,8.0395,146.57587,879.21027,2.2296023,145.25562,879.63696,2.188323,143.98749,880.08203,2.137727,148.25792,879.16205,-10.707969,147.58638,879.7114,-10.695327,146.98729,880.2109,-10.818186,133.77295,888.75085,0.24276087,139.41196,889.44116,-61.84108,148.62386,898.3727,11.474134,149.18073,898.4009,-6.8610277,126.24426,941.56036,-10.897765,143.60176,938.5513,-46.47201,203.65558,995.9258,30.52682,196.67679,998.9932,-60.178844,248.32135,978.19226,56.344597,236.80052,1026.9072,-85.33792,255.02948,972.1378,57.822334,243.8238,1040.1951,-96.48766,258.70905,962.59064,36.611313,247.50803,1034.2935,-97.43149,257.11496,966.68024,47.82042,244.89233,1030.3241,-85.72704,180.67987,1080.9755,-39.89052,175.501,1069.8363,39.759617,131.18542,1058.135,-59.886185,74.19268,1035.1732,35.749435,152.33551,1108.7808,37.117046,144.72708,1116.3085,-13.641861,163.1677,1114.6959,53.348133,161.86803,1122.0037,-17.068012,132.69688,1119.8044,81.474945,145.49368,1148.3549,-13.165071
wipers_derecha
IMG_20241115_104754 (2) - copia.jpg,wipers_derecha,93.0697,952.55725,-26.431437,83.88621,943.8834,-14.832387,84.02499,945.0211,-15.039426,84.08324,945.65454,-15.254145,80.69468,942.38025,-40.40133,75.98035,943.465,-40.452736,83.31831,942.01324,-40.600414,78.93451,944.70264,33.58678,68.28565,951.99835,-80.07849,100.56501,958.3583,-6.1508512,95.42585,961.1622,-39.08887,85.79915,1001.6788,87.88159,63.5462,1015.636,-138.41898,134.98601,1074.0605,96.76065,107.964836,1097.3085,-157.92105,194.59586,1086.5344,60.952892,182.08131,1115.8232,-107.65295,209.11615,1091.1962,58.698315,201.13782,1125.4957,-118.217384,212.58124,1083.4008,42.565025,204.82898,1113.7078,-109.64297,207.14279,1083.6926,51.736965,195.83636,1111.8346,-103.610054,145.01735,1167.2317,73.25836,131.60048,1177.639,-73.54742,205.51807,1124.8414,198.54343,213.5234,1114.7521,-32.035027,238.03015,1182.9117,233.72092,234.3752,1189.2067,101.50055,234.05823,1196.0771,236.09213,223.37436,1206.6462,119.00411,274.57233,1186.0345,240.5251,282.5858,1193.387,151.83388
wipers_derecha
IMG_20241115_104754 - copia.jpg,wipers_derecha,59.658424,1120.5725,-331.84937,51.22191,1121.5471,-342.81036,51.605335,1121.3035,-342.85535,51.75803,1120.6188,-342.93536,53.886127,1122.519,-359.602,54.667282,1131.5334,-359.67706,54.82195,1131.1708,-359.83124,57.850185,1130.5928,-300.88492,62.536766,1132.7106,-378.191,71.53748,1129.1389,-305.48413,71.66112,1120.4226,-328.00488,79.897964,1136.279,-208.06253,101.818565,1165.8254,-291.95935,92.5295,1082.7219,-67.66474,138.92014,1135.9451,-163.32648,117.28441,1105.5139,48.42737,130.3886,1139.8335,-11.154471,121.468796,1115.6139,58.214344,127.03956,1138.2844,-2.4479487,125.72801,1117.3082,66.74195,127.197495,1145.2029,-5.399746,124.97191,1113.6891,54.955067,128.24548,1143.9054,-7.451642,232.41821,1144.929,10.292895,238.92322,1162.0884,-10.528448,280.89008,1146.541,256.41287,266.45724,1150.1692,246.64493,316.91122,1164.0249,499.2285,314.8437,1152.296,500.26962,322.14746,1164.531,526.35944,323.6234,1151.6393,528.4471,327.1126,1169.6361,525.21387,328.29068,1153.649,524.9096
wipers_derecha
IMG_20241115_104756 (1) - copia.jpg,wipers_derecha,86.20775,957.3559,-41.380135,78.9449,948.9465,-31.213598,78.18665,949.52124,-31.39976,77.40138,949.84424,-31.614487,78.11351,948.3914,-59.168602,75.22343,949.17,-59.214985,73.9735,949.4125,-59.38426,63.55967,961.25256,11.688077,60.425915,954.8804,-113.95353,83.860405,968.6615,-21.75374,80.143745,968.2923,-58.326973,71.22691,1004.3711,66.75435,56.084633,1017.40393,-162.56781,121.97857,1080.1697,85.781166,104.15361,1097.0381,-184.2656,178.58698,1097.6675,60.64885,167.89233,1121.3854,-152.10399,191.24727,1102.295,61.785324,183.29303,1131.3326,-168.73845,196.54488,1094.9144,42.974323,186.84639,1120.602,-157.15854,191.46356,1094.4753,50.601177,179.1517,1117.8932,-147.83421,137.87651,1150.2067,63.759384,124.058495,1163.2778,-63.820477,186.23247,1171.9827,131.37177,197.2114,1175.0447,-11.948981,226.47342,1212.8088,280.30093,216.38846,1220.6218,168.96536,226.94359,1222.5913,294.3763,207.66516,1231.49,188.8406,256.5934,1215.043,297.60733,257.72153,1222.4617,201.91075
wipers_derecha
IMG_20241115_104757 - copia.jpg,wipers_derecha,95.637276,946.05615,-48.68491,85.25214,940.95575,-38.5442,84.46905,941.6876,-38.729282,81.97905,942.3528,-38.92563,84.59338,941.9819,-70.17065,81.57576,942.7495,-70.2113,79.67163,943.1218,-70.38037,67.64683,954.7787,3.6703794,72.981316,949.156,-138.38905,94.84312,960.3961,-28.780996,94.481026,963.0748,-69.9571,83.64579,1005.7561,63.8483,74.69382,1021.1103,-195.4848,144.63419,1081.2515,88.730484,115.00372,1110.3499,-215.74242,194.90918,1113.2992,50.65372,188.07791,1145.6868,-177.20912,205.07217,1122.8147,45.763275,204.96727,1160.2275,-206.30481,205.78493,1117.2859,23.518229,212.73952,1148.4594,-197.44518,202.91644,1116.2047,39.209347,205.08844,1144.7261,-174.83347,129.47885,1170.623,78.826744,125.94041,1183.4625,-78.83423,167.66658,1133.1348,227.94249,209.2638,1149.8866,20.613382,204.06018,1175.4255,378.5742,275.84418,1179.4724,226.65723,204.46883,1186.9127,393.37582,277.6109,1192.4966,249.30109,230.5706,1168.9623,395.9012,322.6936,1160.0902,250.9823
wipers_derecha
WhatsApp Image 2024-11-15 at 11.25.05 AM.jpeg,wipers_derecha,279.22235,770.8806,309.86108,286.67093,759.5999,314.1021,291.08545,759.4904,314.18185,295.4266,759.599,314.21466,275.77856,761.58984,314.1278,272.61224,762.985,314.2256,269.71918,764.57733,314.16464,300.46298,766.2048,322.96854,268.05893,772.32245,324.02524,287.496,782.90045,313.56396,275.2713,785.1935,313.64417,287.5966,812.79834,224.361,293.0234,814.95154,255.91219,304.73816,856.7887,137.06255,344.55267,834.2134,19.120857,313.36206,874.0765,83.65095,426.85382,817.94336,-167.39375,309.2436,875.98944,59.66862,452.07367,807.30194,-206.89043,314.53955,870.81085,64.78259,445.48874,804.5807,-169.57262,317.59598,873.11084,84.935295,438.95575,813.58545,-157.31017,262.75043,927.9966,-56.959877,267.9646,928.1501,56.264694,192.64192,868.8584,-89.77319,155.8732,865.1556,17.392721,150.86778,991.62976,-319.72897,199.2792,1002.421,-245.09183,149.22472,1013.7495,-343.5455,212.67082,1018.6515,-275.4697,146.85445,1021.08636,-378.2872,202.38344,1053.6752,-320.14954
wipers_derecha
WhatsApp Image 2024-11-15 at 11.25.06 AM.jpeg,wipers_derecha,271.1426,772.229,268.82672,278.68085,761.1106,291.17038,283.87134,759.525,291.16327,289.19693,758.03094,291.07275,267.20084,765.4419,295.0985,264.08557,767.0686,295.29752,261.218,768.779,295.39096,302.6378,762.9065,370.77026,261.80978,776.5814,384.24808,283.88617,780.71716,293.03098,269.5119,785.9211,297.13077,324.4603,806.1998,303.70413,255.61688,819.1294,364.53732,406.21948,845.84546,215.22523,251.55437,851.24994,202.3143,501.24762,853.8018,64.96227,303.6526,859.4174,-38.764732,521.6885,848.75024,37.559906,318.50992,861.621,-82.67247,528.08234,846.1603,7.253226,323.87878,850.22437,-68.48433,518.184,853.12305,49.818325,321.3091,853.3538,-40.760532,287.30154,895.0192,-46.50773,253.17433,909.0043,45.76222,186.93669,843.8843,-170.71599,71.04794,873.988,-44.1825,217.23389,965.52734,-457.29922,209.23741,1004.69476,-357.13943,227.43689,986.718,-484.59848,239.07988,1019.2951,-389.883,229.09917,1002.2293,-526.5437,236.86841,1062.0674,-434.44473
wipers_derecha
WhatsApp Image 2024-11-15 at 11.25.07 AM (1).jpeg,wipers_derecha,285.863,784.34656,466.9203,285.24664,775.3264,456.3052,287.59448,774.52576,456.36487,289.66217,774.0233,456.37134,279.72192,780.02747,459.90808,278.1056,781.9205,460.09738,276.7648,783.86084,460.04437,293.80966,779.5045,413.67032,278.87402,789.7053,428.14798,293.93805,790.2648,450.8614,287.14,795.6176,455.21774,277.00037,798.7106,255.76056,325.01428,817.26306,323.03033,303.48157,869.85535,159.89095,415.4329,851.88074,126.15316,316.27933,919.88837,57.426373,517.405,863.0919,-34.50029,314.50638,928.2147,12.659081,546.9864,856.57776,-82.86022,316.8775,925.5907,10.417376,540.08154,851.5333,-60.181385,321.98184,925.71344,53.802383,529.82947,857.63763,-31.389341,267.4326,921.3707,-62.11428,285.80884,940.69977,61.316418,164.23807,859.22595,-191.76909,80.024475,903.72925,65.99126,228.29483,1015.2691,-437.1444,240.43866,1009.159,-147.4579,247.2919,1042.3604,-458.40668,275.56616,1034.1631,-169.56966,242.18867,1056.3777,-497.41754,262.46088,1075.1643,-198.89203
wipers_derecha
WhatsApp Image 2024-11-15 at 11.25.07 AM (2).jpeg,wipers_derecha,287.9494,786.5663,525.6479,284.2626,774.235,507.21143,284.61652,774.0225,507.30447,285.7148,774.05054,507.28387,282.2071,776.6381,510.86963,281.87756,778.0545,511.16406,281.71698,779.62537,511.12085,290.2125,782.44885,425.56198,286.56912,787.36176,442.88843,293.3029,790.2012,495.93503,293.04584,793.1754,500.82455,256.57483,807.46405,269.20605,360.08115,818.8492,329.79507,197.39357,859.4238,158.08424,470.65338,839.0506,65.005135,138.96286,877.0095,92.753044,576.90765,839.1995,-198.66199,117.60052,883.3639,63.035473,600.2817,831.3513,-249.91895,120.7017,876.5341,74.835945,600.2672,825.7242,-212.16896,131.88283,874.64453,98.159645,590.3974,830.089,-190.83029,259.96286,930.8369,-67.364586,305.34003,937.4478,66.28732,186.44814,884.8593,-219.37367,140.65233,906.1909,75.77425,221.27823,1035.0548,-528.89636,250.72255,1024.2075,-204.60693,234.53497,1061.6272,-559.2643,277.39697,1034.667,-236.42468,228.17934,1063.7261,-614.52246,258.46243,1066.9606,-280.19235
wipers_derecha
WhatsApp Image 2024-11-15 at 11.25.07 AM.jpeg,wipers_derecha,275.5446,778.26245,503.55954,278.47446,769.8471,496.30527,280.58386,769.4089,496.40106,282.5378,769.2182,496.36578,274.57086,773.6974,500.9881,273.67886,775.691,501.21786,272.99835,777.8277,501.18115,287.35785,777.8856,451.4294,276.18674,788.7313,471.60095,276.62164,791.0444,485.14578,280.97928,794.25165,491.0787,263.29114,817.6803,299.7977,332.48325,825.44855,336.71826,293.07883,885.67773,205.79231,458.98288,837.2528,109.12278,325.28342,938.462,129.26172,581.4848,845.184,-42.963825,330.31244,949.1568,95.3904,613.6701,838.9497,-85.986984,333.60544,949.5902,95.98494,612.14484,835.2969,-52.077587,335.11853,948.4241,127.20949,597.8421,839.5375,-35.27818,257.50336,927.4889,-53.416145,288.97653,936.5191,52.422493,165.7099,857.0836,-172.05853,103.385254,899.9769,38.897457,219.69872,1014.6737,-473.59598,246.3942,1024.1263,-240.37468,236.97868,1042.0519,-499.08978,275.01633,1037.9674,-268.32874,237.46086,1057.7937,-523.0064,273.1511,1077.4095,-298.79825
wipers_derecha
WhatsApp Image 2024-11-15 at 11.27.20 AM (1).jpeg,wipers_derecha,136.84718,734.99524,-594.8959,147.10199,745.81934,-589.4421,147.25151,751.18604,-589.3838,147.49635,756.5736,-589.38055,143.35745,734.7071,-602.0331,144.65001,731.522,-602.12775,145.64749,730.0298,-602.0754,161.87808,780.08575,-468.80246,169.62634,732.38806,-524.9932,139.33102,749.2734,-541.1988,141.16241,735.8591,-557.4399,176.18695,835.4606,-272.35883,210.90385,727.13513,-387.79593,132.99667,821.24115,-139.04823,171.83904,705.69934,-260.41663,72.27015,791.55286,-168.4312,102.81115,742.73083,-179.97298,62.231777,787.5487,-203.13504,90.20612,743.1778,-202.96259,71.44177,775.9302,-229.36589,93.73282,762.2382,-241.9268,75.96937,773.3425,-182.93904,96.68447,766.3296,-192.83875,284.5529,836.10046,27.667536,309.18234,782.1527,-27.699038,197.83757,803.7361,82.51153,272.2634,649.22986,-10.126319,187.83684,825.5762,260.11517,322.25876,744.28156,299.77725,193.56662,831.2158,278.70178,323.8375,762.65076,334.77625,162.87802,816.109,254.70828,344.48764,758.7769,362.44217
wipers_derecha
WhatsApp Image 2024-11-15 at 11.27.22 AM (2).jpeg,wipers_derecha,132.54616,743.7391,-556.41644,126.75925,744.47705,-554.9295,127.42644,745.0617,-554.8893,128.1864,745.6489,-554.966,125.02816,745.11707,-571.60693,124.43413,746.36755,-571.7353,123.84022,747.5412,-571.8076,136.74312,757.85406,-458.47113,131.47437,757.4966,-534.4431,142.67023,750.21185,-511.30664,140.29048,752.22284,-533.77954,178.5513,785.3617,-333.4569,171.2034,770.354,-426.66068,166.07692,766.1798,-311.7281,128.90456,753.68384,-477.39438,82.72216,773.40405,-395.9887,65.188324,782.7197,-522.00964,69.48836,769.308,-433.57098,51.78732,774.28864,-554.4479,71.735596,764.62103,-421.02,52.642624,791.12317,-566.67255,79.53121,765.1116,-396.15344,62.213215,783.72314,-527.5151,299.96136,803.9519,-1.5516605,314.57816,800.4705,1.1069018,228.93684,752.9455,69.85157,357.53342,753.37036,222.49936,156.06865,798.5316,234.91425,440.65463,783.2712,512.2416,147.52855,804.56964,254.163,443.15903,785.79376,542.1799,127.23653,814.3229,211.15059,493.79242,797.67,493.63623
wipers_derecha
WhatsApp Image 2024-11-15 at 11.27.23 AM.jpeg,wipers_derecha,214.41943,749.91614,421.40436,221.02237,743.89923,451.93625,225.11029,743.18085,452.038,229.21707,742.541,452.1176,208.2414,746.5008,456.01523,204.74364,747.22504,456.0106,201.33163,748.0966,455.85846,241.90929,744.8505,521.3453,199.35005,752.1267,539.55225,225.53343,755.65796,437.07712,211.72455,757.9641,442.23862,284.62137,765.3608,413.1844,190.80579,781.7463,520.815,391.89523,796.55206,356.70792,133.17358,814.91345,456.11536,519.20013,819.79803,220.71153,75.768326,790.4796,311.9822,548.19165,824.1881,212.94098,53.35731,793.99567,308.96283,550.5445,826.1968,175.92001,52.180187,788.6054,286.0948,535.5244,825.8117,203.02559,63.72111,789.02277,300.74954,273.79977,825.8583,-59.151752,222.72884,832.11365,58.39754,230.02084,689.3308,-290.8675,95.351906,719.9801,1.437164,129.34364,780.6266,-522.3375,121.06349,799.6725,-290.24207,113.788536,805.60754,-547.7081,136.41089,819.75916,-321.2099,83.76706,769.451,-625.1587,110.6356,797.18677,-371.27316
wipers_derecha
WhatsApp Image 2024-11-15 at 11.27.27 AM.jpeg,wipers_derecha,206.15239,777.5862,417.1268,212.15958,768.4958,452.83417,216.9514,766.77435,452.85632,221.74294,765.1318,452.85785,197.70876,773.2406,458.12967,193.5125,774.57935,458.13757,189.32846,775.9897,458.06882,239.19641,762.41016,557.8811,188.93321,777.875,581.3555,221.56398,778.8783,446.7666,206.53612,784.5423,453.86722,300.1827,776.3431,501.224,181.83313,790.65436,548.90814,407.30173,798.88354,430.4581,124.52825,820.73486,478.2243,510.15216,818.8025,340.4233,59.85006,789.8691,383.40366,542.3752,820.7722,331.97357,38.398163,795.85046,379.2917,545.05255,824.0323,294.59842,38.38368,793.5104,363.27393,493.13013,820.80615,321.12408,48.656002,791.2311,377.92862,293.17172,811.77185,-17.211935,224.07642,822.8919,16.943718,257.10248,719.3364,-314.16745,120.91223,746.7499,-174.56757,201.89317,755.16016,-680.8814,149.91133,774.5867,-537.81445,193.86516,772.6862,-725.7824,166.00523,789.8445,-580.1231,163.07996,727.1585,-820.1882,148.50594,740.6326,-665.7692
wipers_derecha
WhatsApp Image 2024-11-15 at 11.28.58 AM.jpeg,wipers_derecha,241.5553,689.65765,429.36517,249.3421,690.2625,470.31845,250.93472,691.0355,470.2699,253.49377,688.98627,470.31723,242.6031,687.4108,462.12152,240.00764,689.8247,462.02957,237.49661,692.21674,461.9208,263.4853,695.8237,589.92865,240.66116,704.4769,551.0988,247.24004,695.7178,465.99524,241.51883,698.31146,453.972,318.29947,702.7571,519.7714,259.24396,759.49677,516.9481,380.38123,701.1848,452.93893,255.34581,772.7941,374.3387,376.53613,707.9402,435.87387,205.72208,787.7716,311.15903,379.84152,706.7175,443.4018,191.20438,792.74207,319.5793,370.52533,706.6929,443.0303,191.22993,794.7683,314.3903,367.62613,709.29895,437.47266,198.54169,792.3752,309.7307,424.4589,758.7963,-18.116379,386.30414,797.93854,18.076838,361.8267,719.9065,-209.11198,265.0123,754.52686,-55.62806,241.84953,738.14935,-655.6095,221.13113,755.32434,-499.5492,239.70609,750.4202,-703.95,236.92561,760.8622,-546.71313,150.76332,744.10876,-765.78674,154.93521,737.1142,-628.6235
wipers_derecha
WhatsApp Image 2024-11-15 at 11.28.59 AM.jpeg,wipers_derecha,239.74124,677.7033,36.283497,244.99242,675.2062,56.02905,245.8052,676.0869,56.006218,249.31592,677.6407,55.90314,242.38771,678.40466,44.868492,242.45062,679.51465,44.80007,242.38585,680.9388,44.698315,251.57132,686.972,135.77982,243.65779,690.5845,85.04254,245.89093,684.6205,65.42916,242.5926,688.2099,50.7048,300.95547,697.45966,163.18135,248.0815,738.90674,104.850365,373.33832,698.69324,227.8858,252.06233,747.0519,163.39828,395.1187,720.22894,262.01828,223.62929,748.711,291.2748,402.8037,715.87476,284.08224,214.72653,748.2919,323.68878,402.05225,715.0867,273.28125,214.27335,752.34326,316.43033,399.80063,717.20526,260.40582,217.52142,752.20123,293.0114,417.5107,761.51514,28.684881,384.16473,778.80365,-28.86961,423.91382,734.65485,-99.0449,323.25168,726.6656,-66.946556,342.8755,753.7887,-167.01837,267.93533,730.3851,-221.05275,331.18088,758.086,-170.97032,271.9087,734.2886,-234.4463,305.9362,766.78723,-187.55415,220.17879,722.2824,-279.8432
wipers_derecha
WhatsApp Image 2024-11-15 at 11.29.04 AM.jpeg,wipers_derecha,463.34564,730.89545,495.72876,473.1894,732.3834,502.44058,473.46902,731.8668,502.42273,473.69495,731.1309,502.41284,472.70163,735.2068,513.9255,472.53082,736.7162,513.96704,472.26804,737.81726,513.7787,473.8962,735.2933,468.15616,466.38315,745.1907,521.81854,456.387,731.6047,478.43884,455.67642,734.7379,494.5832,446.11908,723.88214,327.67053,440.71884,775.0983,456.4348,362.68756,709.8422,164.31155,355.0446,762.86646,393.846,299.9208,698.64526,62.296852,326.17264,726.91656,380.95612,288.24756,694.38104,51.30771,322.4132,725.3986,399.33463,290.81378,698.73035,73.84237,331.71405,708.6422,406.385,294.04688,703.35876,70.23499,332.89365,708.01294,383.50577,344.1795,736.47375,-15.001725,335.44128,779.2456,13.893185,264.5437,689.9686,-1.5800036,267.04294,778.98193,8.580965,223.40752,735.4386,-414.50146,208.90805,779.33545,-468.884,223.0643,746.72156,-459.95148,206.09389,780.0321,-521.2496,168.52504,729.94684,-494.83456,143.85847,767.644,-585.6195
wipers_derecha
WhatsApp Image 2024-11-15 at 11.29.13 AM (1).jpeg,wipers_derecha,246.14288,715.6587,491.21106,240.82997,712.3162,517.88226,242.09691,710.7016,517.90497,243.44595,709.07007,517.8736,237.05882,717.72,509.67163,235.7729,719.91,509.661,234.53677,722.0977,509.44626,250.1412,710.3417,591.27905,237.24399,728.9369,558.3902,256.63727,715.4243,512.91,252.76926,722.0795,502.79553,310.3621,706.3439,541.14343,250.38988,760.3735,493.5041,365.69608,724.71344,575.1411,254.54233,808.26044,364.65536,393.2575,722.7723,638.54285,192.57466,822.175,316.1896,406.20193,723.3127,655.1851,173.74063,829.0081,325.8771,399.695,714.88965,647.1137,174.68146,834.9545,314.02274,391.72754,714.21094,635.9752,184.22461,829.4355,312.16153,417.47168,770.9358,0.94808954,363.92813,802.2305,-1.2826409,415.67862,728.67285,-288.699,274.29144,775.6405,-232.26335,350.98383,767.4527,-768.0352,258.33185,811.88995,-732.0103,349.4318,779.10333,-825.46576,276.23456,822.69257,-788.1499,300.57962,767.2947,-932.19147,209.68279,801.33856,-897.55865
wipers_derecha
WhatsApp Image 2024-11-15 at 11.29.14 AM.jpeg,wipers_derecha,200.11493,755.7624,26.18414,192.79976,751.9105,23.163954,190.63112,749.76904,23.097178,190.2796,740.19745,23.023382,193.7864,754.122,41.821667,192.88887,754.4468,41.821487,193.60645,755.7643,41.74151,195.62193,725.32874,42.452957,198.80092,746.4934,133.67259,211.96893,749.9164,35.10539,212.01465,754.39874,61.039856,247.54854,682.4208,34.066353,240.56325,766.7993,152.50401,270.55954,675.27344,-180.25339,247.45438,801.3884,85.659485,231.93619,721.9091,-343.09793,195.28966,834.49713,-69.53344,224.22128,723.25574,-373.25732,179.90707,844.10486,-84.34322,216.75581,725.0775,-355.78857,175.5365,845.7535,-106.8521,219.82196,724.1775,-339.7867,182.89679,841.43097,-83.12287,388.59442,756.9789,-36.263554,368.28497,801.71375,36.047882,335.01367,714.0824,-206.6579,284.99615,786.4646,-104.09287,248.62164,773.70044,-436.54584,301.17953,800.0493,-382.20984,245.94434,782.9294,-457.98453,317.21616,808.97253,-409.71924,160.24097,781.5913,-515.6139,260.97037,774.99133,-486.0103
wipers_derecha
WhatsApp Image 2024-11-15 at 11.29.15 AM.jpeg,wipers_derecha,267.30826,690.46875,500.56323,266.37598,686.9184,524.33716,267.69608,685.9473,524.3752,269.06387,684.98114,524.32495,261.63525,690.76245,516.28894,259.85056,692.10016,516.2527,258.1108,693.4527,516.0174,271.82053,684.4843,570.56775,255.12363,698.437,535.7563,272.99918,691.84625,511.58325,267.82632,696.3632,501.1312,310.57706,689.5625,487.68805,245.96011,735.7245,457.8598,372.13977,711.7074,492.20374,235.94582,790.86646,394.82178,404.2249,711.0176,510.8838,191.37173,819.1334,397.97415,412.81485,710.6886,523.5947,175.61032,827.1704,419.64087,406.83325,707.9905,515.95404,173.66719,828.4238,402.6361,398.03107,706.46265,507.13208,180.45335,824.6646,393.32547,395.36777,759.5953,8.503424,336.6934,787.248,-8.84408,432.5277,723.3676,-223.28856,223.89691,745.6019,-63.911472,393.39386,730.5511,-497.93042,252.55028,764.6589,-480.0512,392.72592,740.31165,-527.43207,279.0798,775.3046,-521.35565,362.25946,729.27954,-542.5736,214.60657,756.5398,-555.8918
wipers_derecha
WhatsApp Image 2024-11-15 at 11.29.16 AM.jpeg,wipers_derecha,291.96127,712.2592,400.8249,296.75977,704.85925,414.01144,299.02542,703.1892,413.8757,301.28534,701.53046,413.8427,291.8231,708.7613,422.2097,290.46585,709.83057,422.13907,289.24878,710.9052,421.89606,312.8072,696.0389,441.09412,294.05933,711.1455,475.34134,299.1148,711.27386,406.46307,293.12094,716.07635,415.47385,338.73135,704.12604,332.11993,296.33447,737.75476,448.34033,422.30096,735.3783,314.3392,299.658,794.84375,382.06067,440.7529,727.90137,321.68674,293.1049,798.6896,342.51968,457.2799,722.50665,322.48975,293.9474,798.82513,356.91196,448.3385,718.06854,314.11563,287.29648,793.87256,347.8695,453.41678,714.7767,319.34787,287.18378,793.88184,339.00674,387.36295,759.92017,-42.19063,353.76938,793.89764,41.91609,321.86856,703.9656,-224.78015,224.51993,722.37427,125.33865,306.38025,761.12177,-452.01364,279.05017,788.1029,-193.30833,318.70425,784.27637,-472.53638,307.71625,803.375,-225.55733,260.8285,763.0832,-487.678,255.57147,787.5027,-251.27386
wipers_derecha
IMG-20241114-WA0057.jpg,wipers_izquierda,631.5157,745.6135,-180.66469,646.94806,753.24756,-189.29349,648.1015,757.8351,-189.25641,649.45825,762.80145,-189.36943,646.1797,744.5484,-151.16751,646.70483,742.7566,-151.08852,647.46277,741.13477,-151.01895,651.0726,784.1242,-151.48256,649.25183,754.5277,25.843447,617.90216,758.0222,-162.76038,617.0317,747.03577,-112.178604,586.75226,840.1195,-158.8924,587.0474,763.3514,179.43272,588.741,871.75415,-402.04794,630.7244,684.28064,283.6939,666.39185,820.3059,-457.42813,683.3656,739.54004,313.47855,681.5242,813.31836,-488.49063,689.8977,757.2257,318.66672,680.4264,812.2486,-447.6521,685.10657,765.2582,334.272,672.219,812.6794,-443.1962,678.0531,762.18695,316.7077,358.7004,775.43677,-139.07652,372.13843,756.36633,139.14827,387.3985,650.0419,-187.68762,381.01202,641.7447,132.97174,244.57094,696.1582,-32.48921,251.822,693.476,135.68854,232.84882,723.03015,-10.090734,241.78362,718.4878,133.71281,171.71773,677.99963,0.94014084,183.71022,680.90784,109.949455
wipers_izquierda
IMG-20241114-WA0058.jpg,wipers_izquierda,637.535,747.2116,-223.47945,653.29486,756.10785,-219.44388,653.8449,761.044,-219.39946,654.48047,766.567,-219.5416,653.37946,746.3144,-187.46092,653.9104,744.3799,-187.44815,654.5034,742.56177,-187.41301,654.36096,788.70795,-150.17322,656.2373,752.0759,-0.64930105,624.6653,760.27563,-196.7704,624.60913,747.00134,-154.44318,588.0823,845.61743,-141.95555,591.93494,742.1058,145.81372,601.6677,881.12665,-292.83215,636.5599,676.0598,221.85738,677.2888,825.8652,-216.11913,687.19006,736.7948,275.6399,692.004,818.9383,-226.40277,697.276,754.10284,273.6936,689.86475,817.1194,-191.35442,692.2762,761.45074,306.56473,681.93304,817.0312,-201.40515,684.52,758.6457,283.7192,370.9044,784.93353,-118.46362,380.4447,735.24664,118.5106,394.58157,664.0508,-305.40897,392.91187,637.7205,13.508938,253.85658,702.88965,-84.431404,262.60532,690.5255,55.567398,243.89142,732.53406,-56.79973,256.50626,712.4738,60.611374,190.78827,689.01337,-71.13219,200.3159,683.4319,22.467825
wipers_izquierda
IMG-20241114-WA0073.jpg,wipers_izquierda,426.78656,625.1243,432.33243,437.35144,627.4354,472.73376,439.02808,630.6952,472.65677,441.25592,634.37604,472.507,432.3224,620.48083,470.77545,431.03647,619.4591,470.70374,428.41925,617.3451,470.63873,442.27325,643.37616,578.9625,424.0375,623.5652,573.9708,423.402,637.59607,463.01413,417.88654,631.464,461.51096,451.3263,693.99084,527.11615,345.3806,645.95856,500.4998,539.9485,712.6007,378.50745,293.86954,703.248,536.9537,649.4312,726.08203,303.0114,234.69006,733.5743,669.94714,675.20264,728.50635,301.91235,205.74294,733.5432,709.62445,678.1668,725.7074,296.3382,203.00116,730.3751,689.2568,666.091,725.5401,295.13455,216.19467,731.96277,667.5985,352.63327,772.68555,37.86167,303.82797,737.4963,-37.999428,405.75415,812.1454,-178.13565,373.01523,756.95135,-436.4661,380.15488,786.1307,-468.25653,412.32904,766.69525,-701.3253,371.1375,786.8832,-505.73694,403.84415,776.7356,-733.70776,383.09338,771.0853,-608.9336,455.28888,755.73254,-861.51086
wipers_izquierda
IMG-20241114-WA0082.jpg,wipers_izquierda,605.38934,884.8475,346.24063,599.1774,894.1031,380.76535,597.506,896.72766,380.7747,595.39734,899.8867,380.6996,607.8454,885.67957,373.78506,609.1752,883.3741,373.8027,610.80304,879.73083,373.57907,578.2273,900.7254,491.26294,606.16077,870.0207,458.36902,589.7898,883.156,380.67847,600.32135,872.9934,370.89536,541.9872,904.41125,411.2842,584.9296,800.50525,412.13455,488.07776,902.06476,275.94952,553.58,744.0551,355.16132,524.0079,886.32153,101.44807,532.37555,708.3938,310.33533,532.49585,882.7347,73.06895,518.7991,689.0198,314.79208,538.8018,880.61926,93.5203,516.93756,696.0401,289.43457,537.31915,876.85944,105.823875,520.612,705.397,301.48193,441.2508,838.64026,-3.3206203,475.3348,770.1454,3.0075774,361.98874,800.4132,-282.1237,446.24628,721.2556,-232.76756,467.87222,852.4105,-174.79233,479.60898,799.87256,-161.00804,487.37402,857.6272,-155.64897,490.91772,808.16394,-146.28886,506.126,843.81287,-133.97108,482.68875,837.5183,-146.98062
wipers_izquierda
IMG-20241114-WA0084.jpg,wipers_izquierda,514.033,673.66705,549.2819,523.5181,665.29785,600.9952,528.29974,666.4144,601.032,532.8956,667.89624,600.8383,510.2424,664.9493,604.14575,505.36157,665.6725,604.21655,499.9537,666.88525,604.3064,540.9012,676.8464,758.1445,494.2239,677.58716,772.9196,522.71484,685.47266,595.1612,505.97855,684.9215,598.93896,582.8798,726.95013,697.0888,459.18573,711.1023,718.6717,662.76605,718.15466,528.914,425.84644,694.8901,604.9378,729.6124,654.9069,452.19586,449.98764,622.86646,588.47253,761.4821,626.429,436.21628,457.30804,602.9941,580.9017,746.11475,632.9682,436.54376,465.37897,601.42957,614.8892,744.172,631.03625,445.5399,465.15466,608.1726,598.4865,543.2091,826.59753,-20.495674,460.01636,806.19275,20.27322,530.6273,835.48364,-568.90076,399.21814,816.8579,-541.4685,540.32745,919.7486,-1125.8925,495.54443,907.8047,-1075.359,530.43005,952.87225,-1193.2894,505.99902,932.81104,-1137.7286,569.6899,867.8647,-1328.9523,561.9358,878.7672,-1241.0852
wipers_izquierda
IMG-20241114-WA0092.jpg,wipers_izquierda,500.9009,670.79297,252.17438,508.50095,661.65906,291.7959,513.5606,662.6863,291.6778,518.85333,663.8275,291.5164,496.80188,660.9162,296.57526,493.25604,661.44806,296.55066,489.53418,662.1362,296.39978,532.2565,675.0164,418.77826,484.06033,671.90906,437.72476,509.4619,683.05225,288.83246,495.65518,682.3949,293.95135,574.63666,716.9943,369.63272,439.6568,724.4591,416.3343,620.19415,704.7656,114.391365,359.71213,731.7461,325.99323,560.26965,654.2936,-96.1486,314.85657,661.0281,167.28056,556.54333,634.5139,-126.38292,293.53528,648.6957,147.15399,531.6597,643.98474,-85.91342,298.20825,638.0565,145.67693,534.4337,648.9929,-83.89857,307.5401,644.1465,161.23009,538.16003,828.1808,-7.4399724,445.3566,833.2101,7.1290684,542.3727,810.56036,-399.09222,383.85474,836.83954,-392.0019,555.7474,895.66864,-743.06354,524.2531,914.9398,-712.6059,548.03516,930.3891,-775.4958,537.5391,939.047,-739.4122,580.5227,860.05225,-871.4227,579.2524,885.45294,-809.3527
wipers_izquierda
IMG-20241114-WA0093.jpg,wipers_izquierda,512.1885,677.66754,389.4894,518.10455,670.6388,391.41537,520.944,670.9259,391.53732,523.9142,671.28613,391.51236,509.9828,669.91486,401.80444,506.8548,669.7925,401.98077,503.80557,670.026,402.0371,529.4805,676.94696,379.7232,507.61105,677.64526,426.27036,518.3125,690.2467,381.1787,508.0887,691.6059,394.65967,521.91223,713.7179,255.35529,523.5742,750.53046,389.54498,509.09116,734.7995,251.92238,496.0885,804.30396,314.35294,511.8453,710.05457,399.67703,443.97748,820.7624,182.7533,509.64374,694.9942,402.32385,434.0431,820.47205,170.35466,514.5958,701.2162,422.22104,427.7174,818.8257,161.75992,516.32556,708.73,411.14865,432.64572,818.1927,176.23419,459.1799,801.2513,-74.49294,457.8773,824.97546,73.976074,377.76602,779.34326,-159.39755,359.45477,795.5918,24.161366,469.25336,822.3371,-141.97249,466.5779,839.05347,-48.370415,482.44504,829.9499,-138.61185,482.72394,845.91486,-55.87017,486.95844,826.13184,-89.08373,495.1121,851.2584,-17.667048
wipers_izquierda
IMG-20241114-WA0094.jpg,wipers_izquierda,515.42444,682.3324,326.2609,520.37555,674.2754,349.23956,523.8426,674.2309,349.3436,527.12036,674.1266,349.2731,509.55276,674.47363,356.8949,505.5741,675.16223,357.00583,501.7205,676.6022,356.92242,532.8751,678.6034,419.10992,499.46793,683.7434,456.54968,523.1917,693.06104,347.63596,509.40485,696.0835,358.4219,561.54285,721.7406,327.75317,480.66833,722.54224,428.1092,590.81775,746.1162,225.11494,449.55624,769.7285,318.95374,540.00275,694.01685,251.3847,463.785,778.4039,222.1248,526.6423,683.00446,240.70172,471.24747,784.2065,214.97313,523.8708,682.3656,280.19644,470.2678,773.99927,225.51357,532.8912,686.8229,267.69058,469.53326,772.32306,224.83601,499.39752,808.121,-69.548546,455.01096,805.74713,69.35199,412.38406,815.32605,-293.11072,333.36578,799.88086,-61.32071,474.54483,826.4117,-290.31168,441.94257,849.25934,-72.00973,485.60144,825.4792,-286.8952,464.35828,850.5441,-71.87366,479.75174,830.3549,-284.2772,458.0359,873.7888,-69.460205
wipers_izquierda
IMG-20241114-WA0095.jpg,wipers_izquierda,498.96942,871.24756,-628.4608,491.00275,876.07166,-621.45264,488.96863,875.9173,-621.3338,486.9261,875.7544,-621.3654,496.8583,875.8148,-622.5912,498.80444,875.79626,-622.76654,500.7359,875.718,-622.9052,484.85477,872.2283,-508.3592,503.63406,871.15125,-511.74295,498.7846,863.91956,-578.7344,505.7005,864.58984,-580.54083,480.35376,847.0775,-398.87378,520.71027,840.81,-347.0843,491.05853,809.27423,-338.38248,546.04877,785.63385,-306.1367,508.22394,771.5705,-304.2253,544.27405,718.6099,-276.70996,509.1539,765.181,-316.9851,539.5353,714.7238,-268.2112,509.8924,759.8783,-317.31088,527.3149,709.97327,-302.7645,508.95932,763.62146,-300.906,524.5271,712.5321,-285.58878,399.0319,800.29236,-31.784142,424.19174,798.1688,31.28855,333.1772,808.10913,-284.31104,398.81906,792.0141,-146.49861,437.2964,848.6773,-171.02625,443.03442,821.99615,-67.84547,454.1354,849.36273,-154.3511,448.0998,818.7893,-53.16575,481.7393,867.96375,-123.215744,472.20886,851.47894,-34.846172
wipers_izquierda
IMG-20241114-WA0135.jpg,wipers_izquierda,410.4671,626.3197,467.2146,421.92615,624.03284,497.16092,425.4074,625.8826,497.22937,428.88724,627.8774,497.10852,414.00055,621.6651,506.24454,412.17273,621.5187,506.22116,410.43414,621.343,506.32666,435.58752,641.1614,563.7225,413.47504,630.9673,604.44464,412.64536,636.3449,482.79553,403.67227,633.6284,494.2643,463.2774,685.3681,467.9538,365.0589,665.42,582.49664,551.8965,721.8286,321.90973,311.39496,696.54535,637.1288,605.82117,651.23157,237.7309,274.62845,668.91144,645.07635,616.5269,635.03156,226.0478,260.3524,654.203,659.8073,612.5202,631.925,225.5182,263.04593,647.9426,650.12427,606.29553,638.22784,232.99794,267.9756,651.84845,642.82306,407.11902,757.9804,-60.96753,351.32214,738.29333,61.135838,347.5209,747.56506,-371.7874,272.02316,739.66077,-273.28024,373.60342,761.20374,-521.04877,392.0152,784.41095,-537.55994,376.02335,761.55817,-539.48083,406.05988,784.7633,-565.9953,381.82846,756.944,-636.709,447.03378,803.4781,-663.67163
wipers_izquierda
IMG-20241114-WA0137.jpg,wipers_izquierda,384.11893,663.4775,576.0803,389.80878,664.63696,595.3855,390.3793,664.38055,595.3774,390.30692,663.6255,595.3063,362.60474,664.792,585.361,360.68625,666.2423,585.4063,358.812,667.69995,585.11084,370.52902,657.9599,623.4654,349.83072,672.602,578.4359,383.72235,665.63776,581.1965,364.23642,665.81287,566.9397,399.17453,658.0612,483.43756,309.58145,687.8149,441.49002,440.68933,671.66815,365.052,316.29425,683.5107,205.88544,433.6829,644.0615,242.81216,337.75635,626.1621,38.42119,429.26596,637.105,213.9,343.52713,616.2296,16.653685,425.2279,632.3156,226.55757,343.40866,610.5468,34.204315,423.84628,633.5757,245.32181,344.29697,611.659,42.477318,409.50418,731.17737,7.3510184,336.43454,757.8018,-7.299601,428.8638,673.5703,-450.61578,263.8808,729.6921,-403.33386,475.6122,738.756,-727.0019,412.01974,800.4302,-703.2219,483.38483,761.0395,-758.57825,443.9911,808.50305,-733.3433,487.38797,731.421,-879.84326,438.83884,817.3554,-861.7892
wipers_izquierda
IMG-20241114-WA0140.jpg,wipers_izquierda,284.6459,548.88763,283.41138,286.5827,541.1632,302.48712,289.38284,539.68634,302.43277,292.21567,538.2302,302.33893,280.20462,544.76874,310.9504,278.5614,545.7277,310.88834,276.94043,546.7072,310.68637,305.062,535.6206,347.8123,282.77692,547.42365,388.19724,296.36838,551.28516,294.24796,288.95694,555.84033,305.71466,360.90826,550.14166,277.2006,287.05142,583.05884,342.40442,406.60104,615.6103,218.19756,295.375,650.8751,276.58057,442.93344,637.68396,173.3689,319.6845,707.7347,193.6457,447.7985,635.4062,161.14369,320.3942,727.85657,193.63345,448.07516,631.5963,153.19362,324.91187,725.9431,172.56573,442.3716,635.2349,168.731,324.03986,718.55066,184.5157,409.17038,643.1644,-9.882729,355.94626,665.1572,9.53727,463.22882,624.6313,-296.93317,330.2155,610.47095,-127.66567,401.74075,621.09326,-324.42493,342.54572,660.8737,-215.11035,393.46582,620.55804,-326.81467,352.11777,675.788,-224.36337,381.5537,626.0057,-335.28238,336.82837,665.78986,-256.978
wipers_izquierda
IMG-20241114-WA0141.jpg,wipers_izquierda,413.3552,639.34717,309.60034,417.90643,632.8158,311.42557,419.97607,631.95874,311.4903,422.09143,631.3134,311.40662,413.98026,635.29816,327.02103,413.34085,636.3076,327.22134,412.79636,637.24084,327.25577,431.1905,632.9279,299.19702,417.86496,640.72473,372.17285,418.30676,643.60364,302.163,413.76205,646.45544,323.61996,458.6422,651.55524,207.88667,411.73486,684.58545,320.57016,500.0091,677.8297,13.198004,371.59958,739.7954,198.39478,474.93063,652.493,-127.79451,325.52426,784.524,48.88843,468.61475,640.01135,-161.18526,327.2709,786.84393,29.973997,461.3936,637.58075,-125.65897,325.24542,784.63635,32.103466,460.33182,642.60425,-116.940475,325.6513,781.0642,46.481396,380.88016,701.3114,-66.864105,359.05685,724.2917,66.4702,314.455,675.8313,-136.85866,249.8812,708.26624,53.7748,302.18732,711.3018,-320.0119,302.99213,758.1021,-75.907875,304.90652,719.36163,-335.6747,316.56998,760.4724,-86.323524,289.5812,716.6053,-335.37985,302.89612,779.36365,-70.64593
wipers_izquierda
IMG-20241114-WA0192.jpg,wipers_izquierda,75.745735,746.09985,-20.187098,61.211143,751.7102,4.935341,61.035038,752.4186,5.0177646,60.86801,753.34717,4.8995113,60.785507,755.12506,-19.978504,60.422768,758.21423,-20.003195,60.02535,761.7956,-19.98133,64.947205,772.48114,117.1756,63.078304,783.8159,0.4135012,90.39268,751.9494,20.709633,89.8946,756.8964,-14.076606,140.26268,769.4941,148.8267,104.81496,835.5863,7.0910406,96.73951,749.70825,310.0672,2.5827956,866.3318,-34.321114,51.81695,769.4898,465.55777,-52.61758,839.4032,155.63228,35.159683,773.9318,478.4361,-69.45696,837.61707,153.44032,34.35736,776.17664,484.0651,-57.450577,836.9579,184.81401,41.407234,775.8839,465.9194,-48.118423,835.8596,164.39288,336.96362,773.74945,14.024048,315.0888,852.6072,-14.236175,398.25977,828.86865,-437.52597,410.5178,927.5592,-340.3867,541.9176,859.3334,-203.47652,525.92975,895.9183,-37.99073,548.02704,859.6399,-179.24506,532.01526,888.1378,-5.5817285,630.63885,885.4119,-302.83957,628.8513,909.5147,-96.9975
wipers_izquierda
IMG-20241114-WA0193.jpg,wipers_izquierda,76.01219,748.864,125.222855,63.80078,753.5896,150.93553,63.96869,753.8355,151.05812,64.1478,754.1358,150.8995,62.991592,757.7063,125.96866,62.577396,760.996,125.99509,62.04269,764.7844,126.06303,67.50303,769.98834,254.84145,64.9845,786.8033,137.95914,90.98433,751.3398,163.2151,89.691246,756.6096,128.09769,153.80301,758.407,275.2749,105.271126,839.52844,127.31308,115.56141,741.13965,499.36942,4.505317,867.34644,115.1733,88.89375,759.6941,752.0718,-64.2005,843.1284,350.16193,74.55945,764.53296,793.8471,-78.32072,842.75116,366.40408,68.476006,771.03577,800.3604,-72.31652,838.0332,397.69913,76.42,772.91736,757.3954,-64.125435,835.8933,362.6538,342.77243,770.93616,6.2221994,320.2494,857.29,-6.1423855,392.69434,831.49176,-423.6345,406.35727,925.1651,-295.8865,547.8686,862.359,-222.59665,535.9401,893.9971,-93.209564,555.9545,860.87683,-201.42769,541.83704,884.8504,-71.91821,636.2974,886.13104,-327.84976,635.64,910.5555,-186.96051
wipers_izquierda
IMG-20241114-WA0194.jpg,wipers_izquierda,75.47294,754.30237,164.76682,64.551285,757.413,193.5853,64.96576,757.23047,193.7543,65.41208,757.10504,193.64136,63.200462,762.7426,172.18681,62.674965,766.561,172.15556,62.0717,770.9906,172.1814,69.67216,772.1885,303.9491,65.42249,793.90045,202.6749,89.29323,757.12897,203.23233,88.31463,763.8238,172.74406,143.7515,762.5305,319.9784,108.62489,843.86444,190.36765,121.53128,753.24475,523.36444,8.509598,867.3551,221.77873,100.27331,773.0126,805.9863,-21.885624,841.5335,529.5925,84.82538,776.18066,847.54706,-34.15602,840.6253,552.31903,85.24588,781.63214,850.9853,-23.403324,836.93225,584.74664,86.65331,782.318,810.1466,-15.948887,834.86584,542.6309,339.2767,772.94507,1.6578764,317.175,861.25696,-1.7907504,393.79593,833.9886,-433.075,387.29056,939.7698,-322.4104,545.65137,862.6365,-258.43063,534.6815,900.1236,-171.48778,553.1056,864.41785,-241.95271,542.4594,890.4048,-156.96814,634.2365,881.97394,-362.12448,634.4663,913.5504,-276.6225
wipers_izquierda
IMG-20241114-WA0195.jpg,wipers_izquierda,75.12824,755.73175,-12.715051,63.527004,758.0987,11.570749,63.69667,758.0075,11.739378,63.846573,757.9773,11.678018,62.27304,762.77576,-13.142501,61.41557,766.44836,-13.201262,60.411842,770.6452,-13.227063,66.318436,772.62354,130.74883,61.954865,791.6873,14.124519,89.63616,758.18884,31.10306,88.13134,764.1167,-3.588793,138.7478,766.14795,180.23453,105.49046,845.01624,24.11849,110.62057,725.39453,335.52835,5.69654,863.8669,58.499023,82.02796,767.8529,534.4534,-5.9142065,837.18744,388.24194,73.975006,778.7143,557.93945,-16.163485,835.73615,408.1324,72.89656,781.4996,567.8814,3.2916498,835.70984,441.0827,76.94397,781.9276,536.8493,10.375471,834.7259,401.5762,341.61902,773.28186,7.543714,321.45398,862.9135,-7.6470995,386.6692,823.2181,-473.39255,378.2225,940.3169,-334.83768,543.95166,856.32825,-247.71852,529.6101,904.10913,-109.802414,552.7437,858.39746,-223.87405,537.2524,893.256,-86.18475,631.7657,880.6058,-352.52985,630.3794,914.1124,-199.1533
wipers_izquierda
IMG-20241114-WA0196.jpg,wipers_izquierda,76.6241,756.3064,34.35938,64.27712,760.6483,61.430477,64.4019,760.9115,61.550247,64.483284,761.2336,61.44078,62.892307,764.9962,39.600334,62.078117,768.41364,39.567654,61.09806,772.28577,39.591652,67.776566,776.79724,175.51482,63.265778,794.0661,73.67953,89.71871,759.19244,75.47026,87.9052,764.7991,44.77683,141.54375,767.83417,204.74191,103.1949,849.1165,73.29301,132.96388,747.57635,381.5389,2.1756577,878.25836,39.423965,102.69934,766.87695,570.0277,-74.82625,858.42236,227.21524,88.712776,774.6589,597.995,-94.246475,858.25006,230.22432,81.4839,779.0777,601.4723,-86.87478,854.9265,261.19623,86.460495,779.4357,572.0183,-76.42073,852.696,235.88867,337.89072,776.91046,0.2875356,315.9151,862.53143,-0.42341122,394.7549,829.3291,-425.15738,374.9963,940.6092,-310.07974,549.13995,858.10706,-258.82498,535.97614,902.7967,-134.3943,556.11743,858.296,-242.60663,543.8218,891.55444,-117.36216,634.6683,877.65247,-385.51553,631.26953,914.7479,-237.12447
wipers_izquierda
IMG-20241114-WA0263.jpg,wipers_izquierda,248.28694,1063.8323,-24.406792,243.2392,1053.3589,-50.441833,244.52258,1052.8944,-50.467674,245.86179,1052.4521,-50.49303,243.27232,1051.802,-11.301534,244.64435,1050.6927,-11.263075,245.97806,1049.4625,-11.418446,265.3215,1048.3951,-125.47987,265.4311,1043.6082,50.816883,266.582,1070.0005,-47.735542,266.77075,1068.6931,2.787157,349.79245,1079.016,-235.71498,350.42178,1060.1719,171.18372,491.60193,1093.0669,-251.20772,468.32312,1104.1372,199.99208,540.32404,1136.3943,-208.30534,525.4533,1135.0387,179.88866,548.58325,1141.2716,-230.5981,536.05634,1136.3893,212.00975,542.1223,1142.5215,-210.06047,533.09705,1141.8599,176.2923,540.63226,1141.8156,-197.35335,531.4669,1142.499,166.143,583.6496,1069.3082,-131.2069,583.16406,1056.0336,131.03882,588.78613,1069.1234,-270.30167,622.46344,1074.6133,116.96087,529.7502,1088.7401,-132.71696,559.50653,1079.3195,158.78746,521.66925,1094.6973,-110.39086,555.2841,1081.7499,169.3123,496.74487,1095.576,-51.80691,520.17786,1082.622,226.37564
wipers_izquierda
IMG-20241114-WA0266.jpg,wipers_izquierda,204.48088,1100.9869,-145.2724,203.9574,1089.4711,-172.15059,206.0072,1087.938,-172.20898,207.80661,1086.3728,-172.22758,204.52058,1090.6108,-118.463036,206.811,1089.7101,-118.38373,204.92616,1076.9271,-118.436485,234.34293,1070.4648,-244.195,227.32057,1061.5896,-1.0061121,228.79984,1099.0343,-168.65462,229.04202,1099.0859,-98.29831,316.6814,1093.2052,-356.46014,331.37268,1063.4917,164.1962,470.8176,1105.9302,-391.5105,464.2112,1096.6189,186.51564,563.66943,1136.0784,-359.53864,542.4728,1124.73,142.34724,578.4671,1135.7485,-405.04248,554.8864,1121.3246,170.86359,578.4188,1138.9213,-387.54208,553.37787,1127.0922,130.23918,573.74396,1141.4722,-351.01196,551.0834,1128.9424,124.5095,577.8635,1065.8872,-179.48709,573.20276,1044.7904,179.49126,624.6285,1088.7886,-303.06555,639.46014,1062.382,551.0581,582.63727,1079.5024,-269.01465,593.9832,1074.4093,627.3161,578.964,1089.2921,-258.33344,591.72736,1084.0842,639.43713,548.8415,1065.5529,-238.16277,562.4215,1072.9149,692.023
wipers_izquierda
IMG-20241114-WA0319.jpg,wipers_izquierda,498.2671,1319.7255,-78.97077,508.71667,1329.0159,-100.42275,508.5132,1332.3196,-100.51346,508.2643,1335.5933,-100.70324,509.8367,1324.3445,-78.67281,510.35608,1323.157,-78.62841,510.8737,1321.982,-78.755646,505.00403,1346.6671,-130.63394,508.7451,1329.0952,-32.93387,488.6592,1325.2648,-82.988045,490.06534,1318.027,-54.559193,468.69894,1353.5559,-163.10786,465.99176,1323.8612,72.56245,440.08353,1322.3082,-119.91366,416.79947,1271.116,175.25792,447.23276,1319.6057,13.9595995,417.33298,1264.6199,210.83527,447.4594,1322.2657,14.798405,414.4528,1262.2961,225.80908,449.94794,1323.5027,9.747774,420.52487,1267.4915,210.64159,447.51083,1322.4524,17.009842,420.41135,1270.2612,205.85321,265.11096,1341.7366,-73.50206,273.86658,1322.8854,73.52258,216.20317,1275.9569,-5.2167363,235.97952,1284.7153,204.38562,179.85544,1295.581,175.49413,189.577,1269.3912,330.8285,170.76904,1306.6967,198.25014,179.22034,1275.3179,346.794,175.75876,1274.1514,253.06364,178.50441,1235.3845,393.79825
wipers_izquierda
IMG-20241114-WA0321.jpg,wipers_izquierda,328.17676,1347.2299,-139.45483,316.57098,1342.4353,-138.11874,316.11154,1340.8242,-138.10658,315.52884,1339.108,-138.13829,317.116,1349.0636,-155.61812,316.61533,1350.8586,-155.61345,317.1979,1355.5481,-155.69914,318.07474,1343.6351,-85.36719,319.90198,1364.8553,-166.8742,332.47806,1341.2701,-112.66718,332.7836,1350.5101,-136.40373,350.80484,1353.7048,-2.472585,360.09204,1381.1777,-147.46036,410.20975,1327.3959,68.34231,412.30133,1342.4672,-133.09718,415.51535,1322.8763,85.2252,397.8334,1315.1796,-94.560074,418.26758,1321.5762,95.35216,395.65115,1305.1624,-91.982925,410.72656,1320.8843,95.56333,389.42087,1314.3456,-92.17352,410.83997,1321.7169,86.80316,390.9589,1318.3514,-91.8007,471.61526,1330.3387,50.86754,484.03342,1344.7043,-51.13152,531.506,1329.8859,45.2405,573.3708,1335.1179,-94.80613,628.8154,1345.4832,61.841656,687.0031,1366.541,-100.60864,642.8044,1353.6332,61.353653,693.2739,1356.503,-100.25432,659.4436,1328.5978,22.400648,712.19995,1329.5221,-155.3012
wipers_izquierda
IMG-20241114-WA0323.jpg,wipers_izquierda,595.5954,1298.8044,-20.996199,606.8456,1307.3077,-43.05029,606.9706,1309.7185,-43.04958,607.05756,1312.0847,-43.04827,606.8718,1305.7019,-15.766245,606.78485,1306.4387,-15.769723,606.68115,1307.2018,-15.838371,600.20447,1326.6465,-92.72471,600.11804,1320.7528,30.435068,583.493,1304.988,-34.473747,583.2508,1301.9873,1.1166236,557.76154,1336.4635,-159.84235,532.0966,1326.1399,128.07153,581.8881,1295.5222,-188.2027,476.89282,1280.2118,200.01207,635.26514,1249.6144,-68.19173,478.15088,1259.5195,179.21608,650.95685,1241.262,-74.47506,475.94196,1260.2358,190.768,648.0223,1245.4187,-60.168156,480.04517,1259.0529,167.84818,640.61566,1248.998,-58.964874,482.1009,1258.9174,169.48793,360.6425,1334.1346,-92.49895,363.4718,1331.2765,92.63988,337.14166,1238.0417,-129.90567,359.00504,1242.2236,161.98245,357.3541,1224.4658,6.380519,344.32144,1224.3947,196.86417,356.02942,1221.1395,23.591513,338.40424,1223.6941,201.65916,383.5067,1218.659,66.879074,357.00946,1213.8076,223.67014
wipers_izquierda
IMG-20241114-WA0368.jpg,wipers_izquierda,580.01514,1077.7312,75.49266,590.354,1071.6848,53.398815,591.97296,1071.91,53.379837,594.39935,1073.0862,53.310776,590.8225,1071.483,87.07337,592.62946,1071.7623,87.17846,595.1513,1071.6349,87.10734,618.1457,1081.2545,-10.34966,613.6468,1079.7526,143.84283,581.87726,1086.3303,54.739563,582.33124,1086.2864,99.216446,626.45715,1140.4773,-104.21193,609.0546,1113.3137,226.21922,602.97363,1144.9609,-130.4693,557.0163,1109.2267,353.4394,598.41144,1115.9218,35.441525,560.3074,1112.1921,434.7546,598.4703,1110.9553,45.80422,560.5529,1116.2397,469.2791,598.88513,1109.1276,71.32243,564.7428,1115.0747,461.58878,599.2829,1111.9833,52.036198,564.72626,1113.8333,434.43683,446.4182,1192.8047,-114.902824,454.61942,1159.6447,114.72396,323.93924,1094.4436,-178.64082,391.04068,1027.2786,132.1513,352.70795,1194.4277,-23.223808,323.34222,1035.3812,172.53331,370.22498,1215.4946,1.0297555,319.02557,1047.9357,176.3749,317.4757,1216.4396,76.08418,282.37946,1022.0861,204.47786
wipers_izquierda
IMG_20241112_104245.jpg,wipers_izquierda,518.572,426.06012,26.068462,534.2223,423.97873,41.050022,538.6986,429.17627,41.12385,543.0181,434.12888,41.013386,522.3535,412.37106,62.14982,518.98816,409.56702,62.210148,515.79926,406.77008,62.33986,548.65515,445.3343,157.8926,511.0185,409.81857,256.83624,516.7601,446.6864,72.34804,502.51053,431.70044,100.531364,540.91797,516.23315,146.07329,445.623,436.87073,337.90024,605.30914,576.3064,-138.90338,378.04138,443.21945,115.26153,665.578,601.9018,-376.2862,424.90512,460.8168,-246.49097,680.9503,613.5745,-432.1213,437.39877,467.32712,-298.9244,673.7953,601.7109,-407.37735,446.16876,468.34473,-271.01163,665.55176,597.4166,-373.1501,445.0697,469.04575,-243.39781,334.23508,607.0576,-124.3018,295.93964,559.98364,124.241745,142.13539,543.0095,-360.52927,122.04523,539.8426,14.156565,125.13913,717.4151,-253.64955,107.666016,710.00885,204.85948,152.11671,743.46594,-241.69353,133.50143,731.4459,222.45567,56.652374,827.16296,-317.08295,40.30744,804.10815,156.27274
wipers_izquierda
IMG_20241112_104314.jpg,wipers_izquierda,516.4138,504.97922,112.29842,533.702,506.88086,114.605095,537.3417,511.04773,114.6641,541.3663,515.868,114.606255,527.9996,501.2469,141.43047,527.1213,500.63855,141.3998,526.08795,499.93518,141.28087,546.5823,538.3715,149.64262,527.2789,514.0462,270.7838,509.3899,519.32196,126.44901,503.31125,513.48425,161.34013,525.978,599.56335,69.492546,436.61862,545.545,358.1594,484.575,667.6992,-71.10833,323.4907,551.9313,207.90996,445.49304,558.3627,-77.61006,392.00858,538.0866,-66.07226,433.596,539.98096,-92.658005,406.65936,538.3157,-100.44097,437.5526,535.946,-56.05754,416.98502,535.34894,-75.0705,441.671,540.8521,-58.268696,415.55408,536.7494,-62.84411,320.52954,686.7743,-119.04661,282.60883,645.3608,118.64713,151.35738,592.1801,-220.21265,130.07965,585.4064,41.57131,155.50038,734.6918,-103.00353,147.31297,729.6868,179.30455,181.98819,753.89905,-89.159546,177.36351,760.74536,194.40419,94.01276,799.10583,-107.2904,86.908035,795.4267,173.80464
wipers_izquierda
IMG_20241112_104319.jpg,wipers_izquierda,175.86572,509.32642,-130.98436,165.64928,509.8349,-105.63095,165.73015,507.97913,-105.67567,165.76764,506.3345,-105.70744,165.2876,517.91693,-122.76765,164.9772,523.01025,-122.80684,164.66135,528.753,-122.927826,169.65527,512.7079,22.468645,169.09384,545.0281,-50.95752,187.93039,507.58377,-81.65391,187.48547,517.2919,-103.33569,242.5169,510.90213,90.35338,224.47249,571.7039,-87.48646,311.50372,501.8878,38.91536,294.8639,566.23676,-174.98653,326.6257,495.10028,-141.36855,307.4299,485.73987,-203.0518,339.5193,487.74347,-177.54547,313.76782,470.57388,-236.80713,340.12183,480.44205,-192.41483,303.997,469.00665,-227.22467,336.13077,485.83984,-154.86623,301.3231,474.8186,-198.04362,410.32,518.1148,23.341898,397.50183,586.5099,-23.327677,516.757,531.7767,-166.38629,497.6799,613.36273,-266.02487,584.28375,528.2963,203.81947,577.2413,576.5937,64.39782,582.9551,531.9808,237.81506,576.6445,567.9043,98.71567,645.1164,536.0161,140.63263,646.8878,554.505,11.241612
wipers_izquierda
IMG_20241112_104319~2.jpg,wipers_izquierda,494.54385,515.3555,95.43746,509.26883,516.6847,88.791565,512.6198,519.2156,88.786316,516.53674,522.00696,88.67625,504.84427,513.45874,119.38991,504.66714,513.5582,119.42617,504.69058,513.75214,119.329544,526.7294,543.672,100.91294,513.40643,532.8529,240.34595,489.81784,528.7961,103.93676,484.65775,526.3792,144.25793,518.1976,605.416,31.764929,427.0219,560.60187,340.43872,478.856,692.05725,-106.60032,321.39587,572.6409,204.72104,435.9687,575.4727,-123.46825,369.96457,556.4242,-74.24289,424.1335,555.3756,-141.8608,390.1172,550.375,-105.51327,427.60138,550.2754,-100.855255,397.82834,548.31903,-87.449196,431.07022,553.7647,-102.15082,395.60107,551.44904,-74.38306,319.73492,684.23706,-117.271126,277.7087,648.0401,116.9449,140.07327,606.79736,-228.80867,111.679375,598.7175,47.342957,160.24892,754.6294,-116.63104,142.60886,739.6488,183.1152,183.95856,770.7892,-103.39579,166.47115,766.07605,197.95398,110.49974,819.1864,-123.507164,96.89184,810.1089,182.67436
wipers_izquierda
IMG_20241112_104803.jpg,wipers_izquierda,161.70094,396.99176,271.3287,151.35008,394.85754,313.7713,151.86418,394.27917,313.66922,152.32913,393.80252,313.73438,147.10333,400.2838,291.84488,144.4282,404.05426,291.83078,141.4409,408.44022,291.80063,148.62575,409.623,471.0724,136.74698,429.41693,367.5602,171.23625,404.9505,325.32498,167.89287,410.86307,294.64807,236.4643,420.11325,447.60242,169.91249,508.8634,328.05353,311.60605,436.6524,225.90002,254.05879,565.6968,101.33145,285.52197,406.46548,-36.14296,250.68312,456.76666,-42.406067,282.05258,398.46497,-84.77676,257.46964,434.1074,-76.89341,268.49005,396.68045,-76.00092,247.29343,428.87286,-48.394085,267.63037,401.30368,-39.79388,245.77094,433.16827,-29.786469,359.3246,463.43652,25.42353,338.80768,538.13135,-25.244984,456.23685,474.7397,-389.152,399.3319,543.8254,-477.39655,598.6306,513.66504,-759.8553,572.7659,565.34766,-875.4785,624.6195,523.7887,-809.79376,603.1974,576.62744,-924.13696,625.7865,505.71323,-987.9768,620.7026,550.0068,-1091.171
wipers_izquierda
IMG_20241112_104803_1.jpg,wipers_izquierda,164.36577,396.14792,287.52457,153.79713,395.23932,330.19644,154.32442,394.6601,330.1029,154.81262,394.2567,330.17764,149.86908,400.72852,307.05127,147.56393,404.36432,307.00107,144.94243,408.52585,306.9264,153.19781,409.4195,482.28018,143.12064,427.68768,374.20456,175.47742,402.9682,339.18976,172.4854,409.55396,306.8666,243.31041,417.08527,456.02875,177.2615,503.13553,322.5355,321.89676,437.88516,210.36105,261.89432,559.4597,52.56241,293.73636,405.0119,-70.29276,257.6003,449.0984,-121.58899,292.74664,398.3574,-118.380585,265.93347,425.57846,-156.5545,279.95044,395.70523,-107.1749,257.41382,419.72052,-121.14446,279.10083,399.8853,-73.97982,254.03944,426.37537,-106.20467,379.33618,466.5479,15.884445,352.0721,545.098,-15.611533,455.9759,502.09628,-478.92078,421.01163,571.18915,-518.1887,627.8082,550.59576,-806.77356,606.0717,595.9454,-835.8153,657.8934,564.47394,-853.41736,634.9288,613.2021,-878.1448,661.9785,559.1941,-1058.5988,655.9452,602.32996,-1071.9308
wipers_izquierda
IMG_20241112_104804.jpg,wipers_izquierda,156.46759,410.85718,185.60947,147.53459,408.60928,221.37093,148.78119,407.78497,221.3539,149.93843,407.1554,221.3736,142.75111,414.71194,203.61687,140.43542,418.53177,203.53265,137.58401,422.9341,203.37552,150.44888,421.864,358.6773,135.18546,442.99915,276.74298,168.02199,416.73596,233.75359,164.31107,423.8656,209.27615,238.43924,424.54413,327.90076,170.26628,515.1781,251.5634,317.82114,444.85486,144.28773,255.14018,566.5257,27.32064,292.01074,426.97452,-96.84912,250.31953,456.3065,-142.07872,289.88895,417.08118,-141.75697,258.23102,433.20135,-183.52081,272.75116,411.14105,-144.75386,250.26607,427.92938,-152.81212,270.65424,416.68225,-105.06237,246.12375,434.69617,-130.50792,376.642,475.91833,-16.199411,347.48068,556.763,16.541275,445.19272,545.53687,-418.7693,428.9693,600.7885,-360.26334,626.3737,576.0259,-524.1699,606.9402,626.7727,-475.56064,647.80035,581.91156,-541.02594,635.70465,627.5862,-492.89804,672.48517,616.5597,-704.70233,660.44586,650.13055,-657.02716
wipers_izquierda
IMG_20241112_104806.jpg,wipers_izquierda,543.9236,492.42572,214.8361,559.19836,492.66708,212.86983,562.0659,494.9627,212.98708,565.15717,497.74115,212.91693,554.58105,489.5908,247.54099,554.2009,489.54132,247.51407,553.9734,489.49756,247.44908,573.4907,519.9348,215.04295,561.93884,508.8653,375.218,540.2892,505.9699,212.90132,535.014,502.90237,259.57898,575.87866,568.3513,108.542694,488.52612,549.8993,450.45148,572.1005,665.0109,-110.56284,399.10764,576.72217,345.92365,506.91742,568.28723,-207.49625,436.03342,539.6819,92.19373,490.21658,549.0894,-237.09659,440.04282,534.4938,55.676754,488.35464,543.52386,-207.42747,448.8865,532.239,76.346855,491.23877,546.95624,-194.01385,448.31592,536.0502,91.56888,407.98346,654.2968,-121.7614,368.23447,630.58246,121.42676,285.1065,494.21603,-182.1222,260.67902,502.31323,18.817682,134.69418,529.46497,-199.65486,103.16078,536.85474,-14.55604,115.38925,571.0583,-195.90417,74.720894,564.495,-20.511929,70.49272,489.68854,-233.96036,32.335426,482.84894,-85.207886
wipers_izquierda
IMG_20241112_105108_1.jpg,wipers_izquierda,135.66562,433.84613,-100.08588,127.99399,425.87845,-68.5158,129.6241,424.43768,-68.50597,130.98058,423.2602,-68.55147,119.82324,432.65515,-83.11751,115.60664,436.3765,-83.14187,110.79628,440.5074,-83.15255,128.96086,432.61337,93.81736,100.497375,459.76987,21.800402,146.11221,441.74738,-39.36307,137.62082,451.00253,-61.104107,196.65811,446.28802,112.207245,123.92048,536.4144,130.0561,304.81,460.6342,-25.549143,192.93481,604.0242,119.036316,238.42978,473.14313,-317.65274,257.88266,624.5827,-60.47986,221.83423,481.2994,-384.36237,277.79413,635.0064,-102.50164,209.29558,479.9817,-374.82162,277.14642,619.05115,-122.65583,212.80846,479.4797,-319.7652,272.66232,613.7846,-70.39932,335.27658,506.7467,-23.760483,311.8672,582.45416,23.849667,448.08212,556.6988,-402.6309,391.99896,647.12866,-405.42697,566.30566,555.1712,-163.38469,536.298,614.4148,-165.91011,571.77673,554.40826,-141.88725,548.6986,596.93756,-144.57246,645.2147,567.047,-303.63214,625.84845,617.5264,-299.33777
wipers_izquierda
IMG_20241112_105110.jpg,wipers_izquierda,134.78334,436.17725,-83.68715,127.61221,426.8908,-52.88586,128.8472,425.4263,-52.882008,129.90854,424.0291,-52.94059,119.07478,433.86166,-69.40845,114.50176,437.027,-69.42483,109.47857,440.83612,-69.44481,125.59972,431.93726,101.87638,98.32828,457.87204,22.561958,144.74768,444.31897,-25.29406,135.77553,452.52258,-49.130054,191.59036,443.48404,111.40982,118.249176,537.9441,129.40424,295.985,461.34192,-6.4651294,190.91826,599.5776,158.3782,233.98924,474.7578,-268.64886,259.48907,634.0601,36.98235,218.23274,483.48843,-330.4651,279.81403,653.4423,3.2821336,204.84813,483.39575,-319.6602,283.34952,639.40955,-22.729002,209.10495,481.59348,-269.91867,278.90747,628.39984,25.934084,326.1399,504.62155,-25.662062,299.9057,580.9574,25.728956,439.4447,558.49066,-353.69778,386.09387,636.3123,-397.57938,557.8344,551.71497,-54.104237,531.1789,615.35803,-126.55508,561.43933,550.13153,-25.171759,542.4512,597.31055,-101.110664,642.0392,568.95166,-163.77013,615.3282,623.20544,-241.87294
wipers_izquierda
IMG_20241112_105110_1.jpg,wipers_izquierda,124.46416,435.5912,-194.05638,116.81082,425.99472,-164.1569,117.96866,424.45255,-164.15852,118.942154,422.93274,-164.18025,109.171875,433.42798,-182.71353,105.253746,436.88245,-182.76387,100.618866,441.10077,-182.81967,115.506134,430.27466,5.3144927,90.25543,458.62943,-86.13368,134.33353,442.5505,-129.47754,126.28943,451.85815,-156.86638,180.09128,437.53937,67.00315,115.10788,541.82007,39.54905,292.17072,453.48175,-57.578888,193.24623,606.08167,83.11256,234.15247,473.0182,-371.05612,264.81512,637.58997,-30.44749,217.26447,483.22556,-440.81342,288.33353,653.46204,-63.68608,205.35344,481.35806,-435.2793,289.26987,641.6949,-98.05757,208.45518,478.8534,-375.4795,283.1131,632.7433,-43.352264,323.7604,496.9214,3.0225625,299.1634,577.4927,-2.5373166,403.73544,525.0712,-468.97867,369.629,599.8922,-483.07004,566.19824,568.8831,-323.9854,530.8264,619.1079,-294.5231,573.57886,575.3359,-316.3423,543.3364,611.83624,-282.2969,643.53467,603.77954,-533.9732,614.9852,630.0503,-489.83914
wipers_izquierda
IMG_20241112_105112.jpg,wipers_izquierda,147.53964,434.4499,-174.86499,139.75328,423.833,-144.0234,141.25212,422.01572,-143.99939,142.47285,420.33148,-144.00761,131.52187,431.8405,-158.55678,126.94507,435.44022,-158.61711,122.058876,439.55124,-158.6676,139.8327,427.71442,29.160488,111.557365,455.87643,-44.827545,157.29459,441.5366,-109.803246,148.00185,451.5359,-132.08124,200.56108,434.50363,73.943535,135.39932,537.58295,81.29732,311.21863,455.62714,-66.24076,212.20247,602.14734,111.324745,252.54855,471.39532,-384.72382,284.82965,638.0996,-21.582815,236.68924,481.33176,-455.53046,306.80945,653.15155,-55.639835,222.96426,479.97357,-450.75836,309.0927,640.682,-89.652374,225.74849,478.34042,-389.57242,303.78067,631.13226,-34.869686,344.14066,500.5468,-15.006846,319.9716,578.0772,15.311347,413.2897,544.95593,-511.9575,383.60684,646.0135,-450.1456,571.3975,588.9158,-372.399,552.11975,633.7116,-281.0625,582.969,588.57733,-362.53348,564.5481,619.3362,-269.852,646.4725,618.46484,-561.57465,633.0773,644.53687,-458.83932
wipers_izquierda
IMG_20241112_105113.jpg,wipers_izquierda,143.32784,455.43396,-110.71652,136.85536,445.13623,-77.903175,139.34074,441.94196,-77.87748,141.46786,439.45233,-77.9112,128.86386,455.59634,-84.95888,125.61626,460.55017,-84.986145,121.95365,465.4837,-84.999626,146.37286,440.88446,92.26319,119.455956,479.06256,53.171104,157.14664,458.0615,-48.247925,147.65054,472.56683,-60.499836,219.97363,448.68347,134.55826,154.52213,546.2643,159.19273,331.49564,468.6944,-17.458244,230.00278,609.31506,182.43507,267.91248,483.4644,-321.41525,301.98508,644.8762,49.64425,251.57523,492.5451,-387.64554,323.10422,660.556,17.050337,239.73843,490.2757,-378.97223,325.7561,648.6699,-14.733412,243.15417,488.6774,-324.44598,321.4752,639.64136,36.92876,358.8967,508.5432,-17.44035,335.46692,585.0393,17.6263,437.56097,554.87134,-490.89832,403.21863,657.8883,-397.43784,586.41797,600.7604,-350.39713,565.2361,642.1621,-228.16795,595.98834,598.5708,-341.52136,577.6556,626.16876,-217.61333,659.5791,629.07025,-534.17847,648.0114,654.54236,-397.76404
wipers_izquierda
IMG_20241112_105114.jpg,wipers_izquierda,545.94763,481.03296,223.7331,560.9057,475.03394,208.63416,564.071,476.3645,208.65033,567.9385,478.06442,208.53119,557.0387,473.2986,250.4523,557.35486,473.34296,250.55463,558.2394,473.33228,250.54099,587.0589,494.75684,179.43518,576.00586,488.5788,368.07324,546.1813,496.95926,212.85413,541.528,495.6156,267.14233,602.7265,584.4834,43.62863,518.4784,543.80774,426.28232,526.6639,641.8196,-98.513695,439.61536,606.47577,306.97803,464.41943,564.83673,-109.53084,390.62662,608.58026,9.113642,453.54636,555.7515,-136.50539,371.41376,612.3029,-32.24271,458.07245,550.06036,-114.49463,379.08548,605.7119,-47.33729,462.1382,553.57294,-96.892944,387.47437,603.1869,-8.1621,405.50128,674.3121,-144.20804,367.1227,636.47064,143.74063,219.6919,597.02203,-238.77325,195.69409,574.8607,20.033192,132.85573,763.9507,-289.86273,124.3188,755.5138,25.21466,149.48546,799.227,-289.62595,136.07617,792.8668,20.920288,43.2656,805.3949,-320.29163,33.75339,793.6184,-24.579762
wipers_izquierda
IMG_20241112_105114_1.jpg,wipers_izquierda,143.80719,457.8037,-97.26219,138.33556,447.98157,-65.72513,140.70554,445.32794,-65.70664,142.94635,442.66223,-65.744934,129.43863,457.32324,-70.22477,125.4678,461.58447,-70.25096,121.67017,466.232,-70.2849,149.02551,443.9357,103.36177,119.45907,480.67847,77.96133,157.86,461.15094,-34.452236,147.69603,475.6575,-42.831524,223.03448,454.10974,138.43344,152.21252,548.16907,185.15518,323.86453,474.5481,-32.35479,224.92003,614.7736,225.02605,266.6281,489.9155,-349.95178,298.5116,650.2776,110.24353,251.44672,497.18265,-416.99182,319.21814,666.52313,79.98462,236.81241,495.8302,-410.19443,322.46777,653.69666,47.276123,240.5016,495.0036,-354.01794,318.05618,644.94806,97.33702,359.8856,516.0463,-23.500553,334.65662,593.7709,23.636066,433.52527,560.4857,-515.60406,396.29013,665.1161,-408.81934,582.3491,605.856,-366.87546,565.07104,651.47144,-248.23137,591.9592,603.34344,-356.55505,578.05615,634.9436,-237.81575,661.69104,635.19855,-552.0677,653.91644,667.12976,-419.4075
wipers_izquierda
IMG_20241112_105114~2.jpg,wipers_izquierda,548.30414,478.7704,216.99457,562.4531,472.29306,200.55551,565.5816,473.3285,200.55475,569.0323,474.36884,200.43842,559.8675,470.65253,240.88751,560.9407,470.64987,240.9838,562.4138,470.64853,240.96593,588.38257,490.54724,164.73024,580.8678,485.38568,345.82132,549.05566,491.9312,203.92307,546.38116,490.85504,255.99432,600.38525,576.407,38.39694,527.1592,536.6058,407.0279,535.3532,634.7175,-68.675545,449.4808,592.9174,305.48074,469.22806,563.50134,-16.136663,395.61935,589.84283,44.710316,456.77716,554.6464,-31.542578,376.23508,591.7722,14.815202,463.09103,545.8269,-7.603799,381.85986,585.24255,0.45693064,468.51703,549.3766,-1.0447567,389.667,583.67456,29.739204,405.42593,659.4197,-133.4354,369.76523,622.99585,132.96739,214.47385,589.4274,-207.83397,204.55908,582.3904,22.318783,151.24297,753.8478,-275.26395,137.2881,739.2505,13.013953,159.44597,788.4089,-278.36023,149.91774,775.17957,6.784843,83.32031,805.944,-301.45282,57.09616,775.83765,-41.66448
wipers_izquierda
IMG_20241112_105115.jpg,wipers_izquierda,546.18176,484.69415,220.71037,560.10785,477.77472,206.06989,563.88477,478.62097,206.05466,568.23004,479.53583,205.9279,555.99176,476.44638,245.21864,556.5008,476.377,245.32617,557.46423,476.25034,245.30273,588.8699,494.9098,178.99501,578.3592,489.3193,355.97394,548.41394,498.05756,211.4029,543.7825,496.83142,262.37018,604.6805,576.2242,51.992947,526.47815,541.82294,414.02707,537.5813,635.3372,-81.830315,442.87622,606.58154,309.3455,474.48767,561.37213,-77.57162,387.98587,599.5775,47.134968,466.0755,548.81995,-99.94482,368.4076,600.00494,14.456243,471.7495,542.87775,-73.85918,374.019,593.4156,-2.0419016,474.20224,546.75116,-62.94663,382.38922,592.00604,30.882324,408.4131,663.3176,-135.41507,369.09766,627.98645,134.89749,214.25734,593.9812,-229.97502,198.1592,576.8378,31.703247,139.10728,759.55133,-271.87415,131.88707,746.387,45.53058,150.80125,785.99664,-272.19644,139.53862,789.924,42.1241,71.12768,817.0653,-301.34055,47.60331,791.47485,-3.2132888
wipers_izquierda
IMG_20241112_105116_1.jpg,wipers_izquierda,161.56638,456.49158,-117.7867,154.96861,445.98282,-85.304146,157.22565,443.29285,-85.27826,159.33286,440.74573,-85.302315,146.0979,454.86682,-94.37636,142.02954,459.38196,-94.41959,138.02911,464.1971,-94.44545,163.12119,443.99756,87.61369,132.8628,479.46457,39.319546,174.07346,461.19037,-53.92482,163.71399,473.6493,-68.84027,231.71678,457.35693,129.6873,160.88896,551.80853,147.38696,336.6446,477.10815,-25.10977,234.29913,617.2307,162.83186,274.8951,492.96228,-337.7983,307.46716,652.3966,25.11217,259.0445,500.44336,-406.362,327.77008,669.42377,-8.654056,246.45758,498.69553,-399.3709,331.3957,657.72473,-39.883934,250.44464,497.3385,-342.07367,327.4302,648.39087,12.598353,367.56284,520.32697,-15.603315,342.33215,597.7901,15.825848,438.95322,565.77747,-509.68277,408.18924,668.6565,-410.7878,591.16675,612.4298,-375.80307,570.9082,656.0801,-241.51672,601.0974,610.33215,-367.0102,584.7731,639.7033,-230.36049,668.1973,641.501,-563.8919,655.13806,668.29987,-412.40076
wipers_izquierda
IMG_20241112_105117_1.jpg,wipers_izquierda,158.16446,456.51028,-98.34933,150.7599,447.75616,-68.03407,152.86298,445.68433,-68.01665,154.63028,443.8778,-68.05731,142.87555,455.50403,-77.89566,138.83925,459.8452,-77.92818,134.36867,464.61063,-77.958435,155.76083,449.01337,99.9127,127.502,482.40445,50.387497,170.02617,461.91278,-34.856224,161.82724,473.48962,-50.15374,224.85934,456.7981,137.13957,156.67337,552.86346,155.6649,325.6578,479.34952,-22.572897,228.90251,619.05664,182.02002,269.12048,493.04477,-334.42685,303.04367,655.62756,64.80652,255.83484,501.37347,-400.6957,323.9812,672.0035,33.89418,241.98212,499.0884,-392.43945,326.7528,658.1857,2.767801,244.95581,497.58987,-338.02295,321.91196,649.6937,52.50073,365.25296,521.7466,-21.375402,339.20453,598.858,21.528608,441.05176,571.4661,-495.70822,398.55643,671.4184,-397.46704,589.5959,613.2969,-328.99307,567.9104,657.7521,-222.3515,600.89307,609.95984,-315.58334,582.41296,642.574,-209.27116,668.3514,643.87994,-500.70367,656.1846,675.54517,-380.0232
wipers_izquierda
IMG_20241112_105118.jpg,wipers_izquierda,161.48322,466.1579,-123.4981,154.14717,456.3156,-92.18428,156.1985,453.8832,-92.164536,157.97256,451.60675,-92.19571,145.8461,465.3573,-100.62689,142.07799,469.87653,-100.657166,138.09975,474.83746,-100.685005,160.23955,454.77963,79.67614,131.71063,489.65042,35.8742,173.67065,470.72787,-59.06737,163.35962,483.5365,-72.72331,226.49841,463.0362,121.05269,160.09221,561.2822,148.66896,335.22733,487.2026,-29.619696,234.54686,627.78766,183.30243,274.78455,502.99792,-341.30963,307.81094,661.8135,60.52562,257.69598,510.56494,-407.47037,327.9229,678.2303,29.41433,245.29994,507.46698,-400.5156,329.92468,666.6339,-1.5916357,248.94518,506.47275,-344.93076,325.24658,657.18475,48.66195,366.31912,531.06354,-22.157167,341.57272,608.84717,22.270763,442.47253,580.0996,-505.49973,405.42892,677.9508,-409.4144,586.30273,618.20886,-343.55566,574.4839,662.79663,-245.40607,598.2536,612.17175,-331.18942,587.8683,645.636,-234.00351,665.6976,646.4944,-516.04944,662.0058,680.0515,-410.2076
wipers_izquierda
IMG_20241112_105119.jpg,wipers_izquierda,166.50368,466.20288,-99.878075,159.63695,456.08026,-68.72836,161.63425,453.69962,-68.71485,163.49892,451.43677,-68.74297,151.46632,464.2415,-77.070114,147.18881,468.39166,-77.10013,142.86702,472.70767,-77.121445,166.46071,454.69437,100.696266,136.41983,487.58612,57.33082,178.92224,471.14047,-36.523037,168.40233,482.87146,-50.047897,233.79932,465.23773,137.83768,162.80142,559.2712,163.6687,341.24854,489.00653,-23.24618,233.64307,627.4529,186.01555,279.5694,503.04416,-339.66464,305.85034,664.7926,55.884056,261.22012,510.87317,-405.94843,326.6621,682.4115,23.240902,248.34299,507.7793,-399.55118,329.38498,670.488,-6.684269,252.17932,506.81903,-343.6162,324.30917,661.531,43.86936,371.85068,535.3036,-21.656792,346.24625,612.02747,21.78337,442.51007,580.16425,-504.0164,407.64008,679.06323,-409.62018,592.0225,623.37695,-359.58777,575.27185,666.94696,-255.4493,603.78357,621.00397,-349.1775,589.2684,652.61993,-244.78311,669.3233,652.73,-536.7365,661.5683,684.64795,-417.89395
wipers_izquierda
IMG_20241112_105120.jpg,wipers_izquierda,192.65393,447.10953,-223.47137,183.7926,436.84973,-197.34831,184.73631,435.52783,-197.3632,185.40302,434.41315,-197.41338,176.04724,442.61185,-221.13599,171.5999,445.3534,-221.1402,167.05841,448.45557,-221.13359,178.5423,443.05423,-40.021053,155.90382,464.03827,-154.72606,200.87808,455.09857,-162.44397,193.18344,461.82526,-196.50748,245.77455,458.80753,35.678413,171.50186,548.0907,-48.576473,345.50455,479.62967,-88.46879,234.73273,621.51697,-29.004745,291.92426,492.97543,-394.36798,302.17798,661.4267,-136.0804,278.2986,504.58005,-462.16577,322.29327,680.669,-173.94135,262.82617,500.9068,-456.60645,325.78464,665.8752,-206.362,265.11285,496.92548,-398.40967,320.37073,657.4582,-149.06273,362.15573,530.28033,32.687588,336.73495,601.7867,-32.239006,417.00848,490.45438,-435.50748,377.29547,583.0274,-544.10425,588.2049,557.6778,-355.53836,562.1741,620.1828,-419.5692,598.4688,576.5661,-352.47183,578.70667,620.6998,-410.5726,666.7112,580.10815,-543.2844,646.93164,636.0279,-597.904
wipers_izquierda
IMG_20241112_105906.jpg,wipers_izquierda,599.54626,431.57687,369.68918,612.6398,424.03265,329.18674,613.6319,422.88327,329.17596,614.3709,421.39175,329.03723,613.78906,428.0115,353.4337,615.8082,429.9229,353.46585,617.7737,431.6887,353.22876,621.6558,427.25922,165.6659,627.70435,445.5246,274.4878,596.5848,439.8695,313.71753,597.94556,443.35413,345.3713,591.18396,445.28583,-14.652357,618.058,534.7805,293.04132,463.11493,442.58594,120.84877,541.9444,576.9652,456.19125,493.06027,450.0871,455.76358,528.73694,509.53882,680.55676,492.68387,446.0349,489.00403,523.99396,529.62195,734.2413,501.44064,451.8086,486.27264,533.0641,493.54614,730.5112,504.03098,457.6797,465.5303,531.4322,494.01,685.5442,410.4919,570.2095,-154.20033,418.49203,630.137,153.72145,250.00346,504.90048,-183.06094,264.63727,541.5573,246.65152,76.381134,569.5722,-254.70857,107.44856,579.95184,294.05396,51.7926,601.6692,-256.65417,75.9917,611.8545,297.66364,12.716503,513.7795,-240.72392,66.054695,530.40454,311.89215
wipers_izquierda
IMG_20241112_105906~2.jpg,wipers_izquierda,589.8815,445.3379,327.22913,602.85266,438.14072,287.91678,603.29114,436.80298,287.9523,603.58496,435.16965,287.86984,604.6366,442.4049,317.27493,606.3226,444.14188,317.3005,607.9316,445.52716,317.11374,609.7612,440.71906,141.54701,617.01416,456.28873,273.3741,583.4366,451.8729,277.81183,586.627,455.79016,316.07227,576.2287,452.91553,-25.87405,602.9102,544.5813,322.3445,453.43314,449.8178,83.544655,518.40155,561.4817,478.81354,473.45358,442.74164,394.5838,509.97794,503.74738,676.628,478.9573,446.23254,424.1184,514.8201,504.76288,726.6949,488.18634,459.4438,418.82916,514.8196,496.79102,726.20764,489.7652,464.16803,403.72867,514.2224,493.56628,682.931,401.66785,576.3518,-158.86172,408.80753,637.99805,158.46288,232.15425,514.3362,-218.32893,250.09702,560.2832,295.17123,65.17446,584.5435,-390.46097,99.36762,601.2182,306.97495,45.640533,616.55133,-402.7606,68.91698,631.59686,305.9116,6.7664194,541.1472,-397.81992,54.40258,559.3623,318.60614
wipers_izquierda
IMG_20241112_105907.jpg,wipers_izquierda,606.6572,440.0207,325.71402,620.0752,433.0283,287.94925,620.68536,432.06912,288.008,621.1203,430.80316,287.94788,621.5296,436.94058,318.5147,623.2498,438.85287,318.53198,624.9189,440.49677,318.34927,627.9333,438.08243,148.43037,634.33246,453.65686,285.3624,600.3419,447.7979,278.7776,602.31335,451.21368,318.68536,595.2656,455.2626,-28.60503,616.2031,537.9429,340.0594,466.2738,443.0744,88.92137,524.42004,544.68713,459.0271,491.88675,444.55978,415.32755,528.6437,499.4848,613.01575,504.82217,449.63162,444.32153,534.26044,490.72037,660.3127,514.70233,461.01807,440.87698,534.5611,487.1553,661.3727,514.5336,464.71603,424.83847,534.06396,488.89032,619.0885,415.1649,578.82336,-164.29019,421.10434,635.6803,163.9389,246.1525,509.65027,-229.30441,264.81415,546.5031,250.69368,74.37145,574.7727,-370.3245,109.75241,586.3465,270.5123,52.13854,609.5814,-380.1687,78.92647,618.2675,271.01468,12.41631,522.73596,-375.74985,64.99134,548.798,289.6546
wipers_izquierda
IMG_20241112_110623.jpg,wipers_izquierda,489.17642,614.4047,422.6031,499.77707,611.7491,448.53088,504.82947,614.11176,448.8865,510.51956,616.9361,448.80975,487.14886,607.9795,471.50922,482.8466,607.3988,471.6232,478.5578,606.9066,471.60986,522.4291,631.94434,521.1072,473.8023,617.5977,628.0361,493.60687,631.9782,437.26285,477.73712,625.18414,467.8309,543.6117,685.31,436.62943,425.43063,677.4353,605.0705,653.0899,681.2849,317.77365,365.76077,594.8275,442.2646,555.27466,642.2451,519.36285,459.21246,611.47925,382.15192,540.3893,631.32556,531.902,485.4912,612.28033,342.2661,532.6273,635.8313,563.89935,487.90222,618.62994,422.1022,535.6716,642.9375,536.21893,480.20764,622.22705,403.65335,432.76794,812.32056,-92.63156,375.87363,821.8447,91.98539,257.13547,710.2053,-153.39725,177.68071,795.96423,26.17473,231.99295,860.3616,-326.4125,200.9981,926.147,-182.3513,245.21411,895.3369,-340.59964,227.72272,947.97864,-208.72247,196.02298,904.6445,-360.76416,176.35374,993.54803,-269.39307
wipers_izquierda
IMG_20241112_110624.jpg,wipers_izquierda,462.09793,617.14545,380.9226,471.5877,614.2357,405.16196,476.82178,616.317,405.541,482.25162,618.3042,405.50845,457.35294,610.34607,421.59222,453.0824,609.9149,421.63403,448.9053,609.8363,421.67242,490.4771,628.8587,483.41196,442.24292,618.58185,556.5419,471.00217,635.3152,399.28555,449.08383,629.06226,419.7145,514.92114,694.95044,402.2158,392.98013,676.77905,571.74884,619.8762,690.85297,326.36636,327.2996,616.97015,561.1768,561.4228,622.30835,505.1541,418.9834,598.74255,641.6023,553.50977,602.0796,522.5428,440.76093,592.90125,626.13055,545.92004,604.68884,557.08484,447.16852,599.09766,684.697,544.4015,613.9851,522.93915,441.48074,604.9552,658.75757,411.16595,833.09235,-102.81441,340.3516,828.8762,102.08966,248.90831,696.6041,-217.98709,151.12128,791.6304,-1.2794883,252.96341,905.94635,-331.0841,224.6311,932.29724,-91.922104,281.61548,921.4547,-335.79742,265.9672,930.5449,-101.07193,210.14151,970.3039,-388.42563,221.0409,1014.33887,-159.81209
wipers_izquierda
IMG_20241112_111536.jpg,wipers_izquierda,290.67847,680.943,-837.53107,279.79196,694.6681,-838.2685,274.30414,695.3653,-838.00226,268.69113,696.2934,-838.21423,297.43588,698.71387,-835.80566,304.13593,702.2145,-835.9951,310.676,706.0159,-836.0145,256.83133,708.9038,-695.8688,319.9091,723.0828,-682.7453,283.1824,670.755,-769.8671,305.35626,675.8777,-766.25946,205.7539,676.2988,-560.3972,372.70255,715.0589,-518.10504,66.93974,697.75073,-688.60095,481.58768,774.90784,-794.30566,193.38669,751.2123,-644.07166,345.60925,775.19354,-983.7104,211.52388,767.07916,-661.5018,309.5478,779.0017,-1023.8576,219.1606,758.7274,-616.2016,303.53778,765.0531,-936.9506,217.5975,750.02435,-625.9648,314.5769,758.06573,-950.68335,356.584,475.70374,-54.84401,410.85992,543.22845,54.80046,552.3269,482.02252,-166.13174,557.7455,550.37256,-1.1488407,467.4293,437.2201,384.89548,464.33664,543.85864,414.29932,449.46317,440.96524,452.0539,436.58905,547.84283,471.0497,482.87268,425.00226,588.9726,493.4147,515.3629,609.46906
wipers_izquierda
IMG_20241112_111537.jpg,wipers_izquierda,294.97485,698.6499,-837.70605,283.76343,713.3874,-840.3857,277.33856,714.5291,-840.0975,270.8632,716.3242,-840.31635,303.4985,718.9402,-838.80066,310.71255,723.25714,-838.9448,317.50623,727.7894,-838.9458,258.32712,732.0625,-698.6446,324.76993,745.43616,-687.9478,287.09857,686.9611,-769.2919,308.76508,692.9853,-766.2225,206.29118,698.21704,-548.4966,369.68655,741.6343,-529.3359,70.29851,719.0797,-714.05804,482.62863,794.0042,-790.52856,190.53018,769.51135,-712.9103,349.64072,791.7715,-938.45654,207.5901,784.4223,-729.3503,315.03357,797.04895,-975.91345,216.84476,776.3707,-677.18085,309.1701,784.5581,-885.5541,216.30853,767.2936,-693.00116,318.30478,777.1319,-904.13025,346.86508,497.81024,-38.81684,409.5921,567.8304,38.784454,536.51874,478.2977,-154.65852,578.25476,552.47974,-34.63052,464.4611,454.9795,355.6533,464.89746,570.06915,450.33395,445.42334,459.91418,417.8028,436.68478,581.603,513.96783,504.61487,435.0439,527.2045,485.83414,539.683,645.83105
wipers_izquierda
IMG_20241112_111537~2.jpg,wipers_izquierda,309.50754,481.63885,374.7766,310.61288,483.31754,395.04132,313.8351,483.62747,395.15982,318.30197,484.41138,395.17435,300.4454,489.6848,416.39844,297.11746,493.9648,416.5381,293.92783,498.2019,416.4899,329.117,498.88007,454.2496,296.11563,512.78986,554.5662,322.03882,486.81137,388.3707,308.88263,491.39532,416.846,385.10162,526.31287,336.88742,304.37213,555.702,519.336,437.6212,481.15067,21.804,275.97647,586.3363,302.322,367.89337,498.13446,-117.69985,294.606,554.87775,101.84018,340.99268,496.414,-156.7803,302.0454,546.53143,69.145966,332.86337,495.03067,-107.332825,300.59424,527.3323,96.56736,348.8083,492.52496,-102.24236,299.05746,546.6266,104.97208,381.00504,656.68024,-85.4336,323.4944,676.57806,85.04689,270.5715,620.8921,-388.1025,167.12955,655.6727,-55.72741,344.89102,771.94885,-535.8442,319.162,710.841,-209.00233,359.36148,787.0394,-548.5037,353.33133,714.7845,-225.64453,357.9816,834.9756,-625.31555,348.56375,738.2312,-303.32498
wipers_izquierda
IMG_20241112_111538.jpg,wipers_izquierda,307.93997,481.3058,430.58493,305.0991,488.22754,457.27798,307.85822,488.70142,457.4048,310.68732,489.29712,457.51022,297.55515,492.97388,467.93103,295.27036,495.69128,468.0691,293.1497,498.45093,468.0047,322.5472,504.85733,527.599,296.70947,511.0166,576.8033,320.0809,482.6974,445.11246,312.24005,485.04025,458.82425,389.9112,537.3406,422.2107,305.4115,552.8466,520.78687,442.119,495.61304,187.80652,266.47266,549.8444,302.42688,378.6768,502.3235,68.47648,281.0068,528.4597,144.56436,354.20605,501.57715,43.845387,289.4991,517.91724,124.75111,351.50378,501.80963,75.62474,292.04294,510.99197,151.16243,367.53992,498.4767,77.882774,289.3653,522.588,150.96812,382.65887,668.58453,-51.89295,319.55154,664.28284,51.24361,313.26273,660.64856,-392.05695,189.99147,570.28516,-33.59626,368.66864,780.7248,-588.4984,300.74606,553.7091,-303.63696,377.73053,793.1079,-607.55066,329.0657,561.8971,-332.7509,372.36493,830.35046,-660.8672,315.01514,539.16956,-388.114
wipers_izquierda
IMG_20241112_111539.jpg,wipers_izquierda,317.25244,473.61667,377.28574,313.49384,481.95013,402.0568,315.77832,482.9314,402.17102,318.41736,484.0886,402.28937,306.68613,484.09338,409.5998,304.4935,486.34485,409.69025,302.3573,488.5942,409.703,327.39148,497.21887,484.34506,304.83298,505.97714,516.57574,328.8484,475.20187,398.7844,319.77496,476.32782,407.82404,393.09027,524.4648,391.4379,318.66162,544.0127,472.25925,440.52438,480.3388,152.28566,294.86444,546.5132,259.11902,380.9275,498.91495,45.01589,299.0765,535.4327,112.02913,362.58423,493.53748,14.596086,298.4933,534.4308,93.1947,355.7968,497.17834,53.896152,302.67822,532.8789,111.37527,361.2566,499.42078,56.382114,305.10675,534.4293,114.74518,386.99707,659.5536,-43.243244,332.91852,660.4438,42.58444,286.9682,651.2139,-318.9767,179.13402,602.3925,-64.98382,346.68167,760.39276,-396.23325,284.41342,571.4985,-222.54634,358.49353,769.7002,-400.8256,308.62442,573.95447,-238.00461,355.8352,807.3498,-419.62415,306.54794,557.57825,-270.21625
wipers_izquierda
IMG_20241115_103224 (1) - copia.jpg,wipers_izquierda,477.18982,953.81836,-6.3122993,490.9209,956.39417,-10.814908,491.875,958.97656,-10.790249,492.795,961.5498,-10.82069,489.06583,950.7385,3.0360665,488.88834,949.4268,3.0076115,488.69513,948.15094,2.9100547,493.3661,971.6637,1.9749422,487.27112,952.09283,64.02622,469.53113,962.1589,2.2585087,467.44775,954.98926,19.667252,463.09012,1000.968,-2.625965,443.34174,949.8327,114.26953,448.355,1001.4063,-79.781494,416.17746,895.6162,37.05011,492.41217,970.3083,-96.175476,453.98172,880.0494,-116.139465,506.33325,962.24854,-96.1094,463.08704,874.1388,-130.20915,507.59427,963.17255,-89.18558,469.1889,878.58057,-130.68459,500.33163,964.1839,-90.685715,465.50986,881.65924,-120.3425,298.17114,1034.502,-40.96728,297.98715,1002.8657,40.717342,359.88452,975.53845,-70.57953,416.53693,916.965,108.47917,316.503,975.33777,-91.77334,475.5601,929.2604,-38.019855,304.43967,984.8916,-89.05723,466.73703,937.11066,-48.759857,319.32526,947.61914,-97.86494,527.2369,917.1351,-62.256245
wipers_izquierda
IMG_20241115_103224 - copia.jpg,wipers_izquierda,486.17047,947.33405,-5.937195,498.12775,953.6447,-10.280835,498.68176,957.06366,-10.221535,499.19464,960.4688,-10.227315,497.273,946.7365,10.166963,497.22772,945.11255,10.11297,497.16544,943.5311,10.002807,497.1984,973.76794,1.9773401,494.1996,950.0249,93.84588,476.73007,956.3169,2.5787883,475.74628,947.39655,28.260538,463.20648,1005.43207,-26.251589,445.4071,944.38245,151.06348,426.33957,992.6954,-113.32789,402.59872,904.3481,43.94933,461.60132,940.6576,-125.854385,448.27713,899.9962,-138.857,471.26755,927.34686,-136.48973,459.6683,898.5309,-155.84499,476.22574,930.1312,-123.92801,466.7872,900.1543,-156.73286,471.09195,933.75806,-118.36364,462.80624,901.9132,-144.15059,302.93604,1035.8448,-69.526985,294.86252,1000.92706,69.168175,411.03888,963.30194,-133.45204,399.5304,925.9054,147.09514,422.3304,986.2295,-126.309715,463.7537,935.9949,42.222866,416.34393,997.943,-122.5385,462.70862,939.6734,35.165264,443.61115,971.3672,-141.27133,502.96188,931.0422,22.361658
wipers_izquierda
IMG_20241115_103225 (1) - copia.jpg,wipers_izquierda,463.74728,964.3856,300.58823,471.8293,964.3875,315.57233,473.0942,966.3831,315.58615,474.32922,968.4268,315.59494,467.7183,958.6402,320.00024,466.31204,957.0023,319.99194,464.8858,955.4463,319.7983,471.38718,975.0367,363.37915,457.26852,954.81287,382.63248,457.1672,971.8896,313.81183,452.2602,964.4281,318.95172,449.07986,1009.80884,281.28488,406.33328,952.0169,351.05615,453.00082,1033.5184,148.40962,374.924,931.8163,197.9515,506.97617,1024.995,56.726967,428.45514,918.01825,19.19308,519.6054,1025.9453,44.465614,440.48465,911.9766,-4.314115,521.07776,1022.5098,38.48736,443.33313,915.77765,8.162375,514.8977,1019.9132,53.622738,440.34155,919.9614,19.093317,306.68158,1046.564,-40.612015,293.48975,1004.17224,40.09396,357.38745,963.1268,-131.46872,406.5283,872.7588,92.58578,213.66437,1011.6106,-317.88733,354.7681,966.1079,-192.34511,185.94893,1027.1595,-333.11148,338.88934,992.04016,-219.22942,175.51047,997.12317,-346.16177,364.6472,977.02203,-250.59401
wipers_izquierda
IMG_20241115_103225 - copia.jpg,wipers_izquierda,459.93036,963.9901,227.81389,467.58826,968.40344,245.06355,468.30182,970.81305,245.11046,468.98108,973.2165,245.13553,465.1565,962.57654,255.08199,464.36935,961.31537,255.07692,463.53027,960.1295,254.91698,464.76373,984.26807,290.5864,457.1162,963.3603,338.37418,451.9926,970.9588,241.2003,449.20203,964.0757,254.41557,439.45526,1018.8275,228.519,412.1877,957.9177,318.73972,431.77734,1024.0977,90.506584,399.63782,918.8231,189.28465,466.13824,957.02246,14.523707,440.99585,902.1377,60.78952,475.23346,939.2788,3.3697028,451.0825,897.54346,46.83097,474.10742,940.6238,23.209455,452.0271,899.92676,52.472034,468.69196,944.7346,22.884817,448.69083,902.146,60.468826,303.6322,1038.0702,-46.30156,295.2888,999.3441,45.836098,338.56317,993.27795,-122.33635,394.1131,905.4754,73.44651,287.8951,987.2013,-173.93523,443.99622,905.6452,-140.19446,271.6215,992.3187,-177.90627,436.03207,912.46246,-161.64685,289.22684,960.01526,-198.3491,488.43695,891.64343,-192.24817
wipers_izquierda
IMG_20241115_103226 (1) - copia.jpg,wipers_izquierda,474.12555,966.4942,-119.24435,480.84335,958.0026,-121.51718,481.34555,957.4861,-121.525795,481.81268,957.01355,-121.601906,478.09872,958.01624,-131.96338,476.79776,957.54517,-131.97305,475.54416,957.09705,-132.08176,474.68848,953.7054,-92.35332,465.0244,954.0559,-139.46165,466.26968,969.9243,-101.979385,463.21423,969.44366,-115.49705,442.385,971.20654,-45.37146,427.7456,967.8659,-108.53951,447.48032,1002.3996,-59.057377,432.37708,957.68164,-112.73241,484.1018,987.7817,-112.244354,466.35623,931.36444,-102.39474,495.40958,980.36554,-120.29291,474.41022,923.13025,-108.14366,497.19513,978.9649,-123.8969,476.03665,920.6045,-114.57315,491.9681,981.63574,-113.88346,472.76233,923.4366,-103.83215,296.9141,1020.99335,12.3902235,311.17114,1013.8583,-12.562675,244.78485,996.063,60.77997,412.01666,974.028,-28.92753,141.96716,1025.3848,94.947395,492.774,968.041,-37.12346,129.25266,1028.4001,100.49567,491.17877,971.1439,-34.909847,111.5593,1035.3842,78.81757,552.3789,956.38983,-63.791664
wipers_izquierda
IMG_20241115_103226 - copia.jpg,wipers_izquierda,464.89447,963.3501,-15.6576605,475.11346,961.46454,-8.013407,476.0974,963.2368,-8.019198,477.07098,965.0546,-8.076922,471.45947,956.2109,-9.507234,470.0714,954.4507,-9.496211,468.70816,952.7427,-9.642373,472.5945,968.8535,38.47579,459.9076,950.7975,34.461136,456.58673,970.7991,4.5024633,452.22314,963.92,3.046798,441.90262,1001.7957,53.671543,415.45663,948.501,54.073376,428.52237,1037.8956,-80.89661,393.05746,923.9965,-33.20167,481.41403,1001.82324,-210.65872,428.98544,907.0993,-128.43881,499.50464,991.44934,-219.3117,438.3224,898.64075,-141.02037,502.1968,988.92523,-209.0218,442.96527,901.19434,-136.58334,492.9265,990.8716,-207.0061,439.20236,905.66907,-128.34647,307.25568,1039.0804,-3.164435,302.85617,1008.22437,2.9297001,349.0578,976.8185,-56.86119,416.56598,928.4442,1.4294922,285.856,1002.909,-131.60635,512.05206,969.6544,-197.05595,274.22913,1016.1923,-134.10896,510.50702,983.5592,-213.18599,272.784,978.8761,-151.37453,575.5348,969.5118,-258.25333
wipers_izquierda
IMG_20241115_103227 (1) - copia.jpg,wipers_izquierda,470.41196,940.1107,-272.49683,467.6034,931.729,-271.19995,466.54172,930.27155,-271.20483,465.4551,928.8736,-271.25894,467.70068,935.4577,-285.7032,466.62347,936.46594,-285.7074,465.63785,937.4852,-285.7295,450.168,927.3022,-217.89616,450.20187,941.74994,-284.9734,462.63504,943.6852,-245.64516,462.5876,947.27545,-264.9032,414.6707,941.7868,-156.52121,420.60883,974.0931,-249.29805,433.28,955.0433,-212.92719,441.66357,975.8723,-324.77625,471.06763,943.56805,-320.74942,483.90823,940.7731,-404.24713,477.1461,932.7168,-351.12497,494.4712,932.5366,-442.84958,481.0174,938.87335,-365.62827,491.64386,923.69775,-443.95297,477.77493,944.9292,-329.5134,487.26846,928.4503,-407.85303,273.56387,1025.4752,34.46104,304.92047,1037.4863,-34.753063,166.43143,1015.7362,154.21884,399.74622,1054.7081,-44.95181,65.09314,1056.7039,304.23822,504.6127,1046.2026,68.41177,57.347538,1058.0095,321.96646,514.0412,1048.9094,78.26735,26.760056,1083.7727,306.16586,551.0346,1029.5751,47.33483
wipers_izquierda
IMG_20241115_103227 (2) - copia.jpg,wipers_izquierda,463.39816,964.8992,-252.9385,468.93622,959.8559,-252.5862,468.84155,960.1382,-252.55266,468.7056,960.4663,-252.60089,468.07385,958.54065,-261.16046,467.4701,957.8366,-261.20773,466.91217,957.16846,-261.28577,461.23425,959.7452,-196.06567,457.99023,956.3434,-234.77051,455.45944,968.98035,-224.51988,454.66077,967.0368,-235.66672,428.42233,980.0979,-142.55757,422.37497,969.15405,-192.71562,424.32883,987.62024,-249.45848,419.4037,945.6864,-293.63092,462.73383,952.82764,-373.46393,460.9706,905.0692,-396.2638,471.6283,940.40344,-398.41327,472.497,893.30005,-424.69745,476.47037,942.8686,-403.67923,471.8986,887.1725,-426.5374,472.63998,947.48706,-378.14868,467.50937,892.4592,-399.9665,282.99225,1038.4967,22.398449,305.9309,1031.4095,-22.585186,193.49043,1035.1302,70.320854,409.9599,1016.37683,-125.71328,93.44694,1053.4554,123.16727,519.1585,1010.2353,-166.69398,85.73986,1057.153,127.406334,523.67993,1009.89166,-172.19424,49.46828,1065.2883,76.73423,579.1045,1003.4753,-244.06961
wipers_izquierda
IMG_20241115_103227 - copia.jpg,wipers_izquierda,460.1438,970.0375,-184.40392,464.25067,968.03564,-182.38013,464.2028,969.0239,-182.36266,464.10577,970.0198,-182.36778,463.27814,964.8749,-189.57336,462.50223,963.6278,-189.55249,461.7708,962.3793,-189.55437,453.61166,970.4487,-133.92021,450.19205,961.6996,-166.04337,450.862,974.26935,-160.97284,449.6941,970.1699,-170.32451,415.17303,995.1261,-99.961464,410.8352,964.7969,-123.74162,412.00793,1016.06604,-186.66853,414.90067,945.20935,-165.06905,458.26712,955.24725,-305.43268,451.11783,914.67413,-171.18097,470.9282,935.49414,-327.8458,461.86935,905.75256,-182.01382,475.2453,937.4012,-310.02206,459.20624,899.8684,-189.71779,468.57565,943.7823,-301.57645,454.02747,903.684,-175.66835,291.53604,1027.5471,-0.70636076,293.7728,1016.08856,0.54627776,326.85757,978.9886,-12.274848,298.53268,1001.74677,28.81719,376.4793,948.6593,2.1244576,351.07922,1024.6497,52.09817,376.74023,947.5198,6.0566607,354.5832,1029.1857,58.023327,411.72543,932.13025,-19.346846,377.18512,1036.995,33.004776
wipers_izquierda
IMG_20241115_103228 (1) - copia.jpg,wipers_izquierda,456.92288,991.39923,241.53368,462.38098,993.3379,275.8806,463.3561,996.46826,275.9228,464.26968,999.63074,275.9106,458.09534,983.5735,273.154,456.14423,980.3394,273.1271,454.21176,977.1719,272.94965,456.75235,1003.60425,376.1027,441.7587,970.375,367.03583,448.2739,997.6245,272.25128,443.1772,986.2653,269.25305,431.05103,1030.289,307.39395,391.4957,954.33075,322.01294,450.6451,1021.76794,147.18787,397.7774,909.7329,157.71013,481.19202,957.6294,25.49291,442.78494,896.0035,52.314083,491.1559,942.90985,5.1730766,454.48758,892.0868,34.943905,488.6954,941.3014,23.103916,455.2778,893.08105,45.92798,482.1533,944.9862,30.159609,451.38092,896.96014,53.90352,298.8105,1053.2441,-12.912187,282.0253,1004.64746,12.590516,353.38898,1014.9883,-86.124084,324.29172,941.88446,-11.513966,314.12842,965.85925,-268.71262,387.85962,926.268,-243.05298,298.5188,965.5105,-288.13354,381.93936,928.5105,-266.17593,326.53223,924.87585,-343.67224,440.71616,919.0906,-332.49167
wipers_izquierda
IMG_20241115_103228 - copia.jpg,wipers_izquierda,478.54968,959.1393,-145.58397,484.74014,954.45654,-147.3312,484.62128,954.01465,-147.33904,484.46503,953.6022,-147.40414,483.63138,955.14233,-152.56357,482.96912,955.4627,-152.60033,482.33603,955.8131,-152.71075,475.722,953.6402,-120.756805,471.70786,956.904,-144.0355,468.5946,962.6395,-129.96532,467.56155,962.9917,-136.88332,436.39896,967.3878,-82.04901,431.87067,973.4829,-113.65908,432.392,978.13544,-185.11615,439.76105,939.48706,-181.45383,467.40637,952.48474,-321.08353,465.27625,913.1259,-260.25598,477.82477,940.9208,-343.11844,471.66925,905.2257,-284.42587,479.15613,943.0095,-341.01538,473.63486,904.46765,-288.03323,473.67584,947.8771,-322.5054,470.16455,906.82385,-264.09683,295.09772,1021.63245,22.194242,311.04922,1022.73566,-22.42074,294.12247,982.8559,101.42797,436.5615,974.5669,-37.213688,236.09816,1022.37646,188.39325,548.7442,991.159,-93.20849,230.28728,1030.2146,197.96269,554.3162,997.19495,-96.941216,219.03288,1022.6251,163.21309,616.567,990.3863,-159.42415
wipers_izquierda
IMG_20241115_103532 (1) - copia.jpg,wipers_izquierda,399.5863,1053.2726,-522.6797,397.37857,1043.2228,-543.49207,399.88553,1040.0275,-543.5838,402.332,1036.7604,-543.6791,387.16278,1051.4708,-537.64655,383.65695,1053.5415,-537.72894,380.11426,1055.5974,-537.8326,403.91794,1025.6981,-524.414,371.0942,1052.6133,-499.4648,406.8688,1046.6884,-501.53064,396.34235,1055.0844,-494.12613,426.9678,1001.86346,-423.58783,361.44916,1061.763,-400.48727,517.574,1035.2839,-442.56976,388.3985,1096.4337,-424.04764,556.02606,1032.9622,-504.4658,477.54663,1071.3239,-509.5577,566.87274,1040.1976,-551.4961,495.39273,1083.0138,-546.6707,558.58765,1038.9813,-533.5927,497.2516,1066.2656,-562.0376,555.8264,1039.026,-501.4115,493.67728,1060.8568,-516.51074,383.55075,947.77747,-8.692539,352.58408,981.6206,8.751372,402.85577,948.7008,252.38246,355.1033,1005.1908,283.63846,392.6108,929.8821,607.7143,346.8652,963.4513,640.3493,384.03577,922.223,646.69977,343.47076,953.2962,679.7112,407.69745,938.72815,678.1105,354.09143,959.5687,705.7484
wipers_izquierda
IMG_20241115_103532 - copia.jpg,wipers_izquierda,417.07004,1040.1869,-309.66907,416.72577,1033.8954,-328.87628,418.53104,1032.2139,-328.86768,420.3142,1030.4434,-328.91113,410.7068,1039.2471,-326.37247,408.2697,1041.325,-326.36288,405.79272,1043.4135,-326.38278,419.0528,1028.4702,-325.58438,398.0709,1047.1682,-318.062,418.30563,1039.9011,-297.11536,411.05365,1046.6053,-295.0409,434.69592,1023.5386,-245.88158,366.76157,1068.9623,-244.03166,460.9751,1036.2075,-233.08711,339.52664,1084.9971,-223.55055,501.8594,1070.8824,-251.53511,341.95358,1098.3026,-279.64474,510.76157,1072.4304,-281.81842,339.1892,1108.1685,-316.01706,508.51666,1074.5302,-291.29932,345.70093,1101.7593,-326.29755,504.0894,1074.2024,-256.86105,347.46457,1096.787,-286.52463,363.5808,979.7708,16.674496,319.3063,1005.0438,-16.836496,434.87366,999.8373,243.27284,296.10156,1069.4758,104.60453,417.30923,1009.99316,506.7016,241.61682,1089.0675,301.1352,411.61502,1011.21765,536.1397,231.70853,1088.6318,322.64075,428.58447,1019.8038,534.3571,244.83063,1112.4939,297.3817
wipers_izquierda
IMG_20241115_103533 - copia.jpg,wipers_izquierda,334.56372,1021.7317,-413.0875,336.3203,1020.0098,-418.95218,337.70065,1019.9911,-419.01953,339.04883,1019.9191,-419.1369,332.4163,1019.2697,-418.10376,331.4852,1018.9001,-418.1897,330.49088,1018.48724,-418.22394,347.76352,1018.2636,-364.24207,332.9911,1015.0107,-359.24594,340.86502,1021.04364,-383.7611,336.98874,1020.99255,-382.5056,381.80722,1015.18365,-277.74554,334.91608,998.85345,-241.15936,404.2409,1028.6736,-196.41162,330.2455,985.2912,-113.17286,426.52805,1047.0798,-127.58703,324.98083,1012.1736,-30.715212,437.90878,1053.6447,-143.26933,314.5342,1017.1365,-28.253944,433.75577,1051.4016,-140.82027,321.83804,1020.92804,-43.803787,427.47003,1048.3748,-125.31619,327.74426,1020.27783,-33.164837,387.72345,952.48865,-13.849591,369.57172,942.60956,14.078563,389.99567,969.7791,165.57758,368.19794,937.4591,192.08215,395.148,945.5545,393.36365,369.9481,919.9182,427.94165,396.3505,938.2456,420.11856,368.64917,914.97546,455.97244,393.95718,950.7357,431.49258,369.2662,921.97107,463.13803
wipers_izquierda
IMG_20241115_103534 (1) - copia.jpg,wipers_izquierda,404.10938,1084.9447,-641.0388,403.4055,1072.4645,-644.18225,413.343,1072.5768,-644.22565,410.99466,1067.1108,-644.29675,391.04733,1079.2219,-644.89417,386.54532,1080.9779,-644.992,381.96524,1082.7461,-645.0604,413.5515,1050.9517,-547.53455,369.28714,1075.1722,-552.46735,413.84787,1080.8219,-593.6891,397.59384,1085.5287,-595.4781,445.41476,1016.8218,-380.22168,326.74823,1064.5662,-382.566,488.56155,1028.2068,-281.6939,297.97498,1048.7949,-232.10101,504.01184,1084.6204,-277.30768,299.52567,1039.7954,-174.09726,530.8254,1093.1786,-314.54602,292.38354,1041.0105,-187.77278,515.4227,1092.761,-327.39673,296.34518,1036.2979,-221.02417,493.98175,1095.6128,-283.2698,303.19656,1034.7233,-184.30827,361.5162,979.74194,14.001593,314.1459,1009.004,-14.058733,392.44833,978.8994,358.00565,285.98285,1032.3477,218.6484,376.3863,936.557,759.82056,240.65355,997.8787,532.08276,373.302,926.8434,802.5064,235.2606,987.9074,566.5459,376.8212,946.4164,787.7503,230.74547,1012.2678,530.28705
wipers_izquierda
IMG_20241115_103535 (1) - copia.jpg,wipers_izquierda,438.8796,1055.8141,-428.96707,439.31906,1050.9788,-442.2601,440.67484,1049.425,-442.26883,441.99817,1047.794,-442.2789,434.59283,1055.4108,-439.59988,432.81894,1056.8658,-439.6426,431.01215,1058.4209,-439.64514,436.7919,1042.3656,-418.0242,420.13983,1059.5634,-405.08936,438.293,1053.8856,-410.63782,432.4394,1058.1732,-406.93054,426.82422,1026.233,-323.7916,390.50882,1069.8578,-299.4145,488.07123,1038.9204,-276.86914,453.95224,1090.1322,-259.4416,549.032,1084.4215,-297.98367,520.03894,1094.6138,-303.52972,565.8876,1085.6923,-342.6474,529.1677,1106.1339,-346.26932,554.0501,1081.9508,-358.61206,532.24194,1094.5698,-370.84543,549.0553,1082.8248,-309.196,530.4248,1088.1882,-316.51657,373.1282,967.9902,-20.022917,349.9985,994.129,20.04626,452.58008,1017.12695,67.99354,427.91165,1062.0354,82.26267,483.23193,1032.5499,314.15326,471.2093,1051.7567,326.11642,482.4616,1030.8712,338.2831,470.72394,1044.2665,351.29425,509.9281,1052.1769,291.55084,505.36584,1065.0554,311.9524
wipers_izquierda
IMG_20241115_103535 - copia.jpg,wipers_izquierda,430.88876,1064.4496,-506.14404,432.39142,1058.7633,-514.2216,434.55826,1056.441,-514.24927,436.70612,1054.0048,-514.29596,424.69308,1064.6428,-513.64856,421.8072,1066.2344,-513.6961,418.86377,1067.8517,-513.6972,432.12906,1042.6792,-459.46112,404.86392,1065.3021,-456.32855,431.17184,1059.0208,-475.67136,422.24252,1064.9727,-474.4767,431.47406,1014.22546,-330.58603,365.57703,1065.9021,-323.88058,487.51633,1032.6493,-312.3958,421.98212,1087.0125,-292.58148,549.2536,1080.1162,-389.28418,487.16953,1091.0879,-365.39734,568.31665,1085.7106,-446.79883,494.77112,1107.5365,-416.93503,561.9986,1087.3424,-462.04178,501.07767,1094.8142,-443.83405,554.69867,1086.5477,-402.4201,500.51025,1086.3022,-380.95544,372.15805,962.58545,-4.0697126,332.76514,991.68854,4.04123,447.63522,1011.5115,50.32298,389.47748,1075.9504,48.778896,468.1474,1025.9373,315.65393,411.03906,1071.0747,327.95135,467.2531,1026.1216,340.6099,411.15887,1064.5504,356.50732,490.3441,1039.9106,277.06216,436.74805,1082.5712,307.53433
wipers_izquierda
IMG_20241115_103536 - copia.jpg,wipers_izquierda,409.95737,1070.8702,-627.3632,407.15604,1061.5122,-634.3834,410.015,1058.629,-634.45807,412.79858,1055.7036,-634.59216,397.40314,1068.9697,-631.4583,393.78098,1070.9935,-631.581,390.10394,1073.0349,-631.65247,411.44064,1042.5663,-556.88,376.94632,1069.3212,-544.8108,414.47284,1063.8933,-586.4438,404.15405,1072.1384,-582.97186,430.54974,1010.05664,-406.95898,344.79495,1072.8042,-373.26675,477.9943,1022.2906,-346.62213,356.70636,1069.5171,-254.2955,515.78174,1073.8141,-388.93347,386.8084,1070.0557,-269.56534,542.60876,1086.6226,-444.34946,384.79126,1078.114,-303.99243,521.0503,1092.4458,-464.02383,391.88815,1072.2094,-335.35175,512.0804,1090.9371,-401.24286,396.5062,1066.0829,-282.1276,355.67395,975.58484,-18.815632,316.90082,1013.8537,18.994877,428.71545,972.9147,183.54218,348.52307,1036.8755,205.98479,391.92712,943.15466,565.18524,318.1565,985.53955,559.69885,381.29254,939.0225,605.0279,309.57996,977.3404,597.643,407.9792,944.17834,596.78076,329.80637,982.84766,579.78595
wipers_izquierda
IMG_20241115_103537 (1) - copia.jpg,wipers_izquierda,412.97134,1066.6669,-655.0599,410.47708,1058.4053,-663.3943,413.05807,1055.6482,-663.4283,415.53058,1052.7751,-663.5581,402.3671,1065.4548,-661.99084,399.39273,1067.5404,-662.0588,396.32227,1069.5355,-662.0219,416.76013,1037.3468,-578.2072,387.87408,1063.3992,-574.40796,418.62656,1058.0697,-612.0315,410.1259,1066.2416,-610.97766,441.67206,1004.16003,-410.35605,365.14676,1048.2562,-421.43463,500.60532,1021.1991,-361.26526,419.16415,1064.0452,-392.41684,541.8541,1074.3655,-467.6046,490.6189,1090.2078,-493.14767,555.3749,1079.5092,-532.5048,501.48425,1110.1313,-549.2189,541.08307,1081.9238,-547.38403,509.48,1098.5642,-581.4424,535.0472,1079.0432,-479.9756,509.034,1089.4307,-510.72122,368.84528,969.3549,30.583813,314.75806,989.36957,-30.480743,423.84628,1005.86633,299.60428,251.02583,1051.4573,94.17326,369.33963,998.1052,671.5082,166.31512,1065.4481,361.70465,360.5083,996.0093,711.15936,155.78859,1060.7997,392.36096,358.20346,1007.49854,698.2184,146.61578,1098.7528,339.1769
wipers_izquierda
IMG_20241115_104243 - copia.jpg,wipers_izquierda,541.3137,1048.7893,90.472404,548.3257,1056.5754,67.7169,547.96716,1057.9379,67.669304,547.798,1058.7614,67.61254,548.29114,1054.9503,99.72408,547.97833,1055.454,99.7691,546.20044,1055.1876,99.61433,542.2733,1068.7332,18.787306,540.00195,1067.8713,158.75708,527.0363,1054.5381,74.13579,527.1932,1052.911,115.15368,490.7106,1089.2118,-80.66089,459.4884,1072.4498,236.97345,357.43958,1081.1909,-113.90691,336.3839,1069.0074,263.31085,252.76405,1042.8368,-99.545685,253.74377,1057.3888,230.23994,222.65045,1048.0363,-116.714264,227.05667,1059.1796,236.43501,220.60954,1033.6323,-107.77379,229.30453,1055.5281,207.25667,232.26282,1032.1993,-93.440285,240.73576,1055.8771,217.12907,264.88745,1070.4458,-95.58283,251.56152,1059.684,95.20578,322.544,920.1753,-130.601,312.65076,932.9812,147.98694,205.11668,1036.8284,-75.41103,212.61905,1026.3335,121.28006,204.54779,1074.5815,-64.129684,206.7929,1055.2456,116.59524,116.78044,1029.801,-20.194023,145.97888,1022.18445,119.35253
wipers_izquierda
IMG_20241115_104245 (1) - copia.jpg,wipers_izquierda,554.14594,1061.8154,173.75903,558.2905,1072.6516,176.85143,557.7854,1075.4381,176.73085,557.5505,1077.8344,176.67818,558.2602,1065.2092,195.98412,556.85645,1064.5297,196.0392,555.9657,1063.3645,195.85544,548.95074,1087.663,199.46565,545.08014,1069.1683,285.89676,539.10077,1069.8586,178.1012,538.99286,1061.001,202.8458,513.2854,1101.9807,102.83541,469.41028,1057.5991,302.60724,411.97244,1105.7738,12.654929,359.1705,1048.9279,288.9819,360.8112,1069.1377,-81.20637,300.26355,1052.2471,230.27747,340.94662,1064.0977,-94.47542,278.59634,1052.8856,222.1313,344.0233,1058.2568,-103.357025,284.6268,1051.039,202.73135,349.78705,1059.6433,-83.26858,294.34088,1051.4559,221.36955,331.4961,1078.8563,-75.27849,308.02087,1044.4285,74.63328,475.89322,1052.1694,-154.27872,457.01285,961.16614,142.80057,319.8034,1058.8502,-315.14474,351.67523,1027.8752,-124.587814,290.72983,1072.7909,-326.16757,329.38092,1050.5333,-152.21243,273.1703,1029.1395,-317.9426,320.80527,1013.93445,-158.55641
wipers_izquierda
IMG_20241115_104245 - copia.jpg,wipers_izquierda,544.36115,1058.2649,155.39317,551.13715,1065.2982,155.7953,550.1295,1068.6611,155.64998,553.26373,1075.0181,155.57376,552.84814,1053.3472,173.6123,551.47,1052.2152,173.62149,550.305,1050.7056,173.40417,539.5272,1082.2307,175.63875,542.5429,1053.3556,255.65572,531.96625,1063.3756,159.7931,530.49347,1054.5862,182.69308,500.82886,1100.5555,80.00621,467.39032,1047.8579,288.1957,399.3016,1087.5818,-21.769005,365.80344,1036.7552,281.62018,383.90158,1024.0791,-92.25148,327.06894,1034.3755,205.28012,372.01944,1009.85895,-105.37486,308.23056,1032.633,199.55899,380.16446,1010.029,-98.94976,318.4045,1031.5216,173.63275,382.49408,1015.22424,-87.97763,327.30624,1032.6741,193.41725,302.93964,1070.8424,-72.99124,288.04184,1029.629,72.51433,446.79813,1048.5245,-166.86076,437.19336,950.5846,144.30013,296.45676,1052.2367,-272.1136,342.39893,1008.6921,-78.2094,270.30368,1064.6698,-277.52054,318.36243,1031.5714,-101.05009,244.05981,1031.3906,-259.44138,317.18024,984.2134,-101.731125
wipers_izquierda
IMG_20241115_104246 (1) - copia.jpg,wipers_izquierda,546.55835,1070.6704,134.34837,550.29297,1076.992,123.25147,549.9723,1077.2186,123.13851,549.91583,1077.1349,123.04106,546.7092,1077.4958,146.85738,546.2878,1077.9899,146.92734,546.01416,1078.0222,146.76654,541.04407,1082.7556,91.34126,541.838,1078.884,195.06755,531.8859,1075.0635,121.98239,532.7517,1071.7714,152.07866,491.25504,1098.2909,-7.0635457,467.5914,1074.6215,237.99489,368.75684,1106.2446,-42.482952,348.4684,1068.6897,247.39104,292.51102,1091.7218,-79.05309,279.7807,1073.0325,210.66278,268.2466,1096.1207,-91.47859,256.22244,1074.1116,212.993,270.9867,1087.057,-100.99734,261.54196,1071.5474,193.28502,280.02966,1085.6509,-80.30221,270.95676,1072.0009,201.63672,300.25616,1068.0004,-86.60547,296.4213,1054.9038,86.11901,369.41922,976.9923,-116.389946,395.81244,963.4093,209.6743,245.11253,1024.0874,-203.98828,336.46362,1016.3681,-19.02353,227.06364,1046.5632,-205.97485,323.8821,1034.4628,-40.195877,195.39497,999.8413,-160.46115,315.83456,1001.30225,-28.263617
wipers_izquierda
IMG_20241115_104246 - copia.jpg,wipers_izquierda,543.5777,1058.5192,213.82971,550.2449,1068.4912,208.32863,550.4995,1071.2733,208.1878,551.12054,1073.6752,208.06398,549.5097,1063.4517,230.77576,549.2295,1063.121,230.86078,547.0788,1058.678,230.64363,547.6581,1085.1359,196.79196,542.2212,1068.4697,296.3942,530.6612,1070.1145,207.3888,531.56024,1060.6251,235.89896,517.94006,1100.2538,83.03613,474.36862,1059.4663,300.1062,372.3055,1100.9225,31.29319,346.84903,1054.143,286.2249,275.18118,1079.012,-59.605408,271.22073,1056.5183,250.42157,245.2151,1083.566,-85.5233,246.22511,1057.3048,249.10269,244.51376,1069.9862,-94.686874,249.48651,1054.4532,222.31042,254.83179,1066.9331,-63.42381,259.41046,1056.6512,238.41168,324.27814,1068.7103,-66.97318,306.24805,1036.2358,66.35269,426.5983,1061.5101,-155.79576,402.4588,980.64746,115.28324,269.97055,1064.2913,-229.00764,318.85358,1044.2124,-34.031475,247.53305,1075.2699,-231.78368,304.40768,1064.0656,-47.880013,204.89331,1039.5104,-233.81436,281.71548,1023.5889,-58.197514
wipers_izquierda
IMG_20241115_104247 (1) - copia.jpg,wipers_izquierda,537.0799,1082.8859,209.89871,536.7132,1084.803,209.37238,537.75726,1088.4501,209.24649,543.3847,1096.2715,209.13261,534.7035,1075.9243,228.08083,535.0068,1071.5153,228.16385,534.8096,1069.6572,227.98267,535.0631,1100.5022,209.71823,529.2425,1069.6823,292.1166,527.9126,1083.9016,206.1821,526.29,1076.0374,229.71156,504.2072,1104.4542,90.47548,460.0261,1054.2078,295.68674,374.32373,1113.7998,37.395725,344.0927,1044.7909,282.73572,275.60947,1110.91,-53.76157,267.6537,1056.4934,248.68637,247.30832,1120.8534,-69.68825,242.37262,1059.0789,249.62602,244.55908,1107.9241,-84.400665,246.90979,1059.0026,224.5739,254.43983,1102.4209,-58.125443,257.72653,1059.8438,238.3419,316.8606,1066.6542,-66.77533,296.71738,1029.9115,66.23976,440.11432,1068.0796,-140.65262,440.55157,949.686,140.27486,304.61108,1047.5648,-233.63838,372.38678,1022.0203,-67.48591,280.29062,1054.5115,-235.69678,352.65735,1041.4138,-85.52747,261.70746,1017.68744,-210.90355,359.77582,1013.0442,-83.069336
wipers_izquierda
IMG_20241115_104248 - copia.jpg,wipers_izquierda,541.3228,1100.6512,202.27658,539.55853,1095.1886,199.576,539.5282,1095.3367,199.45424,543.38885,1095.6326,199.40216,539.7366,1094.4585,213.86252,539.9561,1093.8644,213.9356,542.4012,1102.5444,213.73785,538.5026,1095.0543,183.02176,535.6206,1090.5002,244.55164,523.4172,1092.6757,193.39314,531.3774,1092.4551,211.00093,497.37622,1097.1956,65.96451,469.5127,1070.2769,245.79745,379.88022,1101.9302,28.329924,357.69183,1069.6154,232.40958,286.7664,1100.2273,-22.525452,283.10382,1082.8545,203.10922,260.25998,1112.7673,-33.026836,257.81,1084.3837,207.5543,257.64005,1103.151,-45.350826,261.0545,1086.1364,183.91785,267.31143,1098.5986,-25.581593,271.99554,1086.3824,193.8144,312.7877,1070.5193,-66.801,301.91312,1046.049,66.34471,454.76868,1075.062,-120.504,458.48608,982.0188,140.35637,364.2418,1058.1007,-179.95082,412.4764,1030.8806,-54.977966,341.67368,1063.83,-180.35913,395.59177,1043.6718,-71.20537,353.7494,1035.5085,-145.16655,412.62177,1029.7262,-59.572346
wipers_izquierda
IMG_20241115_104535 - copia.jpg,wipers_izquierda,139.63464,1029.2668,-254.61105,126.509926,1023.94965,-258.99115,126.45564,1022.0392,-259.10477,126.45871,1020.1309,-259.33997,127.60695,1030.8574,-266.46097,127.75415,1034.7762,-266.53207,127.90494,1038.6339,-266.76813,132.68056,1031.839,-235.37573,135.83978,1056.1719,-266.20792,152.56885,1036.0536,-238.53438,152.07996,1046.4934,-248.05972,200.43762,1051.4165,-194.2903,206.26656,1121.0216,-225.87622,340.38004,1066.3035,-127.8356,330.31494,1124.0598,-161.06882,396.62103,1076.2391,-103.47941,395.93945,1065.8633,-102.35927,414.273,1075.0881,-109.15445,422.00534,1060.0701,-102.24583,410.29288,1077.9238,-123.176125,418.18488,1048.7452,-117.90418,402.34598,1080.9448,-108.025604,406.74606,1050.2998,-105.4319,386.39825,1120.0527,-10.557517,386.18356,1156.2572,10.631239,563.11993,1090.6489,-107.812004,552.8727,1129.0868,-90.81843,428.4685,1107.5696,140.68585,431.2463,1133.4496,196.47874,400.41608,1114.2378,175.04254,412.71387,1129.668,236.44638,416.73096,1107.6097,286.31384,417.6946,1143.2972,357.73154
wipers_izquierda
IMG_20241115_104537 (1) - copia.jpg,wipers_izquierda,539.6829,1205.1725,51.19698,558.0712,1194.9613,62.21139,558.88153,1194.1097,62.02732,559.4487,1193.498,61.845882,558.7442,1192.4215,17.38512,560.3927,1189.6217,17.372517,562.2562,1184.4241,17.306059,565.8511,1174.5262,109.92886,568.3092,1166.3805,-94.814384,530.9615,1185.227,73.98256,528.17645,1180.5818,14.422032,538.3263,1112.14,177.12207,528.2975,1121.7604,-156.65794,511.6067,1115.5044,279.99954,496.38724,1148.0431,-136.39044,517.4319,1152.3063,301.08853,520.85046,1169.903,124.785645,521.0834,1162.6587,306.72058,525.32544,1182.7424,149.52551,523.3519,1164.1226,300.3768,534.29486,1175.7878,156.4918,520.59503,1160.058,295.98752,531.4806,1167.1035,137.25504,301.5577,1079.8461,113.306366,295.22284,1075.1794,-113.445145,181.64938,1188.5891,182.07036,188.33182,1189.218,-72.41876,111.20538,1110.1481,239.677,93.762924,1094.241,-2.8066938,111.66857,1087.0392,242.99078,93.66104,1066.1179,11.405802,66.926735,1115.9696,251.97086,32.55427,1103.1031,39.721718
wipers_izquierda
IMG_20241115_104537 (2) - copia.jpg,wipers_izquierda,542.39056,1201.7603,192.14812,562.2144,1198.8302,207.83511,562.9306,1195.884,207.5873,563.1935,1195.5989,207.40895,563.78174,1192.506,166.79733,565.46106,1189.4865,166.79308,567.1403,1186.5457,166.64069,567.2731,1178.9192,260.68015,571.4027,1168.1338,74.89633,533.2612,1188.1035,214.12749,534.8884,1184.4257,159.76562,529.1929,1112.2417,311.41818,531.3091,1121.6652,-30.623636,481.30438,1096.5635,371.37073,468.98584,1117.3877,-84.5551,472.54764,1148.2831,345.0879,475.0394,1166.2863,47.777287,470.10727,1160.4707,343.7855,472.7344,1183.579,58.937614,486.8496,1152.4697,330.8337,486.82132,1180.8834,77.61329,477.7929,1161.368,336.18854,486.07394,1171.2665,61.769585,302.09595,1076.9044,112.66397,311.17755,1068.9995,-112.68042,194.9544,1228.6421,98.64063,198.04388,1209.3383,-131.20415,82.445076,1139.5588,62.361816,85.05169,1092.6833,-165.49268,78.10123,1109.7415,51.497738,85.7296,1064.0089,-161.09012,17.355694,1148.1646,23.177328,4.214287,1082.4288,-145.8894
wipers_izquierda
IMG_20241115_104537 - copia.jpg,wipers_izquierda,544.3622,1199.5546,200.6571,559.5767,1186.4928,226.41844,559.8097,1186.063,226.1859,560.07556,1185.8209,226.09056,560.65045,1183.3387,179.23668,562.10266,1180.44,179.13075,563.7121,1177.7429,178.90547,562.8023,1166.3295,300.33517,568.56006,1159.441,87.05577,533.79034,1184.9413,228.18909,534.0588,1182.8173,166.5869,509.80588,1115.386,355.12875,516.6279,1115.6598,-41.90737,467.14984,1160.0739,352.10663,462.43008,1180.6667,-81.26767,446.92288,1193.1764,231.81555,471.91678,1230.3628,125.80078,441.43192,1198.0239,226.89003,473.29193,1248.3197,144.1698,449.72946,1199.5033,223.79936,484.21954,1241.6506,166.09427,449.34442,1198.3375,225.1926,480.80652,1232.239,143.14713,274.40015,1100.0721,107.102,287.63193,1092.9669,-107.85611,242.45737,1184.0394,226.89853,254.72716,1145.8458,-58.380493,144.21983,1167.7861,-67.82256,140.36803,1115.6447,-300.77975,132.33464,1154.995,-102.82745,136.28442,1099.0261,-318.56525,97.92576,1193.729,-141.22067,67.516266,1135.2146,-322.55234
wipers_izquierda
IMG_20241115_104538 (1) - copia.jpg,wipers_izquierda,522.44244,1213.6378,129.15689,536.199,1204.9084,140.00401,537.3922,1204.192,139.74115,538.48834,1203.488,139.51756,534.27795,1202.0702,107.19989,534.3528,1198.6848,107.16941,543.4052,1186.5159,106.87706,551.90015,1180.4312,187.87851,544.5224,1169.5143,37.88924,512.06085,1205.6409,149.97748,510.33975,1201.0731,105.84276,477.52258,1156.6578,208.41386,488.8237,1124.9884,-18.759026,425.5029,1130.3129,253.63942,444.9272,1106.1318,-119.23623,464.2261,1157.8275,226.60315,488.03534,1144.3325,-115.20192,473.3976,1161.9901,222.8398,495.24475,1155.0829,-107.057365,481.24023,1168.508,230.43294,504.37088,1151.7697,-96.08682,477.84274,1164.8788,227.92627,500.0368,1147.6565,-106.8112,266.0555,1112.9979,71.992714,282.96622,1081.9705,-72.14932,179.0438,1216.4298,-7.3368998,181.99333,1147.824,-136.51561,102.5607,1127.3136,60.26119,80.54275,1103.2062,-87.16279,103.24275,1106.8315,64.34473,80.028015,1090.5577,-75.702896,44.268078,1121.0408,25.847593,7.840526,1104.3,-103.485825
wipers_izquierda
IMG_20241115_104538 - copia.jpg,wipers_izquierda,547.3572,1212.799,102.91863,567.1821,1204.4961,122.90981,567.6693,1204.1484,122.669914,568.32574,1204.2205,122.401505,564.56354,1195.9948,78.425446,566.4628,1193.3608,78.426506,568.1447,1190.9435,78.25837,572.9632,1185.3068,207.1442,572.1169,1168.4512,5.705436,538.0565,1201.8702,138.02243,537.2669,1196.7714,79.14777,514.3192,1147.3357,276.64313,524.80383,1115.532,-74.47318,454.9181,1148.3766,355.98416,480.49817,1119.1538,-147.2652,470.9263,1163.7173,322.86966,509.69864,1150.8013,-31.244808,473.96582,1167.8771,328.5605,515.31714,1160.9716,-19.2612,484.5579,1162.4619,329.77222,524.23315,1157.638,-7.7113514,482.08206,1166.8162,321.07178,521.3017,1152.2363,-20.126463,299.14835,1096.3633,116.30766,308.976,1064.9392,-116.49973,189.72136,1213.3054,53.766838,196.27417,1166.623,-203.22452,120.670525,1139.1115,172.01202,111.14641,1119.9694,-40.251816,122.283455,1118.0464,182.14343,114.37085,1104.0142,-15.80198,68.5684,1143.0948,176.04881,43.431442,1129.3684,-1.9516224
wipers_izquierda
IMG_20241115_104805 - copia.jpg,wipers_izquierda,164.7201,1094.2803,-289.75064,140.31784,1104.6885,-301.54123,139.74149,1104.1467,-301.40286,139.60896,1103.791,-301.4027,156.79144,1101.2263,-326.54294,156.86194,1104.5914,-326.67914,156.93028,1107.9335,-326.91696,144.07149,1113.224,-267.47653,160.50117,1127.7394,-388.31866,173.27873,1111.6173,-265.75543,173.58844,1106.639,-300.76672,181.45187,1132.7683,-185.64967,208.4452,1165.4558,-298.29193,209.86136,1143.1517,-101.90936,232.20776,1199.243,-293.46664,176.28825,1153.0016,-58.1485,169.60088,1181.9846,-219.66634,165.11444,1159.3767,-43.225388,165.5864,1179.0115,-199.19734,164.25133,1156.2083,-41.81928,160.25766,1182.2592,-187.9016,169.67384,1156.1147,-54.83818,164.26553,1186.2527,-208.33586,337.3861,1041.2522,45.300354,363.2716,1062.3766,-45.696796,390.58112,975.8807,108.605896,447.81702,1030.7551,-43.89751,299.55017,1104.3237,156.56693,359.8301,1150.9064,15.521555,280.45273,1125.4823,166.2298,346.42096,1169.1625,28.55955,293.04645,1148.2937,238.91708,337.49527,1178.3851,80.10758
wipers_izquierda
IMG_20241115_104806 (1) - copia.jpg,wipers_izquierda,170.30765,1088.7324,-287.0791,164.51219,1088.5619,-301.3173,164.50943,1088.7195,-301.23178,164.53351,1088.8368,-301.2879,165.09552,1091.1658,-322.4619,165.18265,1093.4337,-322.54553,165.28459,1095.693,-322.74103,141.89662,1119.3387,-279.74802,147.17474,1134.293,-381.03333,179.4398,1098.0906,-268.44077,178.1128,1101.2651,-297.74075,184.39977,1128.1135,-182.31041,217.16377,1162.9587,-300.63483,174.50513,1141.3951,-88.50874,216.82196,1194.565,-218.24759,155.48117,1158.6469,-1.5954639,172.35889,1190.4055,-47.15711,141.44943,1175.4664,16.339817,167.48416,1189.569,-6.78418,153.79268,1162.565,28.785208,169.05412,1188.0764,-5.902028,157.4603,1163.1045,6.1457443,169.19873,1187.9357,-35.65452,319.7766,1052.7192,45.032394,349.16672,1077.3604,-45.49922,394.9965,969.71954,104.13368,460.81476,1021.7038,-55.188747,322.9944,1125.75,181.43915,373.6055,1178.1537,24.982508,296.0565,1149.4087,197.28493,353.70917,1194.341,42.455826,339.34592,1172.2572,292.04965,374.44684,1212.6442,125.55749
wipers_izquierda
IMG_20241115_104806 - copia.jpg,wipers_izquierda,139.78334,1105.3447,-248.40002,123.11361,1109.2357,-248.13376,122.68802,1110.355,-248.04646,122.4069,1111.8218,-248.1503,124.12864,1111.8147,-283.7606,124.89155,1115.2788,-283.85858,125.20827,1118.5967,-284.0139,127.796616,1127.7965,-182.71683,128.41458,1138.8168,-352.59747,155.98659,1112.1423,-215.47908,153.96791,1117.0798,-264.3753,177.0658,1125.294,-101.27667,198.12392,1165.9226,-300.21417,199.77057,1121.2979,-3.9300017,203.83078,1200.9946,-316.72665,174.66545,1155.8484,38.241127,154.44063,1197.3632,-200.60506,167.27713,1169.7386,58.54065,137.452,1200.4667,-181.19925,163.49321,1170.8387,54.887222,139.32722,1198.6548,-158.0235,166.85036,1167.0846,38.767746,139.98239,1196.667,-184.24922,343.12177,1015.4224,67.50941,362.8032,1047.0856,-67.70157,398.67938,981.7816,189.44395,433.88968,1057.7272,-56.619972,299.06982,1112.4634,273.66537,331.49826,1181.8083,-6.3155704,276.64185,1130.6965,285.78693,317.207,1198.0756,5.389681,298.8747,1158.972,351.86322,312.97305,1217.1487,35.848972
wipers_izquierda
IMG_20241115_104807 (1) - copia.jpg,wipers_izquierda,213.59302,1089.0486,-387.44415,205.39436,1082.7913,-408.36835,204.46228,1081.506,-408.2431,203.565,1080.2272,-408.28967,207.5479,1088.0929,-422.12726,207.787,1090.7421,-422.2401,208.0491,1093.3359,-422.3972,204.89934,1091.02,-399.72955,212.8814,1109.9459,-468.80444,221.30193,1096.8558,-371.57166,221.41129,1104.1136,-391.56964,217.70914,1129.1658,-300.82764,273.79825,1153.0166,-344.0693,231.66913,1126.4552,-151.58755,291.68576,1142.6191,-200.87953,196.78871,1148.5289,-47.178223,227.40965,1162.632,-31.247242,186.29333,1155.5299,-32.70473,214.85149,1163.1322,-0.96924305,187.1024,1153.6403,-33.313396,213.53503,1170.7913,-7.270918,191.78668,1155.2094,-42.69463,214.66716,1173.3702,-24.653385,310.42303,1063.8041,29.826294,354.05173,1076.5153,-29.853704,382.832,967.39374,56.047897,470.21918,1030.838,-32.326298,331.85767,1105.01,192.49284,403.3424,1145.5581,101.95741,313.5481,1126.2075,213.76468,389.3426,1157.8553,124.76014,350.22745,1137.5819,279.61957,394.5142,1174.4626,182.72626
wipers_izquierda
IMG_20241115_104807 (2) - copia.jpg,wipers_izquierda,129.27336,1101.0277,-196.66089,120.54989,1103.4828,-198.09549,119.757866,1103.643,-198.11862,118.78354,1104.219,-198.2466,122.0589,1107.035,-226.04211,122.2677,1109.3146,-225.983,122.20288,1111.8207,-226.02782,120.74376,1116.9865,-152.00717,125.58319,1126.7827,-280.19528,137.22563,1104.4921,-172.26648,137.31653,1108.4628,-209.53438,163.1201,1129.5503,-48.641506,185.59125,1157.4352,-291.76663,232.7984,1122.5898,75.7988,279.2074,1141.9215,-206.60054,242.60692,1110.2451,153.31311,265.99747,1085.0172,-34.836773,248.47003,1108.4117,174.22275,269.39877,1069.0922,-10.622707,242.12735,1108.8552,163.20529,258.76602,1072.3159,-1.2310208,240.87228,1110.5919,151.31128,257.21536,1081.3336,-22.365839,338.71393,1061.5327,98.13603,376.50113,1097.2556,-98.11489,392.1125,957.96906,197.9731,481.90152,1025.692,-129.51707,355.83975,1095.89,281.2583,420.53534,1173.7682,-29.345064,334.81284,1117.7422,294.67776,399.57193,1195.6682,-9.603793,383.4826,1129.3148,395.447,424.55084,1198.368,81.13818
wipers_izquierda
IMG_20241115_104807 - copia.jpg,wipers_izquierda,217.64445,1089.4393,-393.48453,210.54384,1085.8069,-410.77814,210.20764,1085.8563,-410.63544,209.93092,1085.8794,-410.62546,212.97523,1088.5186,-426.83075,213.69815,1090.594,-426.9941,214.42303,1092.6259,-427.1719,215.7234,1099.8284,-394.81143,224.09642,1110.2498,-471.5542,228.74754,1098.8217,-376.2517,228.38258,1102.7294,-398.81836,240.13092,1141.4968,-300.41336,284.38144,1143.1183,-363.186,209.09477,1150.6742,-208.26686,272.39096,1149.3562,-316.92783,191.77455,1166.6573,-163.74109,204.84715,1175.3875,-238.72119,176.9596,1188.2032,-160.4909,190.3039,1176.1389,-235.36395,191.3111,1170.5754,-160.57709,191.78955,1184.9535,-230.73344,193.70798,1169.6907,-161.93599,195.39775,1186.5762,-232.84006,332.36526,1049.4338,23.613813,358.75952,1053.4655,-23.76832,382.826,992.26746,-14.510038,456.30212,1026.6802,-87.66763,333.128,1122.0975,71.69871,401.4585,1148.4539,8.246308,324.77197,1140.5768,85.997955,393.1311,1164.6991,24.241655,336.36194,1168.5748,125.51055,386.19775,1187.2487,63.776863
wipers_izquierda
IMG_20241115_104808 (1) - copia.jpg,wipers_izquierda,296.2998,1127.2644,-378.76288,300.85635,1126.7959,-412.32385,299.92044,1128.9589,-412.21634,299.07,1131.1194,-412.4159,306.6043,1122.2859,-406.01447,308.73236,1121.065,-406.14124,310.75165,1119.8733,-406.3737,301.67343,1138.2881,-452.77713,321.51227,1124.6273,-426.3847,295.07086,1134.7792,-379.50763,300.3528,1129.9077,-371.80597,297.87933,1147.2542,-370.2927,317.74115,1114.2355,-344.09308,307.03964,1127.8413,-248.93288,245.21533,1066.8572,-240.02597,301.58313,1130.006,-207.49329,198.19507,1075.0713,-253.27357,296.0547,1135.6101,-228.94334,186.51021,1077.4307,-277.75473,296.8776,1126.8776,-248.41043,189.73401,1077.5975,-291.55856,300.26175,1127.4337,-214.82281,194.60115,1082.081,-258.05844,297.14154,1138.912,2.6615021,321.8098,1124.5618,-2.6809776,259.6816,1046.0707,207.89708,349.76794,1024.0984,180.4358,255.40826,1114.6553,478.213,309.09967,1114.882,491.1902,256.5861,1132.2765,511.90408,303.6065,1136.9695,527.4003,249.37445,1108.2958,561.6328,299.9403,1110.6937,575.0485
wipers_izquierda
IMG_20241115_104808 - copia.jpg,wipers_izquierda,190.76274,1081.0182,-321.4301,166.72392,1093.4305,-337.61395,166.84512,1092.7083,-337.4985,163.58351,1090.0804,-337.55963,167.4662,1098.057,-362.66647,168.17035,1100.2552,-362.8054,169.19272,1102.2603,-362.9789,169.17847,1101.4932,-318.7733,186.8205,1114.9312,-439.61182,198.1884,1088.9403,-301.9787,198.52791,1094.8677,-337.11038,195.41486,1132.8829,-223.92003,234.28752,1161.4968,-357.5234,218.83467,1146.5947,-87.394424,244.37946,1182.8848,-262.4309,187.02872,1161.25,5.5602903,170.13329,1186.7545,-73.72553,177.88805,1168.5929,24.950096,171.91025,1181.953,-40.99303,178.79333,1166.8333,26.262045,169.62955,1183.7639,-32.686653,183.65253,1167.3168,9.52952,172.11336,1187.1454,-59.802982,316.7505,1053.2325,52.954826,356.0737,1074.8412,-53.15311,384.588,957.2094,130.0393,469.86136,1035.4291,-86.73939,336.51077,1113.2156,238.07137,393.012,1177.1311,-9.642943,315.32532,1139.0253,255.24046,374.25797,1194.706,7.4257364,366.19937,1155.0463,341.1328,387.3753,1210.3383,72.64275
wipers_izquierda
IMG_20241115_105126 - copia.jpg,wipers_izquierda,528.83856,831.33575,-235.85245,535.15814,824.7395,-264.33282,534.8981,823.0793,-264.3773,533.16974,819.7229,-264.5142,536.0298,828.5032,-260.6273,537.0913,832.39197,-260.77216,537.5526,833.44794,-260.91013,520.9334,818.3413,-318.04,521.3834,848.7318,-301.78638,517.52747,832.28406,-245.7649,517.58514,839.5309,-241.15845,458.80344,816.1747,-273.1361,466.93192,900.8005,-240.99983,380.08585,810.8804,-134.61418,396.0886,889.87317,-94.49035,431.14178,807.4706,0.47107908,422.6389,868.32544,61.561207,441.14648,796.9593,4.7095757,426.61484,869.92664,69.92797,452.2302,809.3679,-5.694606,434.24612,859.0741,57.152996,448.1791,816.01746,0.9787209,432.39987,856.29,60.536636,292.41043,838.4183,-41.266956,306.67004,881.0426,41.000446,249.44034,831.9365,135.63264,259.0126,880.7792,275.53693,197.82047,887.1919,299.2677,208.3852,895.56696,419.62292,186.52429,905.35376,319.58838,197.6846,904.7934,437.84152,195.71973,874.7052,334.3952,199.77086,868.80994,458.58267
wipers_izquierda
IMG_20241115_105127 - copia.jpg,wipers_izquierda,523.1334,857.818,-239.60631,525.9181,847.50433,-277.34036,525.41095,842.4185,-277.33984,524.8749,837.3505,-277.38104,525.04407,862.32166,-278.00037,523.8002,866.94617,-278.11908,526.56006,854.62915,-278.20886,509.0901,825.12054,-339.7896,516.6479,861.42114,-344.65958,511.48517,850.5706,-247.51247,510.3718,864.9932,-249.00464,454.28833,782.5554,-263.98364,446.95773,914.58704,-294.3583,411.54218,791.12244,-69.615776,419.70972,914.87744,-111.10883,461.68478,822.2735,83.05979,474.17365,876.21497,79.612595,469.82074,816.51294,92.890045,481.0164,876.78644,84.90669,473.99628,829.3474,73.09581,486.2195,860.9584,63.748695,468.24478,835.36865,81.80522,481.7201,856.01917,75.84221,297.92206,824.1265,27.594934,289.6292,890.37103,-27.700396,248.65094,856.4044,331.5302,213.42442,897.54736,244.72295,170.05302,888.0686,582.2639,141.00685,907.05756,486.58237,149.74982,890.0691,612.74634,125.95867,905.5667,516.8672,171.66443,914.6802,629.2512,137.41405,921.0336,520.89996
wipers_izquierda
WhatsApp Image 2024-11-15 at 11.25.01 AM (1).jpeg,wipers_izquierda,374.27518,779.2664,135.79706,375.9743,774.8876,125.245094,376.00458,775.8126,125.07512,375.8628,776.42664,125.07643,374.67035,773.29987,114.89134,373.10107,772.1453,114.927734,371.68335,771.2489,114.79477,366.7365,772.62585,99.692,363.48297,770.1317,51.142166,371.09448,785.7626,132.45442,368.4249,781.8238,118.11721,283.7391,816.25134,98.24458,380.82117,789.73987,-7.6351876,198.6664,839.0378,61.925888,468.2335,827.634,-82.64443,119.52383,860.9951,-22.5428,565.6772,845.37836,-63.91284,95.278114,870.47174,-51.126236,584.9305,850.839,-69.32486,93.72151,865.5863,-26.627056,581.4393,843.6109,-72.79944,107.51776,861.49786,-16.312016,567.19934,848.83374,-64.08378,376.35297,909.21173,88.1119,406.70654,892.7654,-88.78696,466.20877,845.7986,188.09889,505.293,793.6166,-44.29956,517.1305,945.68884,72.9194,525.3971,926.87933,-79.437195,513.735,963.06287,61.635002,509.66528,947.3577,-75.601685,568.15314,970.243,27.4912,582.89233,973.4375,-60.871067
wipers_izquierda
WhatsApp Image 2024-11-15 at 11.25.02 AM (1).jpeg,wipers_izquierda,388.63626,786.11536,354.5586,389.87604,782.2743,392.33173,391.3795,783.7896,392.26566,392.7046,785.00433,392.2165,382.23715,775.72595,369.32996,379.21933,774.17474,369.286,376.35526,772.8644,369.0929,384.42532,784.81885,509.03992,366.4443,773.80493,401.8654,386.53094,794.272,392.42752,378.11624,789.1592,361.40848,373.42215,843.6883,511.5058,329.33487,783.692,295.3996,429.8782,902.6376,414.7363,294.05173,831.0029,186.45575,500.45294,940.4374,249.04037,254.6072,899.61084,131.7485,521.80164,950.891,230.92804,239.5159,915.1743,122.32045,515.0952,948.18274,214.25299,246.30069,917.2088,95.255005,505.3711,946.8879,235.94113,253.91284,917.61115,120.33413,396.6014,941.31226,106.53158,376.3593,913.73566,-107.290306,503.41016,872.6517,118.61556,497.71393,824.06366,-215.55618,515.776,972.1561,-145.0365,526.6274,946.5857,-392.05792,502.61374,993.4584,-179.0471,513.03143,967.0781,-408.75195,556.7547,991.3879,-238.11778,575.9149,988.24896,-454.82947
wipers_izquierda
WhatsApp Image 2024-11-15 at 11.25.02 AM.jpeg,wipers_izquierda,374.04114,771.6311,403.14722,379.19928,770.5323,450.10397,381.93164,772.2777,450.10413,384.55765,773.9878,450.10257,369.901,766.38904,432.13647,366.70444,765.6598,432.06747,362.6677,765.38184,431.95453,380.3436,779.36597,587.70807,351.5736,770.5073,504.39276,376.45422,782.35864,444.28732,365.39502,777.87915,420.0013,396.2216,842.398,562.5552,290.8168,789.6747,402.9561,482.4348,873.5514,404.91498,170.05849,816.7445,268.96964,572.086,888.4943,167.36732,57.51583,831.839,233.71193,600.7198,891.5454,144.5417,25.508022,833.4498,232.62334,591.62726,890.52136,126.52335,22.959923,837.3575,206.96773,577.6468,891.80914,150.61127,39.65103,837.35114,221.71196,409.25687,920.3931,103.4127,364.45496,909.2638,-104.01871,526.79565,852.81555,-49.772137,488.9361,804.3876,-329.92636,519.1507,984.05566,-510.94635,537.2973,949.37683,-700.83154,503.17456,1011.3518,-567.67883,525.304,974.0912,-739.7282,567.1034,1011.98883,-667.7375,587.0961,1000.27637,-806.86884
wipers_izquierda
WhatsApp Image 2024-11-15 at 11.25.03 AM (1).jpeg,wipers_izquierda,389.61267,787.16644,352.4568,391.8082,784.6112,387.5774,391.8481,785.7526,387.50778,391.7416,786.6,387.43817,389.3521,780.8784,370.8922,388.147,779.688,370.85632,386.07935,777.58795,370.6762,385.47684,788.7601,483.69995,376.91162,778.9755,403.1646,385.86465,794.0719,379.7617,381.82755,790.17645,356.5447,384.9318,843.47266,449.2541,321.58075,796.1728,302.91998,435.50894,888.75146,341.9974,286.97052,848.31635,181.21606,488.8337,911.4051,142.94598,262.12204,935.2947,109.40931,505.62643,917.2567,110.83822,249.67654,952.50574,102.58308,495.7472,916.0762,102.33923,258.33673,961.49115,72.56436,488.06238,914.9581,131.73184,266.1903,959.9171,95.903114,404.13803,921.1406,83.691414,392.62128,897.9354,-84.39074,516.8516,872.5434,92.79106,522.5079,816.2855,-144.13617,549.77136,982.93384,-294.80576,551.791,953.5159,-468.42685,541.9514,1006.0285,-341.79092,538.8447,972.31116,-500.22156,603.9648,1009.7886,-421.07617,594.4599,1020.71094,-550.0592
wipers_izquierda
WhatsApp Image 2024-11-15 at 11.25.03 AM (2).jpeg,wipers_izquierda,381.53354,785.46436,307.93155,384.76697,782.4147,348.05508,386.58804,784.0952,347.96893,388.5819,785.6151,347.9143,379.2159,777.37805,332.50897,377.21423,776.0641,332.43225,374.77136,774.9147,332.26144,385.23233,788.4973,471.77103,368.0528,776.9736,396.48114,382.0878,794.8373,344.75485,375.2934,789.6469,323.11716,391.78644,844.07263,440.37912,314.5429,796.8087,322.78394,424.35455,905.3854,301.33215,209.55312,816.7147,238.8276,461.46194,946.28455,61.70532,87.68566,832.5495,188.52977,478.0985,959.6905,24.614794,62.69522,838.0749,184.64061,464.87262,957.4582,13.453052,122.78846,880.9342,152.52863,455.4078,953.0322,48.765972,78.40966,844.7125,173.51704,401.30835,937.9607,81.17951,378.95145,893.07056,-81.998314,539.9237,886.86597,63.650146,528.1624,838.9466,-143.04176,550.6722,1010.4599,-239.03523,550.5376,966.6478,-381.19,538.0764,1033.7053,-274.51477,533.1327,985.74097,-400.7234,600.97595,1049.1016,-339.66724,596.3544,1031.97,-416.78683
wipers_izquierda
WhatsApp Image 2024-11-15 at 11.25.03 AM.jpeg,wipers_izquierda,385.75293,784.6115,246.46149,385.99545,778.3709,281.23624,387.08328,780.5061,281.16302,388.10394,781.93414,281.0872,381.45786,774.0243,259.62115,379.16092,772.6486,259.58752,376.87366,771.4489,259.42657,381.85825,783.11194,399.0263,366.23788,771.16406,297.57968,383.41486,795.32324,285.67233,377.8463,789.9558,256.4982,378.2966,842.00244,415.07297,325.47977,790.4508,217.71793,435.71463,895.3018,323.26932,275.80426,833.8197,137.05,496.30493,937.4914,141.29984,229.40958,901.0098,94.98518,516.8305,949.6774,119.55139,211.0858,915.0476,88.746475,506.26,947.6645,103.668106,219.58664,919.26636,53.90055,495.99924,945.87823,128.34447,228.66652,920.24646,80.46026,392.6006,945.4682,95.78311,373.62527,924.1189,-96.684654,495.48785,871.3629,163.13318,510.65796,824.6833,-149.71112,516.15,971.4441,-45.81573,528.53754,948.5178,-245.21733,503.1848,991.67566,-70.17355,512.2622,966.1529,-249.24571,559.70874,995.28613,-107.146126,578.70154,998.41315,-245.78798
wipers_izquierda
WhatsApp Image 2024-11-15 at 11.25.04 AM.jpeg,wipers_izquierda,387.01782,762.4633,190.14598,391.80542,761.9877,227.27138,394.0766,763.46674,227.17274,396.22903,765.0563,227.0132,383.99973,759.7704,218.9284,381.37927,759.75,218.83746,378.77722,759.937,218.72112,391.9703,772.8866,344.7062,368.6405,767.4993,301.2787,387.56186,773.96826,224.87927,378.14383,771.28107,211.86327,423.41217,832.48865,302.17587,298.93396,797.56805,255.63077,513.2566,857.8106,150.03253,181.8571,821.95764,131.70837,580.8299,905.01074,-81.33136,70.08595,839.97974,11.253819,604.4432,905.2317,-115.00473,34.997032,842.01416,-10.154852,595.16254,912.891,-134.4696,32.208782,846.0056,-36.87959,581.1774,913.732,-97.9996,47.1286,846.1469,-7.77969,442.1942,923.19,57.843246,381.84274,901.1285,-58.132957,543.73914,857.0051,-131.87276,489.74905,821.48254,-306.09372,545.7925,988.45325,-333.2885,575.54504,938.35925,-456.45096,531.90137,1014.0796,-354.26224,573.3521,960.06836,-466.0957,585.5988,1019.23956,-443.32285,648.23926,958.6636,-534.9099
wipers_izquierda
WhatsApp Image 2024-11-15 at 11.27.14 AM (1).jpeg,wipers_izquierda,418.60205,843.27997,-487.62323,417.5097,849.9487,-503.77078,417.30954,850.1004,-503.69058,417.38083,850.2534,-503.8691,426.5235,856.4977,-495.6675,428.03513,856.536,-495.8284,429.52603,856.64667,-495.882,410.47934,858.89215,-472.38718,424.63248,862.24677,-439.40668,411.28778,844.3412,-462.9245,411.05347,842.5194,-453.2796,359.0607,837.68884,-388.25052,415.73935,877.1465,-277.1066,277.8453,822.366,-358.8163,428.0319,850.1541,-133.13281,183.4658,824.0779,-415.10834,466.69666,825.7605,-42.917377,155.72572,834.97754,-448.87265,476.4773,825.219,-32.07165,158.28824,824.47174,-476.9498,475.36438,815.1455,-62.313942,170.58952,820.0921,-428.8135,468.3442,813.83453,-49.952244,265.04776,820.028,-57.309692,285.40662,847.1654,57.365704,409.58096,702.86145,-86.47945,317.66702,810.6505,147.63437,416.55325,771.5786,111.57438,249.14815,797.1444,295.15393,409.2626,786.81287,137.74135,240.60709,800.07513,315.17496,441.1881,774.509,215.99686,230.09654,782.13617,365.06683
wipers_izquierda
WhatsApp Image 2024-11-15 at 11.27.14 AM (2).jpeg,wipers_izquierda,315.35596,717.8689,335.36633,328.8523,716.8557,369.7587,330.1221,718.1417,369.75128,334.11407,720.1825,369.79385,321.685,714.33044,378.72232,321.44843,714.8052,378.71915,317.94675,715.1807,378.6789,339.653,731.28284,473.64276,317.71,724.8953,512.9613,315.46176,726.0926,363.1859,311.07364,724.6998,374.53186,381.6622,776.5714,434.28302,271.0715,768.07526,503.45798,440.82184,802.94073,303.21198,166.4772,799.4877,427.75903,508.29074,810.3303,121.55962,74.590065,829.0071,357.53006,527.85944,812.26587,104.394554,47.724266,834.13745,367.73883,526.3783,810.9826,76.87558,48.763226,835.3484,347.3964,513.7765,809.33545,106.62495,61.131447,835.03485,351.14075,354.6598,850.27856,-12.584949,292.06296,855.7466,12.141353,421.837,714.9675,-278.19275,347.01724,780.408,-158.6895,359.48495,809.0634,-585.6759,366.6462,814.84656,-358.85324,336.63956,823.93933,-629.8685,368.82095,828.0175,-388.03064,349.93997,813.9557,-733.3469,388.39236,801.1258,-453.2138
wipers_izquierda
WhatsApp Image 2024-11-15 at 11.27.16 AM.jpeg,wipers_izquierda,347.9242,713.07794,25.20144,350.20245,709.2883,38.075653,351.95193,710.1565,38.055435,354.4646,711.3705,38.0196,342.44046,706.8167,42.3139,338.89343,706.1368,42.308155,335.18195,705.4117,42.192364,351.02673,715.1179,86.77474,325.85925,709.4434,108.97699,349.13196,721.8793,42.19178,338.63663,720.32153,48.3797,381.05045,761.2273,121.864075,290.8205,755.0009,100.423485,436.65402,799.51025,142.00179,190.76532,795.81274,84.69933,489.93457,814.02905,144.4265,87.988556,830.98914,85.296684,503.56778,821.0828,152.52068,69.119156,833.6706,89.09239,498.39615,817.52295,127.36202,65.805916,840.1645,55.198376,490.0006,819.96094,135.81529,115.02826,841.2057,72.533714,328.98334,830.6996,24.475183,283.39365,827.819,-25.032797,425.68408,765.57605,31.343487,359.51895,753.20526,-1.5452684,382.13394,803.283,-1.5142686,375.56354,788.70856,67.48103,366.04483,813.28455,-6.165883,370.84277,807.17535,76.9966,392.23157,801.25867,-50.08815,408.68875,771.04333,67.06717
wipers_izquierda
WhatsApp Image 2024-11-15 at 11.27.17 AM.jpeg,wipers_izquierda,424.80954,841.19836,-310.8062,430.92053,843.5464,-318.84613,430.99695,848.76746,-318.69714,431.73114,849.3634,-318.72055,430.12802,840.4888,-303.74857,430.19904,839.5183,-303.85284,431.10513,833.8434,-303.94763,431.05597,857.177,-295.53638,428.32745,843.42346,-225.53485,411.23016,845.7178,-294.48557,410.87283,837.75366,-274.83438,409.10614,878.1554,-262.1342,392.30722,841.68365,-129.88539,462.13458,872.0068,-285.69684,343.11307,773.7136,-84.044174,483.26257,832.17126,-235.85878,317.81754,737.57336,-143.00131,468.3108,846.5372,-257.38406,321.5401,728.87177,-160.08392,462.0488,838.9631,-259.44858,329.50702,733.39,-186.66357,457.30792,840.0128,-237.83157,329.90207,737.083,-153.73622,275.01724,847.0936,-58.11053,276.6682,837.40076,57.627453,430.37875,735.8182,23.937117,312.4341,793.1295,174.67114,456.47653,802.45575,189.91948,289.38657,801.00885,236.55176,443.71954,807.1835,209.4823,285.7141,803.4889,248.00293,525.8451,808.8036,235.39328,291.8642,801.0665,263.94327
wipers_izquierda
WhatsApp Image 2024-11-15 at 11.27.18 AM (1).jpeg,wipers_izquierda,440.33386,843.07056,-211.96246,442.55435,855.8961,-210.36119,441.8852,859.2965,-210.26782,441.15823,862.6903,-210.41998,444.32156,846.8312,-210.10992,444.96405,843.57324,-210.1919,445.60934,840.3539,-210.33928,437.65018,868.5298,-150.61906,444.1515,836.86926,-149.26996,431.86053,843.7018,-183.74988,431.56537,835.5089,-184.08025,411.4012,880.85236,-108.650894,426.53528,815.7521,-93.89931,421.3032,891.65344,-147.98128,417.65512,770.14636,-154.92763,452.39948,878.62683,-165.7362,465.1232,787.7357,-263.31534,456.438,875.376,-175.28673,474.82825,791.13275,-281.43344,458.68112,871.5757,-169.2843,479.51544,798.39417,-278.2348,455.1319,870.7837,-163.69757,475.0175,798.9436,-262.4598,292.5087,852.7887,-23.155884,295.66193,826.831,22.644514,421.37503,789.6256,-3.5900903,290.10327,779.736,3.9473178,417.3642,812.64233,56.335133,183.74907,830.6204,-92.55896,403.43564,819.32495,67.122536,170.94289,843.77106,-96.98414,455.24893,791.4572,107.582634,156.3041,835.90564,-95.99479
wipers_izquierda
WhatsApp Image 2024-11-15 at 11.27.18 AM (2).jpeg,wipers_izquierda,428.37836,834.94147,-303.43103,433.64212,833.4398,-339.4363,433.4193,833.33075,-339.3067,433.19907,832.8152,-339.3662,433.8984,836.6516,-318.656,434.08917,837.1089,-318.7856,435.17053,837.5178,-318.85947,429.61676,840.62897,-408.07065,428.48972,850.70306,-312.5365,421.44897,836.3827,-316.8329,422.17004,837.5342,-289.1926,388.12958,831.76074,-375.80182,410.50638,904.1941,-232.20699,441.03778,767.07227,-353.37775,441.45477,823.0222,-104.50003,492.40207,800.54785,-312.04068,473.95767,782.1827,-94.90432,481.35605,797.60443,-353.82306,481.56836,778.0857,-122.606186,478.44965,807.798,-379.14896,479.61606,775.97986,-153.55415,475.51047,807.6877,-325.20255,473.32745,774.07104,-107.937744,289.49115,816.8214,-72.778534,283.11795,856.93835,72.80364,418.23895,714.72284,-1.5579128,338.82736,773.4738,217.0555,341.0912,747.4769,265.04565,272.97372,765.24963,543.22845,319.70453,761.011,297.0108,261.18677,773.20184,581.3831,353.9419,725.916,350.74026,272.44812,735.08923,636.868
wipers_izquierda
WhatsApp Image 2024-11-15 at 11.27.18 AM.jpeg,wipers_izquierda,409.94934,850.8627,-51.372124,414.9874,858.79016,-59.58737,415.65735,860.92596,-59.44854,416.27057,863.04114,-59.45336,412.93338,854.5454,-48.243767,412.4261,853.39624,-48.29664,411.8934,852.3351,-48.412632,414.6216,871.3374,-54.823784,409.10825,856.33105,-4.493427,405.8131,853.3916,-43.133926,404.24033,848.03577,-29.332386,409.23938,869.9857,-71.88995,382.80563,853.2296,58.35329,459.66202,824.7147,-66.79098,361.45132,786.85944,69.74488,514.25525,798.7167,8.319881,378.3068,764.2577,22.784992,529.9545,797.6389,6.077451,380.96002,761.4422,24.921638,528.1779,804.0227,5.7683873,383.95148,762.5186,17.061554,523.94226,803.3804,11.040673,381.8942,765.5033,20.375797,296.50464,840.433,-42.787277,281.48328,830.55914,42.292107,442.00934,784.96765,-33.516335,300.80157,776.6266,86.88451,435.02713,798.74817,22.33512,231.2491,785.23755,133.07916,417.25928,799.0109,31.384396,220.73544,792.00903,142.73724,473.61392,793.5154,55.369175,214.88995,770.99677,170.88641
wipers_izquierda
WhatsApp Image 2024-11-15 at 11.29.14 AM.jpeg,wipers_izquierda,200.11493,755.7624,26.18414,192.79976,751.9105,23.163954,190.63112,749.76904,23.097178,190.2796,740.19745,23.023382,193.7864,754.122,41.821667,192.88887,754.4468,41.821487,193.60645,755.7643,41.74151,195.62193,725.32874,42.452957,198.80092,746.4934,133.67259,211.96893,749.9164,35.10539,212.01465,754.39874,61.039856,247.54854,682.4208,34.066353,240.56325,766.7993,152.50401,270.55954,675.27344,-180.25339,247.45438,801.3884,85.659485,231.93619,721.9091,-343.09793,195.28966,834.49713,-69.53344,224.22128,723.25574,-373.25732,179.90707,844.10486,-84.34322,216.75581,725.0775,-355.78857,175.5365,845.7535,-106.8521,219.82196,724.1775,-339.7867,182.89679,841.43097,-83.12287,388.59442,756.9789,-36.263554,368.28497,801.71375,36.047882,335.01367,714.0824,-206.6579,284.99615,786.4646,-104.09287,248.62164,773.70044,-436.54584,301.17953,800.0493,-382.20984,245.94434,782.9294,-457.98453,317.21616,808.97253,-409.71924,160.24097,781.5913,-515.6139,260.97037,774.99133,-486.0103
wipers_izquierda
WhatsApp Image 2024-11-15 at 11.29.15 AM.jpeg,wipers_izquierda,267.30826,690.46875,500.56323,266.37598,686.9184,524.33716,267.69608,685.9473,524.3752,269.06387,684.98114,524.32495,261.63525,690.76245,516.28894,259.85056,692.10016,516.2527,258.1108,693.4527,516.0174,271.82053,684.4843,570.56775,255.12363,698.437,535.7563,272.99918,691.84625,511.58325,267.82632,696.3632,501.1312,310.57706,689.5625,487.68805,245.96011,735.7245,457.8598,372.13977,711.7074,492.20374,235.94582,790.86646,394.82178,404.2249,711.0176,510.8838,191.37173,819.1334,397.97415,412.81485,710.6886,523.5947,175.61032,827.1704,419.64087,406.83325,707.9905,515.95404,173.66719,828.4238,402.6361,398.03107,706.46265,507.13208,180.45335,824.6646,393.32547,395.36777,759.5953,8.503424,336.6934,787.248,-8.84408,432.5277,723.3676,-223.28856,223.89691,745.6019,-63.911472,393.39386,730.5511,-497.93042,252.55028,764.6589,-480.0512,392.72592,740.31165,-527.43207,279.0798,775.3046,-521.35565,362.25946,729.27954,-542.5736,214.60657,756.5398,-555.8918
wipers_izquierda
WhatsApp Image 2024-11-15 at 11.29.16 AM.jpeg,wipers_izquierda,291.96127,712.2592,400.8249,296.75977,704.85925,414.01144,299.02542,703.1892,413.8757,301.28534,701.53046,413.8427,291.8231,708.7613,422.2097,290.46585,709.83057,422.13907,289.24878,710.9052,421.89606,312.8072,696.0389,441.09412,294.05933,711.1455,475.34134,299.1148,711.27386,406.46307,293.12094,716.07635,415.47385,338.73135,704.12604,332.11993,296.33447,737.75476,448.34033,422.30096,735.3783,314.3392,299.658,794.84375,382.06067,440.7529,727.90137,321.68674,293.1049,798.6896,342.51968,457.2799,722.50665,322.48975,293.9474,798.82513,356.91196,448.3385,718.06854,314.11563,287.29648,793.87256,347.8695,453.41678,714.7767,319.34787,287.18378,793.88184,339.00674,387.36295,759.92017,-42.19063,353.76938,793.89764,41.91609,321.86856,703.9656,-224.78015,224.51993,722.37427,125.33865,306.38025,761.12177,-452.01364,279.05017,788.1029,-193.30833,318.70425,784.27637,-472.53638,307.71625,803.375,-225.55733,260.8285,763.0832,-487.678,255.57147,787.5027,-251.27386
wipers_izquierda
WhatsApp Image 2024-11-15 at 11.29.19 AM.jpeg,wipers_izquierda,579.9197,785.82367,-132.74251,589.3622,779.6787,-167.55199,590.1015,775.6669,-167.64777,590.7818,771.6903,-167.70131,586.777,789.51184,-176.37431,585.7726,792.4763,-176.47308,584.7239,795.49133,-176.69128,584.98334,759.3209,-241.52676,576.0465,794.01306,-284.02246,571.18866,777.7233,-147.93451,569.4211,788.1451,-160.3331,549.44165,723.229,-195.42,509.43698,792.84827,-285.17258,542.2887,736.1719,-34.229454,471.11707,808.46826,-230.83586,568.181,762.6501,77.18966,497.77893,801.26373,-194.45325,579.067,754.9376,69.97325,501.6941,801.8342,-223.72452,579.1565,763.44507,49.664066,511.9794,792.59827,-236.85255,573.3712,771.2189,70.77772,510.40808,789.78754,-200.91183,370.76743,735.7091,38.706604,353.84323,785.8635,-38.86857,353.83112,738.49365,373.38217,383.69446,798.23157,303.80533,304.33685,730.75995,725.61487,340.38205,755.402,680.1116,295.9836,728.4488,764.4164,331.12076,744.95416,720.81006,299.45197,732.5547,772.8026,341.90814,752.5768,744.10364
wipers_izquierda
WhatsApp Image 2024-11-15 at 11.29.36 AM.jpeg,wipers_izquierda,611.9164,792.3131,-189.95763,618.7882,785.0013,-218.58888,618.3965,780.84863,-218.64563,617.9436,776.7191,-218.70572,618.04407,794.7777,-230.26611,617.1456,797.2062,-230.3643,616.20667,799.73413,-230.47578,606.85925,761.7347,-264.91837,603.4701,796.08923,-320.56842,599.65063,782.97845,-194.4994,599.4642,792.8287,-210.56967,549.1595,721.05115,-205.1444,538.1548,798.68164,-305.55762,497.2619,724.5989,-16.780031,496.8702,807.3571,-247.67928,505.29483,760.09247,105.73355,533.9178,795.5958,-176.78197,506.34338,758.9989,105.15672,540.97736,798.6974,-193.82924,507.90988,765.89813,82.09309,548.1176,790.0209,-204.18307,506.53055,769.7234,99.53239,544.3268,785.7439,-179.61653,382.5545,735.17395,28.390877,382.55304,788.5902,-28.370483,327.07736,733.36743,339.54184,379.34048,792.072,301.1199,263.6052,729.1309,650.32275,331.20258,759.41223,643.47406,247.1768,726.67664,684.95233,317.7563,752.1433,682.02594,270.79083,728.76404,692.22705,342.709,757.2999,714.1497
wipers_izquierda
WhatsApp Image 2024-11-15 at 11.29.38 AM.jpeg,wipers_izquierda,601.8004,803.6245,-164.0505,610.76,797.2981,-182.85915,611.4881,794.03253,-182.91255,612.1854,790.7553,-182.97276,608.0518,803.4147,-202.64201,607.10657,804.38605,-202.72859,606.1307,805.41785,-202.84698,606.9781,773.69604,-201.72067,597.88635,795.6218,-293.10748,592.64557,794.0079,-160.04948,590.7579,799.8691,-186.44781,560.1675,728.1659,-132.06381,526.9184,792.0807,-299.67108,521.4171,737.7262,46.95928,472.2368,806.2739,-327.24713,529.82874,773.7713,163.64507,503.00937,816.8586,-363.4799,533.3082,772.75854,165.02333,507.13123,824.538,-402.5587,534.99176,780.474,142.02953,519.87494,817.68115,-403.86774,532.7638,784.36615,157.33664,518.49426,811.8141,-366.30963,389.3268,748.0144,54.14764,377.947,784.7717,-54.351837,343.07663,735.1667,398.40707,403.4201,808.2604,272.9085,279.33423,727.27734,714.6921,358.45517,763.7326,632.13586,266.1081,723.19434,750.3092,345.5434,752.001,672.7862,274.77582,735.2472,766.306,366.56647,764.9867,716.2666
wipers_izquierda
WhatsApp Image 2024-11-15 at 11.29.46 AM.jpeg,wipers_izquierda,590.7267,777.3571,-204.87753,598.0223,770.83704,-238.12761,597.8641,767.2969,-238.18051,597.705,763.746,-238.2323,597.35,779.552,-246.40744,596.8026,782.197,-246.54196,596.27466,784.9283,-246.68959,590.7391,753.014,-292.71082,588.63043,784.2203,-331.57788,581.02277,770.5045,-211.2816,580.9364,779.7407,-222.49019,548.6365,714.93097,-238.105,532.37994,795.9778,-306.05377,484.96597,725.7549,-70.047005,469.4403,806.1638,-202.60349,466.7023,762.23096,55.327824,474.45523,806.5888,-101.67757,462.82782,761.1609,52.938892,473.6001,812.3011,-115.63591,463.2435,767.28503,34.05539,481.36862,802.75854,-127.4597,463.28397,770.91003,50.553326,480.6477,797.96014,-105.236,380.9956,745.56274,29.825476,379.8698,786.93787,-29.929691,351.39938,729.07135,366.80762,390.2085,788.66583,307.58,297.18332,723.47894,690.1514,330.64667,754.13446,647.5922,282.7673,722.1968,726.6503,315.52863,746.60767,685.405,305.6228,719.4083,740.5461,340.83844,753.8323,709.92944
wipers_izquierda
WhatsApp Image 2024-11-15 at 11.29.50 AM.jpeg,wipers_izquierda,321.079,719.3372,316.96817,314.64038,720.29565,325.9862,314.60062,720.008,326.0257,314.71002,719.558,326.0791,313.69095,722.13745,314.774,313.12238,723.186,314.6923,312.76056,723.9219,314.51514,315.57004,722.39014,336.85144,310.26715,727.66473,285.12918,324.14963,720.90295,319.8661,323.56683,722.8247,304.7541,349.29575,737.8376,302.8571,328.1583,729.5642,222.21022,392.228,724.7788,330.6081,358.81854,742.07104,212.68025,405.961,719.08136,375.38184,349.91257,759.7153,298.6553,411.4824,719.3814,384.756,346.3404,761.55664,317.6919,407.6361,718.32996,391.93167,347.54163,768.25714,319.64725,404.26785,718.64386,377.8581,349.02182,767.23694,302.33405,428.2473,747.64404,32.372387,416.7087,735.53314,-32.737934,491.27603,758.563,-25.432768,483.81454,720.15405,-110.47965,573.5223,773.69727,-188.46397,574.8827,760.9174,-265.95456,590.0903,779.6123,-210.90216,591.0874,774.60596,-285.35303,589.4806,771.1456,-260.8597,597.22186,755.4946,-337.11407
wipers_izquierda
